	class	confidentNormal
AAACCTGAGCTCCTTC_5_1_1	tumor	NA
AAACCTGAGTGGGATC_5_1_1	tumor	NA
AAACCTGCACGCTTTC_5_1_1	normal	NA
AAACCTGCATGGATGG_5_1_1	normal	NA
AAACCTGGTAGCTTGT_5_1_1	tumor	NA
AAACCTGGTGTGACGA_5_1_1	normal	NA
AAACCTGGTTTGTTGG_5_1_1	normal	NA
AAACCTGTCAAGGTAA_5_1_1	normal	NA
AAACCTGTCGTCGTTC_5_1_1	normal	NA
AAACGGGAGCGGCTTC_5_1_1	tumor	NA
AAACGGGCACATGACT_5_1_1	tumor	NA
AAACGGGCAGACGCAA_5_1_1	tumor	NA
AAACGGGGTCGAGTTT_5_1_1	tumor	NA
AAACGGGTCACTCCTG_5_1_1	normal	NA
AAACGGGTCCGCAGTG_5_1_1	normal	NA
AAAGATGAGAAGCCCA_5_1_1	normal	NA
AAAGATGAGACTTTCG_5_1_1	tumor	NA
AAAGATGAGTCTCGGC_5_1_1	tumor	NA
AAAGATGCAATCACAC_5_1_1	tumor	NA
AAAGATGCAATCCGAT_5_1_1	normal	NA
AAAGATGCAGTAACGG_5_1_1	tumor	NA
AAAGATGGTAATTGGA_5_1_1	normal	NA
AAAGATGGTAGCTCCG_5_1_1	tumor	NA
AAAGATGGTCTCTCTG_5_1_1	tumor	NA
AAAGATGGTTAAGACA_5_1_1	normal	NA
AAAGATGTCAATACCG_5_1_1	normal	NA
AAAGATGTCAGCTCGG_5_1_1	tumor	NA
AAAGATGTCCCAGGTG_5_1_1	normal	NA
AAAGATGTCTTCAACT_5_1_1	tumor	NA
AAAGCAAAGATCCTGT_5_1_1	tumor	NA
AAAGCAAAGCTAGTGG_5_1_1	tumor	NA
AAAGCAAAGGGTGTGT_5_1_1	normal	NA
AAAGCAACACGGTGTC_5_1_1	tumor	NA
AAAGCAACACTTCTGC_5_1_1	tumor	NA
AAAGCAACATAGTAAG_5_1_1	tumor	NA
AAAGCAACATCGATTG_5_1_1	tumor	NA
AAAGCAAGTAGAGTGC_5_1_1	normal	NA
AAAGCAAGTAGGACAC_5_1_1	tumor	NA
AAAGCAAGTCGCGAAA_5_1_1	tumor	NA
AAAGCAAGTTGTCGCG_5_1_1	normal	NA
AAAGCAATCCCTCTTT_5_1_1	tumor	NA
AAAGTAGAGCACGCCT_5_1_1	normal	NA
AAAGTAGAGCTACCTA_5_1_1	tumor	NA
AAAGTAGCACGTTGGC_5_1_1	tumor	NA
AAAGTAGCAGGGTACA_5_1_1	tumor	NA
AAAGTAGCATGAGCGA_5_1_1	tumor	NA
AAAGTAGGTACTCTCC_5_1_1	normal	NA
AAAGTAGGTAGCTGCC_5_1_1	tumor	NA
AAAGTAGTCCGCGTTT_5_1_1	normal	NA
AAAGTAGTCTCGCATC_5_1_1	tumor	NA
AAATGCCCAGTAACGG_5_1_1	normal	NA
AAATGCCGTATATGGA_5_1_1	tumor	NA
AAATGCCGTGTCCTCT_5_1_1	normal	NA
AAATGCCTCGCCAAAT_5_1_1	tumor	NA
AAATGCCTCGCCGTGA_5_1_1	tumor	NA
AAATGCCTCTATCGCC_5_1_1	tumor	NA
AACACGTCAAATCCGT_5_1_1	tumor	NA
AACACGTCAATGGAAT_5_1_1	tumor	NA
AACACGTGTCTAGCCG_5_1_1	normal	NA
AACACGTTCCCGGATG_5_1_1	tumor	NA
AACACGTTCTCCAGGG_5_1_1	tumor	NA
AACCATGAGAGACTAT_5_1_1	tumor	NA
AACCATGAGGCAATTA_5_1_1	tumor	NA
AACCATGAGGTAGCCA_5_1_1	normal	NA
AACCATGCATGCCCGA_5_1_1	normal	NA
AACCATGCATGCCTAA_5_1_1	tumor	NA
AACCATGGTCTAGTCA_5_1_1	tumor	NA
AACCATGGTGGCAAAC_5_1_1	normal	NA
AACCATGTCAACACTG_5_1_1	normal	NA
AACCATGTCCTTTCTC_5_1_1	tumor	NA
AACCGCGAGTTCGCGC_5_1_1	tumor	NA
AACCGCGCAAGGACTG_5_1_1	normal	NA
AACCGCGCACCTATCC_5_1_1	tumor	NA
AACCGCGCAGCTGCAC_5_1_1	tumor	NA
AACCGCGGTAGTACCT_5_1_1	tumor	NA
AACCGCGGTTCTGTTT_5_1_1	normal	NA
AACCGCGTCGCCGTGA_5_1_1	tumor	NA
AACCGCGTCGGAGCAA_5_1_1	tumor	NA
AACCGCGTCTGCTGTC_5_1_1	tumor	NA
AACGTTGAGAACTGTA_5_1_1	tumor	NA
AACGTTGAGCACACAG_5_1_1	normal	NA
AACGTTGAGCAGGCTA_5_1_1	normal	NA
AACGTTGCATGGGAAC_5_1_1	tumor	NA
AACGTTGGTCCGTGAC_5_1_1	normal	NA
AACGTTGGTCTAAACC_5_1_1	normal	NA
AACGTTGGTCTTGCGG_5_1_1	tumor	NA
AACGTTGTCAGTCCCT_5_1_1	normal	NA
AACGTTGTCGACGGAA_5_1_1	tumor	NA
AACTCAGAGTATCGAA_5_1_1	tumor	NA
AACTCAGAGTCTCGGC_5_1_1	tumor	NA
AACTCAGCAGTCGTGC_5_1_1	tumor	NA
AACTCAGGTAAGAGAG_5_1_1	normal	NA
AACTCAGTCAGAGACG_5_1_1	normal	NA
AACTCAGTCAGGTAAA_5_1_1	tumor	NA
AACTCAGTCCAGAAGG_5_1_1	tumor	NA
AACTCAGTCTGGTATG_5_1_1	tumor	NA
AACTCAGTCTGTTTGT_5_1_1	tumor	NA
AACTCCCAGCACACAG_5_1_1	normal	NA
AACTCCCAGCACCGTC_5_1_1	tumor	NA
AACTCCCAGCCCGAAA_5_1_1	normal	NA
AACTCCCAGGAGTTGC_5_1_1	tumor	NA
AACTCCCCAAACGTGG_5_1_1	tumor	NA
AACTCCCCAGAGTGTG_5_1_1	normal	NA
AACTCCCCATTGCGGC_5_1_1	tumor	NA
AACTCCCGTCTAGTCA_5_1_1	tumor	NA
AACTCCCGTTACCGAT_5_1_1	normal	NA
AACTCCCTCTCGTTTA_5_1_1	normal	NA
AACTCTTAGAAACCTA_5_1_1	tumor	NA
AACTCTTAGAGGGCTT_5_1_1	tumor	NA
AACTCTTAGGGATACC_5_1_1	tumor	NA
AACTCTTAGTACGATA_5_1_1	normal	NA
AACTCTTCACCAGGCT_5_1_1	tumor	NA
AACTCTTGTAAGAGAG_5_1_1	tumor	NA
AACTCTTGTATCAGTC_5_1_1	tumor	NA
AACTCTTTCTACTTAC_5_1_1	normal	NA
AACTGGTAGGCGCTCT_5_1_1	normal	NA
AACTGGTAGGGTCGAT_5_1_1	normal	NA
AACTGGTAGTGTCTCA_5_1_1	tumor	NA
AACTGGTCACCACGTG_5_1_1	normal	NA
AACTGGTCAGGTCGTC_5_1_1	tumor	NA
AACTGGTCATTCTCAT_5_1_1	tumor	NA
AACTGGTGTATGCTTG_5_1_1	tumor	NA
AACTGGTTCTAACGGT_5_1_1	normal	NA
AACTGGTTCTGAAAGA_5_1_1	tumor	NA
AACTTTCAGAAACCTA_5_1_1	normal	NA
AACTTTCAGCTGTTCA_5_1_1	normal	NA
AACTTTCAGGAGCGTT_5_1_1	tumor	NA
AACTTTCCACCACGTG_5_1_1	tumor	NA
AACTTTCCAGTTCCCT_5_1_1	normal	NA
AACTTTCGTAACGTTC_5_1_1	tumor	NA
AACTTTCGTGAGTGAC_5_1_1	tumor	NA
AACTTTCTCAACGAAA_5_1_1	normal	NA
AACTTTCTCTGTGCAA_5_1_1	tumor	NA
AAGACCTAGAAGGTGA_5_1_1	normal	NA
AAGACCTAGCAGCCTC_5_1_1	tumor	NA
AAGACCTAGCGATTCT_5_1_1	tumor	NA
AAGACCTAGGATCGCA_5_1_1	normal	NA
AAGACCTCAAAGGAAG_5_1_1	normal	NA
AAGACCTCAGGAATGC_5_1_1	tumor	NA
AAGACCTCAGGTCTCG_5_1_1	normal	NA
AAGACCTCATCGATGT_5_1_1	normal	NA
AAGACCTGTACAGTTC_5_1_1	tumor	NA
AAGACCTGTGCCTTGG_5_1_1	normal	NA
AAGACCTTCAATCACG_5_1_1	normal	NA
AAGACCTTCACATAGC_5_1_1	normal	NA
AAGACCTTCCTCATTA_5_1_1	tumor	NA
AAGCCGCAGACAATAC_5_1_1	tumor	NA
AAGCCGCAGATGGCGT_5_1_1	tumor	NA
AAGCCGCAGCTGAAAT_5_1_1	normal	NA
AAGCCGCAGGGAAACA_5_1_1	normal	NA
AAGCCGCAGTGAACGC_5_1_1	normal	NA
AAGCCGCAGTTTGCGT_5_1_1	tumor	NA
AAGCCGCCACACTGCG_5_1_1	normal	NA
AAGCCGCCAGATCTGT_5_1_1	normal	NA
AAGCCGCCAGTACACT_5_1_1	tumor	NA
AAGCCGCGTCTCTTAT_5_1_1	normal	NA
AAGCCGCGTTATCACG_5_1_1	tumor	NA
AAGCCGCTCACCACCT_5_1_1	normal	NA
AAGGAGCAGATTACCC_5_1_1	normal	NA
AAGGAGCCAGGTGGAT_5_1_1	normal	NA
AAGGAGCCATCCGTGG_5_1_1	normal	NA
AAGGAGCGTATGAAAC_5_1_1	normal	NA
AAGGAGCGTCCGAACC_5_1_1	normal	NA
AAGGAGCGTCGGCTCA_5_1_1	tumor	NA
AAGGAGCGTCTACCTC_5_1_1	tumor	NA
AAGGAGCGTCTCCATC_5_1_1	tumor	NA
AAGGAGCGTTTAAGCC_5_1_1	tumor	NA
AAGGAGCTCCAATGGT_5_1_1	tumor	NA
AAGGAGCTCGTTTGCC_5_1_1	tumor	NA
AAGGCAGAGGCAAAGA_5_1_1	normal	NA
AAGGCAGAGTAGTGCG_5_1_1	normal	NA
AAGGCAGCAGCCACCA_5_1_1	tumor	NA
AAGGCAGGTACGCTGC_5_1_1	tumor	NA
AAGGCAGGTATCACCA_5_1_1	tumor	NA
AAGGCAGGTCCGAACC_5_1_1	tumor	NA
AAGGCAGGTCGAGTTT_5_1_1	normal	NA
AAGGCAGTCAAGGCTT_5_1_1	tumor	NA
AAGGCAGTCACCCGAG_5_1_1	tumor	NA
AAGGCAGTCAGAGCTT_5_1_1	normal	NA
AAGGCAGTCCTTGACC_5_1_1	normal	NA
AAGGTTCAGACCGGAT_5_1_1	tumor	NA
AAGGTTCAGGCGCTCT_5_1_1	tumor	NA
AAGGTTCAGTTTAGGA_5_1_1	normal	NA
AAGGTTCCAGACAAGC_5_1_1	normal	NA
AAGGTTCCAGCAGTTT_5_1_1	normal	NA
AAGGTTCCAGCTATTG_5_1_1	tumor	NA
AAGGTTCCATGCCTAA_5_1_1	tumor	NA
AAGGTTCCATGCTGGC_5_1_1	tumor	NA
AAGGTTCCATTCTCAT_5_1_1	tumor	NA
AAGGTTCTCCTCATTA_5_1_1	normal	NA
AAGGTTCTCCTGCAGG_5_1_1	normal	NA
AAGGTTCTCGTATCAG_5_1_1	tumor	NA
AAGTCTGAGAAACGCC_5_1_1	normal	NA
AAGTCTGAGAAGCCCA_5_1_1	normal	NA
AAGTCTGAGCCTCGTG_5_1_1	normal	NA
AAGTCTGAGGCATGTG_5_1_1	tumor	NA
AAGTCTGAGGCTATCT_5_1_1	tumor	NA
AAGTCTGAGGGTTTCT_5_1_1	tumor	NA
AAGTCTGCATTACGAC_5_1_1	tumor	NA
AAGTCTGTCAGCTGGC_5_1_1	tumor	NA
AAGTCTGTCGCATGAT_5_1_1	tumor	NA
AAGTCTGTCGCGATCG_5_1_1	tumor	NA
AATCCAGAGACAAGCC_5_1_1	normal	NA
AATCCAGAGGGATGGG_5_1_1	normal	NA
AATCCAGAGTACATGA_5_1_1	normal	NA
AATCCAGAGTGACATA_5_1_1	normal	NA
AATCCAGCAAGACGTG_5_1_1	tumor	NA
AATCCAGCACGTCTCT_5_1_1	normal	NA
AATCCAGCACTATCTT_5_1_1	normal	NA
AATCCAGCATGGTTGT_5_1_1	tumor	NA
AATCCAGGTGATAAGT_5_1_1	tumor	NA
AATCCAGTCTGCCCTA_5_1_1	normal	NA
AATCGGTAGACTGTAA_5_1_1	tumor	NA
AATCGGTCAGCCTTGG_5_1_1	tumor	NA
AATCGGTGTAGTGAAT_5_1_1	tumor	NA
AATCGGTGTCTCTCTG_5_1_1	normal	NA
AATCGGTTCGTACGGC_5_1_1	tumor	NA
ACACCAAAGTACCGGA_5_1_1	tumor	NA
ACACCAAAGTCCTCCT_5_1_1	normal	NA
ACACCAACAAACTGTC_5_1_1	tumor	NA
ACACCAACATATACGC_5_1_1	normal	NA
ACACCAAGTATAGTAG_5_1_1	tumor	NA
ACACCAAGTCGCTTCT_5_1_1	tumor	NA
ACACCAAGTCTTCTCG_5_1_1	tumor	NA
ACACCAAGTTATCACG_5_1_1	normal	NA
ACACCAATCCTTGACC_5_1_1	tumor	NA
ACACCAATCGGTCTAA_5_1_1	tumor	NA
ACACCCTAGATGCGAC_5_1_1	normal	NA
ACACCCTAGTCAAGGC_5_1_1	tumor	NA
ACACCCTAGTCACGCC_5_1_1	normal	NA
ACACCCTAGTTCCACA_5_1_1	normal	NA
ACACCCTCAATCAGAA_5_1_1	tumor	NA
ACACCCTCACAACGTT_5_1_1	normal	NA
ACACCCTCAGATGGGT_5_1_1	tumor	NA
ACACCCTCATACAGCT_5_1_1	tumor	NA
ACACCCTGTACCAGTT_5_1_1	tumor	NA
ACACCCTGTCTTCGTC_5_1_1	normal	NA
ACACCCTTCACCTTAT_5_1_1	tumor	NA
ACACCCTTCGAACGGA_5_1_1	tumor	NA
ACACCCTTCGGAGGTA_5_1_1	tumor	NA
ACACCCTTCGTTGACA_5_1_1	tumor	NA
ACACCGGAGTGGTAAT_5_1_1	tumor	NA
ACACCGGCACATTCGA_5_1_1	tumor	NA
ACACCGGCAGGCTCAC_5_1_1	normal	NA
ACACCGGGTCCGAATT_5_1_1	tumor	NA
ACACCGGGTCTAAAGA_5_1_1	tumor	NA
ACACCGGGTGTGTGCC_5_1_1	tumor	NA
ACACCGGTCGGTGTCG_5_1_1	tumor	NA
ACACCGGTCGTATCAG_5_1_1	normal	NA
ACACCGGTCGTTGCCT_5_1_1	tumor	NA
ACACTGAAGGTGACCA_5_1_1	tumor	NA
ACACTGACAGGCGATA_5_1_1	normal	NA
ACACTGAGTAAGTAGT_5_1_1	tumor	NA
ACACTGAGTCAGAGGT_5_1_1	normal	NA
ACACTGAGTCCGCTGA_5_1_1	tumor	NA
ACACTGAGTGAAAGAG_5_1_1	tumor	NA
ACACTGAGTTACAGAA_5_1_1	tumor	NA
ACACTGATCCGGGTGT_5_1_1	tumor	NA
ACACTGATCTGTTTGT_5_1_1	normal	NA
ACAGCCGAGACAGAGA_5_1_1	tumor	NA
ACAGCCGAGCCAGAAC_5_1_1	tumor	NA
ACAGCCGCAATTCCTT_5_1_1	tumor	NA
ACAGCCGGTACCTACA_5_1_1	normal	NA
ACAGCCGGTCGTCTTC_5_1_1	tumor	NA
ACAGCCGGTCTCCACT_5_1_1	tumor	NA
ACAGCCGGTGGTGTAG_5_1_1	tumor	NA
ACAGCCGGTTAGTGGG_5_1_1	normal	NA
ACAGCCGTCCCAAGTA_5_1_1	normal	NA
ACAGCTAAGGTGATAT_5_1_1	normal	NA
ACAGCTAAGGTTCCTA_5_1_1	tumor	NA
ACAGCTAAGTGACTCT_5_1_1	tumor	NA
ACAGCTACAACACGCC_5_1_1	tumor	NA
ACAGCTACACACGCTG_5_1_1	normal	NA
ACAGCTACATCACGTA_5_1_1	normal	yes
ACAGCTAGTCAACTGT_5_1_1	normal	NA
ACAGCTAGTCAAGCGA_5_1_1	tumor	NA
ACAGCTAGTCGGCATC_5_1_1	tumor	NA
ACAGCTAGTCTTGATG_5_1_1	tumor	NA
ACAGCTATCGCTGATA_5_1_1	normal	NA
ACAGCTATCGTGGGAA_5_1_1	tumor	NA
ACATACGAGCTGTTCA_5_1_1	tumor	NA
ACATACGAGTCTCAAC_5_1_1	normal	NA
ACATACGCACCAGGTC_5_1_1	normal	NA
ACATACGGTCAAGCGA_5_1_1	normal	NA
ACATACGGTCTTGTCC_5_1_1	tumor	NA
ACATACGGTGTAAGTA_5_1_1	normal	NA
ACATACGGTTCGGGCT_5_1_1	tumor	NA
ACATACGTCCAGAGGA_5_1_1	normal	NA
ACATACGTCTGGTATG_5_1_1	normal	NA
ACATCAGAGTTAACGA_5_1_1	tumor	NA
ACATCAGCAAAGGAAG_5_1_1	normal	NA
ACATCAGCAAGACACG_5_1_1	tumor	NA
ACATCAGCAAGAGGCT_5_1_1	normal	NA
ACATCAGCAAGGACTG_5_1_1	normal	NA
ACATCAGCAGGATCGA_5_1_1	tumor	NA
ACATCAGCATCTGGTA_5_1_1	tumor	NA
ACATCAGCATGCTAGT_5_1_1	tumor	NA
ACATCAGTCCATGAAC_5_1_1	normal	NA
ACATCAGTCGGATGTT_5_1_1	normal	NA
ACATGGTAGAGACTTA_5_1_1	normal	NA
ACATGGTCAAAGGAAG_5_1_1	normal	NA
ACATGGTCAATCGGTT_5_1_1	normal	yes
ACATGGTCAGCGATCC_5_1_1	normal	NA
ACATGGTCATAAAGGT_5_1_1	normal	NA
ACATGGTGTAAACGCG_5_1_1	tumor	NA
ACATGGTGTACTCGCG_5_1_1	tumor	NA
ACATGGTGTCTAGAGG_5_1_1	normal	NA
ACATGGTTCAACGCTA_5_1_1	tumor	NA
ACATGGTTCGTTACGA_5_1_1	tumor	NA
ACCAGTAAGACTTTCG_5_1_1	tumor	NA
ACCAGTAAGAGTACAT_5_1_1	tumor	NA
ACCAGTAAGCAGGTCA_5_1_1	normal	NA
ACCAGTAAGCGATATA_5_1_1	tumor	NA
ACCAGTAAGCGTAGTG_5_1_1	normal	NA
ACCAGTAAGGGTCGAT_5_1_1	tumor	NA
ACCAGTACACCATCCT_5_1_1	tumor	NA
ACCAGTACAGCTATTG_5_1_1	tumor	NA
ACCAGTATCACCATAG_5_1_1	normal	NA
ACCAGTATCACTTCAT_5_1_1	tumor	NA
ACCAGTATCGTCTGCT_5_1_1	tumor	NA
ACCAGTATCTATCCCG_5_1_1	normal	NA
ACCCACTAGAACAATC_5_1_1	tumor	NA
ACCCACTAGATCCCAT_5_1_1	normal	NA
ACCCACTAGATGTTAG_5_1_1	normal	NA
ACCCACTCAAGTCATC_5_1_1	normal	NA
ACCCACTCACAAGTAA_5_1_1	tumor	NA
ACCCACTCACGGCTAC_5_1_1	normal	NA
ACCCACTCAGATGGGT_5_1_1	tumor	NA
ACCCACTCATAAAGGT_5_1_1	normal	NA
ACCCACTGTCCTCTTG_5_1_1	tumor	NA
ACCCACTTCCTGCTTG_5_1_1	tumor	NA
ACCGTAAAGACACTAA_5_1_1	normal	NA
ACCGTAAAGACTAGAT_5_1_1	tumor	NA
ACCGTAAAGAGTCGGT_5_1_1	tumor	NA
ACCGTAAAGCGTAATA_5_1_1	tumor	NA
ACCGTAAAGCTAGCCC_5_1_1	tumor	NA
ACCGTAAGTAGGCTGA_5_1_1	normal	NA
ACCGTAAGTGGTGTAG_5_1_1	normal	NA
ACCGTAAGTGTCTGAT_5_1_1	tumor	NA
ACCGTAATCCGAACGC_5_1_1	tumor	NA
ACCGTAATCCGAATGT_5_1_1	normal	NA
ACCTTTAAGCAATCTC_5_1_1	tumor	NA
ACCTTTAAGCCAACAG_5_1_1	normal	NA
ACCTTTAAGTACGCCC_5_1_1	normal	NA
ACCTTTAAGTGGTAAT_5_1_1	tumor	NA
ACCTTTACATCCGCGA_5_1_1	normal	NA
ACCTTTACATCGGGTC_5_1_1	tumor	NA
ACCTTTACATGGTCTA_5_1_1	normal	NA
ACCTTTAGTCCTCCAT_5_1_1	tumor	NA
ACCTTTAGTCGGGTCT_5_1_1	normal	NA
ACCTTTAGTGAAAGAG_5_1_1	tumor	NA
ACCTTTAGTGATGCCC_5_1_1	tumor	NA
ACCTTTATCTGTCTAT_5_1_1	tumor	NA
ACGAGCCAGCACCGTC_5_1_1	tumor	NA
ACGAGCCAGCGTGTCC_5_1_1	normal	NA
ACGAGCCAGTCTTGCA_5_1_1	tumor	NA
ACGAGCCAGTGGTAAT_5_1_1	normal	NA
ACGAGCCCACCGGAAA_5_1_1	tumor	NA
ACGAGCCGTAGAGGAA_5_1_1	tumor	NA
ACGAGCCGTCTCAACA_5_1_1	tumor	NA
ACGAGCCGTGTTCGAT_5_1_1	normal	NA
ACGAGCCTCAGGCAAG_5_1_1	tumor	NA
ACGAGCCTCCTTTACA_5_1_1	tumor	NA
ACGAGGAAGACAGGCT_5_1_1	normal	NA
ACGAGGAAGGTGCAAC_5_1_1	normal	NA
ACGAGGACAGATTGCT_5_1_1	normal	NA
ACGAGGACAGCCTGTG_5_1_1	tumor	NA
ACGAGGACATACCATG_5_1_1	normal	NA
ACGAGGAGTTACAGAA_5_1_1	tumor	NA
ACGAGGATCAGTTAGC_5_1_1	tumor	NA
ACGATACAGACAGAGA_5_1_1	normal	NA
ACGATACAGACGCAAC_5_1_1	normal	NA
ACGATACAGACTAGGC_5_1_1	tumor	NA
ACGATACAGAGTCGGT_5_1_1	tumor	NA
ACGATACCAATCACAC_5_1_1	tumor	NA
ACGATACCACCATCCT_5_1_1	normal	NA
ACGATACCAGCTGTGC_5_1_1	normal	NA
ACGATACCAGGTTTCA_5_1_1	tumor	NA
ACGATACCATACCATG_5_1_1	normal	NA
ACGATACGTCTAAAGA_5_1_1	tumor	NA
ACGATACGTCTGATTG_5_1_1	normal	NA
ACGATACTCTCGCTTG_5_1_1	tumor	NA
ACGATGTAGACGCACA_5_1_1	normal	NA
ACGATGTAGATGCGAC_5_1_1	normal	NA
ACGATGTAGCCGTCGT_5_1_1	normal	NA
ACGATGTAGCGTCAAG_5_1_1	normal	NA
ACGATGTAGCTGAAAT_5_1_1	normal	NA
ACGATGTCAATGGAGC_5_1_1	tumor	NA
ACGATGTCACCAGTTA_5_1_1	tumor	NA
ACGATGTGTAGCAAAT_5_1_1	tumor	NA
ACGATGTGTCCGTTAA_5_1_1	tumor	NA
ACGATGTTCAACACTG_5_1_1	tumor	NA
ACGCAGCAGACCTAGG_5_1_1	tumor	NA
ACGCAGCAGAGTAAGG_5_1_1	tumor	NA
ACGCAGCAGGTGTGGT_5_1_1	tumor	NA
ACGCAGCAGTGGACGT_5_1_1	normal	NA
ACGCAGCCACCGCTAG_5_1_1	tumor	NA
ACGCAGCCAGCTGTGC_5_1_1	tumor	NA
ACGCAGCTCCTCAACC_5_1_1	tumor	NA
ACGCAGCTCGAATCCA_5_1_1	normal	NA
ACGCAGCTCTAGAGTC_5_1_1	tumor	NA
ACGCAGCTCTCTGTCG_5_1_1	tumor	NA
ACGCCAGAGGAGTTGC_5_1_1	tumor	NA
ACGCCAGAGTGGGCTA_5_1_1	normal	NA
ACGCCAGCACAGGAGT_5_1_1	tumor	NA
ACGCCAGCACCACCAG_5_1_1	normal	NA
ACGCCAGCACGGACAA_5_1_1	normal	NA
ACGCCAGCAGACACTT_5_1_1	normal	NA
ACGCCAGCATGGTCTA_5_1_1	normal	NA
ACGCCAGGTACTTGAC_5_1_1	normal	NA
ACGCCAGGTGATGTGG_5_1_1	tumor	NA
ACGCCAGGTGCGAAAC_5_1_1	tumor	NA
ACGCCAGGTGGTCCGT_5_1_1	tumor	NA
ACGCCAGTCAATCTCT_5_1_1	normal	NA
ACGCCAGTCATACGGT_5_1_1	tumor	NA
ACGCCAGTCCAGGGCT_5_1_1	normal	NA
ACGCCAGTCCTATGTT_5_1_1	normal	NA
ACGCCAGTCGGTGTTA_5_1_1	tumor	NA
ACGCCGAAGGGTCTCC_5_1_1	normal	NA
ACGCCGACACCGTTGG_5_1_1	tumor	NA
ACGCCGACATGGTTGT_5_1_1	normal	NA
ACGCCGAGTACTTCTT_5_1_1	normal	NA
ACGCCGAGTAGAGTGC_5_1_1	tumor	NA
ACGCCGAGTCGGATCC_5_1_1	normal	NA
ACGCCGATCGGAATCT_5_1_1	tumor	NA
ACGCCGATCTACTTAC_5_1_1	tumor	NA
ACGGAGACAAAGAATC_5_1_1	normal	NA
ACGGAGACAGCGAACA_5_1_1	normal	NA
ACGGAGAGTGTTTGGT_5_1_1	normal	NA
ACGGCCAAGATGAGAG_5_1_1	normal	yes
ACGGCCACAGACGCAA_5_1_1	tumor	NA
ACGGCCACAGCTGCTG_5_1_1	tumor	NA
ACGGCCACATCGACGC_5_1_1	normal	NA
ACGGCCACATGTTGAC_5_1_1	tumor	NA
ACGGCCAGTAAAGTCA_5_1_1	tumor	NA
ACGGCCAGTAGAGTGC_5_1_1	tumor	NA
ACGGCCAGTTAAGTAG_5_1_1	normal	NA
ACGGCCATCCGTCAAA_5_1_1	tumor	NA
ACGGCCATCTTACCGC_5_1_1	tumor	NA
ACGGGCTAGAGGTTGC_5_1_1	tumor	NA
ACGGGCTAGCACAGGT_5_1_1	tumor	NA
ACGGGCTAGCTCCCAG_5_1_1	tumor	NA
ACGGGCTCAGCATGAG_5_1_1	tumor	NA
ACGGGCTGTCGGCACT_5_1_1	normal	NA
ACGGGCTGTTCTCATT_5_1_1	normal	NA
ACGGGCTTCACCACCT_5_1_1	tumor	NA
ACGGGCTTCACCTCGT_5_1_1	tumor	NA
ACGGGCTTCTCTGAGA_5_1_1	tumor	NA
ACGGGTCAGAGTGACC_5_1_1	tumor	NA
ACGGGTCAGCGATGAC_5_1_1	tumor	NA
ACGGGTCAGTTACCCA_5_1_1	tumor	NA
ACGGGTCGTCCCTTGT_5_1_1	tumor	NA
ACGGGTCGTGGGTATG_5_1_1	tumor	NA
ACGGGTCGTGTGACGA_5_1_1	tumor	NA
ACGGGTCTCCAAAGTC_5_1_1	tumor	NA
ACGTCAAAGAGCAATT_5_1_1	tumor	NA
ACGTCAAAGTACCGGA_5_1_1	tumor	NA
ACGTCAAAGTAGCGGT_5_1_1	tumor	NA
ACGTCAAAGTTTGCGT_5_1_1	tumor	NA
ACGTCAACAGTTAACC_5_1_1	tumor	NA
ACGTCAACATGTTCCC_5_1_1	tumor	NA
ACGTCAAGTGCCTTGG_5_1_1	normal	NA
ACGTCAAGTGCTCTTC_5_1_1	tumor	NA
ACGTCAAGTGGAAAGA_5_1_1	normal	NA
ACGTCAAGTTGGTTTG_5_1_1	tumor	NA
ACTATCTAGCCACGCT_5_1_1	tumor	NA
ACTATCTAGTACGACG_5_1_1	tumor	NA
ACTATCTAGTATTGGA_5_1_1	tumor	NA
ACTATCTCAGTCTTCC_5_1_1	normal	NA
ACTATCTGTATAATGG_5_1_1	tumor	NA
ACTATCTGTCTAGTGT_5_1_1	normal	NA
ACTATCTGTGCAGACA_5_1_1	normal	NA
ACTGAACAGATGCGAC_5_1_1	tumor	NA
ACTGAACCAAGCTGGA_5_1_1	normal	NA
ACTGAACCACGTCAGC_5_1_1	normal	NA
ACTGAACCAGGTCGTC_5_1_1	tumor	NA
ACTGAACGTGCGAAAC_5_1_1	normal	NA
ACTGAACTCCTCTAGC_5_1_1	normal	NA
ACTGAGTAGATGTGGC_5_1_1	normal	NA
ACTGAGTAGTCCGGTC_5_1_1	tumor	NA
ACTGAGTCAATGTAAG_5_1_1	tumor	NA
ACTGAGTCAGACGCAA_5_1_1	normal	NA
ACTGAGTCATGCAATC_5_1_1	normal	NA
ACTGAGTGTATCAGTC_5_1_1	tumor	NA
ACTGAGTGTCATACTG_5_1_1	tumor	NA
ACTGAGTGTTTAAGCC_5_1_1	normal	NA
ACTGAGTTCATACGGT_5_1_1	tumor	NA
ACTGAGTTCCCGGATG_5_1_1	normal	NA
ACTGATGAGCTCCTTC_5_1_1	normal	NA
ACTGATGAGTGCAAGC_5_1_1	tumor	NA
ACTGATGCAGCTATTG_5_1_1	tumor	NA
ACTGATGGTACCATCA_5_1_1	tumor	NA
ACTGATGGTCATACTG_5_1_1	normal	NA
ACTGATGGTCCGCTGA_5_1_1	tumor	NA
ACTGATGGTCTGGAGA_5_1_1	normal	NA
ACTGATGTCTCAACTT_5_1_1	tumor	NA
ACTGCTCAGGTCGGAT_5_1_1	tumor	NA
ACTGCTCAGTGTCTCA_5_1_1	normal	NA
ACTGCTCCAGCCACCA_5_1_1	tumor	NA
ACTGCTCCATGCATGT_5_1_1	normal	NA
ACTGCTCGTCATCGGC_5_1_1	normal	NA
ACTGCTCGTCGCATAT_5_1_1	normal	NA
ACTGCTCGTTCCACAA_5_1_1	normal	NA
ACTGCTCTCAACACGT_5_1_1	tumor	NA
ACTGCTCTCCTTGCCA_5_1_1	tumor	NA
ACTGCTCTCTTGAGGT_5_1_1	normal	NA
ACTGTCCAGATTACCC_5_1_1	tumor	NA
ACTGTCCCACGGTAAG_5_1_1	tumor	NA
ACTGTCCCACGGTGTC_5_1_1	normal	NA
ACTGTCCCAGTCTTCC_5_1_1	tumor	NA
ACTGTCCCATAAAGGT_5_1_1	tumor	NA
ACTGTCCGTAGCTGCC_5_1_1	normal	NA
ACTGTCCTCAAGCCTA_5_1_1	normal	NA
ACTTACTAGAAACGAG_5_1_1	normal	NA
ACTTACTAGCAGACTG_5_1_1	tumor	NA
ACTTACTAGCTAGGCA_5_1_1	tumor	NA
ACTTACTCAAGGACAC_5_1_1	normal	NA
ACTTACTGTAACGTTC_5_1_1	tumor	NA
ACTTACTGTACCATCA_5_1_1	tumor	NA
ACTTACTGTCCTCCAT_5_1_1	normal	NA
ACTTACTGTCTAGGTT_5_1_1	tumor	NA
ACTTACTGTGATAAGT_5_1_1	tumor	NA
ACTTACTTCCAAGTAC_5_1_1	tumor	NA
ACTTACTTCCCTCTTT_5_1_1	tumor	NA
ACTTACTTCGCCAAAT_5_1_1	tumor	NA
ACTTGTTAGATGTAAC_5_1_1	tumor	NA
ACTTGTTAGCCAGAAC_5_1_1	tumor	NA
ACTTGTTAGCCGTCGT_5_1_1	normal	NA
ACTTGTTCACCAACCG_5_1_1	normal	NA
ACTTGTTCAGCCAATT_5_1_1	tumor	NA
ACTTGTTGTCGCGGTT_5_1_1	tumor	NA
ACTTGTTGTCTTGATG_5_1_1	tumor	NA
ACTTGTTGTGCCTTGG_5_1_1	normal	NA
ACTTGTTGTGGCAAAC_5_1_1	normal	NA
ACTTGTTGTTCGTCTC_5_1_1	normal	NA
ACTTGTTTCGGCATCG_5_1_1	tumor	NA
ACTTGTTTCTCCAACC_5_1_1	tumor	NA
ACTTTCAAGTAACCCT_5_1_1	tumor	NA
ACTTTCACAGCCTATA_5_1_1	normal	NA
ACTTTCACATCACGAT_5_1_1	normal	NA
ACTTTCATCCGAAGAG_5_1_1	normal	NA
ACTTTCATCCGCATAA_5_1_1	tumor	NA
ACTTTCATCTCTAGGA_5_1_1	tumor	NA
AGAATAGAGAGTGAGA_5_1_1	normal	NA
AGAATAGAGCGTCTAT_5_1_1	normal	NA
AGAATAGAGGAGTACC_5_1_1	tumor	NA
AGAATAGAGGCGACAT_5_1_1	tumor	NA
AGAATAGAGGCTCTTA_5_1_1	tumor	NA
AGAATAGAGGGTCTCC_5_1_1	normal	NA
AGAATAGCACGGCGTT_5_1_1	normal	NA
AGAATAGCAGGAACGT_5_1_1	tumor	NA
AGAATAGCATTGGTAC_5_1_1	normal	NA
AGAATAGGTAAATACG_5_1_1	normal	NA
AGAATAGGTTAAGTAG_5_1_1	tumor	NA
AGAATAGTCAACCATG_5_1_1	normal	NA
AGAATAGTCGCCAGCA_5_1_1	tumor	NA
AGAATAGTCGGTTAAC_5_1_1	normal	NA
AGAATAGTCTCAACTT_5_1_1	tumor	NA
AGAATAGTCTCTTGAT_5_1_1	tumor	NA
AGACGTTAGGGAGTAA_5_1_1	tumor	NA
AGACGTTCAATGGATA_5_1_1	tumor	NA
AGACGTTCAGACGCCT_5_1_1	tumor	NA
AGACGTTCAGCTCGCA_5_1_1	normal	NA
AGACGTTCAGGGTACA_5_1_1	tumor	NA
AGACGTTCAGTGAGTG_5_1_1	normal	NA
AGACGTTGTGTGACCC_5_1_1	tumor	NA
AGACGTTTCAACCAAC_5_1_1	tumor	NA
AGACGTTTCAACGAAA_5_1_1	normal	NA
AGACGTTTCCACGAAT_5_1_1	normal	NA
AGACGTTTCCGTTGCT_5_1_1	tumor	NA
AGACGTTTCCTGCCAT_5_1_1	tumor	NA
AGAGCGAAGAGTCTGG_5_1_1	tumor	NA
AGAGCGAAGGGAAACA_5_1_1	normal	NA
AGAGCGAAGGGTCTCC_5_1_1	normal	NA
AGAGCGAAGTACGTAA_5_1_1	normal	NA
AGAGCGACAAAGTGCG_5_1_1	tumor	NA
AGAGCGAGTGCTCTTC_5_1_1	normal	NA
AGAGCGAGTTAGTGGG_5_1_1	tumor	NA
AGAGCGAGTTCGTTGA_5_1_1	normal	NA
AGAGCGATCGTGGTCG_5_1_1	normal	NA
AGAGCGATCTTATCTG_5_1_1	tumor	NA
AGAGCTTAGAACTCGG_5_1_1	tumor	NA
AGAGCTTAGCCACCTG_5_1_1	tumor	NA
AGAGCTTAGCCCTAAT_5_1_1	tumor	NA
AGAGCTTAGGGAACGG_5_1_1	tumor	NA
AGAGCTTAGGTGCTTT_5_1_1	tumor	NA
AGAGCTTCACATCCAA_5_1_1	normal	NA
AGAGCTTCACTAGTAC_5_1_1	tumor	NA
AGAGCTTCATTACGAC_5_1_1	tumor	NA
AGAGCTTGTCCAGTAT_5_1_1	tumor	NA
AGAGCTTTCAGTTGAC_5_1_1	tumor	NA
AGAGTGGAGAGGTTGC_5_1_1	normal	NA
AGAGTGGAGCTACCGC_5_1_1	normal	NA
AGAGTGGCAATAAGCA_5_1_1	normal	NA
AGAGTGGCATTGCGGC_5_1_1	normal	NA
AGAGTGGGTAGCGATG_5_1_1	normal	NA
AGAGTGGGTATGAATG_5_1_1	tumor	NA
AGAGTGGGTCTCCATC_5_1_1	tumor	NA
AGAGTGGGTGTGGTTT_5_1_1	tumor	NA
AGAGTGGTCACATGCA_5_1_1	tumor	NA
AGAGTGGTCCCGACTT_5_1_1	normal	NA
AGATCTGAGAGACTAT_5_1_1	normal	NA
AGATCTGAGGCATGGT_5_1_1	normal	NA
AGATCTGAGTCTCGGC_5_1_1	normal	NA
AGATCTGCAGATGGCA_5_1_1	normal	NA
AGATTGCAGCAATATG_5_1_1	normal	NA
AGATTGCAGCGTGAGT_5_1_1	normal	NA
AGATTGCAGCGTGTCC_5_1_1	normal	NA
AGATTGCAGCTGAAAT_5_1_1	tumor	NA
AGATTGCCAAACCCAT_5_1_1	tumor	NA
AGATTGCCAAACTGTC_5_1_1	tumor	NA
AGATTGCCAAAGCGGT_5_1_1	tumor	NA
AGATTGCCACAGGAGT_5_1_1	tumor	NA
AGATTGCGTAATAGCA_5_1_1	tumor	NA
AGATTGCGTACCATCA_5_1_1	tumor	NA
AGATTGCGTAGCTGCC_5_1_1	tumor	NA
AGATTGCGTTGGAGGT_5_1_1	normal	NA
AGATTGCGTTGGGACA_5_1_1	tumor	NA
AGATTGCTCAACGCTA_5_1_1	tumor	NA
AGATTGCTCAGATAAG_5_1_1	tumor	NA
AGATTGCTCCTCATTA_5_1_1	normal	NA
AGATTGCTCTGCCAGG_5_1_1	normal	NA
AGCAGCCAGGGCATGT_5_1_1	tumor	NA
AGCAGCCCACCTGGTG_5_1_1	tumor	NA
AGCAGCCCACTATCTT_5_1_1	tumor	NA
AGCAGCCGTATGAAAC_5_1_1	normal	NA
AGCAGCCGTGATGTGG_5_1_1	normal	NA
AGCAGCCGTTGCCTCT_5_1_1	normal	NA
AGCAGCCTCCAATGGT_5_1_1	normal	NA
AGCAGCCTCGAGAGCA_5_1_1	normal	NA
AGCATACAGCGTGAGT_5_1_1	normal	NA
AGCATACAGGGCTTGA_5_1_1	tumor	NA
AGCATACAGTCCTCCT_5_1_1	normal	NA
AGCATACAGTGCAAGC_5_1_1	tumor	NA
AGCATACCAATCGAAA_5_1_1	tumor	NA
AGCATACCACTGTCGG_5_1_1	tumor	NA
AGCATACGTCTGGAGA_5_1_1	normal	NA
AGCATACGTCTTCTCG_5_1_1	tumor	NA
AGCATACTCAGCTTAG_5_1_1	tumor	NA
AGCATACTCCTAGTGA_5_1_1	normal	NA
AGCATACTCTATCCCG_5_1_1	normal	NA
AGCATACTCTGTTTGT_5_1_1	normal	NA
AGCCTAAAGAGATGAG_5_1_1	normal	NA
AGCCTAAAGCCCTAAT_5_1_1	tumor	NA
AGCCTAAAGTGGACGT_5_1_1	tumor	NA
AGCCTAACAAGGACTG_5_1_1	tumor	NA
AGCCTAACATCGATGT_5_1_1	normal	NA
AGCCTAAGTATCTGCA_5_1_1	tumor	NA
AGCCTAAGTCATACTG_5_1_1	normal	NA
AGCCTAAGTCGGGTCT_5_1_1	tumor	NA
AGCCTAAGTGCAACGA_5_1_1	normal	NA
AGCCTAAGTTAAGAAC_5_1_1	tumor	NA
AGCCTAAGTTGACGTT_5_1_1	tumor	NA
AGCCTAATCCTTTCTC_5_1_1	tumor	NA
AGCGGTCAGCTAGCCC_5_1_1	normal	NA
AGCGGTCAGGTAAACT_5_1_1	tumor	NA
AGCGGTCCAAGCGAGT_5_1_1	tumor	NA
AGCGGTCCACCTCGTT_5_1_1	normal	NA
AGCGGTCCACGACTCG_5_1_1	tumor	NA
AGCGGTCCACGAGAGT_5_1_1	normal	NA
AGCGGTCCATTTGCCC_5_1_1	tumor	NA
AGCGGTCGTCCTAGCG_5_1_1	tumor	NA
AGCGGTCGTGGTGTAG_5_1_1	normal	NA
AGCGGTCTCCTCATTA_5_1_1	tumor	NA
AGCGTATAGCTAGGCA_5_1_1	tumor	NA
AGCGTATAGGATATAC_5_1_1	tumor	NA
AGCGTATAGTTATCGC_5_1_1	tumor	NA
AGCGTATGTAAATACG_5_1_1	tumor	NA
AGCGTATGTGTTCGAT_5_1_1	tumor	NA
AGCGTATTCCAACCAA_5_1_1	tumor	NA
AGCGTATTCCTAAGTG_5_1_1	normal	NA
AGCGTCGAGCCAGAAC_5_1_1	tumor	NA
AGCGTCGCAATCTGCA_5_1_1	normal	NA
AGCGTCGCATGGGAAC_5_1_1	normal	NA
AGCGTCGGTAAATACG_5_1_1	tumor	NA
AGCGTCGGTCTTGATG_5_1_1	tumor	NA
AGCGTCGGTGCCTTGG_5_1_1	normal	NA
AGCGTCGTCTGCAAGT_5_1_1	tumor	NA
AGCTCCTAGACATAAC_5_1_1	normal	NA
AGCTCCTAGATATGGT_5_1_1	tumor	NA
AGCTCCTAGTGGCACA_5_1_1	normal	NA
AGCTCCTGTCATCCCT_5_1_1	normal	NA
AGCTCCTGTCGACTGC_5_1_1	tumor	NA
AGCTCCTGTCGAGTTT_5_1_1	normal	NA
AGCTCCTGTCTGCCAG_5_1_1	normal	NA
AGCTCCTGTCTTGTCC_5_1_1	normal	NA
AGCTCCTTCGCAGGCT_5_1_1	normal	NA
AGCTCTCAGAGTACCG_5_1_1	tumor	NA
AGCTCTCAGATAGTCA_5_1_1	normal	NA
AGCTCTCCAGATAATG_5_1_1	normal	NA
AGCTCTCCAGCTGCTG_5_1_1	tumor	NA
AGCTCTCCAGCTGTGC_5_1_1	tumor	NA
AGCTCTCCATATGAGA_5_1_1	tumor	NA
AGCTCTCGTACCCAAT_5_1_1	tumor	NA
AGCTCTCGTACTCTCC_5_1_1	tumor	NA
AGCTCTCGTGGCTCCA_5_1_1	normal	NA
AGCTCTCGTTTACTCT_5_1_1	tumor	NA
AGCTCTCTCGATCCCT_5_1_1	tumor	NA
AGCTCTCTCGCCCTTA_5_1_1	tumor	NA
AGCTCTCTCTGGTATG_5_1_1	tumor	NA
AGCTTGAAGGGATACC_5_1_1	normal	NA
AGCTTGACAAGAAGAG_5_1_1	normal	NA
AGCTTGACACTTCTGC_5_1_1	tumor	NA
AGCTTGACATTAGCCA_5_1_1	normal	NA
AGCTTGAGTCATCCCT_5_1_1	normal	NA
AGCTTGAGTGGTCCGT_5_1_1	normal	yes
AGCTTGAGTTATCACG_5_1_1	normal	NA
AGCTTGATCGAATCCA_5_1_1	normal	NA
AGCTTGATCGCAAGCC_5_1_1	tumor	NA
AGCTTGATCTCCTATA_5_1_1	tumor	NA
AGGCCACAGGGCATGT_5_1_1	normal	NA
AGGCCACAGTGCAAGC_5_1_1	tumor	NA
AGGCCACAGTTGAGAT_5_1_1	normal	NA
AGGCCACCAAGACGTG_5_1_1	tumor	NA
AGGCCACCAAGTCTAC_5_1_1	tumor	NA
AGGCCACCAATGGATA_5_1_1	tumor	NA
AGGCCACCACCCATTC_5_1_1	normal	NA
AGGCCACCACCTCGTT_5_1_1	tumor	NA
AGGCCACCAGCTATTG_5_1_1	normal	NA
AGGCCACCATACTACG_5_1_1	tumor	NA
AGGCCACGTAGTAGTA_5_1_1	normal	NA
AGGCCACGTCTTCGTC_5_1_1	tumor	NA
AGGCCACTCAACCATG_5_1_1	tumor	NA
AGGCCACTCTTGACGA_5_1_1	tumor	NA
AGGCCGTAGCTCCTCT_5_1_1	tumor	NA
AGGCCGTAGCTGCGAA_5_1_1	tumor	NA
AGGCCGTCAGCGTCCA_5_1_1	tumor	NA
AGGCCGTCATTTCAGG_5_1_1	normal	NA
AGGCCGTGTAACGACG_5_1_1	normal	NA
AGGCCGTGTTCAGCGC_5_1_1	tumor	NA
AGGCCGTGTTTAGGAA_5_1_1	normal	NA
AGGCCGTTCACAGGCC_5_1_1	normal	NA
AGGCCGTTCCGCAAGC_5_1_1	tumor	NA
AGGCCGTTCGCAGGCT_5_1_1	normal	NA
AGGCCGTTCTGGGCCA_5_1_1	normal	NA
AGGGAGTAGATGCCAG_5_1_1	tumor	NA
AGGGAGTAGCCCAATT_5_1_1	tumor	NA
AGGGAGTAGCCTCGTG_5_1_1	tumor	NA
AGGGAGTAGGGTGTTG_5_1_1	tumor	NA
AGGGAGTCACAGATTC_5_1_1	normal	NA
AGGGAGTCAGGGTACA_5_1_1	tumor	NA
AGGGAGTCATATGCTG_5_1_1	tumor	NA
AGGGAGTGTATCGCAT_5_1_1	tumor	NA
AGGGAGTGTGAAGGCT_5_1_1	tumor	NA
AGGGAGTTCATCGGAT_5_1_1	normal	NA
AGGGATGCAAGCCGCT_5_1_1	tumor	NA
AGGGATGCAATCGGTT_5_1_1	tumor	NA
AGGGATGCAATGAAAC_5_1_1	normal	NA
AGGGATGCAGGACGTA_5_1_1	normal	NA
AGGGATGGTACACCGC_5_1_1	tumor	NA
AGGGATGGTACGACCC_5_1_1	tumor	NA
AGGGATGGTAGCTCCG_5_1_1	normal	NA
AGGGATGGTTGTCGCG_5_1_1	tumor	NA
AGGGATGTCAAGGTAA_5_1_1	tumor	NA
AGGGATGTCAGCAACT_5_1_1	normal	NA
AGGGATGTCCGTCATC_5_1_1	tumor	NA
AGGGATGTCTGGGCCA_5_1_1	normal	NA
AGGGTGAAGATATGGT_5_1_1	tumor	NA
AGGGTGAAGCCACTAT_5_1_1	normal	NA
AGGGTGAAGCTAGTCT_5_1_1	normal	NA
AGGGTGAAGTCACGCC_5_1_1	tumor	NA
AGGGTGAAGTGGGATC_5_1_1	normal	NA
AGGGTGACACGGCGTT_5_1_1	normal	NA
AGGGTGACATAGAAAC_5_1_1	normal	NA
AGGGTGAGTCTTCAAG_5_1_1	normal	NA
AGGGTGATCACTATTC_5_1_1	tumor	NA
AGGGTGATCAGCTGGC_5_1_1	tumor	NA
AGGGTGATCCAGTAGT_5_1_1	tumor	NA
AGGGTGATCGAGCCCA_5_1_1	normal	NA
AGGGTGATCTGAAAGA_5_1_1	tumor	NA
AGGTCATAGGCATGTG_5_1_1	tumor	NA
AGGTCATCAATGGATA_5_1_1	tumor	NA
AGGTCATGTCGAAAGC_5_1_1	normal	NA
AGGTCATGTCGGCTCA_5_1_1	tumor	NA
AGGTCATGTCTAGCGC_5_1_1	tumor	NA
AGGTCATTCAACTCTT_5_1_1	normal	NA
AGGTCATTCCAGATCA_5_1_1	tumor	NA
AGGTCATTCGTCTGCT_5_1_1	normal	NA
AGGTCATTCGTTTGCC_5_1_1	tumor	NA
AGGTCATTCTCTTGAT_5_1_1	tumor	NA
AGGTCATTCTGCCAGG_5_1_1	tumor	NA
AGGTCCGAGACCACGA_5_1_1	tumor	NA
AGGTCCGAGCTAGCCC_5_1_1	tumor	NA
AGGTCCGAGGGAGTAA_5_1_1	tumor	NA
AGGTCCGCAAGTCTGT_5_1_1	tumor	NA
AGGTCCGCACGAAATA_5_1_1	tumor	NA
AGGTCCGGTGACGCCT_5_1_1	tumor	NA
AGGTCCGGTTATGCGT_5_1_1	tumor	NA
AGGTCCGGTTTAAGCC_5_1_1	normal	NA
AGGTCCGTCAATCACG_5_1_1	normal	NA
AGGTCCGTCGTAGATC_5_1_1	normal	yes
AGGTCCGTCTCGAGTA_5_1_1	tumor	NA
AGTAGTCAGAGGTAGA_5_1_1	normal	NA
AGTAGTCAGAGTAATC_5_1_1	tumor	NA
AGTAGTCAGGAATCGC_5_1_1	normal	NA
AGTAGTCAGGACCACA_5_1_1	tumor	NA
AGTAGTCAGGTGTTAA_5_1_1	tumor	NA
AGTAGTCCATGATCCA_5_1_1	tumor	NA
AGTAGTCGTAGGAGTC_5_1_1	normal	NA
AGTAGTCGTGCTCTTC_5_1_1	tumor	NA
AGTAGTCTCGGAGCAA_5_1_1	tumor	NA
AGTCTTTAGACCGGAT_5_1_1	normal	NA
AGTCTTTAGATATACG_5_1_1	normal	NA
AGTCTTTAGCCCAGCT_5_1_1	normal	NA
AGTCTTTAGCGCCTCA_5_1_1	tumor	NA
AGTCTTTCACCGCTAG_5_1_1	normal	NA
AGTCTTTGTAAGTTCC_5_1_1	tumor	NA
AGTCTTTGTGAACCTT_5_1_1	tumor	NA
AGTCTTTGTTGCTCCT_5_1_1	normal	NA
AGTCTTTTCAGCGATT_5_1_1	normal	NA
AGTCTTTTCAGTGCAT_5_1_1	tumor	NA
AGTCTTTTCCGTCAAA_5_1_1	normal	NA
AGTCTTTTCGCGATCG_5_1_1	normal	NA
AGTGAGGAGTATCTCG_5_1_1	tumor	NA
AGTGAGGAGTGTGGCA_5_1_1	normal	NA
AGTGAGGAGTTCGATC_5_1_1	tumor	NA
AGTGAGGCACATGTGT_5_1_1	normal	NA
AGTGAGGCACATTTCT_5_1_1	normal	NA
AGTGAGGCAGTGGGAT_5_1_1	tumor	NA
AGTGAGGCATTCCTGC_5_1_1	tumor	NA
AGTGAGGCATTCGACA_5_1_1	normal	NA
AGTGAGGGTATTCGTG_5_1_1	tumor	NA
AGTGAGGGTCCAGTGC_5_1_1	tumor	NA
AGTGAGGGTCGCATCG_5_1_1	tumor	NA
AGTGAGGTCAACACCA_5_1_1	normal	NA
AGTGGGAAGACTAAGT_5_1_1	normal	NA
AGTGGGAAGCGTCAAG_5_1_1	normal	NA
AGTGGGAAGTGCAAGC_5_1_1	tumor	NA
AGTGGGACAAGCGAGT_5_1_1	tumor	NA
AGTGGGACAATGGACG_5_1_1	normal	NA
AGTGGGACACAACTGT_5_1_1	tumor	NA
AGTGGGACACGGTGTC_5_1_1	tumor	NA
AGTGGGACAGCTGCAC_5_1_1	normal	NA
AGTGGGAGTAAGAGAG_5_1_1	normal	NA
AGTGGGAGTAGAAAGG_5_1_1	normal	NA
AGTGGGAGTTCGTGAT_5_1_1	tumor	NA
AGTGGGATCCAGTAGT_5_1_1	normal	NA
AGTGGGATCCTCATTA_5_1_1	normal	NA
AGTGTCAAGCCACCTG_5_1_1	tumor	NA
AGTGTCAAGGTTACCT_5_1_1	tumor	NA
AGTGTCAAGTCATGCT_5_1_1	tumor	NA
AGTGTCACAAACCCAT_5_1_1	tumor	NA
AGTGTCACAAATCCGT_5_1_1	tumor	NA
AGTGTCACAGAAGCAC_5_1_1	tumor	NA
AGTGTCACAGCATGAG_5_1_1	tumor	NA
AGTGTCAGTAAGCACG_5_1_1	tumor	NA
AGTGTCAGTACTTGAC_5_1_1	tumor	NA
AGTGTCAGTCTTTCAT_5_1_1	normal	NA
AGTGTCATCCATGAGT_5_1_1	tumor	NA
AGTGTCATCGTCCAGG_5_1_1	tumor	NA
AGTTGGTAGACTAAGT_5_1_1	normal	NA
AGTTGGTAGCTCAACT_5_1_1	tumor	NA
AGTTGGTAGGCCCTTG_5_1_1	tumor	NA
AGTTGGTAGGCTAGGT_5_1_1	normal	NA
AGTTGGTAGTCGATAA_5_1_1	tumor	NA
AGTTGGTCAAGCGATG_5_1_1	tumor	NA
AGTTGGTCAATGTTGC_5_1_1	tumor	NA
AGTTGGTCATCGGTTA_5_1_1	tumor	NA
AGTTGGTGTTCGGGCT_5_1_1	normal	NA
AGTTGGTTCACAGTAC_5_1_1	normal	NA
AGTTGGTTCCTTCAAT_5_1_1	tumor	NA
ATAACGCAGACGCACA_5_1_1	normal	NA
ATAACGCCAACTTGAC_5_1_1	tumor	NA
ATAACGCCAAGCGAGT_5_1_1	normal	NA
ATAACGCCACCGATAT_5_1_1	tumor	NA
ATAACGCCACTGCCAG_5_1_1	tumor	NA
ATAACGCCATGCAATC_5_1_1	tumor	NA
ATAACGCGTAAGGATT_5_1_1	normal	NA
ATAACGCGTACCAGTT_5_1_1	normal	NA
ATAACGCGTACTCTCC_5_1_1	normal	NA
ATAACGCGTAGGCATG_5_1_1	tumor	NA
ATAACGCGTCGATTGT_5_1_1	normal	NA
ATAACGCGTGCCTGGT_5_1_1	tumor	NA
ATAACGCTCCAGAGGA_5_1_1	tumor	NA
ATAACGCTCCATTCTA_5_1_1	tumor	NA
ATAACGCTCTGCAGTA_5_1_1	normal	NA
ATAAGAGAGAGAGCTC_5_1_1	normal	NA
ATAAGAGAGATCCGAG_5_1_1	normal	NA
ATAAGAGCACCTATCC_5_1_1	tumor	NA
ATAAGAGCAGCTTCGG_5_1_1	normal	NA
ATAAGAGCATGGTCAT_5_1_1	tumor	NA
ATAAGAGGTCTCATCC_5_1_1	tumor	NA
ATAAGAGGTTCACCTC_5_1_1	tumor	NA
ATAGACCAGTACGTAA_5_1_1	normal	NA
ATAGACCCACTGAAGG_5_1_1	normal	NA
ATAGACCTCCGTAGGC_5_1_1	tumor	NA
ATAGACCTCTAACTGG_5_1_1	tumor	NA
ATAGACCTCTGCCCTA_5_1_1	normal	NA
ATCACGAAGAGGGATA_5_1_1	normal	NA
ATCACGACAATGTTGC_5_1_1	tumor	NA
ATCACGACACGGTTTA_5_1_1	tumor	NA
ATCACGACATAAAGGT_5_1_1	tumor	NA
ATCACGAGTAAAGGAG_5_1_1	normal	NA
ATCACGATCCGCTGTT_5_1_1	tumor	NA
ATCATCTAGAGCTGCA_5_1_1	normal	NA
ATCATCTAGAGGGCTT_5_1_1	tumor	NA
ATCATCTAGATACACA_5_1_1	tumor	NA
ATCATCTAGATGTGTA_5_1_1	normal	NA
ATCATCTAGCTTATCG_5_1_1	normal	NA
ATCATCTAGTCCATAC_5_1_1	normal	NA
ATCATCTCAAGCGAGT_5_1_1	tumor	NA
ATCATCTCACTATCTT_5_1_1	normal	NA
ATCATCTGTACATGTC_5_1_1	tumor	NA
ATCATCTGTACCTACA_5_1_1	tumor	NA
ATCATCTGTCGCGTGT_5_1_1	tumor	NA
ATCATCTTCGACCAGC_5_1_1	tumor	NA
ATCATCTTCTGCAGTA_5_1_1	tumor	NA
ATCATCTTCTGCTTGC_5_1_1	normal	yes
ATCATGGAGAGTGACC_5_1_1	normal	NA
ATCATGGAGATGTGTA_5_1_1	tumor	NA
ATCATGGAGTCAAGCG_5_1_1	tumor	NA
ATCATGGCACACCGAC_5_1_1	tumor	NA
ATCATGGCACATGTGT_5_1_1	normal	NA
ATCATGGCAGTTCATG_5_1_1	normal	NA
ATCATGGCATGCGCAC_5_1_1	tumor	NA
ATCATGGGTATAATGG_5_1_1	normal	NA
ATCATGGGTCCCGACA_5_1_1	tumor	NA
ATCATGGTCACAGTAC_5_1_1	tumor	NA
ATCATGGTCAGTTGAC_5_1_1	tumor	NA
ATCATGGTCCAAATGC_5_1_1	tumor	NA
ATCATGGTCTACGAGT_5_1_1	tumor	NA
ATCATGGTCTATCCCG_5_1_1	tumor	NA
ATCCACCAGACCTAGG_5_1_1	normal	NA
ATCCACCAGCAGCCTC_5_1_1	normal	NA
ATCCACCAGCAGGTCA_5_1_1	tumor	NA
ATCCACCCAAGCGTAG_5_1_1	tumor	NA
ATCCACCCACATCTTT_5_1_1	tumor	NA
ATCCACCGTATGGTTC_5_1_1	normal	NA
ATCCACCTCATAAAGG_5_1_1	tumor	NA
ATCCACCTCCAAGCCG_5_1_1	normal	NA
ATCCGAAAGCGCCTTG_5_1_1	tumor	NA
ATCCGAAAGTTAGCGG_5_1_1	normal	NA
ATCCGAAAGTTGCAGG_5_1_1	normal	NA
ATCCGAAGTAACGACG_5_1_1	normal	NA
ATCCGAAGTAGGAGTC_5_1_1	tumor	NA
ATCCGAAGTCACACGC_5_1_1	tumor	NA
ATCCGAATCTAACTGG_5_1_1	tumor	NA
ATCGAGTAGTACATGA_5_1_1	tumor	NA
ATCGAGTCAATGGATA_5_1_1	normal	NA
ATCGAGTCATGCAATC_5_1_1	tumor	NA
ATCGAGTGTTGGTTTG_5_1_1	normal	NA
ATCGAGTTCCAACCAA_5_1_1	normal	NA
ATCGAGTTCTTGCATT_5_1_1	tumor	NA
ATCTACTAGCGATGAC_5_1_1	normal	NA
ATCTACTAGCTGTCTA_5_1_1	tumor	NA
ATCTACTAGGACATTA_5_1_1	tumor	NA
ATCTACTCACGGTGTC_5_1_1	tumor	NA
ATCTACTCACTGTCGG_5_1_1	tumor	NA
ATCTACTGTCTGCCAG_5_1_1	tumor	NA
ATCTACTTCCTTTCTC_5_1_1	tumor	NA
ATCTGCCAGCGGATCA_5_1_1	tumor	NA
ATCTGCCAGTTCGCGC_5_1_1	tumor	NA
ATCTGCCCAAGTTCTG_5_1_1	normal	NA
ATCTGCCCACCAGATT_5_1_1	tumor	NA
ATCTGCCCAGATCGGA_5_1_1	normal	NA
ATCTGCCGTAGTACCT_5_1_1	tumor	NA
ATCTGCCGTGAGTGAC_5_1_1	tumor	NA
ATCTGCCGTGGTACAG_5_1_1	tumor	NA
ATCTGCCTCACCTCGT_5_1_1	tumor	NA
ATCTGCCTCCAGGGCT_5_1_1	tumor	NA
ATCTGCCTCTAACCGA_5_1_1	tumor	NA
ATGAGGGAGAGTAAGG_5_1_1	normal	NA
ATGAGGGCAAGACACG_5_1_1	normal	NA
ATGAGGGCACTAGTAC_5_1_1	tumor	NA
ATGAGGGCATGTCCTC_5_1_1	normal	NA
ATGAGGGTCACCTTAT_5_1_1	tumor	NA
ATGAGGGTCACGGTTA_5_1_1	normal	NA
ATGAGGGTCATAGCAC_5_1_1	normal	NA
ATGAGGGTCTTACCTA_5_1_1	tumor	NA
ATGCGATAGCACAGGT_5_1_1	normal	NA
ATGCGATAGTCGATAA_5_1_1	normal	NA
ATGCGATCACACAGAG_5_1_1	normal	NA
ATGCGATCACGAAAGC_5_1_1	normal	NA
ATGCGATCAGTAACGG_5_1_1	normal	NA
ATGCGATTCGGAAACG_5_1_1	normal	NA
ATGCGATTCGGCCGAT_5_1_1	normal	NA
ATGGGAGAGTGGCACA_5_1_1	tumor	NA
ATGGGAGCACAACGCC_5_1_1	normal	NA
ATGGGAGCATCGACGC_5_1_1	tumor	NA
ATGGGAGCATCGATGT_5_1_1	tumor	NA
ATGGGAGGTAAACACA_5_1_1	normal	NA
ATGGGAGGTACCTACA_5_1_1	normal	NA
ATGGGAGGTTACTGAC_5_1_1	tumor	NA
ATGGGAGTCAATAAGG_5_1_1	normal	NA
ATGGGAGTCTCAACTT_5_1_1	normal	NA
ATGTGTGAGAGACTAT_5_1_1	normal	NA
ATGTGTGAGCACCGTC_5_1_1	normal	NA
ATGTGTGAGCCATCGC_5_1_1	tumor	NA
ATGTGTGAGGCATTGG_5_1_1	normal	NA
ATGTGTGAGTCCCACG_5_1_1	normal	NA
ATGTGTGCAAGCCCAC_5_1_1	normal	NA
ATGTGTGCACCAGATT_5_1_1	tumor	NA
ATGTGTGCAGCGTAAG_5_1_1	normal	NA
ATGTGTGGTCTGATCA_5_1_1	normal	NA
ATGTGTGTCCAGATCA_5_1_1	tumor	NA
ATTACTCAGATCCTGT_5_1_1	tumor	NA
ATTACTCAGATTACCC_5_1_1	tumor	NA
ATTACTCAGGCACATG_5_1_1	normal	NA
ATTACTCCAACGATGG_5_1_1	normal	NA
ATTACTCCACAGCCCA_5_1_1	tumor	NA
ATTACTCGTACACCGC_5_1_1	normal	NA
ATTACTCGTCTGCAAT_5_1_1	tumor	NA
ATTACTCTCACGCATA_5_1_1	normal	NA
ATTATCCAGAGCCCAA_5_1_1	tumor	NA
ATTATCCAGCACACAG_5_1_1	tumor	NA
ATTATCCAGTGACTCT_5_1_1	normal	NA
ATTATCCAGTGTGAAT_5_1_1	normal	NA
ATTATCCCAAAGAATC_5_1_1	normal	NA
ATTATCCCAAAGCGGT_5_1_1	tumor	NA
ATTATCCCATAGTAAG_5_1_1	tumor	NA
ATTATCCCATCACCCT_5_1_1	normal	NA
ATTATCCGTCTGATCA_5_1_1	tumor	NA
ATTATCCGTGAGGGAG_5_1_1	normal	NA
ATTATCCGTTCGTGAT_5_1_1	normal	NA
ATTATCCTCAACTCTT_5_1_1	normal	yes
ATTATCCTCAATACCG_5_1_1	tumor	NA
ATTATCCTCACCGGGT_5_1_1	tumor	NA
ATTATCCTCATGGTCA_5_1_1	normal	NA
ATTCTACAGCCAACAG_5_1_1	normal	NA
ATTCTACCAATGTTGC_5_1_1	normal	NA
ATTCTACTCACCGGGT_5_1_1	normal	NA
ATTCTACTCCGCATAA_5_1_1	tumor	NA
ATTCTACTCGCTGATA_5_1_1	tumor	NA
ATTGGACAGTTAGGTA_5_1_1	tumor	NA
ATTGGACGTCGAATCT_5_1_1	tumor	NA
ATTGGACGTCTAGTGT_5_1_1	tumor	NA
ATTGGACGTGAACCTT_5_1_1	tumor	NA
ATTGGACTCGGGAGTA_5_1_1	tumor	NA
ATTGGTGAGCAGACTG_5_1_1	normal	NA
ATTGGTGAGGCTAGGT_5_1_1	tumor	NA
ATTGGTGAGGTCATCT_5_1_1	tumor	NA
ATTGGTGCAAATCCGT_5_1_1	tumor	NA
ATTGGTGGTTACGGAG_5_1_1	tumor	NA
ATTGGTGGTTCAGTAC_5_1_1	tumor	NA
ATTGGTGTCCATGAAC_5_1_1	normal	NA
ATTTCTGAGTACCGGA_5_1_1	tumor	NA
ATTTCTGCAAGCTGGA_5_1_1	normal	NA
ATTTCTGCAAGGGTCA_5_1_1	normal	NA
ATTTCTGCAGCAGTTT_5_1_1	tumor	NA
ATTTCTGCATACAGCT_5_1_1	normal	NA
ATTTCTGCATGGTTGT_5_1_1	normal	NA
ATTTCTGGTACCGAGA_5_1_1	tumor	NA
ATTTCTGGTTATCCGA_5_1_1	normal	NA
ATTTCTGTCAAACCGT_5_1_1	tumor	NA
ATTTCTGTCAACACTG_5_1_1	tumor	NA
ATTTCTGTCAGTCCCT_5_1_1	normal	NA
ATTTCTGTCGTAGGTT_5_1_1	tumor	NA
ATTTCTGTCTAGAGTC_5_1_1	tumor	NA
ATTTCTGTCTCGATGA_5_1_1	normal	NA
CAACCAAAGATGTGGC_5_1_1	tumor	NA
CAACCAACAAACTGCT_5_1_1	normal	NA
CAACCAACACGGTTTA_5_1_1	tumor	NA
CAACCAACACGTCAGC_5_1_1	tumor	NA
CAACCAACATAAAGGT_5_1_1	normal	NA
CAACCAACATTTCACT_5_1_1	tumor	NA
CAACCAAGTCATATGC_5_1_1	tumor	NA
CAACCAATCAGCACAT_5_1_1	normal	NA
CAACCAATCGCTTAGA_5_1_1	tumor	NA
CAACCTCAGCCGCCTA_5_1_1	normal	NA
CAACCTCAGCGTGTCC_5_1_1	tumor	NA
CAACCTCAGCTAGCCC_5_1_1	tumor	NA
CAACCTCAGTCTCAAC_5_1_1	normal	NA
CAACCTCCACGTAAGG_5_1_1	normal	NA
CAACCTCCAGACAAGC_5_1_1	normal	NA
CAACCTCCATACCATG_5_1_1	normal	NA
CAACCTCGTAGATTAG_5_1_1	tumor	NA
CAACCTCGTCACACGC_5_1_1	normal	NA
CAACCTCGTTCAGACT_5_1_1	tumor	NA
CAACCTCTCAACCATG_5_1_1	tumor	NA
CAACCTCTCACGAAGG_5_1_1	normal	NA
CAACCTCTCATACGGT_5_1_1	tumor	NA
CAACCTCTCTTCTGGC_5_1_1	tumor	NA
CAACTAGAGATAGTCA_5_1_1	tumor	NA
CAACTAGAGATGTGGC_5_1_1	tumor	NA
CAACTAGCAATACGCT_5_1_1	normal	NA
CAACTAGGTAGGACAC_5_1_1	tumor	NA
CAACTAGTCATGTCTT_5_1_1	normal	NA
CAACTAGTCGATGAGG_5_1_1	normal	NA
CAAGAAAAGACAGAGA_5_1_1	tumor	NA
CAAGAAAAGCCCTAAT_5_1_1	tumor	NA
CAAGAAAAGGCCCTCA_5_1_1	tumor	NA
CAAGAAAAGTGACTCT_5_1_1	normal	NA
CAAGAAACAACACCCG_5_1_1	tumor	NA
CAAGAAACATAAAGGT_5_1_1	tumor	NA
CAAGAAAGTCTCTCTG_5_1_1	tumor	NA
CAAGAAATCAACGAAA_5_1_1	normal	NA
CAAGAAATCTCCGGTT_5_1_1	normal	NA
CAAGAAATCTCGCTTG_5_1_1	tumor	NA
CAAGATCAGCCACCTG_5_1_1	tumor	NA
CAAGATCAGGAATGGA_5_1_1	normal	NA
CAAGATCAGGTTCCTA_5_1_1	tumor	NA
CAAGATCAGTACGCGA_5_1_1	tumor	NA
CAAGATCCAACGCACC_5_1_1	normal	NA
CAAGATCCACCGAATT_5_1_1	tumor	NA
CAAGATCCATTACGAC_5_1_1	normal	NA
CAAGATCGTACGACCC_5_1_1	normal	NA
CAAGATCGTGCAGGTA_5_1_1	tumor	NA
CAAGATCGTTAAGACA_5_1_1	normal	NA
CAAGATCTCATTGCGA_5_1_1	normal	NA
CAAGATCTCCGTACAA_5_1_1	tumor	NA
CAAGATCTCGCGATCG_5_1_1	normal	NA
CAAGATCTCGTCACGG_5_1_1	normal	NA
CAAGGCCAGAGCTATA_5_1_1	normal	NA
CAAGGCCAGCCACTAT_5_1_1	normal	NA
CAAGGCCAGTCTTGCA_5_1_1	normal	NA
CAAGGCCAGTGGTCCC_5_1_1	normal	NA
CAAGGCCAGTGTGAAT_5_1_1	normal	NA
CAAGGCCCAACACCCG_5_1_1	tumor	NA
CAAGGCCCATGAAGTA_5_1_1	tumor	NA
CAAGGCCGTGGTCTCG_5_1_1	normal	NA
CAAGGCCTCAAACAAG_5_1_1	tumor	NA
CAAGGCCTCACATAGC_5_1_1	tumor	NA
CAAGGCCTCTGATTCT_5_1_1	normal	NA
CAAGTTGAGCACACAG_5_1_1	normal	NA
CAAGTTGCAAGTTAAG_5_1_1	normal	NA
CAAGTTGCACATAACC_5_1_1	tumor	NA
CAAGTTGCACGGTGTC_5_1_1	normal	NA
CAAGTTGCACGTTGGC_5_1_1	normal	NA
CAAGTTGGTACCGGCT_5_1_1	tumor	NA
CAAGTTGGTAGAAAGG_5_1_1	tumor	NA
CAAGTTGGTAGCTCCG_5_1_1	normal	NA
CAAGTTGGTGATAAAC_5_1_1	tumor	NA
CAAGTTGGTGGTCTCG_5_1_1	tumor	NA
CAAGTTGGTTATCGGT_5_1_1	tumor	NA
CAAGTTGGTTCCTCCA_5_1_1	normal	NA
CACAAACAGTTGAGTA_5_1_1	tumor	NA
CACAAACGTGAACCTT_5_1_1	tumor	NA
CACAAACGTGCGAAAC_5_1_1	normal	NA
CACAAACGTGGCTCCA_5_1_1	tumor	NA
CACAAACTCAAACGGG_5_1_1	tumor	NA
CACAAACTCCAAGTAC_5_1_1	normal	NA
CACAAACTCCACGACG_5_1_1	tumor	NA
CACACAAAGAAGCCCA_5_1_1	normal	NA
CACACAAAGGTGCACA_5_1_1	tumor	NA
CACACAAAGTGCGTGA_5_1_1	normal	NA
CACACAACAAAGTCAA_5_1_1	tumor	NA
CACACAACACAAGTAA_5_1_1	normal	NA
CACACAACACTTAAGC_5_1_1	tumor	NA
CACACCTAGACAAAGG_5_1_1	tumor	NA
CACACCTAGATGTTAG_5_1_1	tumor	NA
CACACCTAGGCTCTTA_5_1_1	tumor	NA
CACACCTCAATCGGTT_5_1_1	tumor	NA
CACACCTCACTGTTAG_5_1_1	normal	NA
CACACCTCATACAGCT_5_1_1	tumor	NA
CACACCTCATCACGAT_5_1_1	tumor	NA
CACACCTGTAGAGTGC_5_1_1	tumor	NA
CACACCTGTCGACTAT_5_1_1	normal	NA
CACACCTGTTCCACTC_5_1_1	normal	NA
CACACCTTCTGATTCT_5_1_1	tumor	NA
CACACTCAGAAACGCC_5_1_1	normal	NA
CACACTCAGATCCTGT_5_1_1	tumor	NA
CACACTCAGATGTAAC_5_1_1	normal	NA
CACACTCCAACGATGG_5_1_1	tumor	NA
CACACTCCACACGCTG_5_1_1	normal	NA
CACACTCCACAGGTTT_5_1_1	normal	NA
CACACTCGTTGGTAAA_5_1_1	tumor	NA
CACAGGCAGATCTGCT_5_1_1	tumor	NA
CACAGGCAGTGAAGAG_5_1_1	tumor	NA
CACAGGCCAAATTGCC_5_1_1	normal	NA
CACAGGCCAAGACGTG_5_1_1	tumor	NA
CACAGGCCAATGGAAT_5_1_1	tumor	NA
CACAGGCCAGATTGCT_5_1_1	tumor	NA
CACAGGCCAGCCTATA_5_1_1	tumor	NA
CACAGGCCAGGGTACA_5_1_1	normal	NA
CACAGGCCATCTACGA_5_1_1	tumor	NA
CACAGGCGTACCGTAT_5_1_1	normal	NA
CACAGGCGTATGGTTC_5_1_1	tumor	NA
CACAGGCGTCAATGTC_5_1_1	tumor	NA
CACAGGCGTGTGGTTT_5_1_1	tumor	NA
CACAGGCTCACAAACC_5_1_1	normal	NA
CACAGTAAGAAGAAGC_5_1_1	tumor	NA
CACAGTAAGATCACGG_5_1_1	normal	NA
CACAGTAAGCTGCGAA_5_1_1	normal	NA
CACAGTAAGGCTCTTA_5_1_1	tumor	NA
CACAGTACACACATGT_5_1_1	normal	NA
CACAGTACACTGTTAG_5_1_1	normal	NA
CACAGTAGTACAAGTA_5_1_1	normal	NA
CACAGTAGTAGCCTAT_5_1_1	normal	yes
CACAGTAGTCGAACAG_5_1_1	tumor	NA
CACAGTAGTCTAGTCA_5_1_1	normal	NA
CACAGTATCTACTCAT_5_1_1	normal	NA
CACATAGAGTCTTGCA_5_1_1	normal	NA
CACATAGAGTGATCGG_5_1_1	normal	NA
CACATAGAGTTCGATC_5_1_1	normal	NA
CACATAGAGTTTGCGT_5_1_1	normal	NA
CACATAGCAAGAGGCT_5_1_1	normal	NA
CACATAGCAATAACGA_5_1_1	tumor	NA
CACATAGCACTCAGGC_5_1_1	normal	NA
CACATAGGTATAGGTA_5_1_1	tumor	NA
CACATAGGTATATCCG_5_1_1	normal	NA
CACATAGGTCCGTCAG_5_1_1	tumor	NA
CACATAGGTGGGTATG_5_1_1	normal	NA
CACATAGTCAGAGCTT_5_1_1	tumor	NA
CACATAGTCATGCATG_5_1_1	normal	NA
CACATAGTCCGATATG_5_1_1	normal	NA
CACATAGTCGTTGCCT_5_1_1	tumor	NA
CACATTTAGAATGTGT_5_1_1	tumor	NA
CACATTTAGAGGACGG_5_1_1	tumor	NA
CACATTTAGCAGCCTC_5_1_1	tumor	NA
CACATTTAGGAGTAGA_5_1_1	normal	NA
CACATTTAGTCCAGGA_5_1_1	normal	NA
CACATTTAGTCCCACG_5_1_1	tumor	NA
CACATTTCACAAGCCC_5_1_1	normal	NA
CACATTTCACATCCGG_5_1_1	normal	NA
CACATTTCAGCTGCAC_5_1_1	tumor	NA
CACATTTGTCCTGCTT_5_1_1	tumor	NA
CACCACTAGCACAGGT_5_1_1	normal	NA
CACCACTAGCGATAGC_5_1_1	tumor	NA
CACCACTAGGAGTACC_5_1_1	tumor	NA
CACCACTAGGGAGTAA_5_1_1	tumor	NA
CACCACTAGTCATCCA_5_1_1	tumor	NA
CACCACTCAATGGTCT_5_1_1	tumor	NA
CACCACTCACTGTTAG_5_1_1	tumor	NA
CACCACTTCCAGAAGG_5_1_1	tumor	NA
CACCACTTCCTCGCAT_5_1_1	tumor	NA
CACCACTTCGCCAGCA_5_1_1	normal	NA
CACCAGGAGAAAGTGG_5_1_1	tumor	NA
CACCAGGAGATACACA_5_1_1	normal	NA
CACCAGGAGTTCCACA_5_1_1	tumor	NA
CACCAGGCAAGAGTCG_5_1_1	tumor	NA
CACCAGGGTAGCAAAT_5_1_1	normal	NA
CACCAGGGTGCAACGA_5_1_1	tumor	NA
CACCTTGAGACATAAC_5_1_1	normal	NA
CACCTTGAGTCCGTAT_5_1_1	tumor	NA
CACCTTGCATGGGACA_5_1_1	tumor	NA
CACCTTGGTAGTGAAT_5_1_1	normal	NA
CACCTTGGTCACAAGG_5_1_1	tumor	NA
CACCTTGGTCATCCCT_5_1_1	tumor	NA
CACCTTGTCCCTAACC_5_1_1	normal	NA
CACCTTGTCGTCTGCT_5_1_1	normal	NA
CACCTTGTCTCGTATT_5_1_1	tumor	NA
CACTCCAAGAGTGACC_5_1_1	normal	NA
CACTCCAAGGCCCTTG_5_1_1	tumor	NA
CACTCCACAAGAGTCG_5_1_1	tumor	NA
CACTCCACAAGTTAAG_5_1_1	normal	NA
CACTCCACACAGGAGT_5_1_1	normal	NA
CACTCCACACCATGTA_5_1_1	tumor	NA
CACTCCACATTCACTT_5_1_1	tumor	NA
CACTCCAGTGTGAATA_5_1_1	tumor	NA
CACTCCATCCCGGATG_5_1_1	tumor	NA
CAGAATCAGACAGACC_5_1_1	tumor	NA
CAGAATCAGCCACGTC_5_1_1	normal	NA
CAGAATCAGTAGCCGA_5_1_1	tumor	NA
CAGAATCCACATGACT_5_1_1	normal	NA
CAGAATCCACTATCTT_5_1_1	tumor	NA
CAGAATCCATCTATGG_5_1_1	tumor	NA
CAGAATCCATTGTGCA_5_1_1	normal	NA
CAGAATCGTAGGCTGA_5_1_1	tumor	NA
CAGAATCTCACAGGCC_5_1_1	normal	NA
CAGAATCTCTCTGAGA_5_1_1	tumor	NA
CAGAGAGAGGCGATAC_5_1_1	normal	NA
CAGAGAGGTCGGATCC_5_1_1	normal	NA
CAGAGAGTCATCGATG_5_1_1	normal	NA
CAGAGAGTCGGACAAG_5_1_1	normal	NA
CAGATCAAGTATCGAA_5_1_1	normal	NA
CAGATCACAAAGTGCG_5_1_1	normal	NA
CAGATCACAGGCGATA_5_1_1	tumor	NA
CAGATCACATTTCACT_5_1_1	tumor	NA
CAGATCAGTATCGCAT_5_1_1	normal	yes
CAGATCAGTGCCTGCA_5_1_1	normal	NA
CAGATCAGTTCCATGA_5_1_1	tumor	NA
CAGCAGCAGAGGTTAT_5_1_1	normal	NA
CAGCAGCAGCGTGTCC_5_1_1	normal	NA
CAGCAGCAGGAATCGC_5_1_1	normal	NA
CAGCAGCAGGAGTTTA_5_1_1	tumor	NA
CAGCAGCCAATAAGCA_5_1_1	tumor	NA
CAGCAGCCAATCTACG_5_1_1	normal	NA
CAGCAGCCATGCCTAA_5_1_1	tumor	NA
CAGCAGCCATGGTAGG_5_1_1	tumor	NA
CAGCAGCGTGGCTCCA_5_1_1	normal	NA
CAGCAGCGTTTAAGCC_5_1_1	tumor	NA
CAGCAGCTCTAACGGT_5_1_1	tumor	NA
CAGCATAAGATTACCC_5_1_1	normal	NA
CAGCATAAGCGGATCA_5_1_1	tumor	NA
CAGCATAAGCTTCGCG_5_1_1	normal	NA
CAGCATAAGTGGGTTG_5_1_1	tumor	NA
CAGCATACACACGCTG_5_1_1	tumor	NA
CAGCATAGTGTAAGTA_5_1_1	tumor	NA
CAGCATATCGACGGAA_5_1_1	normal	NA
CAGCCGAAGACTAAGT_5_1_1	tumor	NA
CAGCCGAAGGCATGGT_5_1_1	tumor	NA
CAGCCGAAGGCTCTTA_5_1_1	tumor	NA
CAGCCGACACACCGAC_5_1_1	tumor	NA
CAGCCGACACGAAACG_5_1_1	tumor	NA
CAGCCGACACTTACGA_5_1_1	normal	NA
CAGCCGACAGCCTGTG_5_1_1	tumor	NA
CAGCCGACAGTCGATT_5_1_1	tumor	NA
CAGCCGAGTACATGTC_5_1_1	normal	NA
CAGCCGAGTTTGACTG_5_1_1	normal	NA
CAGCCGATCTTGCCGT_5_1_1	tumor	NA
CAGCGACAGGCTAGGT_5_1_1	normal	NA
CAGCGACAGTCAATAG_5_1_1	tumor	NA
CAGCGACCAAACGCGA_5_1_1	tumor	NA
CAGCGACCAACACCTA_5_1_1	tumor	NA
CAGCGACCAATGGACG_5_1_1	tumor	NA
CAGCGACCACCAGTTA_5_1_1	tumor	NA
CAGCGACCACGGCGTT_5_1_1	normal	NA
CAGCGACCATAAGACA_5_1_1	tumor	NA
CAGCGACCATTCACTT_5_1_1	tumor	NA
CAGCTAAAGAGACTTA_5_1_1	tumor	NA
CAGCTAAAGTCTCGGC_5_1_1	normal	NA
CAGCTAACAACACCTA_5_1_1	normal	NA
CAGCTAACACGTCTCT_5_1_1	tumor	NA
CAGCTAAGTATATGGA_5_1_1	tumor	NA
CAGCTAAGTGACTCAT_5_1_1	tumor	NA
CAGCTGGAGAACAATC_5_1_1	tumor	NA
CAGCTGGAGGTGATAT_5_1_1	normal	NA
CAGCTGGAGTGGGTTG_5_1_1	tumor	NA
CAGCTGGCACAGGTTT_5_1_1	normal	NA
CAGCTGGCACCGAAAG_5_1_1	normal	NA
CAGCTGGCACGGACAA_5_1_1	tumor	NA
CAGCTGGGTCATCCCT_5_1_1	tumor	NA
CAGCTGGGTGATGATA_5_1_1	tumor	NA
CAGCTGGGTTGAGTTC_5_1_1	normal	NA
CAGCTGGTCATCGATG_5_1_1	tumor	NA
CAGCTGGTCCTATGTT_5_1_1	normal	NA
CAGCTGGTCTAAGCCA_5_1_1	tumor	NA
CAGGTGCAGACTAGAT_5_1_1	tumor	NA
CAGGTGCAGATCACGG_5_1_1	normal	NA
CAGGTGCAGTAGTGCG_5_1_1	normal	NA
CAGGTGCCAGACACTT_5_1_1	normal	NA
CAGGTGCCAGACGCAA_5_1_1	tumor	NA
CAGGTGCCATCGGGTC_5_1_1	tumor	NA
CAGGTGCGTAGGCATG_5_1_1	tumor	NA
CAGGTGCGTCATACTG_5_1_1	tumor	NA
CAGGTGCGTCTAGCCG_5_1_1	normal	NA
CAGGTGCGTGCCTGTG_5_1_1	tumor	NA
CAGGTGCGTTCTGAAC_5_1_1	normal	NA
CAGGTGCTCAGAGACG_5_1_1	normal	NA
CAGGTGCTCAGCGACC_5_1_1	tumor	NA
CAGGTGCTCCAGATCA_5_1_1	tumor	NA
CAGGTGCTCTTCGAGA_5_1_1	tumor	NA
CAGTAACCAGACGCAA_5_1_1	normal	NA
CAGTAACCATGTCTCC_5_1_1	normal	NA
CAGTAACGTAATAGCA_5_1_1	tumor	NA
CAGTAACGTCCCGACA_5_1_1	normal	NA
CAGTAACGTCTGCAAT_5_1_1	normal	NA
CAGTAACGTGTCGCTG_5_1_1	tumor	NA
CAGTCCTAGAAGGCCT_5_1_1	tumor	NA
CAGTCCTAGGCAGGTT_5_1_1	normal	NA
CAGTCCTCACCACGTG_5_1_1	tumor	NA
CAGTCCTGTATCTGCA_5_1_1	normal	NA
CAGTCCTGTCGCTTTC_5_1_1	normal	NA
CAGTCCTGTTCCAACA_5_1_1	tumor	NA
CAGTCCTTCAGATAAG_5_1_1	tumor	NA
CAGTCCTTCATAAAGG_5_1_1	tumor	NA
CAGTCCTTCCACGTTC_5_1_1	normal	NA
CAGTCCTTCTAGAGTC_5_1_1	tumor	NA
CAGTCCTTCTGTGCAA_5_1_1	tumor	NA
CATATGGAGACACTAA_5_1_1	normal	NA
CATATGGCACGAGGTA_5_1_1	normal	NA
CATATGGCATGTTGAC_5_1_1	normal	NA
CATATGGGTGTCTGAT_5_1_1	tumor	NA
CATATGGTCACTCCTG_5_1_1	tumor	NA
CATATGGTCGGACAAG_5_1_1	normal	NA
CATATGGTCTTACCGC_5_1_1	tumor	NA
CATATTCAGCTGCGAA_5_1_1	tumor	NA
CATATTCAGGTGACCA_5_1_1	tumor	NA
CATATTCAGTCGCCGT_5_1_1	tumor	NA
CATATTCCACCAGCAC_5_1_1	tumor	NA
CATATTCCACCGAAAG_5_1_1	tumor	NA
CATATTCGTAAAGTCA_5_1_1	normal	NA
CATATTCGTGTGACCC_5_1_1	tumor	NA
CATATTCTCAAGGCTT_5_1_1	tumor	NA
CATATTCTCCGTCAAA_5_1_1	tumor	NA
CATATTCTCTGTTTGT_5_1_1	normal	NA
CATCAAGAGCTGTCTA_5_1_1	normal	NA
CATCAAGAGGTGATTA_5_1_1	tumor	NA
CATCAAGCATTAGGCT_5_1_1	normal	NA
CATCAAGGTAGGCTGA_5_1_1	normal	NA
CATCAAGGTCTCGTTC_5_1_1	normal	NA
CATCAAGGTCTGGTCG_5_1_1	tumor	NA
CATCAAGGTGCGAAAC_5_1_1	tumor	NA
CATCAAGGTGCGCTTG_5_1_1	tumor	NA
CATCAGAAGAGACGAA_5_1_1	normal	NA
CATCAGAAGATGGCGT_5_1_1	tumor	NA
CATCAGAAGCAGGTCA_5_1_1	tumor	NA
CATCAGAAGGGTTTCT_5_1_1	tumor	NA
CATCAGACAATGAATG_5_1_1	normal	NA
CATCAGACACCCTATC_5_1_1	tumor	NA
CATCAGAGTACCGCTG_5_1_1	tumor	NA
CATCAGAGTAGCCTCG_5_1_1	normal	NA
CATCAGAGTCTACCTC_5_1_1	tumor	NA
CATCAGAGTCTCGTTC_5_1_1	tumor	NA
CATCAGAGTGACAAAT_5_1_1	tumor	NA
CATCAGATCAATACCG_5_1_1	normal	NA
CATCAGATCTGAGTGT_5_1_1	normal	NA
CATCCACAGATGCCTT_5_1_1	tumor	NA
CATCCACAGCTCTCGG_5_1_1	tumor	NA
CATCCACAGTAGCCGA_5_1_1	normal	NA
CATCCACCACTTCTGC_5_1_1	normal	NA
CATCCACCATATGCTG_5_1_1	normal	NA
CATCCACGTAGCTGCC_5_1_1	tumor	NA
CATCCACGTCGTCTTC_5_1_1	tumor	NA
CATCCACTCAACGGGA_5_1_1	tumor	NA
CATCCACTCCCACTTG_5_1_1	tumor	NA
CATCCACTCGCGGATC_5_1_1	tumor	NA
CATCCACTCGCTGATA_5_1_1	normal	NA
CATCCACTCGGTCTAA_5_1_1	tumor	NA
CATCGAAAGACTTGAA_5_1_1	normal	NA
CATCGAAAGCCCAACC_5_1_1	normal	NA
CATCGAAAGTCACGCC_5_1_1	tumor	NA
CATCGAACACCGGAAA_5_1_1	tumor	NA
CATCGAACAGTATAAG_5_1_1	tumor	NA
CATCGAACATGTCGAT_5_1_1	tumor	NA
CATCGAACATGTTGAC_5_1_1	tumor	NA
CATCGAAGTAGCTAAA_5_1_1	tumor	NA
CATCGAAGTCTAGAGG_5_1_1	normal	NA
CATCGGGAGACAAAGG_5_1_1	tumor	NA
CATCGGGAGCCCAACC_5_1_1	tumor	NA
CATCGGGCAAAGTCAA_5_1_1	normal	NA
CATCGGGCAATTGCTG_5_1_1	tumor	NA
CATCGGGCATCCTTGC_5_1_1	normal	NA
CATCGGGCATCGACGC_5_1_1	normal	NA
CATCGGGGTGTGTGCC_5_1_1	tumor	NA
CATCGGGGTTATCCGA_5_1_1	tumor	NA
CATCGGGTCATCTGTT_5_1_1	normal	NA
CATCGGGTCCTGTAGA_5_1_1	tumor	NA
CATCGGGTCGGACAAG_5_1_1	normal	NA
CATCGGGTCTAACCGA_5_1_1	normal	NA
CATCGGGTCTGGTGTA_5_1_1	tumor	NA
CATGACAAGGACAGCT_5_1_1	tumor	NA
CATGACACAAGTTAAG_5_1_1	tumor	NA
CATGACACACGGCCAT_5_1_1	normal	NA
CATGACACATCGATTG_5_1_1	normal	NA
CATGACAGTCGACTAT_5_1_1	normal	NA
CATGACAGTGTGGTTT_5_1_1	normal	NA
CATGACAGTTCGTTGA_5_1_1	tumor	NA
CATGACATCAGAGACG_5_1_1	normal	NA
CATGCCTAGTGATCGG_5_1_1	tumor	NA
CATGCCTCAAAGCAAT_5_1_1	tumor	NA
CATGCCTCAACAACCT_5_1_1	tumor	NA
CATGCCTCAGATCTGT_5_1_1	tumor	NA
CATGCCTCAGCGTCCA_5_1_1	tumor	NA
CATGCCTCAGTCAGCC_5_1_1	tumor	NA
CATGCCTGTAAACGCG_5_1_1	tumor	NA
CATGCCTGTGTGAATA_5_1_1	normal	NA
CATGGCGAGAAACCTA_5_1_1	tumor	NA
CATGGCGAGTGAACAT_5_1_1	tumor	NA
CATGGCGCAGTAAGAT_5_1_1	tumor	NA
CATGGCGGTCCCTACT_5_1_1	normal	NA
CATGGCGGTCGGCACT_5_1_1	tumor	NA
CATGGCGGTCTTGATG_5_1_1	normal	NA
CATGGCGGTGAGGCTA_5_1_1	tumor	NA
CATGGCGTCATCTGTT_5_1_1	normal	NA
CATTATCAGGCCCGTT_5_1_1	normal	NA
CATTATCCACCCATGG_5_1_1	normal	NA
CATTATCCACCTCGTT_5_1_1	tumor	NA
CATTATCCAGGTCCAC_5_1_1	normal	NA
CATTATCCATCTACGA_5_1_1	normal	NA
CATTATCGTAGCGTAG_5_1_1	normal	NA
CATTATCGTCGCATCG_5_1_1	normal	NA
CATTATCTCAAACCAC_5_1_1	normal	NA
CATTATCTCAACACCA_5_1_1	normal	NA
CATTCGCAGAGTAATC_5_1_1	normal	NA
CATTCGCAGTACCGGA_5_1_1	normal	NA
CATTCGCCAATCTACG_5_1_1	tumor	NA
CATTCGCCAATTGCTG_5_1_1	normal	NA
CATTCGCGTAGAGCTG_5_1_1	normal	NA
CATTCGCGTAGGACAC_5_1_1	normal	NA
CATTCGCTCAGAGACG_5_1_1	tumor	NA
CATTCGCTCTTTCCTC_5_1_1	tumor	NA
CCAATCCAGGCGACAT_5_1_1	tumor	NA
CCAATCCAGGTGTTAA_5_1_1	normal	NA
CCAATCCCAACTGCGC_5_1_1	normal	NA
CCAATCCCATTGAGCT_5_1_1	tumor	NA
CCAATCCGTCTGCAAT_5_1_1	normal	NA
CCAATCCGTTAAAGAC_5_1_1	tumor	NA
CCAATCCTCCAACCAA_5_1_1	tumor	NA
CCAATCCTCGGTGTTA_5_1_1	tumor	NA
CCACCTAAGACAAGCC_5_1_1	tumor	NA
CCACCTAAGAGGGCTT_5_1_1	tumor	NA
CCACCTAAGCCATCGC_5_1_1	tumor	NA
CCACCTAAGCCCAATT_5_1_1	tumor	NA
CCACCTAAGGCTAGGT_5_1_1	normal	NA
CCACCTAAGGGTCTCC_5_1_1	tumor	NA
CCACCTAAGTATCGAA_5_1_1	tumor	NA
CCACCTACAACACCTA_5_1_1	normal	NA
CCACCTACACAGGTTT_5_1_1	normal	NA
CCACCTACAGTAACGG_5_1_1	tumor	NA
CCACCTACATGGTTGT_5_1_1	normal	NA
CCACCTAGTAAACCTC_5_1_1	tumor	NA
CCACCTATCAGAAATG_5_1_1	tumor	NA
CCACCTATCCTTCAAT_5_1_1	normal	NA
CCACGGAAGAGCTTCT_5_1_1	tumor	NA
CCACGGAAGATGCCTT_5_1_1	tumor	NA
CCACGGAAGCCAGTTT_5_1_1	normal	NA
CCACGGACACATTCGA_5_1_1	normal	NA
CCACGGACACGGACAA_5_1_1	normal	NA
CCACGGACAGGGAGAG_5_1_1	normal	NA
CCACGGAGTCTCTTAT_5_1_1	tumor	NA
CCACGGAGTTTGACTG_5_1_1	normal	NA
CCACGGATCACCTTAT_5_1_1	tumor	NA
CCACGGATCATAACCG_5_1_1	tumor	NA
CCACTACAGAGACGAA_5_1_1	normal	NA
CCACTACAGTGCGTGA_5_1_1	normal	NA
CCACTACCAACAACCT_5_1_1	tumor	NA
CCACTACCAAGCCATT_5_1_1	tumor	NA
CCACTACCACCACGTG_5_1_1	normal	NA
CCACTACCAGACAAGC_5_1_1	tumor	NA
CCACTACCATGACATC_5_1_1	normal	NA
CCACTACGTAAACACA_5_1_1	normal	NA
CCACTACGTAGGCATG_5_1_1	tumor	NA
CCACTACGTGGTAACG_5_1_1	normal	NA
CCACTACTCAGTTTGG_5_1_1	tumor	NA
CCACTACTCGTAGGAG_5_1_1	tumor	NA
CCACTACTCTGCGGCA_5_1_1	normal	NA
CCACTACTCTTGAGGT_5_1_1	tumor	NA
CCAGCGAAGAGCTATA_5_1_1	normal	NA
CCAGCGAAGATACACA_5_1_1	tumor	NA
CCAGCGAAGTACGACG_5_1_1	normal	NA
CCAGCGACAAGGTGTG_5_1_1	tumor	NA
CCAGCGAGTAAGGATT_5_1_1	tumor	NA
CCAGCGAGTCAGAGGT_5_1_1	tumor	NA
CCAGCGAGTCCGCTGA_5_1_1	normal	NA
CCAGCGAGTTCAGACT_5_1_1	normal	NA
CCAGCGATCACCAGGC_5_1_1	normal	NA
CCAGCGATCGTGGACC_5_1_1	normal	NA
CCAGCGATCGTTACAG_5_1_1	tumor	NA
CCATGTCAGACCGGAT_5_1_1	tumor	NA
CCATGTCAGATCGGGT_5_1_1	tumor	NA
CCATGTCAGTCAAGCG_5_1_1	normal	NA
CCATGTCAGTGGGATC_5_1_1	tumor	NA
CCATGTCAGTGTTAGA_5_1_1	tumor	NA
CCATGTCCAGGAATCG_5_1_1	normal	NA
CCATGTCGTCGCATAT_5_1_1	tumor	NA
CCATGTCGTGACTCAT_5_1_1	tumor	NA
CCATGTCGTGCAGTAG_5_1_1	tumor	NA
CCATGTCGTTCATGGT_5_1_1	normal	NA
CCATGTCTCCCAAGAT_5_1_1	tumor	NA
CCATGTCTCGCGCCAA_5_1_1	normal	NA
CCATGTCTCTCCGGTT_5_1_1	normal	NA
CCATTCGAGAATGTGT_5_1_1	tumor	NA
CCATTCGAGGCGCTCT_5_1_1	normal	NA
CCATTCGCATGCCCGA_5_1_1	tumor	NA
CCATTCGGTAATAGCA_5_1_1	tumor	NA
CCATTCGGTCTCTCTG_5_1_1	normal	NA
CCATTCGGTGAAGGCT_5_1_1	tumor	NA
CCATTCGGTTGAGTTC_5_1_1	tumor	NA
CCATTCGGTTGTCTTT_5_1_1	tumor	NA
CCATTCGTCCGTACAA_5_1_1	tumor	NA
CCCAATCAGATAGCAT_5_1_1	normal	NA
CCCAATCAGCCAACAG_5_1_1	normal	NA
CCCAATCAGCGTTTAC_5_1_1	normal	NA
CCCAATCAGTAGGTGC_5_1_1	tumor	NA
CCCAATCAGTGGAGAA_5_1_1	tumor	NA
CCCAATCCAATCCGAT_5_1_1	tumor	NA
CCCAATCCAGGAATCG_5_1_1	tumor	NA
CCCAATCCAGGACGTA_5_1_1	tumor	NA
CCCAATCCATGGTTGT_5_1_1	tumor	NA
CCCAATCGTAGGGACT_5_1_1	normal	NA
CCCAATCGTCGAGATG_5_1_1	tumor	NA
CCCAATCGTGACTACT_5_1_1	normal	NA
CCCAATCGTGAGTATA_5_1_1	tumor	NA
CCCAATCGTGATAAAC_5_1_1	normal	NA
CCCAATCGTTCGTCTC_5_1_1	normal	NA
CCCAATCTCAGTTAGC_5_1_1	tumor	NA
CCCAATCTCGTTGCCT_5_1_1	tumor	NA
CCCAGTTAGAAACCGC_5_1_1	normal	NA
CCCAGTTAGAGCTTCT_5_1_1	normal	NA
CCCAGTTAGGATCGCA_5_1_1	normal	NA
CCCAGTTCAAACGCGA_5_1_1	tumor	NA
CCCAGTTCAATAACGA_5_1_1	tumor	NA
CCCAGTTGTCTAGGTT_5_1_1	tumor	NA
CCCAGTTGTGCAGACA_5_1_1	normal	NA
CCCAGTTGTGTCTGAT_5_1_1	tumor	NA
CCCAGTTGTGTGGTTT_5_1_1	tumor	NA
CCCAGTTTCAGCGACC_5_1_1	normal	NA
CCCAGTTTCTCCCTGA_5_1_1	normal	NA
CCCATACAGATATGCA_5_1_1	tumor	NA
CCCATACAGATCCTGT_5_1_1	normal	NA
CCCATACAGCGCCTTG_5_1_1	tumor	NA
CCCATACAGTGAACGC_5_1_1	tumor	NA
CCCATACCATCAGTCA_5_1_1	normal	NA
CCCATACGTTCTGTTT_5_1_1	normal	NA
CCCATACTCTTAACCT_5_1_1	normal	NA
CCCTCCTAGCCAGTAG_5_1_1	normal	NA
CCCTCCTAGGACATTA_5_1_1	tumor	NA
CCCTCCTCAAATTGCC_5_1_1	tumor	NA
CCCTCCTCAAGAAAGG_5_1_1	tumor	NA
CCCTCCTCAGCGTCCA_5_1_1	tumor	NA
CCCTCCTCATATGAGA_5_1_1	tumor	NA
CCCTCCTCATGCATGT_5_1_1	normal	NA
CCCTCCTCATGCTGGC_5_1_1	tumor	NA
CCCTCCTGTCATATCG_5_1_1	normal	NA
CCCTCCTGTCCTCTTG_5_1_1	normal	NA
CCCTCCTGTCTCAACA_5_1_1	tumor	NA
CCCTCCTTCAAGGTAA_5_1_1	tumor	NA
CCCTCCTTCACCACCT_5_1_1	normal	NA
CCCTCCTTCCTTGACC_5_1_1	normal	NA
CCGGGATAGATGGCGT_5_1_1	tumor	NA
CCGGGATAGCGATATA_5_1_1	tumor	NA
CCGGGATCAAGCTGAG_5_1_1	tumor	NA
CCGGGATCACGGTGTC_5_1_1	normal	NA
CCGGGATCAGTATCTG_5_1_1	tumor	NA
CCGGGATCATTGGGCC_5_1_1	tumor	NA
CCGGGATGTAGAGTGC_5_1_1	normal	NA
CCGGGATGTTGCTCCT_5_1_1	tumor	NA
CCGGGATTCAATCTCT_5_1_1	tumor	NA
CCGGGATTCTACTCAT_5_1_1	normal	NA
CCGGTAGAGAAGATTC_5_1_1	tumor	NA
CCGGTAGAGACGCAAC_5_1_1	tumor	NA
CCGGTAGAGACTAAGT_5_1_1	tumor	NA
CCGGTAGAGCAACGGT_5_1_1	normal	NA
CCGGTAGAGGTTACCT_5_1_1	normal	NA
CCGGTAGAGTGTCCAT_5_1_1	tumor	NA
CCGGTAGCAAGTTGTC_5_1_1	tumor	NA
CCGGTAGCACATCCAA_5_1_1	tumor	NA
CCGGTAGCACCCATGG_5_1_1	tumor	NA
CCGGTAGCAGCGATCC_5_1_1	normal	NA
CCGGTAGGTATGAAAC_5_1_1	normal	NA
CCGGTAGGTCCAACTA_5_1_1	normal	NA
CCGGTAGGTTTAAGCC_5_1_1	tumor	NA
CCGGTAGTCACCGTAA_5_1_1	normal	NA
CCGGTAGTCGAATCCA_5_1_1	tumor	NA
CCGGTAGTCTAGCACA_5_1_1	tumor	NA
CCGTACTAGTCCAGGA_5_1_1	normal	NA
CCGTACTCAACAACCT_5_1_1	normal	NA
CCGTACTCACGCCAGT_5_1_1	normal	NA
CCGTACTGTAAATACG_5_1_1	normal	NA
CCGTACTGTAGAAAGG_5_1_1	tumor	NA
CCGTACTGTCCGAACC_5_1_1	tumor	NA
CCGTACTGTCGCTTCT_5_1_1	tumor	NA
CCGTACTGTTTCCACC_5_1_1	normal	NA
CCGTACTTCCAAACAC_5_1_1	tumor	NA
CCGTACTTCCTAAGTG_5_1_1	normal	NA
CCGTGGAAGACCGGAT_5_1_1	tumor	NA
CCGTGGAAGCTAGTTC_5_1_1	tumor	NA
CCGTGGAAGTCGTACT_5_1_1	normal	NA
CCGTGGAAGTTCGCGC_5_1_1	tumor	NA
CCGTGGACAACTTGAC_5_1_1	normal	NA
CCGTGGACACCAGCAC_5_1_1	tumor	NA
CCGTGGACAGGGTATG_5_1_1	normal	NA
CCGTGGACATGAAGTA_5_1_1	tumor	NA
CCGTGGAGTGTTCTTT_5_1_1	normal	NA
CCGTGGAGTTCCACAA_5_1_1	tumor	NA
CCGTGGAGTTTAAGCC_5_1_1	normal	NA
CCGTGGATCACTCTTA_5_1_1	tumor	NA
CCGTTCAAGAATTCCC_5_1_1	normal	NA
CCGTTCAAGGGTTTCT_5_1_1	tumor	NA
CCGTTCACAAACCTAC_5_1_1	normal	yes
CCGTTCACACTACAGT_5_1_1	normal	NA
CCGTTCAGTGTGGCTC_5_1_1	tumor	NA
CCGTTCAGTTACGTCA_5_1_1	tumor	NA
CCGTTCATCTGCGTAA_5_1_1	tumor	NA
CCTAAAGAGCGACGTA_5_1_1	tumor	NA
CCTAAAGAGCTACCGC_5_1_1	tumor	NA
CCTAAAGAGGGCATGT_5_1_1	normal	NA
CCTAAAGAGGGTTTCT_5_1_1	tumor	NA
CCTAAAGCAAGGACTG_5_1_1	tumor	NA
CCTAAAGCAGGCTGAA_5_1_1	tumor	NA
CCTAAAGGTCTGGTCG_5_1_1	tumor	NA
CCTAAAGGTGATAAGT_5_1_1	tumor	NA
CCTAAAGTCCCTCTTT_5_1_1	tumor	NA
CCTAAAGTCTGAGTGT_5_1_1	tumor	NA
CCTACACAGGACATTA_5_1_1	tumor	NA
CCTACACAGGATGGTC_5_1_1	normal	NA
CCTACACCAAGTAGTA_5_1_1	normal	NA
CCTACACCACCTCGTT_5_1_1	normal	NA
CCTACACTCATTTGGG_5_1_1	tumor	NA
CCTACACTCTCACATT_5_1_1	normal	NA
CCTACACTCTCCTATA_5_1_1	normal	NA
CCTACCAAGCAGGCTA_5_1_1	normal	NA
CCTACCAAGGAGCGTT_5_1_1	normal	NA
CCTACCAAGGCACATG_5_1_1	normal	NA
CCTACCACAAGTACCT_5_1_1	tumor	NA
CCTACCACAGTCCTTC_5_1_1	normal	NA
CCTACCACATGTCCTC_5_1_1	tumor	NA
CCTACCACATTGTGCA_5_1_1	tumor	NA
CCTACCAGTAGCACGA_5_1_1	normal	NA
CCTACCAGTCAAACTC_5_1_1	tumor	NA
CCTACCAGTCCTAGCG_5_1_1	normal	NA
CCTACCAGTTTCGCTC_5_1_1	tumor	NA
CCTACCATCTGGCGAC_5_1_1	tumor	NA
CCTAGCTGTAAATACG_5_1_1	normal	NA
CCTAGCTGTCAACATC_5_1_1	tumor	NA
CCTAGCTTCACTTATC_5_1_1	normal	NA
CCTAGCTTCCAATGGT_5_1_1	tumor	NA
CCTAGCTTCCAGTATG_5_1_1	tumor	NA
CCTAGCTTCGCCATAA_5_1_1	tumor	NA
CCTAGCTTCTGCAAGT_5_1_1	normal	NA
CCTAGCTTCTTCGGTC_5_1_1	tumor	NA
CCTATTACACAGGCCT_5_1_1	normal	NA
CCTATTAGTAAGTAGT_5_1_1	tumor	NA
CCTATTAGTGATAAGT_5_1_1	normal	NA
CCTATTAGTTAGAACA_5_1_1	tumor	NA
CCTCAGTAGAACAATC_5_1_1	tumor	NA
CCTCAGTAGCATGGCA_5_1_1	tumor	NA
CCTCAGTAGCCTATGT_5_1_1	normal	NA
CCTCAGTAGGCTCTTA_5_1_1	normal	NA
CCTCAGTAGTCGTACT_5_1_1	tumor	NA
CCTCAGTCAGCTTAAC_5_1_1	normal	NA
CCTCAGTCAGTTAACC_5_1_1	tumor	NA
CCTCAGTGTAGGAGTC_5_1_1	tumor	NA
CCTCAGTGTCTGCAAT_5_1_1	tumor	NA
CCTCAGTTCCGGGTGT_5_1_1	tumor	NA
CCTCAGTTCGAACGGA_5_1_1	tumor	NA
CCTCTGAAGTGTCTCA_5_1_1	tumor	NA
CCTCTGACACGAAGCA_5_1_1	tumor	NA
CCTCTGACACTGTGTA_5_1_1	normal	NA
CCTCTGACAGAAGCAC_5_1_1	normal	NA
CCTCTGACAGGGTTAG_5_1_1	tumor	NA
CCTCTGAGTATAAACG_5_1_1	normal	NA
CCTCTGAGTCCTCCAT_5_1_1	tumor	NA
CCTCTGAGTTCAGACT_5_1_1	tumor	NA
CCTCTGATCCGAGCCA_5_1_1	normal	NA
CCTTACGAGGGATACC_5_1_1	tumor	NA
CCTTACGCACTCAGGC_5_1_1	tumor	NA
CCTTACGCAGACAAAT_5_1_1	tumor	NA
CCTTACGCAGTTCATG_5_1_1	tumor	NA
CCTTACGCATCGACGC_5_1_1	normal	NA
CCTTACGGTAACGCGA_5_1_1	tumor	NA
CCTTACGTCACATGCA_5_1_1	normal	NA
CCTTACGTCGAGAGCA_5_1_1	tumor	NA
CCTTACGTCGTGACAT_5_1_1	normal	NA
CCTTACGTCTAAGCCA_5_1_1	tumor	NA
CCTTCCCAGATAGTCA_5_1_1	normal	NA
CCTTCCCAGGCCATAG_5_1_1	tumor	NA
CCTTCCCCAGGTGGAT_5_1_1	normal	NA
CCTTCCCGTTCCGGCA_5_1_1	tumor	NA
CCTTCCCGTTTGGCGC_5_1_1	tumor	NA
CCTTCCCTCGATAGAA_5_1_1	normal	NA
CCTTCCCTCGCATGAT_5_1_1	normal	NA
CCTTCCCTCTAGCACA_5_1_1	tumor	NA
CCTTCGACAAAGAATC_5_1_1	tumor	NA
CCTTCGACACTTCGAA_5_1_1	tumor	NA
CCTTCGAGTGACTACT_5_1_1	normal	NA
CCTTCGAGTGCATCTA_5_1_1	tumor	NA
CCTTCGAGTGGTTTCA_5_1_1	tumor	NA
CCTTCGATCTCTGCTG_5_1_1	normal	NA
CCTTTCTAGAATTGTG_5_1_1	tumor	NA
CCTTTCTAGAGAACAG_5_1_1	tumor	NA
CCTTTCTCACTGTGTA_5_1_1	normal	NA
CCTTTCTCAGGTTTCA_5_1_1	normal	NA
CCTTTCTCATACGCTA_5_1_1	normal	NA
CCTTTCTGTAAAGGAG_5_1_1	normal	NA
CCTTTCTGTATAGGTA_5_1_1	normal	NA
CCTTTCTTCACGCGGT_5_1_1	normal	NA
CCTTTCTTCAGCTTAG_5_1_1	tumor	NA
CCTTTCTTCTGGTTCC_5_1_1	normal	yes
CGAACATAGCCCTAAT_5_1_1	tumor	NA
CGAACATAGCTACCGC_5_1_1	normal	NA
CGAACATAGTACATGA_5_1_1	normal	NA
CGAACATAGTATGACA_5_1_1	tumor	NA
CGAACATAGTCCGTAT_5_1_1	normal	NA
CGAACATCATAGACTC_5_1_1	tumor	NA
CGAACATCATCCGTGG_5_1_1	normal	NA
CGAACATGTATAGGTA_5_1_1	tumor	NA
CGAACATGTGTAACGG_5_1_1	tumor	NA
CGAACATGTTACTGAC_5_1_1	normal	NA
CGAACATGTTGCGCAC_5_1_1	normal	NA
CGAACATTCAGTCCCT_5_1_1	tumor	NA
CGAACATTCATCTGTT_5_1_1	normal	NA
CGAACATTCTATCCCG_5_1_1	tumor	NA
CGAACATTCTATGTGG_5_1_1	tumor	NA
CGAACATTCTCGCATC_5_1_1	normal	NA
CGAATGTCACTCAGGC_5_1_1	tumor	NA
CGAATGTCATGCAACT_5_1_1	tumor	NA
CGAATGTGTAAGTAGT_5_1_1	tumor	NA
CGAATGTGTCAGATAA_5_1_1	normal	NA
CGAATGTGTCCATGAT_5_1_1	tumor	NA
CGAATGTGTTCCCGAG_5_1_1	normal	NA
CGAATGTTCGCAGGCT_5_1_1	normal	NA
CGACCTTAGAGACGAA_5_1_1	normal	NA
CGACCTTAGTCCAGGA_5_1_1	tumor	NA
CGACCTTAGTGCCAGA_5_1_1	tumor	NA
CGACCTTAGTGCGATG_5_1_1	normal	NA
CGACCTTCAAAGTCAA_5_1_1	tumor	NA
CGACCTTCACCTCGTT_5_1_1	tumor	NA
CGACCTTCATATGCTG_5_1_1	tumor	NA
CGACCTTCATCCAACA_5_1_1	tumor	NA
CGACCTTCATCCCACT_5_1_1	tumor	NA
CGACCTTGTGGCAAAC_5_1_1	tumor	NA
CGACCTTTCAGCTTAG_5_1_1	tumor	NA
CGACCTTTCGAATCCA_5_1_1	normal	NA
CGACCTTTCGCCGTGA_5_1_1	normal	NA
CGACCTTTCGTTACAG_5_1_1	normal	NA
CGACTTCAGGAGTTGC_5_1_1	tumor	NA
CGACTTCAGGTTACCT_5_1_1	normal	NA
CGACTTCAGTAGCCGA_5_1_1	tumor	NA
CGACTTCAGTGAAGTT_5_1_1	tumor	NA
CGACTTCAGTGGACGT_5_1_1	tumor	NA
CGACTTCCAACGCACC_5_1_1	normal	NA
CGACTTCCACAGGCCT_5_1_1	normal	NA
CGACTTCCATCAGTCA_5_1_1	tumor	NA
CGACTTCCATCGATGT_5_1_1	tumor	NA
CGACTTCCATTTCAGG_5_1_1	normal	NA
CGACTTCGTACAGTTC_5_1_1	tumor	NA
CGACTTCGTGCAACGA_5_1_1	normal	NA
CGACTTCTCACTCTTA_5_1_1	tumor	NA
CGACTTCTCGCTAGCG_5_1_1	normal	yes
CGACTTCTCTGCGGCA_5_1_1	tumor	NA
CGAGAAGAGATCCTGT_5_1_1	normal	NA
CGAGAAGAGCTACCTA_5_1_1	tumor	NA
CGAGAAGTCACTGGGC_5_1_1	normal	NA
CGAGAAGTCCTAGTGA_5_1_1	tumor	NA
CGAGAAGTCGGAGGTA_5_1_1	tumor	NA
CGAGCACAGACGACGT_5_1_1	normal	NA
CGAGCACAGCGACGTA_5_1_1	normal	NA
CGAGCACAGTGGAGAA_5_1_1	tumor	NA
CGAGCACCACCGAATT_5_1_1	normal	NA
CGAGCACCAGGTGGAT_5_1_1	tumor	NA
CGAGCACGTACAGTGG_5_1_1	normal	NA
CGAGCACGTCGTGGCT_5_1_1	normal	NA
CGAGCACTCGTTGACA_5_1_1	tumor	NA
CGAGCACTCTCGGACG_5_1_1	tumor	NA
CGAGCCACAATAGCAA_5_1_1	tumor	NA
CGAGCCACACGCGAAA_5_1_1	tumor	NA
CGAGCCACATGCATGT_5_1_1	normal	NA
CGAGCCAGTCTAGCGC_5_1_1	normal	NA
CGAGCCATCAACACTG_5_1_1	normal	NA
CGAGCCATCAGTTTGG_5_1_1	normal	NA
CGAGCCATCCAAGCCG_5_1_1	normal	NA
CGAGCCATCCGCTGTT_5_1_1	normal	NA
CGATCGGAGGTGACCA_5_1_1	tumor	NA
CGATCGGAGGTGTGGT_5_1_1	normal	NA
CGATCGGCACGGTGTC_5_1_1	normal	NA
CGATCGGGTAAGTAGT_5_1_1	normal	NA
CGATCGGGTCCTAGCG_5_1_1	tumor	NA
CGATCGGGTGGACGAT_5_1_1	tumor	NA
CGATCGGGTTGTTTGG_5_1_1	normal	NA
CGATCGGTCAAGAAGT_5_1_1	tumor	NA
CGATCGGTCAGCCTAA_5_1_1	tumor	NA
CGATCGGTCGGAGGTA_5_1_1	tumor	NA
CGATGGCAGCGGCTTC_5_1_1	tumor	NA
CGATGGCAGTAGATGT_5_1_1	tumor	NA
CGATGGCCACCTTGTC_5_1_1	normal	NA
CGATGGCCACGCATCG_5_1_1	normal	NA
CGATGGCGTTTGTTGG_5_1_1	tumor	NA
CGATGGCTCCACTCCA_5_1_1	tumor	NA
CGATGGCTCCCTGACT_5_1_1	tumor	NA
CGATGTAAGAAACCGC_5_1_1	normal	NA
CGATGTAAGACAGGCT_5_1_1	normal	NA
CGATGTAAGCGAGAAA_5_1_1	tumor	NA
CGATGTAAGCGATATA_5_1_1	tumor	NA
CGATGTACAATGCCAT_5_1_1	normal	NA
CGATGTAGTAGCGCTC_5_1_1	tumor	NA
CGATGTAGTCGCGAAA_5_1_1	tumor	NA
CGATGTAGTCTCTTAT_5_1_1	tumor	NA
CGATGTATCAATAAGG_5_1_1	tumor	NA
CGATGTATCCCAACGG_5_1_1	tumor	NA
CGATGTATCTTGTCAT_5_1_1	tumor	NA
CGATTGAAGTGTTAGA_5_1_1	tumor	NA
CGATTGACAAATTGCC_5_1_1	normal	NA
CGATTGACACTCAGGC_5_1_1	tumor	NA
CGATTGAGTAACGCGA_5_1_1	normal	NA
CGATTGAGTCCTAGCG_5_1_1	normal	NA
CGATTGAGTCTTCTCG_5_1_1	normal	NA
CGATTGAGTTACGACT_5_1_1	normal	NA
CGATTGAGTTGCTCCT_5_1_1	tumor	NA
CGATTGATCACTATTC_5_1_1	normal	NA
CGATTGATCGAACTGT_5_1_1	normal	NA
CGATTGATCGATGAGG_5_1_1	normal	NA
CGATTGATCTACCTGC_5_1_1	normal	NA
CGATTGATCTCAAACG_5_1_1	normal	NA
CGCCAAGAGATAGTCA_5_1_1	tumor	NA
CGCCAAGAGCGTCTAT_5_1_1	tumor	NA
CGCCAAGCACAGGCCT_5_1_1	normal	NA
CGCCAAGCACATGACT_5_1_1	tumor	NA
CGCCAAGCAGTGGGAT_5_1_1	normal	NA
CGCCAAGTCTCCGGTT_5_1_1	normal	NA
CGCGGTAAGCACCGCT_5_1_1	tumor	NA
CGCGGTAAGCTAGTTC_5_1_1	tumor	NA
CGCGGTACACATGGGA_5_1_1	normal	NA
CGCGGTAGTCATTAGC_5_1_1	normal	NA
CGCGTTTAGAGCCCAA_5_1_1	tumor	NA
CGCGTTTAGGACGAAA_5_1_1	normal	NA
CGCGTTTCACCAGGTC_5_1_1	tumor	NA
CGCGTTTCACGGCGTT_5_1_1	tumor	NA
CGCGTTTCAGCGTTCG_5_1_1	tumor	NA
CGCGTTTGTACGAAAT_5_1_1	normal	NA
CGCGTTTGTAGAGCTG_5_1_1	normal	NA
CGCGTTTGTCCGTTAA_5_1_1	tumor	NA
CGCGTTTTCGAATCCA_5_1_1	tumor	NA
CGCTATCAGACTCGGA_5_1_1	normal	NA
CGCTATCAGGAGTCTG_5_1_1	normal	NA
CGCTATCAGTGGGATC_5_1_1	normal	NA
CGCTATCCACCTGGTG_5_1_1	normal	NA
CGCTATCCAGTCACTA_5_1_1	tumor	NA
CGCTATCCATGGGACA_5_1_1	normal	NA
CGCTATCGTAATCGTC_5_1_1	normal	NA
CGCTATCGTGAAGGCT_5_1_1	normal	NA
CGCTATCGTGCAGGTA_5_1_1	normal	NA
CGCTATCGTTCCACGG_5_1_1	tumor	NA
CGCTATCTCACATACG_5_1_1	normal	NA
CGCTATCTCAGCCTAA_5_1_1	tumor	NA
CGCTGGAAGAAACGAG_5_1_1	normal	NA
CGCTGGAAGACCTTTG_5_1_1	tumor	NA
CGCTGGAAGATGCCTT_5_1_1	tumor	NA
CGCTGGAAGGTCATCT_5_1_1	tumor	NA
CGCTGGACACCCAGTG_5_1_1	tumor	NA
CGCTGGACATTTCACT_5_1_1	normal	NA
CGCTGGAGTACTTAGC_5_1_1	tumor	NA
CGCTGGAGTACTTGAC_5_1_1	normal	NA
CGCTGGAGTCATATCG_5_1_1	normal	NA
CGCTGGAGTCGACTGC_5_1_1	tumor	NA
CGCTGGAGTCTTCAAG_5_1_1	tumor	NA
CGCTGGATCGGAGCAA_5_1_1	tumor	NA
CGCTGGATCTCACATT_5_1_1	normal	NA
CGCTGGATCTGCCAGG_5_1_1	tumor	NA
CGCTTCACAGCCTATA_5_1_1	tumor	NA
CGCTTCAGTCAGAATA_5_1_1	normal	NA
CGCTTCAGTCCTCCAT_5_1_1	tumor	NA
CGCTTCAGTGTGACGA_5_1_1	tumor	NA
CGCTTCATCAGCATGT_5_1_1	normal	NA
CGCTTCATCCCAGGTG_5_1_1	normal	NA
CGCTTCATCGGATGGA_5_1_1	normal	NA
CGGACACAGAAGCCCA_5_1_1	tumor	NA
CGGACACCAAGTAATG_5_1_1	tumor	NA
CGGACACCAGATTGCT_5_1_1	tumor	NA
CGGACACGTAGCGCAA_5_1_1	normal	NA
CGGACACGTCGACTGC_5_1_1	normal	NA
CGGACACTCAATCACG_5_1_1	tumor	NA
CGGACACTCCGAATGT_5_1_1	normal	NA
CGGACGTAGAGTACAT_5_1_1	normal	NA
CGGACGTAGTCCGTAT_5_1_1	tumor	NA
CGGACGTCACTGTCGG_5_1_1	normal	NA
CGGACGTCATAGTAAG_5_1_1	normal	NA
CGGACGTCATGCATGT_5_1_1	tumor	NA
CGGACGTCATGGTCTA_5_1_1	tumor	NA
CGGACGTGTAAATACG_5_1_1	tumor	NA
CGGACGTGTGGTCTCG_5_1_1	tumor	NA
CGGACGTTCATAAAGG_5_1_1	normal	NA
CGGACGTTCGAACGGA_5_1_1	normal	NA
CGGACGTTCTCCTATA_5_1_1	normal	NA
CGGACTGAGGTGACCA_5_1_1	tumor	NA
CGGACTGAGTGTACGG_5_1_1	tumor	NA
CGGACTGCACATCCAA_5_1_1	normal	NA
CGGACTGCACCAGATT_5_1_1	normal	NA
CGGACTGGTAAGGGCT_5_1_1	tumor	NA
CGGACTGGTGGACGAT_5_1_1	tumor	NA
CGGACTGGTTCAGTAC_5_1_1	tumor	NA
CGGACTGTCACCCTCA_5_1_1	normal	NA
CGGACTGTCTCTGTCG_5_1_1	normal	NA
CGGAGCTAGGATCGCA_5_1_1	tumor	NA
CGGAGCTCAAGCCATT_5_1_1	normal	NA
CGGAGCTCACACTGCG_5_1_1	normal	NA
CGGAGCTCACGTAAGG_5_1_1	normal	NA
CGGAGCTCAGCTGCTG_5_1_1	tumor	NA
CGGAGCTGTCAACATC_5_1_1	normal	NA
CGGAGTCAGCAATATG_5_1_1	tumor	NA
CGGAGTCAGCTCCTCT_5_1_1	tumor	NA
CGGAGTCAGGACCACA_5_1_1	tumor	NA
CGGAGTCAGGCTAGAC_5_1_1	tumor	NA
CGGAGTCAGGTGACCA_5_1_1	tumor	NA
CGGAGTCCAATAAGCA_5_1_1	tumor	NA
CGGAGTCCACTAAGTC_5_1_1	normal	NA
CGGAGTCCAGACAAAT_5_1_1	tumor	NA
CGGAGTCCATGCATGT_5_1_1	tumor	NA
CGGAGTCCATTCGACA_5_1_1	normal	NA
CGGAGTCGTCTGATTG_5_1_1	tumor	NA
CGGAGTCGTCTTGATG_5_1_1	tumor	NA
CGGAGTCGTGACGGTA_5_1_1	tumor	NA
CGGAGTCGTGCACTTA_5_1_1	tumor	NA
CGGAGTCGTTCACGGC_5_1_1	normal	NA
CGGAGTCTCCCTCAGT_5_1_1	tumor	NA
CGGCTAGAGATTACCC_5_1_1	normal	NA
CGGCTAGAGCGACGTA_5_1_1	tumor	NA
CGGCTAGAGGCAATTA_5_1_1	tumor	NA
CGGCTAGGTAAATACG_5_1_1	tumor	NA
CGGCTAGTCCAGAAGG_5_1_1	normal	NA
CGGGTCAAGAAGATTC_5_1_1	tumor	NA
CGGGTCAAGAGGTTAT_5_1_1	normal	NA
CGGGTCAAGTTCGCGC_5_1_1	normal	NA
CGGGTCACAAACCCAT_5_1_1	tumor	NA
CGGGTCACAGGAACGT_5_1_1	normal	NA
CGGGTCACATACCATG_5_1_1	tumor	NA
CGGGTCAGTCGGCTCA_5_1_1	tumor	NA
CGGGTCAGTCTAGGTT_5_1_1	tumor	NA
CGGGTCAGTTCTGGTA_5_1_1	tumor	NA
CGGGTCATCACCACCT_5_1_1	normal	NA
CGGGTCATCTCTGAGA_5_1_1	tumor	NA
CGGTTAAAGCCTTGAT_5_1_1	tumor	NA
CGGTTAAAGGAATGGA_5_1_1	tumor	NA
CGGTTAAAGGCTATCT_5_1_1	tumor	NA
CGGTTAAAGTGCCAGA_5_1_1	normal	NA
CGGTTAACATCGTCGG_5_1_1	tumor	NA
CGGTTAAGTGCATCTA_5_1_1	tumor	NA
CGGTTAAGTGGTAACG_5_1_1	tumor	NA
CGTAGCGAGGAGTTGC_5_1_1	tumor	NA
CGTAGCGAGTAGATGT_5_1_1	tumor	NA
CGTAGCGCAAGGACAC_5_1_1	normal	NA
CGTAGCGCAGGTGGAT_5_1_1	normal	NA
CGTAGCGCATATACCG_5_1_1	normal	yes
CGTAGCGCATGAACCT_5_1_1	normal	NA
CGTAGCGGTCAGCTAT_5_1_1	tumor	NA
CGTAGCGGTCGAGATG_5_1_1	normal	NA
CGTAGGCAGGATATAC_5_1_1	tumor	NA
CGTAGGCAGGCAAAGA_5_1_1	tumor	NA
CGTAGGCGTACTCAAC_5_1_1	tumor	NA
CGTAGGCGTCATGCAT_5_1_1	tumor	NA
CGTAGGCGTCGAAAGC_5_1_1	normal	NA
CGTAGGCGTCGTTGTA_5_1_1	tumor	NA
CGTAGGCGTGTGCGTC_5_1_1	tumor	NA
CGTAGGCTCAGCAACT_5_1_1	normal	NA
CGTAGGCTCATTTGGG_5_1_1	tumor	NA
CGTAGGCTCGAACTGT_5_1_1	normal	NA
CGTAGGCTCGGTCCGA_5_1_1	tumor	NA
CGTAGGCTCGTGACAT_5_1_1	tumor	NA
CGTCACTAGGCATTGG_5_1_1	normal	NA
CGTCACTAGTCCATAC_5_1_1	normal	NA
CGTCACTAGTTCGCGC_5_1_1	tumor	NA
CGTCACTCACACCGAC_5_1_1	tumor	NA
CGTCACTCAGTATCTG_5_1_1	normal	NA
CGTCACTCATATACGC_5_1_1	tumor	NA
CGTCACTGTACCGGCT_5_1_1	tumor	NA
CGTCACTGTCGGCACT_5_1_1	tumor	NA
CGTCACTGTCTCCACT_5_1_1	tumor	NA
CGTCACTGTCTCTTTA_5_1_1	tumor	NA
CGTCACTGTGAGTGAC_5_1_1	tumor	NA
CGTCACTTCACAAACC_5_1_1	normal	NA
CGTCACTTCATGCATG_5_1_1	tumor	NA
CGTCAGGAGGGCTCTC_5_1_1	normal	NA
CGTCAGGCATGGATGG_5_1_1	normal	NA
CGTCAGGGTCTCTCGT_5_1_1	normal	NA
CGTCAGGTCAGTTGAC_5_1_1	normal	NA
CGTCAGGTCCAAACAC_5_1_1	tumor	NA
CGTCAGGTCTCGCTTG_5_1_1	normal	NA
CGTCCATAGTACATGA_5_1_1	normal	NA
CGTCCATCAGCTGGCT_5_1_1	normal	NA
CGTCCATCAGTCGATT_5_1_1	tumor	NA
CGTCCATGTATTCGTG_5_1_1	normal	NA
CGTCCATGTTCGAATC_5_1_1	tumor	NA
CGTCCATTCTATGTGG_5_1_1	normal	NA
CGTCCATTCTCCAACC_5_1_1	normal	NA
CGTCTACAGATCCTGT_5_1_1	normal	NA
CGTCTACAGCACAGGT_5_1_1	tumor	NA
CGTCTACAGCTGCGAA_5_1_1	normal	NA
CGTCTACAGTGCCAGA_5_1_1	tumor	NA
CGTCTACCATACTCTT_5_1_1	tumor	NA
CGTCTACGTAAGTGTA_5_1_1	normal	NA
CGTCTACGTTAAGTAG_5_1_1	tumor	NA
CGTCTACTCAGCTCTC_5_1_1	tumor	NA
CGTCTACTCATTATCC_5_1_1	tumor	NA
CGTCTACTCCGAACGC_5_1_1	tumor	NA
CGTGAGCAGTGACTCT_5_1_1	tumor	NA
CGTGAGCCATGCGCAC_5_1_1	tumor	NA
CGTGAGCCATTACCTT_5_1_1	tumor	NA
CGTGAGCGTACTCGCG_5_1_1	normal	NA
CGTGAGCGTCAGCTAT_5_1_1	tumor	NA
CGTGAGCGTGATGTCT_5_1_1	normal	NA
CGTGAGCTCAATCTCT_5_1_1	tumor	NA
CGTGAGCTCCAATGGT_5_1_1	tumor	NA
CGTGAGCTCCTCTAGC_5_1_1	tumor	NA
CGTGAGCTCGTCTGAA_5_1_1	normal	yes
CGTGAGCTCTAACTGG_5_1_1	normal	NA
CGTGTAAAGAAACCTA_5_1_1	normal	NA
CGTGTAAAGCGTCAAG_5_1_1	normal	NA
CGTGTAAAGCTAGTCT_5_1_1	tumor	NA
CGTGTAAAGGCACATG_5_1_1	tumor	NA
CGTGTAAAGGTGCTAG_5_1_1	normal	NA
CGTGTAACAGCCTTGG_5_1_1	tumor	NA
CGTGTAACAGTGAGTG_5_1_1	normal	NA
CGTGTAACATGATCCA_5_1_1	tumor	NA
CGTGTAACATGCAATC_5_1_1	tumor	NA
CGTGTAAGTCTAGCCG_5_1_1	tumor	NA
CGTGTAAGTCTCTCGT_5_1_1	tumor	NA
CGTGTAATCTCACATT_5_1_1	normal	NA
CGTGTCTAGGATCGCA_5_1_1	tumor	NA
CGTGTCTCAAGGTTCT_5_1_1	normal	NA
CGTGTCTCATCCGCGA_5_1_1	normal	NA
CGTGTCTGTAAGAGGA_5_1_1	tumor	NA
CGTGTCTTCAATCACG_5_1_1	normal	NA
CGTGTCTTCGACAGCC_5_1_1	tumor	NA
CGTTAGAAGCCGGTAA_5_1_1	tumor	NA
CGTTAGAAGCCGTCGT_5_1_1	normal	NA
CGTTAGAAGCGATTCT_5_1_1	tumor	NA
CGTTAGACAGCCTGTG_5_1_1	tumor	NA
CGTTAGACAGCTGTGC_5_1_1	tumor	NA
CGTTAGACAGTATCTG_5_1_1	tumor	NA
CGTTAGAGTATCACCA_5_1_1	tumor	NA
CGTTAGAGTGTGAATA_5_1_1	tumor	NA
CGTTAGAGTTGACGTT_5_1_1	normal	yes
CGTTAGATCCAAACTG_5_1_1	tumor	NA
CGTTAGATCGCATGAT_5_1_1	tumor	NA
CGTTCTGAGGCTACGA_5_1_1	tumor	NA
CGTTCTGAGTATGACA_5_1_1	tumor	NA
CGTTCTGCACCTGGTG_5_1_1	normal	NA
CGTTCTGCAGACGTAG_5_1_1	normal	NA
CGTTCTGCAGACTCGC_5_1_1	tumor	NA
CGTTCTGGTTAAGGGC_5_1_1	normal	NA
CGTTCTGGTTATCGGT_5_1_1	tumor	NA
CGTTCTGTCAGTGTTG_5_1_1	normal	NA
CGTTCTGTCTTAGCCC_5_1_1	normal	NA
CGTTGGGAGATCTGAA_5_1_1	tumor	NA
CGTTGGGCAAACCTAC_5_1_1	tumor	NA
CGTTGGGCACAGTCGC_5_1_1	tumor	NA
CGTTGGGCAGCATACT_5_1_1	normal	NA
CGTTGGGGTGACGCCT_5_1_1	tumor	NA
CGTTGGGTCATCGGAT_5_1_1	normal	NA
CGTTGGGTCCCAAGAT_5_1_1	tumor	NA
CGTTGGGTCGGAAATA_5_1_1	tumor	NA
CTAACTTAGCCTATGT_5_1_1	tumor	NA
CTAACTTGTAAATACG_5_1_1	tumor	NA
CTAACTTGTATAATGG_5_1_1	normal	NA
CTAACTTGTCGCTTCT_5_1_1	tumor	NA
CTAACTTGTTGGTGGA_5_1_1	tumor	NA
CTAACTTGTTGTTTGG_5_1_1	normal	NA
CTAACTTTCACAATGC_5_1_1	tumor	NA
CTAACTTTCATGGTCA_5_1_1	normal	NA
CTAACTTTCGTAGGAG_5_1_1	normal	NA
CTAACTTTCTGAGTGT_5_1_1	tumor	NA
CTAAGACCACCGTTGG_5_1_1	tumor	NA
CTAAGACGTCGACTGC_5_1_1	tumor	NA
CTAAGACGTGCAACGA_5_1_1	normal	NA
CTAAGACTCAGAGGTG_5_1_1	normal	NA
CTAAGACTCGAACTGT_5_1_1	normal	NA
CTAATGGAGATACACA_5_1_1	tumor	NA
CTAATGGAGTGCGTGA_5_1_1	normal	NA
CTAATGGCAGATGGGT_5_1_1	normal	NA
CTAATGGCAGTAACGG_5_1_1	normal	NA
CTAATGGGTAAAGTCA_5_1_1	tumor	NA
CTAATGGGTAACGCGA_5_1_1	tumor	NA
CTAATGGGTTATTCTC_5_1_1	tumor	NA
CTAATGGGTTGGTAAA_5_1_1	normal	NA
CTAATGGTCACCACCT_5_1_1	normal	NA
CTAATGGTCGCAAACT_5_1_1	normal	NA
CTAATGGTCTTCTGGC_5_1_1	tumor	NA
CTAATGGTCTTGGGTA_5_1_1	tumor	NA
CTACACCAGAGTACAT_5_1_1	tumor	NA
CTACACCCAAACAACA_5_1_1	tumor	NA
CTACACCCAACTGCTA_5_1_1	normal	NA
CTACACCGTACAGACG_5_1_1	tumor	NA
CTACACCGTCGCGTGT_5_1_1	tumor	NA
CTACACCTCAACGAAA_5_1_1	normal	NA
CTACACCTCCCACTTG_5_1_1	tumor	NA
CTACACCTCTTAGAGC_5_1_1	tumor	NA
CTACATTAGAATGTGT_5_1_1	normal	NA
CTACATTAGACTAAGT_5_1_1	tumor	NA
CTACATTAGGAGTCTG_5_1_1	normal	NA
CTACATTAGTATCTCG_5_1_1	tumor	NA
CTACATTCACGTCTCT_5_1_1	tumor	NA
CTACATTCATATGCTG_5_1_1	tumor	NA
CTACATTCATCGATGT_5_1_1	normal	NA
CTACATTGTACCGTTA_5_1_1	tumor	NA
CTACATTGTAGCTTGT_5_1_1	tumor	NA
CTACATTTCATAGCAC_5_1_1	normal	NA
CTACATTTCATTCACT_5_1_1	tumor	NA
CTACATTTCCTGCTTG_5_1_1	normal	NA
CTACCCAAGCTCCTTC_5_1_1	normal	NA
CTACCCAAGGAATCGC_5_1_1	tumor	NA
CTACCCAAGTACGTTC_5_1_1	normal	NA
CTACCCAAGTTACCCA_5_1_1	tumor	NA
CTACCCACACACGCTG_5_1_1	tumor	NA
CTACCCACACCAGTTA_5_1_1	tumor	NA
CTACCCACACCCAGTG_5_1_1	normal	NA
CTACCCACACGTGAGA_5_1_1	tumor	NA
CTACCCACAGTCGATT_5_1_1	normal	NA
CTACCCAGTAGAGCTG_5_1_1	tumor	NA
CTACCCAGTGATGTGG_5_1_1	tumor	NA
CTACCCATCTTATCTG_5_1_1	tumor	NA
CTACGTCAGGACAGCT_5_1_1	tumor	NA
CTACGTCAGGTGTGGT_5_1_1	normal	NA
CTACGTCAGTACGTTC_5_1_1	tumor	NA
CTACGTCAGTAGCGGT_5_1_1	tumor	NA
CTACGTCCACAGACTT_5_1_1	normal	NA
CTACGTCCACTGAAGG_5_1_1	normal	NA
CTACGTCGTACAAGTA_5_1_1	tumor	NA
CTACGTCTCCAAGTAC_5_1_1	tumor	NA
CTAGAGTAGTGCGATG_5_1_1	normal	NA
CTAGAGTCAAACGCGA_5_1_1	normal	NA
CTAGAGTCATTTCAGG_5_1_1	normal	NA
CTAGAGTGTACTTAGC_5_1_1	normal	NA
CTAGAGTGTAGCCTCG_5_1_1	tumor	NA
CTAGAGTGTCTAGTCA_5_1_1	normal	NA
CTAGAGTTCGGTGTCG_5_1_1	tumor	NA
CTAGAGTTCTTTACGT_5_1_1	tumor	NA
CTAGCCTAGCCTCGTG_5_1_1	normal	NA
CTAGCCTAGGGAGTAA_5_1_1	normal	NA
CTAGCCTCAAGCCATT_5_1_1	tumor	NA
CTAGCCTCACGAAATA_5_1_1	normal	NA
CTAGCCTGTGAGGGAG_5_1_1	tumor	NA
CTAGCCTTCAAGCCTA_5_1_1	tumor	NA
CTAGCCTTCCCAAGAT_5_1_1	tumor	NA
CTAGCCTTCCCTAATT_5_1_1	normal	NA
CTAGCCTTCCTAGGGC_5_1_1	tumor	NA
CTAGCCTTCGCTAGCG_5_1_1	normal	NA
CTAGTGAAGACAGAGA_5_1_1	tumor	NA
CTAGTGAAGCTGTTCA_5_1_1	normal	NA
CTAGTGAAGTAGATGT_5_1_1	normal	NA
CTAGTGACACACAGAG_5_1_1	tumor	NA
CTAGTGACAGCTCGCA_5_1_1	tumor	NA
CTAGTGACATCATCCC_5_1_1	tumor	NA
CTAGTGACATCGATGT_5_1_1	tumor	NA
CTAGTGACATCGGTTA_5_1_1	tumor	NA
CTAGTGACATGGTCAT_5_1_1	normal	NA
CTAGTGAGTACAGTTC_5_1_1	normal	NA
CTAGTGAGTGAACCTT_5_1_1	tumor	NA
CTAGTGAGTGCATCTA_5_1_1	normal	NA
CTAGTGAGTTCACGGC_5_1_1	normal	NA
CTAGTGAGTTCTGAAC_5_1_1	normal	NA
CTAGTGATCATGCATG_5_1_1	normal	NA
CTAGTGATCGTGACAT_5_1_1	normal	yes
CTAGTGATCTACCAGA_5_1_1	tumor	NA
CTCACACAGAGGTTGC_5_1_1	normal	NA
CTCACACCAATTCCTT_5_1_1	tumor	NA
CTCACACCACGAAGCA_5_1_1	normal	NA
CTCACACGTCAGTGGA_5_1_1	normal	NA
CTCACACGTCCTCTTG_5_1_1	tumor	NA
CTCACACGTCGGCATC_5_1_1	tumor	NA
CTCACACGTTGGACCC_5_1_1	tumor	NA
CTCACACTCCGTCATC_5_1_1	normal	NA
CTCACACTCGGCGCAT_5_1_1	tumor	NA
CTCACACTCGTTGCCT_5_1_1	tumor	NA
CTCACACTCTCCAACC_5_1_1	normal	NA
CTCACACTCTGGTTCC_5_1_1	normal	NA
CTCAGAAAGACAGACC_5_1_1	tumor	NA
CTCAGAAAGCTAACAA_5_1_1	tumor	NA
CTCAGAAAGTTAGCGG_5_1_1	tumor	NA
CTCAGAACAACACCCG_5_1_1	tumor	NA
CTCAGAACAGTTCATG_5_1_1	tumor	NA
CTCAGAACATCTCGCT_5_1_1	tumor	NA
CTCAGAACATGCTAGT_5_1_1	normal	NA
CTCAGAAGTCGAACAG_5_1_1	normal	NA
CTCAGAATCACGACTA_5_1_1	tumor	NA
CTCAGAATCCGAATGT_5_1_1	normal	NA
CTCAGAATCCTACAGA_5_1_1	tumor	NA
CTCAGAATCGCGGATC_5_1_1	tumor	NA
CTCAGAATCTCGCTTG_5_1_1	normal	NA
CTCAGAATCTTTACGT_5_1_1	normal	NA
CTCATTACACGGCTAC_5_1_1	tumor	NA
CTCATTACAGCGATCC_5_1_1	tumor	NA
CTCATTACATGCCACG_5_1_1	normal	NA
CTCATTAGTCAGAATA_5_1_1	normal	NA
CTCATTAGTCCTGCTT_5_1_1	normal	NA
CTCATTATCAAACCGT_5_1_1	tumor	NA
CTCATTATCAAACGGG_5_1_1	tumor	NA
CTCATTATCGGCGCTA_5_1_1	tumor	NA
CTCCTAGAGCTAACAA_5_1_1	normal	NA
CTCCTAGAGGCATGTG_5_1_1	normal	NA
CTCCTAGCAATCCGAT_5_1_1	normal	NA
CTCCTAGCAGTAAGCG_5_1_1	normal	NA
CTCCTAGGTGTGAAAT_5_1_1	tumor	NA
CTCCTAGGTTCGCGAC_5_1_1	normal	NA
CTCCTAGGTTCGCTAA_5_1_1	tumor	NA
CTCCTAGGTTGCCTCT_5_1_1	normal	NA
CTCCTAGTCACGAAGG_5_1_1	tumor	NA
CTCGAAAAGTTAAGTG_5_1_1	tumor	NA
CTCGAAACACCGATAT_5_1_1	tumor	NA
CTCGAAACAGTCAGAG_5_1_1	normal	NA
CTCGAAAGTACCAGTT_5_1_1	tumor	NA
CTCGAAAGTACGCACC_5_1_1	normal	NA
CTCGAAAGTCAATACC_5_1_1	normal	NA
CTCGAAAGTCAGTGGA_5_1_1	tumor	NA
CTCGAAAGTCCTCCAT_5_1_1	normal	NA
CTCGAAAGTTTGCATG_5_1_1	tumor	NA
CTCGAAATCCACGACG_5_1_1	normal	NA
CTCGAGGAGATCGGGT_5_1_1	tumor	NA
CTCGAGGAGCGATTCT_5_1_1	normal	NA
CTCGAGGAGCGTGAGT_5_1_1	normal	NA
CTCGAGGAGTACATGA_5_1_1	normal	NA
CTCGAGGCACGGACAA_5_1_1	normal	NA
CTCGAGGCAGGAATGC_5_1_1	normal	NA
CTCGAGGCAGGTGCCT_5_1_1	normal	NA
CTCGAGGCATCCAACA_5_1_1	normal	NA
CTCGAGGGTAAGGGCT_5_1_1	tumor	NA
CTCGAGGGTCCTGCTT_5_1_1	normal	NA
CTCGAGGGTCTTGTCC_5_1_1	normal	NA
CTCGAGGGTGCTAGCC_5_1_1	normal	NA
CTCGAGGTCCTGCCAT_5_1_1	tumor	NA
CTCGAGGTCGCCGTGA_5_1_1	tumor	NA
CTCGGAGAGATCGGGT_5_1_1	tumor	NA
CTCGGAGAGTTAGCGG_5_1_1	tumor	NA
CTCGGAGCAGGCTGAA_5_1_1	tumor	NA
CTCGGAGCAGTAAGAT_5_1_1	normal	NA
CTCGGAGGTCAGAGGT_5_1_1	normal	NA
CTCGGAGGTGACGGTA_5_1_1	tumor	NA
CTCGGAGGTTGATTGC_5_1_1	tumor	NA
CTCGGAGTCAAGAAGT_5_1_1	tumor	NA
CTCGGAGTCCTGCAGG_5_1_1	normal	NA
CTCGGAGTCTTACCTA_5_1_1	normal	NA
CTCGGGAAGACTACAA_5_1_1	tumor	NA
CTCGGGAAGTGTCTCA_5_1_1	tumor	NA
CTCGGGACACCGAAAG_5_1_1	tumor	NA
CTCGGGACATAAAGGT_5_1_1	tumor	NA
CTCGGGACATGGTAGG_5_1_1	tumor	NA
CTCGGGACATGGTCTA_5_1_1	tumor	NA
CTCGGGACATTTCACT_5_1_1	tumor	NA
CTCGGGAGTCCCGACA_5_1_1	tumor	NA
CTCGGGAGTTGTACAC_5_1_1	tumor	NA
CTCGGGATCATGCTCC_5_1_1	normal	NA
CTCGGGATCCTATTCA_5_1_1	normal	NA
CTCGGGATCTATCCTA_5_1_1	normal	NA
CTCGGGATCTGTCAAG_5_1_1	normal	NA
CTCGGGATCTTTACGT_5_1_1	tumor	NA
CTCGTACAGGCCCGTT_5_1_1	normal	NA
CTCGTACAGGTTACCT_5_1_1	tumor	NA
CTCGTACCAAAGAATC_5_1_1	tumor	NA
CTCGTACCACCGAAAG_5_1_1	normal	NA
CTCGTACTCACCGTAA_5_1_1	normal	NA
CTCGTACTCACTATTC_5_1_1	normal	NA
CTCGTACTCCAACCAA_5_1_1	normal	NA
CTCGTACTCGTTGACA_5_1_1	tumor	NA
CTCGTCAAGCCACGTC_5_1_1	tumor	NA
CTCGTCAAGGCTACGA_5_1_1	normal	NA
CTCGTCAAGGGATACC_5_1_1	normal	NA
CTCGTCAAGGTGGGTT_5_1_1	normal	NA
CTCGTCAAGTAGCCGA_5_1_1	tumor	NA
CTCGTCAAGTCCAGGA_5_1_1	tumor	NA
CTCGTCACAAGCCGCT_5_1_1	tumor	NA
CTCGTCACACCGAATT_5_1_1	normal	NA
CTCGTCACAGTGACAG_5_1_1	tumor	NA
CTCGTCAGTAGCTCCG_5_1_1	tumor	NA
CTCGTCAGTCCTAGCG_5_1_1	normal	NA
CTCGTCAGTGACCAAG_5_1_1	tumor	NA
CTCGTCAGTTTACTCT_5_1_1	tumor	NA
CTCGTCATCAACACTG_5_1_1	tumor	NA
CTCGTCATCTCGGACG_5_1_1	tumor	NA
CTCTAATAGACTAAGT_5_1_1	tumor	NA
CTCTAATAGCTGTCTA_5_1_1	tumor	NA
CTCTAATCACCAACCG_5_1_1	normal	NA
CTCTAATTCACTCCTG_5_1_1	tumor	NA
CTCTAATTCTCTGTCG_5_1_1	tumor	NA
CTCTACGAGTGTGAAT_5_1_1	tumor	NA
CTCTACGCACAGGAGT_5_1_1	normal	NA
CTCTACGCACCGGAAA_5_1_1	tumor	NA
CTCTACGGTCTGATCA_5_1_1	normal	NA
CTCTACGTCGTTTAGG_5_1_1	tumor	NA
CTCTGGTCAAGAGGCT_5_1_1	tumor	NA
CTCTGGTCAATCACAC_5_1_1	tumor	NA
CTCTGGTCATATGGTC_5_1_1	tumor	NA
CTCTGGTGTAAACCTC_5_1_1	tumor	NA
CTCTGGTGTACATCCA_5_1_1	tumor	NA
CTCTGGTGTATTACCG_5_1_1	normal	NA
CTCTGGTGTCGACTAT_5_1_1	tumor	NA
CTCTGGTGTGCGATAG_5_1_1	tumor	NA
CTCTGGTGTTACCGAT_5_1_1	normal	NA
CTCTGGTTCCAATGGT_5_1_1	normal	NA
CTGAAACAGACAGACC_5_1_1	tumor	NA
CTGAAACAGACCACGA_5_1_1	normal	NA
CTGAAACAGGCAATTA_5_1_1	normal	NA
CTGAAACCAACTTGAC_5_1_1	normal	NA
CTGAAACCACTTCTGC_5_1_1	tumor	NA
CTGAAACGTATATGGA_5_1_1	tumor	NA
CTGAAACGTCCAACTA_5_1_1	tumor	NA
CTGAAACGTGACGCCT_5_1_1	normal	NA
CTGAAACGTTACGGAG_5_1_1	tumor	NA
CTGAAACTCTGCAAGT_5_1_1	tumor	NA
CTGAAGTAGCAGACTG_5_1_1	tumor	NA
CTGAAGTAGGGCTCTC_5_1_1	tumor	NA
CTGAAGTAGTAATCCC_5_1_1	tumor	NA
CTGAAGTCAAACGTGG_5_1_1	normal	NA
CTGAAGTCAACTGGCC_5_1_1	tumor	NA
CTGAAGTCAAGCCGTC_5_1_1	normal	NA
CTGAAGTCAAGTAATG_5_1_1	tumor	NA
CTGAAGTCACCCATTC_5_1_1	normal	NA
CTGAAGTCATCACAAC_5_1_1	tumor	NA
CTGAAGTGTATGGTTC_5_1_1	tumor	NA
CTGAAGTGTCGCTTTC_5_1_1	tumor	NA
CTGAAGTGTCGGCACT_5_1_1	normal	NA
CTGAAGTGTGGTGTAG_5_1_1	tumor	NA
CTGAAGTGTTAAGGGC_5_1_1	normal	NA
CTGAAGTGTTTAGGAA_5_1_1	tumor	NA
CTGAAGTTCCTAAGTG_5_1_1	tumor	NA
CTGAAGTTCGTGGGAA_5_1_1	tumor	NA
CTGAAGTTCTATGTGG_5_1_1	normal	NA
CTGAAGTTCTCCGGTT_5_1_1	normal	NA
CTGATAGAGATGTGTA_5_1_1	normal	NA
CTGATAGAGGTGCACA_5_1_1	tumor	NA
CTGATAGAGGTTACCT_5_1_1	normal	NA
CTGATAGCACAGGAGT_5_1_1	normal	NA
CTGATAGCACTAGTAC_5_1_1	normal	NA
CTGATAGCATAGACTC_5_1_1	tumor	NA
CTGATAGGTATCGCAT_5_1_1	normal	NA
CTGATAGGTCGAATCT_5_1_1	tumor	NA
CTGATAGTCAGTCAGT_5_1_1	normal	NA
CTGATAGTCCAGTAGT_5_1_1	normal	NA
CTGATAGTCCGGCACA_5_1_1	normal	NA
CTGATCCAGATCACGG_5_1_1	tumor	NA
CTGATCCAGGATGGTC_5_1_1	normal	NA
CTGATCCAGTACGTAA_5_1_1	tumor	NA
CTGATCCCAAAGAATC_5_1_1	tumor	NA
CTGATCCCACAGGAGT_5_1_1	tumor	NA
CTGATCCGTATAATGG_5_1_1	tumor	NA
CTGATCCGTCTTCAAG_5_1_1	tumor	NA
CTGATCCTCCCTCAGT_5_1_1	tumor	NA
CTGATCCTCGGCCGAT_5_1_1	normal	NA
CTGATCCTCTTAACCT_5_1_1	tumor	NA
CTGCCTAAGAAACCGC_5_1_1	tumor	NA
CTGCCTAAGAATTCCC_5_1_1	tumor	NA
CTGCCTAAGATACACA_5_1_1	normal	NA
CTGCCTAAGGTGCAAC_5_1_1	tumor	NA
CTGCCTAAGGTTCCTA_5_1_1	tumor	NA
CTGCCTACAAGGACTG_5_1_1	tumor	NA
CTGCCTAGTCGCGAAA_5_1_1	tumor	NA
CTGCCTATCCGCGCAA_5_1_1	tumor	NA
CTGCCTATCGCCGTGA_5_1_1	normal	NA
CTGCCTATCGTCGTTC_5_1_1	normal	NA
CTGCCTATCTCCAGGG_5_1_1	normal	NA
CTGCCTATCTGTCCGT_5_1_1	tumor	NA
CTGCGGAAGGGAACGG_5_1_1	tumor	NA
CTGCGGAAGTCAAGCG_5_1_1	normal	NA
CTGCGGAGTTATCGGT_5_1_1	tumor	NA
CTGCGGAGTTCCAACA_5_1_1	normal	NA
CTGCGGATCAGGTAAA_5_1_1	tumor	NA
CTGCGGATCTTATCTG_5_1_1	normal	NA
CTGCTGTAGCCACTAT_5_1_1	tumor	NA
CTGCTGTAGCCCTAAT_5_1_1	normal	NA
CTGCTGTAGGGTCTCC_5_1_1	normal	NA
CTGCTGTGTATCACCA_5_1_1	normal	NA
CTGCTGTGTCACACGC_5_1_1	normal	NA
CTGCTGTGTGCAGGTA_5_1_1	tumor	NA
CTGCTGTGTTTGGGCC_5_1_1	tumor	NA
CTGCTGTTCACTCTTA_5_1_1	normal	NA
CTGCTGTTCCAAGTAC_5_1_1	normal	NA
CTGCTGTTCGTCACGG_5_1_1	normal	NA
CTGGTCTAGTAATCCC_5_1_1	normal	NA
CTGGTCTAGTGGAGTC_5_1_1	normal	NA
CTGGTCTAGTTGAGAT_5_1_1	normal	NA
CTGGTCTCAATGGACG_5_1_1	tumor	NA
CTGGTCTCACGGATAG_5_1_1	tumor	NA
CTGGTCTCAGCCACCA_5_1_1	tumor	NA
CTGGTCTCAGTCAGCC_5_1_1	tumor	NA
CTGGTCTGTACCGCTG_5_1_1	tumor	NA
CTGGTCTGTCAAAGAT_5_1_1	tumor	NA
CTGGTCTGTCGGCACT_5_1_1	tumor	NA
CTGGTCTTCCTATGTT_5_1_1	normal	NA
CTGGTCTTCGGCGCAT_5_1_1	tumor	NA
CTGGTCTTCTACTTAC_5_1_1	normal	NA
CTGGTCTTCTCTAGGA_5_1_1	normal	NA
CTGTGCTAGATAGTCA_5_1_1	tumor	NA
CTGTGCTAGTTCGCAT_5_1_1	tumor	NA
CTGTGCTCATTAACCG_5_1_1	normal	NA
CTGTGCTCATTCACTT_5_1_1	tumor	NA
CTGTGCTTCCGAACGC_5_1_1	normal	NA
CTGTGCTTCCGCATAA_5_1_1	tumor	NA
CTGTTTAAGGGTGTTG_5_1_1	tumor	NA
CTGTTTACACCAGGTC_5_1_1	normal	NA
CTGTTTACACCGTTGG_5_1_1	tumor	NA
CTGTTTACACGCCAGT_5_1_1	tumor	NA
CTGTTTAGTAAATGTG_5_1_1	tumor	NA
CTGTTTATCCACGTTC_5_1_1	tumor	NA
CTGTTTATCGATAGAA_5_1_1	normal	NA
CTGTTTATCTCTGTCG_5_1_1	tumor	NA
CTTAACTAGATCGGGT_5_1_1	normal	NA
CTTAACTAGTATCTCG_5_1_1	normal	NA
CTTAACTCAAGAAAGG_5_1_1	tumor	NA
CTTAACTGTAGGAGTC_5_1_1	tumor	NA
CTTAACTGTGAGTATA_5_1_1	tumor	NA
CTTAACTGTTGAGTTC_5_1_1	normal	NA
CTTAACTGTTGATTGC_5_1_1	normal	NA
CTTAACTGTTGCCTCT_5_1_1	normal	NA
CTTAACTTCATACGGT_5_1_1	normal	NA
CTTAACTTCCAGGGCT_5_1_1	tumor	NA
CTTACCGAGTACACCT_5_1_1	tumor	NA
CTTACCGCAAGTTCTG_5_1_1	tumor	NA
CTTACCGCACACATGT_5_1_1	tumor	NA
CTTACCGCACAGGCCT_5_1_1	normal	NA
CTTACCGCACCTCGTT_5_1_1	tumor	NA
CTTACCGGTTACCGAT_5_1_1	normal	NA
CTTACCGTCACTTCAT_5_1_1	normal	NA
CTTACCGTCCATGAGT_5_1_1	tumor	NA
CTTACCGTCCCTCAGT_5_1_1	normal	NA
CTTACCGTCCGAGCCA_5_1_1	tumor	NA
CTTACCGTCCTGCTTG_5_1_1	tumor	NA
CTTACCGTCGGAATCT_5_1_1	normal	NA
CTTAGGAAGAAACCAT_5_1_1	normal	NA
CTTAGGAAGGCCCGTT_5_1_1	normal	NA
CTTAGGAAGTCTCCTC_5_1_1	normal	NA
CTTAGGACAAAGGAAG_5_1_1	normal	NA
CTTAGGACAACGATGG_5_1_1	tumor	NA
CTTAGGACAAGTCTAC_5_1_1	tumor	NA
CTTAGGACAATTGCTG_5_1_1	normal	NA
CTTAGGACATGCCACG_5_1_1	normal	NA
CTTAGGAGTCAGGACA_5_1_1	tumor	NA
CTTAGGAGTCCGAAGA_5_1_1	normal	NA
CTTAGGATCTCTAGGA_5_1_1	tumor	NA
CTTCTCTAGAAGGTGA_5_1_1	tumor	NA
CTTCTCTAGATCTGAA_5_1_1	normal	NA
CTTCTCTAGCGATATA_5_1_1	tumor	NA
CTTCTCTAGCGATCCC_5_1_1	normal	NA
CTTCTCTAGCGTGAGT_5_1_1	tumor	NA
CTTCTCTAGCTGAAAT_5_1_1	tumor	NA
CTTCTCTCAGCCTTTC_5_1_1	tumor	NA
CTTCTCTCATGGGAAC_5_1_1	tumor	NA
CTTCTCTGTCTCCACT_5_1_1	tumor	NA
CTTCTCTGTGGCGAAT_5_1_1	tumor	NA
CTTCTCTGTTCGTTGA_5_1_1	tumor	NA
CTTCTCTTCGCAAACT_5_1_1	tumor	NA
CTTCTCTTCGGCTTGG_5_1_1	tumor	NA
CTTCTCTTCTGTCAAG_5_1_1	normal	NA
CTTGGCTAGACCTTTG_5_1_1	tumor	NA
CTTGGCTAGCAGGTCA_5_1_1	tumor	NA
CTTGGCTAGTGAATTG_5_1_1	tumor	NA
CTTGGCTGTATGAATG_5_1_1	tumor	NA
CTTGGCTGTCCGTGAC_5_1_1	normal	NA
CTTGGCTGTGAGTATA_5_1_1	tumor	NA
CTTGGCTTCCTAAGTG_5_1_1	normal	NA
CTTTGCGAGACCACGA_5_1_1	normal	NA
CTTTGCGAGGTACTCT_5_1_1	tumor	NA
CTTTGCGGTAGGCATG_5_1_1	tumor	NA
CTTTGCGGTGATGATA_5_1_1	normal	NA
CTTTGCGGTGCAGTAG_5_1_1	tumor	NA
CTTTGCGGTTCGGGCT_5_1_1	tumor	NA
CTTTGCGTCTATCCTA_5_1_1	tumor	NA
GAAACTCAGAAGCCCA_5_1_1	normal	NA
GAAACTCAGCCGGTAA_5_1_1	normal	NA
GAAACTCAGTGGTCCC_5_1_1	tumor	NA
GAAACTCCAAAGCAAT_5_1_1	tumor	NA
GAAACTCCACAGGCCT_5_1_1	tumor	NA
GAAACTCCAGCTGTGC_5_1_1	tumor	NA
GAAACTCGTAATCACC_5_1_1	tumor	NA
GAAACTCGTCATTAGC_5_1_1	tumor	NA
GAAACTCGTCCTCCAT_5_1_1	normal	NA
GAAACTCGTGAAGGCT_5_1_1	tumor	NA
GAAACTCTCGGATGGA_5_1_1	tumor	NA
GAAATGAAGGGTCGAT_5_1_1	tumor	NA
GAAATGACACAACTGT_5_1_1	normal	NA
GAAATGACAGGAATGC_5_1_1	normal	NA
GAAATGACATGCATGT_5_1_1	tumor	NA
GAAATGAGTAGTACCT_5_1_1	normal	NA
GAAATGATCCGCGCAA_5_1_1	normal	NA
GAAATGATCGTAGATC_5_1_1	normal	NA
GAACATCAGACTTTCG_5_1_1	normal	NA
GAACATCAGATAGCAT_5_1_1	normal	NA
GAACATCCACCATCCT_5_1_1	normal	NA
GAACATCCACGCCAGT_5_1_1	normal	NA
GAACATCCAGTTCCCT_5_1_1	normal	NA
GAACATCGTCAGTGGA_5_1_1	tumor	NA
GAACATCGTGACGGTA_5_1_1	tumor	NA
GAACCTAAGATGCGAC_5_1_1	normal	NA
GAACCTACATCGATTG_5_1_1	tumor	NA
GAACCTACATCTACGA_5_1_1	normal	NA
GAACCTATCAAACCAC_5_1_1	tumor	NA
GAACCTATCCAAATGC_5_1_1	normal	NA
GAACCTATCCGAGCCA_5_1_1	normal	NA
GAACCTATCCTACAGA_5_1_1	tumor	NA
GAACCTATCGGCGGTT_5_1_1	normal	NA
GAACGGAAGGAACTGC_5_1_1	tumor	NA
GAACGGAAGTCACGCC_5_1_1	tumor	NA
GAACGGACAAAGGAAG_5_1_1	tumor	NA
GAACGGACAATCCGAT_5_1_1	normal	NA
GAACGGACATATACCG_5_1_1	normal	NA
GAACGGACATTCCTGC_5_1_1	tumor	NA
GAACGGAGTAGAAAGG_5_1_1	tumor	NA
GAACGGAGTCGAGTTT_5_1_1	normal	NA
GAACGGAGTTGTCGCG_5_1_1	tumor	NA
GAACGGAGTTGTGGCC_5_1_1	normal	NA
GAACGGATCGGCTACG_5_1_1	tumor	NA
GAACGGATCTGCCAGG_5_1_1	normal	NA
GAAGCAGAGTTACCCA_5_1_1	tumor	NA
GAAGCAGCACAGACTT_5_1_1	tumor	NA
GAAGCAGCACGAAGCA_5_1_1	tumor	NA
GAAGCAGCACGCTTTC_5_1_1	normal	NA
GAAGCAGCAGATGGGT_5_1_1	tumor	NA
GAAGCAGCAGTACACT_5_1_1	normal	NA
GAAGCAGCATGGTTGT_5_1_1	tumor	NA
GAAGCAGCATGTCCTC_5_1_1	normal	NA
GAAGCAGGTGGCAAAC_5_1_1	tumor	NA
GAAGCAGGTGGTAACG_5_1_1	normal	NA
GAAGCAGGTTGCGTTA_5_1_1	tumor	NA
GAAGCAGTCACTTCAT_5_1_1	tumor	NA
GAAGCAGTCGCACTCT_5_1_1	normal	NA
GAAGCAGTCGCCCTTA_5_1_1	normal	NA
GAAGCAGTCGTAGGTT_5_1_1	normal	NA
GAAGCAGTCTCCGGTT_5_1_1	normal	NA
GAAGCAGTCTGCCCTA_5_1_1	normal	NA
GAAGCAGTCTTACCGC_5_1_1	normal	NA
GAATAAGAGACTAGAT_5_1_1	normal	NA
GAATAAGAGCGTAATA_5_1_1	normal	NA
GAATAAGAGGACAGAA_5_1_1	tumor	NA
GAATAAGAGGCGATAC_5_1_1	tumor	NA
GAATAAGAGTAACCCT_5_1_1	tumor	NA
GAATAAGAGTAAGTAC_5_1_1	tumor	NA
GAATAAGAGTTACCCA_5_1_1	tumor	NA
GAATAAGCAAAGGAAG_5_1_1	normal	NA
GAATAAGCAAGGTTCT_5_1_1	tumor	NA
GAATAAGCACAGAGGT_5_1_1	tumor	NA
GAATAAGCACGACTCG_5_1_1	tumor	NA
GAATAAGCACGGACAA_5_1_1	normal	NA
GAATAAGGTCTACCTC_5_1_1	normal	NA
GAATGAAAGGGTTTCT_5_1_1	tumor	NA
GAATGAACAATCACAC_5_1_1	tumor	NA
GAATGAACACGCTTTC_5_1_1	tumor	NA
GAATGAAGTAAACACA_5_1_1	normal	NA
GAATGAAGTACTCAAC_5_1_1	tumor	NA
GAATGAAGTGATAAAC_5_1_1	tumor	NA
GAATGAATCCTCGCAT_5_1_1	normal	NA
GAATGAATCGAGAACG_5_1_1	tumor	NA
GAATGAATCGGAAACG_5_1_1	normal	NA
GACACGCAGAGGACGG_5_1_1	tumor	NA
GACACGCAGCGCCTTG_5_1_1	tumor	NA
GACACGCAGTACGTTC_5_1_1	tumor	NA
GACACGCCAAGAGGCT_5_1_1	tumor	NA
GACACGCCAAGCGAGT_5_1_1	tumor	NA
GACACGCGTGAAAGAG_5_1_1	normal	NA
GACACGCGTTGTCGCG_5_1_1	normal	NA
GACACGCTCATGCATG_5_1_1	tumor	NA
GACACGCTCCGAATGT_5_1_1	tumor	NA
GACACGCTCGACGGAA_5_1_1	tumor	NA
GACAGAGAGTGCCAGA_5_1_1	tumor	NA
GACAGAGCAAGCCCAC_5_1_1	tumor	NA
GACAGAGCAGGGTTAG_5_1_1	tumor	NA
GACAGAGCATGTAAGA_5_1_1	normal	NA
GACAGAGGTCTAAACC_5_1_1	tumor	NA
GACAGAGGTTCGCTAA_5_1_1	tumor	NA
GACAGAGTCCGTAGTA_5_1_1	tumor	NA
GACCAATAGATCCCGC_5_1_1	normal	NA
GACCAATCAATGCCAT_5_1_1	tumor	NA
GACCAATCACTTAAGC_5_1_1	tumor	NA
GACCAATCATCGGTTA_5_1_1	tumor	NA
GACCAATTCGGATGTT_5_1_1	tumor	NA
GACCAATTCTTCGAGA_5_1_1	normal	NA
GACCTGGAGAACTCGG_5_1_1	tumor	NA
GACCTGGAGCCACGTC_5_1_1	tumor	NA
GACCTGGAGCCCAGCT_5_1_1	tumor	NA
GACCTGGAGGAGTTGC_5_1_1	tumor	NA
GACCTGGAGGAGTTTA_5_1_1	normal	NA
GACCTGGCACGTCAGC_5_1_1	tumor	NA
GACCTGGCACTTAACG_5_1_1	normal	NA
GACCTGGGTACCATCA_5_1_1	normal	NA
GACCTGGGTCACACGC_5_1_1	normal	NA
GACCTGGGTCCCTACT_5_1_1	normal	NA
GACCTGGGTCTGCCAG_5_1_1	normal	NA
GACGCGTAGAAAGTGG_5_1_1	normal	NA
GACGCGTAGACAAAGG_5_1_1	normal	NA
GACGCGTAGAGCTATA_5_1_1	tumor	NA
GACGCGTAGCGTTCCG_5_1_1	normal	NA
GACGCGTAGGGCACTA_5_1_1	tumor	NA
GACGCGTAGTTCGCAT_5_1_1	normal	NA
GACGCGTCACATCCGG_5_1_1	tumor	NA
GACGCGTCACGGTTTA_5_1_1	normal	NA
GACGCGTTCAGTACGT_5_1_1	tumor	NA
GACGCGTTCCCAAGTA_5_1_1	normal	NA
GACGCGTTCTTAACCT_5_1_1	tumor	NA
GACGGCTAGAGAACAG_5_1_1	tumor	NA
GACGGCTAGTTAGGTA_5_1_1	tumor	NA
GACGGCTCACTTAAGC_5_1_1	tumor	NA
GACGGCTCATGGGACA_5_1_1	tumor	NA
GACGGCTGTGAGGGTT_5_1_1	normal	NA
GACGGCTTCCATTCTA_5_1_1	normal	NA
GACGGCTTCGATCCCT_5_1_1	normal	NA
GACGTGCAGACTGGGT_5_1_1	tumor	NA
GACGTGCAGCTATGCT_5_1_1	tumor	NA
GACGTGCAGTTAACGA_5_1_1	normal	NA
GACGTGCAGTTACCCA_5_1_1	normal	NA
GACGTGCCATCTACGA_5_1_1	tumor	NA
GACGTGCGTGCAGTAG_5_1_1	normal	NA
GACGTGCGTGGACGAT_5_1_1	tumor	NA
GACGTGCGTTAAGACA_5_1_1	tumor	NA
GACGTGCTCCGCAAGC_5_1_1	tumor	NA
GACGTGCTCCTTGGTC_5_1_1	tumor	NA
GACGTGCTCGGCGGTT_5_1_1	normal	NA
GACGTGCTCTGCAAGT_5_1_1	tumor	NA
GACGTGCTCTGCTGCT_5_1_1	tumor	NA
GACGTTAAGAACTGTA_5_1_1	normal	NA
GACGTTAAGAGTAATC_5_1_1	normal	NA
GACGTTAAGCAGCGTA_5_1_1	tumor	NA
GACGTTAAGTGCGTGA_5_1_1	tumor	NA
GACGTTACACGAAGCA_5_1_1	tumor	NA
GACGTTACACGCATCG_5_1_1	tumor	NA
GACGTTACAGACGTAG_5_1_1	tumor	NA
GACGTTAGTAAGAGGA_5_1_1	tumor	NA
GACGTTAGTAGGACAC_5_1_1	tumor	NA
GACGTTAGTCGCGAAA_5_1_1	tumor	NA
GACGTTAGTGCTCTTC_5_1_1	tumor	NA
GACGTTATCACAGGCC_5_1_1	tumor	NA
GACGTTATCATGTCCC_5_1_1	normal	NA
GACGTTATCCACGTTC_5_1_1	normal	NA
GACGTTATCGTAGATC_5_1_1	tumor	NA
GACGTTATCTCGTATT_5_1_1	tumor	NA
GACTAACAGAAGATTC_5_1_1	normal	NA
GACTAACAGCTAGTCT_5_1_1	tumor	NA
GACTAACAGTGACATA_5_1_1	tumor	NA
GACTAACAGTGTGGCA_5_1_1	tumor	NA
GACTAACCAGCGTAAG_5_1_1	tumor	NA
GACTAACCATAGAAAC_5_1_1	tumor	NA
GACTAACGTTCAGCGC_5_1_1	tumor	NA
GACTAACTCACGATGT_5_1_1	tumor	NA
GACTAACTCCACGCAG_5_1_1	tumor	NA
GACTAACTCGCCTGAG_5_1_1	tumor	NA
GACTAACTCTCAAACG_5_1_1	tumor	NA
GACTACAAGGTGCTAG_5_1_1	tumor	NA
GACTACACAGTAACGG_5_1_1	tumor	NA
GACTACACATGGTTGT_5_1_1	tumor	NA
GACTACACATTCGACA_5_1_1	normal	NA
GACTACAGTAGAGCTG_5_1_1	tumor	NA
GACTACAGTGCACTTA_5_1_1	normal	NA
GACTACAGTTGATTGC_5_1_1	tumor	NA
GACTACATCATGTCCC_5_1_1	tumor	NA
GACTACATCCACGCAG_5_1_1	normal	NA
GACTACATCGTGGACC_5_1_1	normal	NA
GACTACATCTCCGGTT_5_1_1	tumor	NA
GACTGCGAGCGTCAAG_5_1_1	normal	NA
GACTGCGGTACCGTAT_5_1_1	normal	NA
GACTGCGGTCCGACGT_5_1_1	tumor	NA
GACTGCGGTGCAGACA_5_1_1	tumor	NA
GACTGCGTCCACTGGG_5_1_1	normal	NA
GACTGCGTCCTTGACC_5_1_1	normal	NA
GACTGCGTCTGTCTCG_5_1_1	normal	NA
GACTGCGTCTTGCAAG_5_1_1	tumor	NA
GAGCAGAAGAAGGTTT_5_1_1	tumor	NA
GAGCAGAAGATGTGGC_5_1_1	tumor	NA
GAGCAGAAGCTGAAAT_5_1_1	normal	NA
GAGCAGAAGGAGTAGA_5_1_1	normal	NA
GAGCAGAAGGCACATG_5_1_1	normal	NA
GAGCAGAAGTAAGTAC_5_1_1	tumor	NA
GAGCAGACACAGCCCA_5_1_1	tumor	NA
GAGCAGACACCTTGTC_5_1_1	normal	NA
GAGCAGACACTTGGAT_5_1_1	tumor	NA
GAGCAGACAGTCACTA_5_1_1	tumor	NA
GAGCAGACAGTTAACC_5_1_1	normal	NA
GAGCAGACATCCAACA_5_1_1	tumor	NA
GAGCAGAGTGCTGTAT_5_1_1	normal	NA
GAGCAGATCAAGGCTT_5_1_1	normal	NA
GAGCAGATCATACGGT_5_1_1	normal	NA
GAGGTGAAGCGATGAC_5_1_1	tumor	NA
GAGGTGAGTCGACTAT_5_1_1	normal	NA
GAGTCCGCACCTATCC_5_1_1	normal	NA
GAGTCCGCAGCCTATA_5_1_1	tumor	NA
GAGTCCGGTAAGGGCT_5_1_1	tumor	NA
GAGTCCGGTCTCCCTA_5_1_1	tumor	NA
GAGTCCGGTTAGATGA_5_1_1	tumor	NA
GAGTCCGTCCCACTTG_5_1_1	normal	NA
GAGTCCGTCGCATGGC_5_1_1	normal	NA
GAGTCCGTCGTTACGA_5_1_1	normal	NA
GATCAGTCATGCCTTC_5_1_1	normal	NA
GATCAGTTCGTAGGTT_5_1_1	tumor	NA
GATCAGTTCTGTCAAG_5_1_1	normal	NA
GATCGATAGAAGGCCT_5_1_1	normal	NA
GATCGATAGACAAGCC_5_1_1	normal	NA
GATCGATAGCGCCTCA_5_1_1	tumor	NA
GATCGATAGCGCCTTG_5_1_1	tumor	NA
GATCGATAGTCCTCCT_5_1_1	normal	NA
GATCGATCAAGCTGGA_5_1_1	tumor	NA
GATCGATCACATGACT_5_1_1	tumor	NA
GATCGATCAGTCAGCC_5_1_1	tumor	NA
GATCGATCATGGGACA_5_1_1	tumor	NA
GATCGATCATGGTCAT_5_1_1	tumor	NA
GATCGATTCAGCGATT_5_1_1	tumor	NA
GATCGCGAGAGGTTAT_5_1_1	tumor	NA
GATCGCGAGATGAGAG_5_1_1	tumor	NA
GATCGCGAGCCAACAG_5_1_1	tumor	NA
GATCGCGAGGAATTAC_5_1_1	tumor	NA
GATCGCGCAGACGCAA_5_1_1	tumor	NA
GATCGCGCAGGAATCG_5_1_1	normal	NA
GATCGCGCATCCCACT_5_1_1	normal	NA
GATCGCGCATCGTCGG_5_1_1	normal	NA
GATCGCGGTACTCGCG_5_1_1	tumor	NA
GATCGCGGTATAGGTA_5_1_1	tumor	NA
GATCGCGGTTCAGTAC_5_1_1	tumor	NA
GATCGCGTCCACTCCA_5_1_1	normal	NA
GATCGCGTCCGCATCT_5_1_1	tumor	NA
GATCGCGTCGCAGGCT_5_1_1	tumor	NA
GATCGTACAAGAAGAG_5_1_1	normal	NA
GATCGTACAAGCTGTT_5_1_1	normal	NA
GATCGTACATAACCTG_5_1_1	tumor	NA
GATCGTACATTACGAC_5_1_1	normal	NA
GATCGTAGTCAAAGCG_5_1_1	tumor	NA
GATCTAGAGAGCTATA_5_1_1	tumor	NA
GATCTAGAGTTCGCGC_5_1_1	tumor	NA
GATCTAGCAAAGAATC_5_1_1	tumor	NA
GATCTAGCATCCAACA_5_1_1	tumor	NA
GATCTAGCATGCCCGA_5_1_1	tumor	NA
GATCTAGCATTAGCCA_5_1_1	tumor	NA
GATCTAGGTCATTAGC_5_1_1	tumor	NA
GATCTAGGTCTAACGT_5_1_1	tumor	NA
GATCTAGTCCGTAGTA_5_1_1	tumor	NA
GATCTAGTCGTCGTTC_5_1_1	tumor	NA
GATCTAGTCTCATTCA_5_1_1	tumor	NA
GATCTAGTCTGTCAAG_5_1_1	normal	NA
GATGAAAAGAGACTTA_5_1_1	tumor	NA
GATGAAAAGCCTCGTG_5_1_1	tumor	NA
GATGAAAAGGCGCTCT_5_1_1	tumor	NA
GATGAAAAGTACGCGA_5_1_1	tumor	NA
GATGAAACAAACCCAT_5_1_1	normal	NA
GATGAAACAAGGTTTC_5_1_1	tumor	NA
GATGAAACAGCTCCGA_5_1_1	normal	NA
GATGAAAGTAAGGGAA_5_1_1	normal	NA
GATGAAATCAAGATCC_5_1_1	normal	NA
GATGAAATCTACTTAC_5_1_1	normal	NA
GATGAAATCTCGCATC_5_1_1	normal	NA
GATGAGGAGCAGCGTA_5_1_1	tumor	NA
GATGAGGAGTGGAGAA_5_1_1	tumor	NA
GATGAGGCAAGAGTCG_5_1_1	tumor	NA
GATGAGGCACTGAAGG_5_1_1	normal	NA
GATGAGGCATGGTCAT_5_1_1	tumor	NA
GATGAGGGTAGAGCTG_5_1_1	tumor	NA
GATGAGGGTTTGCATG_5_1_1	tumor	NA
GATGAGGTCCTCATTA_5_1_1	normal	NA
GATGCTAAGAACAATC_5_1_1	normal	NA
GATGCTAAGGATCGCA_5_1_1	normal	NA
GATGCTAAGGCAAAGA_5_1_1	tumor	NA
GATGCTAAGGTGATAT_5_1_1	normal	NA
GATGCTACAAAGGTGC_5_1_1	normal	NA
GATGCTACATGCATGT_5_1_1	tumor	NA
GATGCTAGTAGCGCTC_5_1_1	tumor	NA
GATGCTAGTCCAGTTA_5_1_1	normal	NA
GATGCTAGTCGGCACT_5_1_1	tumor	NA
GATGCTAGTCTCCATC_5_1_1	tumor	NA
GATGCTATCAAACAAG_5_1_1	tumor	NA
GATGCTATCCCTTGCA_5_1_1	tumor	NA
GATGCTATCCGCATCT_5_1_1	tumor	NA
GATGCTATCGAACGGA_5_1_1	tumor	NA
GATTCAGCAGCTTCGG_5_1_1	tumor	NA
GATTCAGGTAGGCATG_5_1_1	tumor	NA
GATTCAGGTCCATCCT_5_1_1	tumor	NA
GATTCAGGTGGACGAT_5_1_1	tumor	NA
GATTCAGGTGGTCTCG_5_1_1	normal	NA
GATTCAGGTTGCGCAC_5_1_1	tumor	NA
GATTCAGTCCGAGCCA_5_1_1	tumor	NA
GATTCAGTCCTTTACA_5_1_1	normal	NA
GATTCAGTCTCGGACG_5_1_1	tumor	NA
GCAAACTCAACGATCT_5_1_1	normal	NA
GCAAACTCAACGCACC_5_1_1	normal	NA
GCAAACTGTACCGTTA_5_1_1	tumor	NA
GCAAACTGTCAGGACA_5_1_1	tumor	NA
GCAAACTGTGCACCAC_5_1_1	tumor	NA
GCAAACTGTTATTCTC_5_1_1	normal	NA
GCAAACTTCCAAATGC_5_1_1	tumor	NA
GCAAACTTCTCGATGA_5_1_1	normal	NA
GCAATCAAGAGGTAGA_5_1_1	tumor	NA
GCAATCACAAATTGCC_5_1_1	tumor	NA
GCAATCACACGCTTTC_5_1_1	normal	NA
GCAATCACAGCGTTCG_5_1_1	tumor	NA
GCAATCACATCCGGGT_5_1_1	tumor	NA
GCAATCACATGATCCA_5_1_1	tumor	NA
GCAATCAGTAGTGAAT_5_1_1	normal	NA
GCAATCAGTCTTGCGG_5_1_1	tumor	NA
GCAATCAGTGGGTATG_5_1_1	normal	NA
GCAATCATCAACCAAC_5_1_1	tumor	NA
GCAATCATCACATGCA_5_1_1	tumor	NA
GCAATCATCAGCTCTC_5_1_1	tumor	NA
GCAATCATCAGTTGAC_5_1_1	tumor	NA
GCAATCATCCGAATGT_5_1_1	normal	NA
GCAATCATCGCAAACT_5_1_1	normal	NA
GCAATCATCGCTTAGA_5_1_1	tumor	NA
GCACATAAGCCGCCTA_5_1_1	normal	NA
GCACATAAGGCCCTTG_5_1_1	normal	NA
GCACATAAGTTTAGGA_5_1_1	tumor	NA
GCACATACAGCCAATT_5_1_1	tumor	NA
GCACATACAGGCTCAC_5_1_1	normal	NA
GCACATACATGGTCAT_5_1_1	tumor	NA
GCACATAGTCCTAGCG_5_1_1	normal	NA
GCACATAGTGTCAATC_5_1_1	tumor	NA
GCACATATCAGGATCT_5_1_1	normal	NA
GCACATATCCAAAGTC_5_1_1	tumor	NA
GCACATATCGGATGGA_5_1_1	tumor	NA
GCACATATCGTTACGA_5_1_1	normal	NA
GCACTCTAGAGGTACC_5_1_1	tumor	NA
GCACTCTAGCACAGGT_5_1_1	tumor	NA
GCACTCTCAGGGAGAG_5_1_1	tumor	NA
GCACTCTGTATCTGCA_5_1_1	tumor	NA
GCACTCTGTCTTTCAT_5_1_1	normal	NA
GCACTCTGTGAGGGTT_5_1_1	normal	NA
GCACTCTGTGCTCTTC_5_1_1	normal	NA
GCACTCTGTGGCCCTA_5_1_1	normal	NA
GCACTCTTCAACACAC_5_1_1	normal	NA
GCACTCTTCTACTATC_5_1_1	tumor	NA
GCACTCTTCTGTCAAG_5_1_1	tumor	NA
GCAGCCACACATCCAA_5_1_1	tumor	NA
GCAGCCACACGTGAGA_5_1_1	tumor	NA
GCAGCCACAGAAGCAC_5_1_1	tumor	NA
GCAGCCACAGATGGGT_5_1_1	normal	NA
GCAGCCACATTAGGCT_5_1_1	tumor	NA
GCAGCCACATTGGTAC_5_1_1	tumor	NA
GCAGCCAGTCCGCTGA_5_1_1	normal	NA
GCAGCCAGTGCGCTTG_5_1_1	normal	NA
GCAGCCATCAAAGTAG_5_1_1	normal	NA
GCAGCCATCCCGACTT_5_1_1	normal	NA
GCAGCCATCCTGCAGG_5_1_1	tumor	NA
GCAGTTAAGTACATGA_5_1_1	tumor	NA
GCAGTTAGTACTCTCC_5_1_1	normal	NA
GCAGTTAGTCGCATCG_5_1_1	normal	NA
GCAGTTAGTCTCCCTA_5_1_1	normal	NA
GCAGTTAGTTCTGTTT_5_1_1	normal	NA
GCAGTTATCCCTCTTT_5_1_1	normal	NA
GCAGTTATCTAACCGA_5_1_1	tumor	NA
GCATACAAGAGCTGCA_5_1_1	normal	yes
GCATACAAGGCTAGGT_5_1_1	normal	NA
GCATACAAGGTACTCT_5_1_1	normal	NA
GCATACAAGTCCATAC_5_1_1	tumor	NA
GCATACAAGTCTCAAC_5_1_1	tumor	NA
GCATACAAGTGAATTG_5_1_1	normal	NA
GCATACACAAGTCATC_5_1_1	tumor	NA
GCATACACAGAGCCAA_5_1_1	normal	NA
GCATACACATTGTGCA_5_1_1	normal	NA
GCATACAGTGCATCTA_5_1_1	normal	NA
GCATACATCACTTCAT_5_1_1	tumor	NA
GCATACATCTCTTGAT_5_1_1	normal	NA
GCATACATCTTGAGGT_5_1_1	tumor	NA
GCATGATAGATGGGTC_5_1_1	tumor	NA
GCATGATAGTTTCCTT_5_1_1	normal	NA
GCATGATCACCTCGGA_5_1_1	tumor	NA
GCATGATCACGAAGCA_5_1_1	normal	NA
GCATGATCATGGGACA_5_1_1	tumor	NA
GCATGATCATTCCTCG_5_1_1	normal	NA
GCATGATGTACCAGTT_5_1_1	tumor	NA
GCATGATGTGCTAGCC_5_1_1	normal	NA
GCATGATGTTAAGGGC_5_1_1	tumor	NA
GCATGATGTTCGCTAA_5_1_1	tumor	NA
GCATGATGTTGTTTGG_5_1_1	normal	NA
GCATGATTCACTATTC_5_1_1	tumor	NA
GCATGATTCTGTCTCG_5_1_1	tumor	NA
GCATGATTCTGTTGAG_5_1_1	tumor	NA
GCATGCGAGAATGTGT_5_1_1	normal	NA
GCATGCGAGACAGGCT_5_1_1	normal	NA
GCATGCGAGGTGATTA_5_1_1	normal	NA
GCATGCGCACGAGGTA_5_1_1	tumor	NA
GCATGCGGTAGCGTGA_5_1_1	normal	NA
GCATGCGTCACGCATA_5_1_1	normal	NA
GCATGCGTCTAACTGG_5_1_1	tumor	NA
GCATGTAAGATCTGCT_5_1_1	tumor	NA
GCATGTAAGTACTTGC_5_1_1	tumor	NA
GCATGTAAGTCTCAAC_5_1_1	tumor	NA
GCATGTAAGTTACCCA_5_1_1	normal	NA
GCATGTACACAACTGT_5_1_1	tumor	NA
GCATGTACACAAGTAA_5_1_1	normal	NA
GCATGTACATGCCTAA_5_1_1	tumor	NA
GCATGTAGTAAACGCG_5_1_1	tumor	NA
GCCAAATAGAAGGTTT_5_1_1	normal	NA
GCCAAATAGACGCAAC_5_1_1	tumor	NA
GCCAAATAGCTGCCCA_5_1_1	tumor	NA
GCCAAATCAGTGACAG_5_1_1	tumor	NA
GCCAAATGTAGCGCAA_5_1_1	tumor	NA
GCCAAATGTTACGACT_5_1_1	normal	NA
GCCAAATGTTCGCTAA_5_1_1	normal	NA
GCCAAATGTTGAGTTC_5_1_1	normal	yes
GCCAAATTCAAAGTAG_5_1_1	tumor	NA
GCCTCTAAGATGAGAG_5_1_1	normal	NA
GCCTCTAAGCGACGTA_5_1_1	normal	NA
GCCTCTACAAACCCAT_5_1_1	tumor	NA
GCCTCTACAGCGATCC_5_1_1	normal	NA
GCCTCTAGTATGCTTG_5_1_1	tumor	NA
GCCTCTAGTCTGGTCG_5_1_1	normal	NA
GCCTCTAGTTGTTTGG_5_1_1	tumor	NA
GCCTCTATCCGAATGT_5_1_1	tumor	NA
GCCTCTATCTCGTATT_5_1_1	tumor	NA
GCCTCTATCTGGCGAC_5_1_1	normal	NA
GCGACCAAGCGATATA_5_1_1	tumor	NA
GCGACCAAGGGATACC_5_1_1	tumor	NA
GCGACCACACATGACT_5_1_1	normal	NA
GCGACCAGTACCGTAT_5_1_1	tumor	NA
GCGACCAGTAGCCTCG_5_1_1	normal	NA
GCGACCAGTAGCGCAA_5_1_1	normal	NA
GCGACCAGTCAACTGT_5_1_1	tumor	NA
GCGACCATCAAGCCTA_5_1_1	tumor	NA
GCGACCATCCTTAATC_5_1_1	normal	NA
GCGAGAAAGTGTCCAT_5_1_1	normal	NA
GCGAGAAGTCACTGGC_5_1_1	tumor	NA
GCGAGAAGTCATTAGC_5_1_1	tumor	NA
GCGAGAAGTGATAAGT_5_1_1	tumor	NA
GCGAGAAGTTCAGTAC_5_1_1	tumor	NA
GCGCAACAGCAGACTG_5_1_1	normal	NA
GCGCAACAGCTGTCTA_5_1_1	tumor	NA
GCGCAACCAGTAGAGC_5_1_1	normal	NA
GCGCAACTCAACGGGA_5_1_1	normal	NA
GCGCAACTCCACTCCA_5_1_1	tumor	NA
GCGCAACTCCGCTGTT_5_1_1	normal	NA
GCGCAACTCGCGGATC_5_1_1	tumor	NA
GCGCAACTCGGAGCAA_5_1_1	tumor	NA
GCGCAACTCTCAACTT_5_1_1	normal	NA
GCGCAACTCTTGCCGT_5_1_1	normal	NA
GCGCAGTAGTGTACTC_5_1_1	tumor	NA
GCGCAGTCAAGCTGTT_5_1_1	tumor	NA
GCGCAGTCACGACGAA_5_1_1	tumor	NA
GCGCAGTCACGTCTCT_5_1_1	tumor	NA
GCGCAGTGTAGCGCAA_5_1_1	normal	NA
GCGCAGTGTCCTGCTT_5_1_1	tumor	NA
GCGCAGTGTTCACGGC_5_1_1	normal	NA
GCGCAGTTCAACGCTA_5_1_1	tumor	NA
GCGCAGTTCCAAACTG_5_1_1	tumor	NA
GCGCAGTTCGTCGTTC_5_1_1	tumor	NA
GCGCAGTTCTACCTGC_5_1_1	tumor	NA
GCGCAGTTCTGCTGTC_5_1_1	normal	NA
GCGCCAAAGATAGGAG_5_1_1	normal	NA
GCGCCAACAATCTACG_5_1_1	normal	NA
GCGCCAACATCACCCT_5_1_1	normal	NA
GCGCCAAGTATCTGCA_5_1_1	normal	NA
GCGCCAAGTGACAAAT_5_1_1	tumor	NA
GCGCCAAGTGGGTATG_5_1_1	tumor	NA
GCGCCAAGTGGTGTAG_5_1_1	normal	NA
GCGCCAATCTCTAGGA_5_1_1	normal	NA
GCGCGATAGAGCAATT_5_1_1	tumor	NA
GCGCGATAGCAGCCTC_5_1_1	normal	NA
GCGCGATAGTACCGGA_5_1_1	tumor	NA
GCGCGATAGTGAAGTT_5_1_1	tumor	NA
GCGCGATCAAACCCAT_5_1_1	tumor	NA
GCGCGATCACCTATCC_5_1_1	normal	NA
GCGCGATCAGCAGTTT_5_1_1	tumor	NA
GCGCGATCAGGATCGA_5_1_1	normal	NA
GCGCGATCATCTACGA_5_1_1	tumor	NA
GCGCGATGTCCGAATT_5_1_1	tumor	NA
GCGCGATTCAATCACG_5_1_1	normal	NA
GCGCGATTCACGACTA_5_1_1	tumor	NA
GCGCGATTCATGCAAC_5_1_1	tumor	NA
GCGCGATTCTACTTAC_5_1_1	normal	NA
GCGGGTTAGACACGAC_5_1_1	tumor	NA
GCGGGTTAGACGCAAC_5_1_1	normal	NA
GCGGGTTAGCCAACAG_5_1_1	normal	NA
GCGGGTTAGGAGCGTT_5_1_1	tumor	NA
GCGGGTTAGGTGCAAC_5_1_1	tumor	NA
GCGGGTTAGTGCGATG_5_1_1	normal	NA
GCGGGTTCAAGCCATT_5_1_1	tumor	NA
GCGGGTTCAGCAGTTT_5_1_1	tumor	NA
GCGGGTTGTAGCGATG_5_1_1	normal	NA
GCGGGTTGTCTCAACA_5_1_1	normal	NA
GCGGGTTGTTCATGGT_5_1_1	tumor	NA
GCTCCTAAGGACCACA_5_1_1	normal	NA
GCTCCTAAGGTGTTAA_5_1_1	tumor	NA
GCTCCTACACCATGTA_5_1_1	tumor	NA
GCTCCTACAGTCCTTC_5_1_1	tumor	NA
GCTCCTACATCTACGA_5_1_1	normal	NA
GCTCCTAGTACCGCTG_5_1_1	normal	NA
GCTCCTAGTAGAGCTG_5_1_1	tumor	NA
GCTCCTAGTATAATGG_5_1_1	tumor	NA
GCTCCTAGTGACTCAT_5_1_1	tumor	NA
GCTCCTAGTTGTTTGG_5_1_1	tumor	NA
GCTCCTATCGCGTTTC_5_1_1	normal	NA
GCTCCTATCTGTACGA_5_1_1	tumor	NA
GCTCCTATCTTTAGTC_5_1_1	tumor	NA
GCTCTGTAGATCTGCT_5_1_1	normal	NA
GCTCTGTAGGCATGTG_5_1_1	tumor	NA
GCTCTGTCAATGAAAC_5_1_1	normal	NA
GCTCTGTCATGTTCCC_5_1_1	tumor	NA
GCTCTGTGTAGTGAAT_5_1_1	normal	NA
GCTCTGTGTGTCTGAT_5_1_1	tumor	NA
GCTCTGTGTGTGCCTG_5_1_1	tumor	NA
GCTGCAGAGAGCTGCA_5_1_1	tumor	NA
GCTGCAGAGCTAGTGG_5_1_1	tumor	NA
GCTGCAGAGGAATTAC_5_1_1	tumor	NA
GCTGCAGAGGTCATCT_5_1_1	normal	NA
GCTGCAGAGTCGCCGT_5_1_1	tumor	NA
GCTGCAGCAGCCTGTG_5_1_1	tumor	NA
GCTGCAGGTACTCGCG_5_1_1	normal	NA
GCTGCAGGTTCACGGC_5_1_1	tumor	NA
GCTGCAGTCTGTACGA_5_1_1	normal	NA
GCTGCGAAGAGCTGGT_5_1_1	normal	NA
GCTGCGAAGAGTTGGC_5_1_1	tumor	NA
GCTGCGAAGTGTCCAT_5_1_1	tumor	NA
GCTGCGACATAAGACA_5_1_1	normal	NA
GCTGCGAGTTACGACT_5_1_1	tumor	NA
GCTGCGAGTTATTCTC_5_1_1	tumor	NA
GCTGCGATCACTGGGC_5_1_1	tumor	NA
GCTGCGATCTGTCTCG_5_1_1	tumor	NA
GCTGCTTAGACCCACC_5_1_1	tumor	NA
GCTGCTTCAAGACGTG_5_1_1	normal	NA
GCTGCTTCAATCCAAC_5_1_1	tumor	NA
GCTGCTTCACATGACT_5_1_1	tumor	NA
GCTGCTTGTATCAGTC_5_1_1	tumor	NA
GCTGCTTGTCCGTGAC_5_1_1	tumor	NA
GCTGCTTGTCTCAACA_5_1_1	tumor	NA
GCTGCTTGTTCACCTC_5_1_1	tumor	NA
GCTGCTTTCTTCGGTC_5_1_1	tumor	NA
GCTGCTTTCTTTAGGG_5_1_1	normal	NA
GCTGGGTAGTCGTACT_5_1_1	tumor	NA
GCTGGGTCAATCCGAT_5_1_1	tumor	NA
GCTGGGTCACATCCGG_5_1_1	tumor	NA
GCTGGGTTCACGACTA_5_1_1	normal	NA
GCTGGGTTCGCCATAA_5_1_1	normal	NA
GCTGGGTTCTGGTATG_5_1_1	tumor	NA
GCTTCCAAGACGACGT_5_1_1	tumor	NA
GCTTCCAAGCCTATGT_5_1_1	normal	NA
GCTTCCAAGCTAGTGG_5_1_1	tumor	NA
GCTTCCAAGTGGACGT_5_1_1	tumor	NA
GCTTCCACAATCGGTT_5_1_1	tumor	NA
GCTTCCACATGCCCGA_5_1_1	tumor	NA
GCTTCCACATTACGAC_5_1_1	tumor	NA
GCTTCCAGTAAGTTCC_5_1_1	tumor	NA
GCTTCCAGTCAACTGT_5_1_1	normal	NA
GCTTCCAGTCAGAGGT_5_1_1	tumor	NA
GCTTCCATCAGTACGT_5_1_1	normal	NA
GCTTCCATCCATGAAC_5_1_1	tumor	NA
GCTTCCATCGCCTGAG_5_1_1	normal	NA
GCTTCCATCGGCGGTT_5_1_1	normal	NA
GCTTGAAAGCAGATCG_5_1_1	tumor	NA
GCTTGAAAGGATTCGG_5_1_1	tumor	NA
GCTTGAAAGGCGTACA_5_1_1	tumor	NA
GCTTGAAAGGGAAACA_5_1_1	tumor	NA
GCTTGAAAGGTGGGTT_5_1_1	normal	NA
GCTTGAAAGTACATGA_5_1_1	normal	NA
GCTTGAAAGTGGGCTA_5_1_1	normal	NA
GCTTGAACACAGCCCA_5_1_1	normal	NA
GCTTGAACAGATCCAT_5_1_1	tumor	NA
GCTTGAACATCCAACA_5_1_1	tumor	NA
GCTTGAACATGTCTCC_5_1_1	tumor	NA
GCTTGAAGTACAAGTA_5_1_1	normal	NA
GCTTGAAGTACCGTAT_5_1_1	tumor	NA
GCTTGAAGTCATGCAT_5_1_1	tumor	NA
GCTTGAAGTCTAAACC_5_1_1	tumor	NA
GGAAAGCAGACACGAC_5_1_1	tumor	NA
GGAAAGCAGCTACCGC_5_1_1	tumor	NA
GGAAAGCAGGAGTAGA_5_1_1	tumor	NA
GGAAAGCAGGCTATCT_5_1_1	tumor	NA
GGAAAGCCACCAGGTC_5_1_1	tumor	NA
GGAAAGCGTTCAACCA_5_1_1	tumor	NA
GGAAAGCGTTCGAATC_5_1_1	tumor	NA
GGAAAGCGTTCGGGCT_5_1_1	tumor	NA
GGAAAGCGTTGATTCG_5_1_1	tumor	NA
GGAAAGCTCACCTCGT_5_1_1	tumor	NA
GGAAAGCTCCATGAGT_5_1_1	normal	NA
GGAAAGCTCTACTCAT_5_1_1	tumor	NA
GGAACTTAGATGTAAC_5_1_1	tumor	NA
GGAACTTAGCTAGTCT_5_1_1	normal	NA
GGAACTTAGGTGCTTT_5_1_1	normal	NA
GGAACTTAGGTGGGTT_5_1_1	tumor	NA
GGAACTTAGTGACATA_5_1_1	tumor	NA
GGAACTTAGTTACCCA_5_1_1	tumor	NA
GGAACTTCACCGTTGG_5_1_1	normal	NA
GGAACTTCATGCCCGA_5_1_1	normal	NA
GGAACTTGTCACACGC_5_1_1	tumor	NA
GGAACTTTCCAAGCCG_5_1_1	normal	NA
GGAACTTTCCATGCTC_5_1_1	tumor	NA
GGAACTTTCGACGGAA_5_1_1	tumor	NA
GGAACTTTCTGAGGGA_5_1_1	tumor	NA
GGAACTTTCTGATTCT_5_1_1	tumor	NA
GGAATAAAGAGAGCTC_5_1_1	tumor	NA
GGAATAAAGTACATGA_5_1_1	tumor	NA
GGAATAACAATAGAGT_5_1_1	normal	NA
GGAATAACAATCCGAT_5_1_1	normal	NA
GGAATAACATGCTGGC_5_1_1	normal	NA
GGAATAAGTAAGTGTA_5_1_1	normal	NA
GGAATAAGTCATACTG_5_1_1	tumor	NA
GGAATAAGTCCGACGT_5_1_1	normal	NA
GGAATAAGTCGAATCT_5_1_1	tumor	NA
GGAATAAGTTAGTGGG_5_1_1	tumor	NA
GGAATAAGTTTGTTTC_5_1_1	normal	NA
GGAATAATCCTTTCTC_5_1_1	tumor	NA
GGAATAATCGAATCCA_5_1_1	normal	NA
GGAATAATCTGCCAGG_5_1_1	tumor	NA
GGACAAGAGGAGTCTG_5_1_1	normal	NA
GGACAAGAGTTCGCAT_5_1_1	normal	NA
GGACAAGCAGAAGCAC_5_1_1	tumor	NA
GGACAAGCAGATCGGA_5_1_1	tumor	NA
GGACAAGCAGTCGATT_5_1_1	normal	NA
GGACAAGCATCACCCT_5_1_1	normal	NA
GGACAAGGTATAGTAG_5_1_1	normal	NA
GGACAAGGTCTAGAGG_5_1_1	normal	NA
GGACAAGGTTGCCTCT_5_1_1	tumor	NA
GGACAAGTCAGCGACC_5_1_1	normal	NA
GGACAAGTCCAAATGC_5_1_1	normal	NA
GGACAAGTCCTTGGTC_5_1_1	tumor	NA
GGACAAGTCGCAAGCC_5_1_1	tumor	NA
GGACAAGTCTCGCATC_5_1_1	normal	NA
GGACAAGTCTCTGTCG_5_1_1	tumor	NA
GGACAAGTCTGAGGGA_5_1_1	tumor	NA
GGACAAGTCTGTCAAG_5_1_1	tumor	NA
GGACAGAAGATCTGAA_5_1_1	normal	NA
GGACAGAAGCTAGTGG_5_1_1	normal	NA
GGACAGAAGGACACCA_5_1_1	tumor	NA
GGACAGACACGAAGCA_5_1_1	normal	NA
GGACAGACAGCCAATT_5_1_1	tumor	NA
GGACAGAGTACCGCTG_5_1_1	normal	NA
GGACAGAGTGACAAAT_5_1_1	tumor	NA
GGACAGATCAGCTCTC_5_1_1	normal	NA
GGACAGATCGTTGCCT_5_1_1	normal	NA
GGACATTAGAATGTTG_5_1_1	tumor	NA
GGACATTAGCGATATA_5_1_1	normal	NA
GGACATTAGCGGCTTC_5_1_1	tumor	NA
GGACATTAGTGCCAGA_5_1_1	tumor	NA
GGACATTCACTATCTT_5_1_1	tumor	NA
GGACATTGTGCGCTTG_5_1_1	tumor	NA
GGACATTTCCTGCCAT_5_1_1	tumor	NA
GGACATTTCGAACTGT_5_1_1	tumor	NA
GGACATTTCGTAGATC_5_1_1	tumor	NA
GGACGTCAGATCCGAG_5_1_1	tumor	NA
GGACGTCCAAGCGATG_5_1_1	tumor	NA
GGACGTCCACGAGGTA_5_1_1	normal	NA
GGACGTCGTCGACTGC_5_1_1	normal	NA
GGACGTCGTCGCTTTC_5_1_1	normal	NA
GGACGTCTCTCTTATG_5_1_1	tumor	NA
GGAGCAAAGGACAGAA_5_1_1	tumor	NA
GGAGCAACATGTAGTC_5_1_1	tumor	NA
GGAGCAAGTAAACCTC_5_1_1	tumor	NA
GGAGCAAGTCATCGGC_5_1_1	tumor	NA
GGAGCAAGTCTTTCAT_5_1_1	tumor	NA
GGAGCAAGTGAACCTT_5_1_1	normal	NA
GGAGCAAGTTGTGGAG_5_1_1	tumor	NA
GGAGCAATCCTAGAAC_5_1_1	tumor	NA
GGATGTTCAAGCTGTT_5_1_1	tumor	NA
GGATGTTCAGAGCCAA_5_1_1	tumor	NA
GGATGTTGTCCGTTAA_5_1_1	tumor	NA
GGATGTTGTTCGTCTC_5_1_1	tumor	NA
GGATGTTTCCCAAGTA_5_1_1	normal	NA
GGATGTTTCCGCGTTT_5_1_1	normal	NA
GGATGTTTCTCGGACG_5_1_1	tumor	NA
GGATTACCATCATCCC_5_1_1	tumor	NA
GGATTACGTCGAACAG_5_1_1	normal	NA
GGATTACGTCTTCTCG_5_1_1	tumor	NA
GGATTACTCAGTCAGT_5_1_1	normal	NA
GGATTACTCGAGAACG_5_1_1	tumor	NA
GGATTACTCTGATTCT_5_1_1	normal	NA
GGATTACTCTGCTTGC_5_1_1	tumor	NA
GGCAATTAGAATTGTG_5_1_1	tumor	NA
GGCAATTAGAGCTTCT_5_1_1	tumor	NA
GGCAATTAGAGGTAGA_5_1_1	tumor	NA
GGCAATTAGTCCAGGA_5_1_1	tumor	NA
GGCAATTCAAAGCGGT_5_1_1	normal	yes
GGCAATTCAGGGCATA_5_1_1	tumor	NA
GGCAATTCATCCAACA_5_1_1	tumor	NA
GGCAATTGTCGCTTCT_5_1_1	normal	NA
GGCAATTTCTGAAAGA_5_1_1	tumor	NA
GGCCGATAGAAACGAG_5_1_1	tumor	NA
GGCCGATAGGAGTCTG_5_1_1	tumor	NA
GGCCGATCACCAGATT_5_1_1	tumor	NA
GGCCGATCAGCTGTTA_5_1_1	normal	NA
GGCCGATCATGCCTTC_5_1_1	tumor	NA
GGCCGATGTCTCCATC_5_1_1	tumor	NA
GGCCGATGTCTCTTTA_5_1_1	tumor	NA
GGCCGATGTTCAGTAC_5_1_1	normal	NA
GGCCGATTCCCACTTG_5_1_1	tumor	NA
GGCGACTAGAGTGACC_5_1_1	tumor	NA
GGCGACTAGCCGCCTA_5_1_1	tumor	NA
GGCGACTCAAGTTCTG_5_1_1	normal	NA
GGCGACTCAGCTATTG_5_1_1	tumor	NA
GGCGACTGTCTCATCC_5_1_1	tumor	NA
GGCGACTTCACATGCA_5_1_1	normal	NA
GGCGACTTCTCCGGTT_5_1_1	tumor	NA
GGCGTGTCATCACCCT_5_1_1	tumor	NA
GGCGTGTGTATCGCAT_5_1_1	normal	NA
GGCGTGTTCAGCTGGC_5_1_1	normal	NA
GGCGTGTTCCCGACTT_5_1_1	tumor	NA
GGCGTGTTCGATGAGG_5_1_1	normal	NA
GGCGTGTTCGGTCCGA_5_1_1	normal	NA
GGCTCGAAGAAACGCC_5_1_1	tumor	NA
GGCTCGAAGAAGCCCA_5_1_1	normal	NA
GGCTCGAAGTAAGTAC_5_1_1	normal	NA
GGCTCGAAGTGAAGAG_5_1_1	normal	NA
GGCTCGACACGGCTAC_5_1_1	tumor	NA
GGCTCGAGTCACACGC_5_1_1	normal	NA
GGCTCGAGTCATATCG_5_1_1	normal	NA
GGCTCGATCCTTTCTC_5_1_1	tumor	NA
GGCTGGTAGCTAAGAT_5_1_1	tumor	NA
GGCTGGTCACATTAGC_5_1_1	normal	NA
GGCTGGTCACATTTCT_5_1_1	tumor	NA
GGCTGGTCACGGACAA_5_1_1	tumor	NA
GGCTGGTCAGTATGCT_5_1_1	tumor	NA
GGCTGGTCATACAGCT_5_1_1	normal	NA
GGCTGGTGTCCGTGAC_5_1_1	tumor	NA
GGCTGGTTCGAATGCT_5_1_1	tumor	NA
GGCTGGTTCGACGGAA_5_1_1	normal	NA
GGCTGGTTCTGCGTAA_5_1_1	tumor	NA
GGGAATGAGACAGACC_5_1_1	normal	NA
GGGAATGCAACGATCT_5_1_1	tumor	NA
GGGAATGCAAGCGTAG_5_1_1	normal	NA
GGGAATGCAGATGAGC_5_1_1	normal	NA
GGGAATGGTGACCAAG_5_1_1	tumor	NA
GGGAATGGTGACGGTA_5_1_1	tumor	NA
GGGAATGGTTGAGTTC_5_1_1	tumor	NA
GGGAATGTCATGTGGT_5_1_1	tumor	NA
GGGACCTAGACTGTAA_5_1_1	tumor	NA
GGGACCTAGTGCGATG_5_1_1	tumor	NA
GGGACCTCACTTAACG_5_1_1	normal	NA
GGGACCTGTAGAAAGG_5_1_1	tumor	NA
GGGACCTGTCCGAAGA_5_1_1	tumor	NA
GGGACCTGTCCGACGT_5_1_1	tumor	NA
GGGACCTGTCGCTTCT_5_1_1	tumor	NA
GGGACCTTCAGGCGAA_5_1_1	tumor	NA
GGGACCTTCCACGTGG_5_1_1	normal	NA
GGGACCTTCCAGATCA_5_1_1	tumor	NA
GGGACCTTCCCACTTG_5_1_1	normal	NA
GGGACCTTCTCATTCA_5_1_1	tumor	NA
GGGAGATAGCCCAATT_5_1_1	tumor	NA
GGGAGATAGCGCTTAT_5_1_1	normal	NA
GGGAGATCAGACACTT_5_1_1	tumor	NA
GGGAGATCATTTGCTT_5_1_1	tumor	NA
GGGAGATGTAGGAGTC_5_1_1	normal	yes
GGGAGATGTCAATACC_5_1_1	tumor	NA
GGGAGATGTTCGGCAC_5_1_1	tumor	NA
GGGAGATGTTGCCTCT_5_1_1	tumor	NA
GGGAGATTCATTGCGA_5_1_1	normal	NA
GGGAGATTCCACGCAG_5_1_1	normal	NA
GGGAGATTCTGTGCAA_5_1_1	normal	NA
GGGAGATTCTTGTACT_5_1_1	tumor	NA
GGGATGAAGCAGACTG_5_1_1	tumor	NA
GGGATGAAGTCGCCGT_5_1_1	tumor	NA
GGGATGACAACCGCCA_5_1_1	normal	NA
GGGATGACACGTAAGG_5_1_1	normal	NA
GGGATGACAGCATGAG_5_1_1	normal	NA
GGGATGAGTCCAGTGC_5_1_1	normal	NA
GGGATGATCACCCTCA_5_1_1	tumor	NA
GGGATGATCACCTTAT_5_1_1	normal	NA
GGGATGATCGCTGATA_5_1_1	normal	NA
GGGCACTAGCCAGAAC_5_1_1	tumor	NA
GGGCACTAGTTGTAGA_5_1_1	normal	NA
GGGCACTCAATGGACG_5_1_1	tumor	NA
GGGCACTCAGCTCGCA_5_1_1	tumor	NA
GGGCACTCAGTACACT_5_1_1	normal	NA
GGGCACTGTATTCGTG_5_1_1	normal	NA
GGGCACTGTCCAGTAT_5_1_1	tumor	NA
GGGCACTGTGGAAAGA_5_1_1	tumor	NA
GGGCACTTCATCATTC_5_1_1	tumor	NA
GGGCACTTCCGATATG_5_1_1	normal	NA
GGGCATCAGACACGAC_5_1_1	normal	NA
GGGCATCAGCTAGTCT_5_1_1	normal	NA
GGGCATCAGGAGTAGA_5_1_1	tumor	NA
GGGCATCAGTTTAGGA_5_1_1	normal	NA
GGGCATCCACGCGAAA_5_1_1	normal	NA
GGGCATCGTCCAAGTT_5_1_1	normal	NA
GGGCATCGTTCGCTAA_5_1_1	normal	NA
GGGCATCGTTGACGTT_5_1_1	tumor	NA
GGGCATCTCTTGCAAG_5_1_1	tumor	NA
GGGCATCTCTTTAGGG_5_1_1	normal	NA
GGGTCTGAGACATAAC_5_1_1	normal	NA
GGGTCTGAGACCTTTG_5_1_1	tumor	NA
GGGTCTGCAGGAATCG_5_1_1	tumor	NA
GGGTCTGGTACCGCTG_5_1_1	normal	NA
GGGTCTGGTAGAGGAA_5_1_1	tumor	NA
GGGTTGCAGCAGCCTC_5_1_1	normal	NA
GGGTTGCAGTGACTCT_5_1_1	normal	NA
GGGTTGCAGTGATCGG_5_1_1	normal	NA
GGGTTGCCAAGTCTGT_5_1_1	normal	NA
GGGTTGCCACACATGT_5_1_1	normal	NA
GGGTTGCCACGGATAG_5_1_1	tumor	NA
GGGTTGCCAGGGATTG_5_1_1	tumor	NA
GGGTTGCCATACAGCT_5_1_1	tumor	NA
GGGTTGCCATACGCCG_5_1_1	tumor	NA
GGGTTGCTCGGATGTT_5_1_1	tumor	NA
GGGTTGCTCTTCAACT_5_1_1	tumor	NA
GGTATTGAGGCCCGTT_5_1_1	normal	NA
GGTATTGCATTTGCCC_5_1_1	normal	NA
GGTATTGGTAAGTAGT_5_1_1	tumor	NA
GGTATTGGTCCTCCAT_5_1_1	tumor	NA
GGTATTGGTGGCCCTA_5_1_1	normal	NA
GGTATTGGTTAAGGGC_5_1_1	normal	NA
GGTATTGGTTCGTCTC_5_1_1	normal	NA
GGTATTGGTTCTGAAC_5_1_1	tumor	NA
GGTATTGTCGACGGAA_5_1_1	tumor	NA
GGTGAAGAGACATAAC_5_1_1	tumor	NA
GGTGAAGCAAGCCATT_5_1_1	tumor	NA
GGTGAAGCAAGTTAAG_5_1_1	normal	NA
GGTGAAGCAGATGAGC_5_1_1	tumor	NA
GGTGAAGGTAAGCACG_5_1_1	tumor	NA
GGTGAAGGTCATGCAT_5_1_1	tumor	NA
GGTGAAGGTCGCGAAA_5_1_1	normal	NA
GGTGAAGGTGCCTGGT_5_1_1	normal	NA
GGTGAAGGTTGAACTC_5_1_1	normal	NA
GGTGAAGTCAATCACG_5_1_1	normal	NA
GGTGAAGTCCACTCCA_5_1_1	tumor	NA
GGTGAAGTCTTGAGGT_5_1_1	tumor	NA
GGTGAAGTCTTTACGT_5_1_1	normal	NA
GGTGCGTAGAGTACCG_5_1_1	tumor	NA
GGTGCGTAGATAGCAT_5_1_1	tumor	NA
GGTGCGTAGATCACGG_5_1_1	tumor	NA
GGTGCGTAGCAGGTCA_5_1_1	tumor	NA
GGTGCGTCACCCTATC_5_1_1	tumor	NA
GGTGCGTCAGCGATCC_5_1_1	tumor	NA
GGTGCGTGTAAACACA_5_1_1	tumor	NA
GGTGCGTGTAATTGGA_5_1_1	tumor	NA
GGTGCGTTCTGTACGA_5_1_1	normal	NA
GGTGTTACAAAGGAAG_5_1_1	tumor	NA
GGTGTTACAAAGTGCG_5_1_1	tumor	NA
GGTGTTACAATAGCAA_5_1_1	normal	NA
GGTGTTACAATCCAAC_5_1_1	tumor	NA
GGTGTTACAGTAAGAT_5_1_1	tumor	NA
GGTGTTAGTAGCTCCG_5_1_1	normal	NA
GGTGTTAGTAGGGACT_5_1_1	tumor	NA
GGTGTTAGTGCTAGCC_5_1_1	tumor	NA
GGTGTTAGTGTCAATC_5_1_1	normal	NA
GGTGTTAGTTAAAGAC_5_1_1	tumor	NA
GGTGTTAGTTGTCGCG_5_1_1	normal	NA
GGTGTTATCCCGACTT_5_1_1	tumor	NA
GGTGTTATCTTGGGTA_5_1_1	normal	NA
GTAACGTCAAGCCATT_5_1_1	normal	NA
GTAACGTCACAAGACG_5_1_1	normal	NA
GTAACGTCAGCCTATA_5_1_1	normal	NA
GTAACGTCAGCGAACA_5_1_1	normal	NA
GTAACGTCAGTAAGCG_5_1_1	tumor	NA
GTAACGTCATGCTGGC_5_1_1	normal	NA
GTAACGTGTCACCCAG_5_1_1	normal	NA
GTAACGTTCATACGGT_5_1_1	normal	NA
GTAACGTTCTAACTGG_5_1_1	tumor	NA
GTAACTGAGCCAGGAT_5_1_1	tumor	NA
GTAACTGCAAAGGAAG_5_1_1	tumor	NA
GTAACTGCAATCAGAA_5_1_1	tumor	NA
GTAACTGCACTCAGGC_5_1_1	tumor	NA
GTAACTGCATAAAGGT_5_1_1	normal	NA
GTAACTGGTAAGGGCT_5_1_1	normal	NA
GTAACTGGTGTCAATC_5_1_1	tumor	NA
GTACGTAAGACAATAC_5_1_1	normal	NA
GTACGTAAGATCGATA_5_1_1	tumor	NA
GTACGTACAAACTGCT_5_1_1	tumor	NA
GTACGTACACATGACT_5_1_1	normal	NA
GTACGTAGTCGAGATG_5_1_1	tumor	NA
GTACTCCAGACGCACA_5_1_1	tumor	NA
GTACTCCAGGTCGGAT_5_1_1	tumor	NA
GTACTCCCAAGCCATT_5_1_1	tumor	NA
GTACTCCCAGCATACT_5_1_1	normal	NA
GTACTCCCAGGCTGAA_5_1_1	tumor	NA
GTACTCCGTACGCACC_5_1_1	tumor	NA
GTACTCCTCAACACTG_5_1_1	tumor	NA
GTACTCCTCCACTCCA_5_1_1	tumor	NA
GTACTCCTCTCCAACC_5_1_1	tumor	NA
GTACTCCTCTTCTGGC_5_1_1	tumor	NA
GTACTTTAGAATAGGG_5_1_1	normal	NA
GTACTTTAGCGTTCCG_5_1_1	tumor	NA
GTACTTTAGGTAAACT_5_1_1	normal	NA
GTACTTTAGTGAAGTT_5_1_1	normal	NA
GTACTTTCAGATCGGA_5_1_1	tumor	NA
GTACTTTCAGTATGCT_5_1_1	tumor	NA
GTACTTTCATAGAAAC_5_1_1	tumor	NA
GTACTTTGTAACGCGA_5_1_1	normal	NA
GTACTTTTCAGTTCGA_5_1_1	tumor	NA
GTAGGCCAGAAGGTTT_5_1_1	normal	NA
GTAGGCCCAACGCACC_5_1_1	tumor	NA
GTAGGCCCAGCCTTGG_5_1_1	tumor	NA
GTAGGCCCAGGATCGA_5_1_1	normal	NA
GTAGGCCGTAGCTTGT_5_1_1	tumor	NA
GTAGGCCGTGTCCTCT_5_1_1	tumor	NA
GTAGGCCGTGTTGAGG_5_1_1	normal	NA
GTAGGCCTCACATGCA_5_1_1	normal	NA
GTAGGCCTCATTCACT_5_1_1	tumor	NA
GTAGGCCTCCGCAGTG_5_1_1	normal	NA
GTAGTCAAGGCCCGTT_5_1_1	normal	NA
GTAGTCAAGTGCCATT_5_1_1	normal	NA
GTAGTCACAAGACACG_5_1_1	tumor	NA
GTAGTCACATGCCTTC_5_1_1	tumor	NA
GTAGTCAGTAATTGGA_5_1_1	tumor	NA
GTAGTCAGTCAATGTC_5_1_1	tumor	NA
GTAGTCAGTCAGAAGC_5_1_1	normal	NA
GTAGTCAGTTATGTGC_5_1_1	normal	NA
GTAGTCATCCCAAGAT_5_1_1	normal	NA
GTAGTCATCCCGGATG_5_1_1	tumor	NA
GTATCTTAGATGGGTC_5_1_1	normal	NA
GTATCTTAGGGCTTCC_5_1_1	normal	NA
GTATCTTAGTGAAGAG_5_1_1	tumor	NA
GTATCTTAGTTTCCTT_5_1_1	tumor	NA
GTATCTTCACTGTCGG_5_1_1	tumor	NA
GTATCTTGTCTCTCGT_5_1_1	tumor	NA
GTATCTTGTGCTTCTC_5_1_1	normal	NA
GTATCTTGTTGGACCC_5_1_1	tumor	NA
GTATCTTTCACTTCAT_5_1_1	tumor	NA
GTATCTTTCGCCTGTT_5_1_1	tumor	NA
GTATTCTAGACTCGGA_5_1_1	normal	NA
GTATTCTAGATGCGAC_5_1_1	tumor	NA
GTATTCTAGGGAAACA_5_1_1	normal	NA
GTATTCTAGGGTTCCC_5_1_1	tumor	NA
GTATTCTAGTGTACGG_5_1_1	normal	NA
GTATTCTGTCGCTTTC_5_1_1	normal	NA
GTATTCTGTTGATTGC_5_1_1	normal	NA
GTATTCTTCGCGATCG_5_1_1	tumor	NA
GTATTCTTCGTACCGG_5_1_1	tumor	NA
GTCAAGTAGAGACGAA_5_1_1	normal	NA
GTCAAGTCAACACCCG_5_1_1	tumor	NA
GTCAAGTCAAGGTTTC_5_1_1	normal	NA
GTCAAGTCAATCCAAC_5_1_1	normal	NA
GTCAAGTCATCTACGA_5_1_1	tumor	NA
GTCAAGTCATGCCACG_5_1_1	tumor	NA
GTCAAGTGTAAAGGAG_5_1_1	tumor	NA
GTCAAGTGTAGCGCAA_5_1_1	normal	NA
GTCAAGTGTTGCCTCT_5_1_1	normal	NA
GTCAAGTGTTTGACTG_5_1_1	normal	NA
GTCAAGTTCAACCATG_5_1_1	normal	NA
GTCAAGTTCATGCATG_5_1_1	tumor	NA
GTCAAGTTCCTGTACC_5_1_1	tumor	NA
GTCAAGTTCGTGGGAA_5_1_1	normal	NA
GTCACAAAGCTAGTTC_5_1_1	tumor	NA
GTCACAAAGGCCGAAT_5_1_1	normal	NA
GTCACAACAGACGCCT_5_1_1	tumor	NA
GTCACAACATACTACG_5_1_1	normal	NA
GTCACAACATGGTCAT_5_1_1	tumor	NA
GTCACAAGTCTGGTCG_5_1_1	normal	NA
GTCACAAGTTCAACCA_5_1_1	normal	NA
GTCACAATCCAAAGTC_5_1_1	tumor	NA
GTCACAATCGGTGTCG_5_1_1	tumor	NA
GTCACGGAGCGATAGC_5_1_1	tumor	NA
GTCACGGAGCTGCCCA_5_1_1	tumor	NA
GTCACGGAGGAGTTTA_5_1_1	tumor	NA
GTCACGGAGTAACCCT_5_1_1	normal	NA
GTCACGGCACATCTTT_5_1_1	tumor	NA
GTCACGGGTGACGCCT_5_1_1	normal	NA
GTCACGGTCAGCTCTC_5_1_1	normal	NA
GTCATTTAGAATGTTG_5_1_1	tumor	NA
GTCATTTAGTACTTGC_5_1_1	normal	NA
GTCATTTCAAGTTAAG_5_1_1	tumor	NA
GTCATTTCACCAGATT_5_1_1	tumor	NA
GTCATTTCAGACTCGC_5_1_1	tumor	NA
GTCATTTGTGTAATGA_5_1_1	tumor	NA
GTCATTTTCACCGGGT_5_1_1	tumor	NA
GTCATTTTCCGATATG_5_1_1	normal	NA
GTCATTTTCTCGTATT_5_1_1	tumor	NA
GTCCTCACAGTAACGG_5_1_1	tumor	NA
GTCCTCACATTGTGCA_5_1_1	normal	NA
GTCCTCAGTAAAGGAG_5_1_1	tumor	NA
GTCCTCAGTCACCCAG_5_1_1	tumor	NA
GTCCTCAGTCGGATCC_5_1_1	tumor	NA
GTCCTCAGTCTGCGGT_5_1_1	tumor	NA
GTCCTCATCGCGTAGC_5_1_1	normal	NA
GTCCTCATCTAACTGG_5_1_1	normal	NA
GTCGGGTAGACTCGGA_5_1_1	normal	NA
GTCGGGTAGATAGGAG_5_1_1	tumor	NA
GTCGGGTAGCCGATTT_5_1_1	normal	NA
GTCGGGTAGCCTCGTG_5_1_1	tumor	NA
GTCGGGTCAGCTGTGC_5_1_1	normal	NA
GTCGGGTGTAAACACA_5_1_1	normal	NA
GTCGGGTGTGATGCCC_5_1_1	tumor	NA
GTCGGGTGTTTGACTG_5_1_1	tumor	NA
GTCGGGTTCCGTAGTA_5_1_1	tumor	NA
GTCGGGTTCGGCGCAT_5_1_1	tumor	NA
GTCGTAAAGCTCCTCT_5_1_1	tumor	NA
GTCGTAACACGACGAA_5_1_1	tumor	NA
GTCGTAACACTTACGA_5_1_1	tumor	NA
GTCGTAACATGCAACT_5_1_1	tumor	NA
GTCGTAAGTATATCCG_5_1_1	tumor	NA
GTCGTAAGTCTGCGGT_5_1_1	tumor	NA
GTCGTAAGTGCTAGCC_5_1_1	normal	NA
GTCGTAAGTTAGAACA_5_1_1	tumor	NA
GTCGTAAGTTGTACAC_5_1_1	tumor	NA
GTCGTAATCACCTTAT_5_1_1	tumor	NA
GTCGTAATCTTCATGT_5_1_1	tumor	NA
GTCTCGTAGCCGATTT_5_1_1	normal	NA
GTCTCGTCACATGACT_5_1_1	tumor	NA
GTCTCGTGTAAATGAC_5_1_1	normal	NA
GTCTCGTGTTTACTCT_5_1_1	tumor	NA
GTCTCGTTCATATCGG_5_1_1	tumor	NA
GTCTCGTTCATTATCC_5_1_1	normal	NA
GTCTCGTTCCTAAGTG_5_1_1	tumor	NA
GTCTTCGAGAGAACAG_5_1_1	tumor	NA
GTCTTCGAGAGGTTAT_5_1_1	normal	NA
GTCTTCGAGGAATTAC_5_1_1	tumor	NA
GTCTTCGCAAGTAGTA_5_1_1	normal	NA
GTCTTCGGTCGGCTCA_5_1_1	normal	NA
GTCTTCGGTTACCGAT_5_1_1	tumor	NA
GTCTTCGTCATGTCCC_5_1_1	normal	NA
GTCTTCGTCCGTCATC_5_1_1	tumor	NA
GTCTTCGTCCTGCTTG_5_1_1	tumor	NA
GTCTTCGTCTTCGGTC_5_1_1	tumor	NA
GTGAAGGAGCCCGAAA_5_1_1	tumor	NA
GTGAAGGAGTACGTAA_5_1_1	tumor	NA
GTGAAGGCAATGAATG_5_1_1	tumor	NA
GTGAAGGCACAGTCGC_5_1_1	normal	NA
GTGAAGGCACGAAAGC_5_1_1	tumor	NA
GTGAAGGCAGAGTGTG_5_1_1	tumor	NA
GTGAAGGCAGGATTGG_5_1_1	normal	NA
GTGAAGGCAGGTCCAC_5_1_1	tumor	NA
GTGAAGGGTAAGTGGC_5_1_1	tumor	NA
GTGAAGGGTAGGGACT_5_1_1	normal	NA
GTGAAGGGTCAGATAA_5_1_1	tumor	NA
GTGAAGGGTCGGCATC_5_1_1	normal	NA
GTGAAGGGTGAACCTT_5_1_1	normal	NA
GTGAAGGTCAACCATG_5_1_1	tumor	NA
GTGAAGGTCAATAAGG_5_1_1	normal	NA
GTGAAGGTCACGGTTA_5_1_1	normal	NA
GTGAAGGTCATGCATG_5_1_1	tumor	NA
GTGAAGGTCCTTGACC_5_1_1	normal	NA
GTGCAGCAGTACGCCC_5_1_1	tumor	NA
GTGCAGCAGTCATCCA_5_1_1	normal	NA
GTGCAGCCACCTTGTC_5_1_1	tumor	NA
GTGCAGCCACTCAGGC_5_1_1	tumor	NA
GTGCAGCCATGTCTCC_5_1_1	tumor	NA
GTGCAGCGTGCAACTT_5_1_1	tumor	NA
GTGCAGCTCAACGCTA_5_1_1	tumor	NA
GTGCAGCTCTCGAGTA_5_1_1	tumor	NA
GTGCATAAGATCCTGT_5_1_1	tumor	NA
GTGCATACAGTTAACC_5_1_1	normal	NA
GTGCATAGTAACGTTC_5_1_1	normal	NA
GTGCATAGTAGCGATG_5_1_1	normal	NA
GTGCATAGTGTCGCTG_5_1_1	tumor	NA
GTGCATAGTTGGTTTG_5_1_1	normal	NA
GTGCATATCAGAGCTT_5_1_1	tumor	NA
GTGCGGTAGCCACTAT_5_1_1	normal	NA
GTGCGGTAGGCCATAG_5_1_1	normal	NA
GTGCGGTAGGGAGTAA_5_1_1	normal	NA
GTGCGGTCAACACCCG_5_1_1	tumor	NA
GTGCGGTCAGTAGAGC_5_1_1	normal	NA
GTGCGGTCATGTAAGA_5_1_1	normal	NA
GTGCGGTGTACATGTC_5_1_1	tumor	NA
GTGCGGTGTATAGTAG_5_1_1	tumor	NA
GTGCGGTGTCTAAACC_5_1_1	normal	NA
GTGCGGTGTGCCTGGT_5_1_1	tumor	NA
GTGCGGTGTTCAGGCC_5_1_1	tumor	NA
GTGCGGTGTTCCACAA_5_1_1	tumor	NA
GTGCGGTTCAACTCTT_5_1_1	normal	NA
GTGCGGTTCTATCGCC_5_1_1	normal	NA
GTGCTTCAGACGCTTT_5_1_1	normal	NA
GTGCTTCCAACGATGG_5_1_1	tumor	NA
GTGCTTCCAAGTCTAC_5_1_1	tumor	NA
GTGCTTCCAAGTTGTC_5_1_1	tumor	NA
GTGCTTCCAGCTCCGA_5_1_1	normal	NA
GTGCTTCCATGAGCGA_5_1_1	normal	NA
GTGCTTCGTCTTTCAT_5_1_1	tumor	NA
GTGCTTCGTGTTAAGA_5_1_1	tumor	NA
GTGCTTCGTTGACGTT_5_1_1	normal	NA
GTGCTTCTCCTCGCAT_5_1_1	tumor	NA
GTGCTTCTCGTATCAG_5_1_1	tumor	NA
GTGGGTCAGAAGGGTA_5_1_1	tumor	NA
GTGGGTCAGGAATCGC_5_1_1	normal	NA
GTGGGTCAGGCCCTCA_5_1_1	normal	NA
GTGGGTCAGGTAAACT_5_1_1	tumor	NA
GTGGGTCAGTCCATAC_5_1_1	tumor	NA
GTGGGTCCACGAAACG_5_1_1	tumor	NA
GTGGGTCGTAGAAAGG_5_1_1	tumor	NA
GTGGGTCGTAGCTAAA_5_1_1	normal	NA
GTGGGTCGTCACTGGC_5_1_1	tumor	NA
GTGGGTCGTCGCATAT_5_1_1	normal	NA
GTGGGTCGTCTAGGTT_5_1_1	normal	NA
GTGGGTCGTGAGTATA_5_1_1	tumor	NA
GTGGGTCGTTGGTAAA_5_1_1	tumor	NA
GTGGGTCTCAGCACAT_5_1_1	normal	NA
GTGGGTCTCCACGACG_5_1_1	normal	NA
GTGTGCGAGGCTCAGA_5_1_1	normal	NA
GTGTGCGAGTAGGTGC_5_1_1	tumor	NA
GTGTGCGAGTGGGTTG_5_1_1	normal	NA
GTGTGCGCACTAGTAC_5_1_1	normal	NA
GTGTGCGCAGTATCTG_5_1_1	normal	NA
GTGTGCGCATGTTCCC_5_1_1	normal	NA
GTGTGCGGTACATCCA_5_1_1	tumor	NA
GTGTGCGGTACGACCC_5_1_1	tumor	NA
GTGTGCGGTACTTGAC_5_1_1	tumor	NA
GTGTGCGGTCCAGTAT_5_1_1	tumor	NA
GTGTGCGGTCGGCTCA_5_1_1	tumor	NA
GTGTGCGGTGAAAGAG_5_1_1	normal	NA
GTGTGCGTCAACCATG_5_1_1	tumor	NA
GTGTGCGTCGGAGCAA_5_1_1	tumor	NA
GTGTGCGTCGGCTACG_5_1_1	normal	NA
GTGTGCGTCTTGCAAG_5_1_1	tumor	NA
GTGTTAGAGCCATCGC_5_1_1	tumor	NA
GTGTTAGAGGAATCGC_5_1_1	normal	NA
GTGTTAGAGGCAAAGA_5_1_1	tumor	NA
GTGTTAGAGTGGACGT_5_1_1	tumor	NA
GTGTTAGCACGGCTAC_5_1_1	tumor	NA
GTGTTAGCATGGATGG_5_1_1	normal	NA
GTGTTAGGTAGCGTGA_5_1_1	tumor	NA
GTGTTAGGTGAGTATA_5_1_1	normal	NA
GTTAAGCGTAGCTGCC_5_1_1	normal	NA
GTTAAGCGTCTGATCA_5_1_1	normal	NA
GTTAAGCGTCTTTCAT_5_1_1	tumor	NA
GTTAAGCTCTAACTGG_5_1_1	normal	NA
GTTACAGAGGATCGCA_5_1_1	normal	NA
GTTACAGAGGTGTTAA_5_1_1	normal	NA
GTTACAGAGTCTTGCA_5_1_1	tumor	NA
GTTACAGCAGTTAACC_5_1_1	tumor	NA
GTTACAGCATTAGCCA_5_1_1	tumor	NA
GTTACAGGTTCCATGA_5_1_1	normal	NA
GTTACAGGTTCTGAAC_5_1_1	normal	NA
GTTACAGTCAAAGACA_5_1_1	tumor	NA
GTTACAGTCAATCTCT_5_1_1	tumor	NA
GTTACAGTCACATAGC_5_1_1	tumor	NA
GTTACAGTCGAACGGA_5_1_1	normal	NA
GTTACAGTCGCGGATC_5_1_1	normal	NA
GTTACAGTCTAACCGA_5_1_1	normal	NA
GTTCATTAGACAAAGG_5_1_1	tumor	NA
GTTCATTAGGCAAAGA_5_1_1	normal	NA
GTTCATTAGTAACCCT_5_1_1	tumor	NA
GTTCATTCAGATGAGC_5_1_1	normal	NA
GTTCATTGTCTCCATC_5_1_1	tumor	NA
GTTCATTGTTGAGGTG_5_1_1	tumor	NA
GTTCATTGTTGTCTTT_5_1_1	normal	NA
GTTCATTTCACCCGAG_5_1_1	normal	NA
GTTCATTTCATCACCC_5_1_1	normal	yes
GTTCATTTCCGAGCCA_5_1_1	normal	yes
GTTCATTTCGAATGGG_5_1_1	normal	NA
GTTCGGGAGACTGGGT_5_1_1	normal	NA
GTTCGGGCACCTATCC_5_1_1	normal	NA
GTTCGGGGTAGCGTGA_5_1_1	normal	NA
GTTCGGGGTCGAAAGC_5_1_1	tumor	NA
GTTCGGGGTCGAGTTT_5_1_1	tumor	NA
GTTCGGGGTCTGGTCG_5_1_1	tumor	NA
GTTCGGGGTTGTGGAG_5_1_1	tumor	NA
GTTCGGGTCGAGCCCA_5_1_1	tumor	NA
GTTCGGGTCTCTTATG_5_1_1	normal	NA
GTTCTCGAGCTCAACT_5_1_1	normal	NA
GTTCTCGCAGTAACGG_5_1_1	tumor	NA
GTTCTCGGTCATCGGC_5_1_1	tumor	NA
GTTCTCGTCAAGCCTA_5_1_1	normal	NA
GTTCTCGTCCCAAGAT_5_1_1	tumor	NA
GTTTCTAAGCTTTGGT_5_1_1	tumor	NA
GTTTCTAAGGAGTAGA_5_1_1	tumor	NA
GTTTCTAAGGATGTAT_5_1_1	normal	NA
GTTTCTAAGTAAGTAC_5_1_1	tumor	NA
GTTTCTAAGTGCGTGA_5_1_1	tumor	NA
GTTTCTAAGTGTGGCA_5_1_1	tumor	NA
GTTTCTACAAGACGTG_5_1_1	tumor	NA
GTTTCTACACCCTATC_5_1_1	tumor	NA
GTTTCTACAGGCAGTA_5_1_1	tumor	NA
GTTTCTACATGGGACA_5_1_1	normal	NA
GTTTCTAGTAAACGCG_5_1_1	tumor	NA
GTTTCTAGTGGCAAAC_5_1_1	normal	NA
GTTTCTAGTTCCTCCA_5_1_1	normal	NA
GTTTCTATCCATGCTC_5_1_1	normal	NA
GTTTCTATCTGATTCT_5_1_1	tumor	NA
TAAACCGAGAGTAAGG_5_1_1	normal	NA
TAAACCGAGGAGTTTA_5_1_1	tumor	NA
TAAACCGAGGTGCTAG_5_1_1	tumor	NA
TAAACCGCAACCGCCA_5_1_1	normal	NA
TAAACCGCAATGTTGC_5_1_1	tumor	NA
TAAACCGCAGTGGAGT_5_1_1	normal	NA
TAAACCGCATACCATG_5_1_1	tumor	NA
TAAACCGCATCACGTA_5_1_1	tumor	NA
TAAACCGGTAAGCACG_5_1_1	normal	NA
TAAACCGGTGTTAAGA_5_1_1	normal	NA
TAAACCGTCCAAAGTC_5_1_1	normal	NA
TAAGAGAAGAATAGGG_5_1_1	tumor	NA
TAAGAGAAGACCCACC_5_1_1	tumor	NA
TAAGAGAAGCAGATCG_5_1_1	tumor	NA
TAAGAGACACGGTAAG_5_1_1	normal	NA
TAAGAGACAGACAAGC_5_1_1	normal	NA
TAAGAGACAGTGAGTG_5_1_1	normal	NA
TAAGAGATCATCTGTT_5_1_1	tumor	NA
TAAGAGATCCACGAAT_5_1_1	tumor	NA
TAAGAGATCCACTCCA_5_1_1	tumor	NA
TAAGAGATCCACTGGG_5_1_1	tumor	NA
TAAGAGATCTACTATC_5_1_1	normal	yes
TAAGAGATCTGCGGCA_5_1_1	tumor	NA
TAAGCGTAGCGCTTAT_5_1_1	tumor	NA
TAAGCGTAGGGTGTTG_5_1_1	tumor	NA
TAAGCGTCAAGCGTAG_5_1_1	tumor	NA
TAAGCGTCACATAACC_5_1_1	tumor	NA
TAAGCGTCACTGAAGG_5_1_1	tumor	NA
TAAGCGTGTCGTGGCT_5_1_1	tumor	NA
TAAGCGTGTCTCTCTG_5_1_1	tumor	NA
TAAGCGTGTCTTGCGG_5_1_1	normal	NA
TAAGCGTGTGTTAAGA_5_1_1	tumor	NA
TAAGCGTTCCGAGCCA_5_1_1	tumor	NA
TAAGTGCAGTCATGCT_5_1_1	normal	NA
TAAGTGCCATGGTCTA_5_1_1	tumor	NA
TAAGTGCGTACCCAAT_5_1_1	normal	NA
TAAGTGCGTACCGCTG_5_1_1	tumor	NA
TAAGTGCGTCTGCAAT_5_1_1	normal	NA
TAAGTGCGTGCGCTTG_5_1_1	tumor	NA
TACACGAAGATGTTAG_5_1_1	tumor	NA
TACACGAAGCTAGTTC_5_1_1	normal	NA
TACACGACACCTGGTG_5_1_1	tumor	NA
TACACGACAGTAACGG_5_1_1	tumor	NA
TACACGAGTACCGTTA_5_1_1	tumor	NA
TACACGATCAATCACG_5_1_1	normal	NA
TACACGATCCAAACAC_5_1_1	normal	NA
TACACGATCCACGACG_5_1_1	normal	NA
TACAGTGAGAATGTTG_5_1_1	tumor	NA
TACAGTGAGAGTACCG_5_1_1	tumor	NA
TACAGTGAGGACAGCT_5_1_1	normal	NA
TACAGTGCACCAGCAC_5_1_1	tumor	NA
TACAGTGCATAGGATA_5_1_1	tumor	NA
TACAGTGGTCCATGAT_5_1_1	tumor	NA
TACAGTGGTTACAGAA_5_1_1	normal	NA
TACAGTGTCACATAGC_5_1_1	tumor	NA
TACAGTGTCATCTGCC_5_1_1	tumor	NA
TACCTATAGAGCCTAG_5_1_1	tumor	NA
TACCTATAGTCGCCGT_5_1_1	normal	NA
TACCTATCACGTGAGA_5_1_1	normal	NA
TACCTATGTAAGTTCC_5_1_1	tumor	NA
TACCTATTCGTTGACA_5_1_1	tumor	NA
TACCTTAAGGAATGGA_5_1_1	normal	NA
TACCTTACAAGTTGTC_5_1_1	tumor	NA
TACCTTAGTCAAAGAT_5_1_1	tumor	NA
TACCTTATCACTTACT_5_1_1	normal	NA
TACCTTATCATTATCC_5_1_1	tumor	NA
TACCTTATCGACCAGC_5_1_1	tumor	NA
TACGGATAGCGATATA_5_1_1	normal	NA
TACGGATAGCGATTCT_5_1_1	normal	NA
TACGGATAGGATGGAA_5_1_1	normal	NA
TACGGATAGGTGCACA_5_1_1	tumor	NA
TACGGATCAATGAATG_5_1_1	tumor	NA
TACGGATCAGTACACT_5_1_1	tumor	NA
TACGGATGTAAGGGCT_5_1_1	tumor	NA
TACGGATGTACGCACC_5_1_1	normal	NA
TACGGATGTAGCGCAA_5_1_1	tumor	NA
TACGGATGTAGGAGTC_5_1_1	tumor	NA
TACGGATGTCCGTCAG_5_1_1	normal	NA
TACGGATGTCTCAACA_5_1_1	tumor	NA
TACGGGCCACTATCTT_5_1_1	tumor	NA
TACGGGCCAGATTGCT_5_1_1	normal	NA
TACGGGCGTACAGTTC_5_1_1	normal	NA
TACGGGCGTCAAAGAT_5_1_1	tumor	NA
TACGGGCGTCGCGGTT_5_1_1	tumor	NA
TACGGGCGTTAGGGTG_5_1_1	normal	NA
TACGGGCTCAGCAACT_5_1_1	normal	NA
TACGGGCTCTGCGACG_5_1_1	tumor	NA
TACGGTAAGAGGTAGA_5_1_1	normal	NA
TACGGTAAGCGTAATA_5_1_1	normal	NA
TACGGTAAGGACCACA_5_1_1	tumor	NA
TACGGTAAGTAGATGT_5_1_1	normal	NA
TACGGTAAGTGGTCCC_5_1_1	normal	NA
TACGGTACACAAGCCC_5_1_1	normal	NA
TACGGTACACTGCCAG_5_1_1	tumor	NA
TACGGTAGTTAGTGGG_5_1_1	tumor	NA
TACGGTAGTTCCCTTG_5_1_1	tumor	NA
TACGGTATCCACGAAT_5_1_1	tumor	NA
TACGGTATCGCGCCAA_5_1_1	normal	NA
TACTCATAGACTAGGC_5_1_1	tumor	NA
TACTCATCACAGCCCA_5_1_1	tumor	NA
TACTCATCACAGGAGT_5_1_1	tumor	NA
TACTCATGTGAAATCA_5_1_1	tumor	NA
TACTCATGTGAGGCTA_5_1_1	normal	NA
TACTCATTCAAGCCTA_5_1_1	tumor	NA
TACTCGCCAGATAATG_5_1_1	tumor	NA
TACTCGCGTAAGAGAG_5_1_1	tumor	NA
TACTCGCGTCAGAGGT_5_1_1	normal	NA
TACTCGCGTCGGATCC_5_1_1	tumor	NA
TACTCGCGTGCAACTT_5_1_1	normal	yes
TACTCGCGTGCGGTAA_5_1_1	normal	NA
TACTCGCGTTGGACCC_5_1_1	tumor	NA
TACTCGCTCGCCATAA_5_1_1	tumor	NA
TACTCGCTCTCTAGGA_5_1_1	tumor	NA
TACTTACAGCTAGTTC_5_1_1	normal	NA
TACTTACAGTCGAGTG_5_1_1	normal	NA
TACTTACAGTGTGAAT_5_1_1	tumor	NA
TACTTACGTAGAGTGC_5_1_1	tumor	NA
TACTTACTCCCAACGG_5_1_1	normal	NA
TACTTACTCCTGCAGG_5_1_1	tumor	NA
TACTTGTCACCCATTC_5_1_1	normal	NA
TACTTGTCAGGCGATA_5_1_1	normal	NA
TACTTGTGTCTTGCGG_5_1_1	tumor	NA
TACTTGTTCCTCAACC_5_1_1	tumor	NA
TACTTGTTCCTGCAGG_5_1_1	tumor	NA
TAGACCAAGAAGCCCA_5_1_1	tumor	NA
TAGACCAAGAGTACCG_5_1_1	normal	NA
TAGACCAAGATCACGG_5_1_1	tumor	NA
TAGACCAAGGTAGCCA_5_1_1	tumor	NA
TAGACCACAGATGAGC_5_1_1	normal	NA
TAGACCAGTGTGACGA_5_1_1	tumor	NA
TAGACCAGTTGGTAAA_5_1_1	normal	NA
TAGACCATCGCATGGC_5_1_1	tumor	NA
TAGACCATCTCTAAGG_5_1_1	normal	NA
TAGAGCTAGACCTTTG_5_1_1	tumor	NA
TAGAGCTAGAGGTAGA_5_1_1	tumor	NA
TAGAGCTAGGGCTTCC_5_1_1	normal	NA
TAGAGCTAGTATGACA_5_1_1	tumor	NA
TAGAGCTCATCCAACA_5_1_1	tumor	NA
TAGAGCTCATCCTAGA_5_1_1	tumor	NA
TAGAGCTTCACAACGT_5_1_1	normal	NA
TAGAGCTTCAGTCCCT_5_1_1	normal	NA
TAGAGCTTCCCTTGCA_5_1_1	tumor	NA
TAGAGCTTCTGTACGA_5_1_1	tumor	NA
TAGCCGGAGGTGATTA_5_1_1	tumor	NA
TAGCCGGCAAAGCGGT_5_1_1	normal	NA
TAGCCGGCAAATTGCC_5_1_1	normal	NA
TAGCCGGCAAGCTGTT_5_1_1	normal	NA
TAGCCGGCAATAGCAA_5_1_1	tumor	NA
TAGCCGGCAATGCCAT_5_1_1	tumor	NA
TAGCCGGCACTTGGAT_5_1_1	tumor	NA
TAGCCGGCATATACGC_5_1_1	tumor	NA
TAGCCGGGTAGCTGCC_5_1_1	normal	NA
TAGCCGGGTGTTTGGT_5_1_1	normal	NA
TAGCCGGGTTCAACCA_5_1_1	tumor	NA
TAGCCGGTCCAGGGCT_5_1_1	normal	NA
TAGCCGGTCTGCGGCA_5_1_1	normal	NA
TAGGCATAGAGACTTA_5_1_1	tumor	NA
TAGGCATAGGAGTACC_5_1_1	tumor	NA
TAGGCATAGTCGATAA_5_1_1	tumor	NA
TAGGCATAGTTACGGG_5_1_1	normal	NA
TAGGCATCAGATGGGT_5_1_1	normal	NA
TAGGCATCAGTAACGG_5_1_1	tumor	NA
TAGGCATGTACATCCA_5_1_1	tumor	NA
TAGGCATGTCGGCTCA_5_1_1	tumor	NA
TAGGCATTCAGTTGAC_5_1_1	tumor	NA
TAGGCATTCGCATGAT_5_1_1	normal	NA
TAGTGGTAGCGTAGTG_5_1_1	normal	NA
TAGTGGTAGTATGACA_5_1_1	normal	NA
TAGTGGTAGTGTCCAT_5_1_1	tumor	NA
TAGTGGTCAAACCTAC_5_1_1	normal	NA
TAGTGGTCAATGAAAC_5_1_1	tumor	NA
TAGTGGTCAATGGAGC_5_1_1	normal	NA
TAGTGGTGTACCGAGA_5_1_1	normal	NA
TAGTGGTGTCAGAGGT_5_1_1	normal	NA
TAGTGGTGTTCCATGA_5_1_1	tumor	NA
TAGTGGTTCAAGAAGT_5_1_1	tumor	NA
TAGTGGTTCAGTCCCT_5_1_1	tumor	NA
TAGTGGTTCGGTTAAC_5_1_1	tumor	NA
TAGTTGGAGACGCTTT_5_1_1	tumor	NA
TAGTTGGCACCAGCAC_5_1_1	normal	NA
TAGTTGGCACGTAAGG_5_1_1	tumor	NA
TAGTTGGCAGTACACT_5_1_1	normal	NA
TAGTTGGCATGAACCT_5_1_1	normal	NA
TAGTTGGGTAATCACC_5_1_1	normal	NA
TAGTTGGGTCGCGGTT_5_1_1	tumor	NA
TAGTTGGTCACCACCT_5_1_1	normal	NA
TAGTTGGTCATATCGG_5_1_1	tumor	NA
TAGTTGGTCTTGTACT_5_1_1	tumor	NA
TATCAGGAGGCTATCT_5_1_1	tumor	NA
TATCAGGAGTACGTAA_5_1_1	tumor	NA
TATCAGGAGTGATCGG_5_1_1	tumor	NA
TATCAGGAGTGCCAGA_5_1_1	tumor	NA
TATCAGGCACAAGCCC_5_1_1	tumor	NA
TATCAGGCATCAGTAC_5_1_1	normal	NA
TATCAGGGTCACCTAA_5_1_1	tumor	NA
TATCAGGGTCGCGAAA_5_1_1	normal	NA
TATCAGGGTTCGTGAT_5_1_1	normal	NA
TATCAGGTCATCGATG_5_1_1	tumor	NA
TATCAGGTCCCTAACC_5_1_1	tumor	NA
TATCAGGTCGCCAAAT_5_1_1	normal	NA
TATCAGGTCTCAAGTG_5_1_1	tumor	NA
TATCAGGTCTGGTATG_5_1_1	tumor	NA
TATCTCAAGACACTAA_5_1_1	normal	NA
TATCTCAAGGCCCTTG_5_1_1	tumor	NA
TATCTCAAGGTGCTTT_5_1_1	tumor	NA
TATCTCAAGTCTTGCA_5_1_1	tumor	NA
TATCTCACAAGAGTCG_5_1_1	tumor	NA
TATCTCAGTAATAGCA_5_1_1	tumor	NA
TATCTCAGTCAACATC_5_1_1	normal	NA
TATCTCAGTCCTCCAT_5_1_1	tumor	NA
TATCTCAGTTATGCGT_5_1_1	normal	NA
TATCTCAGTTGAGTTC_5_1_1	normal	NA
TATCTCATCGCATGGC_5_1_1	normal	NA
TATCTCATCGCGTAGC_5_1_1	normal	NA
TATGCCCAGCTATGCT_5_1_1	normal	NA
TATGCCCAGTTGTAGA_5_1_1	tumor	NA
TATGCCCCAGTAAGCG_5_1_1	tumor	NA
TATGCCCCATCGATGT_5_1_1	tumor	NA
TATGCCCTCAACCATG_5_1_1	tumor	NA
TATGCCCTCGCCTGAG_5_1_1	normal	NA
TATTACCAGAGTCGGT_5_1_1	normal	NA
TATTACCAGGGAACGG_5_1_1	tumor	NA
TATTACCAGTGATCGG_5_1_1	tumor	NA
TATTACCCAATGGATA_5_1_1	tumor	NA
TATTACCCAGTGGAGT_5_1_1	tumor	NA
TATTACCCATGACATC_5_1_1	tumor	NA
TATTACCCATTCGACA_5_1_1	tumor	NA
TATTACCGTACGAAAT_5_1_1	tumor	NA
TATTACCGTAGCTTGT_5_1_1	normal	NA
TATTACCGTCAAACTC_5_1_1	normal	NA
TATTACCGTGACTACT_5_1_1	tumor	NA
TATTACCTCCACTCCA_5_1_1	normal	NA
TCAACGAAGGAGCGAG_5_1_1	tumor	NA
TCAACGACAATAACGA_5_1_1	tumor	NA
TCAACGACAGTTCCCT_5_1_1	tumor	NA
TCAACGACATGCCTTC_5_1_1	normal	NA
TCAACGAGTAGCGTGA_5_1_1	tumor	NA
TCAACGAGTTATGCGT_5_1_1	tumor	NA
TCAACGATCGAATGCT_5_1_1	normal	NA
TCAATCTAGATGAGAG_5_1_1	tumor	NA
TCAATCTAGCAACGGT_5_1_1	normal	NA
TCAATCTCAAGTACCT_5_1_1	tumor	NA
TCAATCTCATGCATGT_5_1_1	normal	NA
TCAATCTGTGACTACT_5_1_1	normal	NA
TCAATCTTCTCTGCTG_5_1_1	tumor	NA
TCACAAGAGAAGAAGC_5_1_1	normal	NA
TCACAAGAGCTGCGAA_5_1_1	tumor	NA
TCACAAGCACAGGCCT_5_1_1	tumor	NA
TCACAAGCACTAGTAC_5_1_1	tumor	NA
TCACAAGCATCAGTCA_5_1_1	normal	NA
TCACAAGGTCCAGTTA_5_1_1	tumor	NA
TCACAAGTCAGTACGT_5_1_1	tumor	NA
TCACAAGTCATTATCC_5_1_1	tumor	NA
TCACAAGTCGGCATCG_5_1_1	normal	NA
TCACAAGTCGTGGACC_5_1_1	tumor	NA
TCACGAAAGACAGAGA_5_1_1	normal	NA
TCACGAAAGATATGCA_5_1_1	tumor	NA
TCACGAAAGATCCTGT_5_1_1	tumor	NA
TCACGAACAAAGCGGT_5_1_1	tumor	NA
TCACGAACATGCCTTC_5_1_1	normal	NA
TCACGAACATGGATGG_5_1_1	tumor	NA
TCACGAACATGGGACA_5_1_1	tumor	NA
TCACGAAGTAAGGGCT_5_1_1	tumor	NA
TCACGAAGTCTCTTAT_5_1_1	tumor	NA
TCACGAATCGAGAGCA_5_1_1	tumor	NA
TCAGATGAGCGATCCC_5_1_1	normal	NA
TCAGATGAGCGTCAAG_5_1_1	normal	NA
TCAGATGAGTAAGTAC_5_1_1	tumor	NA
TCAGATGCAGTAACGG_5_1_1	tumor	NA
TCAGATGCATGGTAGG_5_1_1	tumor	NA
TCAGATGGTACTCAAC_5_1_1	normal	NA
TCAGATGTCAGAGACG_5_1_1	tumor	NA
TCAGATGTCGCGCCAA_5_1_1	normal	NA
TCAGATGTCGTTACGA_5_1_1	normal	NA
TCAGCAAAGACTAAGT_5_1_1	normal	NA
TCAGCAAAGAGCCCAA_5_1_1	tumor	NA
TCAGCAAAGTGTACGG_5_1_1	tumor	NA
TCAGCAACAAATTGCC_5_1_1	normal	NA
TCAGCAAGTCATATGC_5_1_1	tumor	NA
TCAGCAAGTGTAATGA_5_1_1	normal	NA
TCAGCAATCTCCCTGA_5_1_1	normal	NA
TCAGCAATCTGGGCCA_5_1_1	normal	NA
TCAGCTCAGATCCCAT_5_1_1	normal	NA
TCAGCTCAGTCACGCC_5_1_1	normal	NA
TCAGCTCCACCATGTA_5_1_1	tumor	NA
TCAGCTCCACGGTAGA_5_1_1	tumor	NA
TCAGCTCGTACATCCA_5_1_1	normal	NA
TCAGCTCTCATGTAGC_5_1_1	normal	NA
TCAGCTCTCTTAGAGC_5_1_1	tumor	NA
TCAGCTCTCTTGTCAT_5_1_1	tumor	NA
TCAGGATAGGCGTACA_5_1_1	tumor	NA
TCAGGATAGTACGCCC_5_1_1	normal	NA
TCAGGATCACTATCTT_5_1_1	tumor	NA
TCAGGATGTATTACCG_5_1_1	tumor	NA
TCAGGATGTCGGCACT_5_1_1	tumor	NA
TCAGGATGTGTAATGA_5_1_1	tumor	NA
TCAGGATTCTGCGTAA_5_1_1	normal	NA
TCAGGTACACTAAGTC_5_1_1	normal	NA
TCAGGTACATGTCTCC_5_1_1	normal	NA
TCAGGTACATTCGACA_5_1_1	normal	NA
TCAGGTAGTCGCGTGT_5_1_1	tumor	NA
TCAGGTAGTGGTCCGT_5_1_1	normal	NA
TCAGGTATCAAGCCTA_5_1_1	tumor	NA
TCAGGTATCTTCGGTC_5_1_1	normal	NA
TCATTACAGAAACGCC_5_1_1	tumor	NA
TCATTACAGCCCAACC_5_1_1	tumor	NA
TCATTACAGCGTAGTG_5_1_1	tumor	NA
TCATTACAGGCATTGG_5_1_1	tumor	NA
TCATTACAGTCAATAG_5_1_1	normal	NA
TCATTACAGTGCGATG_5_1_1	tumor	NA
TCATTACAGTTCGCAT_5_1_1	tumor	NA
TCATTACCACGCCAGT_5_1_1	tumor	NA
TCATTACCATGGTCTA_5_1_1	normal	NA
TCATTACGTCCGTTAA_5_1_1	tumor	NA
TCATTTGCAAGAGGCT_5_1_1	normal	NA
TCATTTGCACATAACC_5_1_1	normal	NA
TCATTTGCAGATGGCA_5_1_1	normal	NA
TCATTTGCAGCTGCAC_5_1_1	tumor	NA
TCATTTGCATCACCCT_5_1_1	normal	NA
TCATTTGCATTAACCG_5_1_1	normal	NA
TCATTTGTCAGAAATG_5_1_1	normal	NA
TCATTTGTCAGGTTCA_5_1_1	normal	NA
TCATTTGTCTAACTCT_5_1_1	normal	NA
TCCACACAGAAGAAGC_5_1_1	tumor	NA
TCCACACAGCCAGGAT_5_1_1	tumor	NA
TCCACACAGTGTTGAA_5_1_1	tumor	NA
TCCACACCAATGGACG_5_1_1	normal	NA
TCCACACCACATTTCT_5_1_1	normal	NA
TCCACACCACTTAAGC_5_1_1	tumor	NA
TCCACACGTGCAGACA_5_1_1	normal	NA
TCCACACGTGTGCGTC_5_1_1	tumor	NA
TCCACACGTTCGCTAA_5_1_1	normal	NA
TCCACACTCAGTTAGC_5_1_1	normal	NA
TCCCGATAGAATGTTG_5_1_1	normal	NA
TCCCGATAGCCAGAAC_5_1_1	normal	NA
TCCCGATAGCGATCCC_5_1_1	normal	NA
TCCCGATCAGACGCAA_5_1_1	tumor	NA
TCCCGATCAGATTGCT_5_1_1	normal	NA
TCCCGATGTACGAAAT_5_1_1	normal	NA
TCCCGATGTAGTAGTA_5_1_1	tumor	NA
TCCCGATTCTGCGGCA_5_1_1	tumor	NA
TCGAGGCAGTTCGCAT_5_1_1	normal	NA
TCGAGGCCAAACGCGA_5_1_1	tumor	NA
TCGAGGCCAAAGTGCG_5_1_1	tumor	NA
TCGAGGCCACCTATCC_5_1_1	normal	NA
TCGAGGCGTGAGGGTT_5_1_1	tumor	NA
TCGAGGCGTGCTAGCC_5_1_1	tumor	NA
TCGAGGCGTGCTGTAT_5_1_1	normal	NA
TCGAGGCTCACATAGC_5_1_1	normal	NA
TCGAGGCTCGAACTGT_5_1_1	normal	NA
TCGCGAGAGAGTAAGG_5_1_1	normal	NA
TCGCGAGAGCTGCCCA_5_1_1	tumor	NA
TCGCGAGAGGCAGTCA_5_1_1	tumor	NA
TCGCGAGCACCTATCC_5_1_1	normal	NA
TCGCGAGCAGACAAGC_5_1_1	tumor	NA
TCGCGAGCATACAGCT_5_1_1	tumor	NA
TCGCGAGGTAAGTGTA_5_1_1	tumor	NA
TCGCGAGGTCCAGTAT_5_1_1	normal	NA
TCGCGAGGTCTAACGT_5_1_1	tumor	NA
TCGCGAGGTCTCGTTC_5_1_1	tumor	NA
TCGCGAGTCGCGCCAA_5_1_1	tumor	NA
TCGCGAGTCGGCATCG_5_1_1	tumor	NA
TCGCGAGTCTCGTATT_5_1_1	tumor	NA
TCGCGTTAGAGACGAA_5_1_1	normal	NA
TCGCGTTAGAGTCTGG_5_1_1	tumor	NA
TCGCGTTAGGGAACGG_5_1_1	tumor	NA
TCGCGTTAGTGTCCCG_5_1_1	tumor	NA
TCGCGTTCACCGAATT_5_1_1	tumor	NA
TCGCGTTGTGCTAGCC_5_1_1	normal	NA
TCGCGTTGTTCCGTCT_5_1_1	tumor	NA
TCGCGTTTCGCACTCT_5_1_1	normal	NA
TCGGGACAGAAGAAGC_5_1_1	tumor	NA
TCGGGACCAAGCCATT_5_1_1	normal	NA
TCGGGACCAAGTTAAG_5_1_1	normal	NA
TCGGGACCACTTGGAT_5_1_1	normal	NA
TCGGGACCAGTCTTCC_5_1_1	normal	NA
TCGGGACGTGTTTGGT_5_1_1	tumor	NA
TCGGTAAAGAGTAAGG_5_1_1	tumor	NA
TCGGTAAGTCAAAGAT_5_1_1	normal	NA
TCGGTAAGTTGGTTTG_5_1_1	tumor	NA
TCGGTAATCCTCATTA_5_1_1	normal	NA
TCGGTAATCTGACCTC_5_1_1	tumor	NA
TCGTACCAGCAGGCTA_5_1_1	tumor	NA
TCGTACCCACCTCGGA_5_1_1	tumor	NA
TCGTACCGTAGAAGGA_5_1_1	tumor	NA
TCGTACCGTCTAACGT_5_1_1	tumor	NA
TCGTACCGTGAGTATA_5_1_1	normal	NA
TCGTACCGTGGCCCTA_5_1_1	tumor	NA
TCGTACCTCACAGGCC_5_1_1	tumor	NA
TCGTACCTCACTCCTG_5_1_1	tumor	NA
TCGTAGAAGCGACGTA_5_1_1	tumor	NA
TCGTAGACAAGACGTG_5_1_1	normal	NA
TCGTAGACACTCGACG_5_1_1	normal	NA
TCGTAGACAGCTGTAT_5_1_1	normal	NA
TCGTAGACATTGAGCT_5_1_1	tumor	NA
TCGTAGAGTAATTGGA_5_1_1	tumor	NA
TCGTAGAGTAGCCTAT_5_1_1	normal	NA
TCGTAGAGTCGAATCT_5_1_1	tumor	NA
TCGTAGAGTCTGATCA_5_1_1	tumor	NA
TCGTAGAGTGCTGTAT_5_1_1	normal	NA
TCGTAGAGTGTCGCTG_5_1_1	tumor	NA
TCGTAGATCCCAAGAT_5_1_1	tumor	NA
TCGTAGATCGTTTATC_5_1_1	tumor	NA
TCGTAGATCTTCTGGC_5_1_1	normal	NA
TCTATTGAGAACAATC_5_1_1	tumor	NA
TCTATTGAGACGCAAC_5_1_1	normal	NA
TCTATTGAGAGCCTAG_5_1_1	tumor	NA
TCTATTGAGATCCGAG_5_1_1	tumor	NA
TCTATTGAGGGTTCCC_5_1_1	normal	NA
TCTATTGAGTGACTCT_5_1_1	normal	NA
TCTATTGCAAGAAAGG_5_1_1	tumor	NA
TCTATTGCATCACGTA_5_1_1	normal	NA
TCTATTGGTACTCGCG_5_1_1	tumor	NA
TCTATTGGTAGAAAGG_5_1_1	tumor	NA
TCTATTGGTGAGGGTT_5_1_1	normal	NA
TCTATTGGTTAAGATG_5_1_1	normal	NA
TCTATTGTCACGCATA_5_1_1	tumor	NA
TCTCATAAGAAGGACA_5_1_1	normal	NA
TCTCATAAGGTACTCT_5_1_1	normal	NA
TCTCATACACATCTTT_5_1_1	normal	NA
TCTCATACACCTGGTG_5_1_1	tumor	NA
TCTCATACACGGCTAC_5_1_1	tumor	NA
TCTCATAGTCAACATC_5_1_1	tumor	NA
TCTCATAGTCACAAGG_5_1_1	normal	NA
TCTCATATCAAACAAG_5_1_1	tumor	NA
TCTCATATCTTAGAGC_5_1_1	tumor	NA
TCTCTAAAGAGAGCTC_5_1_1	normal	NA
TCTCTAACAAACCCAT_5_1_1	tumor	NA
TCTCTAACACTTACGA_5_1_1	tumor	NA
TCTCTAAGTATTCGTG_5_1_1	tumor	NA
TCTCTAAGTGCTCTTC_5_1_1	tumor	NA
TCTCTAAGTGTGGCTC_5_1_1	normal	NA
TCTCTAAGTTGAGTTC_5_1_1	tumor	NA
TCTCTAATCAATAAGG_5_1_1	tumor	NA
TCTCTAATCGGAGGTA_5_1_1	normal	NA
TCTCTAATCGGCCGAT_5_1_1	normal	NA
TCTCTAATCGTAGGAG_5_1_1	normal	NA
TCTCTAATCTTAGAGC_5_1_1	tumor	NA
TCTGAGAAGGATGGAA_5_1_1	normal	NA
TCTGAGACAGCGTCCA_5_1_1	tumor	NA
TCTGAGACAGTGGGAT_5_1_1	tumor	NA
TCTGAGACATGGGAAC_5_1_1	normal	NA
TCTGAGAGTTCGTCTC_5_1_1	normal	NA
TCTGAGATCCCTAATT_5_1_1	tumor	NA
TCTGAGATCTGCAAGT_5_1_1	tumor	NA
TCTGGAAAGCCCTAAT_5_1_1	normal	NA
TCTGGAAAGGAGTAGA_5_1_1	normal	NA
TCTGGAACACCGATAT_5_1_1	normal	NA
TCTGGAACATGCCCGA_5_1_1	normal	NA
TCTGGAATCAGAGCTT_5_1_1	tumor	NA
TCTGGAATCGTACCGG_5_1_1	tumor	NA
TCTGGAATCTGACCTC_5_1_1	tumor	NA
TCTTCGGAGAAGGCCT_5_1_1	tumor	NA
TCTTCGGAGAGCAATT_5_1_1	tumor	NA
TCTTCGGAGTGTCTCA_5_1_1	normal	NA
TCTTCGGCAAACTGCT_5_1_1	normal	NA
TCTTCGGCACCCATGG_5_1_1	tumor	NA
TCTTCGGCACCTTGTC_5_1_1	normal	NA
TCTTCGGCATCTATGG_5_1_1	tumor	NA
TCTTCGGGTAAACGCG_5_1_1	tumor	NA
TCTTCGGGTAGCTTGT_5_1_1	normal	NA
TCTTCGGGTCCAGTGC_5_1_1	tumor	NA
TCTTCGGGTCTCATCC_5_1_1	normal	NA
TCTTCGGGTGCACTTA_5_1_1	normal	NA
TCTTCGGGTGTGTGCC_5_1_1	normal	NA
TCTTCGGTCAGCTCGG_5_1_1	normal	NA
TCTTCGGTCAGTACGT_5_1_1	tumor	NA
TCTTCGGTCGAGGTAG_5_1_1	normal	NA
TCTTCGGTCTACTATC_5_1_1	normal	NA
TCTTCGGTCTCGTATT_5_1_1	tumor	NA
TCTTTCCAGGGTATCG_5_1_1	normal	NA
TCTTTCCAGTTGTAGA_5_1_1	normal	NA
TCTTTCCCACAGGAGT_5_1_1	normal	NA
TCTTTCCCACCAGGTC_5_1_1	normal	NA
TCTTTCCCAGCTTCGG_5_1_1	tumor	NA
TCTTTCCCAGGTTTCA_5_1_1	tumor	NA
TCTTTCCCATGATCCA_5_1_1	normal	NA
TCTTTCCGTCAAAGAT_5_1_1	normal	NA
TCTTTCCGTCGACTAT_5_1_1	tumor	NA
TCTTTCCGTGGCCCTA_5_1_1	tumor	NA
TCTTTCCGTTGTCTTT_5_1_1	tumor	NA
TCTTTCCTCACTTCAT_5_1_1	normal	NA
TCTTTCCTCCTTGACC_5_1_1	tumor	NA
TCTTTCCTCTAACCGA_5_1_1	normal	NA
TCTTTCCTCTGGCGTG_5_1_1	tumor	NA
TGAAAGAAGGATATAC_5_1_1	normal	NA
TGAAAGAAGGGCTCTC_5_1_1	tumor	NA
TGAAAGACATACTACG_5_1_1	normal	NA
TGAAAGAGTGCTCTTC_5_1_1	tumor	NA
TGAAAGATCGCCTGAG_5_1_1	tumor	NA
TGAAAGATCGTTACAG_5_1_1	tumor	NA
TGACAACAGAAGGGTA_5_1_1	tumor	NA
TGACAACAGACGCAAC_5_1_1	normal	NA
TGACAACAGTCGTACT_5_1_1	normal	NA
TGACAACCAGATCCAT_5_1_1	tumor	NA
TGACAACCATCTACGA_5_1_1	normal	NA
TGACAACGTAGTGAAT_5_1_1	normal	NA
TGACAACGTCCAGTGC_5_1_1	normal	NA
TGACAACGTGATGCCC_5_1_1	tumor	NA
TGACAACGTTACGCGC_5_1_1	normal	NA
TGACAACGTTAGTGGG_5_1_1	normal	NA
TGACAACGTTTCCACC_5_1_1	tumor	NA
TGACAACTCGTCCAGG_5_1_1	tumor	NA
TGACAACTCTGGTTCC_5_1_1	normal	NA
TGACAACTCTTGCCGT_5_1_1	normal	NA
TGACGGCAGAGCAATT_5_1_1	tumor	NA
TGACGGCAGAGGTTGC_5_1_1	normal	NA
TGACGGCCAACACGCC_5_1_1	normal	NA
TGACGGCCACCATCCT_5_1_1	normal	NA
TGACGGCCACCTTGTC_5_1_1	tumor	NA
TGACGGCCAGGACCCT_5_1_1	tumor	NA
TGACGGCCAGTCAGAG_5_1_1	normal	NA
TGACGGCCATAAAGGT_5_1_1	normal	NA
TGACGGCGTACATGTC_5_1_1	tumor	NA
TGACGGCGTCCTCTTG_5_1_1	tumor	NA
TGACGGCGTGCACGAA_5_1_1	normal	NA
TGACGGCTCTGATACG_5_1_1	normal	NA
TGACGGCTCTGCCAGG_5_1_1	tumor	NA
TGACTAGAGAGCTTCT_5_1_1	tumor	NA
TGACTAGAGCGCTCCA_5_1_1	tumor	NA
TGACTAGCAAAGTGCG_5_1_1	tumor	NA
TGACTAGCACGGTGTC_5_1_1	normal	NA
TGACTAGCATATGGTC_5_1_1	tumor	NA
TGACTAGTCATTTGGG_5_1_1	normal	NA
TGACTAGTCCCAAGAT_5_1_1	tumor	NA
TGACTAGTCGCGGATC_5_1_1	tumor	NA
TGACTAGTCTCTTATG_5_1_1	tumor	NA
TGACTTTAGACACGAC_5_1_1	normal	NA
TGACTTTAGTTATCGC_5_1_1	tumor	NA
TGACTTTCAAGGTTCT_5_1_1	tumor	NA
TGACTTTCACCAGGTC_5_1_1	normal	NA
TGACTTTCACGCTTTC_5_1_1	normal	NA
TGACTTTCAGCAGTTT_5_1_1	tumor	NA
TGACTTTCAGCCTTGG_5_1_1	normal	NA
TGACTTTCATCTATGG_5_1_1	normal	NA
TGACTTTGTAATAGCA_5_1_1	normal	NA
TGACTTTTCAAACGGG_5_1_1	normal	NA
TGACTTTTCAGCACAT_5_1_1	tumor	NA
TGAGAGGAGAGTAAGG_5_1_1	tumor	NA
TGAGAGGAGGGATACC_5_1_1	tumor	NA
TGAGAGGCAGACGCTC_5_1_1	normal	NA
TGAGAGGCAGCCACCA_5_1_1	normal	NA
TGAGAGGCAGTGACAG_5_1_1	tumor	NA
TGAGAGGCATCCTTGC_5_1_1	normal	yes
TGAGAGGGTCACAAGG_5_1_1	normal	NA
TGAGAGGGTCGCGAAA_5_1_1	tumor	NA
TGAGAGGGTGCATCTA_5_1_1	normal	NA
TGAGAGGGTTCCACAA_5_1_1	normal	NA
TGAGAGGTCGGCTTGG_5_1_1	normal	NA
TGAGCATAGACTACAA_5_1_1	normal	NA
TGAGCATAGCCACGCT_5_1_1	normal	NA
TGAGCATAGGTGCACA_5_1_1	tumor	NA
TGAGCATCAATCGAAA_5_1_1	tumor	NA
TGAGCATCAGACACTT_5_1_1	normal	NA
TGAGCATCAGCTTCGG_5_1_1	tumor	NA
TGAGCATCATCACAAC_5_1_1	normal	NA
TGAGCATCATGATCCA_5_1_1	tumor	NA
TGAGCATGTCCGAAGA_5_1_1	tumor	NA
TGAGCATGTTGCGCAC_5_1_1	normal	NA
TGAGCATTCCTATGTT_5_1_1	normal	NA
TGAGCCGAGACGACGT_5_1_1	tumor	NA
TGAGCCGAGAGCCTAG_5_1_1	tumor	NA
TGAGCCGAGATATGCA_5_1_1	tumor	NA
TGAGCCGAGCCTTGAT_5_1_1	tumor	NA
TGAGCCGAGCGATTCT_5_1_1	tumor	NA
TGAGCCGAGCGGATCA_5_1_1	normal	NA
TGAGCCGAGTCATGCT_5_1_1	tumor	NA
TGAGCCGCAGGTTTCA_5_1_1	tumor	NA
TGAGCCGCATCAGTAC_5_1_1	normal	NA
TGAGCCGGTAAATGTG_5_1_1	tumor	NA
TGAGCCGGTCAATGTC_5_1_1	tumor	NA
TGAGCCGTCTTCCTTC_5_1_1	normal	NA
TGAGGGAAGACCACGA_5_1_1	tumor	NA
TGAGGGAAGGAGTAGA_5_1_1	tumor	NA
TGAGGGAAGGCGCTCT_5_1_1	normal	NA
TGAGGGAAGTGAACAT_5_1_1	tumor	NA
TGAGGGACAGACGCCT_5_1_1	tumor	NA
TGAGGGAGTAGGACAC_5_1_1	normal	NA
TGAGGGAGTTTGTGTG_5_1_1	tumor	NA
TGAGGGATCAGCATGT_5_1_1	tumor	NA
TGAGGGATCCCAAGAT_5_1_1	normal	NA
TGAGGGATCCTGTAGA_5_1_1	normal	NA
TGAGGGATCGCCAGCA_5_1_1	tumor	NA
TGATTTCAGCATGGCA_5_1_1	normal	NA
TGATTTCCAAGTTAAG_5_1_1	tumor	NA
TGATTTCCATACAGCT_5_1_1	normal	NA
TGATTTCCATCTGGTA_5_1_1	tumor	NA
TGATTTCGTCCGTTAA_5_1_1	normal	NA
TGATTTCGTGAGGGTT_5_1_1	tumor	NA
TGATTTCGTGTGGCTC_5_1_1	normal	NA
TGATTTCGTTATGCGT_5_1_1	normal	NA
TGATTTCTCCTGCTTG_5_1_1	tumor	NA
TGATTTCTCGCCCTTA_5_1_1	tumor	NA
TGATTTCTCTCGTTTA_5_1_1	tumor	NA
TGCACCTAGAAGGACA_5_1_1	tumor	NA
TGCACCTAGATACACA_5_1_1	normal	NA
TGCACCTAGATCCGAG_5_1_1	tumor	NA
TGCACCTAGTGTCCCG_5_1_1	tumor	NA
TGCACCTCAGCCTTGG_5_1_1	normal	NA
TGCACCTCAGCCTTTC_5_1_1	tumor	NA
TGCACCTCATCTCCCA_5_1_1	normal	NA
TGCACCTGTTACCGAT_5_1_1	tumor	NA
TGCACCTGTTCCATGA_5_1_1	normal	NA
TGCACCTTCCGTAGTA_5_1_1	normal	NA
TGCACCTTCCTATTCA_5_1_1	normal	NA
TGCACCTTCGGAAACG_5_1_1	normal	NA
TGCACCTTCTTGAGGT_5_1_1	tumor	NA
TGCCAAAAGACGACGT_5_1_1	normal	NA
TGCCAAAAGATATGCA_5_1_1	tumor	NA
TGCCAAACAACCGCCA_5_1_1	tumor	NA
TGCCAAACATCGATGT_5_1_1	normal	NA
TGCCAAAGTGTGGCTC_5_1_1	normal	NA
TGCCAAATCACAATGC_5_1_1	tumor	NA
TGCCAAATCTCGCTTG_5_1_1	normal	NA
TGCCCATAGTCAAGGC_5_1_1	normal	NA
TGCCCATAGTGCAAGC_5_1_1	tumor	NA
TGCCCATGTATAGGTA_5_1_1	tumor	NA
TGCCCATGTCAGCTAT_5_1_1	tumor	NA
TGCCCATTCATAACCG_5_1_1	tumor	NA
TGCCCATTCCGCTGTT_5_1_1	normal	NA
TGCCCATTCGTGTAGT_5_1_1	tumor	NA
TGCCCTAAGATTACCC_5_1_1	normal	NA
TGCCCTAAGGAATTAC_5_1_1	normal	NA
TGCCCTAAGGATGTAT_5_1_1	tumor	NA
TGCCCTAAGGCTATCT_5_1_1	normal	NA
TGCCCTAAGGGAACGG_5_1_1	normal	NA
TGCCCTAAGTACGTTC_5_1_1	tumor	NA
TGCCCTACAAACCTAC_5_1_1	normal	NA
TGCCCTACAGTCCTTC_5_1_1	tumor	NA
TGCCCTAGTAAGTAGT_5_1_1	tumor	NA
TGCCCTAGTATAATGG_5_1_1	normal	NA
TGCCCTATCACTTCAT_5_1_1	tumor	NA
TGCGCAGCAAGTCTAC_5_1_1	normal	NA
TGCGCAGCACATCCAA_5_1_1	normal	NA
TGCGCAGCACGACGAA_5_1_1	tumor	NA
TGCGCAGCAGTTAACC_5_1_1	tumor	NA
TGCGCAGCATATGCTG_5_1_1	tumor	NA
TGCGCAGGTACCGTAT_5_1_1	tumor	NA
TGCGCAGTCGGTTAAC_5_1_1	tumor	NA
TGCGCAGTCGTCCAGG_5_1_1	normal	NA
TGCGCAGTCGTTGACA_5_1_1	tumor	NA
TGCGGGTAGCCCTAAT_5_1_1	normal	NA
TGCGGGTAGTAGATGT_5_1_1	tumor	NA
TGCGGGTCAGGAACGT_5_1_1	tumor	NA
TGCGGGTGTTCGTGAT_5_1_1	tumor	NA
TGCGGGTTCATAAAGG_5_1_1	normal	NA
TGCGGGTTCGGGAGTA_5_1_1	normal	NA
TGCGGGTTCTCGGACG_5_1_1	normal	NA
TGCGGGTTCTCTGAGA_5_1_1	tumor	NA
TGCGGGTTCTGCTTGC_5_1_1	normal	NA
TGCGTGGAGAAACGAG_5_1_1	tumor	NA
TGCGTGGAGATGTAAC_5_1_1	tumor	NA
TGCGTGGAGGCTCAGA_5_1_1	tumor	NA
TGCGTGGAGGGTGTGT_5_1_1	normal	NA
TGCGTGGAGTGAACAT_5_1_1	tumor	NA
TGCGTGGCACGGACAA_5_1_1	tumor	NA
TGCGTGGCAGTATCTG_5_1_1	normal	NA
TGCGTGGGTCCGAACC_5_1_1	normal	NA
TGCGTGGGTCTGATTG_5_1_1	normal	NA
TGCGTGGGTGCCTGCA_5_1_1	tumor	NA
TGCGTGGGTTAGAACA_5_1_1	tumor	NA
TGCTACCCATCGACGC_5_1_1	tumor	NA
TGCTACCGTAGTAGTA_5_1_1	tumor	NA
TGCTACCGTATTAGCC_5_1_1	tumor	NA
TGCTACCGTCAAAGCG_5_1_1	normal	NA
TGCTACCTCTGTACGA_5_1_1	tumor	NA
TGCTGCTAGAAACGCC_5_1_1	tumor	NA
TGCTGCTAGCTCAACT_5_1_1	tumor	NA
TGCTGCTAGGCCCGTT_5_1_1	tumor	NA
TGCTGCTAGGCTAGCA_5_1_1	normal	NA
TGCTGCTAGGTCATCT_5_1_1	tumor	NA
TGCTGCTAGTCTTGCA_5_1_1	normal	NA
TGCTGCTCATGACGGA_5_1_1	tumor	NA
TGCTGCTGTACCGTTA_5_1_1	tumor	NA
TGCTGCTGTGCTAGCC_5_1_1	normal	NA
TGCTGCTGTTGGTTTG_5_1_1	tumor	NA
TGCTGCTTCCAGAGGA_5_1_1	tumor	NA
TGGACGCAGAGCCTAG_5_1_1	normal	NA
TGGACGCAGATACACA_5_1_1	normal	NA
TGGACGCAGCCACTAT_5_1_1	tumor	NA
TGGACGCCAAAGGCGT_5_1_1	tumor	NA
TGGACGCCAAGGACTG_5_1_1	tumor	NA
TGGACGCCATAAAGGT_5_1_1	tumor	NA
TGGACGCGTGATGTCT_5_1_1	tumor	NA
TGGACGCTCCTCGCAT_5_1_1	tumor	NA
TGGACGCTCGCGATCG_5_1_1	normal	NA
TGGACGCTCTACTCAT_5_1_1	tumor	NA
TGGCCAGAGACCTAGG_5_1_1	normal	NA
TGGCCAGCAGGACGTA_5_1_1	tumor	NA
TGGCCAGCAGTCTTCC_5_1_1	normal	NA
TGGCCAGGTAGCCTCG_5_1_1	tumor	NA
TGGCCAGGTATGGTTC_5_1_1	normal	NA
TGGCCAGGTCATATCG_5_1_1	normal	NA
TGGCCAGTCATCGATG_5_1_1	tumor	NA
TGGCCAGTCCTATGTT_5_1_1	tumor	NA
TGGCCAGTCTGCTGTC_5_1_1	tumor	NA
TGGCGCAAGTAATCCC_5_1_1	normal	NA
TGGCGCAAGTGCAAGC_5_1_1	normal	NA
TGGCGCACAAACCCAT_5_1_1	normal	NA
TGGCGCACACGCCAGT_5_1_1	normal	NA
TGGCGCAGTGCGGTAA_5_1_1	tumor	NA
TGGCGCATCCCAAGAT_5_1_1	normal	NA
TGGCTGGCATCTGGTA_5_1_1	normal	NA
TGGCTGGGTCATATGC_5_1_1	tumor	NA
TGGCTGGGTCTGCAAT_5_1_1	tumor	NA
TGGCTGGGTTATCCGA_5_1_1	normal	NA
TGGCTGGGTTGATTCG_5_1_1	normal	NA
TGGCTGGTCATCGGAT_5_1_1	normal	NA
TGGCTGGTCTGTGCAA_5_1_1	tumor	NA
TGGGAAGAGCAGATCG_5_1_1	tumor	NA
TGGGAAGAGCGTTGCC_5_1_1	normal	NA
TGGGAAGAGTGCGTGA_5_1_1	tumor	NA
TGGGAAGCAGTGGGAT_5_1_1	tumor	NA
TGGGAAGGTCACTGGC_5_1_1	tumor	NA
TGGGAAGGTCTAAACC_5_1_1	normal	NA
TGGGAAGGTGTTCTTT_5_1_1	normal	NA
TGGGAAGGTTGACGTT_5_1_1	tumor	NA
TGGGAAGTCAACGGGA_5_1_1	tumor	NA
TGGGAAGTCAATCACG_5_1_1	normal	NA
TGGGAAGTCACCTCGT_5_1_1	tumor	NA
TGGGAAGTCAGATAAG_5_1_1	tumor	NA
TGGGAAGTCGCAGGCT_5_1_1	normal	NA
TGGGAAGTCGCGGATC_5_1_1	normal	NA
TGGGAAGTCGGAAATA_5_1_1	tumor	NA
TGGGCGTAGACGCTTT_5_1_1	tumor	NA
TGGGCGTAGATAGGAG_5_1_1	normal	NA
TGGGCGTGTATAGGTA_5_1_1	tumor	NA
TGGGCGTGTCCGAACC_5_1_1	normal	yes
TGGGCGTGTCCGACGT_5_1_1	tumor	NA
TGGGCGTGTGTGACGA_5_1_1	normal	NA
TGGGCGTTCACTGGGC_5_1_1	tumor	NA
TGGTTAGAGGCAGTCA_5_1_1	tumor	NA
TGGTTAGCACCTCGTT_5_1_1	normal	NA
TGGTTAGGTGCGCTTG_5_1_1	tumor	NA
TGGTTAGGTGTGGTTT_5_1_1	tumor	NA
TGGTTAGTCTAGAGTC_5_1_1	normal	NA
TGGTTAGTCTCAAGTG_5_1_1	normal	NA
TGGTTCCAGTGCAAGC_5_1_1	normal	NA
TGGTTCCCACAGCCCA_5_1_1	normal	NA
TGGTTCCTCACGCATA_5_1_1	tumor	NA
TGGTTCCTCGCGTTTC_5_1_1	tumor	NA
TGTATTCAGATAGGAG_5_1_1	tumor	NA
TGTATTCAGCGCTCCA_5_1_1	normal	NA
TGTATTCAGGCTCAGA_5_1_1	normal	NA
TGTATTCCACAACGTT_5_1_1	tumor	NA
TGTATTCCAGGGCATA_5_1_1	tumor	NA
TGTATTCCAGGTCCAC_5_1_1	normal	NA
TGTATTCCAGTTAACC_5_1_1	normal	NA
TGTATTCGTCTCTTTA_5_1_1	tumor	NA
TGTATTCTCAGAAATG_5_1_1	tumor	NA
TGTATTCTCGCACTCT_5_1_1	tumor	NA
TGTATTCTCGCCTGTT_5_1_1	normal	NA
TGTATTCTCGCTGATA_5_1_1	normal	NA
TGTATTCTCGGTCCGA_5_1_1	normal	NA
TGTCCCAAGCTAGCCC_5_1_1	tumor	NA
TGTCCCAAGTCCAGGA_5_1_1	normal	NA
TGTCCCAAGTGACTCT_5_1_1	normal	NA
TGTCCCACACCATGTA_5_1_1	tumor	NA
TGTCCCACAGGATCGA_5_1_1	tumor	NA
TGTCCCAGTCAGATAA_5_1_1	tumor	NA
TGTCCCAGTCGCCATG_5_1_1	tumor	NA
TGTCCCAGTTAAGACA_5_1_1	tumor	NA
TGTCCCATCAGGTAAA_5_1_1	tumor	NA
TGTCCCATCTACCTGC_5_1_1	tumor	NA
TGTGGTAAGTGGTAAT_5_1_1	tumor	NA
TGTGGTAAGTGTCCAT_5_1_1	tumor	NA
TGTGGTACACAGTCGC_5_1_1	tumor	NA
TGTGGTACACCACGTG_5_1_1	tumor	NA
TGTGGTACACCTATCC_5_1_1	tumor	NA
TGTGGTACACTCGACG_5_1_1	normal	NA
TGTGGTACATCGATGT_5_1_1	tumor	NA
TGTGGTAGTAAGTAGT_5_1_1	tumor	NA
TGTGGTAGTACCCAAT_5_1_1	normal	NA
TGTGGTAGTAGGACAC_5_1_1	normal	NA
TGTGGTAGTCCGAACC_5_1_1	tumor	NA
TGTGGTAGTGTGGTTT_5_1_1	tumor	NA
TGTGGTATCAGTTCGA_5_1_1	normal	NA
TGTGGTATCCAAATGC_5_1_1	normal	NA
TGTGGTATCTTGTCAT_5_1_1	tumor	NA
TGTGTTTAGAGCTATA_5_1_1	tumor	NA
TGTGTTTAGATGCCTT_5_1_1	tumor	NA
TGTGTTTAGCTTCGCG_5_1_1	tumor	NA
TGTGTTTAGTGAAGTT_5_1_1	normal	NA
TGTGTTTCACCACCAG_5_1_1	normal	NA
TGTGTTTCACGGCGTT_5_1_1	normal	NA
TGTGTTTGTACGCTGC_5_1_1	normal	NA
TGTGTTTGTGGGTATG_5_1_1	tumor	NA
TGTGTTTGTTACCGAT_5_1_1	tumor	NA
TGTGTTTGTTCTGTTT_5_1_1	tumor	NA
TGTGTTTTCGTCTGCT_5_1_1	tumor	NA
TGTGTTTTCTCGTATT_5_1_1	normal	NA
TGTTCCGAGACCCACC_5_1_1	tumor	NA
TGTTCCGAGACGCTTT_5_1_1	normal	NA
TGTTCCGAGTTACCCA_5_1_1	tumor	NA
TGTTCCGCAACTGGCC_5_1_1	normal	NA
TGTTCCGCAACTTGAC_5_1_1	tumor	NA
TGTTCCGCAATGACCT_5_1_1	normal	NA
TGTTCCGCATGGTCTA_5_1_1	normal	NA
TGTTCCGGTCATGCAT_5_1_1	tumor	NA
TGTTCCGTCGGACAAG_5_1_1	normal	NA
TGTTCCGTCTACTTAC_5_1_1	tumor	NA
TTAACTCCAACTGGCC_5_1_1	tumor	NA
TTAACTCCAGCCTATA_5_1_1	tumor	NA
TTAACTCCATGCAATC_5_1_1	normal	NA
TTAACTCCATGGAATA_5_1_1	tumor	NA
TTAACTCGTACTTGAC_5_1_1	normal	NA
TTAACTCTCAGAGGTG_5_1_1	normal	NA
TTAACTCTCTGATACG_5_1_1	normal	NA
TTAACTCTCTGGTTCC_5_1_1	tumor	NA
TTAGGACAGAAACGCC_5_1_1	normal	NA
TTAGGACAGAATTGTG_5_1_1	normal	NA
TTAGGACAGACCTAGG_5_1_1	normal	NA
TTAGGACAGAGTACAT_5_1_1	normal	NA
TTAGGACAGCCGCCTA_5_1_1	normal	NA
TTAGGACAGCTCCTTC_5_1_1	tumor	NA
TTAGGACAGGCCCTTG_5_1_1	tumor	NA
TTAGGACAGGCTACGA_5_1_1	tumor	NA
TTAGGACCAATGACCT_5_1_1	normal	NA
TTAGGACCACGAAATA_5_1_1	normal	NA
TTAGGACCACTAGTAC_5_1_1	tumor	NA
TTAGGACGTGGGTCAA_5_1_1	tumor	NA
TTAGGACTCCTACAGA_5_1_1	normal	NA
TTAGGACTCTCTTATG_5_1_1	tumor	NA
TTAGGACTCTGGAGCC_5_1_1	tumor	NA
TTAGGACTCTGGGCCA_5_1_1	tumor	NA
TTAGGCAAGAAAGTGG_5_1_1	tumor	NA
TTAGGCAAGACATAAC_5_1_1	tumor	NA
TTAGGCAAGCGATCCC_5_1_1	normal	NA
TTAGGCAAGCTGTCTA_5_1_1	tumor	NA
TTAGGCAAGTTTCCTT_5_1_1	tumor	NA
TTAGGCACAATAGCAA_5_1_1	tumor	NA
TTAGGCACACCTTGTC_5_1_1	tumor	NA
TTAGGCACACGAGAGT_5_1_1	tumor	NA
TTAGGCAGTCTCTTAT_5_1_1	normal	NA
TTAGGCAGTGCATCTA_5_1_1	tumor	NA
TTAGGCAGTGTTCTTT_5_1_1	tumor	NA
TTAGGCAGTTTACTCT_5_1_1	normal	NA
TTAGGCATCCCTCAGT_5_1_1	tumor	NA
TTAGGCATCCGCGGTA_5_1_1	normal	NA
TTAGGCATCGACGGAA_5_1_1	tumor	NA
TTAGGCATCTGCAGTA_5_1_1	tumor	NA
TTAGGCATCTGCTGCT_5_1_1	normal	NA
TTAGTTCAGAATTCCC_5_1_1	tumor	NA
TTAGTTCAGGCATGGT_5_1_1	tumor	NA
TTAGTTCAGGGAAACA_5_1_1	normal	NA
TTAGTTCAGGGAGTAA_5_1_1	tumor	NA
TTAGTTCCAAGTTGTC_5_1_1	tumor	NA
TTAGTTCGTAAATGAC_5_1_1	tumor	NA
TTAGTTCGTTGGACCC_5_1_1	tumor	NA
TTAGTTCTCAGCTGGC_5_1_1	normal	NA
TTAGTTCTCGTAGGAG_5_1_1	normal	NA
TTATGCTAGACTAGGC_5_1_1	normal	NA
TTATGCTCACTTCTGC_5_1_1	normal	NA
TTATGCTCAGGACGTA_5_1_1	normal	NA
TTATGCTGTACAGTGG_5_1_1	normal	NA
TTATGCTTCAGCCTAA_5_1_1	tumor	NA
TTATGCTTCTGGGCCA_5_1_1	normal	NA
TTCCCAGAGCCCAGCT_5_1_1	normal	NA
TTCCCAGCAGGCAGTA_5_1_1	tumor	NA
TTCCCAGGTCAGAATA_5_1_1	normal	NA
TTCCCAGTCAGTACGT_5_1_1	normal	NA
TTCGAAGAGAGCTATA_5_1_1	normal	NA
TTCGAAGAGGAGTACC_5_1_1	tumor	NA
TTCGAAGAGTTGAGAT_5_1_1	normal	NA
TTCGAAGCAGAGTGTG_5_1_1	normal	NA
TTCGAAGTCACAGTAC_5_1_1	normal	NA
TTCGAAGTCATCGGAT_5_1_1	normal	NA
TTCGGTCAGTTCGCAT_5_1_1	normal	NA
TTCGGTCCAGTTAACC_5_1_1	tumor	NA
TTCGGTCCATGGAATA_5_1_1	tumor	NA
TTCGGTCGTTCTGAAC_5_1_1	normal	NA
TTCGGTCTCCCGGATG_5_1_1	normal	NA
TTCGGTCTCCGAACGC_5_1_1	normal	NA
TTCGGTCTCTCATTCA_5_1_1	normal	NA
TTCTACAAGATGTGTA_5_1_1	normal	NA
TTCTACAAGCGAAGGG_5_1_1	tumor	NA
TTCTACAAGCTCTCGG_5_1_1	tumor	NA
TTCTACAAGGAGCGTT_5_1_1	tumor	NA
TTCTACACACTTCGAA_5_1_1	normal	NA
TTCTACAGTCTCAACA_5_1_1	normal	NA
TTCTACAGTCTTCGTC_5_1_1	normal	NA
TTCTACAGTTCGAATC_5_1_1	tumor	NA
TTCTACAGTTCGTTGA_5_1_1	tumor	NA
TTCTACATCGTGACAT_5_1_1	tumor	NA
TTCTCAAAGAGTCGGT_5_1_1	normal	NA
TTCTCAAAGATATGGT_5_1_1	tumor	NA
TTCTCAAAGGATGTAT_5_1_1	normal	NA
TTCTCAAAGGTACTCT_5_1_1	normal	NA
TTCTCAACAAACAACA_5_1_1	normal	NA
TTCTCAACACACGCTG_5_1_1	tumor	NA
TTCTCAACACGGTGTC_5_1_1	normal	NA
TTCTCAACAGACGTAG_5_1_1	normal	NA
TTCTCAAGTAATTGGA_5_1_1	normal	NA
TTCTCAAGTAGAAGGA_5_1_1	tumor	NA
TTCTCAAGTCATGCCG_5_1_1	normal	NA
TTCTCAATCACGATGT_5_1_1	tumor	NA
TTCTCAATCCAGTATG_5_1_1	tumor	NA
TTCTCAATCCTATGTT_5_1_1	tumor	NA
TTCTCAATCTACTTAC_5_1_1	tumor	NA
TTCTCCTAGTGGGATC_5_1_1	tumor	NA
TTCTCCTCACTAGTAC_5_1_1	tumor	NA
TTCTCCTGTGACAAAT_5_1_1	tumor	NA
TTCTCCTGTGGAAAGA_5_1_1	normal	NA
TTCTCCTGTTCACCTC_5_1_1	normal	NA
TTCTCCTGTTGGTGGA_5_1_1	tumor	NA
TTCTCCTTCATGTGGT_5_1_1	normal	NA
TTCTCCTTCATTTGGG_5_1_1	normal	NA
TTCTCCTTCTTACCGC_5_1_1	normal	NA
TTCTTAGAGCACGCCT_5_1_1	normal	NA
TTCTTAGAGCCAGAAC_5_1_1	normal	NA
TTCTTAGCACACCGAC_5_1_1	normal	NA
TTCTTAGCACGAAATA_5_1_1	normal	NA
TTCTTAGCACTGTGTA_5_1_1	normal	NA
TTCTTAGGTGAAGGCT_5_1_1	tumor	NA
TTCTTAGTCTTGAGAC_5_1_1	tumor	NA
TTGAACGAGTCCCACG_5_1_1	tumor	NA
TTGAACGCACTTAAGC_5_1_1	normal	NA
TTGAACGGTCTAGGTT_5_1_1	tumor	NA
TTGACTTAGATAGCAT_5_1_1	tumor	NA
TTGACTTAGTCGTTTG_5_1_1	normal	NA
TTGACTTCACAGGAGT_5_1_1	normal	NA
TTGACTTCACTAGTAC_5_1_1	tumor	NA
TTGACTTCATACGCTA_5_1_1	tumor	NA
TTGACTTCATCACCCT_5_1_1	tumor	NA
TTGACTTCATTTGCTT_5_1_1	tumor	NA
TTGACTTGTAGGGACT_5_1_1	tumor	NA
TTGACTTTCGTAGGTT_5_1_1	tumor	NA
TTGACTTTCTCTTGAT_5_1_1	tumor	NA
TTGCCGTAGAGTACCG_5_1_1	tumor	NA
TTGCCGTAGGGATACC_5_1_1	normal	NA
TTGCCGTAGGGTGTTG_5_1_1	normal	NA
TTGCCGTAGTGGTAAT_5_1_1	normal	NA
TTGCCGTCAATGGTCT_5_1_1	tumor	NA
TTGCCGTCAGACTCGC_5_1_1	normal	NA
TTGCCGTCATGGGACA_5_1_1	tumor	NA
TTGCCGTGTATGAATG_5_1_1	tumor	NA
TTGCCGTGTCCAGTAT_5_1_1	tumor	NA
TTGCCGTGTCTAGCGC_5_1_1	normal	NA
TTGCCGTTCGGCTACG_5_1_1	tumor	NA
TTGCCGTTCGTTTGCC_5_1_1	tumor	NA
TTGCCGTTCTTGCAAG_5_1_1	tumor	NA
TTGCGTCAGATGTTAG_5_1_1	tumor	NA
TTGCGTCAGATTACCC_5_1_1	tumor	NA
TTGCGTCCACGACGAA_5_1_1	tumor	NA
TTGCGTCCATGCAACT_5_1_1	tumor	NA
TTGCGTCCATTCTTAC_5_1_1	tumor	NA
TTGCGTCGTACTTAGC_5_1_1	normal	NA
TTGCGTCGTTACGACT_5_1_1	tumor	NA
TTGCGTCTCAGGATCT_5_1_1	tumor	NA
TTGGAACAGTTTGCGT_5_1_1	tumor	NA
TTGGAACCAAGTCTGT_5_1_1	normal	NA
TTGGAACGTAAATGAC_5_1_1	normal	NA
TTGGAACGTCGGGTCT_5_1_1	normal	NA
TTGGAACGTGCAACTT_5_1_1	tumor	NA
TTGGAACGTTATGCGT_5_1_1	normal	NA
TTGGAACTCATCACCC_5_1_1	tumor	NA
TTGGAACTCCTTGCCA_5_1_1	normal	NA
TTGGAACTCTGATTCT_5_1_1	normal	NA
TTGGCAACACCAGGCT_5_1_1	tumor	NA
TTGGCAACACTCAGGC_5_1_1	tumor	NA
TTGGCAACAGACGCAA_5_1_1	normal	NA
TTGGCAAGTAGTAGTA_5_1_1	tumor	NA
TTGGCAAGTAGTGAAT_5_1_1	normal	NA
TTGGCAAGTATATGAG_5_1_1	tumor	NA
TTGGCAATCACTCCTG_5_1_1	normal	NA
TTGGCAATCATACGGT_5_1_1	tumor	NA
TTGGCAATCCACTGGG_5_1_1	tumor	NA
TTGGCAATCTTTCCTC_5_1_1	normal	NA
TTGTAGGAGAATTGTG_5_1_1	tumor	NA
TTGTAGGAGACAGACC_5_1_1	normal	NA
TTGTAGGAGCACACAG_5_1_1	normal	NA
TTGTAGGAGCAGATCG_5_1_1	normal	NA
TTGTAGGAGGATCGCA_5_1_1	tumor	NA
TTGTAGGAGTCAAGGC_5_1_1	tumor	NA
TTGTAGGAGTCTTGCA_5_1_1	normal	NA
TTGTAGGCACCTGGTG_5_1_1	tumor	NA
TTGTAGGGTGTTGGGA_5_1_1	normal	NA
TTGTAGGGTTATCCGA_5_1_1	tumor	NA
TTGTAGGGTTGTCTTT_5_1_1	normal	NA
TTGTAGGTCACAATGC_5_1_1	normal	NA
TTGTAGGTCGGTTCGG_5_1_1	tumor	NA
TTGTAGGTCTCAAACG_5_1_1	tumor	NA
TTGTAGGTCTGGTATG_5_1_1	tumor	NA
TTGTAGGTCTTAACCT_5_1_1	tumor	NA
TTTACTGAGAATGTTG_5_1_1	normal	NA
TTTACTGAGTCTCAAC_5_1_1	tumor	NA
TTTACTGCAAGACGTG_5_1_1	normal	NA
TTTACTGGTAATCGTC_5_1_1	normal	NA
TTTACTGGTCTGCAAT_5_1_1	normal	NA
TTTACTGTCAGCTTAG_5_1_1	tumor	NA
TTTACTGTCGGAAATA_5_1_1	normal	NA
TTTACTGTCGTGGTCG_5_1_1	tumor	NA
TTTACTGTCTAACCGA_5_1_1	tumor	NA
TTTACTGTCTGTGCAA_5_1_1	normal	NA
TTTATGCAGCCTTGAT_5_1_1	tumor	NA
TTTATGCCACGTCTCT_5_1_1	normal	NA
TTTATGCTCCTTTACA_5_1_1	tumor	NA
TTTATGCTCTGGTTCC_5_1_1	normal	NA
TTTCCTCAGCCACCTG_5_1_1	tumor	NA
TTTCCTCAGTGCAAGC_5_1_1	tumor	NA
TTTCCTCCATGCAATC_5_1_1	tumor	NA
TTTCCTCGTAGGGTAC_5_1_1	tumor	NA
TTTCCTCGTGACGGTA_5_1_1	tumor	NA
TTTGCGCAGAGTGACC_5_1_1	tumor	NA
TTTGCGCAGAGTTGGC_5_1_1	normal	NA
TTTGCGCAGATCACGG_5_1_1	tumor	NA
TTTGCGCAGGCTACGA_5_1_1	tumor	NA
TTTGCGCAGTAGGTGC_5_1_1	normal	NA
TTTGCGCCAATACGCT_5_1_1	tumor	NA
TTTGCGCCAGTATCTG_5_1_1	normal	NA
TTTGCGCGTCCCTACT_5_1_1	tumor	NA
TTTGCGCGTGTCGCTG_5_1_1	tumor	NA
TTTGCGCGTTGTCTTT_5_1_1	normal	NA
TTTGCGCGTTTGTTGG_5_1_1	normal	NA
TTTGCGCTCAGCTCTC_5_1_1	normal	NA
TTTGCGCTCATGCTCC_5_1_1	normal	NA
TTTGCGCTCGCATGGC_5_1_1	normal	NA
TTTGCGCTCGGAGCAA_5_1_1	normal	NA
TTTGCGCTCTCTAGGA_5_1_1	tumor	NA
TTTGGTTAGAATAGGG_5_1_1	tumor	NA
TTTGGTTAGTCATGCT_5_1_1	tumor	NA
TTTGGTTCAACTTGAC_5_1_1	tumor	NA
TTTGGTTGTTACCGAT_5_1_1	tumor	NA
TTTGGTTTCGGTCCGA_5_1_1	normal	NA
TTTGTCAAGAGAGCTC_5_1_1	normal	NA
TTTGTCAAGAGTTGGC_5_1_1	normal	NA
TTTGTCAAGATCCTGT_5_1_1	tumor	NA
TTTGTCAAGCGATTCT_5_1_1	tumor	NA
TTTGTCACAATGGAGC_5_1_1	tumor	NA
TTTGTCACACACCGAC_5_1_1	normal	NA
TTTGTCACAGGTCCAC_5_1_1	normal	NA
TTTGTCACAGTATCTG_5_1_1	tumor	NA
TTTGTCAGTAGCACGA_5_1_1	normal	NA
TTTGTCAGTCCAGTGC_5_1_1	normal	NA
TTTGTCAGTGGTCTCG_5_1_1	tumor	NA
TTTGTCATCAGTTAGC_5_1_1	tumor	NA
AAAGCAACAATCTACG_7_1_1	normal	NA
AAAGCAATCGGTGTTA_7_1_1	normal	NA
AACACGTCATTCACTT_7_1_1	normal	NA
AAGACCTCACGAAATA_7_1_1	normal	NA
AAGACCTTCAAGATCC_7_1_1	normal	NA
AAGGTTCCACACCGAC_7_1_1	normal	NA
AAGGTTCTCCGCATAA_7_1_1	normal	NA
AAGTCTGGTCTTCAAG_7_1_1	normal	NA
AAGTCTGTCACTATTC_7_1_1	normal	NA
AATCCAGCACTGAAGG_7_1_1	normal	NA
ACACCAAGTCTGGAGA_7_1_1	normal	NA
ACACCCTTCTTTAGTC_7_1_1	normal	NA
ACACCGGGTCACACGC_7_1_1	normal	NA
ACAGCCGAGAAACCGC_7_1_1	normal	NA
ACAGCCGCAACTGCTA_7_1_1	normal	NA
ACAGCCGTCTATCCTA_7_1_1	normal	NA
ACATCAGGTTGTCTTT_7_1_1	normal	NA
ACATGGTCAGGTTTCA_7_1_1	normal	NA
ACCGTAACACATCCAA_7_1_1	normal	NA
ACCGTAACATAACCTG_7_1_1	normal	NA
ACCGTAATCAATAAGG_7_1_1	normal	NA
ACGAGGAAGCTAGCCC_7_1_1	normal	NA
ACGAGGAGTGGTCCGT_7_1_1	normal	NA
ACGCCAGAGCGCTTAT_7_1_1	normal	NA
ACGCCGAGTAGGGTAC_7_1_1	normal	NA
ACGCCGATCTGTACGA_7_1_1	normal	NA
ACGGGCTCAGTAACGG_7_1_1	normal	NA
ACGGGCTGTGTTGGGA_7_1_1	normal	NA
ACGTCAATCGTTTAGG_7_1_1	normal	NA
ACTGAACAGGTGCTAG_7_1_1	normal	NA
ACTTTCACATAGAAAC_7_1_1	normal	NA
AGACGTTTCAACGCTA_7_1_1	normal	NA
AGAGCGATCTCGAGTA_7_1_1	normal	NA
AGAGTGGGTCCAGTGC_7_1_1	normal	NA
AGATCTGCACACGCTG_7_1_1	normal	NA
AGATCTGCATAAAGGT_7_1_1	normal	NA
AGCAGCCAGTTAGCGG_7_1_1	normal	NA
AGCAGCCCACAGAGGT_7_1_1	normal	NA
AGCATACCACTGTGTA_7_1_1	normal	NA
AGCGGTCAGTCCGGTC_7_1_1	normal	NA
AGCTCCTTCCGTACAA_7_1_1	normal	NA
AGCTCCTTCTGGAGCC_7_1_1	normal	NA
AGCTCCTTCTGGTGTA_7_1_1	normal	NA
AGGGATGTCTGAAAGA_7_1_1	normal	NA
AGTGAGGAGGTCATCT_7_1_1	normal	yes
ATAAGAGGTGGTCCGT_7_1_1	normal	NA
ATCATCTCAGCTGCAC_7_1_1	normal	NA
ATCCGAAAGATCTGAA_7_1_1	normal	NA
ATGGGAGTCTTCGAGA_7_1_1	normal	NA
ATTATCCGTAACGCGA_7_1_1	normal	NA
ATTGGTGAGCTAGTTC_7_1_1	normal	NA
ATTGGTGGTGCCTTGG_7_1_1	normal	NA
CAACTAGAGTGGAGAA_7_1_1	normal	NA
CAAGAAACATCACCCT_7_1_1	normal	NA
CAAGATCTCATCTGTT_7_1_1	normal	NA
CAAGTTGTCGCATGGC_7_1_1	normal	NA
CACAAACTCCGTAGGC_7_1_1	normal	NA
CACACAACATGGATGG_7_1_1	normal	NA
CACACCTGTAGGAGTC_7_1_1	normal	NA
CACAGTAAGCACAGGT_7_1_1	normal	NA
CACATTTAGACCACGA_7_1_1	normal	NA
CACCACTAGTATCTCG_7_1_1	normal	NA
CAGAGAGAGAGTGAGA_7_1_1	normal	NA
CAGCCGATCACTTATC_7_1_1	normal	NA
CAGCTAAAGAGCTATA_7_1_1	normal	NA
CAGCTAACAACAACCT_7_1_1	normal	NA
CAGCTGGGTCGACTAT_7_1_1	normal	NA
CAGTAACTCTCACATT_7_1_1	normal	NA
CATCGAAAGGACTGGT_7_1_1	normal	NA
CATGCCTCAAATACAG_7_1_1	normal	NA
CATGCCTTCATTCACT_7_1_1	normal	NA
CATTCGCAGGAGTACC_7_1_1	normal	NA
CCACCTAAGCCCAACC_7_1_1	normal	NA
CCACCTACATTAGGCT_7_1_1	normal	NA
CCACGGAAGGGAAACA_7_1_1	normal	NA
CCATGTCGTCTCAACA_7_1_1	normal	NA
CCATTCGGTAAGAGAG_7_1_1	normal	NA
CCCAATCAGTGTCTCA_7_1_1	normal	NA
CCCAATCTCCTTTCGG_7_1_1	normal	NA
CCCTCCTGTCCGAGTC_7_1_1	normal	NA
CCGTACTGTGCCTGCA_7_1_1	normal	NA
CCTACACAGTTGTCGT_7_1_1	normal	NA
CCTACACGTTCCTCCA_7_1_1	normal	NA
CCTACCAGTACAAGTA_7_1_1	normal	NA
CCTATTATCAACACGT_7_1_1	normal	NA
CCTCTGAGTTTAGCTG_7_1_1	normal	NA
CCTTTCTGTCAACTGT_7_1_1	normal	NA
CGAACATCATGTTCCC_7_1_1	normal	NA
CGACCTTAGAGTACCG_7_1_1	normal	NA
CGAGAAGAGAGATGAG_7_1_1	normal	NA
CGAGCACTCATTATCC_7_1_1	normal	NA
CGATCGGAGGACACCA_7_1_1	normal	NA
CGATCGGGTCGACTAT_7_1_1	normal	NA
CGATGGCGTCCGAACC_7_1_1	normal	NA
CGCCAAGTCAAGGTAA_7_1_1	normal	NA
CGCGTTTCATCACGTA_7_1_1	normal	NA
CGCTATCGTCGGATCC_7_1_1	normal	NA
CGCTTCACATTTGCTT_7_1_1	normal	NA
CGGACACAGTGAACAT_7_1_1	normal	NA
CGGACGTAGGTTACCT_7_1_1	normal	NA
CGGAGCTAGTTTGCGT_7_1_1	normal	NA
CGGAGCTTCAGTTTGG_7_1_1	normal	NA
CGGAGCTTCCGGGTGT_7_1_1	normal	NA
CGGCTAGCAGTAGAGC_7_1_1	normal	NA
CGGTTAACATGGGACA_7_1_1	normal	NA
CGGTTAAGTACTTGAC_7_1_1	normal	NA
CGTAGGCCACTTCTGC_7_1_1	normal	NA
CGTTAGACACCTCGTT_7_1_1	normal	NA
CGTTGGGAGCGTGAAC_7_1_1	normal	NA
CTACACCAGCCGTCGT_7_1_1	normal	NA
CTACATTCAATGGTCT_7_1_1	normal	NA
CTACATTTCAACACCA_7_1_1	normal	NA
CTACATTTCGACAGCC_7_1_1	normal	NA
CTACGTCCACATTAGC_7_1_1	normal	NA
CTACGTCTCGGTTAAC_7_1_1	normal	NA
CTAGTGAGTCAGAATA_7_1_1	normal	NA
CTCAGAAAGATATGGT_7_1_1	normal	yes
CTCCTAGAGGACGAAA_7_1_1	normal	NA
CTCGAGGCATGACGGA_7_1_1	normal	NA
CTCGGAGCACAGGCCT_7_1_1	normal	NA
CTCTAATCACGGATAG_7_1_1	normal	NA
CTCTACGTCCGTACAA_7_1_1	normal	NA
CTGATAGGTAATCGTC_7_1_1	normal	NA
CTGATCCCATGTCCTC_7_1_1	normal	NA
CTGCGGAGTAACGACG_7_1_1	normal	NA
CTGCTGTTCTGAAAGA_7_1_1	normal	NA
CTTAGGATCATTGCCC_7_1_1	normal	NA
CTTGGCTGTCTTTCAT_7_1_1	normal	NA
GAAACTCAGAATCTCC_7_1_1	normal	NA
GAAACTCAGAGTCTGG_7_1_1	normal	NA
GAACCTAGTAGAGGAA_7_1_1	normal	NA
GAACGGACAGCTGTTA_7_1_1	tumor	NA
GACACGCAGTCCAGGA_7_1_1	normal	NA
GACCTGGCAGCTGTTA_7_1_1	normal	NA
GACGGCTCACTCAGGC_7_1_1	normal	NA
GACGGCTTCGTGACAT_7_1_1	normal	NA
GACGTTACACCAGGTC_7_1_1	normal	NA
GACTACACATGAACCT_7_1_1	normal	NA
GAGCAGACATCCCATC_7_1_1	normal	NA
GAGTCCGAGTGCCATT_7_1_1	normal	NA
GAGTCCGTCTCCTATA_7_1_1	normal	NA
GATCAGTCAGCGTTCG_7_1_1	normal	NA
GATCGATTCCCAAGTA_7_1_1	normal	NA
GATCTAGTCACGGTTA_7_1_1	normal	NA
GATTCAGCACCGAAAG_7_1_1	normal	NA
GCAATCATCCAAACAC_7_1_1	normal	NA
GCACATACATTTCACT_7_1_1	normal	NA
GCAGCCAGTCTTCAAG_7_1_1	normal	NA
GCAGTTATCCCGACTT_7_1_1	normal	NA
GCATACAGTGTTCGAT_7_1_1	normal	NA
GCATGATGTGGGTATG_7_1_1	normal	NA
GCATGTAAGTCCGGTC_7_1_1	normal	NA
GCCAAATCACCAGCAC_7_1_1	tumor	NA
GCCAAATCATCTATGG_7_1_1	normal	NA
GCCAAATGTCTCTTTA_7_1_1	normal	NA
GCCTCTAAGTCGCCGT_7_1_1	normal	NA
GCCTCTAAGTGAAGAG_7_1_1	normal	NA
GCCTCTAGTACCGGCT_7_1_1	normal	NA
GCGAGAACATGGGAAC_7_1_1	normal	NA
GCGCAGTGTGACTCAT_7_1_1	normal	NA
GCGCGATTCACGAAGG_7_1_1	normal	NA
GCTCCTAAGCTCAACT_7_1_1	normal	NA
GCTGCTTAGTACACCT_7_1_1	normal	NA
GCTTCCAGTGACTCAT_7_1_1	normal	NA
GGAAAGCAGACACTAA_7_1_1	normal	NA
GGACAGAAGATCCGAG_7_1_1	normal	NA
GGACAGAAGTCATGCT_7_1_1	normal	NA
GGACAGACACCGGAAA_7_1_1	normal	NA
GGACAGATCTCACATT_7_1_1	normal	NA
GGACATTTCAAAGACA_7_1_1	normal	NA
GGACGTCGTTGGTAAA_7_1_1	normal	NA
GGCCGATGTAAATGAC_7_1_1	normal	NA
GGCGACTAGGGTTCCC_7_1_1	normal	NA
GGCTCGAAGCTGCCCA_7_1_1	normal	NA
GGCTCGACAGTGGAGT_7_1_1	normal	NA
GGCTGGTGTGACAAAT_7_1_1	normal	NA
GGGAATGGTCGGCACT_7_1_1	normal	NA
GGGAGATGTCGGCTCA_7_1_1	normal	NA
GGGCACTGTTTAGGAA_7_1_1	normal	NA
GGGCATCCATCCTAGA_7_1_1	normal	NA
GGGCATCTCATCTGTT_7_1_1	tumor	NA
GGGCATCTCTAACCGA_7_1_1	normal	NA
GGGTCTGCACACAGAG_7_1_1	normal	NA
GGGTTGCTCGTGACAT_7_1_1	normal	NA
GGTATTGGTTGTTTGG_7_1_1	normal	NA
GGTGAAGCATGTCCTC_7_1_1	normal	NA
GTACTTTCATGCTAGT_7_1_1	normal	NA
GTACTTTTCCGCAAGC_7_1_1	normal	NA
GTAGTCAAGTAGCCGA_7_1_1	tumor	NA
GTAGTCATCCTCTAGC_7_1_1	normal	NA
GTAGTCATCTGGTATG_7_1_1	normal	NA
GTATCTTCAGCGAACA_7_1_1	normal	NA
GTCACAACATCGTCGG_7_1_1	normal	NA
GTCATTTAGACTGGGT_7_1_1	normal	NA
GTCATTTCAACGATCT_7_1_1	normal	NA
GTCATTTGTAGCGATG_7_1_1	normal	NA
GTCATTTTCTTCATGT_7_1_1	normal	NA
GTCCTCAGTTGATTCG_7_1_1	normal	NA
GTCGTAACATGCAACT_7_1_1	normal	NA
GTGCAGCCAATTGCTG_7_1_1	normal	NA
GTGCAGCTCGCGTTTC_7_1_1	normal	NA
GTGCATACAAATCCGT_7_1_1	normal	NA
GTGCGGTCACAGCCCA_7_1_1	normal	NA
GTGCTTCAGCACACAG_7_1_1	normal	NA
GTGGGTCGTCCGAATT_7_1_1	normal	yes
GTTAAGCGTCCGTTAA_7_1_1	normal	NA
GTTCATTAGTGGCACA_7_1_1	normal	NA
GTTCGGGGTCTCTCGT_7_1_1	normal	NA
GTTCGGGTCCACGAAT_7_1_1	normal	NA
GTTCTCGGTCTTCGTC_7_1_1	normal	NA
TAAGCGTGTACCGTAT_7_1_1	normal	NA
TACAGTGGTCGCGGTT_7_1_1	normal	NA
TACGGATGTTAGGGTG_7_1_1	normal	NA
TACTCATGTAAACCTC_7_1_1	normal	NA
TACTTGTAGGGAAACA_7_1_1	normal	NA
TACTTGTTCCTTTACA_7_1_1	normal	NA
TAGCCGGAGTGTACGG_7_1_1	normal	NA
TAGGCATGTGACAAAT_7_1_1	normal	NA
TATCTCAGTGAGGGAG_7_1_1	normal	yes
TCAATCTAGTCTTGCA_7_1_1	normal	NA
TCAGATGTCATAGCAC_7_1_1	normal	NA
TCAGCAACAAGCCGCT_7_1_1	normal	NA
TCAGCTCCAGGTCTCG_7_1_1	normal	NA
TCAGGATAGTACGCCC_7_1_1	tumor	NA
TCAGGTAAGGACACCA_7_1_1	normal	NA
TCAGGTAAGGCTCATT_7_1_1	normal	NA
TCATTACCAGTCAGCC_7_1_1	normal	NA
TCGAGGCAGTGGACGT_7_1_1	normal	NA
TCGCGAGTCACGAAGG_7_1_1	normal	NA
TCGTAGAAGAAGGACA_7_1_1	normal	NA
TCTGAGAAGAGCAATT_7_1_1	normal	NA
TCTGGAACAAGCTGTT_7_1_1	normal	NA
TGAGCCGTCCGGCACA_7_1_1	normal	NA
TGGCCAGGTGCACCAC_7_1_1	normal	NA
TGGCGCATCCTGTAGA_7_1_1	normal	NA
TGGCTGGCAGTATCTG_7_1_1	normal	NA
TGGCTGGTCCGTTGTC_7_1_1	normal	NA
TGGGAAGGTATAGTAG_7_1_1	normal	NA
TGGTTCCTCGTCTGCT_7_1_1	normal	NA
TGTATTCTCAAGAAGT_7_1_1	normal	NA
TGTTCCGGTGCAACGA_7_1_1	normal	NA
TTAGTTCGTCATATCG_7_1_1	normal	NA
TTATGCTAGTGCGTGA_7_1_1	normal	NA
TTCCCAGCAATCCGAT_7_1_1	normal	NA
TTCCCAGTCACAGGCC_7_1_1	normal	NA
TTCTACAAGAGTAATC_7_1_1	normal	NA
TTGAACGTCAAGGCTT_7_1_1	normal	NA
TTGCGTCAGGTGCAAC_7_1_1	normal	NA
TTGTAGGTCACCCGAG_7_1_1	normal	NA
TTTACTGTCAACGCTA_7_1_1	normal	NA
TTTGCGCTCCTTTCTC_7_1_1	normal	NA
