	class	confidentNormal
AAACCTGAGCGCTTAT_LUNG_T19	normal	NA
AAACCTGCAGATAATG_LUNG_T19	tumor	NA
AAACCTGCATACGCCG_LUNG_T19	tumor	NA
AAACCTGCATCTCCCA_LUNG_T19	normal	NA
AAACCTGGTCTAGCCG_LUNG_T19	normal	NA
AAACCTGGTGCAACGA_LUNG_T19	tumor	NA
AAACCTGGTGGCGAAT_LUNG_T19	tumor	NA
AAACCTGTCCCAGGTG_LUNG_T19	normal	NA
AAACCTGTCGTTTATC_LUNG_T19	tumor	NA
AAACCTGTCTAGAGTC_LUNG_T19	tumor	NA
AAACGGGAGCAGACTG_LUNG_T19	tumor	NA
AAACGGGAGTGAATTG_LUNG_T19	normal	NA
AAACGGGGTGAAAGAG_LUNG_T19	tumor	NA
AAACGGGTCACAGTAC_LUNG_T19	tumor	NA
AAACGGGTCAGTGTTG_LUNG_T19	normal	NA
AAAGATGAGCACGCCT_LUNG_T19	tumor	NA
AAAGATGAGCTGCGAA_LUNG_T19	tumor	NA
AAAGATGAGTCAATAG_LUNG_T19	tumor	NA
AAAGATGCATTTGCTT_LUNG_T19	tumor	NA
AAAGATGGTGAAATCA_LUNG_T19	tumor	NA
AAAGATGTCATGCTCC_LUNG_T19	normal	NA
AAAGCAAAGGACAGCT_LUNG_T19	tumor	NA
AAAGCAACAAGGTTTC_LUNG_T19	tumor	NA
AAAGCAACATGTTGAC_LUNG_T19	normal	NA
AAAGCAAGTATGCTTG_LUNG_T19	normal	NA
AAAGCAAGTCGTTGTA_LUNG_T19	tumor	NA
AAAGCAATCCAGATCA_LUNG_T19	tumor	NA
AAAGCAATCCCTAACC_LUNG_T19	normal	NA
AAAGCAATCTTCTGGC_LUNG_T19	tumor	NA
AAAGTAGAGACTAGGC_LUNG_T19	tumor	NA
AAAGTAGGTCGTGGCT_LUNG_T19	tumor	NA
AAAGTAGGTGAACCTT_LUNG_T19	normal	NA
AAAGTAGGTGGGTCAA_LUNG_T19	normal	NA
AAAGTAGGTTACCGAT_LUNG_T19	normal	NA
AAAGTAGGTTTAGGAA_LUNG_T19	tumor	NA
AAATGCCAGATCGATA_LUNG_T19	normal	NA
AAATGCCCAGGTCGTC_LUNG_T19	tumor	NA
AAATGCCCATGGTCTA_LUNG_T19	tumor	NA
AAATGCCGTTATGCGT_LUNG_T19	normal	NA
AAATGCCTCGGACAAG_LUNG_T19	tumor	NA
AACACGTAGAGCCCAA_LUNG_T19	normal	NA
AACACGTCACACATGT_LUNG_T19	tumor	NA
AACACGTCAGTGACAG_LUNG_T19	normal	NA
AACACGTCATCGGTTA_LUNG_T19	tumor	NA
AACACGTCATTAACCG_LUNG_T19	tumor	NA
AACACGTGTCGGCATC_LUNG_T19	tumor	NA
AACACGTTCAATCACG_LUNG_T19	tumor	NA
AACACGTTCACCAGGC_LUNG_T19	tumor	NA
AACACGTTCCACGAAT_LUNG_T19	tumor	NA
AACCATGAGAGCCTAG_LUNG_T19	tumor	NA
AACCATGAGCCGCCTA_LUNG_T19	tumor	NA
AACCATGCATGCCCGA_LUNG_T19	tumor	NA
AACCATGCATTCACTT_LUNG_T19	normal	NA
AACCATGCATTCCTCG_LUNG_T19	tumor	NA
AACCATGGTGAAATCA_LUNG_T19	normal	NA
AACCATGGTTATCCGA_LUNG_T19	tumor	NA
AACCATGTCAGTCCCT_LUNG_T19	normal	NA
AACCATGTCTTGTCAT_LUNG_T19	tumor	NA
AACCGCGAGAGATGAG_LUNG_T19	tumor	NA
AACCGCGAGCGTTCCG_LUNG_T19	normal	NA
AACCGCGCAGACGCCT_LUNG_T19	tumor	NA
AACCGCGGTCCTGCTT_LUNG_T19	normal	NA
AACCGCGTCCACGCAG_LUNG_T19	tumor	NA
AACCGCGTCTTCCTTC_LUNG_T19	tumor	NA
AACGTTGTCCGTTGCT_LUNG_T19	tumor	NA
AACGTTGTCGCCTGAG_LUNG_T19	normal	NA
AACTCAGAGAGAGCTC_LUNG_T19	tumor	NA
AACTCAGAGCTAACAA_LUNG_T19	normal	NA
AACTCAGCAATAGAGT_LUNG_T19	tumor	NA
AACTCAGCACGACTCG_LUNG_T19	tumor	NA
AACTCAGGTGCTGTAT_LUNG_T19	normal	NA
AACTCAGGTTATCGGT_LUNG_T19	tumor	NA
AACTCAGGTTCAACCA_LUNG_T19	normal	NA
AACTCAGTCACGATGT_LUNG_T19	tumor	NA
AACTCAGTCTCATTCA_LUNG_T19	normal	NA
AACTCCCAGAGTCTGG_LUNG_T19	normal	NA
AACTCCCAGTCCCACG_LUNG_T19	normal	NA
AACTCCCAGTTGCAGG_LUNG_T19	tumor	NA
AACTCCCCAGTAAGAT_LUNG_T19	normal	NA
AACTCCCCATAGGATA_LUNG_T19	normal	NA
AACTCCCGTCATCGGC_LUNG_T19	normal	NA
AACTCCCTCCGTAGGC_LUNG_T19	normal	NA
AACTCCCTCGATGAGG_LUNG_T19	normal	NA
AACTCTTGTTATCACG_LUNG_T19	tumor	NA
AACTCTTGTTGGTGGA_LUNG_T19	normal	NA
AACTGGTAGATCCCAT_LUNG_T19	tumor	NA
AACTGGTCAGAGTGTG_LUNG_T19	normal	NA
AACTGGTGTACAGTGG_LUNG_T19	tumor	NA
AACTGGTGTCCGAATT_LUNG_T19	normal	NA
AACTGGTTCAGCCTAA_LUNG_T19	normal	NA
AACTGGTTCATCATTC_LUNG_T19	tumor	NA
AACTTTCAGAGACTAT_LUNG_T19	tumor	NA
AACTTTCAGCCACGCT_LUNG_T19	tumor	NA
AACTTTCAGGCACATG_LUNG_T19	normal	NA
AACTTTCCAAAGTCAA_LUNG_T19	tumor	NA
AACTTTCCAATCACAC_LUNG_T19	normal	NA
AACTTTCCATATGAGA_LUNG_T19	normal	NA
AACTTTCGTCTTCTCG_LUNG_T19	tumor	NA
AACTTTCGTTTGTTGG_LUNG_T19	normal	NA
AAGACCTAGGTAAACT_LUNG_T19	tumor	NA
AAGACCTCACACCGCA_LUNG_T19	normal	NA
AAGACCTGTACAGACG_LUNG_T19	tumor	NA
AAGACCTTCCGCATAA_LUNG_T19	tumor	NA
AAGACCTTCGTAGGTT_LUNG_T19	normal	NA
AAGACCTTCTTTCCTC_LUNG_T19	normal	NA
AAGCCGCCAACACCTA_LUNG_T19	tumor	NA
AAGCCGCCAAGCCCAC_LUNG_T19	tumor	NA
AAGCCGCCAAGGGTCA_LUNG_T19	normal	NA
AAGCCGCCACATAACC_LUNG_T19	tumor	NA
AAGCCGCCATGCCACG_LUNG_T19	tumor	NA
AAGCCGCGTACCGTAT_LUNG_T19	normal	NA
AAGCCGCGTAGTACCT_LUNG_T19	tumor	NA
AAGCCGCGTTCCACTC_LUNG_T19	tumor	NA
AAGCCGCGTTCGCTAA_LUNG_T19	tumor	NA
AAGCCGCTCAACGGCC_LUNG_T19	normal	NA
AAGCCGCTCACTGGGC_LUNG_T19	tumor	NA
AAGGAGCAGCGTTTAC_LUNG_T19	tumor	NA
AAGGAGCAGCTAGGCA_LUNG_T19	tumor	NA
AAGGAGCTCCTTCAAT_LUNG_T19	tumor	NA
AAGGAGCTCTGCTGTC_LUNG_T19	normal	NA
AAGGCAGCAAGCCCAC_LUNG_T19	normal	NA
AAGGCAGCAATGTAAG_LUNG_T19	normal	NA
AAGGCAGCATAGACTC_LUNG_T19	tumor	NA
AAGGCAGCATTTCAGG_LUNG_T19	tumor	NA
AAGGCAGGTAAATACG_LUNG_T19	tumor	NA
AAGGCAGGTAGAAAGG_LUNG_T19	tumor	NA
AAGGCAGGTCAATACC_LUNG_T19	tumor	NA
AAGGCAGGTGATAAGT_LUNG_T19	tumor	NA
AAGGCAGTCACCTTAT_LUNG_T19	normal	NA
AAGGCAGTCCTCTAGC_LUNG_T19	tumor	NA
AAGGCAGTCGTCACGG_LUNG_T19	tumor	NA
AAGGTTCAGTAGGTGC_LUNG_T19	tumor	NA
AAGGTTCTCATGTCTT_LUNG_T19	tumor	NA
AAGGTTCTCCGGCACA_LUNG_T19	tumor	NA
AAGGTTCTCTGAGTGT_LUNG_T19	normal	NA
AAGTCTGAGAGTAAGG_LUNG_T19	tumor	NA
AAGTCTGAGGACAGCT_LUNG_T19	tumor	NA
AAGTCTGCACGAAAGC_LUNG_T19	tumor	NA
AAGTCTGGTACACCGC_LUNG_T19	normal	NA
AAGTCTGGTGCAGGTA_LUNG_T19	tumor	NA
AAGTCTGTCAGGCGAA_LUNG_T19	normal	NA
AAGTCTGTCATTGCCC_LUNG_T19	tumor	NA
AAGTCTGTCCGATATG_LUNG_T19	tumor	NA
AAGTCTGTCCTTTCTC_LUNG_T19	tumor	NA
AATCCAGAGCATCATC_LUNG_T19	tumor	NA
AATCCAGCACCCTATC_LUNG_T19	tumor	NA
AATCCAGCAGAGTGTG_LUNG_T19	normal	NA
AATCCAGGTGCACCAC_LUNG_T19	normal	NA
AATCCAGTCCTGTACC_LUNG_T19	normal	NA
AATCCAGTCTACTCAT_LUNG_T19	tumor	NA
AATCCAGTCTTCTGGC_LUNG_T19	normal	NA
AATCGGTAGTCGTTTG_LUNG_T19	tumor	NA
AATCGGTCAGGTGCCT_LUNG_T19	normal	NA
AATCGGTGTAGAGGAA_LUNG_T19	tumor	yes
AATCGGTGTATAATGG_LUNG_T19	tumor	NA
AATCGGTTCAAACCGT_LUNG_T19	tumor	NA
AATCGGTTCTCGTATT_LUNG_T19	normal	NA
ACACCAAAGACTTGAA_LUNG_T19	normal	NA
ACACCAACAGCATACT_LUNG_T19	normal	NA
ACACCAACATCATCCC_LUNG_T19	normal	NA
ACACCAAGTGCTCTTC_LUNG_T19	normal	NA
ACACCAATCGAATGCT_LUNG_T19	tumor	NA
ACACCAATCTTAGCCC_LUNG_T19	tumor	NA
ACACCCTAGCCTCGTG_LUNG_T19	normal	NA
ACACCCTCAGGTTTCA_LUNG_T19	tumor	NA
ACACCCTGTCGGATCC_LUNG_T19	tumor	NA
ACACCCTTCGGATGTT_LUNG_T19	normal	yes
ACACCGGCACACCGCA_LUNG_T19	tumor	NA
ACACCGGGTCTGGAGA_LUNG_T19	tumor	NA
ACACCGGGTGCGATAG_LUNG_T19	tumor	NA
ACACCGGTCCTATTCA_LUNG_T19	normal	NA
ACACCGGTCGTGGGAA_LUNG_T19	normal	NA
ACACTGACACATCCGG_LUNG_T19	tumor	NA
ACACTGAGTAGGGTAC_LUNG_T19	tumor	NA
ACACTGAGTCACACGC_LUNG_T19	normal	NA
ACACTGAGTGCAGACA_LUNG_T19	tumor	NA
ACACTGATCGGATGGA_LUNG_T19	normal	NA
ACAGCCGAGGATTCGG_LUNG_T19	tumor	NA
ACAGCCGCAATGACCT_LUNG_T19	normal	NA
ACAGCCGCACCTTGTC_LUNG_T19	tumor	NA
ACAGCCGCACGGCGTT_LUNG_T19	normal	NA
ACAGCCGGTCCAAGTT_LUNG_T19	tumor	NA
ACAGCCGTCAGTCCCT_LUNG_T19	normal	NA
ACAGCCGTCCAGAAGG_LUNG_T19	normal	NA
ACAGCCGTCTTTAGGG_LUNG_T19	normal	NA
ACAGCTAAGCTGTCTA_LUNG_T19	normal	NA
ACAGCTACAAGCGTAG_LUNG_T19	normal	NA
ACAGCTAGTCCTCCAT_LUNG_T19	tumor	NA
ACAGCTAGTCTCAACA_LUNG_T19	normal	NA
ACAGCTATCCTTTCTC_LUNG_T19	normal	NA
ACAGCTATCTGTTGAG_LUNG_T19	normal	NA
ACATACGAGATGGCGT_LUNG_T19	normal	NA
ACATACGAGGGCTCTC_LUNG_T19	normal	yes
ACATACGGTTTGACTG_LUNG_T19	normal	NA
ACATACGTCAACGGGA_LUNG_T19	normal	NA
ACATACGTCTGACCTC_LUNG_T19	normal	NA
ACATCAGAGAAGGCCT_LUNG_T19	tumor	NA
ACATCAGAGGATTCGG_LUNG_T19	tumor	NA
ACATCAGCACATGGGA_LUNG_T19	tumor	NA
ACATCAGGTAAGTTCC_LUNG_T19	normal	NA
ACATCAGGTATATGAG_LUNG_T19	tumor	NA
ACATCAGGTCTGATTG_LUNG_T19	tumor	NA
ACATCAGGTGGTAACG_LUNG_T19	tumor	NA
ACATCAGTCCCACTTG_LUNG_T19	normal	NA
ACATGGTAGACTTGAA_LUNG_T19	tumor	NA
ACATGGTAGCTCCTCT_LUNG_T19	tumor	NA
ACATGGTCAGCCAGAA_LUNG_T19	tumor	NA
ACATGGTGTGGTCCGT_LUNG_T19	tumor	NA
ACATGGTGTTGGTGGA_LUNG_T19	normal	NA
ACATGGTGTTGGTTTG_LUNG_T19	normal	NA
ACCAGTAAGAAACGAG_LUNG_T19	normal	NA
ACCAGTAGTACCAGTT_LUNG_T19	tumor	NA
ACCCACTAGCAGGTCA_LUNG_T19	tumor	NA
ACCCACTAGGAGTACC_LUNG_T19	tumor	NA
ACCCACTGTACCAGTT_LUNG_T19	normal	NA
ACCCACTTCAGTTGAC_LUNG_T19	normal	NA
ACCCACTTCGCCCTTA_LUNG_T19	normal	NA
ACCGTAAAGCGGCTTC_LUNG_T19	normal	NA
ACCGTAAAGCGTGAGT_LUNG_T19	tumor	NA
ACCGTAAAGCTAGCCC_LUNG_T19	tumor	NA
ACCGTAAAGGTAGCTG_LUNG_T19	normal	NA
ACCGTAATCGTCTGAA_LUNG_T19	tumor	NA
ACCTTTAAGCGTGAGT_LUNG_T19	normal	NA
ACCTTTAAGTCGTACT_LUNG_T19	normal	NA
ACCTTTACACCTCGTT_LUNG_T19	tumor	NA
ACCTTTACACTAAGTC_LUNG_T19	tumor	NA
ACCTTTACATCGATGT_LUNG_T19	normal	NA
ACCTTTAGTGACAAAT_LUNG_T19	tumor	NA
ACCTTTAGTGCCTTGG_LUNG_T19	normal	NA
ACCTTTAGTTCATGGT_LUNG_T19	tumor	NA
ACCTTTATCAACTCTT_LUNG_T19	tumor	NA
ACCTTTATCACTTATC_LUNG_T19	tumor	NA
ACGAGCCAGCCGGTAA_LUNG_T19	normal	NA
ACGAGCCAGCGTGAGT_LUNG_T19	normal	NA
ACGAGCCAGTACACCT_LUNG_T19	tumor	NA
ACGAGCCTCCACGTTC_LUNG_T19	tumor	NA
ACGAGCCTCCGCGTTT_LUNG_T19	tumor	NA
ACGAGGACATAGGATA_LUNG_T19	normal	NA
ACGAGGACATATACGC_LUNG_T19	tumor	NA
ACGAGGAGTCCGCTGA_LUNG_T19	tumor	NA
ACGAGGAGTTGTCTTT_LUNG_T19	tumor	NA
ACGAGGATCAGTCAGT_LUNG_T19	tumor	NA
ACGAGGATCCGAAGAG_LUNG_T19	tumor	NA
ACGAGGATCTGGCGTG_LUNG_T19	normal	NA
ACGATACAGCACAGGT_LUNG_T19	tumor	NA
ACGATACAGTCTCCTC_LUNG_T19	tumor	NA
ACGATACAGTGTGGCA_LUNG_T19	tumor	NA
ACGATACCAATCACAC_LUNG_T19	tumor	NA
ACGATACCACTCTGTC_LUNG_T19	normal	NA
ACGATACGTATCACCA_LUNG_T19	normal	NA
ACGATACTCTTTCCTC_LUNG_T19	normal	NA
ACGATGTAGCGGCTTC_LUNG_T19	tumor	NA
ACGATGTCACGACGAA_LUNG_T19	tumor	NA
ACGATGTCACGTGAGA_LUNG_T19	tumor	NA
ACGATGTCATCTCCCA_LUNG_T19	tumor	NA
ACGATGTTCCATGAAC_LUNG_T19	tumor	NA
ACGATGTTCCGAATGT_LUNG_T19	tumor	NA
ACGCAGCAGATCCGAG_LUNG_T19	tumor	NA
ACGCAGCCAGCTCGAC_LUNG_T19	tumor	NA
ACGCAGCGTCCAACTA_LUNG_T19	tumor	NA
ACGCAGCGTGCCTTGG_LUNG_T19	normal	NA
ACGCAGCTCAGCGATT_LUNG_T19	tumor	NA
ACGCAGCTCCTTGCCA_LUNG_T19	tumor	NA
ACGCAGCTCCTTTCGG_LUNG_T19	tumor	NA
ACGCCAGAGCAATCTC_LUNG_T19	normal	NA
ACGCCAGAGCTAGCCC_LUNG_T19	tumor	NA
ACGCCAGCAAGGTTCT_LUNG_T19	tumor	NA
ACGCCAGTCTCAAACG_LUNG_T19	normal	NA
ACGCCGAAGCGTGAGT_LUNG_T19	tumor	NA
ACGCCGAAGGTTACCT_LUNG_T19	tumor	NA
ACGCCGACACGCGAAA_LUNG_T19	tumor	NA
ACGCCGAGTCGGATCC_LUNG_T19	normal	NA
ACGCCGATCACCCGAG_LUNG_T19	tumor	NA
ACGGAGACATCTCGCT_LUNG_T19	tumor	NA
ACGGAGACATTGCGGC_LUNG_T19	tumor	NA
ACGGAGAGTATCTGCA_LUNG_T19	normal	NA
ACGGAGAGTCGGGTCT_LUNG_T19	normal	NA
ACGGAGAGTCTCTCTG_LUNG_T19	tumor	NA
ACGGAGATCTTAACCT_LUNG_T19	tumor	yes
ACGGCCAAGACCGGAT_LUNG_T19	tumor	NA
ACGGCCAAGCGATGAC_LUNG_T19	tumor	NA
ACGGCCAAGCGGCTTC_LUNG_T19	normal	NA
ACGGCCACAGATGGGT_LUNG_T19	normal	NA
ACGGCCACAGTAGAGC_LUNG_T19	tumor	NA
ACGGCCACATACGCTA_LUNG_T19	normal	NA
ACGGCCAGTAAGTGGC_LUNG_T19	tumor	NA
ACGGCCAGTTACGTCA_LUNG_T19	normal	NA
ACGGCCAGTTTACTCT_LUNG_T19	normal	NA
ACGGCCATCTCCGGTT_LUNG_T19	tumor	NA
ACGGGCTAGGCCATAG_LUNG_T19	normal	NA
ACGGGCTAGTACGCCC_LUNG_T19	normal	NA
ACGGGCTCATCCTTGC_LUNG_T19	tumor	NA
ACGGGCTGTCAAAGAT_LUNG_T19	tumor	NA
ACGGGCTGTTCCACAA_LUNG_T19	normal	NA
ACGGGCTGTTGGTGGA_LUNG_T19	tumor	NA
ACGGGTCAGACTTGAA_LUNG_T19	tumor	NA
ACGGGTCAGGGATACC_LUNG_T19	tumor	NA
ACGGGTCAGGGTGTGT_LUNG_T19	normal	NA
ACGGGTCCAGACAGGT_LUNG_T19	tumor	NA
ACGGGTCCAGGTGGAT_LUNG_T19	normal	NA
ACGGGTCCATCCGCGA_LUNG_T19	tumor	NA
ACGGGTCGTAGTAGTA_LUNG_T19	tumor	NA
ACGGGTCGTGGGTATG_LUNG_T19	tumor	NA
ACGGGTCTCCACGTGG_LUNG_T19	tumor	NA
ACGGGTCTCCACTGGG_LUNG_T19	tumor	NA
ACGTCAAGTCAGAATA_LUNG_T19	tumor	NA
ACGTCAAGTGCCTTGG_LUNG_T19	tumor	NA
ACGTCAATCAACCATG_LUNG_T19	tumor	NA
ACGTCAATCGCGCCAA_LUNG_T19	normal	NA
ACTATCTAGAAACCTA_LUNG_T19	tumor	NA
ACTATCTAGAAGGCCT_LUNG_T19	tumor	NA
ACTATCTAGGGAAACA_LUNG_T19	normal	NA
ACTATCTCAAGACACG_LUNG_T19	tumor	NA
ACTATCTCAATAGAGT_LUNG_T19	normal	NA
ACTATCTGTCCCTTGT_LUNG_T19	tumor	NA
ACTATCTGTGGCCCTA_LUNG_T19	normal	NA
ACTATCTTCCTGTAGA_LUNG_T19	tumor	NA
ACTATCTTCGGTCTAA_LUNG_T19	normal	NA
ACTGAACAGTCATGCT_LUNG_T19	normal	NA
ACTGAACAGTCGAGTG_LUNG_T19	tumor	NA
ACTGAACAGTGGTAGC_LUNG_T19	normal	NA
ACTGAACAGTGTACGG_LUNG_T19	tumor	NA
ACTGAACCACCAGGTC_LUNG_T19	tumor	NA
ACTGAACCATCACAAC_LUNG_T19	tumor	NA
ACTGAACCATGAAGTA_LUNG_T19	normal	NA
ACTGAACGTGGGTCAA_LUNG_T19	tumor	NA
ACTGAACGTGTGCGTC_LUNG_T19	tumor	NA
ACTGAACTCCACGTTC_LUNG_T19	normal	NA
ACTGAACTCGGCTTGG_LUNG_T19	normal	NA
ACTGAGTCAATCGGTT_LUNG_T19	normal	NA
ACTGAGTCACGCTTTC_LUNG_T19	tumor	NA
ACTGAGTCATCTGGTA_LUNG_T19	normal	NA
ACTGAGTGTAGTGAAT_LUNG_T19	tumor	NA
ACTGAGTGTCCGTCAG_LUNG_T19	normal	NA
ACTGAGTGTTTACTCT_LUNG_T19	tumor	NA
ACTGATGAGACTGGGT_LUNG_T19	tumor	NA
ACTGATGAGTCAAGGC_LUNG_T19	normal	NA
ACTGATGCACACTGCG_LUNG_T19	tumor	NA
ACTGATGCATTGTGCA_LUNG_T19	tumor	NA
ACTGATGGTCCATCCT_LUNG_T19	normal	NA
ACTGATGGTTGATTCG_LUNG_T19	tumor	NA
ACTGATGTCCTCAATT_LUNG_T19	tumor	NA
ACTGATGTCGATGAGG_LUNG_T19	tumor	yes
ACTGATGTCGCTAGCG_LUNG_T19	normal	NA
ACTGCTCAGTCGAGTG_LUNG_T19	normal	NA
ACTGCTCGTGCGCTTG_LUNG_T19	tumor	NA
ACTGTCCAGAAGATTC_LUNG_T19	normal	NA
ACTGTCCCACCCTATC_LUNG_T19	tumor	NA
ACTGTCCCACGACGAA_LUNG_T19	tumor	NA
ACTGTCCCACTCGACG_LUNG_T19	normal	NA
ACTGTCCCAGTGGGAT_LUNG_T19	normal	NA
ACTTACTAGATATGGT_LUNG_T19	normal	NA
ACTTACTAGTTTCCTT_LUNG_T19	tumor	NA
ACTTACTCAGTAAGCG_LUNG_T19	normal	NA
ACTTACTCAGTCACTA_LUNG_T19	tumor	NA
ACTTACTCATCGACGC_LUNG_T19	tumor	NA
ACTTACTGTCGCGAAA_LUNG_T19	tumor	NA
ACTTACTGTCTCCATC_LUNG_T19	normal	NA
ACTTACTTCCACGACG_LUNG_T19	tumor	NA
ACTTGTTAGCCCTAAT_LUNG_T19	normal	NA
ACTTGTTAGCGTGAGT_LUNG_T19	tumor	NA
ACTTGTTAGTCGCCGT_LUNG_T19	normal	NA
ACTTGTTCACCGGAAA_LUNG_T19	tumor	NA
ACTTGTTCACGAAGCA_LUNG_T19	normal	NA
ACTTGTTGTACCAGTT_LUNG_T19	tumor	NA
ACTTGTTGTACTTGAC_LUNG_T19	normal	NA
ACTTGTTGTAGCTGCC_LUNG_T19	normal	NA
ACTTGTTGTCAATGTC_LUNG_T19	normal	NA
ACTTGTTTCGCGTAGC_LUNG_T19	tumor	NA
ACTTTCAAGACGCACA_LUNG_T19	normal	NA
ACTTTCAAGCTAACTC_LUNG_T19	tumor	NA
ACTTTCAAGGACGAAA_LUNG_T19	normal	NA
ACTTTCAAGGTGCAAC_LUNG_T19	normal	NA
ACTTTCACAATGGACG_LUNG_T19	normal	NA
ACTTTCACATCGGAAG_LUNG_T19	normal	NA
ACTTTCAGTTTCGCTC_LUNG_T19	tumor	NA
ACTTTCATCGGTCTAA_LUNG_T19	normal	NA
AGAATAGAGGGTATCG_LUNG_T19	normal	NA
AGAATAGCATTACCTT_LUNG_T19	tumor	NA
AGAATAGGTCGTGGCT_LUNG_T19	normal	NA
AGAATAGGTTCCACAA_LUNG_T19	tumor	NA
AGACGTTCACAACTGT_LUNG_T19	normal	yes
AGACGTTCACGTAAGG_LUNG_T19	normal	NA
AGACGTTGTACAGTTC_LUNG_T19	tumor	NA
AGACGTTGTCCCGACA_LUNG_T19	tumor	NA
AGACGTTTCGGATGGA_LUNG_T19	normal	NA
AGACGTTTCTCTGAGA_LUNG_T19	tumor	NA
AGAGCGAAGACTGGGT_LUNG_T19	normal	NA
AGAGCGACACACAGAG_LUNG_T19	tumor	NA
AGAGCGACACTGTGTA_LUNG_T19	normal	NA
AGAGCGATCAATAAGG_LUNG_T19	normal	NA
AGAGCTTAGTGTCCCG_LUNG_T19	tumor	NA
AGAGCTTCAAGCTGAG_LUNG_T19	tumor	NA
AGAGCTTCAATCTGCA_LUNG_T19	normal	NA
AGAGCTTCACCATCCT_LUNG_T19	normal	NA
AGAGCTTGTATAATGG_LUNG_T19	tumor	NA
AGAGCTTTCAAACCGT_LUNG_T19	normal	NA
AGAGCTTTCAAGCCTA_LUNG_T19	tumor	NA
AGAGCTTTCCAATGGT_LUNG_T19	tumor	NA
AGAGCTTTCGTTTATC_LUNG_T19	normal	NA
AGAGTGGAGACGACGT_LUNG_T19	tumor	NA
AGAGTGGAGCGGATCA_LUNG_T19	tumor	NA
AGAGTGGCAACACCCG_LUNG_T19	tumor	NA
AGAGTGGCACGAGAGT_LUNG_T19	tumor	NA
AGAGTGGTCACTTATC_LUNG_T19	normal	NA
AGATCTGAGTTACCCA_LUNG_T19	tumor	NA
AGATCTGAGTTTGCGT_LUNG_T19	tumor	NA
AGATCTGGTCCAGTGC_LUNG_T19	normal	NA
AGATCTGTCCATGCTC_LUNG_T19	normal	NA
AGATCTGTCCGTACAA_LUNG_T19	tumor	NA
AGATCTGTCCTCCTAG_LUNG_T19	normal	NA
AGATTGCAGTGTCCAT_LUNG_T19	tumor	NA
AGATTGCCAATGAAAC_LUNG_T19	tumor	NA
AGATTGCCATCACAAC_LUNG_T19	tumor	NA
AGATTGCCATTCCTCG_LUNG_T19	tumor	NA
AGATTGCGTGTGCGTC_LUNG_T19	tumor	NA
AGATTGCGTTCCCGAG_LUNG_T19	tumor	NA
AGATTGCTCGTTTGCC_LUNG_T19	tumor	NA
AGCAGCCAGAGCCTAG_LUNG_T19	normal	NA
AGCAGCCAGGTGTTAA_LUNG_T19	normal	NA
AGCAGCCAGTCCAGGA_LUNG_T19	tumor	NA
AGCAGCCCAATGACCT_LUNG_T19	normal	NA
AGCAGCCTCAACACAC_LUNG_T19	normal	NA
AGCAGCCTCCTTAATC_LUNG_T19	tumor	NA
AGCATACAGCACACAG_LUNG_T19	normal	NA
AGCATACCAAGACACG_LUNG_T19	normal	NA
AGCATACCACGGCCAT_LUNG_T19	tumor	NA
AGCATACGTATGGTTC_LUNG_T19	tumor	NA
AGCATACGTTACGCGC_LUNG_T19	tumor	NA
AGCATACTCAGAGCTT_LUNG_T19	tumor	NA
AGCATACTCGCCAGCA_LUNG_T19	tumor	NA
AGCCTAAGTAAACCTC_LUNG_T19	tumor	NA
AGCCTAAGTGGCAAAC_LUNG_T19	tumor	NA
AGCCTAATCACATAGC_LUNG_T19	tumor	NA
AGCCTAATCGCACTCT_LUNG_T19	tumor	NA
AGCGGTCAGATGAGAG_LUNG_T19	tumor	NA
AGCGGTCAGTGGTAAT_LUNG_T19	normal	yes
AGCGGTCCACTACAGT_LUNG_T19	normal	NA
AGCGGTCCAGGAACGT_LUNG_T19	tumor	NA
AGCGGTCCATCCGTGG_LUNG_T19	tumor	NA
AGCGGTCGTACTTAGC_LUNG_T19	tumor	NA
AGCGGTCGTCGGGTCT_LUNG_T19	normal	NA
AGCGGTCGTTCCGTCT_LUNG_T19	normal	NA
AGCGGTCTCCTCAATT_LUNG_T19	tumor	NA
AGCGTATAGCTGCAAG_LUNG_T19	normal	NA
AGCGTATAGTACATGA_LUNG_T19	normal	NA
AGCGTATCAGAGTGTG_LUNG_T19	normal	NA
AGCGTATGTCTCATCC_LUNG_T19	normal	NA
AGCGTATTCATACGGT_LUNG_T19	normal	NA
AGCGTCGCACGGCTAC_LUNG_T19	tumor	NA
AGCGTCGGTCAACTGT_LUNG_T19	tumor	NA
AGCGTCGTCCGTTGTC_LUNG_T19	normal	NA
AGCTCCTAGCGATTCT_LUNG_T19	normal	NA
AGCTCCTCAAGGTTTC_LUNG_T19	tumor	NA
AGCTCCTTCACGCGGT_LUNG_T19	tumor	NA
AGCTCCTTCCTTTCTC_LUNG_T19	tumor	NA
AGCTCCTTCTCTTATG_LUNG_T19	normal	NA
AGCTCCTTCTGATTCT_LUNG_T19	tumor	NA
AGCTCTCAGGGCTCTC_LUNG_T19	normal	NA
AGCTCTCAGTAACCCT_LUNG_T19	tumor	NA
AGCTCTCCACCCATGG_LUNG_T19	normal	NA
AGCTCTCCAGTAAGCG_LUNG_T19	tumor	NA
AGCTCTCTCCTCGCAT_LUNG_T19	tumor	NA
AGCTCTCTCCTGCTTG_LUNG_T19	tumor	NA
AGCTTGAAGGACCACA_LUNG_T19	normal	NA
AGCTTGACAATGGACG_LUNG_T19	tumor	NA
AGCTTGACATTCGACA_LUNG_T19	tumor	NA
AGCTTGAGTCGCTTCT_LUNG_T19	normal	NA
AGCTTGAGTCTAAAGA_LUNG_T19	normal	NA
AGCTTGAGTTATGCGT_LUNG_T19	normal	NA
AGCTTGATCATGGTCA_LUNG_T19	tumor	NA
AGGCCACAGACAGGCT_LUNG_T19	normal	NA
AGGCCACAGAGAGCTC_LUNG_T19	tumor	NA
AGGCCACAGTACGTTC_LUNG_T19	normal	NA
AGGCCACAGTGAACAT_LUNG_T19	normal	NA
AGGCCACCATCGGAAG_LUNG_T19	tumor	yes
AGGCCACGTCTAACGT_LUNG_T19	tumor	NA
AGGCCACTCCACGTTC_LUNG_T19	tumor	NA
AGGCCACTCGGTTCGG_LUNG_T19	normal	NA
AGGCCACTCTGGTTCC_LUNG_T19	normal	NA
AGGCCACTCTGTCTAT_LUNG_T19	tumor	NA
AGGCCGTAGAATTCCC_LUNG_T19	normal	NA
AGGCCGTAGGCTCATT_LUNG_T19	tumor	NA
AGGCCGTCACTCTGTC_LUNG_T19	normal	NA
AGGCCGTCAGACAAGC_LUNG_T19	normal	NA
AGGCCGTGTACTTCTT_LUNG_T19	tumor	NA
AGGCCGTGTAGAAAGG_LUNG_T19	normal	NA
AGGCCGTGTCGTTGTA_LUNG_T19	normal	NA
AGGCCGTGTTGTCGCG_LUNG_T19	normal	NA
AGGCCGTTCATCGATG_LUNG_T19	tumor	NA
AGGCCGTTCATCTGCC_LUNG_T19	tumor	NA
AGGGAGTAGAGCAATT_LUNG_T19	tumor	NA
AGGGAGTAGATATGCA_LUNG_T19	normal	NA
AGGGAGTCAATAAGCA_LUNG_T19	tumor	NA
AGGGAGTCACGACGAA_LUNG_T19	tumor	NA
AGGGAGTCAGCATGAG_LUNG_T19	tumor	NA
AGGGAGTCAGCGTCCA_LUNG_T19	normal	NA
AGGGAGTGTGAGTGAC_LUNG_T19	normal	NA
AGGGAGTTCAACGGCC_LUNG_T19	tumor	NA
AGGGATGAGTGACATA_LUNG_T19	tumor	NA
AGGGATGCACACTGCG_LUNG_T19	normal	NA
AGGGATGCAGGTCGTC_LUNG_T19	tumor	NA
AGGGATGGTGCTAGCC_LUNG_T19	tumor	NA
AGGGTGAAGAGACTAT_LUNG_T19	tumor	NA
AGGGTGAAGCCAACAG_LUNG_T19	tumor	NA
AGGGTGAAGGCCGAAT_LUNG_T19	normal	NA
AGGGTGAAGTACTTGC_LUNG_T19	tumor	NA
AGGGTGACAACGCACC_LUNG_T19	tumor	NA
AGGGTGAGTCTAGTGT_LUNG_T19	tumor	NA
AGGGTGATCCTTTACA_LUNG_T19	tumor	NA
AGGTCATAGGAATGGA_LUNG_T19	tumor	NA
AGGTCATCAGAAGCAC_LUNG_T19	normal	NA
AGGTCATCAGGACCCT_LUNG_T19	tumor	NA
AGGTCATCATGCTAGT_LUNG_T19	normal	NA
AGGTCATGTAATCACC_LUNG_T19	normal	NA
AGGTCATGTGCAGACA_LUNG_T19	normal	NA
AGGTCATTCGCCAGCA_LUNG_T19	normal	NA
AGGTCCGAGACTTTCG_LUNG_T19	tumor	NA
AGGTCCGAGCCACTAT_LUNG_T19	tumor	NA
AGGTCCGCAGTATCTG_LUNG_T19	tumor	NA
AGGTCCGGTCGCGAAA_LUNG_T19	normal	NA
AGGTCCGTCCGCATAA_LUNG_T19	tumor	NA
AGTAGTCCAGTGGAGT_LUNG_T19	tumor	NA
AGTAGTCGTTCGTCTC_LUNG_T19	tumor	NA
AGTAGTCGTTGCGTTA_LUNG_T19	tumor	NA
AGTAGTCTCTAACTTC_LUNG_T19	tumor	NA
AGTCTTTAGTACCGGA_LUNG_T19	tumor	NA
AGTCTTTCACATTAGC_LUNG_T19	tumor	NA
AGTCTTTGTAGAGTGC_LUNG_T19	normal	NA
AGTCTTTGTCTCTTAT_LUNG_T19	tumor	NA
AGTCTTTGTTGATTGC_LUNG_T19	normal	NA
AGTCTTTTCATTGCCC_LUNG_T19	normal	NA
AGTCTTTTCCTGCTTG_LUNG_T19	tumor	NA
AGTGAGGAGACACTAA_LUNG_T19	tumor	NA
AGTGAGGAGTCTCGGC_LUNG_T19	normal	NA
AGTGAGGCAACAACCT_LUNG_T19	tumor	NA
AGTGAGGGTCCCTACT_LUNG_T19	tumor	NA
AGTGAGGTCACAAACC_LUNG_T19	normal	NA
AGTGAGGTCCCACTTG_LUNG_T19	tumor	NA
AGTGGGAAGAGTGAGA_LUNG_T19	normal	NA
AGTGGGAAGTTTAGGA_LUNG_T19	tumor	NA
AGTGGGACAATGAAAC_LUNG_T19	tumor	NA
AGTGGGAGTCACCCAG_LUNG_T19	tumor	NA
AGTGGGAGTCCTAGCG_LUNG_T19	tumor	NA
AGTGGGAGTGATGTCT_LUNG_T19	normal	NA
AGTGGGATCAGTTGAC_LUNG_T19	tumor	NA
AGTGGGATCGGAATCT_LUNG_T19	normal	yes
AGTGTCAAGACTCGGA_LUNG_T19	normal	NA
AGTGTCACACATTTCT_LUNG_T19	normal	NA
AGTGTCACACTTACGA_LUNG_T19	normal	NA
AGTGTCACATGTCTCC_LUNG_T19	tumor	NA
AGTGTCAGTAAGAGAG_LUNG_T19	normal	NA
AGTGTCAGTCCTAGCG_LUNG_T19	normal	NA
AGTGTCATCAATACCG_LUNG_T19	tumor	NA
AGTGTCATCACAGTAC_LUNG_T19	tumor	NA
AGTGTCATCCAGATCA_LUNG_T19	normal	NA
AGTGTCATCGAGAACG_LUNG_T19	normal	NA
AGTTGGTAGAATTCCC_LUNG_T19	tumor	NA
AGTTGGTAGCCACGCT_LUNG_T19	tumor	NA
AGTTGGTAGGCAAAGA_LUNG_T19	normal	NA
AGTTGGTAGTTGAGAT_LUNG_T19	tumor	NA
AGTTGGTCACAACGCC_LUNG_T19	tumor	NA
AGTTGGTCAGGCTGAA_LUNG_T19	tumor	NA
AGTTGGTCATTTGCCC_LUNG_T19	tumor	NA
AGTTGGTTCAACTCTT_LUNG_T19	normal	NA
AGTTGGTTCAGCTCTC_LUNG_T19	normal	NA
ATAACGCAGCGCTTAT_LUNG_T19	tumor	NA
ATAACGCCAAGCCGCT_LUNG_T19	tumor	NA
ATAACGCCATAGAAAC_LUNG_T19	tumor	NA
ATAACGCTCACGAAGG_LUNG_T19	normal	NA
ATAACGCTCAGTTTGG_LUNG_T19	normal	NA
ATAAGAGAGAGACTTA_LUNG_T19	tumor	NA
ATAAGAGAGATAGCAT_LUNG_T19	tumor	NA
ATAAGAGAGATCCGAG_LUNG_T19	tumor	NA
ATAAGAGCAGTCAGAG_LUNG_T19	normal	NA
ATAAGAGCAGTCTTCC_LUNG_T19	normal	NA
ATAAGAGGTTATTCTC_LUNG_T19	normal	NA
ATAGACCAGATAGCAT_LUNG_T19	tumor	NA
ATAGACCAGGTGTTAA_LUNG_T19	tumor	NA
ATAGACCCAAGGGTCA_LUNG_T19	tumor	NA
ATAGACCCAGAAGCAC_LUNG_T19	tumor	NA
ATAGACCCAGGTCCAC_LUNG_T19	tumor	NA
ATAGACCCATCACAAC_LUNG_T19	tumor	NA
ATAGACCCATGCCTAA_LUNG_T19	tumor	NA
ATAGACCGTAAGTGTA_LUNG_T19	tumor	NA
ATAGACCGTTTGTTGG_LUNG_T19	normal	NA
ATAGACCTCGGAGCAA_LUNG_T19	normal	NA
ATAGACCTCGGCTACG_LUNG_T19	normal	NA
ATCACGAAGCGAAGGG_LUNG_T19	tumor	NA
ATCACGAAGCGTTGCC_LUNG_T19	tumor	NA
ATCACGAAGTACATGA_LUNG_T19	normal	NA
ATCACGACACTTCGAA_LUNG_T19	normal	NA
ATCACGAGTACGCACC_LUNG_T19	normal	NA
ATCACGAGTAGCCTCG_LUNG_T19	tumor	NA
ATCACGATCACTCCTG_LUNG_T19	tumor	NA
ATCACGATCAGCAACT_LUNG_T19	tumor	NA
ATCATCTAGAGGTAGA_LUNG_T19	tumor	NA
ATCATCTAGGAATGGA_LUNG_T19	normal	NA
ATCATCTGTGGACGAT_LUNG_T19	tumor	NA
ATCATGGAGAGCCTAG_LUNG_T19	tumor	NA
ATCATGGAGCTAACAA_LUNG_T19	tumor	NA
ATCATGGAGGCATTGG_LUNG_T19	normal	NA
ATCATGGAGTCCCACG_LUNG_T19	tumor	NA
ATCATGGAGTGCCAGA_LUNG_T19	normal	NA
ATCATGGAGTGGCACA_LUNG_T19	normal	NA
ATCATGGCAAGTTAAG_LUNG_T19	normal	NA
ATCATGGCAGATTGCT_LUNG_T19	tumor	NA
ATCATGGCATTGAGCT_LUNG_T19	normal	NA
ATCATGGGTAATAGCA_LUNG_T19	normal	NA
ATCATGGGTTAGAACA_LUNG_T19	tumor	NA
ATCATGGTCAAACCGT_LUNG_T19	normal	NA
ATCATGGTCTAAGCCA_LUNG_T19	normal	NA
ATCCACCAGAGACGAA_LUNG_T19	tumor	NA
ATCCACCAGCACAGGT_LUNG_T19	normal	NA
ATCCACCAGCCCAGCT_LUNG_T19	tumor	NA
ATCCACCAGGTTCCTA_LUNG_T19	normal	NA
ATCCACCCAGACTCGC_LUNG_T19	tumor	NA
ATCCACCGTCCGAAGA_LUNG_T19	tumor	NA
ATCCACCGTCTGCGGT_LUNG_T19	tumor	NA
ATCCACCTCTTGAGGT_LUNG_T19	tumor	NA
ATCCGAAAGGCATGGT_LUNG_T19	tumor	NA
ATCCGAACAAAGTGCG_LUNG_T19	normal	NA
ATCCGAACAACACCTA_LUNG_T19	normal	NA
ATCCGAACAGCCACCA_LUNG_T19	tumor	NA
ATCCGAACATGCTGGC_LUNG_T19	normal	NA
ATCCGAACATTACCTT_LUNG_T19	tumor	NA
ATCCGAAGTAGCTCCG_LUNG_T19	tumor	NA
ATCCGAAGTAGGGACT_LUNG_T19	tumor	NA
ATCCGAATCATTGCCC_LUNG_T19	normal	NA
ATCGAGTAGGCACATG_LUNG_T19	tumor	NA
ATCGAGTCACCAACCG_LUNG_T19	normal	NA
ATCGAGTCAGGCGATA_LUNG_T19	tumor	NA
ATCGAGTGTATATCCG_LUNG_T19	tumor	NA
ATCGAGTTCAGGATCT_LUNG_T19	tumor	NA
ATCGAGTTCCCATTAT_LUNG_T19	normal	NA
ATCGAGTTCGAGCCCA_LUNG_T19	normal	NA
ATCTACTGTCCAGTAT_LUNG_T19	normal	NA
ATCTACTGTTCAGACT_LUNG_T19	tumor	NA
ATCTACTTCCATGAGT_LUNG_T19	tumor	NA
ATCTACTTCTCATTCA_LUNG_T19	tumor	NA
ATCTGCCAGAAACGCC_LUNG_T19	normal	NA
ATCTGCCAGCCAGGAT_LUNG_T19	tumor	NA
ATCTGCCCAAAGAATC_LUNG_T19	normal	NA
ATCTGCCCACTGTTAG_LUNG_T19	tumor	NA
ATCTGCCGTCCGAATT_LUNG_T19	tumor	NA
ATCTGCCTCGCATGGC_LUNG_T19	tumor	NA
ATCTGCCTCTCCAACC_LUNG_T19	tumor	NA
ATGAGGGAGTGAACGC_LUNG_T19	tumor	NA
ATGAGGGAGTTTAGGA_LUNG_T19	normal	NA
ATGAGGGGTATTAGCC_LUNG_T19	tumor	NA
ATGAGGGGTGTGGCTC_LUNG_T19	normal	NA
ATGAGGGTCATGTCCC_LUNG_T19	tumor	NA
ATGAGGGTCGTTACAG_LUNG_T19	tumor	NA
ATGCGATAGAGACTAT_LUNG_T19	normal	NA
ATGCGATAGATGGGTC_LUNG_T19	tumor	NA
ATGCGATAGGCCCTCA_LUNG_T19	tumor	NA
ATGCGATAGGCTCTTA_LUNG_T19	tumor	NA
ATGCGATCAGTCGATT_LUNG_T19	normal	NA
ATGGGAGCATATACGC_LUNG_T19	tumor	NA
ATGGGAGCATGGATGG_LUNG_T19	tumor	NA
ATGGGAGCATTCACTT_LUNG_T19	tumor	NA
ATGGGAGGTCACTGGC_LUNG_T19	normal	NA
ATGGGAGGTCAGGACA_LUNG_T19	tumor	NA
ATGGGAGGTCCGAGTC_LUNG_T19	normal	NA
ATGGGAGTCACAGTAC_LUNG_T19	tumor	NA
ATGGGAGTCTATCGCC_LUNG_T19	tumor	NA
ATGTGTGAGACCTTTG_LUNG_T19	normal	NA
ATGTGTGAGCTGAACG_LUNG_T19	tumor	NA
ATGTGTGAGTTATCGC_LUNG_T19	normal	NA
ATGTGTGGTAGGAGTC_LUNG_T19	normal	NA
ATGTGTGGTATATGGA_LUNG_T19	tumor	NA
ATGTGTGGTCAGAAGC_LUNG_T19	tumor	NA
ATGTGTGTCCCAAGTA_LUNG_T19	tumor	NA
ATTACTCAGGATGTAT_LUNG_T19	tumor	NA
ATTACTCAGGTGATTA_LUNG_T19	tumor	NA
ATTACTCAGTCATCCA_LUNG_T19	tumor	NA
ATTACTCAGTCGATAA_LUNG_T19	tumor	NA
ATTACTCAGTGGACGT_LUNG_T19	normal	NA
ATTACTCCACGGTAGA_LUNG_T19	tumor	NA
ATTACTCCATAGTAAG_LUNG_T19	tumor	NA
ATTACTCCATCAGTAC_LUNG_T19	tumor	NA
ATTACTCTCACAGGCC_LUNG_T19	tumor	NA
ATTACTCTCACTTACT_LUNG_T19	normal	NA
ATTACTCTCCGAACGC_LUNG_T19	tumor	NA
ATTATCCAGAGGTTAT_LUNG_T19	normal	NA
ATTATCCAGCGTCAAG_LUNG_T19	tumor	NA
ATTATCCAGTTGAGAT_LUNG_T19	normal	NA
ATTATCCCAAGTACCT_LUNG_T19	tumor	NA
ATTATCCCACTTACGA_LUNG_T19	tumor	NA
ATTATCCGTCCATGAT_LUNG_T19	normal	NA
ATTATCCGTCCGTCAG_LUNG_T19	tumor	NA
ATTATCCGTTATCGGT_LUNG_T19	tumor	NA
ATTATCCGTTGGGACA_LUNG_T19	tumor	NA
ATTATCCGTTTGGGCC_LUNG_T19	normal	NA
ATTATCCTCTGTTTGT_LUNG_T19	tumor	NA
ATTCTACAGCCCAATT_LUNG_T19	normal	NA
ATTCTACCAATGCCAT_LUNG_T19	tumor	NA
ATTCTACGTACAGTGG_LUNG_T19	tumor	NA
ATTGGACAGGGTGTGT_LUNG_T19	normal	NA
ATTGGACCACGGCGTT_LUNG_T19	tumor	NA
ATTGGACCATGCAATC_LUNG_T19	normal	NA
ATTGGACGTCCAACTA_LUNG_T19	tumor	NA
ATTGGACGTTTGGCGC_LUNG_T19	tumor	NA
ATTGGACTCCAGATCA_LUNG_T19	tumor	NA
ATTGGTGCAACACGCC_LUNG_T19	normal	NA
ATTGGTGCACGAAAGC_LUNG_T19	normal	NA
ATTGGTGGTATGGTTC_LUNG_T19	tumor	NA
ATTGGTGGTCCGTTAA_LUNG_T19	tumor	NA
ATTGGTGGTTACCGAT_LUNG_T19	tumor	NA
ATTGGTGTCGCGCCAA_LUNG_T19	normal	NA
ATTGGTGTCTGCCCTA_LUNG_T19	tumor	NA
ATTGGTGTCTTGCATT_LUNG_T19	normal	NA
ATTTCTGAGCTCCTCT_LUNG_T19	tumor	NA
ATTTCTGAGGAGTACC_LUNG_T19	normal	NA
ATTTCTGCACGTAAGG_LUNG_T19	normal	NA
ATTTCTGCATCTACGA_LUNG_T19	tumor	NA
ATTTCTGCATTTGCTT_LUNG_T19	normal	NA
CAACCAAAGAGCCTAG_LUNG_T19	normal	NA
CAACCAAAGCATGGCA_LUNG_T19	normal	NA
CAACCAAAGGTACTCT_LUNG_T19	tumor	NA
CAACCAACACATCCAA_LUNG_T19	tumor	NA
CAACCTCAGAGTAATC_LUNG_T19	tumor	NA
CAACCTCAGTGTCTCA_LUNG_T19	tumor	NA
CAACCTCCACCTCGTT_LUNG_T19	tumor	NA
CAACCTCCAGAGCCAA_LUNG_T19	tumor	NA
CAACCTCCATGCCTTC_LUNG_T19	tumor	NA
CAACCTCGTTCGGCAC_LUNG_T19	tumor	NA
CAACCTCTCGCCAGCA_LUNG_T19	tumor	NA
CAACCTCTCTCAAGTG_LUNG_T19	tumor	NA
CAACTAGAGCCCTAAT_LUNG_T19	normal	NA
CAACTAGAGCTGAACG_LUNG_T19	normal	NA
CAACTAGAGGAGTTGC_LUNG_T19	tumor	NA
CAACTAGAGTGGAGTC_LUNG_T19	normal	NA
CAACTAGCACAGGTTT_LUNG_T19	normal	NA
CAACTAGCACTTAACG_LUNG_T19	normal	NA
CAACTAGCATTGGGCC_LUNG_T19	tumor	NA
CAACTAGGTAGCAAAT_LUNG_T19	tumor	NA
CAACTAGGTTAAGATG_LUNG_T19	normal	NA
CAACTAGTCATCATTC_LUNG_T19	tumor	NA
CAAGAAAAGATCCGAG_LUNG_T19	normal	NA
CAAGAAAAGCTTTGGT_LUNG_T19	normal	NA
CAAGAAAAGTGGAGAA_LUNG_T19	normal	NA
CAAGAAACAAGCCCAC_LUNG_T19	tumor	NA
CAAGAAAGTCAGATAA_LUNG_T19	tumor	NA
CAAGAAAGTTAGATGA_LUNG_T19	tumor	NA
CAAGAAAGTTAGGGTG_LUNG_T19	tumor	NA
CAAGAAATCATCGATG_LUNG_T19	tumor	NA
CAAGAAATCCAAGCCG_LUNG_T19	normal	NA
CAAGAAATCCAATGGT_LUNG_T19	normal	NA
CAAGAAATCGATCCCT_LUNG_T19	normal	NA
CAAGATCAGTTGTAGA_LUNG_T19	tumor	NA
CAAGATCCACTCAGGC_LUNG_T19	tumor	NA
CAAGATCGTGGTCCGT_LUNG_T19	normal	NA
CAAGATCTCTCAACTT_LUNG_T19	tumor	NA
CAAGGCCAGACACTAA_LUNG_T19	normal	NA
CAAGGCCCAAGCTGGA_LUNG_T19	normal	NA
CAAGGCCCAAGGTTCT_LUNG_T19	normal	NA
CAAGGCCCACCAGCAC_LUNG_T19	tumor	NA
CAAGGCCCAGATGAGC_LUNG_T19	tumor	NA
CAAGGCCCATCGACGC_LUNG_T19	normal	NA
CAAGGCCGTTGGTAAA_LUNG_T19	normal	NA
CAAGGCCTCATATCGG_LUNG_T19	tumor	NA
CAAGGCCTCGTAGATC_LUNG_T19	normal	NA
CAAGGCCTCTGCGACG_LUNG_T19	tumor	NA
CAAGGCCTCTTGGGTA_LUNG_T19	tumor	NA
CAAGTTGAGATCCCGC_LUNG_T19	tumor	NA
CAAGTTGAGGCCGAAT_LUNG_T19	tumor	NA
CAAGTTGCAATCGGTT_LUNG_T19	tumor	NA
CAAGTTGCACCAGGCT_LUNG_T19	normal	NA
CAAGTTGCAGTCGTGC_LUNG_T19	tumor	NA
CAAGTTGCATATACGC_LUNG_T19	normal	NA
CAAGTTGCATCAGTCA_LUNG_T19	normal	NA
CAAGTTGGTCTGATTG_LUNG_T19	normal	NA
CACAAACAGACAATAC_LUNG_T19	tumor	NA
CACAAACAGCGCCTCA_LUNG_T19	normal	NA
CACAAACAGCGTAGTG_LUNG_T19	normal	NA
CACAAACCAAGTCTGT_LUNG_T19	tumor	NA
CACAAACCACTCAGGC_LUNG_T19	normal	NA
CACAAACGTCTCGTTC_LUNG_T19	tumor	NA
CACAAACGTTGATTGC_LUNG_T19	normal	NA
CACACAAAGCCCAATT_LUNG_T19	tumor	NA
CACACAAAGTGCTGCC_LUNG_T19	normal	NA
CACACAACAAGTTGTC_LUNG_T19	tumor	NA
CACACAACAATCTACG_LUNG_T19	tumor	NA
CACACAACACCAGATT_LUNG_T19	normal	NA
CACACAACATGCCCGA_LUNG_T19	normal	NA
CACACAAGTAAGGATT_LUNG_T19	normal	NA
CACACAAGTGATAAGT_LUNG_T19	tumor	NA
CACACAAGTTAGGGTG_LUNG_T19	normal	NA
CACACAATCACCGTAA_LUNG_T19	tumor	NA
CACACCTCACGACTCG_LUNG_T19	tumor	NA
CACACCTCACTTCTGC_LUNG_T19	tumor	NA
CACACCTGTGATGATA_LUNG_T19	normal	NA
CACACCTGTTACGTCA_LUNG_T19	normal	NA
CACACTCGTAATTGGA_LUNG_T19	tumor	NA
CACACTCGTAGCGCAA_LUNG_T19	tumor	NA
CACACTCGTGCCTGTG_LUNG_T19	tumor	NA
CACACTCTCTTCTGGC_LUNG_T19	normal	NA
CACAGGCCAAAGCAAT_LUNG_T19	normal	NA
CACAGGCCAAAGGCGT_LUNG_T19	tumor	NA
CACAGGCGTAAGGGCT_LUNG_T19	normal	NA
CACAGGCGTTCCACTC_LUNG_T19	tumor	NA
CACAGGCTCCCATTTA_LUNG_T19	tumor	NA
CACAGGCTCTACTATC_LUNG_T19	tumor	NA
CACAGTACACGGATAG_LUNG_T19	tumor	NA
CACAGTACATCGATGT_LUNG_T19	tumor	NA
CACAGTAGTTGGAGGT_LUNG_T19	tumor	NA
CACAGTATCCCTAATT_LUNG_T19	tumor	NA
CACAGTATCTACTTAC_LUNG_T19	tumor	NA
CACATAGAGGACAGAA_LUNG_T19	normal	NA
CACATAGCAATAGCGG_LUNG_T19	tumor	NA
CACATAGCACCGTTGG_LUNG_T19	normal	NA
CACATAGGTTCTGAAC_LUNG_T19	tumor	NA
CACATAGTCCAACCAA_LUNG_T19	normal	NA
CACATTTGTCACACGC_LUNG_T19	tumor	NA
CACATTTGTGTAATGA_LUNG_T19	tumor	NA
CACATTTTCAGTTCGA_LUNG_T19	tumor	NA
CACCACTAGAAACGAG_LUNG_T19	tumor	NA
CACCACTAGAACTGTA_LUNG_T19	normal	NA
CACCACTAGCGTGTCC_LUNG_T19	normal	NA
CACCACTAGGATTCGG_LUNG_T19	tumor	NA
CACCACTCACTATCTT_LUNG_T19	normal	NA
CACCACTCATGGTAGG_LUNG_T19	tumor	NA
CACCACTGTACAGTGG_LUNG_T19	tumor	NA
CACCACTGTATCTGCA_LUNG_T19	tumor	NA
CACCACTGTCAAACTC_LUNG_T19	normal	NA
CACCACTTCGTCACGG_LUNG_T19	tumor	NA
CACCACTTCTGCTTGC_LUNG_T19	tumor	NA
CACCAGGAGACCCACC_LUNG_T19	tumor	NA
CACCAGGAGCCAACAG_LUNG_T19	normal	NA
CACCAGGCAATCCGAT_LUNG_T19	tumor	NA
CACCAGGCATGCAACT_LUNG_T19	normal	NA
CACCAGGGTCCGAATT_LUNG_T19	tumor	NA
CACCAGGGTTACGACT_LUNG_T19	normal	NA
CACCAGGGTTCGTCTC_LUNG_T19	tumor	NA
CACCTTGAGACGCAAC_LUNG_T19	tumor	NA
CACCTTGAGGCAGGTT_LUNG_T19	tumor	NA
CACCTTGGTCTCTTAT_LUNG_T19	tumor	NA
CACCTTGGTGATGATA_LUNG_T19	normal	NA
CACCTTGTCGGAGGTA_LUNG_T19	tumor	NA
CACCTTGTCTGCGGCA_LUNG_T19	tumor	NA
CACTCCAAGTTCCACA_LUNG_T19	tumor	NA
CACTCCACAGGCGATA_LUNG_T19	normal	NA
CACTCCAGTAGTACCT_LUNG_T19	tumor	NA
CACTCCAGTTACGCGC_LUNG_T19	tumor	NA
CACTCCATCACTTACT_LUNG_T19	normal	NA
CACTCCATCATGCTCC_LUNG_T19	tumor	NA
CACTCCATCCCTTGCA_LUNG_T19	normal	NA
CACTCCATCGCCATAA_LUNG_T19	tumor	NA
CAGAATCAGAGCAATT_LUNG_T19	normal	NA
CAGAATCAGTGTGAAT_LUNG_T19	tumor	NA
CAGAATCCATCTGGTA_LUNG_T19	tumor	NA
CAGAGAGCAAAGTGCG_LUNG_T19	normal	NA
CAGAGAGCAAGCGCTC_LUNG_T19	normal	NA
CAGAGAGGTCCGCTGA_LUNG_T19	tumor	NA
CAGAGAGGTTCAGTAC_LUNG_T19	normal	NA
CAGAGAGGTTCGGCAC_LUNG_T19	tumor	NA
CAGAGAGTCCTAGTGA_LUNG_T19	tumor	NA
CAGAGAGTCTAAGCCA_LUNG_T19	normal	NA
CAGATCAAGACAGGCT_LUNG_T19	tumor	NA
CAGATCACACCAGATT_LUNG_T19	tumor	NA
CAGATCAGTAGCTTGT_LUNG_T19	tumor	NA
CAGATCAGTCGAGATG_LUNG_T19	normal	NA
CAGATCATCAACCATG_LUNG_T19	tumor	NA
CAGATCATCTACCAGA_LUNG_T19	tumor	NA
CAGCAGCAGATTACCC_LUNG_T19	normal	NA
CAGCAGCAGCCGTCGT_LUNG_T19	normal	NA
CAGCAGCAGGCACATG_LUNG_T19	normal	NA
CAGCAGCCAGACAAAT_LUNG_T19	normal	NA
CAGCAGCCAGTAGAGC_LUNG_T19	tumor	NA
CAGCAGCGTCAACATC_LUNG_T19	tumor	NA
CAGCAGCGTGCATCTA_LUNG_T19	tumor	NA
CAGCAGCTCAAGATCC_LUNG_T19	tumor	NA
CAGCATAAGGCAAAGA_LUNG_T19	tumor	NA
CAGCATACAAACTGCT_LUNG_T19	normal	NA
CAGCATACATCGGTTA_LUNG_T19	tumor	NA
CAGCATATCAATCTCT_LUNG_T19	tumor	NA
CAGCATATCTTAGCCC_LUNG_T19	tumor	NA
CAGCCGAAGACGCAAC_LUNG_T19	normal	NA
CAGCCGAAGGCTCATT_LUNG_T19	normal	NA
CAGCCGACAAAGGCGT_LUNG_T19	tumor	NA
CAGCCGACACACGCTG_LUNG_T19	tumor	NA
CAGCCGACAGGCTCAC_LUNG_T19	tumor	NA
CAGCCGAGTTTGACAC_LUNG_T19	normal	NA
CAGCCGATCCCAAGTA_LUNG_T19	normal	NA
CAGCCGATCTACTTAC_LUNG_T19	tumor	NA
CAGCGACAGATAGGAG_LUNG_T19	normal	NA
CAGCGACAGCCACGCT_LUNG_T19	normal	NA
CAGCGACAGCTTCGCG_LUNG_T19	tumor	NA
CAGCGACAGTGACTCT_LUNG_T19	tumor	NA
CAGCGACAGTGTCTCA_LUNG_T19	tumor	NA
CAGCGACCAATGGAAT_LUNG_T19	tumor	NA
CAGCGACCATGGTTGT_LUNG_T19	tumor	NA
CAGCGACGTCTACCTC_LUNG_T19	tumor	NA
CAGCGACGTGTGGTTT_LUNG_T19	tumor	NA
CAGCGACGTTCTGTTT_LUNG_T19	tumor	NA
CAGCGACTCTTGTACT_LUNG_T19	normal	NA
CAGCTAAAGAATGTGT_LUNG_T19	tumor	NA
CAGCTAAAGCGGCTTC_LUNG_T19	tumor	NA
CAGCTAAAGGAGTAGA_LUNG_T19	tumor	NA
CAGCTAAAGGTAAACT_LUNG_T19	tumor	NA
CAGCTAAAGTACACCT_LUNG_T19	tumor	NA
CAGCTAACAATGGAGC_LUNG_T19	tumor	NA
CAGCTAATCCTAGGGC_LUNG_T19	tumor	NA
CAGCTAATCTGTTGAG_LUNG_T19	normal	NA
CAGCTGGCAGCTTAAC_LUNG_T19	normal	NA
CAGCTGGGTCGCGAAA_LUNG_T19	tumor	NA
CAGCTGGTCCCTCAGT_LUNG_T19	normal	NA
CAGGTGCAGAGCCTAG_LUNG_T19	normal	NA
CAGGTGCAGCGTTCCG_LUNG_T19	normal	NA
CAGGTGCAGTACGACG_LUNG_T19	normal	NA
CAGGTGCAGTGGCACA_LUNG_T19	tumor	NA
CAGGTGCGTAACGTTC_LUNG_T19	tumor	NA
CAGGTGCGTGCTTCTC_LUNG_T19	normal	NA
CAGGTGCGTTAGAACA_LUNG_T19	tumor	NA
CAGTAACAGTCCGGTC_LUNG_T19	tumor	NA
CAGTAACTCCTAGAAC_LUNG_T19	normal	NA
CAGTAACTCGTAGATC_LUNG_T19	normal	NA
CAGTAACTCGTGTAGT_LUNG_T19	normal	NA
CAGTAACTCTTGTTTG_LUNG_T19	tumor	NA
CAGTCCTGTCAGCTAT_LUNG_T19	tumor	NA
CAGTCCTGTGCTCTTC_LUNG_T19	tumor	NA
CAGTCCTTCCAACCAA_LUNG_T19	tumor	NA
CAGTCCTTCGCTAGCG_LUNG_T19	tumor	NA
CAGTCCTTCTTCATGT_LUNG_T19	tumor	NA
CATATGGAGATAGCAT_LUNG_T19	normal	NA
CATATGGAGCGATAGC_LUNG_T19	normal	NA
CATATGGAGGTAGCCA_LUNG_T19	tumor	NA
CATATGGAGGTGATTA_LUNG_T19	tumor	NA
CATATGGAGTGCGTGA_LUNG_T19	normal	NA
CATATGGGTAAGCACG_LUNG_T19	normal	NA
CATATGGGTATAATGG_LUNG_T19	tumor	NA
CATATGGGTGACTCAT_LUNG_T19	normal	NA
CATATGGTCACCCGAG_LUNG_T19	normal	NA
CATATGGTCCCTCTTT_LUNG_T19	tumor	NA
CATATGGTCTGGTATG_LUNG_T19	tumor	NA
CATATTCAGACCTAGG_LUNG_T19	normal	NA
CATATTCCAAAGAATC_LUNG_T19	tumor	NA
CATATTCGTCAATACC_LUNG_T19	normal	NA
CATATTCGTCGAGATG_LUNG_T19	normal	NA
CATATTCGTCTTGCGG_LUNG_T19	tumor	NA
CATATTCGTTAAGGGC_LUNG_T19	normal	NA
CATATTCTCCTTCAAT_LUNG_T19	tumor	NA
CATATTCTCGAGCCCA_LUNG_T19	normal	NA
CATCAAGCAAGCCGTC_LUNG_T19	tumor	NA
CATCAAGGTGTGAAAT_LUNG_T19	tumor	NA
CATCAAGGTTAGAACA_LUNG_T19	tumor	NA
CATCAGAAGCAGCCTC_LUNG_T19	tumor	NA
CATCAGACAATGGAGC_LUNG_T19	tumor	NA
CATCAGACATTGTGCA_LUNG_T19	normal	NA
CATCAGAGTCACAAGG_LUNG_T19	tumor	NA
CATCAGATCGGTCCGA_LUNG_T19	tumor	NA
CATCCACAGCGTTTAC_LUNG_T19	normal	NA
CATCCACAGTATTGGA_LUNG_T19	normal	NA
CATCCACCAAAGAATC_LUNG_T19	normal	NA
CATCCACCACGAAAGC_LUNG_T19	tumor	NA
CATCCACTCACTGGGC_LUNG_T19	tumor	NA
CATCCACTCTCAAGTG_LUNG_T19	normal	NA
CATCCACTCTCGCTTG_LUNG_T19	normal	NA
CATCGAAAGCTTCGCG_LUNG_T19	normal	NA
CATCGAACAACGCACC_LUNG_T19	tumor	NA
CATCGAACACGGCGTT_LUNG_T19	tumor	NA
CATCGAAGTAATAGCA_LUNG_T19	tumor	NA
CATCGAAGTGTTCTTT_LUNG_T19	tumor	NA
CATCGAATCTCCTATA_LUNG_T19	tumor	NA
CATCGAATCTTGTATC_LUNG_T19	normal	NA
CATCGGGCAGACGCAA_LUNG_T19	tumor	NA
CATCGGGGTGGGTCAA_LUNG_T19	tumor	NA
CATCGGGGTTCCACTC_LUNG_T19	normal	NA
CATCGGGGTTGCCTCT_LUNG_T19	normal	NA
CATCGGGTCAGAGGTG_LUNG_T19	tumor	NA
CATCGGGTCATCGCTC_LUNG_T19	normal	NA
CATCGGGTCTGCTGCT_LUNG_T19	tumor	NA
CATGACAAGGAGTACC_LUNG_T19	normal	NA
CATGACAAGTACTTGC_LUNG_T19	normal	NA
CATGACAAGTGGCACA_LUNG_T19	normal	NA
CATGACAAGTGTTTGC_LUNG_T19	tumor	NA
CATGACAGTACGCTGC_LUNG_T19	normal	NA
CATGACAGTCGCGAAA_LUNG_T19	tumor	NA
CATGCCTAGATCCCGC_LUNG_T19	normal	NA
CATGCCTCAAGCCTAT_LUNG_T19	tumor	NA
CATGCCTCAGTCGATT_LUNG_T19	normal	NA
CATGCCTCATTGCGGC_LUNG_T19	normal	NA
CATGCCTGTAAGTGGC_LUNG_T19	normal	NA
CATGCCTGTTGTTTGG_LUNG_T19	normal	NA
CATGCCTTCGCATGAT_LUNG_T19	tumor	NA
CATGGCGAGCCCTAAT_LUNG_T19	normal	NA
CATGGCGAGGCACATG_LUNG_T19	tumor	NA
CATGGCGCAATCGGTT_LUNG_T19	normal	NA
CATGGCGCAATCTACG_LUNG_T19	tumor	NA
CATGGCGGTAAGAGAG_LUNG_T19	tumor	yes
CATGGCGGTAGCGTCC_LUNG_T19	tumor	NA
CATGGCGGTAGTGAAT_LUNG_T19	normal	NA
CATGGCGGTGCGAAAC_LUNG_T19	tumor	NA
CATGGCGGTTAAAGAC_LUNG_T19	tumor	NA
CATGGCGTCAAACCGT_LUNG_T19	tumor	NA
CATGGCGTCAGCAACT_LUNG_T19	tumor	NA
CATGGCGTCAGGATCT_LUNG_T19	tumor	NA
CATGGCGTCCACGAAT_LUNG_T19	normal	NA
CATGGCGTCCGAGCCA_LUNG_T19	tumor	NA
CATGGCGTCGCTGATA_LUNG_T19	normal	NA
CATGGCGTCGTAGGAG_LUNG_T19	normal	NA
CATTATCAGCAATCTC_LUNG_T19	normal	NA
CATTATCAGGACATTA_LUNG_T19	tumor	NA
CATTATCCAAGTTGTC_LUNG_T19	tumor	NA
CATTATCGTCAGGACA_LUNG_T19	tumor	NA
CATTCGCAGAGTTGGC_LUNG_T19	tumor	NA
CATTCGCAGGATGGAA_LUNG_T19	tumor	NA
CATTCGCAGTAGATGT_LUNG_T19	normal	NA
CATTCGCAGTAGCCGA_LUNG_T19	tumor	NA
CATTCGCAGTGTCCCG_LUNG_T19	tumor	NA
CATTCGCCAATCGAAA_LUNG_T19	normal	NA
CATTCGCCACGAAAGC_LUNG_T19	normal	NA
CATTCGCGTACCATCA_LUNG_T19	tumor	NA
CATTCGCGTAGCTAAA_LUNG_T19	tumor	NA
CATTCGCGTCATTAGC_LUNG_T19	normal	NA
CATTCGCGTCTCCACT_LUNG_T19	normal	NA
CATTCGCGTTGAGGTG_LUNG_T19	tumor	NA
CATTCGCTCCACGAAT_LUNG_T19	normal	NA
CATTCGCTCCTCAATT_LUNG_T19	normal	NA
CATTCGCTCTTTACAC_LUNG_T19	tumor	NA
CCAATCCAGCGATAGC_LUNG_T19	normal	NA
CCAATCCAGCTGAACG_LUNG_T19	tumor	NA
CCAATCCAGGATCGCA_LUNG_T19	tumor	NA
CCAATCCAGTAGCGGT_LUNG_T19	normal	NA
CCAATCCCAGGCTGAA_LUNG_T19	tumor	NA
CCAATCCCATCGATTG_LUNG_T19	tumor	NA
CCAATCCGTCGCGAAA_LUNG_T19	tumor	NA
CCAATCCGTCTCAACA_LUNG_T19	tumor	NA
CCAATCCTCCATGAAC_LUNG_T19	tumor	NA
CCAATCCTCCTGCTTG_LUNG_T19	tumor	NA
CCAATCCTCTAACGGT_LUNG_T19	tumor	NA
CCACCTAAGATGCGAC_LUNG_T19	normal	NA
CCACCTAAGTACGCCC_LUNG_T19	tumor	NA
CCACCTACATTACCTT_LUNG_T19	tumor	NA
CCACCTAGTAGTAGTA_LUNG_T19	tumor	NA
CCACCTAGTGGTCCGT_LUNG_T19	tumor	NA
CCACCTATCAACGCTA_LUNG_T19	tumor	NA
CCACCTATCAGTTTGG_LUNG_T19	tumor	NA
CCACCTATCTTAGAGC_LUNG_T19	normal	NA
CCACGGACACGAAATA_LUNG_T19	tumor	NA
CCACGGACATGGGAAC_LUNG_T19	tumor	NA
CCACGGACATGTCTCC_LUNG_T19	normal	NA
CCACGGAGTCACACGC_LUNG_T19	tumor	NA
CCACGGATCATACGGT_LUNG_T19	normal	NA
CCACGGATCATCGGAT_LUNG_T19	tumor	NA
CCACGGATCCCTTGTG_LUNG_T19	tumor	NA
CCACTACAGCGCCTCA_LUNG_T19	normal	NA
CCACTACAGGTGACCA_LUNG_T19	tumor	NA
CCACTACCAAGCCGCT_LUNG_T19	normal	NA
CCACTACCAGTTCATG_LUNG_T19	normal	NA
CCACTACGTCCCTACT_LUNG_T19	tumor	NA
CCACTACTCATTGCGA_LUNG_T19	tumor	NA
CCACTACTCGTACCGG_LUNG_T19	tumor	NA
CCAGCGAAGCCGGTAA_LUNG_T19	tumor	NA
CCAGCGACATTGTGCA_LUNG_T19	tumor	NA
CCAGCGAGTAGCGCAA_LUNG_T19	normal	NA
CCAGCGAGTCCAAGTT_LUNG_T19	normal	NA
CCAGCGAGTCTTTCAT_LUNG_T19	normal	NA
CCAGCGATCAAGATCC_LUNG_T19	tumor	NA
CCATGTCCAATGGAAT_LUNG_T19	tumor	NA
CCATGTCCAGCTTCGG_LUNG_T19	normal	NA
CCATGTCGTCCATCCT_LUNG_T19	tumor	NA
CCATGTCGTCGGCATC_LUNG_T19	normal	NA
CCATGTCTCCACGTGG_LUNG_T19	tumor	yes
CCATGTCTCCACTCCA_LUNG_T19	tumor	NA
CCATGTCTCTTCAACT_LUNG_T19	normal	NA
CCATTCGAGATCCCAT_LUNG_T19	tumor	NA
CCATTCGCAATGGATA_LUNG_T19	normal	NA
CCATTCGGTCCGACGT_LUNG_T19	tumor	NA
CCATTCGTCGCCTGTT_LUNG_T19	tumor	NA
CCCAATCAGAGTGAGA_LUNG_T19	normal	NA
CCCAATCAGCGAGAAA_LUNG_T19	tumor	NA
CCCAATCAGCGATAGC_LUNG_T19	tumor	NA
CCCAATCCAAAGTCAA_LUNG_T19	tumor	NA
CCCAATCGTAGCTAAA_LUNG_T19	tumor	NA
CCCAGTTAGTTTAGGA_LUNG_T19	tumor	NA
CCCAGTTCATCCGCGA_LUNG_T19	tumor	NA
CCCAGTTCATCCTTGC_LUNG_T19	normal	NA
CCCAGTTCATTCCTCG_LUNG_T19	normal	NA
CCCAGTTGTCTTCTCG_LUNG_T19	tumor	NA
CCCAGTTTCAACACCA_LUNG_T19	normal	NA
CCCAGTTTCAAGGCTT_LUNG_T19	tumor	NA
CCCATACAGAACAATC_LUNG_T19	normal	NA
CCCATACAGAATGTTG_LUNG_T19	tumor	NA
CCCATACAGGATGTAT_LUNG_T19	tumor	NA
CCCATACCAGTCGTGC_LUNG_T19	normal	NA
CCCATACGTGACGGTA_LUNG_T19	tumor	NA
CCCATACTCCGTCAAA_LUNG_T19	tumor	NA
CCCATACTCGTAGGTT_LUNG_T19	tumor	NA
CCCATACTCTACGAGT_LUNG_T19	tumor	NA
CCCATACTCTGCCAGG_LUNG_T19	tumor	NA
CCCTCCTGTAAGGGCT_LUNG_T19	tumor	NA
CCCTCCTGTCGGCACT_LUNG_T19	normal	NA
CCGGGATAGAACAATC_LUNG_T19	tumor	NA
CCGGGATAGGTAGCTG_LUNG_T19	tumor	NA
CCGGGATGTCTGCAAT_LUNG_T19	tumor	NA
CCGGGATGTTGGACCC_LUNG_T19	normal	NA
CCGGGATTCATAGCAC_LUNG_T19	tumor	NA
CCGGGATTCCAAACAC_LUNG_T19	tumor	NA
CCGGGATTCGGCATCG_LUNG_T19	tumor	NA
CCGGGATTCTTGAGAC_LUNG_T19	tumor	NA
CCGGTAGAGAGGTTAT_LUNG_T19	tumor	NA
CCGGTAGCAATGAAAC_LUNG_T19	normal	NA
CCGGTAGCACACATGT_LUNG_T19	tumor	NA
CCGGTAGGTCGACTGC_LUNG_T19	tumor	NA
CCGGTAGGTTGTCTTT_LUNG_T19	normal	NA
CCGGTAGTCACCATAG_LUNG_T19	tumor	NA
CCGGTAGTCAGCACAT_LUNG_T19	normal	NA
CCGGTAGTCTTTAGTC_LUNG_T19	tumor	NA
CCGTACTAGAGCTATA_LUNG_T19	tumor	NA
CCGTACTAGGATGTAT_LUNG_T19	normal	NA
CCGTACTCAAGTTAAG_LUNG_T19	tumor	NA
CCGTACTCAATACGCT_LUNG_T19	tumor	NA
CCGTACTCAGTGAGTG_LUNG_T19	tumor	NA
CCGTACTGTCTCATCC_LUNG_T19	normal	NA
CCGTACTTCTTGCAAG_LUNG_T19	tumor	NA
CCGTGGACATTACCTT_LUNG_T19	normal	NA
CCGTGGAGTGACTCAT_LUNG_T19	normal	NA
CCGTGGATCCGCATAA_LUNG_T19	tumor	NA
CCGTTCACACAAGCCC_LUNG_T19	tumor	NA
CCGTTCACACGAGAGT_LUNG_T19	tumor	NA
CCGTTCAGTAGTACCT_LUNG_T19	tumor	NA
CCGTTCAGTGCTCTTC_LUNG_T19	normal	NA
CCTAAAGCAAGGTTCT_LUNG_T19	normal	NA
CCTAAAGCACGAGAGT_LUNG_T19	normal	NA
CCTAAAGGTACGCACC_LUNG_T19	normal	NA
CCTAAAGGTCCAGTGC_LUNG_T19	normal	NA
CCTAAAGTCAAACGGG_LUNG_T19	tumor	NA
CCTACACGTAAATACG_LUNG_T19	tumor	NA
CCTACACGTTCCTCCA_LUNG_T19	tumor	NA
CCTACACGTTGATTCG_LUNG_T19	tumor	NA
CCTACACTCCCAGGTG_LUNG_T19	tumor	NA
CCTACACTCGGCGGTT_LUNG_T19	tumor	NA
CCTACACTCTGCGTAA_LUNG_T19	tumor	NA
CCTACCACAAGGACAC_LUNG_T19	normal	NA
CCTACCAGTCCGAAGA_LUNG_T19	normal	NA
CCTACCAGTTGTACAC_LUNG_T19	normal	NA
CCTACCATCAGATAAG_LUNG_T19	tumor	NA
CCTAGCTAGGCATTGG_LUNG_T19	normal	NA
CCTAGCTCAGGCTCAC_LUNG_T19	tumor	NA
CCTAGCTGTCGAACAG_LUNG_T19	normal	NA
CCTAGCTTCAAAGACA_LUNG_T19	tumor	NA
CCTAGCTTCTTGCCGT_LUNG_T19	normal	NA
CCTATTAAGTAGGTGC_LUNG_T19	normal	NA
CCTATTACATGGTAGG_LUNG_T19	normal	NA
CCTATTAGTGAGGGAG_LUNG_T19	tumor	NA
CCTATTAGTTAGAACA_LUNG_T19	normal	NA
CCTATTATCATATCGG_LUNG_T19	normal	NA
CCTATTATCCCATTAT_LUNG_T19	tumor	NA
CCTATTATCGAATGGG_LUNG_T19	tumor	NA
CCTATTATCGGAAACG_LUNG_T19	tumor	NA
CCTCAGTAGAACAATC_LUNG_T19	tumor	NA
CCTCAGTTCGAATGGG_LUNG_T19	normal	NA
CCTCAGTTCGGCTACG_LUNG_T19	normal	NA
CCTCAGTTCTAACTGG_LUNG_T19	tumor	NA
CCTCTGAAGACTACAA_LUNG_T19	tumor	NA
CCTCTGACAAACGTGG_LUNG_T19	tumor	NA
CCTCTGACAAGAAGAG_LUNG_T19	tumor	NA
CCTCTGACACATCTTT_LUNG_T19	tumor	NA
CCTCTGACAGTAACGG_LUNG_T19	normal	NA
CCTCTGAGTAAAGTCA_LUNG_T19	tumor	NA
CCTCTGAGTACCATCA_LUNG_T19	normal	NA
CCTCTGAGTCAAACTC_LUNG_T19	normal	NA
CCTCTGAGTCACTTCC_LUNG_T19	tumor	NA
CCTCTGATCGTCTGCT_LUNG_T19	tumor	NA
CCTTACGAGCCACGTC_LUNG_T19	tumor	NA
CCTTACGAGCGATCCC_LUNG_T19	normal	NA
CCTTACGCAGTTCATG_LUNG_T19	tumor	NA
CCTTACGCATCTCGCT_LUNG_T19	normal	NA
CCTTACGGTCTTTCAT_LUNG_T19	normal	NA
CCTTACGGTGTCGCTG_LUNG_T19	tumor	NA
CCTTACGTCCATGAAC_LUNG_T19	normal	NA
CCTTACGTCCCAAGTA_LUNG_T19	normal	NA
CCTTACGTCGTAGGAG_LUNG_T19	normal	NA
CCTTACGTCGTTGACA_LUNG_T19	tumor	NA
CCTTCCCAGCCATCGC_LUNG_T19	normal	NA
CCTTCCCAGCCGGTAA_LUNG_T19	tumor	NA
CCTTCCCCATCACAAC_LUNG_T19	tumor	NA
CCTTCCCCATCTATGG_LUNG_T19	tumor	NA
CCTTCCCCATTTCACT_LUNG_T19	normal	NA
CCTTCCCGTACACCGC_LUNG_T19	normal	NA
CCTTCCCGTCTAGAGG_LUNG_T19	tumor	NA
CCTTCGAAGCGCCTCA_LUNG_T19	tumor	NA
CCTTCGAAGGCCCTCA_LUNG_T19	tumor	NA
CCTTCGAAGTGATCGG_LUNG_T19	normal	NA
CCTTCGAGTCACTTCC_LUNG_T19	tumor	NA
CCTTCGAGTGGCGAAT_LUNG_T19	normal	NA
CCTTCGAGTGGTCCGT_LUNG_T19	normal	NA
CCTTTCTGTTATCGGT_LUNG_T19	normal	NA
CGAACATAGACATAAC_LUNG_T19	tumor	NA
CGAACATCATCACGTA_LUNG_T19	tumor	NA
CGAACATCATTAACCG_LUNG_T19	normal	NA
CGAACATGTCTTCAAG_LUNG_T19	normal	NA
CGAACATTCAGCTTAG_LUNG_T19	normal	yes
CGAACATTCTCACATT_LUNG_T19	tumor	NA
CGAATGTAGCTGCGAA_LUNG_T19	tumor	NA
CGAATGTGTGGGTATG_LUNG_T19	tumor	NA
CGAATGTTCGTCGTTC_LUNG_T19	tumor	NA
CGAATGTTCTCTGAGA_LUNG_T19	normal	NA
CGACCTTAGATATGCA_LUNG_T19	tumor	NA
CGACCTTCAGCTTCGG_LUNG_T19	tumor	NA
CGACCTTGTGCACGAA_LUNG_T19	tumor	NA
CGACCTTGTGCTAGCC_LUNG_T19	normal	NA
CGACCTTTCCGTCAAA_LUNG_T19	normal	NA
CGACCTTTCTCTGAGA_LUNG_T19	normal	NA
CGACCTTTCTGCCCTA_LUNG_T19	normal	NA
CGACTTCAGATCTGAA_LUNG_T19	normal	NA
CGACTTCAGTAACCCT_LUNG_T19	tumor	NA
CGACTTCAGTGACATA_LUNG_T19	normal	NA
CGACTTCTCCACTGGG_LUNG_T19	tumor	NA
CGAGAAGCAAGTACCT_LUNG_T19	normal	NA
CGAGAAGCACGCCAGT_LUNG_T19	tumor	NA
CGAGAAGGTCTGCCAG_LUNG_T19	tumor	NA
CGAGAAGTCTTGTCAT_LUNG_T19	normal	NA
CGAGCACAGTATCGAA_LUNG_T19	tumor	NA
CGAGCACCACGTAAGG_LUNG_T19	normal	NA
CGAGCACGTCAATGTC_LUNG_T19	tumor	NA
CGAGCACGTCCTGCTT_LUNG_T19	tumor	NA
CGAGCACGTTTGCATG_LUNG_T19	tumor	NA
CGAGCACTCAATACCG_LUNG_T19	tumor	NA
CGAGCCAAGACGCTTT_LUNG_T19	tumor	NA
CGAGCCAAGTCCCACG_LUNG_T19	normal	NA
CGAGCCACACAAGACG_LUNG_T19	tumor	NA
CGAGCCATCCGATATG_LUNG_T19	normal	NA
CGATCGGAGAGACTAT_LUNG_T19	normal	NA
CGATCGGAGCAGACTG_LUNG_T19	tumor	NA
CGATCGGCAAGAAAGG_LUNG_T19	tumor	NA
CGATCGGCAATGTAAG_LUNG_T19	tumor	NA
CGATGGCCACGACTCG_LUNG_T19	normal	NA
CGATGGCCAGATCTGT_LUNG_T19	normal	NA
CGATGGCCATGCTGGC_LUNG_T19	tumor	NA
CGATGGCGTTCTGAAC_LUNG_T19	normal	NA
CGATGGCTCGCCAAAT_LUNG_T19	tumor	NA
CGATGTAAGACATAAC_LUNG_T19	tumor	NA
CGATGTAAGAGCTATA_LUNG_T19	tumor	NA
CGATGTAAGTTACGGG_LUNG_T19	normal	NA
CGATGTACATAGAAAC_LUNG_T19	tumor	NA
CGATGTAGTCCAACTA_LUNG_T19	normal	NA
CGATTGAAGGCATTGG_LUNG_T19	tumor	NA
CGATTGACAGGACGTA_LUNG_T19	tumor	NA
CGATTGAGTATCACCA_LUNG_T19	tumor	NA
CGATTGATCCGCTGTT_LUNG_T19	normal	NA
CGATTGATCTGAGGGA_LUNG_T19	tumor	NA
CGCCAAGAGATGTAAC_LUNG_T19	tumor	NA
CGCCAAGAGCCACGTC_LUNG_T19	tumor	NA
CGCCAAGAGCGATTCT_LUNG_T19	tumor	NA
CGCCAAGAGTCATGCT_LUNG_T19	tumor	NA
CGCCAAGCAGGTGCCT_LUNG_T19	normal	NA
CGCCAAGCATACGCCG_LUNG_T19	tumor	NA
CGCGGTAAGTTGTCGT_LUNG_T19	normal	NA
CGCGGTACATGGTTGT_LUNG_T19	normal	NA
CGCGGTAGTGGTACAG_LUNG_T19	tumor	NA
CGCGGTATCATGCATG_LUNG_T19	tumor	NA
CGCGGTATCCGAGCCA_LUNG_T19	normal	NA
CGCGGTATCGAATCCA_LUNG_T19	normal	NA
CGCGGTATCGGTGTTA_LUNG_T19	tumor	NA
CGCGTTTAGAACTGTA_LUNG_T19	tumor	yes
CGCGTTTGTAAAGGAG_LUNG_T19	tumor	NA
CGCGTTTGTAAGAGGA_LUNG_T19	normal	yes
CGCGTTTGTTCGAATC_LUNG_T19	normal	NA
CGCTATCAGCCGCCTA_LUNG_T19	tumor	NA
CGCTATCCATGTAAGA_LUNG_T19	tumor	NA
CGCTATCGTGCACTTA_LUNG_T19	normal	yes
CGCTATCGTGTAATGA_LUNG_T19	normal	NA
CGCTATCGTGTTTGTG_LUNG_T19	normal	NA
CGCTATCTCAGCATGT_LUNG_T19	tumor	NA
CGCTGGAAGGACCACA_LUNG_T19	tumor	NA
CGCTGGAAGTAGCGGT_LUNG_T19	tumor	NA
CGCTGGAAGTGTACCT_LUNG_T19	tumor	NA
CGCTGGACAACACCTA_LUNG_T19	tumor	NA
CGCTGGAGTGATAAAC_LUNG_T19	tumor	NA
CGCTGGATCAATAAGG_LUNG_T19	normal	NA
CGCTGGATCCATGCTC_LUNG_T19	tumor	NA
CGCTGGATCGGAAATA_LUNG_T19	normal	NA
CGCTGGATCTAGAGTC_LUNG_T19	tumor	NA
CGCTGGATCTCCCTGA_LUNG_T19	normal	NA
CGCTTCAAGTGTCCCG_LUNG_T19	tumor	NA
CGCTTCACACAGCCCA_LUNG_T19	normal	NA
CGCTTCACAGCTTAAC_LUNG_T19	tumor	NA
CGCTTCACATCTGGTA_LUNG_T19	tumor	NA
CGCTTCATCAGCTTAG_LUNG_T19	tumor	NA
CGCTTCATCGTTGCCT_LUNG_T19	tumor	NA
CGGACACAGGCCCGTT_LUNG_T19	normal	NA
CGGACACAGTGCCAGA_LUNG_T19	normal	NA
CGGACACCACCACGTG_LUNG_T19	tumor	NA
CGGACACGTAGGGACT_LUNG_T19	tumor	NA
CGGACACTCCCAGGTG_LUNG_T19	normal	NA
CGGACGTAGATATGCA_LUNG_T19	normal	NA
CGGACGTCAGACGCAA_LUNG_T19	tumor	NA
CGGACGTTCAAACCGT_LUNG_T19	tumor	NA
CGGACGTTCGGTTCGG_LUNG_T19	normal	NA
CGGACGTTCTCATTCA_LUNG_T19	tumor	NA
CGGACTGCACGTTGGC_LUNG_T19	tumor	NA
CGGACTGGTCCGTCAG_LUNG_T19	normal	NA
CGGACTGGTCTGGTCG_LUNG_T19	tumor	NA
CGGACTGGTGGGTCAA_LUNG_T19	normal	NA
CGGACTGTCATCGGAT_LUNG_T19	normal	NA
CGGACTGTCTTCCTTC_LUNG_T19	tumor	NA
CGGAGCTCATCCGTGG_LUNG_T19	tumor	NA
CGGAGCTGTATAAACG_LUNG_T19	tumor	NA
CGGAGCTGTTAAAGAC_LUNG_T19	tumor	NA
CGGAGCTGTTTGACAC_LUNG_T19	tumor	NA
CGGAGCTTCATTGCCC_LUNG_T19	tumor	NA
CGGAGCTTCTGGCGAC_LUNG_T19	tumor	NA
CGGAGTCAGTGTCCAT_LUNG_T19	tumor	NA
CGGCTAGCACCATGTA_LUNG_T19	tumor	NA
CGGCTAGGTATAGGTA_LUNG_T19	normal	NA
CGGCTAGTCCGAACGC_LUNG_T19	normal	NA
CGGCTAGTCCTTTCGG_LUNG_T19	tumor	NA
CGGCTAGTCGCTTAGA_LUNG_T19	tumor	NA
CGGGTCAAGGGTATCG_LUNG_T19	normal	NA
CGGGTCAAGTCGATAA_LUNG_T19	tumor	NA
CGGGTCACAGACGCTC_LUNG_T19	normal	NA
CGGGTCAGTTGGTGGA_LUNG_T19	tumor	NA
CGGTTAAAGGAGTCTG_LUNG_T19	normal	yes
CGGTTAAGTCTGCAAT_LUNG_T19	tumor	NA
CGGTTAATCAACACAC_LUNG_T19	normal	NA
CGTAGCGAGTCTTGCA_LUNG_T19	tumor	NA
CGTAGCGCACCCATGG_LUNG_T19	tumor	NA
CGTAGCGGTACGCTGC_LUNG_T19	normal	NA
CGTAGGCAGCTATGCT_LUNG_T19	tumor	NA
CGTAGGCTCAAGATCC_LUNG_T19	tumor	NA
CGTAGGCTCTCTGCTG_LUNG_T19	normal	NA
CGTCACTAGCTAGTTC_LUNG_T19	tumor	NA
CGTCACTCAAGCTGAG_LUNG_T19	tumor	NA
CGTCACTCACCAGCAC_LUNG_T19	tumor	NA
CGTCACTTCAGTTGAC_LUNG_T19	normal	NA
CGTCACTTCATGTCTT_LUNG_T19	tumor	NA
CGTCACTTCCGTTGTC_LUNG_T19	normal	NA
CGTCAGGAGCCAGAAC_LUNG_T19	tumor	NA
CGTCAGGAGTGGTAAT_LUNG_T19	normal	NA
CGTCAGGCAAGTAGTA_LUNG_T19	tumor	NA
CGTCAGGGTTCCACGG_LUNG_T19	normal	NA
CGTCAGGGTTCGGGCT_LUNG_T19	tumor	NA
CGTCAGGGTTGGTGGA_LUNG_T19	normal	NA
CGTCAGGTCACAGGCC_LUNG_T19	tumor	NA
CGTCAGGTCACCAGGC_LUNG_T19	normal	NA
CGTCAGGTCCAAGTAC_LUNG_T19	tumor	NA
CGTCCATCAATGGATA_LUNG_T19	tumor	NA
CGTCCATCACACCGAC_LUNG_T19	normal	yes
CGTCCATGTAAACACA_LUNG_T19	tumor	NA
CGTCCATTCTACTTAC_LUNG_T19	normal	NA
CGTCTACAGAGTCTGG_LUNG_T19	tumor	NA
CGTCTACAGCTGATAA_LUNG_T19	normal	NA
CGTCTACGTCTCACCT_LUNG_T19	tumor	NA
CGTCTACGTGAAAGAG_LUNG_T19	normal	NA
CGTGAGCAGAGTGACC_LUNG_T19	tumor	NA
CGTGAGCAGTGTTGAA_LUNG_T19	tumor	NA
CGTGAGCCAATGGTCT_LUNG_T19	tumor	NA
CGTGAGCCACGACGAA_LUNG_T19	normal	NA
CGTGAGCGTGATGCCC_LUNG_T19	normal	NA
CGTGAGCGTGGTGTAG_LUNG_T19	tumor	NA
CGTGAGCTCAAACCAC_LUNG_T19	tumor	NA
CGTGTAAAGGAATGGA_LUNG_T19	normal	NA
CGTGTAACATGGATGG_LUNG_T19	normal	NA
CGTGTAATCCGTACAA_LUNG_T19	tumor	NA
CGTGTCTAGGAATTAC_LUNG_T19	normal	NA
CGTGTCTAGTGCGTGA_LUNG_T19	normal	NA
CGTGTCTCAAGTTAAG_LUNG_T19	normal	NA
CGTGTCTCATCTCGCT_LUNG_T19	tumor	NA
CGTGTCTCATTAGCCA_LUNG_T19	tumor	NA
CGTGTCTTCGTTGACA_LUNG_T19	tumor	NA
CGTTAGAAGTTCGATC_LUNG_T19	tumor	NA
CGTTAGACACATCCGG_LUNG_T19	normal	NA
CGTTAGACACCAGATT_LUNG_T19	tumor	NA
CGTTAGACAGGTGGAT_LUNG_T19	tumor	NA
CGTTAGAGTAAGTGGC_LUNG_T19	tumor	NA
CGTTAGAGTCGATTGT_LUNG_T19	tumor	NA
CGTTCTGAGTACATGA_LUNG_T19	tumor	NA
CGTTCTGAGTCAAGCG_LUNG_T19	normal	NA
CGTTCTGGTAGTGAAT_LUNG_T19	normal	NA
CGTTGGGAGAGTGACC_LUNG_T19	tumor	NA
CGTTGGGAGATCCGAG_LUNG_T19	tumor	NA
CGTTGGGCACACAGAG_LUNG_T19	tumor	NA
CGTTGGGCATACGCTA_LUNG_T19	tumor	NA
CGTTGGGCATGGTCAT_LUNG_T19	tumor	NA
CGTTGGGTCCAAACAC_LUNG_T19	tumor	NA
CGTTGGGTCCGCAGTG_LUNG_T19	normal	NA
CGTTGGGTCCTCGCAT_LUNG_T19	tumor	NA
CTAACTTAGCGAGAAA_LUNG_T19	tumor	NA
CTAACTTAGTAAGTAC_LUNG_T19	tumor	NA
CTAACTTCAGCTGGCT_LUNG_T19	tumor	NA
CTAACTTCATCACCCT_LUNG_T19	tumor	NA
CTAACTTGTCTCACCT_LUNG_T19	normal	NA
CTAACTTTCCACGACG_LUNG_T19	tumor	NA
CTAACTTTCCCTAACC_LUNG_T19	tumor	NA
CTAAGACAGCAGATCG_LUNG_T19	tumor	NA
CTAAGACCACCTCGGA_LUNG_T19	normal	NA
CTAAGACCATACTCTT_LUNG_T19	normal	NA
CTAAGACGTGGCGAAT_LUNG_T19	tumor	NA
CTAAGACGTTGAGGTG_LUNG_T19	normal	NA
CTAAGACTCACGATGT_LUNG_T19	tumor	NA
CTAATGGCAGCGAACA_LUNG_T19	normal	NA
CTAATGGTCAACCAAC_LUNG_T19	tumor	NA
CTACACCCAAGTTGTC_LUNG_T19	tumor	NA
CTACACCGTATATGAG_LUNG_T19	normal	NA
CTACACCGTGAGTGAC_LUNG_T19	tumor	NA
CTACACCGTTGATTCG_LUNG_T19	tumor	NA
CTACACCTCAGCAACT_LUNG_T19	tumor	NA
CTACACCTCCATTCTA_LUNG_T19	tumor	NA
CTACACCTCCGGCACA_LUNG_T19	normal	NA
CTACACCTCGCGGATC_LUNG_T19	tumor	NA
CTACACCTCTCACATT_LUNG_T19	normal	NA
CTACACCTCTGTACGA_LUNG_T19	normal	NA
CTACATTAGCCCAACC_LUNG_T19	normal	NA
CTACATTAGCCTATGT_LUNG_T19	normal	NA
CTACATTAGCTGATAA_LUNG_T19	tumor	NA
CTACATTCAGGATTGG_LUNG_T19	normal	NA
CTACATTGTCTTTCAT_LUNG_T19	tumor	NA
CTACATTTCCTTTCTC_LUNG_T19	tumor	NA
CTACCCAAGGTGGGTT_LUNG_T19	tumor	NA
CTACCCAAGTCCCACG_LUNG_T19	normal	NA
CTACCCAAGTTCGATC_LUNG_T19	normal	NA
CTACCCAGTGAGGGAG_LUNG_T19	tumor	NA
CTACCCAGTGTCTGAT_LUNG_T19	tumor	NA
CTACCCATCCCAGGTG_LUNG_T19	tumor	NA
CTACCCATCGGATGTT_LUNG_T19	normal	NA
CTACCCATCTTAGAGC_LUNG_T19	normal	NA
CTACGTCAGATCCGAG_LUNG_T19	normal	NA
CTACGTCAGTACGCGA_LUNG_T19	tumor	NA
CTACGTCCACCCAGTG_LUNG_T19	normal	NA
CTACGTCTCCCGACTT_LUNG_T19	tumor	NA
CTACGTCTCTTGAGGT_LUNG_T19	normal	NA
CTAGAGTAGGATATAC_LUNG_T19	tumor	NA
CTAGAGTGTTACCAGT_LUNG_T19	normal	NA
CTAGAGTTCAGATAAG_LUNG_T19	tumor	NA
CTAGCCTAGGACCACA_LUNG_T19	normal	NA
CTAGCCTAGGCTAGCA_LUNG_T19	normal	NA
CTAGCCTCAATGAATG_LUNG_T19	tumor	NA
CTAGCCTGTAGCGCTC_LUNG_T19	tumor	NA
CTAGCCTTCATGCAAC_LUNG_T19	tumor	NA
CTAGTGAAGCGAGAAA_LUNG_T19	tumor	NA
CTAGTGAGTACTTCTT_LUNG_T19	tumor	NA
CTAGTGATCACGCGGT_LUNG_T19	normal	NA
CTAGTGATCGAGGTAG_LUNG_T19	tumor	NA
CTAGTGATCTTTAGGG_LUNG_T19	normal	NA
CTCACACAGTGGAGTC_LUNG_T19	tumor	NA
CTCACACCAAGTAATG_LUNG_T19	tumor	NA
CTCACACCAAGTCTAC_LUNG_T19	normal	NA
CTCACACCACAACGCC_LUNG_T19	tumor	NA
CTCACACCACTGTTAG_LUNG_T19	tumor	NA
CTCACACCATGCCTTC_LUNG_T19	normal	NA
CTCACACCATTATCTC_LUNG_T19	normal	NA
CTCACACGTAGCTCCG_LUNG_T19	tumor	NA
CTCACACGTATAGTAG_LUNG_T19	tumor	NA
CTCAGAAAGGGAGTAA_LUNG_T19	tumor	NA
CTCAGAACACTTGGAT_LUNG_T19	normal	NA
CTCAGAAGTAGAGGAA_LUNG_T19	normal	NA
CTCAGAAGTTCAGTAC_LUNG_T19	normal	NA
CTCAGAATCGTAGATC_LUNG_T19	tumor	NA
CTCAGAATCTCCAGGG_LUNG_T19	tumor	NA
CTCATTAAGAGCTGCA_LUNG_T19	normal	NA
CTCATTATCAACACCA_LUNG_T19	tumor	NA
CTCATTATCCAAATGC_LUNG_T19	tumor	NA
CTCATTATCCTAGGGC_LUNG_T19	tumor	NA
CTCATTATCTGCCAGG_LUNG_T19	tumor	NA
CTCCTAGAGAGTCTGG_LUNG_T19	normal	NA
CTCCTAGAGCTTCGCG_LUNG_T19	normal	NA
CTCCTAGCAGTCCTTC_LUNG_T19	normal	NA
CTCCTAGGTCATATCG_LUNG_T19	normal	NA
CTCCTAGTCAACGAAA_LUNG_T19	tumor	NA
CTCCTAGTCCACGTGG_LUNG_T19	tumor	NA
CTCCTAGTCTGCCCTA_LUNG_T19	tumor	NA
CTCCTAGTCTTCCTTC_LUNG_T19	normal	NA
CTCGAAAAGCTATGCT_LUNG_T19	normal	NA
CTCGAAACAAGCTGTT_LUNG_T19	normal	NA
CTCGAAAGTGCAGTAG_LUNG_T19	normal	NA
CTCGAAAGTTCTGAAC_LUNG_T19	normal	NA
CTCGAAATCCGTAGTA_LUNG_T19	tumor	NA
CTCGAGGAGATGAGAG_LUNG_T19	normal	NA
CTCGAGGAGGCATTGG_LUNG_T19	tumor	NA
CTCGAGGAGGTGGGTT_LUNG_T19	normal	NA
CTCGAGGAGTACTTGC_LUNG_T19	tumor	NA
CTCGAGGCATTCGACA_LUNG_T19	tumor	NA
CTCGGAGAGCACAGGT_LUNG_T19	tumor	NA
CTCGGAGCAACTGGCC_LUNG_T19	tumor	NA
CTCGGAGCATCCGGGT_LUNG_T19	normal	NA
CTCGGAGGTTCAGTAC_LUNG_T19	normal	NA
CTCGGAGTCAAACAAG_LUNG_T19	tumor	NA
CTCGGAGTCAGTTAGC_LUNG_T19	tumor	NA
CTCGGGAAGACAGGCT_LUNG_T19	normal	NA
CTCGGGACAAACTGCT_LUNG_T19	normal	NA
CTCGGGACAGTCAGCC_LUNG_T19	normal	NA
CTCGGGACATAAGACA_LUNG_T19	tumor	NA
CTCGGGAGTCCGTGAC_LUNG_T19	normal	NA
CTCGGGATCACAATGC_LUNG_T19	normal	NA
CTCGGGATCCTACAGA_LUNG_T19	tumor	NA
CTCGTACAGGGTCTCC_LUNG_T19	tumor	NA
CTCGTACCACGTCTCT_LUNG_T19	normal	NA
CTCGTACGTAGCCTAT_LUNG_T19	tumor	NA
CTCGTACGTCCAGTAT_LUNG_T19	normal	NA
CTCGTACGTTATGTGC_LUNG_T19	tumor	NA
CTCGTACGTTTGTGTG_LUNG_T19	normal	NA
CTCGTACTCCCAAGTA_LUNG_T19	tumor	NA
CTCGTACTCCCTAACC_LUNG_T19	tumor	NA
CTCGTACTCCTTAATC_LUNG_T19	normal	NA
CTCGTACTCTACCAGA_LUNG_T19	normal	NA
CTCGTACTCTGGAGCC_LUNG_T19	normal	NA
CTCGTCAGTGATGTGG_LUNG_T19	tumor	NA
CTCGTCATCGGCGCAT_LUNG_T19	normal	NA
CTCTAATAGTCGATAA_LUNG_T19	tumor	NA
CTCTAATAGTTGCAGG_LUNG_T19	tumor	NA
CTCTAATCACTCTGTC_LUNG_T19	tumor	NA
CTCTAATCATCCAACA_LUNG_T19	tumor	NA
CTCTAATGTTAGAACA_LUNG_T19	tumor	NA
CTCTAATGTTTAGCTG_LUNG_T19	normal	NA
CTCTACGAGACGCACA_LUNG_T19	tumor	NA
CTCTACGAGGCGTACA_LUNG_T19	tumor	NA
CTCTACGAGTGTGGCA_LUNG_T19	normal	NA
CTCTACGCAAGGGTCA_LUNG_T19	tumor	NA
CTCTACGCAGCGTCCA_LUNG_T19	tumor	NA
CTCTACGGTACTTAGC_LUNG_T19	tumor	NA
CTCTACGGTAGGGACT_LUNG_T19	tumor	NA
CTCTACGTCCGTTGTC_LUNG_T19	normal	NA
CTCTACGTCCTCGCAT_LUNG_T19	normal	NA
CTCTACGTCTCTGTCG_LUNG_T19	tumor	NA
CTCTGGTCAAATACAG_LUNG_T19	tumor	NA
CTCTGGTCAATCGAAA_LUNG_T19	tumor	NA
CTCTGGTCACAGACAG_LUNG_T19	tumor	NA
CTCTGGTCAGGTCGTC_LUNG_T19	normal	NA
CTCTGGTGTGCGATAG_LUNG_T19	normal	NA
CTCTGGTTCGTTTATC_LUNG_T19	normal	NA
CTGAAACAGACTAGAT_LUNG_T19	normal	NA
CTGAAACAGGATGGTC_LUNG_T19	normal	NA
CTGAAACAGTGGGCTA_LUNG_T19	tumor	NA
CTGAAACAGTGTTGAA_LUNG_T19	normal	NA
CTGAAACCAATAGCGG_LUNG_T19	tumor	NA
CTGAAACCACGGCTAC_LUNG_T19	normal	NA
CTGAAACCACTGTCGG_LUNG_T19	normal	NA
CTGAAACCAGCTATTG_LUNG_T19	tumor	NA
CTGAAACGTAGGGTAC_LUNG_T19	tumor	NA
CTGAAACGTGAAAGAG_LUNG_T19	tumor	NA
CTGAAACTCACTATTC_LUNG_T19	normal	NA
CTGAAACTCTCTTGAT_LUNG_T19	normal	NA
CTGAAGTAGAACAATC_LUNG_T19	tumor	yes
CTGAAGTAGAAGGACA_LUNG_T19	tumor	NA
CTGAAGTAGGCAATTA_LUNG_T19	tumor	NA
CTGAAGTAGTTTAGGA_LUNG_T19	tumor	NA
CTGAAGTGTAGCTAAA_LUNG_T19	tumor	NA
CTGAAGTGTCACCTAA_LUNG_T19	tumor	NA
CTGAAGTTCAGTACGT_LUNG_T19	tumor	NA
CTGAAGTTCGGAAATA_LUNG_T19	tumor	NA
CTGAAGTTCTACTTAC_LUNG_T19	tumor	NA
CTGAAGTTCTTAGAGC_LUNG_T19	normal	NA
CTGATAGAGGATTCGG_LUNG_T19	normal	NA
CTGATAGAGTCGTTTG_LUNG_T19	tumor	NA
CTGATAGAGTGTCCAT_LUNG_T19	tumor	NA
CTGATAGCACCGTTGG_LUNG_T19	tumor	NA
CTGATCCCACTTGGAT_LUNG_T19	tumor	NA
CTGCCTAAGCTAGTCT_LUNG_T19	tumor	NA
CTGCCTACAAGAGTCG_LUNG_T19	normal	NA
CTGCCTACACCAGCAC_LUNG_T19	tumor	NA
CTGCCTAGTAATTGGA_LUNG_T19	normal	NA
CTGCCTATCCGGCACA_LUNG_T19	tumor	NA
CTGCGGAAGAAGGGTA_LUNG_T19	tumor	NA
CTGCGGAAGTGCGTGA_LUNG_T19	normal	NA
CTGCGGATCAGCTCTC_LUNG_T19	tumor	NA
CTGCGGATCCACGAAT_LUNG_T19	tumor	NA
CTGCGGATCTCACATT_LUNG_T19	tumor	NA
CTGCGGATCTGCGACG_LUNG_T19	tumor	NA
CTGCTGTCACGGTTTA_LUNG_T19	tumor	NA
CTGCTGTCAGGCGATA_LUNG_T19	tumor	NA
CTGCTGTGTAAGAGAG_LUNG_T19	normal	NA
CTGCTGTGTCAGAGGT_LUNG_T19	normal	NA
CTGCTGTTCCAAAGTC_LUNG_T19	normal	NA
CTGGTCTGTAAACGCG_LUNG_T19	tumor	NA
CTGGTCTGTAAATGTG_LUNG_T19	tumor	NA
CTGGTCTGTCATACTG_LUNG_T19	tumor	NA
CTGGTCTGTCGAGTTT_LUNG_T19	tumor	NA
CTGGTCTGTGCATCTA_LUNG_T19	normal	NA
CTGGTCTTCATCTGTT_LUNG_T19	normal	NA
CTGGTCTTCTGGTGTA_LUNG_T19	tumor	NA
CTGTGCTAGACTACAA_LUNG_T19	normal	NA
CTGTGCTCACAAGACG_LUNG_T19	normal	NA
CTGTGCTCACGCCAGT_LUNG_T19	normal	NA
CTGTGCTGTGCCTGCA_LUNG_T19	tumor	NA
CTGTGCTTCATATCGG_LUNG_T19	tumor	NA
CTGTTTAAGCTAAGAT_LUNG_T19	tumor	NA
CTGTTTACAAAGTGCG_LUNG_T19	tumor	NA
CTGTTTACAATAGCAA_LUNG_T19	tumor	NA
CTGTTTAGTCCGAATT_LUNG_T19	normal	NA
CTGTTTAGTTCCACTC_LUNG_T19	tumor	NA
CTTAACTAGCTAACTC_LUNG_T19	tumor	NA
CTTAACTCAAGCTGTT_LUNG_T19	tumor	NA
CTTAACTCACACTGCG_LUNG_T19	tumor	NA
CTTAACTCACTGAAGG_LUNG_T19	normal	NA
CTTAACTCATTCCTGC_LUNG_T19	tumor	NA
CTTAACTGTACCGAGA_LUNG_T19	normal	NA
CTTAACTGTCTAGTGT_LUNG_T19	normal	NA
CTTAACTTCACCGTAA_LUNG_T19	tumor	NA
CTTAACTTCCTAGTGA_LUNG_T19	normal	NA
CTTAACTTCTTTACGT_LUNG_T19	normal	NA
CTTACCGAGACTAGGC_LUNG_T19	tumor	NA
CTTACCGAGGCTCATT_LUNG_T19	normal	NA
CTTACCGAGTAGGTGC_LUNG_T19	tumor	NA
CTTACCGAGTCGTTTG_LUNG_T19	tumor	NA
CTTACCGCACTTCTGC_LUNG_T19	normal	NA
CTTACCGCATCCGGGT_LUNG_T19	tumor	NA
CTTACCGGTCTAGCGC_LUNG_T19	tumor	NA
CTTACCGTCAAACCAC_LUNG_T19	normal	NA
CTTACCGTCACAAACC_LUNG_T19	tumor	NA
CTTACCGTCCAAGTAC_LUNG_T19	normal	NA
CTTACCGTCTTGGGTA_LUNG_T19	tumor	NA
CTTAGGACACTATCTT_LUNG_T19	tumor	NA
CTTAGGACATAACCTG_LUNG_T19	tumor	NA
CTTAGGACATCCGTGG_LUNG_T19	tumor	NA
CTTAGGAGTGACTACT_LUNG_T19	tumor	NA
CTTAGGAGTGTGCGTC_LUNG_T19	tumor	NA
CTTAGGAGTTGTCTTT_LUNG_T19	tumor	NA
CTTAGGATCCTACAGA_LUNG_T19	tumor	NA
CTTCTCTCACATGTGT_LUNG_T19	tumor	NA
CTTCTCTCATATGCTG_LUNG_T19	tumor	NA
CTTCTCTGTAGAAAGG_LUNG_T19	normal	NA
CTTCTCTGTGGTGTAG_LUNG_T19	tumor	NA
CTTCTCTGTTCGGCAC_LUNG_T19	tumor	NA
CTTCTCTTCACCCTCA_LUNG_T19	normal	NA
CTTCTCTTCCAAACAC_LUNG_T19	tumor	NA
CTTGGCTAGTCCGTAT_LUNG_T19	tumor	NA
CTTGGCTAGTTCGCAT_LUNG_T19	tumor	NA
CTTGGCTCACATAACC_LUNG_T19	tumor	NA
CTTGGCTGTAGGCATG_LUNG_T19	tumor	NA
CTTGGCTGTCATTAGC_LUNG_T19	tumor	NA
CTTGGCTTCAAACCAC_LUNG_T19	normal	NA
CTTGGCTTCGGAGCAA_LUNG_T19	tumor	NA
CTTGGCTTCTGTCTAT_LUNG_T19	tumor	NA
CTTTGCGAGACGCAAC_LUNG_T19	tumor	NA
CTTTGCGAGCTGTCTA_LUNG_T19	tumor	NA
CTTTGCGGTTGTTTGG_LUNG_T19	tumor	NA
CTTTGCGTCATAGCAC_LUNG_T19	tumor	NA
GAAACTCAGCTAGGCA_LUNG_T19	normal	NA
GAAATGAAGTTGCAGG_LUNG_T19	tumor	NA
GAAATGAGTATATCCG_LUNG_T19	tumor	NA
GAAATGAGTCACCCAG_LUNG_T19	tumor	NA
GAAATGAGTCGCATCG_LUNG_T19	tumor	NA
GAAATGAGTGACAAAT_LUNG_T19	normal	NA
GAAATGAGTTGAGTTC_LUNG_T19	normal	NA
GAAATGAGTTGTACAC_LUNG_T19	normal	NA
GAACATCAGCAGGTCA_LUNG_T19	tumor	NA
GAACATCAGTTACCCA_LUNG_T19	tumor	NA
GAACATCGTATCACCA_LUNG_T19	tumor	NA
GAACATCGTGTGACGA_LUNG_T19	tumor	NA
GAACATCTCAAACAAG_LUNG_T19	tumor	NA
GAACATCTCAGCGATT_LUNG_T19	normal	NA
GAACATCTCATGTCCC_LUNG_T19	tumor	NA
GAACCTAAGACAGAGA_LUNG_T19	tumor	NA
GAACCTAAGCTGAACG_LUNG_T19	normal	NA
GAACCTAAGTACATGA_LUNG_T19	normal	NA
GAACCTACAATCGAAA_LUNG_T19	normal	NA
GAACCTACATCCGTGG_LUNG_T19	normal	NA
GAACCTAGTAATTGGA_LUNG_T19	normal	NA
GAACCTAGTATGGTTC_LUNG_T19	normal	NA
GAACCTAGTGGTAACG_LUNG_T19	tumor	NA
GAACCTATCATAGCAC_LUNG_T19	tumor	NA
GAACCTATCCGTTGCT_LUNG_T19	normal	NA
GAACGGAAGCACACAG_LUNG_T19	tumor	NA
GAACGGAGTAGCCTCG_LUNG_T19	tumor	NA
GAACGGAGTCCAGTTA_LUNG_T19	normal	NA
GAACGGAGTGTGAATA_LUNG_T19	tumor	NA
GAACGGAGTTCGTGAT_LUNG_T19	normal	NA
GAACGGAGTTCTGGTA_LUNG_T19	tumor	NA
GAACGGATCACTTACT_LUNG_T19	tumor	NA
GAACGGATCTCCCTGA_LUNG_T19	normal	NA
GAAGCAGAGATGGGTC_LUNG_T19	normal	NA
GAAGCAGAGCCACGCT_LUNG_T19	tumor	NA
GAAGCAGCATCCCATC_LUNG_T19	normal	NA
GAAGCAGGTCTAGCCG_LUNG_T19	tumor	NA
GAAGCAGGTGGTAACG_LUNG_T19	tumor	NA
GAAGCAGTCCCTTGTG_LUNG_T19	tumor	NA
GAAGCAGTCTGTCAAG_LUNG_T19	tumor	NA
GAATAAGAGAAGGGTA_LUNG_T19	tumor	NA
GAATAAGCAGTTAACC_LUNG_T19	tumor	NA
GAATAAGCATAAGACA_LUNG_T19	tumor	NA
GAATAAGGTTAGAACA_LUNG_T19	normal	NA
GAATAAGTCATCACCC_LUNG_T19	normal	NA
GAATAAGTCCTCCTAG_LUNG_T19	normal	NA
GAATAAGTCCTTAATC_LUNG_T19	tumor	NA
GAATAAGTCGTTGACA_LUNG_T19	normal	NA
GAATAAGTCTAACGGT_LUNG_T19	tumor	NA
GAATGAACAAGTAGTA_LUNG_T19	tumor	NA
GAATGAAGTGAGTGAC_LUNG_T19	tumor	NA
GAATGAAGTTACCGAT_LUNG_T19	normal	NA
GACACGCAGCAATCTC_LUNG_T19	normal	NA
GACACGCCAATCCAAC_LUNG_T19	tumor	NA
GACACGCCATCCAACA_LUNG_T19	tumor	NA
GACACGCGTAAACACA_LUNG_T19	tumor	NA
GACACGCGTCGAACAG_LUNG_T19	tumor	NA
GACACGCTCCTGTACC_LUNG_T19	normal	NA
GACACGCTCGGTGTTA_LUNG_T19	tumor	NA
GACAGAGAGCGCCTCA_LUNG_T19	normal	NA
GACAGAGAGCTGCAAG_LUNG_T19	tumor	NA
GACAGAGGTATAGGGC_LUNG_T19	tumor	NA
GACAGAGGTCCGACGT_LUNG_T19	tumor	NA
GACAGAGGTGGCGAAT_LUNG_T19	normal	NA
GACAGAGGTTACAGAA_LUNG_T19	normal	yes
GACAGAGTCCGTCATC_LUNG_T19	tumor	NA
GACCAATAGGAGTTGC_LUNG_T19	tumor	NA
GACCAATCAAGTCTAC_LUNG_T19	tumor	NA
GACCAATCACAACGTT_LUNG_T19	tumor	NA
GACCAATGTACATGTC_LUNG_T19	normal	yes
GACCAATGTACTCGCG_LUNG_T19	tumor	NA
GACCAATGTGATAAGT_LUNG_T19	normal	NA
GACCAATGTTCCCTTG_LUNG_T19	tumor	NA
GACCAATTCACATAGC_LUNG_T19	normal	NA
GACCAATTCACCATAG_LUNG_T19	tumor	NA
GACCAATTCTTCGGTC_LUNG_T19	tumor	NA
GACCTGGCAACACCCG_LUNG_T19	tumor	NA
GACCTGGTCGGAAATA_LUNG_T19	normal	NA
GACCTGGTCTACTTAC_LUNG_T19	tumor	NA
GACCTGGTCTTACCTA_LUNG_T19	normal	NA
GACGCGTAGATGGCGT_LUNG_T19	tumor	NA
GACGCGTAGGAGCGTT_LUNG_T19	normal	NA
GACGCGTCACAGCCCA_LUNG_T19	normal	NA
GACGCGTTCTCGATGA_LUNG_T19	normal	NA
GACGGCTAGGAGCGTT_LUNG_T19	tumor	NA
GACGGCTCATGTCGAT_LUNG_T19	tumor	NA
GACGGCTGTACGAAAT_LUNG_T19	tumor	NA
GACGGCTGTCCGCTGA_LUNG_T19	tumor	NA
GACGGCTGTCGAAAGC_LUNG_T19	normal	NA
GACGGCTGTGGAAAGA_LUNG_T19	tumor	NA
GACGGCTGTGGACGAT_LUNG_T19	tumor	NA
GACGGCTTCACCGGGT_LUNG_T19	normal	NA
GACGGCTTCAGTTCGA_LUNG_T19	tumor	NA
GACGGCTTCTCCTATA_LUNG_T19	tumor	NA
GACGTGCAGACCCACC_LUNG_T19	normal	NA
GACGTGCAGATGTAAC_LUNG_T19	tumor	NA
GACGTGCAGCCAGTAG_LUNG_T19	normal	NA
GACGTGCAGGTGCTAG_LUNG_T19	tumor	NA
GACGTGCCAAGTTCTG_LUNG_T19	normal	NA
GACGTGCCACAGATTC_LUNG_T19	normal	NA
GACGTGCTCAAACCGT_LUNG_T19	normal	yes
GACGTGCTCGAGCCCA_LUNG_T19	tumor	NA
GACGTGCTCTTGCCGT_LUNG_T19	tumor	NA
GACGTTATCATCACCC_LUNG_T19	tumor	NA
GACTAACAGATGTGTA_LUNG_T19	tumor	NA
GACTAACAGGCTAGCA_LUNG_T19	tumor	NA
GACTAACCACTCGACG_LUNG_T19	normal	NA
GACTAACCAGCTGCTG_LUNG_T19	tumor	NA
GACTAACGTAAAGTCA_LUNG_T19	tumor	NA
GACTAACGTAGGCATG_LUNG_T19	normal	NA
GACTAACTCGCAAGCC_LUNG_T19	normal	NA
GACTACAAGCGTGAAC_LUNG_T19	tumor	NA
GACTACAAGCGTTTAC_LUNG_T19	normal	NA
GACTACAAGTTGTCGT_LUNG_T19	normal	NA
GACTACACACGACTCG_LUNG_T19	normal	NA
GACTACACAGGGATTG_LUNG_T19	tumor	NA
GACTACAGTTCGCGAC_LUNG_T19	normal	NA
GACTACATCGACGGAA_LUNG_T19	tumor	NA
GACTGCGAGAAGCCCA_LUNG_T19	normal	NA
GACTGCGAGGTAGCTG_LUNG_T19	normal	NA
GACTGCGCAAGCTGAG_LUNG_T19	tumor	NA
GACTGCGGTACTTAGC_LUNG_T19	tumor	NA
GACTGCGGTCTGGTCG_LUNG_T19	normal	NA
GACTGCGGTGCTAGCC_LUNG_T19	tumor	NA
GAGCAGAAGCAGCCTC_LUNG_T19	normal	NA
GAGCAGACAAGCTGGA_LUNG_T19	tumor	NA
GAGCAGAGTCGGCACT_LUNG_T19	normal	NA
GAGCAGATCAGCAACT_LUNG_T19	tumor	NA
GAGCAGATCGGATGTT_LUNG_T19	normal	NA
GAGCAGATCTTGAGAC_LUNG_T19	normal	NA
GAGGTGACAACTGCGC_LUNG_T19	tumor	NA
GAGGTGAGTCAACATC_LUNG_T19	tumor	NA
GAGGTGATCAATCACG_LUNG_T19	normal	NA
GAGGTGATCACATGCA_LUNG_T19	normal	NA
GAGGTGATCCAAGCCG_LUNG_T19	tumor	NA
GAGGTGATCCCACTTG_LUNG_T19	tumor	NA
GAGGTGATCTGACCTC_LUNG_T19	normal	NA
GAGTCCGAGTACGATA_LUNG_T19	tumor	NA
GAGTCCGCATCCGTGG_LUNG_T19	normal	NA
GAGTCCGCATTTCAGG_LUNG_T19	tumor	NA
GAGTCCGGTAGCTAAA_LUNG_T19	normal	NA
GAGTCCGGTCTGCCAG_LUNG_T19	tumor	NA
GAGTCCGGTGAACCTT_LUNG_T19	tumor	NA
GAGTCCGTCCAGTAGT_LUNG_T19	tumor	NA
GAGTCCGTCTGTCCGT_LUNG_T19	normal	NA
GATCAGTAGCCAACAG_LUNG_T19	tumor	NA
GATCAGTCACATCCGG_LUNG_T19	normal	NA
GATCAGTGTAAGAGAG_LUNG_T19	normal	NA
GATCAGTGTGAGGGAG_LUNG_T19	tumor	NA
GATCGATGTTGCGTTA_LUNG_T19	tumor	NA
GATCGATGTTTGACAC_LUNG_T19	normal	NA
GATCGATTCCAAATGC_LUNG_T19	normal	NA
GATCGCGAGAAGAAGC_LUNG_T19	tumor	NA
GATCGCGCACAAGTAA_LUNG_T19	tumor	NA
GATCGCGCATGCCTTC_LUNG_T19	tumor	NA
GATCGCGGTGTTCTTT_LUNG_T19	tumor	NA
GATCGCGTCAGCTCGG_LUNG_T19	tumor	NA
GATCGCGTCCCAGGTG_LUNG_T19	normal	NA
GATCGTAAGAAACGAG_LUNG_T19	tumor	NA
GATCGTAAGAGCTATA_LUNG_T19	tumor	NA
GATCGTACAAGGCTCC_LUNG_T19	tumor	NA
GATCGTACAGGACGTA_LUNG_T19	tumor	NA
GATCGTATCGACGGAA_LUNG_T19	tumor	NA
GATCTAGAGAAACCGC_LUNG_T19	normal	NA
GATCTAGCAAGAAAGG_LUNG_T19	tumor	NA
GATCTAGCATAGAAAC_LUNG_T19	tumor	NA
GATCTAGTCACTATTC_LUNG_T19	normal	NA
GATGAAAAGTGACATA_LUNG_T19	tumor	NA
GATGAAACACACAGAG_LUNG_T19	tumor	NA
GATGAAAGTGATAAGT_LUNG_T19	tumor	NA
GATGAAAGTGGACGAT_LUNG_T19	tumor	NA
GATGAAAGTTGTGGAG_LUNG_T19	normal	NA
GATGAAAGTTTGTTTC_LUNG_T19	tumor	NA
GATGAGGAGACTAAGT_LUNG_T19	normal	NA
GATGAGGAGTACGCCC_LUNG_T19	tumor	NA
GATGAGGTCTGCTTGC_LUNG_T19	tumor	NA
GATGCTAAGGATGTAT_LUNG_T19	tumor	NA
GATGCTAAGTGCGATG_LUNG_T19	normal	NA
GATGCTAGTCATGCAT_LUNG_T19	tumor	NA
GATGCTAGTTCCCGAG_LUNG_T19	tumor	NA
GATGCTATCACCCTCA_LUNG_T19	tumor	NA
GATGCTATCGCCGTGA_LUNG_T19	tumor	NA
GATTCAGAGTGTCCAT_LUNG_T19	normal	NA
GATTCAGCAAGCTGGA_LUNG_T19	tumor	NA
GATTCAGGTAGGACAC_LUNG_T19	tumor	NA
GATTCAGGTCGAATCT_LUNG_T19	normal	NA
GATTCAGTCGTCACGG_LUNG_T19	normal	NA
GCAAACTAGTTGTCGT_LUNG_T19	tumor	NA
GCAAACTCACCAGGCT_LUNG_T19	tumor	NA
GCAAACTCAGGCAGTA_LUNG_T19	tumor	NA
GCAAACTCAGGCTCAC_LUNG_T19	normal	NA
GCAAACTCAGTATAAG_LUNG_T19	normal	NA
GCAAACTCATCAGTAC_LUNG_T19	normal	NA
GCAAACTGTGGTCTCG_LUNG_T19	tumor	NA
GCAAACTGTTGATTCG_LUNG_T19	tumor	NA
GCAAACTTCAAAGTAG_LUNG_T19	tumor	NA
GCAAACTTCGATCCCT_LUNG_T19	tumor	NA
GCAATCAAGGGTGTGT_LUNG_T19	normal	NA
GCAATCAAGTACTTGC_LUNG_T19	tumor	NA
GCAATCACAATGCCAT_LUNG_T19	tumor	NA
GCAATCAGTCCAACTA_LUNG_T19	tumor	NA
GCAATCAGTGATGATA_LUNG_T19	tumor	NA
GCAATCATCGCCTGTT_LUNG_T19	tumor	NA
GCACATACAACAACCT_LUNG_T19	tumor	NA
GCACATACACGAAGCA_LUNG_T19	tumor	NA
GCACATACATCACAAC_LUNG_T19	normal	NA
GCACATAGTCGGCACT_LUNG_T19	tumor	NA
GCACATATCATCATTC_LUNG_T19	tumor	NA
GCACATATCTGTTTGT_LUNG_T19	normal	NA
GCACTCTAGAGTACAT_LUNG_T19	tumor	NA
GCACTCTAGATCACGG_LUNG_T19	normal	NA
GCACTCTAGTTTGCGT_LUNG_T19	tumor	NA
GCACTCTCAGGGCATA_LUNG_T19	tumor	NA
GCACTCTCAGTTCCCT_LUNG_T19	normal	NA
GCACTCTCATGGTCTA_LUNG_T19	tumor	NA
GCACTCTTCGTCCAGG_LUNG_T19	tumor	NA
GCACTCTTCTCACATT_LUNG_T19	tumor	NA
GCACTCTTCTCGTATT_LUNG_T19	tumor	NA
GCACTCTTCTCGTTTA_LUNG_T19	tumor	NA
GCAGCCAGTACTCGCG_LUNG_T19	normal	NA
GCAGCCAGTCTAGTCA_LUNG_T19	normal	NA
GCAGCCAGTTCAGGCC_LUNG_T19	tumor	NA
GCAGCCATCCACTCCA_LUNG_T19	tumor	NA
GCAGCCATCCCATTTA_LUNG_T19	tumor	NA
GCAGCCATCGGCGGTT_LUNG_T19	normal	NA
GCAGCCATCTAGCACA_LUNG_T19	tumor	NA
GCAGTTAAGAGCTGCA_LUNG_T19	normal	NA
GCAGTTAAGATGTAAC_LUNG_T19	tumor	NA
GCAGTTAAGGGTCTCC_LUNG_T19	normal	NA
GCAGTTACATTAGGCT_LUNG_T19	tumor	NA
GCAGTTAGTGAAATCA_LUNG_T19	normal	NA
GCAGTTAGTGGTTTCA_LUNG_T19	normal	NA
GCAGTTATCGCGCCAA_LUNG_T19	tumor	NA
GCAGTTATCGCGTTTC_LUNG_T19	normal	NA
GCAGTTATCGTTTAGG_LUNG_T19	tumor	NA
GCATACAAGTGTCCCG_LUNG_T19	tumor	NA
GCATACACAACGCACC_LUNG_T19	tumor	NA
GCATACACATCACGAT_LUNG_T19	normal	NA
GCATACAGTATTACCG_LUNG_T19	tumor	NA
GCATACAGTTCCACAA_LUNG_T19	normal	NA
GCATACAGTTCTGAAC_LUNG_T19	normal	NA
GCATGATAGTCGCCGT_LUNG_T19	normal	yes
GCATGATAGTGGTCCC_LUNG_T19	normal	NA
GCATGATAGTTAGCGG_LUNG_T19	normal	NA
GCATGATCACATTAGC_LUNG_T19	tumor	NA
GCATGATCAGTGGGAT_LUNG_T19	tumor	NA
GCATGATCATCTCCCA_LUNG_T19	tumor	NA
GCATGCGAGACAAGCC_LUNG_T19	tumor	NA
GCATGCGAGGTGATAT_LUNG_T19	tumor	NA
GCATGCGCAACTGCGC_LUNG_T19	normal	NA
GCATGCGCAAGTCTAC_LUNG_T19	normal	NA
GCATGCGCACAGACTT_LUNG_T19	normal	NA
GCATGCGCACGCATCG_LUNG_T19	normal	NA
GCATGCGGTCAAAGAT_LUNG_T19	tumor	NA
GCATGCGGTCTAGAGG_LUNG_T19	normal	NA
GCATGCGTCAACGGCC_LUNG_T19	tumor	NA
GCATGCGTCCTAAGTG_LUNG_T19	normal	NA
GCATGCGTCTTTACAC_LUNG_T19	normal	NA
GCATGTACACATGGGA_LUNG_T19	tumor	NA
GCATGTAGTCTTGTCC_LUNG_T19	tumor	NA
GCATGTATCACTTCAT_LUNG_T19	normal	NA
GCATGTATCAGGCGAA_LUNG_T19	tumor	NA
GCATGTATCGCGTAGC_LUNG_T19	tumor	NA
GCATGTATCTTCGGTC_LUNG_T19	normal	NA
GCCAAATAGTCTCCTC_LUNG_T19	tumor	NA
GCCAAATCAATGGATA_LUNG_T19	normal	NA
GCCAAATGTAGCGCTC_LUNG_T19	tumor	NA
GCCAAATGTTGTTTGG_LUNG_T19	normal	NA
GCCAAATTCAACCAAC_LUNG_T19	tumor	NA
GCCAAATTCGATAGAA_LUNG_T19	tumor	NA
GCCAAATTCGCAAGCC_LUNG_T19	tumor	NA
GCCAAATTCTGCTTGC_LUNG_T19	tumor	NA
GCCTCTAAGAAGGGTA_LUNG_T19	tumor	NA
GCCTCTAAGCTAAACA_LUNG_T19	tumor	NA
GCCTCTACATTACGAC_LUNG_T19	tumor	NA
GCCTCTAGTGGACGAT_LUNG_T19	tumor	NA
GCCTCTAGTTCTGGTA_LUNG_T19	normal	NA
GCCTCTATCCAGGGCT_LUNG_T19	tumor	NA
GCGACCAAGCACGCCT_LUNG_T19	normal	NA
GCGACCAAGCCTTGAT_LUNG_T19	normal	NA
GCGACCACAAATTGCC_LUNG_T19	normal	NA
GCGACCACACAACGCC_LUNG_T19	normal	NA
GCGAGAAAGAGCAATT_LUNG_T19	tumor	NA
GCGAGAAAGATGCGAC_LUNG_T19	tumor	NA
GCGAGAACAGCTGTGC_LUNG_T19	normal	NA
GCGAGAACATCCCATC_LUNG_T19	normal	NA
GCGAGAAGTCTAGTCA_LUNG_T19	normal	NA
GCGAGAAGTGTTTGGT_LUNG_T19	normal	NA
GCGAGAAGTTACAGAA_LUNG_T19	tumor	NA
GCGAGAAGTTCACCTC_LUNG_T19	tumor	NA
GCGAGAATCAGCTGGC_LUNG_T19	normal	NA
GCGAGAATCCTCCTAG_LUNG_T19	normal	NA
GCGCAACAGAGATGAG_LUNG_T19	normal	NA
GCGCAACAGCACGCCT_LUNG_T19	tumor	NA
GCGCAACCAAGAAAGG_LUNG_T19	tumor	NA
GCGCAACCACAAGCCC_LUNG_T19	tumor	NA
GCGCAACGTTTGTTGG_LUNG_T19	normal	NA
GCGCAACTCATGTGGT_LUNG_T19	normal	NA
GCGCAGTAGGCGACAT_LUNG_T19	tumor	NA
GCGCAGTAGTAAGTAC_LUNG_T19	tumor	NA
GCGCAGTCAATCAGAA_LUNG_T19	normal	NA
GCGCAGTGTAGGACAC_LUNG_T19	normal	NA
GCGCAGTGTCTCTTTA_LUNG_T19	normal	NA
GCGCAGTTCCAATGGT_LUNG_T19	tumor	NA
GCGCAGTTCCGAACGC_LUNG_T19	normal	NA
GCGCAGTTCGTAGGTT_LUNG_T19	tumor	NA
GCGCAGTTCTACCAGA_LUNG_T19	tumor	NA
GCGCCAAAGAGTTGGC_LUNG_T19	tumor	NA
GCGCCAATCAACGGCC_LUNG_T19	normal	NA
GCGCCAATCGGCGCTA_LUNG_T19	tumor	NA
GCGCGATAGACTAGAT_LUNG_T19	tumor	NA
GCGCGATAGGCCATAG_LUNG_T19	tumor	NA
GCGCGATAGTGGACGT_LUNG_T19	normal	NA
GCGCGATCAAGAGGCT_LUNG_T19	tumor	NA
GCGCGATCATAGACTC_LUNG_T19	tumor	NA
GCGCGATGTCACACGC_LUNG_T19	normal	NA
GCGCGATGTCCGAAGA_LUNG_T19	normal	NA
GCGCGATGTTCGAATC_LUNG_T19	tumor	NA
GCGCGATTCCTCCTAG_LUNG_T19	tumor	NA
GCGGGTTAGCGCCTCA_LUNG_T19	tumor	NA
GCGGGTTAGGTAGCTG_LUNG_T19	tumor	NA
GCGGGTTAGTGCCATT_LUNG_T19	normal	NA
GCGGGTTCAGCTGTAT_LUNG_T19	tumor	NA
GCGGGTTCATACGCCG_LUNG_T19	tumor	NA
GCGGGTTGTAACGACG_LUNG_T19	tumor	NA
GCGGGTTGTCTACCTC_LUNG_T19	tumor	NA
GCGGGTTGTTACGCGC_LUNG_T19	tumor	NA
GCTCCTAAGTGAAGTT_LUNG_T19	tumor	NA
GCTCCTAAGTGGAGTC_LUNG_T19	normal	NA
GCTCCTACACGCATCG_LUNG_T19	tumor	NA
GCTCCTAGTAACGCGA_LUNG_T19	tumor	NA
GCTCCTAGTAGGGTAC_LUNG_T19	tumor	NA
GCTCCTATCACGCGGT_LUNG_T19	normal	NA
GCTCCTATCCTCAACC_LUNG_T19	tumor	NA
GCTCCTATCCTGCAGG_LUNG_T19	normal	NA
GCTCTGTAGTAGATGT_LUNG_T19	normal	NA
GCTCTGTCACCGATAT_LUNG_T19	tumor	NA
GCTCTGTCATAGACTC_LUNG_T19	normal	NA
GCTCTGTCATCTATGG_LUNG_T19	tumor	NA
GCTCTGTCATTATCTC_LUNG_T19	tumor	NA
GCTCTGTGTACGAAAT_LUNG_T19	normal	NA
GCTCTGTGTTGATTGC_LUNG_T19	normal	NA
GCTCTGTTCCGGGTGT_LUNG_T19	tumor	NA
GCTCTGTTCTCGAGTA_LUNG_T19	normal	NA
GCTGCAGAGATAGTCA_LUNG_T19	tumor	NA
GCTGCAGAGGACGAAA_LUNG_T19	tumor	NA
GCTGCAGAGTATCGAA_LUNG_T19	normal	NA
GCTGCAGTCCACGCAG_LUNG_T19	tumor	NA
GCTGCGACAACGATGG_LUNG_T19	normal	NA
GCTGCGAGTAAATGTG_LUNG_T19	tumor	NA
GCTGCGAGTCTCCACT_LUNG_T19	tumor	NA
GCTGCGAGTGTAATGA_LUNG_T19	tumor	NA
GCTGCGATCCGCAGTG_LUNG_T19	tumor	NA
GCTGCGATCTGGTTCC_LUNG_T19	tumor	NA
GCTGCTTAGAATGTTG_LUNG_T19	normal	NA
GCTGCTTGTCTGCAAT_LUNG_T19	normal	NA
GCTGCTTTCCAGGGCT_LUNG_T19	normal	NA
GCTGCTTTCCGCGGTA_LUNG_T19	tumor	NA
GCTGCTTTCCGTTGCT_LUNG_T19	normal	NA
GCTGCTTTCTACCAGA_LUNG_T19	tumor	NA
GCTGCTTTCTTGCCGT_LUNG_T19	tumor	NA
GCTGCTTTCTTTCCTC_LUNG_T19	tumor	NA
GCTGGGTAGTCCGTAT_LUNG_T19	tumor	NA
GCTGGGTCAAGGTGTG_LUNG_T19	normal	NA
GCTGGGTCATTTGCTT_LUNG_T19	tumor	NA
GCTGGGTGTCTTGTCC_LUNG_T19	tumor	NA
GCTGGGTTCCTACAGA_LUNG_T19	normal	NA
GCTTCCAAGCCAGTTT_LUNG_T19	tumor	NA
GCTTCCAAGGCAGTCA_LUNG_T19	tumor	NA
GCTTCCAAGTGAAGTT_LUNG_T19	tumor	NA
GCTTCCAGTGCATCTA_LUNG_T19	normal	NA
GCTTCCATCCACGCAG_LUNG_T19	normal	NA
GCTTGAAAGCCATCGC_LUNG_T19	normal	NA
GCTTGAAAGCTTCGCG_LUNG_T19	tumor	NA
GCTTGAACACACGCTG_LUNG_T19	tumor	NA
GCTTGAAGTCGGCACT_LUNG_T19	normal	NA
GGAAAGCAGAAGAAGC_LUNG_T19	tumor	NA
GGAAAGCAGCTCAACT_LUNG_T19	normal	NA
GGAAAGCAGGACAGAA_LUNG_T19	normal	NA
GGAAAGCCAACTGCGC_LUNG_T19	normal	NA
GGAAAGCCACTGAAGG_LUNG_T19	normal	NA
GGAAAGCCAGTCAGAG_LUNG_T19	normal	NA
GGAAAGCTCACTCTTA_LUNG_T19	tumor	NA
GGAACTTCAAACAACA_LUNG_T19	normal	NA
GGAACTTCAACACCTA_LUNG_T19	tumor	NA
GGAACTTCAGAGTGTG_LUNG_T19	tumor	NA
GGAACTTCATCGGGTC_LUNG_T19	tumor	NA
GGAACTTGTGACTCAT_LUNG_T19	tumor	NA
GGAACTTGTTGATTGC_LUNG_T19	tumor	NA
GGAACTTTCCTTCAAT_LUNG_T19	tumor	NA
GGAACTTTCTGCAAGT_LUNG_T19	tumor	NA
GGAATAACATGAAGTA_LUNG_T19	tumor	NA
GGAATAAGTAAACCTC_LUNG_T19	tumor	NA
GGAATAAGTGTGGTTT_LUNG_T19	normal	NA
GGAATAAGTTCTCATT_LUNG_T19	tumor	NA
GGAATAATCACATACG_LUNG_T19	normal	NA
GGAATAATCACTTATC_LUNG_T19	tumor	NA
GGAATAATCAGAGACG_LUNG_T19	tumor	NA
GGAATAATCTCGTTTA_LUNG_T19	tumor	NA
GGAATAATCTTCATGT_LUNG_T19	normal	NA
GGAATAATCTTGCATT_LUNG_T19	normal	NA
GGACAAGCACAGCGTC_LUNG_T19	tumor	NA
GGACAAGCACATCTTT_LUNG_T19	normal	NA
GGACAGAAGACAAGCC_LUNG_T19	tumor	NA
GGACAGAAGAGCTGGT_LUNG_T19	tumor	NA
GGACAGACACCAGATT_LUNG_T19	normal	NA
GGACAGAGTCTACCTC_LUNG_T19	tumor	NA
GGACAGATCACAATGC_LUNG_T19	normal	NA
GGACAGATCATGTGGT_LUNG_T19	tumor	NA
GGACAGATCGAATGCT_LUNG_T19	tumor	NA
GGACATTAGACCCACC_LUNG_T19	normal	NA
GGACATTAGATGTTAG_LUNG_T19	tumor	NA
GGACATTCAGACGCAA_LUNG_T19	tumor	NA
GGACATTGTGCAACGA_LUNG_T19	tumor	NA
GGACATTTCCGTAGGC_LUNG_T19	tumor	NA
GGACGTCAGGCATTGG_LUNG_T19	normal	NA
GGACGTCAGTGAACGC_LUNG_T19	tumor	NA
GGACGTCGTAACGCGA_LUNG_T19	tumor	NA
GGAGCAAAGCAATCTC_LUNG_T19	tumor	NA
GGAGCAACATATGGTC_LUNG_T19	tumor	NA
GGAGCAAGTCCCTTGT_LUNG_T19	tumor	NA
GGAGCAAGTGAGGGAG_LUNG_T19	tumor	NA
GGAGCAATCTCGCATC_LUNG_T19	tumor	NA
GGATGTTAGCGCCTTG_LUNG_T19	normal	NA
GGATGTTCACGGCCAT_LUNG_T19	normal	NA
GGATTACAGATATACG_LUNG_T19	tumor	NA
GGATTACAGTGTTTGC_LUNG_T19	tumor	NA
GGATTACCAGCCTGTG_LUNG_T19	tumor	NA
GGATTACCAGTTTACG_LUNG_T19	normal	NA
GGATTACGTATCGCAT_LUNG_T19	tumor	NA
GGATTACTCATAAAGG_LUNG_T19	tumor	NA
GGATTACTCTCTTATG_LUNG_T19	tumor	NA
GGCAATTAGTTAACGA_LUNG_T19	tumor	NA
GGCAATTCAAGAGGCT_LUNG_T19	tumor	NA
GGCAATTCAGGAACGT_LUNG_T19	normal	NA
GGCAATTCAGTCACTA_LUNG_T19	normal	NA
GGCAATTGTAACGACG_LUNG_T19	tumor	NA
GGCAATTGTTCGGGCT_LUNG_T19	tumor	NA
GGCAATTTCGGCATCG_LUNG_T19	normal	NA
GGCCGATAGAGCTGGT_LUNG_T19	tumor	NA
GGCCGATCACACTGCG_LUNG_T19	normal	NA
GGCCGATCAGTATCTG_LUNG_T19	tumor	NA
GGCCGATGTGTAATGA_LUNG_T19	tumor	NA
GGCCGATTCAATCACG_LUNG_T19	tumor	NA
GGCCGATTCCGCGTTT_LUNG_T19	normal	NA
GGCGACTAGTGTTGAA_LUNG_T19	tumor	NA
GGCGACTAGTTGTCGT_LUNG_T19	tumor	NA
GGCGACTGTCATTAGC_LUNG_T19	tumor	NA
GGCGACTGTCCAAGTT_LUNG_T19	tumor	NA
GGCGACTGTGGGTATG_LUNG_T19	tumor	NA
GGCGTGTAGGGATGGG_LUNG_T19	tumor	NA
GGCGTGTAGTATGACA_LUNG_T19	normal	NA
GGCGTGTAGTCCATAC_LUNG_T19	normal	NA
GGCGTGTCAATGGAAT_LUNG_T19	normal	NA
GGCGTGTCACGCATCG_LUNG_T19	normal	NA
GGCGTGTTCGCCTGAG_LUNG_T19	normal	NA
GGCGTGTTCGTCCGTT_LUNG_T19	tumor	NA
GGCGTGTTCTCTTATG_LUNG_T19	tumor	NA
GGCTCGAAGCTCCTTC_LUNG_T19	tumor	NA
GGCTCGACATGTTGAC_LUNG_T19	tumor	NA
GGCTCGAGTTACGACT_LUNG_T19	normal	NA
GGCTCGATCACCCTCA_LUNG_T19	normal	NA
GGCTGGTAGACTGTAA_LUNG_T19	tumor	NA
GGCTGGTCAAGAAAGG_LUNG_T19	tumor	NA
GGCTGGTCAATGGAAT_LUNG_T19	tumor	NA
GGCTGGTGTCTAGGTT_LUNG_T19	normal	NA
GGCTGGTGTGTATGGG_LUNG_T19	normal	NA
GGCTGGTGTTGAGTTC_LUNG_T19	tumor	NA
GGCTGGTTCCAAATGC_LUNG_T19	tumor	NA
GGCTGGTTCCTCAATT_LUNG_T19	normal	NA
GGCTGGTTCCTCCTAG_LUNG_T19	normal	NA
GGGAATGCAGGAATCG_LUNG_T19	normal	NA
GGGAATGGTGTGGCTC_LUNG_T19	normal	NA
GGGAATGGTGTGTGCC_LUNG_T19	tumor	NA
GGGAATGTCTTTACAC_LUNG_T19	tumor	NA
GGGACCTAGCCGTCGT_LUNG_T19	normal	NA
GGGACCTAGTACGACG_LUNG_T19	tumor	NA
GGGACCTAGTGTACTC_LUNG_T19	tumor	NA
GGGACCTCAAGCTGTT_LUNG_T19	normal	NA
GGGACCTCACGAAAGC_LUNG_T19	normal	NA
GGGACCTCATACTCTT_LUNG_T19	tumor	NA
GGGACCTGTCTCCCTA_LUNG_T19	normal	NA
GGGACCTGTGAAATCA_LUNG_T19	tumor	NA
GGGACCTGTGGGTATG_LUNG_T19	tumor	NA
GGGACCTTCCCGACTT_LUNG_T19	tumor	NA
GGGAGATAGGCATGGT_LUNG_T19	normal	NA
GGGAGATAGGCATGTG_LUNG_T19	tumor	NA
GGGAGATCAGATAATG_LUNG_T19	normal	NA
GGGAGATGTAGCCTCG_LUNG_T19	normal	NA
GGGAGATGTCAACATC_LUNG_T19	tumor	NA
GGGAGATGTGAGCGAT_LUNG_T19	normal	NA
GGGAGATTCATCACCC_LUNG_T19	tumor	NA
GGGATGAAGAAGCCCA_LUNG_T19	tumor	NA
GGGATGAAGCCGATTT_LUNG_T19	tumor	NA
GGGATGAAGCGTGAGT_LUNG_T19	tumor	NA
GGGATGACAGTGACAG_LUNG_T19	tumor	NA
GGGATGAGTACGAAAT_LUNG_T19	tumor	NA
GGGATGATCTCTTATG_LUNG_T19	tumor	NA
GGGCACTAGCCACGTC_LUNG_T19	tumor	NA
GGGCACTAGTGAATTG_LUNG_T19	tumor	NA
GGGCACTCAAAGGCGT_LUNG_T19	tumor	NA
GGGCACTCAGTCGTGC_LUNG_T19	normal	NA
GGGCACTGTTCATGGT_LUNG_T19	tumor	NA
GGGCACTTCATCATTC_LUNG_T19	tumor	NA
GGGCACTTCCCTAACC_LUNG_T19	tumor	NA
GGGCATCAGGGCACTA_LUNG_T19	tumor	NA
GGGCATCAGTGAACAT_LUNG_T19	normal	NA
GGGCATCGTCGCTTTC_LUNG_T19	tumor	NA
GGGTCTGAGAAACCGC_LUNG_T19	tumor	NA
GGGTCTGAGATGCGAC_LUNG_T19	normal	NA
GGGTCTGAGCGAGAAA_LUNG_T19	tumor	NA
GGGTCTGAGGTGATAT_LUNG_T19	tumor	NA
GGGTCTGCATCCGGGT_LUNG_T19	normal	NA
GGGTCTGCATCTGGTA_LUNG_T19	normal	NA
GGGTCTGGTCCTCCAT_LUNG_T19	tumor	NA
GGGTCTGTCTCGTTTA_LUNG_T19	tumor	NA
GGGTTGCAGCTAAGAT_LUNG_T19	normal	NA
GGGTTGCGTCGAATCT_LUNG_T19	normal	NA
GGGTTGCTCGCTTAGA_LUNG_T19	tumor	NA
GGGTTGCTCGGAATCT_LUNG_T19	tumor	NA
GGTATTGAGAGGTTGC_LUNG_T19	normal	NA
GGTATTGAGGATTCGG_LUNG_T19	normal	NA
GGTATTGAGTATCGAA_LUNG_T19	tumor	NA
GGTATTGAGTGTCCAT_LUNG_T19	tumor	NA
GGTATTGCAAAGAATC_LUNG_T19	normal	NA
GGTATTGCACCGTTGG_LUNG_T19	tumor	NA
GGTATTGCATCGATGT_LUNG_T19	tumor	NA
GGTATTGGTGTTCTTT_LUNG_T19	tumor	NA
GGTATTGGTTTCGCTC_LUNG_T19	normal	NA
GGTATTGTCCAAAGTC_LUNG_T19	normal	NA
GGTGAAGAGAGACTTA_LUNG_T19	tumor	NA
GGTGAAGAGTTCGCAT_LUNG_T19	tumor	NA
GGTGAAGCAAAGCAAT_LUNG_T19	tumor	NA
GGTGAAGCACCGGAAA_LUNG_T19	normal	NA
GGTGAAGGTCGCCATG_LUNG_T19	normal	NA
GGTGAAGTCAACGAAA_LUNG_T19	tumor	yes
GGTGAAGTCAGAGGTG_LUNG_T19	tumor	NA
GGTGCGTAGACTAAGT_LUNG_T19	tumor	NA
GGTGCGTAGACTTTCG_LUNG_T19	tumor	NA
GGTGCGTAGCCACGTC_LUNG_T19	tumor	NA
GGTGCGTAGCCAGTAG_LUNG_T19	normal	NA
GGTGCGTCACGCATCG_LUNG_T19	normal	NA
GGTGCGTGTGGTCTCG_LUNG_T19	normal	NA
GGTGCGTGTTACCGAT_LUNG_T19	normal	NA
GGTGCGTTCAGGTAAA_LUNG_T19	tumor	NA
GGTGCGTTCCTGCAGG_LUNG_T19	normal	NA
GGTGTTACAATTCCTT_LUNG_T19	tumor	NA
GGTGTTACACGTAAGG_LUNG_T19	tumor	NA
GGTGTTACATTCTTAC_LUNG_T19	tumor	NA
GGTGTTAGTCTAGTCA_LUNG_T19	tumor	NA
GGTGTTAGTGCGATAG_LUNG_T19	normal	NA
GTAACGTAGTGCAAGC_LUNG_T19	normal	NA
GTAACGTCAGTGAGTG_LUNG_T19	normal	NA
GTAACGTGTCACTTCC_LUNG_T19	normal	NA
GTAACGTGTCTGCCAG_LUNG_T19	normal	NA
GTAACGTTCCACGCAG_LUNG_T19	tumor	NA
GTAACTGAGTCAATAG_LUNG_T19	normal	NA
GTAACTGGTATAAACG_LUNG_T19	tumor	NA
GTAACTGTCGACCAGC_LUNG_T19	tumor	NA
GTAACTGTCTGCTGCT_LUNG_T19	tumor	NA
GTACGTACACCCTATC_LUNG_T19	tumor	NA
GTACGTAGTAGAGTGC_LUNG_T19	tumor	NA
GTACGTAGTATATGGA_LUNG_T19	tumor	NA
GTACTCCAGGCGTACA_LUNG_T19	tumor	NA
GTACTCCCACCGATAT_LUNG_T19	normal	NA
GTACTCCGTGAGTGAC_LUNG_T19	tumor	NA
GTACTCCTCAATCACG_LUNG_T19	tumor	NA
GTACTCCTCAGGTAAA_LUNG_T19	normal	NA
GTACTCCTCCAGTAGT_LUNG_T19	tumor	NA
GTACTCCTCCTTTCGG_LUNG_T19	normal	NA
GTACTCCTCTCGTATT_LUNG_T19	normal	NA
GTACTTTAGAACTCGG_LUNG_T19	tumor	NA
GTACTTTAGCCACCTG_LUNG_T19	tumor	NA
GTACTTTCAGGAACGT_LUNG_T19	normal	NA
GTACTTTGTAACGCGA_LUNG_T19	tumor	NA
GTACTTTGTGCACTTA_LUNG_T19	tumor	NA
GTACTTTTCAAACCGT_LUNG_T19	tumor	NA
GTACTTTTCTGCCCTA_LUNG_T19	tumor	NA
GTAGGCCCAACCGCCA_LUNG_T19	normal	NA
GTAGGCCGTATGGTTC_LUNG_T19	tumor	NA
GTAGGCCTCTACGAGT_LUNG_T19	tumor	NA
GTAGTCAGTGCGGTAA_LUNG_T19	normal	NA
GTAGTCATCGCGGATC_LUNG_T19	tumor	NA
GTATCTTAGAAGCCCA_LUNG_T19	tumor	NA
GTATCTTAGTCAAGGC_LUNG_T19	tumor	NA
GTATCTTCACATCTTT_LUNG_T19	tumor	NA
GTATCTTTCAACTCTT_LUNG_T19	tumor	NA
GTATTCTAGATACACA_LUNG_T19	tumor	NA
GTATTCTCAGCCAGAA_LUNG_T19	tumor	NA
GTATTCTCAGTAAGCG_LUNG_T19	normal	NA
GTATTCTGTAGCGTAG_LUNG_T19	tumor	NA
GTATTCTTCCTAGTGA_LUNG_T19	normal	NA
GTATTCTTCGGAGCAA_LUNG_T19	tumor	NA
GTCAAGTAGAGCTGCA_LUNG_T19	tumor	NA
GTCAAGTAGAGGGCTT_LUNG_T19	normal	NA
GTCAAGTTCTGTCAAG_LUNG_T19	tumor	NA
GTCACAAAGATGCCTT_LUNG_T19	normal	NA
GTCACAAAGCAGGCTA_LUNG_T19	tumor	NA
GTCACAAAGTCTTGCA_LUNG_T19	normal	NA
GTCACAACAGCCACCA_LUNG_T19	tumor	NA
GTCACAAGTACCGAGA_LUNG_T19	normal	NA
GTCACAAGTAGGGTAC_LUNG_T19	tumor	NA
GTCACAATCAATCTCT_LUNG_T19	normal	NA
GTCACGGAGGTTACCT_LUNG_T19	normal	NA
GTCACGGCAATGACCT_LUNG_T19	normal	NA
GTCACGGCAATTCCTT_LUNG_T19	normal	NA
GTCACGGCAGCCAATT_LUNG_T19	tumor	NA
GTCACGGGTGAGTGAC_LUNG_T19	normal	NA
GTCACGGTCACCCGAG_LUNG_T19	tumor	NA
GTCACGGTCCGCAAGC_LUNG_T19	tumor	NA
GTCACGGTCCGTTGCT_LUNG_T19	tumor	NA
GTCATTTAGCGAGAAA_LUNG_T19	tumor	NA
GTCATTTCAACACCCG_LUNG_T19	tumor	NA
GTCATTTCAACACGCC_LUNG_T19	normal	NA
GTCATTTCACCGAAAG_LUNG_T19	tumor	NA
GTCATTTCAGTATAAG_LUNG_T19	tumor	NA
GTCATTTGTAGAAGGA_LUNG_T19	tumor	NA
GTCATTTGTATAATGG_LUNG_T19	tumor	NA
GTCATTTGTCTTGCGG_LUNG_T19	tumor	NA
GTCATTTTCTGCGACG_LUNG_T19	normal	NA
GTCATTTTCTTGAGAC_LUNG_T19	normal	NA
GTCCTCAAGAGTCTGG_LUNG_T19	normal	NA
GTCCTCAAGGGTATCG_LUNG_T19	tumor	NA
GTCCTCAAGTTAGGTA_LUNG_T19	tumor	NA
GTCCTCACAAAGTCAA_LUNG_T19	tumor	NA
GTCCTCACATCCGCGA_LUNG_T19	normal	NA
GTCCTCAGTATAGGTA_LUNG_T19	tumor	NA
GTCCTCAGTCATCGGC_LUNG_T19	tumor	NA
GTCCTCAGTCCATGAT_LUNG_T19	tumor	NA
GTCCTCATCTGGTTCC_LUNG_T19	tumor	NA
GTCGGGTAGGATCGCA_LUNG_T19	normal	NA
GTCGGGTCACGGTGTC_LUNG_T19	normal	NA
GTCGGGTCATATACCG_LUNG_T19	normal	NA
GTCGGGTGTACCGTAT_LUNG_T19	tumor	NA
GTCGGGTGTGAGCGAT_LUNG_T19	tumor	NA
GTCGGGTGTGTGAAAT_LUNG_T19	normal	NA
GTCGGGTTCCTTGCCA_LUNG_T19	normal	NA
GTCGTAAAGTATGACA_LUNG_T19	tumor	NA
GTCGTAACACTGCCAG_LUNG_T19	normal	NA
GTCGTAACATGCATGT_LUNG_T19	tumor	NA
GTCGTAAGTCTCAACA_LUNG_T19	normal	NA
GTCTCGTAGGACTGGT_LUNG_T19	normal	NA
GTCTCGTCATCGTCGG_LUNG_T19	normal	NA
GTCTCGTTCCGAATGT_LUNG_T19	tumor	NA
GTCTCGTTCGAACGGA_LUNG_T19	normal	NA
GTCTTCGAGTACTTGC_LUNG_T19	normal	NA
GTCTTCGCATGTAAGA_LUNG_T19	tumor	NA
GTCTTCGGTATAGGTA_LUNG_T19	tumor	NA
GTCTTCGTCATTATCC_LUNG_T19	normal	NA
GTCTTCGTCCAAGCCG_LUNG_T19	tumor	NA
GTCTTCGTCGACCAGC_LUNG_T19	normal	NA
GTCTTCGTCGCAAACT_LUNG_T19	normal	NA
GTGAAGGAGCTACCGC_LUNG_T19	normal	NA
GTGAAGGCAAGAAAGG_LUNG_T19	normal	NA
GTGAAGGGTGCAGTAG_LUNG_T19	tumor	NA
GTGAAGGTCGAACGGA_LUNG_T19	tumor	NA
GTGCAGCAGATAGCAT_LUNG_T19	normal	NA
GTGCAGCAGGGTCTCC_LUNG_T19	normal	NA
GTGCAGCAGTATGACA_LUNG_T19	tumor	NA
GTGCAGCCAAGAAGAG_LUNG_T19	normal	NA
GTGCAGCCACGACTCG_LUNG_T19	normal	NA
GTGCATAAGACCCACC_LUNG_T19	normal	NA
GTGCATAAGGACAGAA_LUNG_T19	tumor	NA
GTGCATAGTGTAACGG_LUNG_T19	tumor	NA
GTGCATATCACAACGT_LUNG_T19	tumor	NA
GTGCATATCACCGGGT_LUNG_T19	tumor	NA
GTGCATATCACTCTTA_LUNG_T19	normal	NA
GTGCGGTGTGTAATGA_LUNG_T19	tumor	NA
GTGCGGTGTTGACGTT_LUNG_T19	tumor	NA
GTGCTTCAGGGAACGG_LUNG_T19	tumor	NA
GTGCTTCAGTGCCAGA_LUNG_T19	tumor	NA
GTGCTTCAGTGTGGCA_LUNG_T19	normal	NA
GTGCTTCCAGCTTCGG_LUNG_T19	tumor	NA
GTGCTTCTCGCGTTTC_LUNG_T19	tumor	NA
GTGCTTCTCGGTGTCG_LUNG_T19	tumor	NA
GTGCTTCTCTGCAAGT_LUNG_T19	tumor	NA
GTGGGTCGTACCGGCT_LUNG_T19	tumor	NA
GTGGGTCTCCTCAACC_LUNG_T19	tumor	NA
GTGTGCGCAAATCCGT_LUNG_T19	tumor	NA
GTGTGCGCAAATTGCC_LUNG_T19	tumor	NA
GTGTGCGCAAGAAAGG_LUNG_T19	tumor	NA
GTGTGCGCACCAACCG_LUNG_T19	tumor	NA
GTGTGCGCACCGTTGG_LUNG_T19	tumor	NA
GTGTGCGCACGACGAA_LUNG_T19	tumor	NA
GTGTGCGGTCAGAAGC_LUNG_T19	normal	NA
GTGTGCGGTCGGGTCT_LUNG_T19	tumor	NA
GTGTGCGGTGTGGTTT_LUNG_T19	normal	NA
GTGTGCGGTTACGGAG_LUNG_T19	normal	NA
GTGTGCGGTTCCCGAG_LUNG_T19	tumor	NA
GTGTGCGTCACAAACC_LUNG_T19	tumor	NA
GTGTTAGAGCGGATCA_LUNG_T19	normal	NA
GTGTTAGCAGGATCGA_LUNG_T19	tumor	NA
GTGTTAGCAGTTCATG_LUNG_T19	tumor	NA
GTTAAGCAGGCAGGTT_LUNG_T19	tumor	NA
GTTAAGCCACCACCAG_LUNG_T19	tumor	NA
GTTAAGCCACCCTATC_LUNG_T19	normal	NA
GTTAAGCCATCTACGA_LUNG_T19	tumor	NA
GTTAAGCGTCCGAACC_LUNG_T19	tumor	NA
GTTAAGCGTCTCATCC_LUNG_T19	tumor	NA
GTTAAGCGTGTTTGTG_LUNG_T19	tumor	NA
GTTAAGCTCACTCTTA_LUNG_T19	normal	NA
GTTAAGCTCTTATCTG_LUNG_T19	tumor	NA
GTTACAGCAATCAGAA_LUNG_T19	tumor	NA
GTTACAGCACAAGTAA_LUNG_T19	tumor	NA
GTTACAGCACCCATTC_LUNG_T19	normal	NA
GTTACAGCAGCATACT_LUNG_T19	normal	NA
GTTACAGGTTTGGGCC_LUNG_T19	tumor	NA
GTTCATTAGAAGGGTA_LUNG_T19	normal	NA
GTTCATTAGCTAAGAT_LUNG_T19	tumor	NA
GTTCATTCATAAAGGT_LUNG_T19	tumor	NA
GTTCATTGTCCCTTGT_LUNG_T19	normal	NA
GTTCATTTCACTTATC_LUNG_T19	normal	NA
GTTCATTTCAGAAATG_LUNG_T19	tumor	NA
GTTCATTTCTGGTTCC_LUNG_T19	normal	NA
GTTCGGGCATTGGCGC_LUNG_T19	normal	NA
GTTCGGGGTAAGGGCT_LUNG_T19	normal	NA
GTTCGGGGTTGATTGC_LUNG_T19	tumor	NA
GTTCTCGAGAAACGCC_LUNG_T19	tumor	NA
GTTCTCGCAAGCGATG_LUNG_T19	tumor	NA
GTTCTCGCAAGTAATG_LUNG_T19	normal	NA
GTTCTCGCAGGGTACA_LUNG_T19	normal	NA
GTTCTCGGTCCGAAGA_LUNG_T19	normal	NA
GTTTCTAAGACTGTAA_LUNG_T19	normal	NA
GTTTCTAAGGCAGTCA_LUNG_T19	tumor	NA
GTTTCTAAGTGGACGT_LUNG_T19	tumor	NA
GTTTCTAAGTGTCCCG_LUNG_T19	tumor	NA
GTTTCTACACGTTGGC_LUNG_T19	tumor	NA
GTTTCTAGTTACCGAT_LUNG_T19	tumor	NA
GTTTCTATCAGCAACT_LUNG_T19	tumor	NA
TAAACCGCAAGCTGTT_LUNG_T19	tumor	NA
TAAACCGCACGGCTAC_LUNG_T19	tumor	NA
TAAACCGCAGATCCAT_LUNG_T19	normal	NA
TAAACCGCAGGGATTG_LUNG_T19	tumor	NA
TAAACCGCATACGCTA_LUNG_T19	tumor	NA
TAAGAGAAGCCACCTG_LUNG_T19	normal	NA
TAAGAGACAAGTAATG_LUNG_T19	tumor	NA
TAAGAGACAGACAGGT_LUNG_T19	normal	NA
TAAGAGACATTAACCG_LUNG_T19	normal	NA
TAAGAGAGTCCGACGT_LUNG_T19	normal	NA
TAAGAGAGTGCGAAAC_LUNG_T19	normal	NA
TAAGAGATCTTACCTA_LUNG_T19	tumor	NA
TAAGAGATCTTGCAAG_LUNG_T19	normal	NA
TAAGCGTAGAAACCGC_LUNG_T19	normal	NA
TAAGCGTAGAAGGACA_LUNG_T19	normal	NA
TAAGCGTAGACAGGCT_LUNG_T19	normal	NA
TAAGCGTAGCCACGCT_LUNG_T19	tumor	NA
TAAGCGTCATTCTCAT_LUNG_T19	normal	NA
TAAGCGTGTCTTTCAT_LUNG_T19	normal	NA
TAAGCGTGTGTGCGTC_LUNG_T19	normal	NA
TAAGCGTTCAGCGACC_LUNG_T19	normal	NA
TAAGCGTTCCCGACTT_LUNG_T19	tumor	NA
TAAGTGCAGTGTGGCA_LUNG_T19	tumor	NA
TAAGTGCCACCAGTTA_LUNG_T19	normal	NA
TAAGTGCGTTCAGACT_LUNG_T19	normal	NA
TAAGTGCTCATGTGGT_LUNG_T19	tumor	NA
TAAGTGCTCGGAATCT_LUNG_T19	normal	NA
TACACGAAGGCTAGCA_LUNG_T19	normal	NA
TACACGACAACGATGG_LUNG_T19	tumor	NA
TACACGACACGAAACG_LUNG_T19	tumor	NA
TACACGACATGTAAGA_LUNG_T19	normal	NA
TACACGAGTCGAAAGC_LUNG_T19	tumor	NA
TACACGAGTGCACTTA_LUNG_T19	normal	NA
TACAGTGAGCTAGCCC_LUNG_T19	normal	NA
TACAGTGAGGAGCGTT_LUNG_T19	tumor	NA
TACAGTGAGTGTACTC_LUNG_T19	normal	NA
TACAGTGCAACTGCGC_LUNG_T19	normal	NA
TACAGTGCACGAAATA_LUNG_T19	tumor	NA
TACAGTGGTACCGCTG_LUNG_T19	tumor	NA
TACAGTGGTCTACCTC_LUNG_T19	tumor	NA
TACAGTGGTCTGATCA_LUNG_T19	normal	NA
TACAGTGGTTGTGGCC_LUNG_T19	normal	NA
TACAGTGTCTATCCTA_LUNG_T19	normal	NA
TACCTATAGAGGACGG_LUNG_T19	tumor	NA
TACCTATAGATGCCAG_LUNG_T19	tumor	NA
TACCTATCAAGCCATT_LUNG_T19	tumor	NA
TACCTATCAAGTCTAC_LUNG_T19	tumor	NA
TACCTATCACCGAAAG_LUNG_T19	tumor	NA
TACCTATCACCGTTGG_LUNG_T19	normal	NA
TACCTATGTAGCTAAA_LUNG_T19	tumor	NA
TACCTATGTATCTGCA_LUNG_T19	normal	NA
TACCTATGTTAGGGTG_LUNG_T19	tumor	NA
TACCTATTCAGCTCTC_LUNG_T19	tumor	NA
TACCTATTCCGTAGGC_LUNG_T19	normal	NA
TACGGATAGGGAAACA_LUNG_T19	tumor	NA
TACGGATAGGGATCTG_LUNG_T19	normal	NA
TACGGATGTTCACGGC_LUNG_T19	normal	NA
TACGGATTCAACGGCC_LUNG_T19	normal	NA
TACGGATTCGAATCCA_LUNG_T19	tumor	NA
TACGGGCAGACGCAAC_LUNG_T19	normal	NA
TACGGGCAGAGCCTAG_LUNG_T19	tumor	NA
TACGGGCAGTCGTACT_LUNG_T19	tumor	NA
TACGGGCAGTTAACGA_LUNG_T19	normal	NA
TACGGGCCACAGCCCA_LUNG_T19	normal	NA
TACGGGCGTACTCGCG_LUNG_T19	tumor	NA
TACGGGCGTAGGGTAC_LUNG_T19	normal	NA
TACGGGCTCTTTACGT_LUNG_T19	normal	NA
TACGGTAAGACGCACA_LUNG_T19	tumor	NA
TACGGTAAGGGCTTCC_LUNG_T19	normal	NA
TACGGTACAGCGATCC_LUNG_T19	tumor	NA
TACGGTAGTAATCACC_LUNG_T19	tumor	NA
TACGGTAGTAGCTGCC_LUNG_T19	normal	NA
TACGGTAGTGGACGAT_LUNG_T19	normal	NA
TACGGTATCCTTTCTC_LUNG_T19	normal	NA
TACTCATCACCCATTC_LUNG_T19	tumor	NA
TACTCATCACTCTGTC_LUNG_T19	normal	NA
TACTCATCAGCTCGAC_LUNG_T19	tumor	NA
TACTCATCAGTATGCT_LUNG_T19	tumor	NA
TACTCATCATCCCATC_LUNG_T19	normal	NA
TACTCGCAGAGTCGGT_LUNG_T19	tumor	NA
TACTCGCAGTGTCCCG_LUNG_T19	normal	NA
TACTCGCGTATCACCA_LUNG_T19	normal	NA
TACTCGCGTGAAATCA_LUNG_T19	tumor	NA
TACTCGCGTGTTGAGG_LUNG_T19	tumor	NA
TACTCGCTCTCTAAGG_LUNG_T19	tumor	NA
TACTTACCATGGGACA_LUNG_T19	tumor	NA
TACTTACGTGGGTCAA_LUNG_T19	tumor	NA
TACTTACTCAATCTCT_LUNG_T19	tumor	NA
TACTTACTCATGGTCA_LUNG_T19	normal	NA
TACTTACTCCTTCAAT_LUNG_T19	tumor	NA
TACTTGTCACAGACTT_LUNG_T19	tumor	NA
TACTTGTCAGCTGTGC_LUNG_T19	normal	NA
TACTTGTGTCTCTCGT_LUNG_T19	normal	NA
TACTTGTTCTTCGAGA_LUNG_T19	tumor	NA
TAGACCACAGTAACGG_LUNG_T19	tumor	NA
TAGACCAGTCAATGTC_LUNG_T19	tumor	NA
TAGACCAGTCTCTTAT_LUNG_T19	tumor	NA
TAGACCAGTGTTTGGT_LUNG_T19	tumor	NA
TAGACCAGTTCGCGAC_LUNG_T19	normal	NA
TAGACCAGTTCTGAAC_LUNG_T19	tumor	NA
TAGAGCTAGCAATATG_LUNG_T19	normal	NA
TAGAGCTAGGCAATTA_LUNG_T19	normal	NA
TAGAGCTGTGCCTGTG_LUNG_T19	normal	NA
TAGAGCTTCCTTGGTC_LUNG_T19	tumor	NA
TAGAGCTTCGCAGGCT_LUNG_T19	normal	NA
TAGCCGGAGAGGTAGA_LUNG_T19	tumor	NA
TAGCCGGAGGATCGCA_LUNG_T19	normal	NA
TAGCCGGCAGCCACCA_LUNG_T19	tumor	NA
TAGCCGGGTAAAGGAG_LUNG_T19	tumor	NA
TAGCCGGGTGCATCTA_LUNG_T19	normal	NA
TAGCCGGTCTATCCCG_LUNG_T19	tumor	NA
TAGGCATAGCGATTCT_LUNG_T19	normal	NA
TAGGCATGTCAGTGGA_LUNG_T19	normal	NA
TAGGCATGTGTTTGTG_LUNG_T19	tumor	NA
TAGGCATTCCAAGCCG_LUNG_T19	tumor	NA
TAGGCATTCTACCTGC_LUNG_T19	normal	NA
TAGTGGTAGAGGTACC_LUNG_T19	normal	NA
TAGTGGTAGGCGTACA_LUNG_T19	tumor	NA
TAGTGGTCATAGTAAG_LUNG_T19	tumor	NA
TAGTGGTGTCCTCTTG_LUNG_T19	normal	NA
TAGTGGTGTGATGTGG_LUNG_T19	normal	NA
TAGTGGTGTGGAAAGA_LUNG_T19	tumor	NA
TAGTGGTTCCTGTACC_LUNG_T19	normal	NA
TAGTGGTTCTTATCTG_LUNG_T19	tumor	NA
TAGTTGGCAAAGTGCG_LUNG_T19	normal	NA
TAGTTGGCACAACTGT_LUNG_T19	normal	NA
TAGTTGGCACATAACC_LUNG_T19	normal	NA
TAGTTGGGTATATCCG_LUNG_T19	tumor	NA
TAGTTGGGTTACAGAA_LUNG_T19	tumor	NA
TAGTTGGTCGAATGCT_LUNG_T19	normal	NA
TAGTTGGTCGATAGAA_LUNG_T19	tumor	NA
TAGTTGGTCGGTGTCG_LUNG_T19	tumor	NA
TATCAGGAGTGTACGG_LUNG_T19	tumor	NA
TATCAGGCACATGTGT_LUNG_T19	normal	NA
TATCAGGCAGGAATCG_LUNG_T19	tumor	NA
TATCAGGCATCTCGCT_LUNG_T19	tumor	NA
TATCAGGCATGCCCGA_LUNG_T19	tumor	NA
TATCAGGGTAAGCACG_LUNG_T19	tumor	NA
TATCAGGTCGTCGTTC_LUNG_T19	tumor	NA
TATCAGGTCTTAGAGC_LUNG_T19	tumor	NA
TATCTCACAGATTGCT_LUNG_T19	normal	NA
TATCTCAGTACGCTGC_LUNG_T19	normal	NA
TATCTCATCCCTTGTG_LUNG_T19	tumor	NA
TATCTCATCTTCTGGC_LUNG_T19	tumor	NA
TATGCCCAGAACTCGG_LUNG_T19	tumor	NA
TATGCCCCAACAACCT_LUNG_T19	normal	NA
TATGCCCTCAACACGT_LUNG_T19	normal	NA
TATGCCCTCAACGGCC_LUNG_T19	normal	NA
TATGCCCTCACTATTC_LUNG_T19	tumor	NA
TATTACCAGATGTGTA_LUNG_T19	tumor	NA
TATTACCCAACACCCG_LUNG_T19	tumor	NA
TATTACCGTATGAAAC_LUNG_T19	normal	NA
TATTACCGTTCGCTAA_LUNG_T19	tumor	NA
TATTACCTCACAGGCC_LUNG_T19	tumor	NA
TATTACCTCATATCGG_LUNG_T19	normal	NA
TATTACCTCGCCATAA_LUNG_T19	tumor	NA
TATTACCTCTTGCAAG_LUNG_T19	normal	NA
TCAACGAAGTCGTACT_LUNG_T19	normal	NA
TCAACGAAGTTAAGTG_LUNG_T19	normal	NA
TCAACGACAAAGTCAA_LUNG_T19	tumor	NA
TCAACGACACGGCTAC_LUNG_T19	normal	NA
TCAACGACAGGGTTAG_LUNG_T19	tumor	NA
TCAACGACATATGCTG_LUNG_T19	normal	NA
TCAACGAGTATTACCG_LUNG_T19	tumor	NA
TCAACGAGTCAGAATA_LUNG_T19	tumor	NA
TCAACGATCACCTTAT_LUNG_T19	normal	NA
TCAACGATCCTAGTGA_LUNG_T19	normal	NA
TCAATCTCAGAGCCAA_LUNG_T19	normal	NA
TCAATCTCAGCTCCGA_LUNG_T19	tumor	NA
TCAATCTCATCAGTCA_LUNG_T19	tumor	NA
TCAATCTGTAGCTTGT_LUNG_T19	normal	NA
TCAATCTGTCACTTCC_LUNG_T19	tumor	NA
TCAATCTTCGAATGGG_LUNG_T19	tumor	NA
TCAATCTTCGGCGCAT_LUNG_T19	normal	NA
TCACAAGAGATGTGTA_LUNG_T19	normal	NA
TCACAAGAGCGTTTAC_LUNG_T19	normal	NA
TCACAAGGTACCCAAT_LUNG_T19	normal	NA
TCACAAGGTCCGAGTC_LUNG_T19	tumor	NA
TCACAAGGTGATAAAC_LUNG_T19	normal	NA
TCACAAGGTTCGTCTC_LUNG_T19	tumor	NA
TCACAAGTCTCGCTTG_LUNG_T19	normal	NA
TCACAAGTCTCGGACG_LUNG_T19	tumor	NA
TCACAAGTCTTGCATT_LUNG_T19	tumor	NA
TCACGAAAGCAGATCG_LUNG_T19	tumor	NA
TCACGAAAGGTCGGAT_LUNG_T19	normal	NA
TCACGAACATTCGACA_LUNG_T19	tumor	NA
TCACGAAGTAGTACCT_LUNG_T19	normal	NA
TCACGAAGTCGCTTTC_LUNG_T19	tumor	NA
TCACGAATCAGCCTAA_LUNG_T19	tumor	NA
TCAGATGAGAAACGCC_LUNG_T19	normal	NA
TCAGATGAGGGCTTCC_LUNG_T19	tumor	NA
TCAGATGCAGCCTATA_LUNG_T19	tumor	NA
TCAGATGCAGGAACGT_LUNG_T19	tumor	NA
TCAGATGCATCACCCT_LUNG_T19	tumor	NA
TCAGATGGTCACTGGC_LUNG_T19	tumor	NA
TCAGATGGTCGGCTCA_LUNG_T19	tumor	NA
TCAGATGTCCATTCTA_LUNG_T19	tumor	NA
TCAGATGTCGTGGTCG_LUNG_T19	tumor	NA
TCAGATGTCTAGAGTC_LUNG_T19	normal	NA
TCAGCAAAGGACCACA_LUNG_T19	normal	NA
TCAGCAAAGTCAAGCG_LUNG_T19	normal	NA
TCAGCAACAACTTGAC_LUNG_T19	tumor	NA
TCAGCAACACAAGACG_LUNG_T19	tumor	NA
TCAGCAAGTCTTCGTC_LUNG_T19	tumor	NA
TCAGCAATCAAGCCTA_LUNG_T19	tumor	NA
TCAGCAATCGCCTGTT_LUNG_T19	tumor	NA
TCAGCAATCGGCTACG_LUNG_T19	tumor	NA
TCAGCTCAGACCTTTG_LUNG_T19	tumor	NA
TCAGCTCAGCTGCGAA_LUNG_T19	tumor	NA
TCAGCTCAGGCTCAGA_LUNG_T19	tumor	NA
TCAGCTCCAAGCCGCT_LUNG_T19	tumor	NA
TCAGCTCCAGACACTT_LUNG_T19	tumor	NA
TCAGCTCGTAGGCATG_LUNG_T19	normal	NA
TCAGCTCGTTACTGAC_LUNG_T19	tumor	NA
TCAGCTCGTTGGACCC_LUNG_T19	tumor	NA
TCAGCTCTCCTGTAGA_LUNG_T19	tumor	NA
TCAGGATAGGCTATCT_LUNG_T19	normal	NA
TCAGGATCACCACCAG_LUNG_T19	normal	NA
TCAGGATCAGCCAGAA_LUNG_T19	tumor	NA
TCAGGATGTCTCAACA_LUNG_T19	tumor	NA
TCAGGATTCAAGATCC_LUNG_T19	tumor	NA
TCAGGATTCGCCGTGA_LUNG_T19	tumor	NA
TCAGGTAAGATTACCC_LUNG_T19	tumor	NA
TCAGGTAAGTCGAGTG_LUNG_T19	tumor	NA
TCAGGTAGTAAATACG_LUNG_T19	normal	NA
TCAGGTAGTCCGAACC_LUNG_T19	tumor	NA
TCAGGTAGTTCGCGAC_LUNG_T19	tumor	NA
TCATTACAGCTGAACG_LUNG_T19	normal	NA
TCATTACAGCTGCCCA_LUNG_T19	tumor	NA
TCATTACAGCTGCGAA_LUNG_T19	tumor	NA
TCATTACAGTGATCGG_LUNG_T19	normal	NA
TCATTACCATACGCTA_LUNG_T19	normal	NA
TCATTACGTCATACTG_LUNG_T19	tumor	NA
TCATTACGTTCAACCA_LUNG_T19	tumor	NA
TCATTACGTTCGCTAA_LUNG_T19	tumor	NA
TCATTACTCGCATGAT_LUNG_T19	tumor	NA
TCATTACTCGCTGATA_LUNG_T19	normal	NA
TCATTTGAGCTAGTGG_LUNG_T19	normal	NA
TCATTTGAGTCACGCC_LUNG_T19	normal	NA
TCATTTGCACCAGATT_LUNG_T19	tumor	NA
TCATTTGCATAAGACA_LUNG_T19	tumor	NA
TCATTTGGTAGGCTGA_LUNG_T19	normal	NA
TCATTTGGTCGGGTCT_LUNG_T19	normal	NA
TCATTTGTCTCCAGGG_LUNG_T19	tumor	NA
TCCACACAGAGGTACC_LUNG_T19	tumor	NA
TCCACACAGATGTGTA_LUNG_T19	tumor	NA
TCCACACAGCTACCGC_LUNG_T19	normal	NA
TCCACACGTACCGTAT_LUNG_T19	tumor	yes
TCCACACTCGCCAAAT_LUNG_T19	normal	NA
TCCACACTCTTCCTTC_LUNG_T19	normal	NA
TCCCGATAGATGTGGC_LUNG_T19	tumor	NA
TCCCGATAGCCACGCT_LUNG_T19	tumor	NA
TCCCGATCACGTCTCT_LUNG_T19	tumor	NA
TCCCGATGTTTGGGCC_LUNG_T19	tumor	NA
TCCCGATTCACTGGGC_LUNG_T19	tumor	NA
TCGAGGCAGCGATCCC_LUNG_T19	tumor	NA
TCGAGGCAGTCGCCGT_LUNG_T19	normal	NA
TCGAGGCCAGCTGCAC_LUNG_T19	normal	NA
TCGAGGCCAGCTGTGC_LUNG_T19	tumor	NA
TCGAGGCCATCTCCCA_LUNG_T19	tumor	NA
TCGAGGCGTAGCGCTC_LUNG_T19	tumor	NA
TCGAGGCGTGAGCGAT_LUNG_T19	normal	NA
TCGAGGCGTTCGTCTC_LUNG_T19	normal	NA
TCGAGGCTCCTACAGA_LUNG_T19	normal	NA
TCGCGAGAGGCTCATT_LUNG_T19	tumor	NA
TCGCGAGCAAGTTCTG_LUNG_T19	tumor	NA
TCGCGAGCAGCCAGAA_LUNG_T19	tumor	NA
TCGCGAGCATTTCACT_LUNG_T19	tumor	NA
TCGCGTTTCCACTCCA_LUNG_T19	tumor	NA
TCGCGTTTCCCAACGG_LUNG_T19	tumor	NA
TCGGGACCAGTCGTGC_LUNG_T19	normal	NA
TCGGGACCATTAACCG_LUNG_T19	normal	NA
TCGGGACCATTCGACA_LUNG_T19	normal	NA
TCGGGACGTCCAAGTT_LUNG_T19	tumor	NA
TCGGGACGTCGCATCG_LUNG_T19	tumor	NA
TCGGGACGTCGCGTGT_LUNG_T19	normal	NA
TCGGGACGTTGAACTC_LUNG_T19	tumor	yes
TCGGGACTCGCGTTTC_LUNG_T19	normal	NA
TCGGGACTCGTTGCCT_LUNG_T19	normal	yes
TCGGTAACACTTAACG_LUNG_T19	tumor	NA
TCGGTAAGTAGATTAG_LUNG_T19	tumor	NA
TCGTACCCAGTATGCT_LUNG_T19	tumor	NA
TCGTACCCATGTTCCC_LUNG_T19	normal	NA
TCGTACCGTATGCTTG_LUNG_T19	normal	NA
TCGTACCGTGATGTCT_LUNG_T19	tumor	NA
TCGTACCGTTCCACAA_LUNG_T19	tumor	NA
TCGTACCGTTGCCTCT_LUNG_T19	tumor	NA
TCGTACCTCCGCGGTA_LUNG_T19	tumor	NA
TCGTACCTCTGTCTCG_LUNG_T19	tumor	NA
TCGTAGAAGAGGTACC_LUNG_T19	tumor	NA
TCGTAGAAGCCACGTC_LUNG_T19	tumor	NA
TCGTAGAAGGCCCTTG_LUNG_T19	tumor	NA
TCGTAGACACCCTATC_LUNG_T19	normal	NA
TCTATTGAGTGGGATC_LUNG_T19	tumor	NA
TCTATTGCAAAGGAAG_LUNG_T19	tumor	NA
TCTATTGGTAGATTAG_LUNG_T19	tumor	NA
TCTATTGGTGACTACT_LUNG_T19	tumor	NA
TCTATTGTCACGGTTA_LUNG_T19	normal	NA
TCTATTGTCCATGCTC_LUNG_T19	normal	NA
TCTATTGTCGTTTATC_LUNG_T19	tumor	NA
TCTATTGTCTGGTTCC_LUNG_T19	tumor	NA
TCTATTGTCTGTCCGT_LUNG_T19	normal	NA
TCTCATACACAGACTT_LUNG_T19	normal	NA
TCTCATACACCTGGTG_LUNG_T19	tumor	NA
TCTCATACAGACGCCT_LUNG_T19	tumor	yes
TCTCATACATCGGGTC_LUNG_T19	normal	NA
TCTCATAGTCATATGC_LUNG_T19	normal	NA
TCTCATAGTTAAAGAC_LUNG_T19	tumor	NA
TCTCATATCTATCGCC_LUNG_T19	normal	NA
TCTCTAAAGAGCCTAG_LUNG_T19	normal	NA
TCTCTAAAGTAGTGCG_LUNG_T19	tumor	NA
TCTCTAACACATCCAA_LUNG_T19	normal	NA
TCTCTAACAGCTTCGG_LUNG_T19	tumor	NA
TCTCTAAGTCAATACC_LUNG_T19	tumor	NA
TCTCTAATCAAACCAC_LUNG_T19	normal	NA
TCTCTAATCGCGCCAA_LUNG_T19	tumor	NA
TCTGAGAAGCTAGTTC_LUNG_T19	tumor	NA
TCTGAGATCTGCTGCT_LUNG_T19	tumor	NA
TCTGGAAAGTAGGCCA_LUNG_T19	normal	NA
TCTGGAAAGTTCCACA_LUNG_T19	tumor	NA
TCTGGAACATCGGTTA_LUNG_T19	tumor	NA
TCTGGAATCAAGCCTA_LUNG_T19	tumor	NA
TCTGGAATCTTTCCTC_LUNG_T19	tumor	NA
TCTTCGGAGAGACGAA_LUNG_T19	tumor	NA
TCTTCGGAGGAGCGAG_LUNG_T19	normal	NA
TCTTCGGGTACTCTCC_LUNG_T19	normal	NA
TCTTTCCCAAGCGATG_LUNG_T19	normal	NA
TCTTTCCCAATCCAAC_LUNG_T19	normal	NA
TCTTTCCCATGCCTTC_LUNG_T19	tumor	NA
TCTTTCCGTCCATCCT_LUNG_T19	tumor	NA
TCTTTCCGTCGACTGC_LUNG_T19	tumor	NA
TGAAAGAAGTTCGCGC_LUNG_T19	tumor	NA
TGAAAGACAAGCCTAT_LUNG_T19	normal	NA
TGAAAGACAATAGAGT_LUNG_T19	tumor	NA
TGAAAGAGTCCAACTA_LUNG_T19	normal	NA
TGAAAGATCAACACGT_LUNG_T19	normal	NA
TGAAAGATCACCAGGC_LUNG_T19	tumor	NA
TGAAAGATCCTGTACC_LUNG_T19	normal	NA
TGAAAGATCTGCCAGG_LUNG_T19	tumor	NA
TGACAACAGCTAAACA_LUNG_T19	tumor	NA
TGACAACAGCTAGGCA_LUNG_T19	tumor	NA
TGACAACCACCTCGTT_LUNG_T19	normal	NA
TGACAACCACTGTTAG_LUNG_T19	normal	NA
TGACAACGTCAGAGGT_LUNG_T19	tumor	NA
TGACAACTCAGCCTAA_LUNG_T19	normal	NA
TGACAACTCCAAACTG_LUNG_T19	tumor	NA
TGACAACTCCAGAAGG_LUNG_T19	normal	NA
TGACAACTCCTAGAAC_LUNG_T19	tumor	NA
TGACGGCCAACACGCC_LUNG_T19	tumor	NA
TGACGGCGTCTCTCTG_LUNG_T19	tumor	NA
TGACGGCGTGGGTCAA_LUNG_T19	tumor	NA
TGACGGCTCTGAAAGA_LUNG_T19	normal	NA
TGACGGCTCTGGCGAC_LUNG_T19	normal	NA
TGACGGCTCTTATCTG_LUNG_T19	tumor	NA
TGACTAGAGATAGGAG_LUNG_T19	tumor	NA
TGACTAGAGCTAGTCT_LUNG_T19	tumor	NA
TGACTAGCAGCTGTTA_LUNG_T19	normal	NA
TGACTAGCATCCTAGA_LUNG_T19	normal	NA
TGACTAGGTCATATCG_LUNG_T19	normal	NA
TGACTAGTCCACGAAT_LUNG_T19	normal	NA
TGACTAGTCGCACTCT_LUNG_T19	tumor	NA
TGACTAGTCTCGAGTA_LUNG_T19	tumor	NA
TGACTTTCATTCGACA_LUNG_T19	normal	NA
TGACTTTTCAAGCCTA_LUNG_T19	tumor	NA
TGACTTTTCAATACCG_LUNG_T19	normal	NA
TGACTTTTCGTATCAG_LUNG_T19	tumor	NA
TGAGAGGAGAAACCGC_LUNG_T19	normal	NA
TGAGAGGAGAGCTGGT_LUNG_T19	normal	NA
TGAGAGGAGCGAAGGG_LUNG_T19	tumor	NA
TGAGAGGCACGAGAGT_LUNG_T19	tumor	NA
TGAGAGGCAGAAGCAC_LUNG_T19	normal	NA
TGAGAGGTCCAAAGTC_LUNG_T19	tumor	NA
TGAGCATAGGGATGGG_LUNG_T19	normal	NA
TGAGCATAGTTCGCGC_LUNG_T19	tumor	NA
TGAGCATTCCATTCTA_LUNG_T19	tumor	NA
TGAGCATTCTCAACTT_LUNG_T19	tumor	NA
TGAGCATTCTTCGAGA_LUNG_T19	tumor	NA
TGAGCCGAGGTGTGGT_LUNG_T19	normal	NA
TGAGCCGAGTGCAAGC_LUNG_T19	tumor	NA
TGAGCCGCAGGTCCAC_LUNG_T19	normal	NA
TGAGCCGCAGTATCTG_LUNG_T19	normal	NA
TGAGCCGCATTCACTT_LUNG_T19	normal	NA
TGAGCCGGTATTCTCT_LUNG_T19	tumor	NA
TGAGCCGTCAGCTCTC_LUNG_T19	tumor	NA
TGAGCCGTCGTACGGC_LUNG_T19	normal	NA
TGAGCCGTCGTGGTCG_LUNG_T19	normal	NA
TGAGGGAAGCTAACAA_LUNG_T19	normal	NA
TGAGGGACATCAGTAC_LUNG_T19	normal	NA
TGAGGGACATGCTGGC_LUNG_T19	normal	NA
TGAGGGAGTTAGGGTG_LUNG_T19	tumor	NA
TGAGGGATCACCACCT_LUNG_T19	tumor	NA
TGATTTCAGGATGTAT_LUNG_T19	tumor	NA
TGATTTCCAGGAACGT_LUNG_T19	normal	NA
TGCACCTCATTGGGCC_LUNG_T19	tumor	NA
TGCACCTGTAGCCTAT_LUNG_T19	normal	NA
TGCACCTGTGTTTGTG_LUNG_T19	normal	NA
TGCACCTTCCGTAGTA_LUNG_T19	tumor	NA
TGCACCTTCGGCGCAT_LUNG_T19	tumor	NA
TGCCAAACATACAGCT_LUNG_T19	tumor	NA
TGCCAAACATTGCGGC_LUNG_T19	tumor	NA
TGCCAAAGTAGCGCAA_LUNG_T19	tumor	NA
TGCCAAAGTCAAACTC_LUNG_T19	normal	NA
TGCCAAAGTGACCAAG_LUNG_T19	tumor	NA
TGCCAAAGTTGACGTT_LUNG_T19	tumor	NA
TGCCAAATCGGCGCAT_LUNG_T19	tumor	NA
TGCCCATAGCGATTCT_LUNG_T19	tumor	NA
TGCCCATAGCTCCCAG_LUNG_T19	normal	NA
TGCCCATAGGGCATGT_LUNG_T19	tumor	NA
TGCCCATCAAGTAATG_LUNG_T19	normal	NA
TGCCCATCAATAGCAA_LUNG_T19	tumor	NA
TGCCCATCACTCTGTC_LUNG_T19	tumor	NA
TGCCCATGTCTAGAGG_LUNG_T19	tumor	NA
TGCCCATTCCAATGGT_LUNG_T19	normal	NA
TGCCCATTCGGCGCAT_LUNG_T19	normal	NA
TGCCCATTCGTACGGC_LUNG_T19	normal	NA
TGCCCTACACCATGTA_LUNG_T19	tumor	NA
TGCCCTAGTTAAAGTG_LUNG_T19	normal	NA
TGCCCTATCCTGTACC_LUNG_T19	tumor	NA
TGCGCAGGTGGAAAGA_LUNG_T19	tumor	NA
TGCGCAGTCAGTTTGG_LUNG_T19	normal	NA
TGCGCAGTCGTGGACC_LUNG_T19	tumor	NA
TGCGCAGTCGTTTATC_LUNG_T19	tumor	NA
TGCGGGTAGGCTAGAC_LUNG_T19	normal	NA
TGCGGGTCATTTCACT_LUNG_T19	tumor	NA
TGCGGGTGTAGCCTCG_LUNG_T19	tumor	NA
TGCGGGTGTAGCTCCG_LUNG_T19	normal	NA
TGCGGGTTCCGCGGTA_LUNG_T19	normal	NA
TGCGTGGAGACAGAGA_LUNG_T19	normal	NA
TGCGTGGAGAGTAAGG_LUNG_T19	tumor	NA
TGCGTGGAGCCCGAAA_LUNG_T19	tumor	NA
TGCGTGGCACATCCGG_LUNG_T19	tumor	NA
TGCGTGGGTCAAACTC_LUNG_T19	normal	NA
TGCGTGGTCTCTGAGA_LUNG_T19	tumor	NA
TGCTACCAGACCGGAT_LUNG_T19	tumor	NA
TGCTACCAGGGAACGG_LUNG_T19	tumor	NA
TGCTACCAGGGCTTGA_LUNG_T19	normal	NA
TGCTACCAGTGTTGAA_LUNG_T19	tumor	NA
TGCTACCCAGTCGATT_LUNG_T19	tumor	NA
TGCTACCCATCTACGA_LUNG_T19	normal	NA
TGCTACCGTGTAATGA_LUNG_T19	tumor	NA
TGCTACCGTTACAGAA_LUNG_T19	normal	NA
TGCTACCGTTTGTTGG_LUNG_T19	tumor	NA
TGCTACCTCTCTTATG_LUNG_T19	normal	NA
TGCTGCTAGGGCTCTC_LUNG_T19	tumor	NA
TGCTGCTCAACACGCC_LUNG_T19	tumor	NA
TGCTGCTCACCGGAAA_LUNG_T19	tumor	yes
TGCTGCTCATAGACTC_LUNG_T19	normal	NA
TGCTGCTCATGGTCAT_LUNG_T19	tumor	NA
TGCTGCTGTCAATGTC_LUNG_T19	tumor	NA
TGCTGCTGTCTTGCGG_LUNG_T19	tumor	NA
TGCTGCTTCGGATGTT_LUNG_T19	tumor	NA
TGGACGCAGCGTTCCG_LUNG_T19	tumor	NA
TGGACGCAGCTAGCCC_LUNG_T19	tumor	NA
TGGACGCTCTCGGACG_LUNG_T19	tumor	NA
TGGCCAGAGGATTCGG_LUNG_T19	tumor	NA
TGGCCAGCACCACCAG_LUNG_T19	tumor	NA
TGGCCAGCATCATCCC_LUNG_T19	normal	NA
TGGCCAGCATCGACGC_LUNG_T19	tumor	NA
TGGCCAGGTAGCAAAT_LUNG_T19	tumor	NA
TGGCCAGTCCTGCCAT_LUNG_T19	normal	NA
TGGCCAGTCTCGGACG_LUNG_T19	tumor	NA
TGGCGCAAGATTACCC_LUNG_T19	tumor	NA
TGGCGCAAGTCTCGGC_LUNG_T19	tumor	NA
TGGCGCAAGTGTTAGA_LUNG_T19	normal	NA
TGGCGCACACAGCGTC_LUNG_T19	normal	NA
TGGCGCAGTAAGAGGA_LUNG_T19	normal	NA
TGGCGCAGTCCATCCT_LUNG_T19	tumor	NA
TGGCGCATCTTAGCCC_LUNG_T19	tumor	NA
TGGCTGGAGAATAGGG_LUNG_T19	tumor	NA
TGGCTGGAGCATGGCA_LUNG_T19	normal	NA
TGGCTGGAGCCCAATT_LUNG_T19	tumor	NA
TGGCTGGCAACTGCTA_LUNG_T19	normal	NA
TGGCTGGCAGGGCATA_LUNG_T19	normal	NA
TGGCTGGGTCTTCTCG_LUNG_T19	tumor	NA
TGGCTGGGTTGGTGGA_LUNG_T19	normal	NA
TGGCTGGTCAGCTCTC_LUNG_T19	normal	NA
TGGCTGGTCCGAATGT_LUNG_T19	normal	NA
TGGCTGGTCTGGTTCC_LUNG_T19	tumor	NA
TGGGAAGAGTGCAAGC_LUNG_T19	tumor	NA
TGGGAAGCACGAAAGC_LUNG_T19	normal	NA
TGGGAAGCAGGATTGG_LUNG_T19	tumor	NA
TGGGAAGCAGGGTATG_LUNG_T19	tumor	NA
TGGGAAGGTACTCAAC_LUNG_T19	tumor	NA
TGGGAAGGTATCACCA_LUNG_T19	tumor	NA
TGGGAAGGTCATCGGC_LUNG_T19	tumor	NA
TGGGAAGGTGTGACGA_LUNG_T19	tumor	NA
TGGGCGTAGCTAGTGG_LUNG_T19	normal	NA
TGGGCGTGTCAATGTC_LUNG_T19	normal	NA
TGGGCGTGTGCTAGCC_LUNG_T19	normal	NA
TGGGCGTTCCCTTGTG_LUNG_T19	tumor	NA
TGGTTAGAGAGGGCTT_LUNG_T19	tumor	NA
TGGTTAGAGGACAGAA_LUNG_T19	tumor	NA
TGGTTAGAGGGAGTAA_LUNG_T19	tumor	NA
TGGTTAGCATCGACGC_LUNG_T19	tumor	NA
TGGTTAGGTCTGGAGA_LUNG_T19	tumor	NA
TGGTTCCAGAGAACAG_LUNG_T19	normal	NA
TGGTTCCAGAGTACAT_LUNG_T19	tumor	NA
TGGTTCCCACGGATAG_LUNG_T19	normal	NA
TGGTTCCCATGACGGA_LUNG_T19	tumor	NA
TGGTTCCCATGCCCGA_LUNG_T19	normal	NA
TGGTTCCCATTAGCCA_LUNG_T19	normal	NA
TGGTTCCGTGGCGAAT_LUNG_T19	tumor	NA
TGGTTCCGTTTAGCTG_LUNG_T19	normal	NA
TGGTTCCTCACATACG_LUNG_T19	normal	NA
TGGTTCCTCACCACCT_LUNG_T19	tumor	NA
TGGTTCCTCCGCGGTA_LUNG_T19	tumor	NA
TGGTTCCTCGGCGCTA_LUNG_T19	normal	NA
TGTATTCAGAATTCCC_LUNG_T19	tumor	NA
TGTATTCAGACTACAA_LUNG_T19	normal	NA
TGTATTCCAAGCGCTC_LUNG_T19	normal	NA
TGTATTCCAATGGAAT_LUNG_T19	tumor	NA
TGTATTCCAGTTAACC_LUNG_T19	tumor	NA
TGTATTCGTTAAGACA_LUNG_T19	normal	NA
TGTATTCTCACAACGT_LUNG_T19	normal	NA
TGTATTCTCCAAATGC_LUNG_T19	tumor	NA
TGTCCCAAGATCTGCT_LUNG_T19	normal	NA
TGTCCCAAGCTAGTCT_LUNG_T19	tumor	NA
TGTCCCACAAATTGCC_LUNG_T19	normal	NA
TGTCCCACATAGTAAG_LUNG_T19	tumor	NA
TGTCCCACATTTGCTT_LUNG_T19	tumor	NA
TGTCCCAGTCAGGACA_LUNG_T19	tumor	NA
TGTCCCAGTCTAGGTT_LUNG_T19	normal	NA
TGTCCCAGTGTAATGA_LUNG_T19	tumor	NA
TGTGGTAAGTCGAGTG_LUNG_T19	tumor	NA
TGTGGTAGTATTACCG_LUNG_T19	normal	NA
TGTGGTAGTATTAGCC_LUNG_T19	tumor	NA
TGTGGTAGTCTAGTCA_LUNG_T19	normal	NA
TGTGGTAGTGCACTTA_LUNG_T19	tumor	NA
TGTGGTAGTTGGACCC_LUNG_T19	tumor	NA
TGTGGTATCAATCACG_LUNG_T19	normal	NA
TGTGTTTAGCAACGGT_LUNG_T19	tumor	NA
TGTGTTTAGCCAACAG_LUNG_T19	normal	NA
TGTGTTTCATGCCTTC_LUNG_T19	tumor	NA
TGTGTTTGTAACGTTC_LUNG_T19	normal	NA
TGTGTTTGTCGCGGTT_LUNG_T19	normal	NA
TGTGTTTGTTCCGTCT_LUNG_T19	tumor	NA
TGTGTTTTCAAGGCTT_LUNG_T19	tumor	NA
TGTGTTTTCCCTCAGT_LUNG_T19	tumor	NA
TGTTCCGAGACGCAAC_LUNG_T19	tumor	NA
TGTTCCGAGAGCAATT_LUNG_T19	tumor	NA
TGTTCCGAGATGTGTA_LUNG_T19	normal	NA
TGTTCCGCAGTCAGAG_LUNG_T19	normal	NA
TGTTCCGGTCCATCCT_LUNG_T19	tumor	NA
TGTTCCGGTCGAACAG_LUNG_T19	normal	NA
TGTTCCGGTTGTCGCG_LUNG_T19	tumor	NA
TGTTCCGTCAAAGACA_LUNG_T19	normal	NA
TGTTCCGTCTGGGCCA_LUNG_T19	normal	NA
TGTTCCGTCTTATCTG_LUNG_T19	tumor	NA
TTAACTCAGATGCCTT_LUNG_T19	tumor	NA
TTAACTCAGGCTATCT_LUNG_T19	normal	NA
TTAACTCAGTGAACGC_LUNG_T19	tumor	NA
TTAACTCAGTTAGGTA_LUNG_T19	normal	NA
TTAACTCCACAAGACG_LUNG_T19	tumor	NA
TTAACTCCAGGCGATA_LUNG_T19	normal	NA
TTAACTCCAGGTGGAT_LUNG_T19	tumor	NA
TTAACTCGTAGCAAAT_LUNG_T19	tumor	NA
TTAACTCGTGCGCTTG_LUNG_T19	normal	NA
TTAACTCGTTAAAGAC_LUNG_T19	tumor	NA
TTAACTCGTTACGCGC_LUNG_T19	normal	NA
TTAACTCTCAACTCTT_LUNG_T19	tumor	NA
TTAGGACAGACTACAA_LUNG_T19	normal	NA
TTAGGACAGAGCTTCT_LUNG_T19	tumor	NA
TTAGGACAGCAGGCTA_LUNG_T19	tumor	NA
TTAGGACAGCTACCGC_LUNG_T19	tumor	NA
TTAGGACCAAAGTCAA_LUNG_T19	tumor	NA
TTAGGACCACCAGGTC_LUNG_T19	normal	NA
TTAGGACCACGAGAGT_LUNG_T19	tumor	NA
TTAGGACGTGTTCGAT_LUNG_T19	tumor	NA
TTAGGACGTTCCGTCT_LUNG_T19	tumor	NA
TTAGGCAAGTCGTACT_LUNG_T19	normal	NA
TTAGGCAAGTTGAGTA_LUNG_T19	normal	NA
TTAGGCACACATGGGA_LUNG_T19	tumor	NA
TTAGGCAGTTTAAGCC_LUNG_T19	tumor	NA
TTAGTTCAGAAGGTTT_LUNG_T19	normal	NA
TTAGTTCAGAGGGATA_LUNG_T19	normal	NA
TTAGTTCAGTGGAGTC_LUNG_T19	normal	NA
TTAGTTCAGTTTCCTT_LUNG_T19	normal	NA
TTAGTTCCAATGACCT_LUNG_T19	normal	NA
TTAGTTCCACCATGTA_LUNG_T19	tumor	NA
TTAGTTCCATATGGTC_LUNG_T19	normal	NA
TTAGTTCGTCCGTCAG_LUNG_T19	tumor	NA
TTAGTTCTCTGTACGA_LUNG_T19	tumor	NA
TTAGTTCTCTTAACCT_LUNG_T19	tumor	NA
TTATGCTAGAGTCTGG_LUNG_T19	normal	NA
TTATGCTAGTCAAGCG_LUNG_T19	tumor	NA
TTATGCTAGTGGGTTG_LUNG_T19	tumor	NA
TTATGCTCACACCGAC_LUNG_T19	tumor	NA
TTATGCTCACATCTTT_LUNG_T19	tumor	NA
TTATGCTCAGGCGATA_LUNG_T19	normal	NA
TTATGCTCATGTAAGA_LUNG_T19	tumor	NA
TTATGCTCATTGTGCA_LUNG_T19	tumor	NA
TTATGCTGTAATCGTC_LUNG_T19	tumor	NA
TTATGCTGTGATAAAC_LUNG_T19	tumor	NA
TTATGCTTCACGAAGG_LUNG_T19	tumor	NA
TTCCCAGAGCATCATC_LUNG_T19	normal	NA
TTCCCAGAGTGGGTTG_LUNG_T19	tumor	NA
TTCCCAGCAAGGACAC_LUNG_T19	tumor	NA
TTCCCAGCATGCATGT_LUNG_T19	normal	NA
TTCCCAGGTTCCACGG_LUNG_T19	tumor	NA
TTCGAAGAGAACTGTA_LUNG_T19	tumor	NA
TTCGAAGAGAGTTGGC_LUNG_T19	tumor	NA
TTCGAAGAGCGCTTAT_LUNG_T19	tumor	NA
TTCGAAGAGGCCCGTT_LUNG_T19	normal	NA
TTCGAAGCAAGCGTAG_LUNG_T19	tumor	NA
TTCGAAGCACCCATTC_LUNG_T19	normal	NA
TTCGGTCAGGTGCTAG_LUNG_T19	tumor	NA
TTCGGTCCAGCCAGAA_LUNG_T19	normal	NA
TTCGGTCCATCGACGC_LUNG_T19	tumor	NA
TTCGGTCCATGTCTCC_LUNG_T19	normal	NA
TTCGGTCGTTAAGGGC_LUNG_T19	tumor	NA
TTCGGTCTCGCTTGTC_LUNG_T19	normal	NA
TTCGGTCTCTATGTGG_LUNG_T19	normal	NA
TTCGGTCTCTCAAACG_LUNG_T19	tumor	NA
TTCGGTCTCTCCCTGA_LUNG_T19	tumor	NA
TTCTACAAGACTAGGC_LUNG_T19	normal	NA
TTCTACAAGATTACCC_LUNG_T19	tumor	NA
TTCTACAAGCTGATAA_LUNG_T19	normal	NA
TTCTACACACCCAGTG_LUNG_T19	tumor	NA
TTCTACACACCGAAAG_LUNG_T19	tumor	NA
TTCTACAGTTCCACGG_LUNG_T19	normal	NA
TTCTACAGTTGGTAAA_LUNG_T19	tumor	NA
TTCTACATCATGTAGC_LUNG_T19	tumor	NA
TTCTACATCTCTAAGG_LUNG_T19	tumor	NA
TTCTCAAAGAGCCTAG_LUNG_T19	tumor	NA
TTCTCAACAAGCGAGT_LUNG_T19	normal	NA
TTCTCAACATGACATC_LUNG_T19	normal	NA
TTCTCAATCACCCTCA_LUNG_T19	tumor	NA
TTCTCAATCCGGGTGT_LUNG_T19	normal	NA
TTCTCCTAGAAGGGTA_LUNG_T19	normal	NA
TTCTCCTAGGAATGGA_LUNG_T19	tumor	NA
TTCTCCTAGTGCAAGC_LUNG_T19	tumor	NA
TTCTCCTAGTGCTGCC_LUNG_T19	normal	NA
TTCTCCTCACTATCTT_LUNG_T19	tumor	NA
TTCTCCTCATCACGTA_LUNG_T19	tumor	NA
TTCTCCTCATTCCTCG_LUNG_T19	tumor	NA
TTCTCCTTCACTTACT_LUNG_T19	tumor	NA
TTCTCCTTCAGTTAGC_LUNG_T19	tumor	NA
TTCTCCTTCTGTCCGT_LUNG_T19	normal	NA
TTCTTAGAGTGTCCAT_LUNG_T19	normal	NA
TTCTTAGCACGGCCAT_LUNG_T19	tumor	NA
TTCTTAGCAGGTTTCA_LUNG_T19	tumor	NA
TTCTTAGGTACACCGC_LUNG_T19	tumor	NA
TTCTTAGGTCAAACTC_LUNG_T19	normal	NA
TTCTTAGGTTACGGAG_LUNG_T19	normal	NA
TTCTTAGTCAAACCAC_LUNG_T19	tumor	NA
TTCTTAGTCACAGTAC_LUNG_T19	normal	NA
TTCTTAGTCAGGATCT_LUNG_T19	tumor	NA
TTCTTAGTCCTTGACC_LUNG_T19	normal	NA
TTGAACGAGAGACTTA_LUNG_T19	tumor	NA
TTGAACGAGATCGGGT_LUNG_T19	normal	NA
TTGAACGAGATGTTAG_LUNG_T19	normal	NA
TTGAACGCACTGTGTA_LUNG_T19	tumor	NA
TTGAACGGTCAGAAGC_LUNG_T19	normal	NA
TTGAACGGTCTCACCT_LUNG_T19	tumor	NA
TTGAACGGTTCTGGTA_LUNG_T19	tumor	yes
TTGAACGGTTTGACAC_LUNG_T19	normal	NA
TTGACTTCAAGCCGCT_LUNG_T19	tumor	NA
TTGACTTCACAGACAG_LUNG_T19	normal	NA
TTGACTTCATGGATGG_LUNG_T19	normal	NA
TTGACTTCATTAGCCA_LUNG_T19	tumor	NA
TTGACTTGTACCGGCT_LUNG_T19	tumor	NA
TTGACTTGTAGCTGCC_LUNG_T19	tumor	NA
TTGACTTGTATATGGA_LUNG_T19	tumor	NA
TTGACTTGTTGCGTTA_LUNG_T19	tumor	NA
TTGCCGTAGAGCTTCT_LUNG_T19	tumor	NA
TTGCCGTAGCAGATCG_LUNG_T19	tumor	NA
TTGCCGTAGCGATGAC_LUNG_T19	tumor	NA
TTGCCGTCACATGGGA_LUNG_T19	tumor	NA
TTGCCGTCATTAGCCA_LUNG_T19	tumor	NA
TTGCCGTGTCCAGTTA_LUNG_T19	normal	NA
TTGCCGTGTGCACGAA_LUNG_T19	normal	NA
TTGCCGTGTGGGTATG_LUNG_T19	normal	NA
TTGCGTCAGCTGCGAA_LUNG_T19	tumor	NA
TTGCGTCCAGTGACAG_LUNG_T19	tumor	NA
TTGCGTCCATCGATGT_LUNG_T19	tumor	NA
TTGCGTCGTAAGTGTA_LUNG_T19	normal	yes
TTGCGTCGTTAAAGAC_LUNG_T19	normal	NA
TTGCGTCTCAGAGGTG_LUNG_T19	normal	NA
TTGGAACAGGCGTACA_LUNG_T19	normal	NA
TTGGAACAGTACGTTC_LUNG_T19	tumor	NA
TTGGAACAGTGTGGCA_LUNG_T19	normal	NA
TTGGCAAAGCGTGAAC_LUNG_T19	tumor	NA
TTGGCAACACGAAATA_LUNG_T19	tumor	NA
TTGGCAACATCGATTG_LUNG_T19	tumor	NA
TTGGCAACATTACCTT_LUNG_T19	normal	NA
TTGGCAAGTCCGAACC_LUNG_T19	normal	NA
TTGGCAAGTGCAGTAG_LUNG_T19	tumor	NA
TTGGCAATCTACCAGA_LUNG_T19	tumor	NA
TTGTAGGAGTACGTTC_LUNG_T19	tumor	NA
TTGTAGGAGTGTCTCA_LUNG_T19	normal	NA
TTGTAGGAGTGTTAGA_LUNG_T19	tumor	NA
TTGTAGGCAACTTGAC_LUNG_T19	normal	NA
TTGTAGGCAATGAATG_LUNG_T19	tumor	NA
TTGTAGGCATTGGTAC_LUNG_T19	normal	NA
TTGTAGGGTAAATGTG_LUNG_T19	tumor	NA
TTGTAGGGTAAGTTCC_LUNG_T19	tumor	NA
TTTACTGAGAGTAAGG_LUNG_T19	normal	NA
TTTACTGCATCGGTTA_LUNG_T19	normal	NA
TTTACTGGTAAATGTG_LUNG_T19	normal	NA
TTTACTGGTAAGTGTA_LUNG_T19	normal	NA
TTTACTGGTCGTGGCT_LUNG_T19	tumor	NA
TTTACTGGTGTTCTTT_LUNG_T19	tumor	NA
TTTACTGGTTAGGGTG_LUNG_T19	normal	NA
TTTACTGTCGGATGGA_LUNG_T19	normal	NA
TTTACTGTCGTCTGAA_LUNG_T19	normal	NA
TTTATGCAGAAGCCCA_LUNG_T19	tumor	NA
TTTATGCCACACATGT_LUNG_T19	normal	NA
TTTATGCCACCTTGTC_LUNG_T19	normal	NA
TTTATGCGTCGCGGTT_LUNG_T19	normal	NA
TTTATGCGTTACCGAT_LUNG_T19	tumor	NA
TTTATGCGTTTCGCTC_LUNG_T19	tumor	NA
TTTATGCTCCTCTAGC_LUNG_T19	normal	NA
TTTCCTCAGTGTGGCA_LUNG_T19	tumor	NA
TTTCCTCGTCTTGCGG_LUNG_T19	normal	NA
TTTGCGCAGAACAACT_LUNG_T19	tumor	NA
TTTGCGCAGAAGCCCA_LUNG_T19	tumor	NA
TTTGCGCCAAAGCAAT_LUNG_T19	tumor	NA
TTTGCGCCAATTGCTG_LUNG_T19	tumor	NA
TTTGCGCCATTGGTAC_LUNG_T19	normal	NA
TTTGCGCGTACAGTGG_LUNG_T19	tumor	NA
TTTGCGCGTGTAACGG_LUNG_T19	tumor	NA
TTTGCGCTCACCTCGT_LUNG_T19	tumor	NA
TTTGCGCTCCTCCTAG_LUNG_T19	tumor	NA
TTTGGTTAGCTGTCTA_LUNG_T19	tumor	NA
TTTGGTTAGGTGCTAG_LUNG_T19	tumor	NA
TTTGGTTAGTGCGTGA_LUNG_T19	tumor	NA
TTTGGTTCAAAGTCAA_LUNG_T19	tumor	NA
TTTGGTTGTCAAGCGA_LUNG_T19	tumor	NA
TTTGTCACAGACAGGT_LUNG_T19	normal	NA
TTTGTCAGTGATGATA_LUNG_T19	normal	NA
TTTGTCATCAGCATGT_LUNG_T19	normal	NA
TTTGTCATCCTCGCAT_LUNG_T19	tumor	NA
