	class	confidentNormal
BT1303_AAACCTGAGTGCAAGC	normal	
BT1303_AAACCTGAGTGGTAGC	normal	
BT1303_AAACCTGTCTCTAAGG	normal	
BT1303_AAACGGGCAGCTCCGA	normal	
BT1303_AAACGGGCAGGCTGAA	normal	
BT1303_AAACGGGGTATAAACG	normal	
BT1303_AAACGGGTCTAACTGG	normal	
BT1303_AAACGGGTCTTGCCGT	normal	
BT1303_AAAGATGAGGTTACCT	normal	
BT1303_AAAGATGTCACCTCGT	normal	
BT1303_AAAGCAACAGGAATGC	normal	
BT1303_AAAGCAAGTCGCGGTT	normal	
BT1303_AAAGCAATCAGCGACC	normal	
BT1303_AAAGTAGAGCTAGTCT	normal	
BT1303_AAAGTAGGTACATGTC	normal	
BT1303_AAAGTAGGTACCAGTT	normal	
BT1303_AAAGTAGGTCACCCAG	normal	
BT1303_AAAGTAGGTCATGCAT	tumor	
BT1303_AAAGTAGGTCCGAGTC	normal	
BT1303_AAAGTAGGTCGCCATG	normal	
BT1303_AAAGTAGGTTCGTCTC	tumor	
BT1303_AAAGTAGTCACGCATA	normal	
BT1303_AAATGCCAGATCCTGT	normal	
BT1303_AAATGCCAGCTAGCCC	normal	
BT1303_AAATGCCAGTTAGGTA	normal	
BT1303_AAATGCCCATCACAAC	normal	
BT1303_AAATGCCTCCACGAAT	normal	
BT1303_AACACGTAGGAATGGA	normal	
BT1303_AACACGTCAGCTCCGA	normal	
BT1303_AACACGTGTACTTGAC	normal	
BT1303_AACACGTTCCCTAATT	normal	
BT1303_AACCATGAGGCGATAC	normal	
BT1303_AACCATGAGTCAATAG	normal	
BT1303_AACCATGCACAAGCCC	tumor	
BT1303_AACCATGCAGTCGATT	normal	
BT1303_AACCATGGTCGCTTTC	normal	
BT1303_AACCATGGTGCTTCTC	tumor	
BT1303_AACCATGTCGCGTTTC	normal	
BT1303_AACCGCGAGGAGTACC	tumor	
BT1303_AACCGCGAGTGAAGTT	tumor	
BT1303_AACCGCGCAACTGCGC	normal	
BT1303_AACCGCGGTCCAGTAT	normal	
BT1303_AACCGCGGTCCCTACT	normal	
BT1303_AACCGCGGTGCACGAA	normal	
BT1303_AACCGCGTCAGTACGT	tumor	
BT1303_AACCGCGTCTCAAGTG	normal	
BT1303_AACGTTGAGTAGATGT	normal	
BT1303_AACGTTGTCCACTGGG	normal	
BT1303_AACGTTGTCGCATGAT	tumor	
BT1303_AACTCAGCAGACACTT	normal	
BT1303_AACTCAGCAGTCACTA	normal	
BT1303_AACTCAGCAGTCAGCC	normal	
BT1303_AACTCAGCATAGTAAG	normal	
BT1303_AACTCAGCATCTATGG	normal	
BT1303_AACTCAGGTACGAAAT	normal	
BT1303_AACTCAGGTTAGTGGG	normal	
BT1303_AACTCCCAGAGTCGGT	normal	
BT1303_AACTCCCAGGCGTACA	normal	
BT1303_AACTCCCCAAGCCTAT	normal	
BT1303_AACTCCCCACATTCGA	normal	
BT1303_AACTCCCCACTGTTAG	normal	
BT1303_AACTCCCCAGCTTCGG	normal	
BT1303_AACTCCCCATCCCACT	normal	
BT1303_AACTCCCGTACGAAAT	normal	
BT1303_AACTCCCGTTATCCGA	normal	
BT1303_AACTCCCTCTTGACGA	normal	
BT1303_AACTCTTAGATCCCAT	normal	
BT1303_AACTCTTCAAGGCTCC	normal	
BT1303_AACTCTTGTACGCACC	normal	
BT1303_AACTCTTGTATCGCAT	normal	
BT1303_AACTCTTGTCGAGTTT	normal	
BT1303_AACTCTTTCCAATGGT	normal	
BT1303_AACTCTTTCTTTACAC	normal	
BT1303_AACTGGTAGAACAACT	normal	
BT1303_AACTGGTAGACTTTCG	normal	
BT1303_AACTGGTAGCAATCTC	normal	
BT1303_AACTGGTAGCCACTAT	normal	
BT1303_AACTGGTAGCTAACTC	normal	
BT1303_AACTGGTAGGAGTAGA	normal	
BT1303_AACTGGTAGTCGAGTG	normal	
BT1303_AACTGGTCAAGAAAGG	normal	
BT1303_AACTGGTGTCGAAAGC	normal	
BT1303_AACTGGTTCACCATAG	tumor	
BT1303_AACTGGTTCATCACCC	normal	
BT1303_AACTGGTTCCTCCTAG	normal	
BT1303_AACTTTCAGATATGGT	normal	
BT1303_AACTTTCAGCCTTGAT	normal	
BT1303_AACTTTCAGGCTAGGT	normal	
BT1303_AACTTTCGTCCCTACT	normal	
BT1303_AAGACCTAGATCGGGT	normal	
BT1303_AAGACCTCAATGAAAC	tumor	
BT1303_AAGACCTCACCATCCT	normal	
BT1303_AAGACCTTCGTTGCCT	normal	
BT1303_AAGCCGCCAACGCACC	normal	
BT1303_AAGCCGCCAATGAATG	tumor	
BT1303_AAGCCGCCATAACCTG	tumor	
BT1303_AAGCCGCGTATAGGTA	tumor	
BT1303_AAGGAGCGTAGTAGTA	normal	
BT1303_AAGGAGCGTGAGGCTA	normal	
BT1303_AAGGAGCGTGCACCAC	normal	
BT1303_AAGGAGCTCACCATAG	normal	
BT1303_AAGGAGCTCTTCTGGC	normal	
BT1303_AAGGCAGAGAGTGACC	normal	
BT1303_AAGGCAGAGGCTATCT	tumor	
BT1303_AAGGCAGAGGTGCAAC	normal	
BT1303_AAGGCAGAGTGGTAGC	tumor	
BT1303_AAGGCAGCAGCCAGAA	normal	
BT1303_AAGGCAGCAGGACCCT	tumor	
BT1303_AAGGCAGTCAATACCG	normal	
BT1303_AAGGCAGTCACGACTA	normal	
BT1303_AAGGCAGTCAGTACGT	normal	
BT1303_AAGGTTCAGACAATAC	tumor	
BT1303_AAGGTTCAGATCCGAG	normal	
BT1303_AAGGTTCAGCCACCTG	normal	
BT1303_AAGGTTCAGCGATCCC	normal	
BT1303_AAGGTTCAGTCGAGTG	normal	
BT1303_AAGGTTCCAATCAGAA	normal	
BT1303_AAGGTTCCACATCCGG	normal	
BT1303_AAGGTTCTCGTCTGCT	normal	
BT1303_AAGTCTGAGAGGGCTT	normal	
BT1303_AAGTCTGAGCAATCTC	tumor	
BT1303_AAGTCTGAGCTACCTA	normal	
BT1303_AAGTCTGAGGGTGTTG	normal	
BT1303_AAGTCTGCACACTGCG	normal	
BT1303_AAGTCTGCAGACGCTC	normal	
BT1303_AAGTCTGCAGATAATG	normal	
BT1303_AATCCAGAGAGAGCTC	normal	
BT1303_AATCCAGGTCCCTTGT	normal	
BT1303_AATCCAGTCCGTCAAA	normal	
BT1303_AATCCAGTCCTATTCA	tumor	
BT1303_AATCGGTAGGGATACC	normal	
BT1303_AATCGGTAGTCCTCCT	tumor	
BT1303_AATCGGTCACACGCTG	normal	
BT1303_AATCGGTCATGCCACG	tumor	
BT1303_AATCGGTGTACCGAGA	tumor	
BT1303_AATCGGTGTAGCGTGA	tumor	
BT1303_AATCGGTGTCAGAATA	normal	
BT1303_AATCGGTTCTGCTGCT	normal	
BT1303_ACACCAAAGAAGCCCA	normal	
BT1303_ACACCAATCTCTAGGA	normal	
BT1303_ACACCCTAGAGCAATT	normal	
BT1303_ACACCCTAGCTAGTTC	normal	
BT1303_ACACCCTAGGCCCGTT	normal	
BT1303_ACACCCTCAATCCGAT	normal	
BT1303_ACACCCTCACAGGAGT	normal	
BT1303_ACACCCTGTAGAGTGC	normal	
BT1303_ACACCCTTCCTGCTTG	normal	
BT1303_ACACCCTTCGCCGTGA	normal	
BT1303_ACACCGGAGATGCCAG	normal	
BT1303_ACACCGGAGGTAGCTG	normal	
BT1303_ACACCGGCAATGACCT	normal	
BT1303_ACACCGGGTAAAGTCA	normal	
BT1303_ACACCGGGTGAGCGAT	normal	
BT1303_ACACCGGGTGTTCGAT	normal	
BT1303_ACACCGGTCACAGTAC	normal	
BT1303_ACACTGAGTCGCGTGT	normal	
BT1303_ACACTGAGTTGATTGC	tumor	
BT1303_ACACTGATCAGCTTAG	normal	
BT1303_ACAGCCGCAAGAAAGG	normal	
BT1303_ACAGCCGCACGTCAGC	normal	
BT1303_ACAGCCGGTTGTCGCG	tumor	
BT1303_ACAGCCGTCGGCGCTA	normal	
BT1303_ACAGCTAAGTCCATAC	normal	
BT1303_ACAGCTAGTAAACACA	tumor	
BT1303_ACAGCTAGTTGATTCG	normal	
BT1303_ACAGCTATCTACCTGC	normal	
BT1303_ACAGCTATCTTCCTTC	normal	
BT1303_ACATACGAGAGATGAG	normal	
BT1303_ACATACGAGCGTCTAT	normal	
BT1303_ACATACGTCAGAGCTT	tumor	
BT1303_ACATCAGAGCTAGTGG	normal	
BT1303_ACATCAGCATCAGTCA	normal	
BT1303_ACATCAGTCCGCGTTT	normal	
BT1303_ACATGGTCATCAGTAC	normal	
BT1303_ACCAGTACAAGCCCAC	normal	
BT1303_ACCAGTATCGAATCCA	normal	
BT1303_ACCAGTATCGAATGGG	normal	
BT1303_ACCAGTATCGGAAACG	normal	
BT1303_ACCAGTATCTAAGCCA	normal	
BT1303_ACCCACTAGCCGCCTA	normal	
BT1303_ACCCACTAGTTTGCGT	normal	
BT1303_ACCCACTCAGGGATTG	normal	
BT1303_ACCCACTTCATGCTCC	normal	
BT1303_ACCCACTTCGTGGACC	tumor	
BT1303_ACCGTAAAGAAGGTGA	normal	
BT1303_ACCGTAAAGCAGCGTA	normal	
BT1303_ACCGTAAAGGCTCATT	normal	
BT1303_ACCGTAACATGTCTCC	normal	
BT1303_ACCGTAAGTAGCCTCG	normal	
BT1303_ACCGTAAGTTCATGGT	normal	
BT1303_ACCGTAATCATGTCTT	tumor	
BT1303_ACCGTAATCCACTGGG	normal	
BT1303_ACCGTAATCTGCCAGG	normal	
BT1303_ACCTTTAAGACAGACC	normal	
BT1303_ACCTTTAAGAGTTGGC	normal	
BT1303_ACCTTTAAGTGTTGAA	tumor	
BT1303_ACCTTTACAATAGCGG	normal	
BT1303_ACCTTTACAGTATCTG	tumor	
BT1303_ACGAGCCAGATAGTCA	tumor	
BT1303_ACGAGCCGTCCAACTA	normal	
BT1303_ACGAGCCTCATGCAAC	normal	
BT1303_ACGAGCCTCGTGGGAA	tumor	
BT1303_ACGAGCCTCTCACATT	normal	
BT1303_ACGAGGAAGAAGGTGA	normal	
BT1303_ACGAGGAGTTCACGGC	normal	
BT1303_ACGATACAGTGTTAGA	tumor	
BT1303_ACGATACCAAGTAGTA	tumor	
BT1303_ACGATACGTATGGTTC	normal	
BT1303_ACGATACGTATTACCG	normal	
BT1303_ACGATACTCTAACGGT	normal	
BT1303_ACGATGTAGATGGGTC	normal	
BT1303_ACGATGTAGGTCGGAT	normal	
BT1303_ACGATGTTCTACCTGC	normal	
BT1303_ACGATGTTCTGCTGCT	normal	
BT1303_ACGCAGCAGACATAAC	normal	
BT1303_ACGCAGCAGATCTGCT	normal	
BT1303_ACGCAGCAGCCACTAT	normal	
BT1303_ACGCAGCAGGATGCGT	normal	
BT1303_ACGCAGCCACTTAACG	normal	
BT1303_ACGCAGCGTCTGATCA	tumor	
BT1303_ACGCAGCTCCGTAGTA	normal	
BT1303_ACGCCAGCACATCCAA	normal	
BT1303_ACGCCAGCACGGTTTA	normal	
BT1303_ACGCCAGGTATCGCAT	normal	
BT1303_ACGCCAGGTATCTGCA	normal	
BT1303_ACGCCAGGTGGTAACG	normal	
BT1303_ACGCCAGGTTTAGCTG	normal	
BT1303_ACGCCAGTCTAACCGA	normal	
BT1303_ACGCCAGTCTATCCCG	normal	
BT1303_ACGCCAGTCTGTTGAG	normal	
BT1303_ACGCCGAAGAGACTAT	tumor	
BT1303_ACGCCGACACGACGAA	normal	
BT1303_ACGCCGACAGTCGATT	normal	
BT1303_ACGCCGAGTGTATGGG	normal	
BT1303_ACGCCGAGTTGAACTC	normal	
BT1303_ACGCCGATCAGCGATT	normal	
BT1303_ACGCCGATCTCTGAGA	normal	
BT1303_ACGGAGAAGGCATGGT	normal	
BT1303_ACGGAGAAGTCGATAA	normal	
BT1303_ACGGAGAAGTGCCAGA	normal	
BT1303_ACGGAGAAGTGGAGTC	normal	
BT1303_ACGGAGACAAGTCATC	normal	
BT1303_ACGGAGACAATGACCT	normal	
BT1303_ACGGAGACATCAGTAC	normal	
BT1303_ACGGAGACATTTGCTT	normal	
BT1303_ACGGAGAGTCTCCATC	tumor	
BT1303_ACGGAGATCAGTACGT	normal	
BT1303_ACGGCCAAGTTCGATC	normal	
BT1303_ACGGCCACAAGCGCTC	normal	
BT1303_ACGGCCACAGGTCGTC	normal	
BT1303_ACGGCCAGTAAATGAC	tumor	
BT1303_ACGGCCAGTGACGCCT	normal	
BT1303_ACGGCCATCACTGGGC	normal	
BT1303_ACGGCCATCAGCAACT	normal	
BT1303_ACGGGCTAGAACAATC	normal	
BT1303_ACGGGCTAGACCTTTG	normal	
BT1303_ACGGGCTAGAGTGAGA	normal	
BT1303_ACGGGCTAGTAATCCC	normal	
BT1303_ACGGGCTCAAAGAATC	normal	
BT1303_ACGGGCTCAATGGACG	normal	
BT1303_ACGGGCTCAGTTCCCT	normal	
BT1303_ACGGGCTCATCTCGCT	normal	
BT1303_ACGGGCTGTAGATTAG	normal	
BT1303_ACGGGCTGTCCGACGT	normal	
BT1303_ACGGGCTGTTCCACAA	tumor	
BT1303_ACGGGCTTCAACCATG	tumor	
BT1303_ACGGGCTTCACTCCTG	normal	
BT1303_ACGGGCTTCGAATCCA	normal	
BT1303_ACGGGCTTCTATCGCC	normal	
BT1303_ACGGGTCAGTCACGCC	tumor	
BT1303_ACGGGTCCAACTGGCC	normal	
BT1303_ACGGGTCGTGATGTCT	normal	
BT1303_ACGGGTCGTGTGACCC	normal	
BT1303_ACGGGTCGTTCCACAA	normal	
BT1303_ACGTCAAAGCCCGAAA	tumor	
BT1303_ACGTCAAAGGGATACC	normal	
BT1303_ACGTCAAAGTGGTCCC	normal	
BT1303_ACGTCAACATCGGTTA	normal	
BT1303_ACGTCAATCCCGACTT	normal	
BT1303_ACGTCAATCCCTAACC	tumor	
BT1303_ACGTCAATCTCGCTTG	normal	
BT1303_ACTATCTAGTTGTAGA	normal	
BT1303_ACTATCTCAACCGCCA	normal	
BT1303_ACTATCTCACGGCCAT	normal	
BT1303_ACTATCTGTATTCTCT	normal	
BT1303_ACTATCTGTCTAGGTT	normal	
BT1303_ACTATCTGTTCCCGAG	normal	
BT1303_ACTATCTTCTTGAGAC	tumor	
BT1303_ACTGAACCAAGCCCAC	normal	
BT1303_ACTGAACCAGACACTT	normal	
BT1303_ACTGAACCATATGCTG	normal	
BT1303_ACTGAACCATCACCCT	normal	
BT1303_ACTGAACGTATCACCA	normal	
BT1303_ACTGAACGTGGGTATG	normal	
BT1303_ACTGAACGTGTTTGGT	normal	
BT1303_ACTGAACGTTACGACT	normal	
BT1303_ACTGAACGTTGTGGAG	normal	
BT1303_ACTGAACGTTTAAGCC	normal	
BT1303_ACTGAACTCAGATAAG	tumor	
BT1303_ACTGAACTCCAGTAGT	normal	
BT1303_ACTGAACTCCCAACGG	normal	
BT1303_ACTGAACTCTTCATGT	normal	
BT1303_ACTGAACTCTTGTACT	normal	
BT1303_ACTGAGTAGCATGGCA	tumor	
BT1303_ACTGAGTAGTACGCGA	normal	
BT1303_ACTGAGTCAAGTTGTC	normal	
BT1303_ACTGAGTCACATGTGT	normal	
BT1303_ACTGAGTCAGACGCTC	tumor	
BT1303_ACTGAGTGTAGCTTGT	normal	
BT1303_ACTGAGTGTCGAATCT	normal	
BT1303_ACTGAGTGTCGTCTTC	normal	
BT1303_ACTGAGTGTCTGGTCG	tumor	
BT1303_ACTGAGTGTTTGCATG	normal	
BT1303_ACTGAGTTCTCCAACC	normal	
BT1303_ACTGATGAGTGCCAGA	normal	
BT1303_ACTGATGCAAGAGTCG	tumor	
BT1303_ACTGATGTCACAAACC	normal	
BT1303_ACTGATGTCCCTTGCA	normal	
BT1303_ACTGATGTCGGTTCGG	normal	
BT1303_ACTGATGTCTGGGCCA	normal	
BT1303_ACTGCTCCAACTTGAC	tumor	
BT1303_ACTGCTCGTAAGGATT	normal	
BT1303_ACTGCTCGTCAGAAGC	normal	
BT1303_ACTGTCCAGCTCCTCT	normal	
BT1303_ACTGTCCCACCAGTTA	normal	
BT1303_ACTGTCCCAGCTGTAT	normal	
BT1303_ACTGTCCCATGCATGT	normal	
BT1303_ACTGTCCTCAACTCTT	tumor	
BT1303_ACTTACTAGCGTAGTG	normal	
BT1303_ACTTACTCAGCCTTGG	normal	
BT1303_ACTTACTTCCATGAAC	normal	
BT1303_ACTTACTTCCGGGTGT	normal	
BT1303_ACTTGTTAGGCCCTCA	normal	
BT1303_ACTTGTTCAGCTGCTG	normal	
BT1303_ACTTGTTTCAGGTAAA	normal	
BT1303_ACTTGTTTCAGGTTCA	normal	
BT1303_ACTTTCAAGTACTTGC	normal	
BT1303_ACTTTCACAAACCTAC	tumor	
BT1303_ACTTTCACAACGATCT	normal	
BT1303_ACTTTCACACCATCCT	normal	
BT1303_AGAATAGAGAGAGCTC	normal	
BT1303_AGAATAGAGCTTATCG	normal	
BT1303_AGAATAGCACCAGGTC	normal	
BT1303_AGAATAGCAGCTGTAT	normal	
BT1303_AGAATAGCAGTGACAG	normal	
BT1303_AGAATAGGTGACTCAT	normal	
BT1303_AGAATAGGTGTAAGTA	normal	
BT1303_AGACGTTAGATGTTAG	tumor	
BT1303_AGACGTTAGTGGAGTC	normal	yes
BT1303_AGACGTTAGTTGAGAT	tumor	
BT1303_AGACGTTGTCGTCTTC	normal	
BT1303_AGAGCGAAGCAAATCA	normal	
BT1303_AGAGCGAAGGCTCAGA	normal	
BT1303_AGAGCGACACCCATTC	tumor	
BT1303_AGAGCGAGTCTAACGT	normal	
BT1303_AGAGCGAGTCTCTCGT	normal	
BT1303_AGAGCGAGTTCAGGCC	normal	
BT1303_AGAGCTTAGAAGGGTA	normal	
BT1303_AGAGCTTAGTGAAGAG	normal	
BT1303_AGAGCTTAGTGTACTC	normal	
BT1303_AGAGCTTCAAGCCGCT	normal	
BT1303_AGAGCTTCACCCTATC	normal	
BT1303_AGAGCTTGTAAATGTG	normal	
BT1303_AGAGCTTGTGTTTGGT	tumor	
BT1303_AGAGCTTTCGCTAGCG	normal	
BT1303_AGAGCTTTCGTCACGG	normal	
BT1303_AGAGTGGAGAATAGGG	tumor	
BT1303_AGAGTGGAGTCTCGGC	normal	
BT1303_AGAGTGGAGTTCGCGC	normal	
BT1303_AGAGTGGCACAGGAGT	normal	
BT1303_AGAGTGGCATGTCGAT	normal	
BT1303_AGAGTGGTCGGCATCG	normal	
BT1303_AGATCTGAGAGCTGGT	normal	
BT1303_AGATCTGAGCACGCCT	normal	
BT1303_AGATCTGGTTACCAGT	tumor	
BT1303_AGATCTGGTTTGGCGC	tumor	
BT1303_AGATCTGTCAGCCTAA	normal	
BT1303_AGATTGCAGCCCGAAA	tumor	
BT1303_AGATTGCCACCATCCT	normal	
BT1303_AGATTGCCATGCTGGC	normal	
BT1303_AGATTGCGTTCACCTC	normal	
BT1303_AGCAGCCAGTGTACTC	normal	
BT1303_AGCAGCCTCACAGTAC	normal	
BT1303_AGCAGCCTCGGCTACG	normal	
BT1303_AGCATACAGCTCCTTC	normal	
BT1303_AGCATACAGGGTCGAT	tumor	
BT1303_AGCATACGTTAAAGAC	normal	
BT1303_AGCATACTCTAACTTC	normal	
BT1303_AGCATACTCTCGCTTG	normal	
BT1303_AGCCTAACACACCGCA	normal	
BT1303_AGCCTAAGTGTGCCTG	normal	
BT1303_AGCCTAAGTTCACGGC	normal	
BT1303_AGCCTAATCGGTCCGA	normal	
BT1303_AGCGGTCAGCTAAGAT	normal	
BT1303_AGCGGTCAGCTCCTTC	normal	
BT1303_AGCGGTCAGTTGAGAT	tumor	
BT1303_AGCGGTCCAAGGACAC	normal	
BT1303_AGCGGTCCATATGGTC	normal	
BT1303_AGCGGTCGTCGAAAGC	normal	
BT1303_AGCGTATAGATCCCAT	normal	
BT1303_AGCGTATAGTGGCACA	tumor	
BT1303_AGCGTATTCTATGTGG	tumor	
BT1303_AGCGTCGGTGTGCCTG	tumor	
BT1303_AGCGTCGTCTTAACCT	tumor	
BT1303_AGCTCCTAGGATGCGT	normal	
BT1303_AGCTCCTAGGTCGGAT	normal	
BT1303_AGCTCCTCATGCCTTC	normal	
BT1303_AGCTCCTGTAGCGTGA	normal	
BT1303_AGCTCCTGTCATGCAT	normal	
BT1303_AGCTCCTGTGTCCTCT	normal	
BT1303_AGCTCTCAGATCCGAG	normal	
BT1303_AGCTTGAAGCAGCCTC	normal	
BT1303_AGCTTGAAGGATATAC	normal	
BT1303_AGCTTGACAAAGAATC	normal	
BT1303_AGCTTGACACGTAAGG	normal	
BT1303_AGCTTGACAGTCGTGC	tumor	
BT1303_AGCTTGACATGCTGGC	normal	
BT1303_AGCTTGAGTACGCACC	normal	
BT1303_AGCTTGAGTCCGAGTC	tumor	
BT1303_AGCTTGAGTTAAGTAG	normal	
BT1303_AGGCCACAGAAGCCCA	normal	
BT1303_AGGCCACCAAGCGTAG	normal	
BT1303_AGGCCACCAGTTCCCT	normal	
BT1303_AGGCCACGTCGGCTCA	tumor	
BT1303_AGGCCACGTTTAGCTG	normal	
BT1303_AGGCCACTCTCTGAGA	tumor	
BT1303_AGGCCGTAGGATGGAA	normal	
BT1303_AGGCCGTAGGCCATAG	normal	
BT1303_AGGCCGTAGTACTTGC	normal	
BT1303_AGGCCGTCAGATGGCA	normal	
BT1303_AGGCCGTTCCAAACTG	normal	
BT1303_AGGCCGTTCCACGACG	normal	
BT1303_AGGGAGTAGCTGGAAC	normal	
BT1303_AGGGAGTGTTCCTCCA	normal	
BT1303_AGGGAGTGTTTACTCT	normal	
BT1303_AGGGAGTTCACCCTCA	normal	
BT1303_AGGGAGTTCACGACTA	normal	
BT1303_AGGGATGAGAGGGATA	normal	
BT1303_AGGGATGAGATGTTAG	normal	
BT1303_AGGGATGAGCACAGGT	tumor	
BT1303_AGGGATGAGTCGAGTG	normal	
BT1303_AGGGATGAGTGGGCTA	normal	
BT1303_AGGGATGCAGCGTAAG	normal	
BT1303_AGGGATGCATCACGAT	normal	
BT1303_AGGGATGGTATAATGG	normal	
BT1303_AGGGATGGTCTCCCTA	normal	
BT1303_AGGGTGAAGGAGTCTG	normal	
BT1303_AGGGTGAAGGCACATG	normal	
BT1303_AGGGTGAAGGGTGTGT	normal	
BT1303_AGGGTGACATCAGTCA	normal	
BT1303_AGGGTGAGTAAGGGAA	normal	
BT1303_AGGGTGAGTCAGAATA	normal	
BT1303_AGGGTGAGTTCGCGAC	normal	
BT1303_AGGGTGATCAAGCCTA	normal	
BT1303_AGGGTGATCACCTTAT	normal	
BT1303_AGGGTGATCCATGAAC	normal	
BT1303_AGGTCATAGAGAACAG	normal	
BT1303_AGGTCATGTGTTCGAT	normal	
BT1303_AGGTCATTCAACGGGA	tumor	
BT1303_AGGTCATTCCGCGGTA	normal	
BT1303_AGGTCATTCTAGCACA	tumor	
BT1303_AGGTCCGAGAAGGTTT	tumor	
BT1303_AGGTCCGAGACCGGAT	normal	
BT1303_AGGTCCGAGGCAAAGA	normal	
BT1303_AGGTCCGCAAACGCGA	tumor	
BT1303_AGGTCCGCAAGGCTCC	normal	
BT1303_AGGTCCGCAGGTCTCG	normal	
BT1303_AGGTCCGCATCGGAAG	normal	
BT1303_AGGTCCGGTAATCACC	normal	
BT1303_AGGTCCGGTGCCTTGG	tumor	
BT1303_AGGTCCGGTTGTGGCC	tumor	
BT1303_AGTAGTCCAGCGTCCA	normal	
BT1303_AGTAGTCCAGGAATGC	normal	
BT1303_AGTAGTCGTAAGTAGT	normal	
BT1303_AGTAGTCGTTAAGGGC	normal	
BT1303_AGTAGTCTCCATGAGT	tumor	
BT1303_AGTAGTCTCGAGGTAG	normal	
BT1303_AGTCTTTAGCTGCCCA	normal	
BT1303_AGTCTTTCACCGAAAG	normal	
BT1303_AGTCTTTCATATGGTC	normal	
BT1303_AGTCTTTGTAAATACG	normal	
BT1303_AGTCTTTGTCGGCTCA	normal	
BT1303_AGTCTTTTCATGCTCC	tumor	
BT1303_AGTCTTTTCCGAGCCA	normal	
BT1303_AGTGAGGAGACCTTTG	normal	
BT1303_AGTGAGGAGAGACGAA	normal	
BT1303_AGTGAGGAGTGACATA	normal	
BT1303_AGTGAGGCAAGACACG	normal	
BT1303_AGTGAGGGTACAAGTA	normal	
BT1303_AGTGAGGGTCTTCGTC	normal	
BT1303_AGTGAGGGTTGCGTTA	normal	
BT1303_AGTGAGGTCCTCTAGC	normal	
BT1303_AGTGGGACACATGACT	normal	
BT1303_AGTGGGATCATAACCG	normal	
BT1303_AGTGTCAGTAGCGCTC	normal	
BT1303_AGTGTCAGTGGTCCGT	normal	
BT1303_AGTGTCAGTTGGTAAA	normal	
BT1303_AGTGTCATCCTGTACC	normal	
BT1303_AGTTGGTCAGTGGGAT	normal	
BT1303_AGTTGGTCATTCACTT	normal	
BT1303_AGTTGGTGTAAATGAC	normal	
BT1303_AGTTGGTGTTAGATGA	normal	
BT1303_AGTTGGTTCTCTTATG	normal	
BT1303_ATAACGCAGCGTCAAG	tumor	
BT1303_ATAACGCAGTGGGCTA	normal	
BT1303_ATAACGCAGTTGAGTA	normal	
BT1303_ATAACGCCAGCCAATT	tumor	
BT1303_ATAACGCCAGGGTATG	normal	
BT1303_ATAACGCCAGTCACTA	normal	
BT1303_ATAACGCCATTGGCGC	normal	
BT1303_ATAACGCGTAGCAAAT	normal	
BT1303_ATAACGCGTCAAACTC	normal	
BT1303_ATAACGCGTGGTACAG	normal	
BT1303_ATAACGCGTGTGGTTT	normal	
BT1303_ATAACGCTCAAACGGG	normal	
BT1303_ATAAGAGCAGGAACGT	normal	
BT1303_ATAAGAGCAGGGAGAG	normal	
BT1303_ATAAGAGTCGTGGTCG	normal	
BT1303_ATAGACCCAGCTATTG	normal	
BT1303_ATCACGAAGAAGGTGA	normal	
BT1303_ATCACGAAGGTGATTA	normal	
BT1303_ATCACGAAGTGCTGCC	normal	
BT1303_ATCACGAAGTTGAGTA	normal	
BT1303_ATCACGACAATGTAAG	normal	
BT1303_ATCACGAGTGCGATAG	normal	
BT1303_ATCACGATCCTTGACC	normal	
BT1303_ATCATCTAGATGTCGG	normal	
BT1303_ATCATCTCAAACTGCT	normal	
BT1303_ATCATCTCAAAGTGCG	normal	
BT1303_ATCATCTCAAGCCGCT	normal	
BT1303_ATCATCTGTCCAGTGC	normal	
BT1303_ATCATCTGTCGCATCG	tumor	
BT1303_ATCATCTGTCGTCTTC	tumor	
BT1303_ATCATCTGTCTAACGT	normal	
BT1303_ATCATCTGTGTTAAGA	normal	
BT1303_ATCATCTTCGAACTGT	tumor	
BT1303_ATCATGGAGATTACCC	normal	
BT1303_ATCATGGCACAACTGT	normal	
BT1303_ATCATGGCACCGGAAA	normal	
BT1303_ATCATGGGTAGTAGTA	normal	
BT1303_ATCATGGGTCCATCCT	tumor	
BT1303_ATCATGGGTGATGATA	normal	
BT1303_ATCATGGTCACCGGGT	tumor	
BT1303_ATCATGGTCCGTTGCT	normal	
BT1303_ATCATGGTCGAACGGA	normal	
BT1303_ATCCACCAGACCTAGG	normal	
BT1303_ATCCGAAAGGCTAGGT	normal	
BT1303_ATCCGAAAGTGGAGTC	normal	
BT1303_ATCCGAATCCGAAGAG	normal	
BT1303_ATCCGAATCTCCTATA	normal	
BT1303_ATCGAGTGTCATGCCG	normal	
BT1303_ATCGAGTGTGGAAAGA	normal	
BT1303_ATCGAGTTCAGGATCT	normal	
BT1303_ATCGAGTTCGTGGTCG	normal	
BT1303_ATCTACTCACCAGCAC	normal	
BT1303_ATCTACTCACTACAGT	normal	
BT1303_ATCTACTCATCTCGCT	normal	
BT1303_ATCTACTGTAGCAAAT	tumor	
BT1303_ATCTACTGTATATGAG	normal	
BT1303_ATCTACTTCGGCTTGG	normal	
BT1303_ATCTACTTCTACTCAT	normal	
BT1303_ATCTGCCAGGATGTAT	normal	
BT1303_ATCTGCCCAAACAACA	tumor	
BT1303_ATCTGCCTCTGCAAGT	normal	
BT1303_ATGAGGGAGTCGAGTG	tumor	
BT1303_ATGAGGGCAGCTTAAC	normal	
BT1303_ATGAGGGCATGGTAGG	normal	
BT1303_ATGAGGGGTATATCCG	normal	
BT1303_ATGAGGGGTGTTGAGG	normal	
BT1303_ATGAGGGTCATCGATG	normal	
BT1303_ATGAGGGTCCAATGGT	normal	
BT1303_ATGAGGGTCCTGCAGG	normal	
BT1303_ATGAGGGTCGGTTCGG	normal	
BT1303_ATGAGGGTCTCGGACG	normal	
BT1303_ATGCGATAGATAGTCA	normal	
BT1303_ATGCGATAGGAGCGAG	normal	
BT1303_ATGCGATAGTGGTAGC	normal	
BT1303_ATGCGATCACCACCAG	normal	
BT1303_ATGCGATCATGGTAGG	normal	
BT1303_ATGCGATTCTTAGAGC	normal	
BT1303_ATGGGAGAGCCTCGTG	normal	
BT1303_ATGGGAGAGGTGCACA	normal	
BT1303_ATGGGAGGTAAATACG	tumor	
BT1303_ATGGGAGGTAAGTAGT	normal	
BT1303_ATGGGAGGTGTAACGG	normal	
BT1303_ATGGGAGGTTCCGTCT	normal	
BT1303_ATGGGAGTCAAGGCTT	normal	
BT1303_ATGTGTGAGGGTTCCC	normal	
BT1303_ATGTGTGCACGTTGGC	normal	
BT1303_ATGTGTGCATGCCTAA	normal	
BT1303_ATGTGTGGTAGCGCTC	normal	
BT1303_ATGTGTGGTGGCGAAT	normal	
BT1303_ATGTGTGTCATCATTC	normal	
BT1303_ATTACTCAGAAGGACA	normal	
BT1303_ATTACTCAGATGAGAG	normal	
BT1303_ATTACTCAGCCACTAT	normal	
BT1303_ATTACTCCATTAGGCT	normal	
BT1303_ATTACTCGTAGCCTAT	normal	
BT1303_ATTATCCAGGCTAGGT	normal	
BT1303_ATTATCCAGTCCCACG	normal	
BT1303_ATTATCCGTACGCACC	normal	
BT1303_ATTATCCGTGAGTATA	normal	
BT1303_ATTATCCTCCAGAGGA	normal	
BT1303_ATTATCCTCGAATGGG	normal	
BT1303_ATTCTACAGGGTCTCC	normal	
BT1303_ATTCTACCAAGAGGCT	normal	
BT1303_ATTCTACCACCCATGG	normal	
BT1303_ATTCTACGTACTCTCC	normal	
BT1303_ATTCTACGTCTTGATG	normal	
BT1303_ATTCTACGTGTTTGGT	normal	
BT1303_ATTCTACTCTAACCGA	normal	
BT1303_ATTGGACAGACGCACA	normal	
BT1303_ATTGGACAGAGGTAGA	normal	
BT1303_ATTGGACAGGCTATCT	normal	
BT1303_ATTGGACAGGTGATAT	normal	
BT1303_ATTGGACGTATAGGTA	normal	
BT1303_ATTGGACGTCAGAGGT	normal	
BT1303_ATTGGACGTGGTCTCG	normal	
BT1303_ATTGGACTCCAAGTAC	tumor	
BT1303_ATTGGTGCAACTGCGC	normal	
BT1303_ATTGGTGTCTGTCAAG	normal	
BT1303_ATTTCTGAGACCGGAT	normal	
BT1303_ATTTCTGAGAGTACAT	tumor	
BT1303_ATTTCTGCACGAAAGC	normal	
BT1303_ATTTCTGCACGGACAA	normal	
BT1303_ATTTCTGGTGTCTGAT	normal	
BT1303_ATTTCTGGTTAGTGGG	normal	
BT1303_ATTTCTGTCTGCGGCA	normal	
BT1303_CAACCAAAGGTGCAAC	normal	
BT1303_CAACCAAAGGTGCTTT	normal	
BT1303_CAACCAAAGTTATCGC	normal	
BT1303_CAACCAACATCTGGTA	normal	
BT1303_CAACCAACATTAACCG	tumor	
BT1303_CAACCAAGTAGCCTCG	normal	
BT1303_CAACCAATCCCACTTG	normal	
BT1303_CAACCAATCTGGAGCC	normal	
BT1303_CAACCAATCTGGCGAC	normal	
BT1303_CAACCTCAGCGTCAAG	normal	
BT1303_CAACCTCAGGCATTGG	normal	
BT1303_CAACCTCCAGGATCGA	normal	
BT1303_CAACCTCGTCATATCG	normal	
BT1303_CAACCTCTCACATACG	tumor	
BT1303_CAACCTCTCCCATTAT	normal	
BT1303_CAACCTCTCGGCATCG	normal	
BT1303_CAACCTCTCTTAACCT	normal	
BT1303_CAACTAGAGAGAACAG	normal	
BT1303_CAACTAGAGTAGCGGT	normal	
BT1303_CAACTAGAGTGAAGTT	normal	
BT1303_CAACTAGAGTTGTAGA	normal	
BT1303_CAACTAGCAGAGCCAA	normal	
BT1303_CAACTAGGTTCACCTC	normal	
BT1303_CAACTAGTCCACTCCA	normal	
BT1303_CAACTAGTCGGCTTGG	normal	
BT1303_CAAGAAACAGCTCGCA	normal	
BT1303_CAAGAAACAGCTGGCT	normal	
BT1303_CAAGAAACATACAGCT	normal	
BT1303_CAAGAAAGTACCATCA	normal	
BT1303_CAAGAAAGTAGCGCAA	normal	
BT1303_CAAGATCAGAAACCGC	normal	
BT1303_CAAGATCCAAGCTGAG	normal	
BT1303_CAAGATCGTAACGACG	normal	
BT1303_CAAGATCTCCCACTTG	tumor	
BT1303_CAAGATCTCGGACAAG	normal	
BT1303_CAAGGCCAGACAATAC	normal	
BT1303_CAAGGCCAGATAGCAT	normal	
BT1303_CAAGGCCCAAACCCAT	normal	
BT1303_CAAGGCCCACCAGTTA	normal	
BT1303_CAAGGCCGTAATAGCA	normal	
BT1303_CAAGGCCGTGGGTCAA	normal	
BT1303_CAAGGCCTCACCGTAA	normal	
BT1303_CAAGGCCTCTCGATGA	tumor	
BT1303_CAAGTTGAGTTAGCGG	normal	
BT1303_CAAGTTGCACGCGAAA	normal	
BT1303_CAAGTTGCAGGCGATA	tumor	
BT1303_CAAGTTGTCTCTAGGA	normal	
BT1303_CACAAACAGACTGTAA	normal	
BT1303_CACAAACAGATGTAAC	normal	
BT1303_CACAAACCACAGGTTT	normal	
BT1303_CACAAACGTCCTGCTT	normal	
BT1303_CACAAACGTGTTGGGA	normal	
BT1303_CACACAAAGAACAATC	normal	
BT1303_CACACAACAGGCGATA	normal	
BT1303_CACACAACATTGTGCA	normal	
BT1303_CACACAAGTAGAAAGG	normal	
BT1303_CACACAAGTCCGAGTC	normal	
BT1303_CACACAAGTCGACTAT	normal	
BT1303_CACACAAGTGAAATCA	tumor	
BT1303_CACACAAGTGATGTCT	normal	
BT1303_CACACAATCACATAGC	tumor	
BT1303_CACACCTAGAGTGACC	normal	
BT1303_CACACCTAGCACCGTC	tumor	
BT1303_CACACCTGTGCCTGCA	normal	
BT1303_CACACCTTCGCGCCAA	normal	
BT1303_CACACTCAGCCGTCGT	normal	
BT1303_CACACTCAGCGAGAAA	normal	
BT1303_CACACTCAGGGAAACA	normal	
BT1303_CACACTCAGGTTCCTA	normal	
BT1303_CACACTCCATGTCCTC	normal	
BT1303_CACACTCGTCTAAACC	normal	
BT1303_CACACTCGTTCCACTC	normal	
BT1303_CACAGGCCAATCAGAA	normal	
BT1303_CACAGGCGTACACCGC	normal	
BT1303_CACAGGCGTCAGTGGA	normal	
BT1303_CACAGGCTCTCGTATT	normal	
BT1303_CACAGTAAGGCCGAAT	normal	
BT1303_CACAGTACAGGCTGAA	normal	
BT1303_CACAGTACAGTAAGAT	normal	
BT1303_CACAGTAGTCTAGTCA	normal	
BT1303_CACAGTAGTTGCTCCT	normal	
BT1303_CACAGTATCATGTCTT	normal	
BT1303_CACAGTATCCGCTGTT	normal	
BT1303_CACAGTATCTGTTTGT	normal	
BT1303_CACAGTATCTTCAACT	normal	
BT1303_CACATAGAGCAAATCA	normal	
BT1303_CACATAGCAGCTGCAC	normal	
BT1303_CACATAGCATATGCTG	normal	
BT1303_CACATAGGTGAAGGCT	tumor	
BT1303_CACATAGGTTCGTGAT	normal	
BT1303_CACATAGGTTGACGTT	tumor	
BT1303_CACATTTAGACATAAC	normal	
BT1303_CACATTTAGATAGGAG	tumor	
BT1303_CACATTTCACACTGCG	normal	
BT1303_CACATTTCAGCCACCA	tumor	
BT1303_CACATTTCAGCTTCGG	normal	
BT1303_CACATTTGTGACGCCT	normal	
BT1303_CACATTTGTGTGACCC	normal	
BT1303_CACATTTGTGTTAAGA	tumor	
BT1303_CACATTTTCTGTCTAT	normal	
BT1303_CACCACTCACGCTTTC	normal	
BT1303_CACCACTGTTAAGAAC	tumor	
BT1303_CACCACTTCAAGGCTT	normal	
BT1303_CACCACTTCTAACCGA	normal	
BT1303_CACCACTTCTGTCCGT	normal	
BT1303_CACCAGGAGAGGGATA	normal	
BT1303_CACCAGGAGCCGTCGT	normal	
BT1303_CACCAGGAGGAGCGAG	normal	
BT1303_CACCAGGCACATGGGA	normal	
BT1303_CACCAGGCATGTTGAC	normal	
BT1303_CACCAGGTCGTTGACA	normal	
BT1303_CACCTTGAGGACCACA	normal	
BT1303_CACCTTGCATAACCTG	normal	
BT1303_CACCTTGGTCCTAGCG	normal	
BT1303_CACCTTGGTGTGACGA	normal	
BT1303_CACCTTGGTTCCCGAG	tumor	
BT1303_CACCTTGTCATAACCG	normal	
BT1303_CACTCCAAGCAATATG	normal	
BT1303_CACTCCAAGGTGCAAC	normal	
BT1303_CACTCCAAGTCCAGGA	normal	
BT1303_CACTCCACAGCTATTG	normal	
BT1303_CACTCCACAGGAATGC	tumor	
BT1303_CACTCCACAGGGCATA	normal	
BT1303_CACTCCACATCCTAGA	normal	
BT1303_CACTCCAGTACTTAGC	normal	
BT1303_CACTCCAGTCTAGGTT	normal	
BT1303_CACTCCATCCGCGCAA	normal	
BT1303_CAGAATCAGCAGACTG	normal	
BT1303_CAGAATCAGCGATCCC	normal	
BT1303_CAGAATCAGTACTTGC	normal	
BT1303_CAGAATCGTACTCGCG	normal	
BT1303_CAGAATCGTCGCGAAA	tumor	
BT1303_CAGAATCTCAGTACGT	normal	
BT1303_CAGAATCTCCACGACG	normal	
BT1303_CAGAATCTCCCTAACC	normal	
BT1303_CAGAGAGCAACTGGCC	normal	
BT1303_CAGAGAGCAGTCACTA	normal	
BT1303_CAGAGAGTCAGATAAG	normal	
BT1303_CAGAGAGTCTGACCTC	normal	
BT1303_CAGATCAAGAAGATTC	normal	
BT1303_CAGATCAGTCGGGTCT	normal	
BT1303_CAGATCATCGAGAGCA	normal	
BT1303_CAGCAGCCAGTAAGCG	normal	
BT1303_CAGCATAAGAGTGAGA	normal	
BT1303_CAGCATAAGCAGCCTC	normal	
BT1303_CAGCATAAGTGGTAAT	normal	
BT1303_CAGCATAGTCAAGCGA	normal	
BT1303_CAGCATAGTGATGATA	normal	
BT1303_CAGCCGAGTACCAGTT	normal	
BT1303_CAGCCGAGTCGAAAGC	normal	
BT1303_CAGCCGAGTGAGGGAG	normal	
BT1303_CAGCCGATCGGATGTT	normal	
BT1303_CAGCCGATCTTGAGAC	normal	
BT1303_CAGCGACAGCCCAATT	normal	
BT1303_CAGCGACCACGCGAAA	tumor	
BT1303_CAGCGACGTAGCAAAT	normal	
BT1303_CAGCGACGTATAGTAG	normal	
BT1303_CAGCGACGTCAAAGAT	normal	
BT1303_CAGCGACGTCCAGTGC	normal	
BT1303_CAGCGACGTCGCATCG	tumor	
BT1303_CAGCGACGTGCAGACA	normal	
BT1303_CAGCGACTCATGTGGT	normal	
BT1303_CAGCGACTCGCAAGCC	normal	
BT1303_CAGCGACTCGCTGATA	normal	
BT1303_CAGCTAACACACTGCG	tumor	
BT1303_CAGCTAACACCCTATC	normal	
BT1303_CAGCTAACAGCTGTTA	normal	
BT1303_CAGCTAACATATGCTG	normal	
BT1303_CAGCTAACATCACGTA	normal	
BT1303_CAGCTAAGTGGCGAAT	normal	
BT1303_CAGCTAATCCTAGGGC	normal	
BT1303_CAGCTGGCAAACCTAC	normal	
BT1303_CAGCTGGCACGTGAGA	normal	
BT1303_CAGCTGGCAGATCCAT	normal	
BT1303_CAGCTGGCAGATGGCA	normal	
BT1303_CAGCTGGCAGGATCGA	normal	
BT1303_CAGCTGGTCAGTTGAC	normal	
BT1303_CAGCTGGTCCAAACAC	normal	
BT1303_CAGCTGGTCCGTAGGC	normal	
BT1303_CAGCTGGTCTCTTATG	normal	
BT1303_CAGCTGGTCTGCTGCT	normal	
BT1303_CAGGTGCAGCTAACTC	tumor	
BT1303_CAGGTGCAGGGTTTCT	normal	
BT1303_CAGGTGCAGTGGAGAA	normal	
BT1303_CAGGTGCAGTGTGGCA	normal	
BT1303_CAGGTGCCATGCCCGA	normal	
BT1303_CAGTAACCAAGCGAGT	tumor	
BT1303_CAGTAACGTCAGAAGC	normal	
BT1303_CAGTAACTCTCATTCA	normal	
BT1303_CAGTCCTAGTGGAGAA	normal	
BT1303_CAGTCCTAGTTGTAGA	normal	
BT1303_CAGTCCTGTGAAATCA	normal	
BT1303_CAGTCCTGTTGTCGCG	normal	
BT1303_CATATGGAGTGGACGT	normal	
BT1303_CATATGGCATTCCTCG	normal	
BT1303_CATATGGGTACCCAAT	normal	
BT1303_CATATGGGTGATAAAC	normal	
BT1303_CATATGGTCTGGAGCC	tumor	
BT1303_CATATTCAGAAACGAG	normal	
BT1303_CATATTCCACTCGACG	normal	
BT1303_CATATTCCAGGTGCCT	normal	
BT1303_CATATTCCATTCCTGC	normal	
BT1303_CATATTCCATTTGCCC	tumor	
BT1303_CATATTCGTATGAAAC	normal	
BT1303_CATATTCGTCAGAGGT	normal	
BT1303_CATATTCGTGAAGGCT	normal	
BT1303_CATATTCGTGGGTATG	normal	
BT1303_CATATTCGTTCCGTCT	normal	
BT1303_CATCAAGAGAGGACGG	normal	
BT1303_CATCAAGCATCACGAT	normal	
BT1303_CATCAAGGTCAATACC	normal	
BT1303_CATCAAGGTTTAGCTG	normal	
BT1303_CATCAAGTCAAAGTAG	normal	
BT1303_CATCAAGTCAAGGTAA	normal	
BT1303_CATCAAGTCTTAGAGC	tumor	
BT1303_CATCAGAAGCTCCTCT	normal	
BT1303_CATCAGACAGACACTT	normal	
BT1303_CATCAGAGTAAAGGAG	tumor	
BT1303_CATCAGATCAGCATGT	normal	
BT1303_CATCAGATCGAATGGG	tumor	
BT1303_CATCAGATCGCCAGCA	normal	
BT1303_CATCCACAGCGTGTCC	normal	
BT1303_CATCCACCACTCGACG	normal	
BT1303_CATCCACGTCTCATCC	normal	
BT1303_CATCCACGTGCAGGTA	normal	
BT1303_CATCCACTCCAAGCCG	normal	
BT1303_CATCCACTCGCAGGCT	normal	
BT1303_CATCCACTCTCAACTT	normal	
BT1303_CATCGAAAGACGCTTT	normal	
BT1303_CATCGAACACGGTAGA	normal	
BT1303_CATCGAAGTCTAGCGC	normal	
BT1303_CATCGAAGTGAGGCTA	normal	
BT1303_CATCGAATCAGCACAT	normal	
BT1303_CATCGGGCATTCTCAT	normal	
BT1303_CATCGGGGTAGTGAAT	tumor	
BT1303_CATCGGGGTCGGCACT	normal	
BT1303_CATCGGGTCAGCACAT	normal	
BT1303_CATGACAAGGACGAAA	normal	
BT1303_CATGACAAGGGTTCCC	normal	
BT1303_CATGACAAGTGACTCT	normal	
BT1303_CATGACACAGGTCCAC	tumor	
BT1303_CATGACATCTGTCTCG	normal	
BT1303_CATGCCTAGATGGGTC	normal	
BT1303_CATGCCTAGCGCTTAT	normal	
BT1303_CATGCCTCAAACCCAT	normal	
BT1303_CATGCCTCAAGGACTG	normal	
BT1303_CATGCCTCACGAAGCA	normal	
BT1303_CATGCCTCAGTTAACC	normal	
BT1303_CATGCCTCATCTACGA	normal	
BT1303_CATGCCTGTAACGTTC	normal	
BT1303_CATGCCTGTCAGTGGA	normal	
BT1303_CATGCCTGTGTCAATC	normal	
BT1303_CATGCCTTCCAAACTG	normal	
BT1303_CATGCCTTCCTCAACC	normal	
BT1303_CATGCCTTCGATAGAA	normal	
BT1303_CATGCCTTCGGATGTT	normal	
BT1303_CATGGCGAGCAGCGTA	normal	
BT1303_CATGGCGAGCTAGTTC	normal	
BT1303_CATGGCGAGTTAACGA	tumor	
BT1303_CATGGCGCACCCAGTG	normal	
BT1303_CATGGCGCATGTAGTC	normal	
BT1303_CATGGCGGTGCAACTT	normal	
BT1303_CATGGCGGTTATCCGA	normal	
BT1303_CATGGCGTCAACCATG	normal	
BT1303_CATGGCGTCCCTGACT	normal	
BT1303_CATGGCGTCCGCAAGC	tumor	
BT1303_CATTATCAGCTAGTCT	normal	
BT1303_CATTATCAGGACATTA	normal	
BT1303_CATTATCAGTAGCCGA	normal	
BT1303_CATTATCCAAGGTTCT	normal	
BT1303_CATTATCCAATGACCT	normal	
BT1303_CATTATCCACATTTCT	tumor	
BT1303_CATTATCCAGTTCATG	normal	
BT1303_CATTATCGTCAGAGGT	tumor	
BT1303_CATTATCTCAGCCTAA	tumor	
BT1303_CATTATCTCAGTCCCT	normal	
BT1303_CATTATCTCCTATGTT	normal	
BT1303_CATTATCTCGTTTGCC	normal	
BT1303_CATTCGCAGAAGGTTT	normal	
BT1303_CATTCGCGTTCGGGCT	normal	
BT1303_CATTCGCTCCCGGATG	tumor	
BT1303_CCAATCCAGGTAGCTG	normal	
BT1303_CCAATCCCATACTACG	normal	
BT1303_CCAATCCGTCAGTGGA	normal	
BT1303_CCAATCCGTGTATGGG	normal	
BT1303_CCACCTAAGACTAGAT	normal	
BT1303_CCACCTAAGGTAGCCA	normal	
BT1303_CCACCTAAGGTCGGAT	normal	
BT1303_CCACCTACACTGAAGG	normal	
BT1303_CCACCTAGTTGCGCAC	normal	
BT1303_CCACCTATCCAATGGT	normal	
BT1303_CCACGGACAAACTGCT	normal	
BT1303_CCACGGAGTGATGCCC	normal	
BT1303_CCACGGAGTTCCACGG	normal	
BT1303_CCACTACAGTACTTGC	normal	
BT1303_CCACTACAGTCATCCA	tumor	
BT1303_CCACTACCACACCGAC	tumor	
BT1303_CCACTACCAGTCGATT	normal	
BT1303_CCACTACGTCCAGTTA	normal	
BT1303_CCACTACGTGAACCTT	normal	
BT1303_CCAGCGAAGGATGGAA	tumor	
BT1303_CCAGCGACAAGTTAAG	normal	
BT1303_CCAGCGAGTCACCTAA	tumor	
BT1303_CCATGTCAGGCAGTCA	normal	
BT1303_CCATGTCAGGGAAACA	normal	
BT1303_CCATGTCAGTGGACGT	normal	
BT1303_CCATGTCCAATTCCTT	tumor	
BT1303_CCATGTCCACCAGGTC	normal	
BT1303_CCATGTCCAGCTGGCT	normal	
BT1303_CCATGTCCATTCCTCG	normal	
BT1303_CCATGTCGTCTAGCCG	normal	
BT1303_CCATGTCTCACTTCAT	normal	
BT1303_CCATTCGAGATCCTGT	normal	
BT1303_CCATTCGAGCGCCTCA	normal	
BT1303_CCATTCGGTATATCCG	normal	
BT1303_CCATTCGGTCGATTGT	normal	
BT1303_CCATTCGTCAGGCCCA	normal	
BT1303_CCATTCGTCGGAGCAA	normal	
BT1303_CCCAATCAGGATGTAT	normal	
BT1303_CCCAATCCAAGGTGTG	normal	
BT1303_CCCAATCCAAGGTTTC	normal	
BT1303_CCCAATCGTAAATGAC	normal	
BT1303_CCCAATCGTAGGGACT	normal	
BT1303_CCCAATCGTCACAAGG	normal	
BT1303_CCCAATCGTTCCGGCA	normal	
BT1303_CCCAATCTCCGTCAAA	normal	
BT1303_CCCAGTTAGAAGATTC	normal	
BT1303_CCCAGTTAGATGCCAG	tumor	
BT1303_CCCAGTTAGCCAGTAG	normal	
BT1303_CCCAGTTAGCTACCTA	normal	
BT1303_CCCAGTTGTAAACGCG	normal	
BT1303_CCCAGTTTCAAGCCTA	normal	
BT1303_CCCAGTTTCATACGGT	normal	
BT1303_CCCAGTTTCCCAAGAT	normal	
BT1303_CCCATACCAAATACAG	normal	
BT1303_CCCATACCACGGATAG	normal	
BT1303_CCCATACCAGGGAGAG	tumor	
BT1303_CCCATACCATACGCTA	tumor	
BT1303_CCCATACCATTTGCTT	normal	
BT1303_CCCATACTCGCATGGC	normal	
BT1303_CCCTCCTAGATATGGT	normal	
BT1303_CCCTCCTAGTCGCCGT	normal	
BT1303_CCCTCCTAGTGCGTGA	normal	
BT1303_CCGGGATAGGCAATTA	normal	
BT1303_CCGGGATCATCTCCCA	normal	
BT1303_CCGGGATTCTTGCAAG	normal	
BT1303_CCGGTAGCAAGTCTGT	normal	
BT1303_CCGGTAGCACGACGAA	normal	
BT1303_CCGGTAGGTAGTAGTA	tumor	
BT1303_CCGGTAGGTCCTCTTG	tumor	
BT1303_CCGGTAGTCACGACTA	tumor	
BT1303_CCGTACTAGAGAGCTC	normal	
BT1303_CCGTACTAGCTCAACT	normal	
BT1303_CCGTACTCATTCGACA	normal	
BT1303_CCGTACTGTACGACCC	normal	
BT1303_CCGTACTGTCCATCCT	tumor	
BT1303_CCGTACTGTGAGCGAT	normal	
BT1303_CCGTACTTCGTAGGAG	tumor	
BT1303_CCGTGGAAGAGCCCAA	normal	
BT1303_CCGTGGAAGTCCTCCT	normal	
BT1303_CCGTGGACAAATACAG	normal	
BT1303_CCGTGGACAAGCCATT	tumor	
BT1303_CCGTGGACATCCGGGT	normal	
BT1303_CCGTGGAGTCATGCCG	normal	
BT1303_CCGTGGAGTGAAGGCT	normal	
BT1303_CCGTTCAAGATATGGT	tumor	
BT1303_CCGTTCAAGGTGTTAA	tumor	
BT1303_CCGTTCAAGTATGACA	normal	
BT1303_CCGTTCAAGTCGATAA	normal	
BT1303_CCGTTCACACAGACTT	normal	
BT1303_CCGTTCACAGAGCCAA	normal	
BT1303_CCGTTCAGTCCGAGTC	tumor	
BT1303_CCGTTCAGTCTGCCAG	normal	
BT1303_CCGTTCAGTTTCGCTC	tumor	
BT1303_CCGTTCATCAAGGTAA	normal	
BT1303_CCGTTCATCGCCAGCA	normal	
BT1303_CCGTTCATCTTTAGGG	tumor	
BT1303_CCTAAAGAGTGTTTGC	normal	
BT1303_CCTAAAGCACGGACAA	normal	
BT1303_CCTAAAGGTAAGAGAG	normal	
BT1303_CCTAAAGTCACCTCGT	tumor	
BT1303_CCTAAAGTCTTTACAC	normal	
BT1303_CCTACACCAGCCTATA	tumor	
BT1303_CCTACACGTTGGGACA	normal	
BT1303_CCTACCAAGAAACCAT	normal	
BT1303_CCTACCAAGGGTCTCC	tumor	
BT1303_CCTACCAGTCACACGC	normal	
BT1303_CCTACCAGTTCGCTAA	normal	
BT1303_CCTACCATCTTACCGC	normal	
BT1303_CCTAGCTAGATAGTCA	normal	
BT1303_CCTAGCTAGCCTCGTG	normal	
BT1303_CCTAGCTAGCGTGTCC	tumor	
BT1303_CCTAGCTAGGCAGTCA	tumor	
BT1303_CCTAGCTAGTGGTAGC	normal	
BT1303_CCTAGCTCACGTGAGA	normal	
BT1303_CCTAGCTCAGTTCCCT	normal	
BT1303_CCTAGCTGTCCATGAT	normal	
BT1303_CCTAGCTGTTCAGGCC	normal	
BT1303_CCTATTAAGCTAGTTC	normal	
BT1303_CCTATTAAGTTCGCAT	normal	
BT1303_CCTATTACACAAGTAA	normal	
BT1303_CCTATTACACAGGTTT	normal	
BT1303_CCTATTACAGTAAGAT	normal	
BT1303_CCTATTACATTATCTC	normal	
BT1303_CCTATTAGTTGTCTTT	normal	
BT1303_CCTATTATCTGCTGCT	normal	
BT1303_CCTCAGTAGATGCCTT	normal	
BT1303_CCTCAGTAGCGCTCCA	tumor	
BT1303_CCTCAGTAGGACATTA	normal	
BT1303_CCTCAGTAGTCATCCA	normal	
BT1303_CCTCAGTAGTGTCTCA	normal	
BT1303_CCTCAGTCATCGGGTC	normal	
BT1303_CCTCAGTTCGGTTAAC	normal	
BT1303_CCTCTGACACAAGACG	normal	
BT1303_CCTCTGACACTTCGAA	normal	
BT1303_CCTCTGAGTTCGCTAA	normal	
BT1303_CCTCTGATCCTCGCAT	normal	
BT1303_CCTTACGAGAAGATTC	normal	
BT1303_CCTTACGAGGCTACGA	normal	
BT1303_CCTTACGGTCAACTGT	tumor	
BT1303_CCTTACGGTCTAAACC	normal	
BT1303_CCTTACGGTTAGAACA	normal	
BT1303_CCTTACGTCAGGATCT	normal	
BT1303_CCTTCCCAGCCTTGAT	normal	
BT1303_CCTTCCCCAAACAACA	normal	
BT1303_CCTTCCCGTCTTCTCG	normal	
BT1303_CCTTCCCGTGATAAGT	normal	
BT1303_CCTTCCCTCCCAACGG	normal	
BT1303_CCTTCCCTCTCTTATG	normal	
BT1303_CCTTCCCTCTGCTTGC	normal	
BT1303_CCTTCGAAGGACATTA	normal	
BT1303_CCTTCGAAGTGCGATG	normal	
BT1303_CCTTCGACAGTCTTCC	normal	
BT1303_CCTTTCTAGACAGGCT	tumor	
BT1303_CCTTTCTAGCGCCTCA	normal	
BT1303_CCTTTCTAGCTGTTCA	normal	
BT1303_CCTTTCTCATCCTAGA	normal	
BT1303_CCTTTCTGTACCGAGA	normal	
BT1303_CCTTTCTGTGCACTTA	normal	
BT1303_CCTTTCTGTTACAGAA	normal	
BT1303_CCTTTCTTCCTTGGTC	tumor	
BT1303_CCTTTCTTCGGTTCGG	tumor	
BT1303_CGAACATAGAAAGTGG	normal	
BT1303_CGAACATAGAGCTTCT	normal	
BT1303_CGAACATAGATGCCTT	normal	
BT1303_CGAACATCAGCTCCGA	normal	
BT1303_CGAACATCATAGGATA	normal	
BT1303_CGAACATGTCTAAAGA	normal	
BT1303_CGAACATGTTCCCGAG	normal	
BT1303_CGAACATGTTCTGAAC	tumor	
BT1303_CGAATGTAGACCGGAT	normal	
BT1303_CGAATGTAGGTGGGTT	normal	
BT1303_CGAATGTGTCACACGC	normal	
BT1303_CGAATGTTCAGGTTCA	normal	
BT1303_CGAATGTTCTAAGCCA	normal	
BT1303_CGACCTTAGCTGAACG	normal	
BT1303_CGACCTTGTGTTCTTT	normal	
BT1303_CGACCTTTCAGGTTCA	tumor	
BT1303_CGACCTTTCTACTATC	normal	
BT1303_CGACTTCAGTACGCCC	tumor	
BT1303_CGACTTCCAGCTGTAT	normal	
BT1303_CGACTTCTCTAACTGG	normal	
BT1303_CGAGAAGAGACTAAGT	normal	
BT1303_CGAGAAGAGGTGATAT	normal	
BT1303_CGAGAAGAGGTGTTAA	normal	
BT1303_CGAGAAGAGTTGCAGG	normal	
BT1303_CGAGAAGCAAGTTGTC	normal	
BT1303_CGAGAAGGTAGCGTCC	normal	
BT1303_CGAGAAGGTTCATGGT	tumor	
BT1303_CGAGAAGTCAGCTCTC	normal	
BT1303_CGAGCACAGAAAGTGG	normal	
BT1303_CGAGCACAGCACGCCT	normal	
BT1303_CGAGCACAGGATGGTC	normal	
BT1303_CGAGCACAGTCCCACG	normal	
BT1303_CGAGCACAGTTAGGTA	normal	
BT1303_CGAGCACCAACACCCG	normal	
BT1303_CGAGCACCAATGTAAG	normal	
BT1303_CGAGCACCACATCCAA	tumor	
BT1303_CGAGCACCAGTGAGTG	normal	
BT1303_CGAGCCAAGAAGGTGA	normal	
BT1303_CGAGCCATCTGGTATG	tumor	
BT1303_CGAGCCATCTGTCAAG	normal	
BT1303_CGATCGGAGCTAACTC	normal	
BT1303_CGATCGGAGTTCCACA	normal	
BT1303_CGATCGGAGTTGTAGA	normal	
BT1303_CGATCGGCACTCGACG	normal	
BT1303_CGATCGGTCAGTTAGC	normal	
BT1303_CGATCGGTCCGTAGGC	normal	
BT1303_CGATCGGTCCTTCAAT	tumor	
BT1303_CGATGGCAGGAGTTGC	normal	
BT1303_CGATGGCAGTAGGTGC	normal	
BT1303_CGATGGCGTCATGCCG	normal	
BT1303_CGATGGCGTCTAGTGT	normal	
BT1303_CGATGGCGTCTGGAGA	normal	
BT1303_CGATGGCGTGAGGCTA	normal	
BT1303_CGATGGCTCCTTCAAT	normal	
BT1303_CGATGTAAGCAGCCTC	normal	
BT1303_CGATGTAAGTACTTGC	normal	
BT1303_CGATGTACATCGGTTA	normal	
BT1303_CGATGTATCAGGATCT	normal	
BT1303_CGATGTATCCGTAGTA	normal	
BT1303_CGATTGAAGGTGACCA	normal	
BT1303_CGATTGACATACCATG	normal	
BT1303_CGATTGAGTGAAATCA	normal	
BT1303_CGATTGAGTGTGACGA	tumor	
BT1303_CGATTGATCAGTCAGT	normal	
BT1303_CGATTGATCCACTCCA	normal	
BT1303_CGCCAAGAGAACAATC	normal	
BT1303_CGCCAAGAGCATCATC	normal	
BT1303_CGCCAAGCACCAGATT	normal	
BT1303_CGCCAAGGTCAAACTC	tumor	
BT1303_CGCCAAGGTCAACATC	normal	
BT1303_CGCCAAGGTCACCTAA	normal	
BT1303_CGCCAAGGTCCAAGTT	normal	
BT1303_CGCCAAGGTCCGACGT	normal	
BT1303_CGCCAAGGTTCCACTC	normal	
BT1303_CGCCAAGTCCTCCTAG	normal	
BT1303_CGCGGTAAGCTTCGCG	normal	
BT1303_CGCGGTAGTAAGTGTA	normal	
BT1303_CGCGGTAGTCTGGTCG	normal	
BT1303_CGCGGTAGTGATAAAC	normal	
BT1303_CGCGTTTAGTCCCACG	normal	
BT1303_CGCGTTTGTCAGAATA	normal	
BT1303_CGCGTTTGTCTTCAAG	normal	
BT1303_CGCGTTTTCAGAGGTG	normal	
BT1303_CGCGTTTTCCACGTGG	normal	
BT1303_CGCGTTTTCCGATATG	normal	
BT1303_CGCGTTTTCTGATACG	tumor	
BT1303_CGCTATCAGAGTGAGA	normal	
BT1303_CGCTATCAGCGATAGC	normal	
BT1303_CGCTATCCAGTGGAGT	tumor	
BT1303_CGCTATCGTGTGAAAT	normal	
BT1303_CGCTGGAAGATCCTGT	normal	
BT1303_CGCTGGAAGGTGTTAA	normal	
BT1303_CGCTGGACAGCGTAAG	normal	
BT1303_CGCTGGATCGAGCCCA	normal	
BT1303_CGCTTCAAGCAGGCTA	normal	
BT1303_CGCTTCATCTTGTATC	normal	
BT1303_CGGACACCACATGTGT	normal	
BT1303_CGGACACCATGCTAGT	normal	
BT1303_CGGACACGTAGCGTAG	normal	
BT1303_CGGACACGTCCAGTTA	normal	
BT1303_CGGACACTCCCTCTTT	normal	
BT1303_CGGACACTCGGAGCAA	tumor	
BT1303_CGGACGTCAAATTGCC	normal	
BT1303_CGGACGTCACTGAAGG	normal	
BT1303_CGGACGTCAGGGAGAG	normal	
BT1303_CGGACGTGTATATCCG	normal	
BT1303_CGGACGTGTATCACCA	normal	
BT1303_CGGACGTGTCTTCAAG	normal	
BT1303_CGGACGTTCTCCTATA	normal	
BT1303_CGGACTGAGAGCTTCT	normal	
BT1303_CGGACTGAGATCCGAG	normal	
BT1303_CGGACTGCAAATTGCC	normal	
BT1303_CGGACTGCATACAGCT	tumor	
BT1303_CGGACTGCATGGATGG	normal	
BT1303_CGGACTGGTTGTACAC	normal	
BT1303_CGGACTGTCATGTCTT	normal	
BT1303_CGGAGCTAGAAGATTC	normal	
BT1303_CGGAGCTTCTGAGGGA	normal	
BT1303_CGGAGTCCACCAGGTC	normal	
BT1303_CGGAGTCGTGCGATAG	normal	
BT1303_CGGAGTCTCTTGTTTG	normal	
BT1303_CGGCTAGAGCCCAGCT	normal	
BT1303_CGGCTAGAGCTAACTC	tumor	
BT1303_CGGCTAGGTAGGCATG	normal	
BT1303_CGGCTAGGTCATACTG	normal	
BT1303_CGGGTCAAGCGCCTCA	normal	
BT1303_CGGGTCAAGCGTAATA	normal	
BT1303_CGGGTCAAGTAAGTAC	normal	
BT1303_CGGGTCAAGTTAAGTG	normal	
BT1303_CGGGTCACATTGGCGC	normal	
BT1303_CGGGTCAGTCAGCTAT	normal	
BT1303_CGGGTCAGTTAGAACA	normal	
BT1303_CGGTTAAAGAGGGATA	normal	
BT1303_CGGTTAAAGTACATGA	normal	
BT1303_CGGTTAAAGTGGACGT	normal	
BT1303_CGGTTAAAGTGTCCAT	normal	
BT1303_CGGTTAACACCACCAG	normal	
BT1303_CGGTTAACACCAGTTA	tumor	
BT1303_CGGTTAACAGTTCATG	normal	
BT1303_CGTAGCGAGCTATGCT	normal	
BT1303_CGTAGCGCAAGCCGCT	normal	
BT1303_CGTAGCGCAAGCGCTC	normal	
BT1303_CGTAGCGCAGCTGTGC	normal	
BT1303_CGTAGCGGTACAAGTA	normal	
BT1303_CGTAGCGGTCAACATC	normal	
BT1303_CGTAGCGGTCGTTGTA	normal	
BT1303_CGTAGCGGTTAGTGGG	normal	
BT1303_CGTAGCGTCGGCGCAT	normal	
BT1303_CGTAGGCAGCCCAACC	normal	
BT1303_CGTAGGCAGCGATGAC	normal	
BT1303_CGTAGGCAGGAATCGC	normal	
BT1303_CGTAGGCTCAAGCCTA	normal	
BT1303_CGTAGGCTCACCCGAG	normal	
BT1303_CGTAGGCTCCGTTGTC	normal	
BT1303_CGTCACTAGTACTTGC	normal	
BT1303_CGTCACTCAATGGACG	normal	
BT1303_CGTCACTCACGGTTTA	normal	
BT1303_CGTCACTGTCGGATCC	normal	
BT1303_CGTCACTGTGAGGCTA	tumor	
BT1303_CGTCACTTCTACTTAC	normal	
BT1303_CGTCACTTCTCGGACG	normal	
BT1303_CGTCAGGAGAGGTACC	normal	
BT1303_CGTCAGGAGGCAGGTT	normal	
BT1303_CGTCAGGCACGGCGTT	normal	
BT1303_CGTCAGGCAGCTTAAC	normal	
BT1303_CGTCAGGCATGCCTAA	normal	
BT1303_CGTCAGGCATTATCTC	normal	
BT1303_CGTCAGGGTAGTAGTA	tumor	
BT1303_CGTCAGGGTCGGATCC	normal	
BT1303_CGTCAGGGTCTGCAAT	normal	
BT1303_CGTCAGGGTGTCGCTG	normal	
BT1303_CGTCAGGTCCATGAAC	normal	
BT1303_CGTCCATAGAGGGATA	normal	
BT1303_CGTCCATAGGCAATTA	tumor	
BT1303_CGTCCATCAGACAAAT	tumor	
BT1303_CGTCCATCAGGCTGAA	tumor	
BT1303_CGTCCATGTAAGTGTA	normal	
BT1303_CGTCCATGTTGCTCCT	tumor	
BT1303_CGTCCATTCTCTTGAT	normal	
BT1303_CGTCTACCAAGTCTGT	normal	
BT1303_CGTCTACCATATACGC	normal	
BT1303_CGTCTACCATGGATGG	normal	
BT1303_CGTCTACTCGTTGCCT	normal	
BT1303_CGTGAGCAGACCTAGG	normal	
BT1303_CGTGAGCCATCCCATC	normal	
BT1303_CGTGAGCTCAACCATG	normal	
BT1303_CGTGAGCTCATTGCCC	normal	
BT1303_CGTGAGCTCCCAAGAT	normal	
BT1303_CGTGTAAAGCACCGCT	tumor	
BT1303_CGTGTAAAGGCCCGTT	normal	
BT1303_CGTGTAACAATCGGTT	normal	
BT1303_CGTGTAACAGGTCGTC	normal	
BT1303_CGTGTAAGTACGACCC	normal	
BT1303_CGTGTAAGTAGCGCAA	normal	
BT1303_CGTGTAAGTCATATCG	normal	
BT1303_CGTGTAAGTGGTACAG	normal	
BT1303_CGTGTAATCATCACCC	normal	
BT1303_CGTGTAATCCTAAGTG	normal	
BT1303_CGTGTAATCTCCAGGG	normal	
BT1303_CGTGTCTAGGGCACTA	normal	
BT1303_CGTGTCTAGTCAAGGC	normal	
BT1303_CGTGTCTTCAGTGTTG	normal	
BT1303_CGTTAGAAGAGCTTCT	normal	
BT1303_CGTTAGAGTAAATACG	normal	
BT1303_CGTTAGAGTATATCCG	normal	
BT1303_CGTTAGAGTCAGATAA	normal	
BT1303_CGTTAGAGTCGAGATG	normal	
BT1303_CGTTAGAGTGCGAAAC	normal	
BT1303_CGTTCTGCATATGCTG	normal	
BT1303_CGTTCTGGTACCAGTT	normal	
BT1303_CGTTCTGGTAGGGACT	normal	
BT1303_CGTTCTGGTATAAACG	normal	
BT1303_CGTTCTGGTGCAGACA	normal	
BT1303_CGTTCTGGTTGAGGTG	normal	
BT1303_CGTTGGGGTAATAGCA	tumor	
BT1303_CGTTGGGGTATCGCAT	normal	
BT1303_CGTTGGGGTTAAGAAC	normal	
BT1303_CTAACTTAGGAACTGC	normal	
BT1303_CTAAGACAGTCAATAG	normal	
BT1303_CTAAGACCAGCCACCA	normal	
BT1303_CTAAGACTCTACCAGA	normal	
BT1303_CTAATGGAGCCAGGAT	normal	
BT1303_CTAATGGAGTACGACG	normal	
BT1303_CTAATGGAGTGAACAT	normal	
BT1303_CTAATGGCACGAAAGC	normal	
BT1303_CTAATGGGTATGAAAC	normal	
BT1303_CTAATGGGTCAGCTAT	normal	
BT1303_CTAATGGGTCCGAACC	normal	
BT1303_CTAATGGGTTAAGACA	normal	
BT1303_CTAATGGTCGCCGTGA	normal	
BT1303_CTACACCAGAATTGTG	normal	
BT1303_CTACACCAGGACATTA	normal	
BT1303_CTACACCCACTACAGT	tumor	
BT1303_CTACACCTCACGGTTA	normal	
BT1303_CTACATTAGCGGCTTC	normal	
BT1303_CTACATTAGCGTCTAT	normal	
BT1303_CTACATTCAGGGTATG	normal	
BT1303_CTACATTCATTAGGCT	normal	
BT1303_CTACATTTCGGCTACG	normal	
BT1303_CTACCCAAGAGTACAT	normal	
BT1303_CTACCCAAGCTATGCT	tumor	
BT1303_CTACCCAAGGTGCAAC	normal	
BT1303_CTACCCAAGTGTTTGC	normal	
BT1303_CTACCCACACCTCGGA	normal	
BT1303_CTACCCACACGAAGCA	tumor	
BT1303_CTACCCAGTGCGCTTG	normal	
BT1303_CTACCCAGTTCGTTGA	normal	
BT1303_CTACCCATCAAGGTAA	normal	
BT1303_CTACCCATCCTGCCAT	normal	
BT1303_CTACGTCAGGTGCACA	normal	
BT1303_CTACGTCAGTCCAGGA	tumor	
BT1303_CTACGTCCAATGTTGC	normal	
BT1303_CTACGTCCAGAGTGTG	normal	
BT1303_CTACGTCTCAAGGTAA	normal	
BT1303_CTACGTCTCACCACCT	normal	
BT1303_CTAGAGTCAATAGCAA	tumor	
BT1303_CTAGAGTCAATGAATG	normal	
BT1303_CTAGAGTTCCAGGGCT	normal	
BT1303_CTAGAGTTCCGCAAGC	normal	
BT1303_CTAGAGTTCGTGGACC	normal	
BT1303_CTAGCCTAGGCTACGA	normal	
BT1303_CTAGCCTGTCTCTTAT	normal	
BT1303_CTAGCCTTCCAGTATG	normal	
BT1303_CTAGCCTTCCTAGTGA	normal	
BT1303_CTAGTGAAGGATCGCA	normal	
BT1303_CTAGTGAAGGATGCGT	normal	
BT1303_CTAGTGACATACGCTA	normal	
BT1303_CTAGTGATCAACACCA	normal	
BT1303_CTAGTGATCATTCACT	normal	
BT1303_CTCACACAGCGTAATA	normal	
BT1303_CTCACACAGTACGTAA	normal	
BT1303_CTCACACGTAGAGCTG	normal	
BT1303_CTCACACGTGTGCCTG	normal	
BT1303_CTCACACTCTGGTTCC	normal	
BT1303_CTCAGAAAGTACCGGA	normal	
BT1303_CTCAGAACAAGTACCT	normal	
BT1303_CTCAGAACACAGATTC	tumor	
BT1303_CTCAGAAGTCACCCAG	normal	
BT1303_CTCAGAAGTGTTGAGG	normal	
BT1303_CTCATTAAGCTGTCTA	normal	
BT1303_CTCATTAAGTACATGA	normal	
BT1303_CTCATTAAGTCAAGCG	normal	
BT1303_CTCATTATCCCACTTG	normal	
BT1303_CTCATTATCGGAAACG	normal	
BT1303_CTCATTATCGTTTAGG	normal	
BT1303_CTCCTAGTCCACGTTC	normal	
BT1303_CTCCTAGTCCGTCATC	normal	
BT1303_CTCCTAGTCGAATGCT	tumor	
BT1303_CTCCTAGTCTAAGCCA	normal	
BT1303_CTCGAAAAGACGACGT	tumor	
BT1303_CTCGAAACAAACTGTC	normal	
BT1303_CTCGAAACAAGAAAGG	normal	
BT1303_CTCGAAACACTTACGA	normal	
BT1303_CTCGAAATCCCACTTG	normal	
BT1303_CTCGAGGAGAACAACT	normal	
BT1303_CTCGAGGCACCCATGG	normal	
BT1303_CTCGAGGGTAATCGTC	normal	
BT1303_CTCGAGGGTCAAGCGA	normal	
BT1303_CTCGAGGTCGCTAGCG	normal	
BT1303_CTCGAGGTCTTATCTG	normal	
BT1303_CTCGGAGAGGCATGTG	normal	
BT1303_CTCGGAGGTAATCACC	normal	
BT1303_CTCGGAGTCTTCTGGC	normal	
BT1303_CTCGGGAAGCGTCTAT	normal	
BT1303_CTCGGGAAGGGTCGAT	normal	
BT1303_CTCGGGAAGGTACTCT	normal	
BT1303_CTCGGGAGTCCGCTGA	normal	
BT1303_CTCGGGAGTCGGCATC	normal	
BT1303_CTCGGGAGTGCAACTT	tumor	
BT1303_CTCGGGATCAAGGCTT	normal	
BT1303_CTCGTACAGCCCAATT	normal	
BT1303_CTCGTACAGGCTAGCA	normal	
BT1303_CTCGTACAGTAGGTGC	normal	
BT1303_CTCGTACCACATGGGA	normal	
BT1303_CTCGTACCACCCAGTG	normal	
BT1303_CTCGTACGTAACGACG	normal	
BT1303_CTCGTACGTCGCGAAA	tumor	
BT1303_CTCGTACTCATTTGGG	normal	
BT1303_CTCGTACTCGGCTTGG	normal	
BT1303_CTCGTCACACCCAGTG	normal	
BT1303_CTCGTCACATTGGCGC	normal	
BT1303_CTCGTCAGTTATTCTC	normal	
BT1303_CTCGTCAGTTTAGGAA	normal	
BT1303_CTCGTCATCCCGACTT	normal	
BT1303_CTCGTCATCCTTGACC	normal	
BT1303_CTCGTCATCTGATTCT	normal	
BT1303_CTCTAATAGGAGTACC	normal	
BT1303_CTCTAATCATTAGGCT	normal	
BT1303_CTCTAATGTGTAAGTA	normal	
BT1303_CTCTACGCAGATCGGA	normal	
BT1303_CTCTACGCATTTGCTT	normal	
BT1303_CTCTACGTCACGCATA	normal	
BT1303_CTCTGGTAGGAGTTTA	normal	
BT1303_CTCTGGTAGTATCTCG	normal	
BT1303_CTCTGGTCATGCCTAA	normal	
BT1303_CTCTGGTGTGGTTTCA	normal	
BT1303_CTCTGGTTCAGAAATG	normal	
BT1303_CTCTGGTTCCCTTGTG	normal	
BT1303_CTCTGGTTCCGTCATC	normal	
BT1303_CTCTGGTTCCTCTAGC	normal	
BT1303_CTGAAACAGTAGGTGC	normal	
BT1303_CTGAAACAGTGTCCCG	normal	
BT1303_CTGAAACCACTTCTGC	normal	
BT1303_CTGAAACCAGACGCCT	normal	
BT1303_CTGAAACTCACATAGC	tumor	
BT1303_CTGAAGTAGTGGTAGC	tumor	
BT1303_CTGAAGTCAAAGCGGT	normal	
BT1303_CTGAAGTGTTGCGCAC	normal	
BT1303_CTGAAGTTCAACCATG	tumor	
BT1303_CTGAAGTTCAACGGCC	normal	
BT1303_CTGATAGAGTGACTCT	normal	
BT1303_CTGATAGAGTGTACGG	tumor	
BT1303_CTGATAGAGTTGAGAT	normal	
BT1303_CTGATCCGTGCAGTAG	normal	
BT1303_CTGATCCGTTGGTAAA	tumor	
BT1303_CTGATCCGTTGTTTGG	tumor	
BT1303_CTGCCTAAGCTAACAA	normal	
BT1303_CTGCCTACAAGAAGAG	normal	
BT1303_CTGCCTACATGGGACA	normal	
BT1303_CTGCCTACATGGTTGT	normal	
BT1303_CTGCCTAGTACTCAAC	normal	
BT1303_CTGCCTAGTAGCTTGT	normal	
BT1303_CTGCCTAGTCTCGTTC	tumor	
BT1303_CTGCCTAGTGGAAAGA	tumor	
BT1303_CTGCCTAGTGTAATGA	normal	
BT1303_CTGCCTAGTTACCAGT	tumor	
BT1303_CTGCGGAAGTTGTCGT	normal	
BT1303_CTGCGGACAAGAGGCT	tumor	
BT1303_CTGCGGACACCGAATT	normal	
BT1303_CTGCGGACAGATGGGT	normal	
BT1303_CTGCGGATCAAGAAGT	normal	
BT1303_CTGCGGATCCGCGGTA	tumor	
BT1303_CTGCTGTAGCCGTCGT	normal	
BT1303_CTGCTGTCACGAAATA	normal	
BT1303_CTGCTGTTCCTTGCCA	normal	
BT1303_CTGGTCTAGACTTGAA	normal	
BT1303_CTGGTCTAGCTAACTC	normal	
BT1303_CTGGTCTAGGATCGCA	normal	
BT1303_CTGGTCTAGGATGGAA	tumor	
BT1303_CTGGTCTGTGTCCTCT	normal	
BT1303_CTGGTCTGTTCAGTAC	tumor	
BT1303_CTGGTCTTCCTAGAAC	normal	
BT1303_CTGTGCTCAGCTGCAC	normal	
BT1303_CTGTGCTCAGCTGGCT	normal	
BT1303_CTGTGCTCATGGATGG	normal	
BT1303_CTGTGCTTCTTGGGTA	tumor	
BT1303_CTGTTTAAGACTTGAA	normal	
BT1303_CTGTTTAAGCTCTCGG	normal	
BT1303_CTGTTTACACGAGGTA	normal	
BT1303_CTGTTTACACTGTCGG	normal	
BT1303_CTGTTTAGTGCCTGTG	normal	
BT1303_CTGTTTAGTGTGAATA	normal	
BT1303_CTTAACTCAGTCCTTC	normal	
BT1303_CTTAACTCATATACGC	normal	
BT1303_CTTACCGCAAACCTAC	normal	
BT1303_CTTAGGAAGCGATAGC	normal	
BT1303_CTTAGGAAGGCAGGTT	normal	
BT1303_CTTAGGACACGAAGCA	normal	
BT1303_CTTAGGACAGATCGGA	normal	
BT1303_CTTAGGATCCGTAGTA	tumor	
BT1303_CTTCTCTCAATGCCAT	normal	
BT1303_CTTCTCTCACGGATAG	normal	
BT1303_CTTCTCTCAGGACGTA	normal	
BT1303_CTTCTCTGTAGCTCCG	normal	
BT1303_CTTCTCTGTCTGCGGT	normal	
BT1303_CTTCTCTGTTGACGTT	normal	
BT1303_CTTCTCTTCTAGAGTC	normal	
BT1303_CTTGGCTAGATCTGCT	normal	
BT1303_CTTGGCTAGGCAGTCA	normal	
BT1303_CTTGGCTGTTGTCGCG	normal	
BT1303_CTTGGCTTCACGATGT	normal	
BT1303_CTTGGCTTCGTAGGTT	normal	
BT1303_CTTGGCTTCTATCCCG	tumor	
BT1303_CTTTGCGCATGACGGA	tumor	
BT1303_CTTTGCGTCATCGCTC	normal	
BT1303_CTTTGCGTCGAGCCCA	normal	
BT1303_CTTTGCGTCTATCCTA	normal	
BT1303_CTTTGCGTCTGCTGTC	normal	
BT1303_GAAACTCAGGCTCATT	normal	
BT1303_GAAACTCCATGATCCA	normal	
BT1303_GAAACTCGTAGGAGTC	normal	
BT1303_GAAACTCGTCTTGCGG	normal	
BT1303_GAAACTCTCCCTTGCA	normal	
BT1303_GAAATGACAAGCTGTT	normal	
BT1303_GAAATGACACTGTGTA	normal	
BT1303_GAAATGACAGATCCAT	normal	
BT1303_GAAATGAGTGCTCTTC	normal	
BT1303_GAAATGATCACCCGAG	normal	
BT1303_GAAATGATCAGAGGTG	normal	
BT1303_GAAATGATCTTAGAGC	normal	
BT1303_GAACATCAGAACAATC	normal	
BT1303_GAACATCCAATGTTGC	normal	
BT1303_GAACATCCATGTTGAC	normal	
BT1303_GAACATCGTCTCCACT	normal	
BT1303_GAACATCGTGCCTGCA	tumor	
BT1303_GAACATCGTTACGTCA	normal	
BT1303_GAACATCTCAGTTTGG	normal	
BT1303_GAACCTAAGGCTAGGT	normal	
BT1303_GAACCTACAGATAATG	normal	
BT1303_GAACCTACAGTGGAGT	normal	
BT1303_GAACCTAGTGCTAGCC	normal	
BT1303_GAACCTAGTTTAGCTG	tumor	
BT1303_GAACGGAAGAACTCGG	normal	
BT1303_GAACGGACACAGGTTT	tumor	
BT1303_GAACGGAGTGCCTGTG	normal	
BT1303_GAACGGATCACGAAGG	normal	
BT1303_GAACGGATCAGCTTAG	tumor	
BT1303_GAAGCAGCACTTAACG	normal	
BT1303_GAAGCAGTCATAAAGG	normal	
BT1303_GAAGCAGTCCCAACGG	normal	
BT1303_GAAGCAGTCGCGCCAA	tumor	
BT1303_GAATAAGCACGCTTTC	normal	
BT1303_GAATAAGCAGGGAGAG	normal	
BT1303_GAATAAGCAGTATAAG	tumor	
BT1303_GAATGAAAGCCCAGCT	normal	
BT1303_GAATGAATCGCGTTTC	normal	
BT1303_GAATGAATCTTGTACT	normal	
BT1303_GACACGCAGAATGTGT	normal	
BT1303_GACACGCAGCGCCTTG	tumor	
BT1303_GACACGCAGTGTCCAT	tumor	
BT1303_GACACGCCAGTTTACG	normal	
BT1303_GACACGCCATGCGCAC	normal	
BT1303_GACACGCGTGGTAACG	normal	
BT1303_GACACGCTCCACGCAG	normal	
BT1303_GACACGCTCCCTGACT	normal	
BT1303_GACACGCTCCGTAGTA	normal	
BT1303_GACACGCTCGTAGGTT	normal	
BT1303_GACAGAGCACATCCAA	normal	
BT1303_GACAGAGCATTCTCAT	normal	
BT1303_GACAGAGGTAGCGTAG	normal	
BT1303_GACAGAGGTCCGCTGA	normal	
BT1303_GACAGAGGTCCGTCAG	normal	
BT1303_GACAGAGGTCGGATCC	normal	
BT1303_GACAGAGTCCAGTAGT	normal	
BT1303_GACAGAGTCGCGCCAA	tumor	
BT1303_GACCAATAGAGGACGG	normal	
BT1303_GACCAATCACAGAGGT	normal	
BT1303_GACCAATCATGGAATA	normal	
BT1303_GACCAATGTCTTCGTC	normal	
BT1303_GACCAATTCCGCAGTG	normal	
BT1303_GACCAATTCTCGAGTA	normal	
BT1303_GACCAATTCTCTGCTG	normal	
BT1303_GACCAATTCTCTTATG	normal	
BT1303_GACCTGGAGTTTGCGT	tumor	
BT1303_GACCTGGCACCAACCG	normal	
BT1303_GACCTGGCAGACACTT	normal	
BT1303_GACCTGGGTCCGAAGA	normal	
BT1303_GACCTGGGTCGCTTTC	normal	
BT1303_GACCTGGGTCTTGATG	normal	
BT1303_GACCTGGGTTAAAGAC	normal	
BT1303_GACCTGGGTTTGTTGG	normal	
BT1303_GACCTGGTCACTTATC	normal	
BT1303_GACCTGGTCCCTTGCA	normal	
BT1303_GACGCGTAGCGCTTAT	normal	
BT1303_GACGCGTCAGAGCCAA	normal	
BT1303_GACGCGTCAGGAACGT	normal	
BT1303_GACGCGTCATTGTGCA	normal	
BT1303_GACGCGTTCACAACGT	normal	
BT1303_GACGCGTTCCGTAGGC	normal	
BT1303_GACGCGTTCTAACTGG	normal	
BT1303_GACGGCTAGAATCTCC	normal	
BT1303_GACGGCTCAAGAGGCT	normal	
BT1303_GACGGCTCAGTTAACC	normal	
BT1303_GACGGCTCATATGAGA	normal	
BT1303_GACGGCTGTCTGCGGT	normal	
BT1303_GACGGCTGTGTAATGA	tumor	
BT1303_GACGGCTTCCCTTGTG	normal	
BT1303_GACGGCTTCTGTCTAT	tumor	
BT1303_GACGTGCAGACGCAAC	tumor	
BT1303_GACGTGCAGGATTCGG	normal	
BT1303_GACGTGCCAATGGAAT	normal	
BT1303_GACGTGCGTTGATTGC	tumor	
BT1303_GACGTGCTCCCTGACT	normal	
BT1303_GACGTTAAGTTGTCGT	tumor	
BT1303_GACGTTACAAGCCGTC	normal	
BT1303_GACGTTACAGTTCCCT	normal	
BT1303_GACGTTAGTACCTACA	normal	
BT1303_GACGTTATCCAGATCA	normal	
BT1303_GACGTTATCGAATGGG	normal	
BT1303_GACTAACAGGCACATG	normal	
BT1303_GACTAACCAAACAACA	tumor	
BT1303_GACTAACCATGGGAAC	tumor	
BT1303_GACTAACGTCCTCCAT	normal	
BT1303_GACTACAAGACCACGA	normal	
BT1303_GACTACAAGACGACGT	normal	
BT1303_GACTACAAGGCTCTTA	normal	
BT1303_GACTACACAGAGTGTG	normal	
BT1303_GACTACAGTAGCCTCG	normal	
BT1303_GACTACAGTCACTTCC	normal	
BT1303_GACTACAGTGCCTGGT	normal	
BT1303_GACTACATCCTTAATC	tumor	
BT1303_GACTACATCGTGACAT	normal	
BT1303_GACTGCGAGCTGCAAG	tumor	
BT1303_GACTGCGCAACACCCG	normal	
BT1303_GACTGCGCACGCATCG	normal	
BT1303_GACTGCGCACGTTGGC	normal	
BT1303_GACTGCGGTCTTGTCC	normal	
BT1303_GACTGCGTCCGCATAA	normal	
BT1303_GACTGCGTCCTAGAAC	normal	
BT1303_GAGCAGAAGAAACCGC	normal	
BT1303_GAGCAGAAGAGGTACC	normal	
BT1303_GAGCAGACAGCCTTTC	normal	
BT1303_GAGCAGAGTGCTGTAT	tumor	
BT1303_GAGCAGATCAGTGTTG	normal	
BT1303_GAGCAGATCCATTCTA	normal	
BT1303_GAGCAGATCCTAAGTG	normal	
BT1303_GAGGTGAAGCAGGCTA	normal	
BT1303_GAGGTGAAGGGCTTGA	normal	
BT1303_GAGGTGACATCCGTGG	normal	
BT1303_GAGGTGAGTAAAGTCA	tumor	
BT1303_GAGGTGATCCCATTTA	normal	
BT1303_GAGTCCGAGATCGATA	normal	
BT1303_GAGTCCGAGTGTTTGC	normal	
BT1303_GAGTCCGCATGCCCGA	normal	
BT1303_GAGTCCGGTAGCGTGA	normal	
BT1303_GAGTCCGGTCCGTGAC	normal	
BT1303_GAGTCCGGTCGTTGTA	normal	
BT1303_GAGTCCGTCAGTACGT	normal	
BT1303_GAGTCCGTCTACGAGT	normal	
BT1303_GATCAGTAGCTAAACA	tumor	
BT1303_GATCAGTCAGACGCCT	normal	
BT1303_GATCAGTGTAACGACG	tumor	
BT1303_GATCAGTGTAGCGATG	normal	
BT1303_GATCAGTGTTAAGACA	normal	
BT1303_GATCAGTGTTGGAGGT	tumor	
BT1303_GATCAGTTCTGCCAGG	normal	
BT1303_GATCGATCACAAGCCC	normal	
BT1303_GATCGATCATGTAAGA	normal	
BT1303_GATCGATGTACCGAGA	normal	
BT1303_GATCGATTCATAACCG	normal	
BT1303_GATCGCGAGCGATGAC	normal	
BT1303_GATCGCGAGTCTTGCA	normal	
BT1303_GATCGCGCACTTAACG	normal	
BT1303_GATCGCGCAGTGGAGT	normal	
BT1303_GATCGCGGTTCCCGAG	normal	
BT1303_GATCGCGTCACCATAG	normal	
BT1303_GATCGCGTCGCACTCT	normal	
BT1303_GATCGCGTCGTCCGTT	normal	
BT1303_GATCGCGTCTATCCTA	normal	
BT1303_GATCGTAAGCCGCCTA	tumor	
BT1303_GATCGTAAGCTAGTGG	normal	
BT1303_GATCGTAAGTACGCGA	normal	
BT1303_GATCGTACACAGGAGT	normal	
BT1303_GATCGTACATGAACCT	normal	
BT1303_GATCGTAGTACCAGTT	normal	
BT1303_GATCGTATCAGCTCGG	normal	
BT1303_GATCTAGCAACACCTA	normal	
BT1303_GATCTAGGTCTAAACC	normal	
BT1303_GATCTAGGTGACTACT	normal	
BT1303_GATGAAAAGTCTTGCA	normal	
BT1303_GATGAAACACATGGGA	tumor	
BT1303_GATGAAACAGCGTCCA	normal	
BT1303_GATGAAACATCCGTGG	normal	
BT1303_GATGAAACATTTCAGG	normal	
BT1303_GATGAAAGTAAGCACG	tumor	
BT1303_GATGAAAGTCGTGGCT	normal	
BT1303_GATGAAAGTTCTCATT	normal	
BT1303_GATGAAATCTCATTCA	normal	
BT1303_GATGAGGAGGGATACC	normal	
BT1303_GATGAGGAGGGCTTGA	tumor	
BT1303_GATGAGGCAGTCAGAG	normal	
BT1303_GATGAGGTCCTGTACC	normal	
BT1303_GATGCTAAGCACCGTC	normal	
BT1303_GATGCTAAGGTACTCT	normal	
BT1303_GATGCTAAGTTGCAGG	normal	
BT1303_GATGCTATCAGTCAGT	normal	
BT1303_GATTCAGCACTCAGGC	normal	
BT1303_GATTCAGCAGCGAACA	normal	
BT1303_GATTCAGGTCATCCCT	normal	
BT1303_GATTCAGGTCCCTTGT	normal	
BT1303_GCAAACTCATCTACGA	normal	
BT1303_GCAAACTGTGTTTGGT	normal	
BT1303_GCAAACTGTTCCAACA	tumor	
BT1303_GCAATCAAGATTACCC	normal	
BT1303_GCAATCAAGCGCCTTG	normal	
BT1303_GCAATCAAGTGTACTC	tumor	
BT1303_GCAATCACAAGCCCAC	normal	
BT1303_GCAATCAGTGGCCCTA	normal	
BT1303_GCAATCAGTTGATTGC	normal	
BT1303_GCACATAAGAGTCGGT	normal	
BT1303_GCACATAAGGTGCACA	normal	
BT1303_GCACATACAGCGTCCA	normal	
BT1303_GCACATAGTCGAAAGC	tumor	
BT1303_GCACATATCAACGCTA	normal	
BT1303_GCACATATCTGCAAGT	normal	
BT1303_GCACATATCTGTCCGT	normal	
BT1303_GCACTCTAGGGCACTA	normal	
BT1303_GCACTCTCAAGGACAC	normal	
BT1303_GCACTCTTCCGTCAAA	normal	
BT1303_GCACTCTTCGGTGTCG	normal	
BT1303_GCAGTTAAGGACATTA	normal	
BT1303_GCAGTTAAGTACCGGA	normal	
BT1303_GCAGTTACATTCCTGC	tumor	
BT1303_GCAGTTAGTAATCGTC	tumor	
BT1303_GCAGTTAGTCTGCAAT	normal	
BT1303_GCAGTTATCTACGAGT	normal	
BT1303_GCATACAAGCGTTTAC	normal	
BT1303_GCATACAAGCTACCGC	normal	
BT1303_GCATACACAGCTGCAC	normal	
BT1303_GCATACAGTCAAACTC	normal	
BT1303_GCATACAGTTTAGGAA	normal	
BT1303_GCATACATCAATCTCT	normal	
BT1303_GCATACATCTTTACAC	normal	
BT1303_GCATGATAGACAGGCT	tumor	
BT1303_GCATGATAGAGCTTCT	normal	
BT1303_GCATGATGTAGGCTGA	normal	
BT1303_GCATGATGTGTTTGGT	normal	
BT1303_GCATGATTCCGTTGCT	normal	
BT1303_GCATGATTCTTAGAGC	normal	
BT1303_GCATGCGAGCCACCTG	normal	
BT1303_GCATGCGAGTCGTACT	normal	
BT1303_GCATGCGAGTGGAGTC	tumor	
BT1303_GCATGCGGTGTCCTCT	normal	
BT1303_GCATGCGGTTCAGTAC	normal	
BT1303_GCATGTAAGCCGGTAA	tumor	
BT1303_GCATGTACAAGCGCTC	normal	
BT1303_GCATGTACAGTGGAGT	tumor	
BT1303_GCATGTACATGGAATA	tumor	
BT1303_GCATGTATCAAGCCTA	normal	
BT1303_GCATGTATCGCCTGAG	normal	
BT1303_GCCAAATAGCCGTCGT	normal	
BT1303_GCCAAATAGCTGCCCA	normal	
BT1303_GCCAAATCATGCCTTC	tumor	
BT1303_GCCAAATGTCGCATCG	normal	
BT1303_GCCAAATTCTGTTTGT	normal	
BT1303_GCCTCTAAGTGTGAAT	normal	
BT1303_GCCTCTACACAGGAGT	tumor	
BT1303_GCCTCTACATCCCATC	normal	
BT1303_GCCTCTAGTACTTAGC	normal	
BT1303_GCCTCTAGTGTCTGAT	normal	
BT1303_GCCTCTAGTTAAAGTG	normal	
BT1303_GCGACCAAGACTAGAT	normal	
BT1303_GCGACCAGTCGTTGTA	normal	
BT1303_GCGACCATCATGGTCA	normal	
BT1303_GCGACCATCCACGACG	normal	
BT1303_GCGAGAAAGAGTGACC	normal	
BT1303_GCGAGAAAGATAGCAT	normal	
BT1303_GCGAGAACAGCTCCGA	normal	
BT1303_GCGAGAATCAGCGACC	normal	
BT1303_GCGCAACAGAACTGTA	normal	
BT1303_GCGCAACAGAGCCCAA	normal	
BT1303_GCGCAACAGGGTTCCC	tumor	
BT1303_GCGCAACGTTAAGATG	normal	
BT1303_GCGCAACTCAACACAC	normal	
BT1303_GCGCAACTCCCAAGAT	normal	
BT1303_GCGCAACTCGGTGTTA	tumor	
BT1303_GCGCAGTAGAGTTGGC	normal	
BT1303_GCGCAGTAGTAGGTGC	normal	
BT1303_GCGCAGTAGTCTCGGC	tumor	
BT1303_GCGCAGTTCGGAATCT	tumor	
BT1303_GCGCCAAAGATCACGG	normal	
BT1303_GCGCCAAAGTCTCAAC	normal	
BT1303_GCGCCAAGTGGTAACG	normal	
BT1303_GCGCCAATCGCTTGTC	normal	
BT1303_GCGCGATCAAAGGCGT	normal	
BT1303_GCGCGATCAATAACGA	normal	
BT1303_GCGCGATCAGACGTAG	normal	
BT1303_GCGCGATCAGGATTGG	normal	
BT1303_GCGCGATCATGGGAAC	normal	
BT1303_GCGCGATCATTAGCCA	normal	
BT1303_GCGCGATGTACGACCC	normal	
BT1303_GCGCGATGTCCGTGAC	normal	
BT1303_GCGCGATGTGTTCTTT	normal	
BT1303_GCGCGATTCCCGACTT	normal	
BT1303_GCGCGATTCTTCATGT	normal	
BT1303_GCGGGTTAGACTAGAT	normal	
BT1303_GCGGGTTCAACTGCTA	normal	
BT1303_GCGGGTTCATTCCTCG	tumor	
BT1303_GCGGGTTTCCAGGGCT	normal	
BT1303_GCGGGTTTCCTTTCTC	normal	
BT1303_GCGGGTTTCTCCCTGA	normal	
BT1303_GCTCCTACAATAGCGG	normal	
BT1303_GCTCCTACAGATCCAT	tumor	
BT1303_GCTCCTAGTGAAAGAG	normal	
BT1303_GCTCCTAGTTTGGCGC	normal	
BT1303_GCTCCTATCCGCGGTA	normal	
BT1303_GCTCTGTGTAGCAAAT	normal	
BT1303_GCTCTGTGTCAACTGT	normal	
BT1303_GCTCTGTGTCGGCATC	normal	
BT1303_GCTCTGTTCTGAGTGT	normal	
BT1303_GCTCTGTTCTTGTATC	normal	
BT1303_GCTGCAGAGACTACAA	normal	
BT1303_GCTGCAGAGCCTCGTG	normal	
BT1303_GCTGCAGTCCAAGTAC	normal	
BT1303_GCTGCAGTCGTAGGAG	normal	
BT1303_GCTGCAGTCGTCTGCT	tumor	
BT1303_GCTGCGAGTCAATACC	normal	
BT1303_GCTGCTTAGGCTAGAC	normal	
BT1303_GCTGCTTCAACTGCGC	normal	
BT1303_GCTGCTTCACGAGGTA	normal	
BT1303_GCTGCTTGTATCAGTC	tumor	
BT1303_GCTGCTTGTGCAGACA	normal	
BT1303_GCTGCTTTCTCGCATC	normal	
BT1303_GCTGCTTTCTCTTATG	normal	
BT1303_GCTGGGTAGCCAGTAG	normal	
BT1303_GCTGGGTAGTGAAGAG	normal	
BT1303_GCTGGGTGTCTGGAGA	normal	
BT1303_GCTGGGTTCGAATGCT	tumor	
BT1303_GCTGGGTTCGACAGCC	normal	
BT1303_GCTTCCACATCTCGCT	normal	
BT1303_GCTTCCAGTAATCGTC	normal	
BT1303_GCTTCCAGTCCGAGTC	normal	
BT1303_GCTTCCAGTGAACCTT	normal	
BT1303_GCTTCCATCCAGATCA	tumor	
BT1303_GCTTGAACAAGGTGTG	normal	
BT1303_GCTTGAACACTCGACG	tumor	
BT1303_GCTTGAACACTGTGTA	normal	
BT1303_GCTTGAAGTGATAAAC	normal	
BT1303_GCTTGAAGTGTAAGTA	normal	
BT1303_GCTTGAATCAACGGCC	tumor	
BT1303_GCTTGAATCGACAGCC	normal	
BT1303_GGAAAGCAGCTAGTGG	normal	
BT1303_GGAAAGCAGGGCTTGA	normal	
BT1303_GGAAAGCAGTCTTGCA	tumor	
BT1303_GGAAAGCCAAGCGATG	normal	
BT1303_GGAAAGCCATCCCATC	normal	
BT1303_GGAAAGCGTACGCTGC	normal	
BT1303_GGAAAGCGTTTGCATG	tumor	
BT1303_GGAAAGCTCAGTCAGT	normal	
BT1303_GGAAAGCTCTGTTGAG	tumor	
BT1303_GGAACTTAGCGTGAGT	tumor	
BT1303_GGAACTTAGGCCCGTT	normal	
BT1303_GGAACTTAGGGTATCG	normal	
BT1303_GGAACTTCAAGTCTGT	normal	
BT1303_GGAACTTGTCACCCAG	normal	
BT1303_GGAACTTTCACATAGC	normal	
BT1303_GGAACTTTCTAACGGT	normal	
BT1303_GGAACTTTCTGTTTGT	normal	
BT1303_GGAATAACACTAGTAC	normal	
BT1303_GGAATAACAGAGTGTG	tumor	
BT1303_GGAATAACATATGAGA	normal	
BT1303_GGAATAACATGGTAGG	normal	
BT1303_GGAATAAGTAGCACGA	normal	
BT1303_GGAATAAGTCCCGACA	normal	
BT1303_GGAATAATCAGTCCCT	normal	
BT1303_GGAATAATCCTCGCAT	normal	
BT1303_GGAATAATCTGTCTCG	normal	
BT1303_GGACAAGCACGTGAGA	normal	
BT1303_GGACAAGCATATGCTG	normal	
BT1303_GGACAAGGTATAAACG	normal	
BT1303_GGACAAGTCGCTAGCG	normal	
BT1303_GGACAGAAGAGATGAG	normal	
BT1303_GGACAGATCCCTCTTT	tumor	
BT1303_GGACATTAGTACGTAA	tumor	
BT1303_GGACATTCACAAGACG	normal	
BT1303_GGACATTCATCCAACA	normal	
BT1303_GGACATTGTCAAGCGA	normal	
BT1303_GGACATTTCCTAAGTG	normal	
BT1303_GGACGTCAGCCTCGTG	normal	
BT1303_GGACGTCCAGTCCTTC	normal	
BT1303_GGACGTCGTAAAGTCA	normal	
BT1303_GGACGTCGTAACGTTC	normal	
BT1303_GGACGTCGTCAACTGT	normal	
BT1303_GGACGTCTCAGTTAGC	normal	
BT1303_GGAGCAAAGCCGGTAA	normal	
BT1303_GGAGCAAAGCGTTTAC	normal	
BT1303_GGAGCAAAGGCAAAGA	normal	
BT1303_GGAGCAAAGTGACATA	normal	
BT1303_GGAGCAAGTAGCGTCC	normal	
BT1303_GGAGCAATCCTTTACA	normal	
BT1303_GGATGTTAGACTCGGA	normal	
BT1303_GGATGTTCAACTTGAC	normal	
BT1303_GGATGTTCAAGTCATC	normal	
BT1303_GGATGTTCACACCGAC	normal	
BT1303_GGATGTTCAGTGGGAT	normal	
BT1303_GGATTACAGTGTCCAT	normal	
BT1303_GGATTACCATCAGTAC	normal	
BT1303_GGATTACGTGGTGTAG	normal	
BT1303_GGATTACGTTCAGCGC	tumor	
BT1303_GGATTACTCACATGCA	normal	
BT1303_GGCAATTAGGAATCGC	normal	
BT1303_GGCAATTAGTGGGATC	normal	
BT1303_GGCAATTCAGGAATCG	normal	
BT1303_GGCAATTCATGGAATA	normal	
BT1303_GGCAATTGTATTAGCC	normal	
BT1303_GGCCGATAGGAATGGA	normal	
BT1303_GGCCGATCAAGAGGCT	normal	
BT1303_GGCCGATCAGTTCCCT	normal	
BT1303_GGCCGATCATACGCTA	normal	
BT1303_GGCCGATGTGATGATA	normal	
BT1303_GGCGACTAGACCACGA	normal	
BT1303_GGCGACTGTCTCTCGT	normal	
BT1303_GGCGACTGTTCCGGCA	normal	
BT1303_GGCGACTTCTGACCTC	normal	
BT1303_GGCGACTTCTGATACG	normal	
BT1303_GGCGACTTCTGGCGTG	normal	
BT1303_GGCGTGTAGATGGCGT	normal	
BT1303_GGCGTGTAGCGTTGCC	normal	
BT1303_GGCGTGTAGCTAGGCA	normal	
BT1303_GGCGTGTAGTTAACGA	normal	
BT1303_GGCGTGTGTCCTCCAT	normal	
BT1303_GGCGTGTTCGAACTGT	tumor	
BT1303_GGCGTGTTCGTATCAG	normal	
BT1303_GGCGTGTTCTATCCCG	normal	
BT1303_GGCTCGAAGACTCGGA	normal	
BT1303_GGCTCGAAGGGAAACA	normal	
BT1303_GGCTCGAAGTACGACG	normal	
BT1303_GGCTCGAAGTTTGCGT	normal	
BT1303_GGCTCGACAAACCCAT	normal	
BT1303_GGCTCGACAATTGCTG	normal	
BT1303_GGCTCGACACACATGT	tumor	
BT1303_GGCTCGACACCGCTAG	normal	
BT1303_GGCTCGAGTAAGCACG	normal	
BT1303_GGCTCGAGTCTTTCAT	tumor	
BT1303_GGCTGGTAGACCGGAT	normal	
BT1303_GGCTGGTAGGCTCTTA	tumor	
BT1303_GGCTGGTCAGAAGCAC	tumor	
BT1303_GGCTGGTGTCCATCCT	tumor	
BT1303_GGCTGGTGTCCGTGAC	normal	
BT1303_GGCTGGTTCCCTTGCA	normal	
BT1303_GGGAATGAGGTGCACA	normal	
BT1303_GGGACCTGTGACGGTA	normal	
BT1303_GGGAGATAGTCTTGCA	normal	
BT1303_GGGATGACAAGCCCAC	tumor	
BT1303_GGGATGACATGATCCA	normal	
BT1303_GGGATGAGTCGTTGTA	normal	
BT1303_GGGATGAGTCTCCCTA	normal	
BT1303_GGGATGATCCATGCTC	normal	
BT1303_GGGCACTAGTATGACA	normal	
BT1303_GGGCACTCAAGACGTG	tumor	
BT1303_GGGCACTCATGCCTTC	normal	
BT1303_GGGCACTCATTCGACA	normal	
BT1303_GGGCACTGTATTCTCT	normal	
BT1303_GGGCACTTCATAGCAC	tumor	
BT1303_GGGCATCAGGTACTCT	normal	
BT1303_GGGCATCAGTGTACGG	normal	
BT1303_GGGCATCCATCTACGA	normal	
BT1303_GGGCATCTCCCTGACT	normal	
BT1303_GGGTCTGAGATAGGAG	normal	
BT1303_GGGTCTGAGCCACGCT	normal	
BT1303_GGGTCTGAGCCAGAAC	normal	
BT1303_GGGTCTGAGGACATTA	normal	
BT1303_GGGTCTGGTGAGCGAT	normal	
BT1303_GGGTCTGGTTCCGTCT	tumor	
BT1303_GGGTCTGGTTCTGGTA	tumor	
BT1303_GGGTTGCAGGCTAGCA	normal	
BT1303_GGGTTGCCAGCGAACA	tumor	
BT1303_GGGTTGCCAGGCGATA	normal	
BT1303_GGGTTGCCATCGTCGG	normal	
BT1303_GGGTTGCGTACAGCAG	normal	
BT1303_GGGTTGCGTATAAACG	normal	
BT1303_GGGTTGCGTCCGAATT	normal	
BT1303_GGGTTGCGTCGCATCG	tumor	
BT1303_GGGTTGCGTCTGCCAG	normal	
BT1303_GGGTTGCGTTACCAGT	normal	
BT1303_GGTATTGAGATCGATA	normal	
BT1303_GGTATTGAGCATGGCA	normal	
BT1303_GGTATTGAGCTGAACG	normal	
BT1303_GGTATTGCAAGAGTCG	normal	
BT1303_GGTATTGCAGCTCGCA	normal	
BT1303_GGTATTGGTGCGATAG	tumor	
BT1303_GGTATTGTCCAGTAGT	normal	
BT1303_GGTGAAGAGTCACGCC	normal	
BT1303_GGTGAAGCACGTTGGC	normal	
BT1303_GGTGCGTCACAAGTAA	normal	
BT1303_GGTGCGTTCAGCACAT	normal	
BT1303_GGTGCGTTCCAAATGC	normal	
BT1303_GGTGTTAAGTCGAGTG	normal	
BT1303_GGTGTTAAGTGACATA	tumor	
BT1303_GGTGTTACAGCGTAAG	normal	
BT1303_GGTGTTACATCCAACA	tumor	
BT1303_GGTGTTAGTAGCCTAT	normal	
BT1303_GGTGTTAGTATGAAAC	normal	
BT1303_GGTGTTATCTGGTGTA	normal	
BT1303_GGTGTTATCTTCATGT	normal	
BT1303_GTAACGTCAAGGTGTG	normal	
BT1303_GTAACGTGTATGAAAC	normal	
BT1303_GTAACGTTCCCAGGTG	tumor	
BT1303_GTAACGTTCGGAGGTA	normal	
BT1303_GTAACGTTCTCGCATC	tumor	
BT1303_GTAACGTTCTGCAAGT	normal	
BT1303_GTAACTGTCTACTTAC	normal	
BT1303_GTACGTAAGAATAGGG	normal	
BT1303_GTACGTAGTTAAAGAC	normal	
BT1303_GTACGTATCCTCAACC	normal	
BT1303_GTACTCCAGAATGTTG	normal	
BT1303_GTACTCCAGACAAAGG	normal	
BT1303_GTACTCCAGAGGGCTT	normal	
BT1303_GTACTCCAGAGTCGGT	normal	
BT1303_GTACTCCAGATGCCAG	normal	
BT1303_GTACTCCGTACAGCAG	normal	
BT1303_GTACTCCGTCATATCG	normal	
BT1303_GTACTCCGTCCTAGCG	normal	
BT1303_GTACTCCTCATTGCCC	normal	
BT1303_GTACTCCTCCCGACTT	normal	
BT1303_GTACTCCTCTGTACGA	tumor	
BT1303_GTACTTTGTTAAGGGC	normal	
BT1303_GTACTTTTCTGCAGTA	normal	
BT1303_GTAGGCCAGCCAGTAG	normal	
BT1303_GTAGGCCAGCCGTCGT	normal	
BT1303_GTAGGCCAGCGATGAC	normal	
BT1303_GTAGGCCGTAAGTGTA	normal	
BT1303_GTAGGCCTCTCCAGGG	normal	
BT1303_GTAGTCAAGTACGTAA	normal	
BT1303_GTAGTCACAAGAAAGG	normal	
BT1303_GTAGTCATCAACCATG	normal	
BT1303_GTATCTTAGAGTCTGG	normal	
BT1303_GTATCTTAGATCTGCT	normal	
BT1303_GTATCTTAGATGCCTT	normal	
BT1303_GTATCTTAGTCAATAG	normal	
BT1303_GTATCTTAGTGAACAT	normal	
BT1303_GTATCTTGTCGCGAAA	tumor	
BT1303_GTATCTTGTCTAGTCA	normal	
BT1303_GTATCTTGTGTTTGGT	tumor	
BT1303_GTATCTTTCCCTTGTG	normal	
BT1303_GTATTCTAGGGTGTTG	normal	
BT1303_GTATTCTCACCACGTG	normal	
BT1303_GTATTCTGTATTCGTG	normal	
BT1303_GTATTCTGTCGAGTTT	normal	
BT1303_GTATTCTTCTGTCAAG	tumor	
BT1303_GTCAAGTAGACTACAA	normal	
BT1303_GTCAAGTAGCCTATGT	normal	
BT1303_GTCAAGTCACATTTCT	normal	
BT1303_GTCAAGTCAGCATGAG	normal	
BT1303_GTCAAGTCAGTCGTGC	normal	
BT1303_GTCAAGTGTATAGTAG	normal	
BT1303_GTCAAGTGTGTAATGA	normal	
BT1303_GTCAAGTTCGGCTTGG	normal	
BT1303_GTCACAAGTAGAAGGA	normal	
BT1303_GTCACAAGTTGCCTCT	normal	
BT1303_GTCACAATCTCCAACC	tumor	
BT1303_GTCACAATCTTGGGTA	normal	
BT1303_GTCACGGAGAACAACT	normal	
BT1303_GTCACGGAGAGACTTA	normal	
BT1303_GTCACGGGTAGCCTCG	normal	
BT1303_GTCACGGGTTAAGACA	normal	
BT1303_GTCACGGGTTACGGAG	tumor	
BT1303_GTCACGGGTTGAGTTC	normal	
BT1303_GTCATTTAGCCCAATT	tumor	
BT1303_GTCATTTCAGCGTCCA	normal	
BT1303_GTCATTTCAGCTTAAC	normal	
BT1303_GTCATTTCATAGAAAC	normal	
BT1303_GTCATTTGTGAGGCTA	normal	
BT1303_GTCATTTTCAGGCCCA	normal	
BT1303_GTCATTTTCATGGTCA	normal	
BT1303_GTCATTTTCGAACGGA	normal	
BT1303_GTCATTTTCGGACAAG	normal	
BT1303_GTCCTCAAGAGGTAGA	tumor	
BT1303_GTCCTCAAGCCACGCT	normal	
BT1303_GTCCTCACAATGGTCT	normal	
BT1303_GTCCTCACAGGGAGAG	normal	
BT1303_GTCCTCATCAGTTGAC	normal	
BT1303_GTCCTCATCTTACCTA	normal	
BT1303_GTCGGGTAGTACGTTC	normal	
BT1303_GTCGGGTAGTTGTAGA	normal	
BT1303_GTCGGGTCAAACGCGA	tumor	
BT1303_GTCGGGTCAATGTTGC	normal	
BT1303_GTCGGGTCAGCCAATT	normal	
BT1303_GTCGGGTCAGTCAGAG	normal	
BT1303_GTCGGGTCATAAAGGT	tumor	
BT1303_GTCGGGTGTAGCTCCG	tumor	
BT1303_GTCGGGTGTATATGGA	normal	
BT1303_GTCGGGTGTCGCGGTT	normal	
BT1303_GTCGGGTGTTATCACG	normal	
BT1303_GTCGGGTTCACCATAG	normal	
BT1303_GTCGTAAAGTGCCAGA	tumor	
BT1303_GTCTCGTAGATGCCTT	normal	
BT1303_GTCTCGTAGGTGCAAC	normal	
BT1303_GTCTCGTAGTAGCCGA	normal	
BT1303_GTCTCGTTCATTGCGA	normal	
BT1303_GTCTCGTTCCAGAGGA	normal	
BT1303_GTCTTCGCAGACGCTC	tumor	
BT1303_GTCTTCGCATCTCCCA	normal	
BT1303_GTGAAGGAGGTGCACA	normal	
BT1303_GTGAAGGGTAGCGCTC	normal	
BT1303_GTGAAGGTCCGCATAA	normal	
BT1303_GTGCAGCAGAAGATTC	normal	
BT1303_GTGCAGCAGCAGATCG	normal	
BT1303_GTGCAGCAGTACATGA	normal	
BT1303_GTGCAGCCACAGCCCA	normal	
BT1303_GTGCAGCCACAGCGTC	normal	
BT1303_GTGCAGCTCACCTCGT	normal	
BT1303_GTGCAGCTCTGCAGTA	normal	
BT1303_GTGCATAAGGAGTACC	normal	
BT1303_GTGCATACACTGCCAG	normal	
BT1303_GTGCATATCCGCGGTA	normal	
BT1303_GTGCATATCGTGACAT	normal	
BT1303_GTGCATATCTCAAACG	normal	
BT1303_GTGCATATCTGTGCAA	normal	
BT1303_GTGCGGTAGATCTGCT	normal	
BT1303_GTGCGGTAGTTAAGTG	tumor	
BT1303_GTGCGGTCAGTAAGAT	normal	
BT1303_GTGCGGTCATCGGAAG	normal	
BT1303_GTGCGGTGTCATCCCT	tumor	
BT1303_GTGCGGTGTCGCGAAA	normal	
BT1303_GTGCGGTGTTTAGGAA	normal	
BT1303_GTGCGGTTCGACGGAA	normal	
BT1303_GTGCGGTTCGGAATCT	normal	
BT1303_GTGCGGTTCTGTACGA	normal	
BT1303_GTGCGGTTCTGTCCGT	normal	
BT1303_GTGCTTCAGGGCACTA	normal	
BT1303_GTGCTTCGTATTAGCC	tumor	
BT1303_GTGCTTCGTGAGCGAT	normal	
BT1303_GTGCTTCTCGAATGGG	normal	
BT1303_GTGGGTCAGAAACCAT	normal	
BT1303_GTGGGTCGTAAACACA	normal	
BT1303_GTGGGTCGTCGGATCC	normal	
BT1303_GTGGGTCGTTCGGCAC	normal	
BT1303_GTGGGTCTCACAGTAC	normal	
BT1303_GTGTGCGCACAGACTT	normal	
BT1303_GTGTGCGCACTTAACG	normal	
BT1303_GTGTGCGCATTGTGCA	normal	
BT1303_GTGTGCGGTAAACGCG	normal	
BT1303_GTGTGCGGTAATTGGA	normal	
BT1303_GTGTGCGGTGTGTGCC	normal	
BT1303_GTGTGCGTCCGTCATC	normal	
BT1303_GTGTGCGTCGGTTAAC	normal	
BT1303_GTGTTAGAGACACGAC	tumor	
BT1303_GTGTTAGGTACAGACG	normal	
BT1303_GTGTTAGGTAGGCTGA	normal	
BT1303_GTGTTAGGTGCTGTAT	normal	
BT1303_GTGTTAGGTTCCACAA	normal	
BT1303_GTGTTAGTCGAGGTAG	normal	
BT1303_GTGTTAGTCGTCTGCT	tumor	
BT1303_GTTAAGCAGACTGTAA	normal	
BT1303_GTTAAGCAGCGATAGC	normal	
BT1303_GTTAAGCAGTAGCGGT	normal	
BT1303_GTTAAGCCAGCTCGAC	normal	
BT1303_GTTAAGCCATACTCTT	normal	
BT1303_GTTAAGCGTACAGACG	tumor	
BT1303_GTTAAGCGTCATATCG	normal	
BT1303_GTTAAGCGTCCGAAGA	normal	
BT1303_GTTAAGCGTCCGTCAG	normal	
BT1303_GTTAAGCGTTCATGGT	tumor	
BT1303_GTTACAGAGAAGGACA	normal	
BT1303_GTTACAGAGAATAGGG	tumor	
BT1303_GTTACAGCACTTGGAT	normal	
BT1303_GTTACAGGTCCATCCT	normal	
BT1303_GTTACAGGTCCTGCTT	normal	
BT1303_GTTACAGTCAACGGCC	normal	
BT1303_GTTACAGTCGCATGAT	normal	
BT1303_GTTACAGTCTTTAGTC	normal	
BT1303_GTTCATTAGATATGGT	normal	
BT1303_GTTCATTCATAGAAAC	normal	
BT1303_GTTCATTCATGCCTAA	normal	
BT1303_GTTCATTGTCGTGGCT	tumor	
BT1303_GTTCATTGTCGTTGTA	normal	
BT1303_GTTCATTGTCTTGCGG	normal	yes
BT1303_GTTCATTTCGTAGGAG	tumor	
BT1303_GTTCGGGAGATCCTGT	tumor	
BT1303_GTTCGGGAGCCACCTG	normal	
BT1303_GTTCGGGCATTGCGGC	normal	
BT1303_GTTCGGGGTTATTCTC	normal	
BT1303_GTTCGGGTCCTAGAAC	tumor	
BT1303_GTTCGGGTCGGTTCGG	normal	
BT1303_GTTCTCGAGACACTAA	normal	
BT1303_GTTCTCGAGACGCAAC	normal	
BT1303_GTTCTCGAGTGGTCCC	normal	
BT1303_GTTCTCGTCTGACCTC	normal	
BT1303_GTTTCTAAGACTACAA	normal	
BT1303_GTTTCTAAGGATGTAT	normal	
BT1303_GTTTCTACAATGTAAG	normal	
BT1303_GTTTCTACACTAAGTC	normal	
BT1303_GTTTCTATCAGTGTTG	normal	
BT1303_GTTTCTATCTGAGTGT	normal	
BT1303_TAAACCGAGATGTAAC	normal	
BT1303_TAAACCGAGCTACCGC	normal	
BT1303_TAAACCGCAACCGCCA	normal	
BT1303_TAAACCGCATTAGGCT	tumor	
BT1303_TAAACCGGTCAATGTC	normal	
BT1303_TAAACCGGTGTAACGG	normal	
BT1303_TAAACCGTCCCTCAGT	normal	
BT1303_TAAGAGACATGCTGGC	normal	
BT1303_TAAGAGATCGGCTACG	normal	
BT1303_TAAGCGTAGCGATCCC	normal	
BT1303_TAAGCGTAGGCTCATT	normal	
BT1303_TAAGCGTGTAGCGTAG	normal	
BT1303_TAAGCGTGTATGAATG	normal	
BT1303_TAAGCGTGTCTAGTCA	normal	
BT1303_TAAGCGTGTTGGTGGA	normal	
BT1303_TAAGCGTTCGGTCCGA	normal	
BT1303_TAAGCGTTCGGTGTCG	normal	
BT1303_TAAGCGTTCGTGGACC	normal	
BT1303_TAAGCGTTCTCAAACG	normal	
BT1303_TAAGTGCAGAGCAATT	normal	
BT1303_TAAGTGCAGAGCCTAG	normal	
BT1303_TAAGTGCAGTTAACGA	normal	
BT1303_TAAGTGCGTGTCAATC	normal	
BT1303_TAAGTGCGTGTGTGCC	normal	
BT1303_TAAGTGCGTTGCGTTA	normal	
BT1303_TACACGAAGTGCCAGA	normal	
BT1303_TACACGACAAGCCCAC	normal	
BT1303_TACACGACACAACGCC	normal	
BT1303_TACAGTGAGGCCCGTT	normal	
BT1303_TACAGTGAGGCTCTTA	normal	
BT1303_TACAGTGAGTGGTAGC	normal	
BT1303_TACAGTGCACGGCCAT	normal	
BT1303_TACAGTGCATCTATGG	normal	
BT1303_TACAGTGGTCTACCTC	tumor	
BT1303_TACAGTGTCCCTTGCA	normal	
BT1303_TACAGTGTCCTACAGA	normal	
BT1303_TACCTATCATGCTGGC	normal	
BT1303_TACCTATCATGGATGG	normal	
BT1303_TACCTATGTCAACATC	normal	
BT1303_TACCTATGTCCGAGTC	normal	
BT1303_TACCTATGTGAAGGCT	normal	
BT1303_TACCTTACAGTTTACG	normal	
BT1303_TACCTTATCACCATAG	normal	
BT1303_TACCTTATCAGAGCTT	tumor	
BT1303_TACCTTATCTAACGGT	normal	
BT1303_TACGGATCAACGATGG	normal	
BT1303_TACGGATCAATGCCAT	normal	
BT1303_TACGGATCAGGAACGT	normal	
BT1303_TACGGATCAGGTTTCA	normal	
BT1303_TACGGATGTCTCATCC	normal	
BT1303_TACGGATTCATCTGCC	normal	
BT1303_TACGGATTCGGCGCTA	normal	
BT1303_TACGGGCCACTAGTAC	normal	
BT1303_TACGGGCGTAAGGATT	normal	
BT1303_TACGGGCGTCATCGGC	normal	
BT1303_TACGGGCGTGTCCTCT	normal	
BT1303_TACGGGCTCTCCGGTT	normal	
BT1303_TACGGTAAGGGATCTG	normal	
BT1303_TACGGTAAGTGGGATC	normal	
BT1303_TACGGTACACGAGAGT	normal	
BT1303_TACGGTACACTGTTAG	tumor	
BT1303_TACGGTACATCATCCC	normal	
BT1303_TACGGTAGTCAATGTC	tumor	
BT1303_TACGGTAGTCAGGACA	normal	
BT1303_TACGGTATCTGTCCGT	normal	
BT1303_TACTCATAGAAAGTGG	normal	
BT1303_TACTCATAGCTACCTA	tumor	
BT1303_TACTCATGTAATCGTC	normal	
BT1303_TACTCATTCACATACG	normal	
BT1303_TACTCATTCACCGGGT	normal	
BT1303_TACTCATTCCTCCTAG	normal	
BT1303_TACTCATTCGGGAGTA	normal	
BT1303_TACTCGCCACACGCTG	normal	
BT1303_TACTCGCCACATTAGC	tumor	
BT1303_TACTCGCCAGAGTGTG	normal	
BT1303_TACTCGCCAGCTTCGG	normal	
BT1303_TACTCGCGTACGACCC	tumor	
BT1303_TACTCGCGTCTAGAGG	normal	
BT1303_TACTCGCGTGAGGGAG	tumor	
BT1303_TACTCGCGTTTCGCTC	normal	
BT1303_TACTCGCTCCTGCCAT	tumor	
BT1303_TACTCGCTCTTGAGGT	normal	
BT1303_TACTTACCAGAGTGTG	normal	
BT1303_TACTTACCATGCTGGC	normal	
BT1303_TACTTACTCAGAGACG	normal	
BT1303_TACTTACTCGAACTGT	normal	
BT1303_TACTTGTAGCTACCGC	normal	
BT1303_TACTTGTCACCAGATT	normal	
BT1303_TACTTGTTCAGCACAT	tumor	
BT1303_TAGACCAAGAGTGAGA	normal	
BT1303_TAGACCAAGGTGATTA	normal	
BT1303_TAGACCAAGTTCCACA	normal	
BT1303_TAGACCACACCCAGTG	normal	
BT1303_TAGACCATCACGAAGG	normal	
BT1303_TAGAGCTGTAAGGGAA	normal	
BT1303_TAGAGCTGTCCTCCAT	tumor	
BT1303_TAGAGCTTCGAGAACG	normal	
BT1303_TAGCCGGAGAGTAAGG	normal	
BT1303_TAGCCGGCACACCGCA	tumor	
BT1303_TAGCCGGGTCATATGC	normal	
BT1303_TAGCCGGGTTATTCTC	normal	
BT1303_TAGCCGGTCCTAGGGC	tumor	
BT1303_TAGCCGGTCGCATGAT	normal	
BT1303_TAGGCATAGAAGATTC	normal	
BT1303_TAGGCATAGCATGGCA	normal	
BT1303_TAGGCATAGTACGCCC	tumor	
BT1303_TAGTGGTAGATCCGAG	normal	
BT1303_TAGTGGTAGGGAAACA	normal	
BT1303_TAGTGGTAGTGATCGG	normal	
BT1303_TAGTGGTAGTTATCGC	normal	
BT1303_TAGTGGTAGTTGAGAT	tumor	
BT1303_TAGTGGTCAATGTAAG	normal	
BT1303_TAGTGGTGTCGATTGT	normal	
BT1303_TAGTGGTGTCGCTTCT	tumor	
BT1303_TAGTGGTGTCTCCCTA	normal	
BT1303_TAGTGGTGTGGTCCGT	normal	
BT1303_TAGTTGGAGCATGGCA	normal	
BT1303_TAGTTGGAGGGAACGG	normal	
BT1303_TAGTTGGAGTGGTAGC	normal	
BT1303_TAGTTGGCAAGACGTG	normal	
BT1303_TAGTTGGCACAAGCCC	normal	
BT1303_TATCAGGAGAGTGACC	normal	
BT1303_TATCAGGCAACTGGCC	normal	
BT1303_TATCAGGCACATTCGA	tumor	
BT1303_TATCAGGCAGTCGATT	normal	
BT1303_TATCAGGCATGCTAGT	normal	
BT1303_TATCAGGTCATGTCCC	normal	
BT1303_TATCAGGTCTGGCGTG	tumor	
BT1303_TATCTCAAGTACATGA	normal	
BT1303_TATCTCACAACTGCGC	normal	
BT1303_TATCTCACACGCTTTC	normal	
BT1303_TATCTCAGTTATGTGC	normal	
BT1303_TATGCCCAGCTAACAA	normal	
BT1303_TATGCCCAGCTATGCT	tumor	
BT1303_TATGCCCAGCTCCTCT	normal	
BT1303_TATGCCCAGGGCATGT	normal	
BT1303_TATGCCCCAAATACAG	normal	
BT1303_TATGCCCTCGATGAGG	normal	
BT1303_TATTACCCACGACTCG	normal	
BT1303_TCAACGAAGAATCTCC	normal	
BT1303_TCAACGAAGGCCCTCA	normal	
BT1303_TCAACGACACATTAGC	normal	
BT1303_TCAACGAGTCTGATCA	normal	
BT1303_TCAACGAGTGGTCTCG	normal	
BT1303_TCAATCTAGCGAAGGG	tumor	
BT1303_TCAATCTAGTGATCGG	normal	
BT1303_TCAATCTCAATCTACG	tumor	
BT1303_TCAATCTCAGTTCCCT	normal	
BT1303_TCAATCTCATCCAACA	normal	
BT1303_TCAATCTGTAGCGCTC	tumor	
BT1303_TCAATCTGTCGGATCC	normal	
BT1303_TCAATCTTCCGCAAGC	normal	
BT1303_TCAATCTTCTGGTGTA	normal	
BT1303_TCAATCTTCTTCAACT	normal	
BT1303_TCACAAGAGAGCCCAA	normal	
BT1303_TCACAAGCATGCCCGA	normal	
BT1303_TCACAAGGTCTCCCTA	tumor	
BT1303_TCACAAGTCCACGTTC	normal	
BT1303_TCACAAGTCGCCCTTA	normal	
BT1303_TCACAAGTCGTACGGC	normal	
BT1303_TCACAAGTCTGTCTCG	normal	
BT1303_TCACGAAAGCGCCTCA	tumor	
BT1303_TCACGAACAGCGATCC	normal	
BT1303_TCACGAATCACCGGGT	normal	
BT1303_TCAGATGAGCACCGCT	normal	
BT1303_TCAGATGAGGTGCTTT	normal	
BT1303_TCAGATGAGTCGTACT	normal	
BT1303_TCAGATGAGTTACCCA	tumor	
BT1303_TCAGATGCATCGATGT	normal	
BT1303_TCAGATGCATGATCCA	normal	
BT1303_TCAGATGGTATAGTAG	normal	
BT1303_TCAGATGGTCGCGAAA	normal	
BT1303_TCAGATGGTGTGGTTT	tumor	
BT1303_TCAGATGTCATTCACT	normal	
BT1303_TCAGCAAAGACTAGGC	normal	
BT1303_TCAGCAAAGTATGACA	normal	
BT1303_TCAGCAACAAGCCTAT	normal	
BT1303_TCAGCAACACGGTAGA	normal	
BT1303_TCAGCAATCAGGCGAA	tumor	
BT1303_TCAGCAATCGAGGTAG	normal	
BT1303_TCAGCAATCTGGCGAC	normal	
BT1303_TCAGCTCAGACGACGT	normal	
BT1303_TCAGCTCAGACGCAAC	normal	
BT1303_TCAGCTCAGAGCTGGT	normal	
BT1303_TCAGCTCAGCTGCAAG	normal	
BT1303_TCAGCTCCACTTCTGC	normal	
BT1303_TCAGCTCCATGGGAAC	normal	
BT1303_TCAGCTCGTAAGTGGC	normal	
BT1303_TCAGCTCGTATAGGGC	tumor	
BT1303_TCAGCTCTCCTAGAAC	tumor	
BT1303_TCAGGATAGCGATATA	tumor	
BT1303_TCAGGATCAAGCGAGT	normal	
BT1303_TCAGGATCATCACCCT	normal	
BT1303_TCAGGATGTACTCTCC	normal	
BT1303_TCAGGATGTAGGGTAC	normal	
BT1303_TCAGGATTCAGAGCTT	normal	
BT1303_TCAGGATTCAGCTGGC	normal	
BT1303_TCAGGATTCAGTCCCT	normal	
BT1303_TCAGGATTCTGTACGA	normal	
BT1303_TCAGGATTCTTCCTTC	normal	
BT1303_TCAGGTACACAGACAG	normal	
BT1303_TCAGGTACAGGATCGA	normal	
BT1303_TCAGGTAGTCACTTCC	normal	
BT1303_TCAGGTATCCACGACG	normal	
BT1303_TCATTACAGAATGTGT	normal	
BT1303_TCATTACCATCTATGG	normal	
BT1303_TCATTACTCGGATGTT	normal	
BT1303_TCATTACTCTCGGACG	normal	
BT1303_TCATTTGAGATCCTGT	normal	
BT1303_TCATTTGCAATGGTCT	tumor	
BT1303_TCATTTGCAGATTGCT	normal	
BT1303_TCATTTGGTCTCATCC	normal	
BT1303_TCATTTGTCAACCAAC	normal	
BT1303_TCATTTGTCACAGTAC	normal	
BT1303_TCATTTGTCTCCGGTT	normal	
BT1303_TCCACACAGAATCTCC	normal	
BT1303_TCCACACAGATGTCGG	normal	
BT1303_TCCACACGTCGAACAG	normal	
BT1303_TCCACACGTCTTGATG	normal	
BT1303_TCCACACGTTCGAATC	tumor	
BT1303_TCCACACTCATACGGT	tumor	
BT1303_TCCACACTCTATGTGG	normal	
BT1303_TCCACACTCTTCAACT	normal	
BT1303_TCCCGATAGCGTGTCC	tumor	
BT1303_TCCCGATAGGCGATAC	normal	
BT1303_TCCCGATAGTTAGGTA	normal	
BT1303_TCCCGATCACAACGTT	normal	
BT1303_TCCCGATGTGGTGTAG	normal	
BT1303_TCCCGATGTGTGCCTG	normal	
BT1303_TCGAGGCAGGAATGGA	normal	
BT1303_TCGAGGCGTGCTAGCC	tumor	
BT1303_TCGAGGCGTTCCTCCA	normal	
BT1303_TCGCGAGAGAGGGATA	normal	
BT1303_TCGCGAGAGTGGGATC	normal	
BT1303_TCGCGAGCAAGTTAAG	tumor	
BT1303_TCGCGAGCACCAACCG	normal	
BT1303_TCGCGAGCATTGAGCT	normal	
BT1303_TCGCGAGTCGTACGGC	normal	
BT1303_TCGCGTTAGGGTATCG	normal	
BT1303_TCGCGTTAGGTGATTA	normal	
BT1303_TCGCGTTTCAAACAAG	normal	
BT1303_TCGCGTTTCCACGCAG	normal	
BT1303_TCGGGACAGATCCCAT	normal	
BT1303_TCGGGACAGCCCAACC	normal	
BT1303_TCGGGACAGGGATGGG	normal	
BT1303_TCGGGACCACCTATCC	tumor	
BT1303_TCGGGACCACGAAACG	normal	
BT1303_TCGGGACCAGTGGAGT	normal	
BT1303_TCGGGACGTTCAACCA	normal	
BT1303_TCGGGACTCGCCAAAT	normal	
BT1303_TCGGGACTCTTCGAGA	normal	
BT1303_TCGGTAAAGCTCAACT	normal	
BT1303_TCGGTAACAGATTGCT	normal	
BT1303_TCGGTAACATATGAGA	tumor	
BT1303_TCGGTAACATCTCGCT	normal	
BT1303_TCGGTAATCAAGGCTT	normal	
BT1303_TCGTACCAGACTGTAA	normal	
BT1303_TCGTACCAGCAGGTCA	normal	
BT1303_TCGTACCCATCACCCT	tumor	
BT1303_TCGTACCCATTAGCCA	normal	
BT1303_TCGTACCCATTATCTC	tumor	
BT1303_TCGTACCGTAGCAAAT	normal	
BT1303_TCGTACCGTCGTCTTC	normal	
BT1303_TCGTACCGTGCTAGCC	normal	
BT1303_TCGTACCGTGTCCTCT	normal	
BT1303_TCGTACCTCACGATGT	normal	
BT1303_TCGTACCTCTATCCTA	tumor	
BT1303_TCGTACCTCTCCCTGA	normal	
BT1303_TCGTAGACAATGACCT	normal	
BT1303_TCGTAGACACATCCAA	normal	
BT1303_TCGTAGACAGACAGGT	normal	
BT1303_TCGTAGAGTAGCGTCC	normal	
BT1303_TCGTAGATCCTCAACC	tumor	
BT1303_TCGTAGATCGACAGCC	normal	
BT1303_TCGTAGATCGGAATCT	normal	
BT1303_TCTATTGAGTTGCAGG	normal	
BT1303_TCTATTGCACATGGGA	tumor	
BT1303_TCTATTGCATAAAGGT	normal	
BT1303_TCTATTGCATTTGCTT	normal	
BT1303_TCTATTGTCAAACCGT	normal	
BT1303_TCTATTGTCAGCTCTC	normal	
BT1303_TCTATTGTCGATAGAA	tumor	
BT1303_TCTATTGTCTAACCGA	tumor	
BT1303_TCTATTGTCTTCATGT	normal	
BT1303_TCTCATAAGTGTCCAT	normal	
BT1303_TCTCATACAACGATGG	normal	
BT1303_TCTCATACAATGTAAG	normal	
BT1303_TCTCATACATCGGACC	normal	
BT1303_TCTCATATCGCAAACT	normal	
BT1303_TCTCATATCGTTGACA	normal	
BT1303_TCTCATATCTGCCCTA	normal	
BT1303_TCTCTAAAGATCCCGC	normal	
BT1303_TCTCTAAAGTGCCAGA	normal	
BT1303_TCTCTAAGTGTTGAGG	normal	
BT1303_TCTCTAATCGGCTACG	normal	
BT1303_TCTGAGAAGCTAGCCC	normal	
BT1303_TCTGAGAGTGCGAAAC	normal	
BT1303_TCTGAGAGTTACGACT	normal	
BT1303_TCTGAGATCACCACCT	normal	
BT1303_TCTGGAACACAAGACG	normal	
BT1303_TCTGGAACAGTTTACG	normal	
BT1303_TCTGGAACATGTCGAT	normal	
BT1303_TCTGGAAGTACCATCA	normal	
BT1303_TCTTCGGAGAAACCGC	normal	
BT1303_TCTTCGGAGCGCCTCA	normal	
BT1303_TCTTCGGAGGCAGGTT	tumor	
BT1303_TCTTCGGCAATAGCGG	normal	
BT1303_TCTTCGGCACGGATAG	normal	
BT1303_TCTTCGGGTATAAACG	normal	
BT1303_TCTTCGGTCCTATGTT	tumor	
BT1303_TCTTTCCAGAGCTGCA	normal	
BT1303_TCTTTCCAGGCCCTTG	normal	
BT1303_TCTTTCCGTCCTAGCG	normal	
BT1303_TCTTTCCGTTTACTCT	normal	
BT1303_TCTTTCCTCAGTCCCT	normal	
BT1303_TCTTTCCTCTACGAGT	normal	
BT1303_TGAAAGAAGCACAGGT	normal	
BT1303_TGAAAGAAGTACGATA	normal	
BT1303_TGAAAGAAGTTGTCGT	normal	
BT1303_TGAAAGACATCCTTGC	normal	
BT1303_TGAAAGACATTGGGCC	normal	
BT1303_TGAAAGAGTGCGCTTG	tumor	
BT1303_TGAAAGATCAACACCA	normal	
BT1303_TGAAAGATCACATACG	normal	
BT1303_TGAAAGATCCAACCAA	normal	
BT1303_TGAAAGATCGGTGTTA	normal	
BT1303_TGACAACAGAACTGTA	normal	
BT1303_TGACAACCACTTCGAA	normal	
BT1303_TGACAACCAGGTCGTC	tumor	
BT1303_TGACAACCATTCCTGC	normal	
BT1303_TGACAACGTAAGGGAA	tumor	
BT1303_TGACAACTCCACGTGG	normal	
BT1303_TGACAACTCCTCCTAG	normal	
BT1303_TGACAACTCTCATTCA	normal	
BT1303_TGACGGCAGAAACCAT	normal	
BT1303_TGACGGCAGAATTGTG	tumor	
BT1303_TGACGGCAGCGATTCT	normal	
BT1303_TGACGGCAGTGATCGG	normal	
BT1303_TGACGGCCATTTCAGG	normal	
BT1303_TGACGGCGTAAATACG	normal	
BT1303_TGACGGCGTAGGCTGA	normal	
BT1303_TGACGGCGTGTGACCC	normal	
BT1303_TGACGGCTCCGCAAGC	normal	
BT1303_TGACTAGCACACATGT	normal	
BT1303_TGACTAGCACTCGACG	normal	
BT1303_TGACTAGCAGGAATGC	normal	
BT1303_TGACTTTAGCAAATCA	normal	
BT1303_TGACTTTAGGTGATAT	normal	
BT1303_TGACTTTAGTGGGCTA	normal	
BT1303_TGACTTTCACGCGAAA	normal	
BT1303_TGACTTTCAGCTCCGA	normal	
BT1303_TGACTTTTCTCTTATG	normal	
BT1303_TGACTTTTCTGGTTCC	tumor	
BT1303_TGACTTTTCTTGCATT	normal	
BT1303_TGAGAGGCAACTTGAC	normal	
BT1303_TGAGAGGCAGGGTATG	normal	
BT1303_TGAGAGGGTTTGTTGG	normal	
BT1303_TGAGAGGTCAGCGATT	normal	
BT1303_TGAGCATAGTTGAGTA	normal	
BT1303_TGAGCATCAATAGCGG	normal	
BT1303_TGAGCATGTCGGCATC	normal	
BT1303_TGAGCATGTTTGCATG	normal	
BT1303_TGAGCCGAGCTAAACA	normal	
BT1303_TGAGCCGAGGCCATAG	normal	
BT1303_TGAGCCGGTAGGGTAC	normal	
BT1303_TGAGCCGGTCTCCATC	normal	
BT1303_TGAGGGAAGGAGTACC	normal	
BT1303_TGAGGGACACAGGCCT	normal	
BT1303_TGAGGGACACATCCAA	normal	
BT1303_TGAGGGACAGATCGGA	normal	
BT1303_TGAGGGACATGTAGTC	normal	
BT1303_TGAGGGAGTCAGGACA	tumor	
BT1303_TGAGGGATCAGAGCTT	normal	
BT1303_TGAGGGATCCCTAATT	normal	
BT1303_TGAGGGATCGCATGGC	normal	
BT1303_TGATTTCAGATGGGTC	normal	
BT1303_TGATTTCAGGGAAACA	normal	
BT1303_TGATTTCAGTAGATGT	normal	
BT1303_TGATTTCCACGCGAAA	normal	
BT1303_TGATTTCGTACCGAGA	normal	
BT1303_TGATTTCGTCATATCG	normal	
BT1303_TGCACCTCAGCGTCCA	normal	
BT1303_TGCACCTGTGTGCCTG	normal	
BT1303_TGCACCTTCTAACTCT	normal	
BT1303_TGCCAAAAGACGCTTT	normal	
BT1303_TGCCAAAAGATCGATA	normal	
BT1303_TGCCAAACAAGAAGAG	normal	
BT1303_TGCCAAACACGAAAGC	normal	
BT1303_TGCCAAAGTCGGCACT	normal	
BT1303_TGCCAAAGTTCCACGG	normal	
BT1303_TGCCAAAGTTCCCGAG	tumor	
BT1303_TGCCAAAGTTGAGGTG	tumor	
BT1303_TGCCAAATCACTTACT	normal	
BT1303_TGCCAAATCGGACAAG	normal	
BT1303_TGCCAAATCTCGCTTG	normal	
BT1303_TGCCAAATCTTCGGTC	normal	
BT1303_TGCCCATAGGTCGGAT	normal	
BT1303_TGCCCATGTCTAACGT	normal	
BT1303_TGCCCATGTTCGTTGA	normal	
BT1303_TGCCCATTCTCCAACC	normal	
BT1303_TGCCCTACACAGCGTC	normal	
BT1303_TGCCCTAGTAGGGACT	normal	
BT1303_TGCCCTAGTGCGAAAC	tumor	
BT1303_TGCCCTATCAGCAACT	normal	
BT1303_TGCCCTATCGGAAACG	normal	
BT1303_TGCCCTATCTGAGTGT	tumor	
BT1303_TGCGCAGCACCTCGTT	normal	
BT1303_TGCGCAGCAGTCAGAG	normal	
BT1303_TGCGCAGCATCCCACT	normal	
BT1303_TGCGCAGTCCCATTAT	normal	
BT1303_TGCGGGTAGTCAAGGC	normal	
BT1303_TGCGGGTGTAAGGGCT	tumor	
BT1303_TGCGGGTTCGGCTACG	normal	
BT1303_TGCGTGGAGATGCGAC	normal	
BT1303_TGCGTGGAGCGGCTTC	normal	
BT1303_TGCGTGGAGGCTAGCA	normal	
BT1303_TGCGTGGCAAAGTGCG	normal	
BT1303_TGCGTGGTCAAACAAG	normal	
BT1303_TGCGTGGTCATCGATG	normal	
BT1303_TGCGTGGTCCTTGCCA	tumor	
BT1303_TGCTACCAGTACGTTC	normal	
BT1303_TGCTACCCACATCCAA	normal	
BT1303_TGCTACCGTGACCAAG	normal	
BT1303_TGCTACCGTTGTTTGG	normal	
BT1303_TGCTACCTCCAAACTG	normal	
BT1303_TGCTACCTCCTTGACC	normal	
BT1303_TGCTGCTAGACCGGAT	normal	
BT1303_TGCTGCTAGTGGACGT	normal	
BT1303_TGCTGCTCAATGGTCT	normal	
BT1303_TGCTGCTCATGATCCA	normal	
BT1303_TGCTGCTGTGCTAGCC	normal	
BT1303_TGCTGCTGTTGGACCC	tumor	
BT1303_TGCTGCTTCCTTAATC	normal	
BT1303_TGGACGCAGACAAAGG	normal	
BT1303_TGGACGCAGCCACCTG	normal	
BT1303_TGGACGCCATCGGAAG	normal	
BT1303_TGGACGCCATGGGACA	normal	
BT1303_TGGACGCGTCACCTAA	normal	
BT1303_TGGACGCTCAAAGTAG	normal	
BT1303_TGGACGCTCCTAGTGA	normal	
BT1303_TGGCCAGAGGTGACCA	normal	
BT1303_TGGCCAGCACATTTCT	normal	
BT1303_TGGCCAGCATGCTAGT	normal	
BT1303_TGGCCAGCATTCACTT	normal	
BT1303_TGGCCAGGTAGCTAAA	tumor	
BT1303_TGGCCAGGTGAGGGTT	normal	
BT1303_TGGCCAGGTTCGGCAC	normal	
BT1303_TGGCCAGTCGAATGGG	normal	
BT1303_TGGCCAGTCTACTTAC	normal	
BT1303_TGGCGCACAAACAACA	tumor	
BT1303_TGGCGCAGTTATGTGC	normal	
BT1303_TGGCTGGAGACAATAC	normal	
BT1303_TGGCTGGAGAGTTGGC	tumor	
BT1303_TGGCTGGCAGATCTGT	normal	
BT1303_TGGCTGGCATACCATG	normal	
BT1303_TGGCTGGCATCGGTTA	tumor	
BT1303_TGGCTGGGTGCAACTT	normal	
BT1303_TGGCTGGTCATGTGGT	normal	
BT1303_TGGCTGGTCGTGGGAA	normal	
BT1303_TGGGAAGCAGACAGGT	normal	
BT1303_TGGGAAGCATGAACCT	normal	
BT1303_TGGGCGTCAACTGCTA	normal	
BT1303_TGGGCGTGTCATATCG	tumor	
BT1303_TGGGCGTGTCGATTGT	tumor	
BT1303_TGGGCGTTCCTGCTTG	normal	
BT1303_TGGTTAGAGCGAAGGG	normal	
BT1303_TGGTTAGAGGGTTCCC	normal	
BT1303_TGGTTAGCACAGGCCT	normal	
BT1303_TGGTTAGCATGCTAGT	normal	
BT1303_TGGTTAGGTTCCACAA	normal	
BT1303_TGGTTAGTCACGATGT	normal	
BT1303_TGGTTAGTCAGTACGT	normal	
BT1303_TGGTTAGTCCCGGATG	normal	
BT1303_TGGTTCCCAATAACGA	normal	
BT1303_TGGTTCCCACATGTGT	normal	
BT1303_TGGTTCCCATCACGAT	normal	
BT1303_TGGTTCCCATTGGGCC	normal	
BT1303_TGGTTCCGTGACTACT	normal	
BT1303_TGGTTCCGTGTGTGCC	normal	
BT1303_TGTATTCCATCTCGCT	tumor	
BT1303_TGTATTCGTAAAGGAG	normal	
BT1303_TGTCCCAAGCGCCTTG	normal	
BT1303_TGTCCCAAGTGGGATC	normal	
BT1303_TGTCCCACAGCGTAAG	normal	
BT1303_TGTCCCAGTCGCATCG	normal	
BT1303_TGTCCCAGTTAAGATG	normal	
BT1303_TGTGGTAAGCGTCAAG	normal	
BT1303_TGTGGTAAGGGTTTCT	normal	
BT1303_TGTGGTAAGTGAAGAG	normal	
BT1303_TGTGGTACACTAAGTC	normal	
BT1303_TGTGGTACATTGCGGC	normal	
BT1303_TGTGGTAGTGTCTGAT	tumor	
BT1303_TGTGGTATCAGGCAAG	normal	
BT1303_TGTGTTTAGCGCCTCA	normal	
BT1303_TGTGTTTAGGCTAGCA	normal	
BT1303_TGTGTTTGTCTCGTTC	normal	
BT1303_TGTGTTTTCAAGGCTT	tumor	
BT1303_TGTGTTTTCGCCAGCA	normal	
BT1303_TGTTCCGCAGTAAGAT	normal	
BT1303_TGTTCCGCATGCAACT	normal	
BT1303_TGTTCCGCATTTGCTT	normal	
BT1303_TGTTCCGGTCCCTTGT	normal	
BT1303_TGTTCCGTCAGGCCCA	normal	
BT1303_TTAACTCAGAAGGACA	normal	
BT1303_TTAACTCCACGGCGTT	tumor	
BT1303_TTAACTCCATCATCCC	normal	
BT1303_TTAACTCCATTCGACA	normal	
BT1303_TTAACTCTCAACGGGA	normal	
BT1303_TTAACTCTCCTCATTA	normal	
BT1303_TTAGGACAGTGCTGCC	normal	
BT1303_TTAGGACCAAACCTAC	tumor	
BT1303_TTAGGACCAACGCACC	normal	
BT1303_TTAGGACGTGATAAAC	normal	
BT1303_TTAGGACGTTCATGGT	normal	
BT1303_TTAGGACGTTCGTCTC	normal	
BT1303_TTAGGACGTTCTGTTT	normal	
BT1303_TTAGGACTCAACACAC	normal	
BT1303_TTAGGCAAGAAGGTGA	normal	
BT1303_TTAGGCAAGATACACA	normal	
BT1303_TTAGGCAAGGAATTAC	tumor	
BT1303_TTAGGCACACCAGCAC	normal	
BT1303_TTAGGCACACGTCAGC	normal	
BT1303_TTAGGCACATTCTCAT	normal	
BT1303_TTAGTTCAGCCTCGTG	tumor	
BT1303_TTAGTTCCAAGGACTG	normal	
BT1303_TTAGTTCCACATTAGC	normal	
BT1303_TTAGTTCCAGATAATG	normal	
BT1303_TTAGTTCCAGCGTAAG	normal	
BT1303_TTAGTTCCAGTCTTCC	tumor	
BT1303_TTAGTTCGTAATTGGA	normal	
BT1303_TTAGTTCTCAAAGACA	normal	
BT1303_TTAGTTCTCAATAAGG	normal	
BT1303_TTAGTTCTCCGTTGTC	normal	
BT1303_TTAGTTCTCGTAGGTT	normal	
BT1303_TTATGCTAGCCTTGAT	tumor	
BT1303_TTATGCTAGCGATCCC	normal	
BT1303_TTATGCTCAGGCGATA	normal	
BT1303_TTATGCTTCAACCAAC	normal	
BT1303_TTCCCAGAGACTAAGT	tumor	
BT1303_TTCCCAGAGATCCGAG	normal	
BT1303_TTCCCAGAGTCATGCT	normal	
BT1303_TTCCCAGCAATCAGAA	normal	
BT1303_TTCCCAGTCGCGATCG	normal	
BT1303_TTCGAAGAGCTCCTCT	normal	
BT1303_TTCGAAGCAACCGCCA	normal	
BT1303_TTCGAAGCAAGTCTGT	normal	
BT1303_TTCGAAGCAATCAGAA	normal	
BT1303_TTCGAAGCATTCGACA	normal	
BT1303_TTCGAAGGTAATCGTC	normal	
BT1303_TTCGAAGTCTCTAAGG	normal	
BT1303_TTCGGTCAGCTACCTA	normal	
BT1303_TTCGGTCAGGGCTCTC	normal	
BT1303_TTCGGTCAGTACGTTC	normal	
BT1303_TTCGGTCGTCTAGAGG	normal	
BT1303_TTCGGTCTCTCGGACG	tumor	
BT1303_TTCTACAAGAGCTGGT	normal	
BT1303_TTCTACAAGCTCTCGG	normal	
BT1303_TTCTACACACTCGACG	normal	
BT1303_TTCTACACATCGACGC	normal	
BT1303_TTCTACAGTAAGTGTA	normal	
BT1303_TTCTACAGTAGTGAAT	normal	
BT1303_TTCTACAGTCCCTTGT	tumor	
BT1303_TTCTCAAAGCCGTCGT	normal	
BT1303_TTCTCAAAGTATTGGA	normal	
BT1303_TTCTCAAGTCCCTACT	normal	
BT1303_TTCTCAAGTGGACGAT	normal	
BT1303_TTCTCAATCAGAAATG	normal	
BT1303_TTCTCAATCAGCTCTC	normal	
BT1303_TTCTCAATCCTACAGA	normal	
BT1303_TTCTCCTAGAAGAAGC	normal	
BT1303_TTCTCCTCATTATCTC	normal	
BT1303_TTCTCCTTCTCTAAGG	normal	
BT1303_TTCTTAGAGAGAGCTC	normal	
BT1303_TTCTTAGAGCCACTAT	tumor	
BT1303_TTCTTAGGTAACGACG	normal	
BT1303_TTCTTAGGTATAAACG	normal	
BT1303_TTCTTAGTCAACACGT	normal	
BT1303_TTCTTAGTCGGAGCAA	normal	
BT1303_TTCTTAGTCGGCGCAT	normal	yes
BT1303_TTGAACGAGACAGAGA	tumor	
BT1303_TTGAACGAGCATCATC	normal	
BT1303_TTGAACGAGGGTGTGT	normal	
BT1303_TTGAACGAGTGTACCT	normal	
BT1303_TTGAACGCAAGTTCTG	tumor	
BT1303_TTGAACGGTCTCTCGT	normal	
BT1303_TTGAACGGTTGTCTTT	tumor	
BT1303_TTGAACGTCCCACTTG	normal	
BT1303_TTGAACGTCTTGCATT	normal	
BT1303_TTGACTTAGCGCTTAT	tumor	
BT1303_TTGACTTGTAGGCTGA	tumor	
BT1303_TTGACTTGTCCGTGAC	normal	
BT1303_TTGACTTTCCAGAAGG	normal	
BT1303_TTGCCGTAGGGAGTAA	normal	
BT1303_TTGCCGTCAGGTCGTC	normal	
BT1303_TTGCCGTGTCACACGC	normal	
BT1303_TTGCGTCCAGGGAGAG	normal	
BT1303_TTGGAACAGGGCACTA	normal	
BT1303_TTGGAACAGGTGTGGT	normal	
BT1303_TTGGAACAGTCGTACT	normal	
BT1303_TTGGAACGTTAAGGGC	normal	
BT1303_TTGGAACTCTGCTGTC	normal	
BT1303_TTGGCAAAGCTAGGCA	normal	
BT1303_TTGGCAAAGCTCCTTC	normal	
BT1303_TTGGCAAAGTGCCAGA	normal	
BT1303_TTGGCAACACGTTGGC	normal	
BT1303_TTGGCAACATCAGTCA	normal	
BT1303_TTGGCAACATGTTCCC	normal	
BT1303_TTGGCAAGTCACCCAG	normal	
BT1303_TTGGCAAGTCTAAAGA	normal	yes
BT1303_TTGGCAATCCACTGGG	normal	
BT1303_TTGGCAATCTCCTATA	normal	
BT1303_TTGTAGGAGATCCCGC	normal	
BT1303_TTGTAGGAGGCTAGCA	normal	
BT1303_TTGTAGGAGTAGTGCG	normal	
BT1303_TTTACTGAGAGAACAG	normal	
BT1303_TTTACTGAGAGCTATA	normal	
BT1303_TTTACTGCAAATTGCC	normal	
BT1303_TTTACTGCAATTGCTG	normal	
BT1303_TTTACTGCAGCTGCAC	tumor	
BT1303_TTTACTGCATATGGTC	normal	
BT1303_TTTACTGGTGTAAGTA	normal	
BT1303_TTTACTGTCCAGTATG	normal	
BT1303_TTTACTGTCCCTCAGT	normal	
BT1303_TTTATGCCACAGATTC	normal	
BT1303_TTTATGCGTACGCTGC	normal	
BT1303_TTTATGCTCTGAGGGA	normal	
BT1303_TTTCCTCAGTACGCCC	normal	
BT1303_TTTCCTCAGTGACTCT	normal	
BT1303_TTTCCTCAGTGCCAGA	normal	
BT1303_TTTCCTCCATCCCACT	normal	
BT1303_TTTCCTCGTCGCTTCT	normal	
BT1303_TTTCCTCGTTTAGGAA	normal	
BT1303_TTTCCTCTCATCTGCC	tumor	
BT1303_TTTGCGCAGCCTATGT	normal	
BT1303_TTTGCGCCAATAACGA	normal	
BT1303_TTTGCGCCATATGCTG	tumor	
BT1303_TTTGCGCTCCACGCAG	normal	
BT1303_TTTGGTTAGGGATGGG	normal	
BT1303_TTTGGTTCAAGCCCAC	normal	
BT1303_TTTGGTTGTACAGTTC	normal	
BT1303_TTTGGTTGTCTGATTG	normal	
BT1303_TTTGGTTGTGACTCAT	tumor	
BT1303_TTTGGTTTCCGAACGC	normal	
BT1303_TTTGTCAAGATGTTAG	normal	
BT1303_TTTGTCACACAACGTT	normal	
BT1303_TTTGTCACACCTCGGA	normal	
BT1303_TTTGTCAGTCTTGTCC	normal	
BT1303_TTTGTCATCAACGGCC	tumor	
BT1303_TTTGTCATCACTATTC	normal	
BT1306_AAACCTGTCACCCGAG	normal	
BT1306_AAAGATGTCGTAGATC	normal	
BT1306_AAAGATGTCTCTTGAT	normal	
BT1306_AAAGCAAAGTGGGCTA	normal	
BT1306_AAAGTAGAGCTACCGC	normal	
BT1306_AACACGTCAAATTGCC	normal	
BT1306_AACCGCGCACAGGAGT	normal	
BT1306_AACCGCGGTAGAAAGG	normal	
BT1306_AACGTTGTCAGCCTAA	normal	
BT1306_AACTCAGCATGCAATC	normal	
BT1306_AACTCAGGTGTGGTTT	normal	
BT1306_AACTCAGTCTTGGGTA	normal	
BT1306_AACTCAGTCTTGTTTG	normal	
BT1306_AACTCCCGTGGTCCGT	normal	
BT1306_AACTCCCTCAGTCCCT	normal	
BT1306_AACTCTTAGCGTAATA	normal	
BT1306_AACTGGTTCGAACTGT	normal	
BT1306_AACTTTCGTCTCTCTG	normal	
BT1306_AAGCCGCGTTCGAATC	normal	
BT1306_AAGGAGCAGGCAAAGA	normal	
BT1306_AAGGCAGAGAAGGTGA	normal	
BT1306_AAGGCAGGTAGCGATG	normal	
BT1306_AAGGCAGGTGGTGTAG	normal	
BT1306_AAGGTTCTCCAGTATG	normal	
BT1306_AAGTCTGGTCTTGTCC	normal	
BT1306_AAGTCTGTCGCATGAT	normal	
BT1306_AATCCAGCAGACGCTC	normal	
BT1306_AATCCAGGTGCTCTTC	normal	
BT1306_AATCCAGTCAACGAAA	normal	
BT1306_AATCGGTAGGGTTTCT	normal	
BT1306_AATCGGTGTGCACTTA	normal	
BT1306_AATCGGTTCAAACAAG	normal	
BT1306_AATCGGTTCTAACGGT	normal	
BT1306_ACACCAAAGAGGTACC	normal	
BT1306_ACACCAAGTACGCTGC	normal	
BT1306_ACACCAATCTGCTGTC	normal	
BT1306_ACACCCTCACACCGCA	normal	
BT1306_ACACCCTGTGGACGAT	normal	
BT1306_ACACTGATCGCCAGCA	normal	
BT1306_ACACTGATCTAAGCCA	normal	
BT1306_ACAGCTATCGTGGTCG	normal	
BT1306_ACATACGCAATGTAAG	normal	
BT1306_ACATCAGAGAACTGTA	tumor	
BT1306_ACATCAGCAGGTCGTC	normal	
BT1306_ACATCAGCATGACATC	normal	
BT1306_ACATCAGGTACCGGCT	normal	
BT1306_ACATGGTCATTACGAC	normal	
BT1306_ACCAGTACATTCCTGC	normal	
BT1306_ACCAGTAGTTCCCTTG	normal	
BT1306_ACCAGTATCTTTACGT	normal	
BT1306_ACCCACTTCTTCCTTC	normal	
BT1306_ACCGTAAAGTGAATTG	normal	
BT1306_ACCGTAAGTGTGAATA	normal	
BT1306_ACCGTAATCTGTACGA	normal	
BT1306_ACCTTTAGTCTAGGTT	normal	
BT1306_ACCTTTAGTTAGTGGG	normal	
BT1306_ACGAGCCCAATCCGAT	normal	
BT1306_ACGAGGATCCACTCCA	normal	
BT1306_ACGATGTAGATCGGGT	normal	
BT1306_ACGCAGCAGGCATTGG	normal	
BT1306_ACGCCAGGTGCAGTAG	normal	
BT1306_ACGCCGATCACTTCAT	normal	
BT1306_ACGCCGATCAGTGTTG	normal	
BT1306_ACGGGCTGTTGAACTC	normal	
BT1306_ACGGGCTTCGACCAGC	normal	
BT1306_ACTATCTAGGAGTCTG	normal	
BT1306_ACTGAACTCGACCAGC	normal	
BT1306_ACTGAGTAGTTAGCGG	normal	
BT1306_ACTGAGTTCCGGGTGT	normal	
BT1306_ACTGAGTTCGACAGCC	normal	
BT1306_ACTGATGTCAGCATGT	normal	
BT1306_ACTGATGTCCAGTAGT	normal	
BT1306_ACTGATGTCTTGTCAT	normal	
BT1306_ACTGCTCTCCGTAGGC	normal	
BT1306_ACTGCTCTCCTATTCA	normal	
BT1306_ACTGTCCAGTGGAGAA	normal	
BT1306_ACTTACTCATCGATGT	normal	
BT1306_ACTTACTGTTCCGTCT	normal	
BT1306_ACTTGTTAGTTATCGC	tumor	
BT1306_ACTTTCACACACTGCG	normal	
BT1306_ACTTTCACATCCTTGC	normal	
BT1306_ACTTTCATCAGGCGAA	normal	
BT1306_ACTTTCATCAGGTAAA	normal	
BT1306_AGACGTTAGCCAGTTT	normal	
BT1306_AGACGTTTCAGATAAG	normal	
BT1306_AGAGCGAAGGCACATG	normal	
BT1306_AGAGCGACACACCGAC	normal	
BT1306_AGAGCTTCAACACGCC	normal	
BT1306_AGAGCTTGTCGGCATC	normal	
BT1306_AGAGTGGTCACCATAG	normal	
BT1306_AGAGTGGTCGTGGACC	normal	
BT1306_AGATCTGTCGAGAACG	normal	
BT1306_AGATTGCAGGGATACC	normal	
BT1306_AGATTGCGTTGCTCCT	normal	
BT1306_AGATTGCTCTACCAGA	normal	
BT1306_AGCAGCCCAATGTAAG	normal	
BT1306_AGCATACTCATTCACT	normal	
BT1306_AGCCTAACATAGGATA	normal	
BT1306_AGCCTAAGTGGCCCTA	normal	
BT1306_AGCGGTCAGCGTAGTG	normal	
BT1306_AGCGGTCAGTAGATGT	normal	
BT1306_AGCGGTCTCTGGCGTG	normal	
BT1306_AGCGTATGTCATTAGC	normal	
BT1306_AGCGTCGCAAGTCTAC	normal	
BT1306_AGCTCCTCACATTTCT	normal	
BT1306_AGCTCCTTCTCTGTCG	normal	
BT1306_AGCTCTCTCCGGCACA	normal	
BT1306_AGGCCACTCCCGACTT	normal	
BT1306_AGGCCGTCAATACGCT	normal	
BT1306_AGGCCGTCATTGGTAC	normal	
BT1306_AGGGAGTAGTCATCCA	normal	
BT1306_AGGGAGTGTCGAATCT	normal	
BT1306_AGGGTGAGTACAGTGG	normal	
BT1306_AGGGTGATCCTTAATC	normal	
BT1306_AGGTCCGCAAGGCTCC	normal	
BT1306_AGGTCCGCACAGGTTT	normal	
BT1306_AGTGAGGAGTTATCGC	normal	
BT1306_AGTGGGACAATGCCAT	normal	
BT1306_AGTGTCAAGTGTTGAA	normal	
BT1306_AGTGTCATCCTCAACC	normal	
BT1306_AGTTGGTCATATGCTG	normal	
BT1306_ATAACGCGTGTGGTTT	normal	
BT1306_ATAACGCTCAATCACG	normal	
BT1306_ATAACGCTCCAGTATG	normal	
BT1306_ATAAGAGGTAAACACA	normal	
BT1306_ATAGACCAGGAATGGA	normal	
BT1306_ATAGACCGTTCCATGA	normal	
BT1306_ATAGACCTCCCTAATT	normal	
BT1306_ATCACGACACTACAGT	tumor	
BT1306_ATCATCTGTACTTCTT	normal	
BT1306_ATCATGGAGGTACTCT	normal	
BT1306_ATCCACCAGAAGGTGA	normal	
BT1306_ATCCACCCAAACGCGA	normal	
BT1306_ATCCGAAAGTAGATGT	normal	
BT1306_ATCCGAATCTGCAAGT	normal	
BT1306_ATCGAGTGTTGGAGGT	normal	
BT1306_ATCGAGTTCAAGGCTT	normal	
BT1306_ATCTACTTCTATCGCC	normal	
BT1306_ATCTGCCAGTCAAGGC	normal	
BT1306_ATCTGCCGTTGGTGGA	normal	
BT1306_ATCTGCCTCTTGAGGT	normal	
BT1306_ATGAGGGCAAGCGTAG	normal	
BT1306_ATGAGGGGTCAGGACA	normal	
BT1306_ATGCGATCACACATGT	normal	
BT1306_ATGCGATCACGAAGCA	normal	
BT1306_ATGCGATGTGTGACCC	normal	
BT1306_ATGGGAGGTGTGCCTG	normal	
BT1306_ATTATCCAGGTCGGAT	normal	
BT1306_ATTATCCCATTTCACT	normal	
BT1306_ATTCTACCACTTAAGC	normal	
BT1306_ATTCTACTCACGCATA	normal	
BT1306_ATTCTACTCATCGCTC	normal	
BT1306_ATTTCTGGTACGCACC	normal	
BT1306_ATTTCTGGTCGATTGT	normal	
BT1306_ATTTCTGTCAGTGTTG	normal	
BT1306_CAACCTCGTAGGCTGA	normal	
BT1306_CAACTAGCACAGACTT	normal	
BT1306_CAAGAAATCAGTTCGA	normal	
BT1306_CAAGAAATCCTAGGGC	normal	
BT1306_CAAGATCGTCAGGACA	normal	
BT1306_CAAGATCGTTCTGTTT	normal	
BT1306_CAAGATCTCCAGTAGT	normal	
BT1306_CACAAACAGACAGACC	normal	
BT1306_CACAAACAGAGGTACC	normal	
BT1306_CACAAACGTCATGCCG	normal	
BT1306_CACACCTCAAGCGATG	normal	
BT1306_CACACCTGTATCACCA	normal	
BT1306_CACACCTTCATGCATG	normal	
BT1306_CACACTCAGACTCGGA	normal	
BT1306_CACAGGCAGTGTGGCA	normal	
BT1306_CACAGGCGTCAGAATA	normal	
BT1306_CACAGGCTCAGTCCCT	normal	
BT1306_CACAGTATCGGTTCGG	normal	
BT1306_CACAGTATCTTCTGGC	normal	
BT1306_CACATTTAGGCCCGTT	normal	
BT1306_CACATTTTCGGTTCGG	normal	
BT1306_CACATTTTCTGGCGTG	normal	
BT1306_CACCAGGGTCGGATCC	normal	
BT1306_CACCTTGAGCGATATA	normal	
BT1306_CACCTTGTCGCCTGTT	normal	
BT1306_CACTCCACATGTTGAC	normal	
BT1306_CACTCCACATTCTTAC	normal	
BT1306_CAGAATCAGGCCCGTT	normal	
BT1306_CAGAATCCAGGTCCAC	normal	
BT1306_CAGAATCGTGTGACCC	tumor	
BT1306_CAGAATCGTTGTCTTT	normal	
BT1306_CAGAGAGGTACCCAAT	normal	
BT1306_CAGAGAGTCACGAAGG	normal	
BT1306_CAGAGAGTCTGTCTAT	normal	
BT1306_CAGCAGCGTCCGACGT	normal	
BT1306_CAGCATAAGCGTGAGT	normal	
BT1306_CAGCATAAGGATGGAA	normal	
BT1306_CAGCCGAAGGGTCTCC	normal	
BT1306_CAGCGACTCCGCATCT	normal	
BT1306_CAGCTAAGTTTAGCTG	normal	
BT1306_CAGCTGGCACATCCGG	normal	
BT1306_CAGGTGCAGTGTCCAT	normal	
BT1306_CAGTAACAGTAGGTGC	normal	
BT1306_CAGTAACTCGGTCTAA	normal	
BT1306_CAGTCCTAGGAGTACC	normal	
BT1306_CATATGGAGCTGAACG	normal	
BT1306_CATATGGTCCGCAAGC	normal	
BT1306_CATATTCAGTGTCTCA	normal	
BT1306_CATCAAGAGCCGATTT	normal	
BT1306_CATCAAGTCCTAGGGC	normal	
BT1306_CATCAGAAGATGCCAG	normal	
BT1306_CATCAGAGTAGAGTGC	normal	
BT1306_CATCAGATCAAACCGT	normal	
BT1306_CATCAGATCTGATACG	normal	
BT1306_CATCCACTCCTTAATC	normal	
BT1306_CATCCACTCGGCGCTA	normal	
BT1306_CATCGAAGTCGTTGTA	normal	
BT1306_CATCGGGAGACCGGAT	normal	
BT1306_CATCGGGTCATACGGT	normal	
BT1306_CATGACAGTGGTAACG	normal	
BT1306_CATTATCAGACGCACA	normal	
BT1306_CATTCGCTCACGACTA	normal	
BT1306_CCAATCCCAAATACAG	normal	
BT1306_CCAATCCCACGTCTCT	normal	
BT1306_CCACCTACAAAGAATC	normal	
BT1306_CCACCTACATGACGGA	normal	
BT1306_CCACCTATCGGTCTAA	normal	
BT1306_CCACGGAAGCGTAATA	normal	
BT1306_CCACGGAGTAAACACA	normal	
BT1306_CCACTACGTAGAGCTG	normal	
BT1306_CCACTACTCCAATGGT	normal	
BT1306_CCACTACTCGAGCCCA	normal	
BT1306_CCAGCGAAGCTAGGCA	normal	
BT1306_CCATGTCAGTTACCCA	normal	
BT1306_CCATGTCCAGATCTGT	normal	
BT1306_CCATGTCGTAGGGTAC	normal	
BT1306_CCATGTCTCCAGATCA	normal	
BT1306_CCATTCGAGATCCCAT	normal	
BT1306_CCATTCGGTGAAAGAG	normal	
BT1306_CCCAGTTAGACGCACA	normal	
BT1306_CCCAGTTCATCGATGT	normal	
BT1306_CCCAGTTTCCGCGCAA	normal	
BT1306_CCCATACCAGTAACGG	normal	
BT1306_CCCATACTCCGCAGTG	normal	
BT1306_CCCTCCTAGAACTCGG	normal	
BT1306_CCCTCCTAGACTACAA	normal	
BT1306_CCCTCCTGTGGTCCGT	normal	
BT1306_CCCTCCTTCCACGAAT	normal	
BT1306_CCGGGATTCGATCCCT	normal	
BT1306_CCGGTAGAGTTAGGTA	normal	
BT1306_CCGGTAGCAAGCCTAT	normal	
BT1306_CCGTACTGTAAGCACG	normal	
BT1306_CCGTGGACACTCGACG	normal	
BT1306_CCGTTCACATTGGTAC	normal	
BT1306_CCTAAAGAGACTAGGC	normal	
BT1306_CCTACCAAGCGTCAAG	normal	
BT1306_CCTACCACATCGGGTC	normal	
BT1306_CCTACCAGTATGAAAC	normal	
BT1306_CCTAGCTAGACTAGAT	normal	
BT1306_CCTATTATCTCTTGAT	normal	
BT1306_CCTCTGAAGTCGTACT	normal	
BT1306_CCTCTGACAATGCCAT	normal	
BT1306_CCTCTGATCAAGGCTT	normal	
BT1306_CCTTACGAGAGTCTGG	normal	
BT1306_CCTTCCCAGCTATGCT	normal	
BT1306_CCTTCCCCAATGACCT	normal	
BT1306_CCTTCCCCATCCGGGT	normal	
BT1306_CCTTTCTTCATGTGGT	normal	
BT1306_CGAACATAGCGTAGTG	normal	
BT1306_CGAACATGTCGAAAGC	normal	
BT1306_CGAACATGTGGGTCAA	normal	
BT1306_CGAACATTCAGGTAAA	normal	
BT1306_CGAATGTAGGTCGGAT	normal	
BT1306_CGAATGTGTCCGAACC	normal	
BT1306_CGAATGTTCACGGTTA	normal	
BT1306_CGACTTCCAACGATGG	normal	
BT1306_CGACTTCCAGCATGAG	normal	
BT1306_CGAGAAGCACCACGTG	normal	
BT1306_CGAGAAGTCATCGGAT	normal	
BT1306_CGATGGCCAGCCTATA	normal	
BT1306_CGATGGCTCTCCCTGA	normal	
BT1306_CGATGTAGTAAAGTCA	normal	
BT1306_CGATGTATCGCAAACT	normal	
BT1306_CGCCAAGAGATCCCGC	normal	
BT1306_CGCGGTAAGATGGCGT	normal	
BT1306_CGCGGTACAGTATAAG	normal	
BT1306_CGCGTTTGTAGCGTGA	normal	
BT1306_CGCTATCGTGTTGGGA	normal	
BT1306_CGGACACGTTGGACCC	normal	
BT1306_CGGACGTAGATCTGCT	normal	
BT1306_CGGACGTCACATGACT	normal	
BT1306_CGGACGTTCCAAGCCG	normal	
BT1306_CGGACTGCACCTGGTG	normal	
BT1306_CGGAGCTAGCCACGCT	normal	
BT1306_CGGAGCTGTGTGGTTT	normal	
BT1306_CGGAGTCGTGTATGGG	normal	
BT1306_CGGAGTCTCTTGTCAT	normal	
BT1306_CGGGTCACACAGAGGT	normal	
BT1306_CGGTTAATCCTGCTTG	normal	
BT1306_CGTAGCGAGAATTGTG	normal	
BT1306_CGTAGCGAGACTTTCG	normal	
BT1306_CGTAGCGCACAGCCCA	normal	
BT1306_CGTAGGCAGTTCGATC	normal	
BT1306_CGTCAGGAGTACGTAA	normal	
BT1306_CGTCCATGTAAATGTG	normal	
BT1306_CGTCCATTCACTCTTA	normal	
BT1306_CGTCCATTCAGTACGT	normal	
BT1306_CGTGAGCAGCCGATTT	normal	
BT1306_CGTGAGCAGGCGATAC	normal	
BT1306_CGTGAGCCATCGGACC	normal	
BT1306_CGTGTAAAGTACGACG	normal	
BT1306_CGTGTAATCCGAAGAG	normal	
BT1306_CGTGTAATCCTGTAGA	normal	
BT1306_CGTTAGAAGACTTGAA	normal	
BT1306_CGTTAGAAGAGCTGGT	normal	
BT1306_CGTTAGAAGTGTTGAA	normal	
BT1306_CGTTCTGCAAGCTGGA	normal	
BT1306_CGTTCTGCAGGGTACA	normal	
BT1306_CGTTGGGAGTCCCACG	normal	
BT1306_CGTTGGGCAATCAGAA	normal	
BT1306_CGTTGGGCACATCCAA	normal	
BT1306_CGTTGGGGTAAGCACG	normal	
BT1306_CGTTGGGGTTCGTTGA	normal	
BT1306_CTAACTTCAGGAATCG	normal	
BT1306_CTAACTTGTATGGTTC	normal	
BT1306_CTAACTTGTGCATCTA	normal	
BT1306_CTAAGACCATGCATGT	normal	
BT1306_CTAAGACGTTCCACTC	normal	
BT1306_CTAAGACGTTGAGGTG	normal	
BT1306_CTAATGGAGGCAGTCA	normal	
BT1306_CTAATGGAGTAAGTAC	normal	
BT1306_CTAATGGAGTTAGCGG	normal	
BT1306_CTAATGGGTCTCCATC	normal	
BT1306_CTAATGGGTGTCAATC	normal	
BT1306_CTAATGGTCAGATAAG	normal	
BT1306_CTACCCAAGAAGCCCA	normal	
BT1306_CTAGAGTCACGGCTAC	normal	
BT1306_CTAGAGTTCCGTCATC	normal	
BT1306_CTAGTGAAGTGGCACA	normal	
BT1306_CTAGTGATCGCCTGAG	normal	
BT1306_CTCACACGTCTCATCC	normal	
BT1306_CTCACACTCAGTTGAC	normal	
BT1306_CTCAGAAAGTGATCGG	normal	
BT1306_CTCAGAAGTAGCTAAA	normal	
BT1306_CTCAGAATCTGCAAGT	normal	
BT1306_CTCATTAGTGGCTCCA	normal	
BT1306_CTCCTAGGTCAAAGAT	normal	
BT1306_CTCGAAACATCATCCC	normal	
BT1306_CTCGAAAGTAGCGATG	normal	
BT1306_CTCGAAATCCTTTCTC	normal	
BT1306_CTCGAGGCAAGCTGAG	normal	
BT1306_CTCGGAGAGTTCGCGC	normal	
BT1306_CTCGGGACAATCTGCA	normal	
BT1306_CTCGTCACAGCCTGTG	normal	
BT1306_CTCGTCATCTCGCTTG	normal	
BT1306_CTCTAATCAATGGAAT	normal	
BT1306_CTCTAATTCAAGCCTA	normal	
BT1306_CTCTAATTCTTGAGAC	normal	
BT1306_CTCTACGAGGCATTGG	normal	
BT1306_CTCTACGCATGGGACA	normal	
BT1306_CTGAAACCATCACCCT	normal	
BT1306_CTGATCCAGGGTCTCC	normal	
BT1306_CTGCCTAAGGAATTAC	normal	
BT1306_CTGCGGAGTGTCTGAT	normal	
BT1306_CTGCGGATCCTGCCAT	normal	
BT1306_CTGCTGTAGAAGGCCT	normal	
BT1306_CTGCTGTAGTAGATGT	normal	
BT1306_CTGCTGTCACGGACAA	normal	
BT1306_CTGCTGTGTTAAGGGC	normal	
BT1306_CTGTGCTCATGCGCAC	normal	
BT1306_CTGTGCTGTCTTCGTC	normal	
BT1306_CTGTGCTGTTGTCGCG	normal	
BT1306_CTGTTTATCGGTGTCG	normal	
BT1306_CTTAACTCACCATCCT	normal	
BT1306_CTTAACTCACGCCAGT	normal	
BT1306_CTTACCGCACTGAAGG	normal	
BT1306_CTTACCGTCGTTACAG	normal	
BT1306_CTTCTCTCATGCAATC	normal	
BT1306_CTTGGCTCATTCACTT	normal	
BT1306_CTTTGCGCACGAAATA	normal	
BT1306_CTTTGCGTCTCCTATA	normal	
BT1306_GAAACTCAGCCTATGT	normal	
BT1306_GAAATGATCCGCAAGC	normal	
BT1306_GAACATCGTGGCGAAT	normal	
BT1306_GAACATCGTTTGTGTG	normal	
BT1306_GAACCTAAGACGCTTT	normal	
BT1306_GAACCTAGTGAGGGAG	normal	
BT1306_GAACCTATCTTCGAGA	normal	
BT1306_GAACGGAAGACAGGCT	normal	
BT1306_GAACGGAAGGACAGAA	normal	
BT1306_GAAGCAGAGAGTAAGG	normal	
BT1306_GAAGCAGAGCGTAATA	normal	
BT1306_GAAGCAGAGTAGCGGT	normal	
BT1306_GAAGCAGCACAACGTT	normal	
BT1306_GACAGAGGTCCTCTTG	normal	
BT1306_GACAGAGTCTCCGGTT	normal	
BT1306_GACCAATAGTATGACA	normal	
BT1306_GACCAATGTCGACTAT	normal	
BT1306_GACCTGGTCCGAACGC	normal	
BT1306_GACGTGCCAGATCGGA	normal	
BT1306_GACGTTAAGAGAGCTC	normal	
BT1306_GACGTTATCACGATGT	normal	
BT1306_GACTGCGGTCGAAAGC	normal	
BT1306_GACTGCGGTGAGTATA	normal	
BT1306_GACTGCGTCGCCCTTA	normal	
BT1306_GAGCAGACATAACCTG	normal	
BT1306_GAGGTGACACATCTTT	normal	
BT1306_GAGGTGACACTGTGTA	normal	
BT1306_GAGGTGACAGGTCCAC	normal	
BT1306_GAGTCCGTCCTATGTT	normal	
BT1306_GATCGATAGCGATGAC	normal	
BT1306_GATCGATCACTAGTAC	normal	
BT1306_GATCGATTCTAACTGG	normal	
BT1306_GATCGCGAGAGGGATA	normal	
BT1306_GATCGCGTCGCAAACT	normal	
BT1306_GATCGCGTCTTTCCTC	normal	
BT1306_GATCGTACACCGATAT	normal	
BT1306_GATCGTATCTTCAACT	normal	
BT1306_GATGAAACAATCAGAA	normal	
BT1306_GATGAAATCTTACCTA	normal	
BT1306_GATGAGGAGATCGGGT	normal	
BT1306_GATGAGGAGCTCCTCT	normal	
BT1306_GATGAGGAGTGATCGG	normal	
BT1306_GATGCTAGTCTTTCAT	normal	
BT1306_GATTCAGAGATGTTAG	normal	
BT1306_GATTCAGCAAACCCAT	normal	
BT1306_GATTCAGTCCACGCAG	normal	
BT1306_GCAAACTAGAACAATC	normal	
BT1306_GCAAACTGTTGGGACA	normal	
BT1306_GCAATCACACAGCGTC	normal	
BT1306_GCAATCAGTCTAGAGG	normal	
BT1306_GCAATCATCTTTACAC	normal	
BT1306_GCACATATCACATAGC	normal	
BT1306_GCACATATCGCTGATA	normal	
BT1306_GCACTCTCATCTGGTA	normal	
BT1306_GCAGCCAAGCCCAACC	normal	
BT1306_GCAGTTACACGCCAGT	normal	
BT1306_GCAGTTAGTCTAGGTT	normal	
BT1306_GCAGTTAGTGCGCTTG	normal	
BT1306_GCATACAGTCAACTGT	normal	
BT1306_GCATGCGAGTTGTAGA	normal	
BT1306_GCATGCGGTCGCATAT	normal	
BT1306_GCATGCGTCCGTCAAA	normal	
BT1306_GCATGCGTCTAACTCT	normal	
BT1306_GCATGTAGTGATAAAC	normal	
BT1306_GCCAAATGTTTGGGCC	normal	
BT1306_GCCAAATTCATGGTCA	normal	
BT1306_GCGACCAAGCGTGAAC	normal	
BT1306_GCGACCAGTAGCGATG	normal	
BT1306_GCGAGAATCGTGGTCG	normal	
BT1306_GCGCAACCAAGACGTG	normal	
BT1306_GCGCAACCAGCTCCGA	normal	
BT1306_GCGCCAACAGGAATCG	normal	
BT1306_GCGCCAAGTGTCCTCT	normal	
BT1306_GCGCGATCATGTTGAC	normal	
BT1306_GCGGGTTAGACCACGA	normal	
BT1306_GCTCCTAGTTCCGGCA	normal	
BT1306_GCTCCTAGTTGCTCCT	normal	
BT1306_GCTCCTATCTGCTTGC	normal	
BT1306_GCTCTGTGTAGGAGTC	normal	
BT1306_GCTCTGTGTTTAGCTG	normal	
BT1306_GCTCTGTTCATAAAGG	normal	
BT1306_GCTCTGTTCCAGGGCT	normal	
BT1306_GCTGCAGCACGGTGTC	normal	
BT1306_GCTGCAGTCTGCGTAA	normal	
BT1306_GCTGCGAGTTTGACTG	normal	
BT1306_GCTGCGATCAGGATCT	normal	
BT1306_GCTGCTTGTCGCATAT	normal	
BT1306_GCTGGGTAGCGTTGCC	normal	
BT1306_GCTTCCACATGCTGGC	normal	
BT1306_GCTTCCATCGGTCCGA	normal	
BT1306_GCTTGAAAGGCCCTCA	normal	
BT1306_GCTTGAAGTAAGAGAG	normal	
BT1306_GCTTGAATCAGTTTGG	normal	
BT1306_GGAAAGCCATGCTGGC	normal	
BT1306_GGAAAGCTCCGTCAAA	normal	
BT1306_GGAACTTAGGAGTTTA	normal	
BT1306_GGAACTTGTCCATCCT	normal	
BT1306_GGAATAAAGGAGTACC	normal	
BT1306_GGAATAATCGCAAGCC	normal	
BT1306_GGAATAATCGTCGTTC	normal	
BT1306_GGACAAGCAAGTCTGT	normal	
BT1306_GGACAAGGTCAAACTC	normal	
BT1306_GGACAAGGTCGACTAT	normal	
BT1306_GGACAAGTCAACACCA	normal	
BT1306_GGACATTGTTATCACG	normal	
BT1306_GGACATTGTTGGTGGA	normal	
BT1306_GGACGTCGTCTTGTCC	normal	
BT1306_GGACGTCTCGCGATCG	normal	
BT1306_GGAGCAACAGTAACGG	normal	
BT1306_GGAGCAACATATACCG	normal	
BT1306_GGATGTTGTAGCACGA	normal	
BT1306_GGATTACTCTCACATT	normal	
BT1306_GGCAATTAGTAGGCCA	normal	
BT1306_GGCAATTCATCGATGT	normal	
BT1306_GGCAATTGTGCATCTA	normal	
BT1306_GGCAATTGTTCGGGCT	normal	
BT1306_GGCCGATGTAGAAGGA	normal	
BT1306_GGCGACTCAATAGAGT	normal	
BT1306_GGCGTGTTCCGTACAA	normal	
BT1306_GGCTCGAGTACCCAAT	normal	
BT1306_GGCTCGAGTACCGAGA	normal	
BT1306_GGCTCGAGTATGGTTC	normal	
BT1306_GGCTCGATCCGCGCAA	normal	
BT1306_GGCTGGTAGAAGATTC	normal	
BT1306_GGCTGGTCAATCAGAA	normal	
BT1306_GGCTGGTGTCGACTGC	normal	
BT1306_GGCTGGTTCCGAAGAG	normal	
BT1306_GGGAATGGTTCCACGG	normal	
BT1306_GGGAGATAGGCAGTCA	normal	
BT1306_GGGAGATCAAACCTAC	normal	
BT1306_GGGATGACAGCTGGCT	normal	
BT1306_GGGATGAGTATAAACG	normal	
BT1306_GGGCACTAGCGCTTAT	normal	
BT1306_GGGCATCAGATGCGAC	normal	
BT1306_GGGCATCCACGTTGGC	normal	
BT1306_GGGTCTGGTAAGTTCC	normal	
BT1306_GGGTCTGGTCAAGCGA	normal	
BT1306_GGGTTGCCAATAGAGT	normal	
BT1306_GGGTTGCGTAGCGTCC	normal	
BT1306_GGGTTGCGTCTCCCTA	normal	
BT1306_GGTATTGAGGAGCGTT	normal	
BT1306_GGTGTTAAGTAGTGCG	normal	
BT1306_GGTGTTATCAGTCCCT	normal	
BT1306_GTAACGTAGCACCGCT	normal	
BT1306_GTAACGTGTCTTGTCC	normal	
BT1306_GTAACGTTCCCGACTT	normal	
BT1306_GTAACTGCAAGGGTCA	normal	
BT1306_GTAACTGTCGCCTGTT	normal	
BT1306_GTACGTAAGCGTTGCC	normal	
BT1306_GTACGTAAGGCCCGTT	normal	
BT1306_GTACTCCAGATAGCAT	normal	
BT1306_GTACTCCAGGGTATCG	normal	
BT1306_GTACTCCCACCTCGGA	normal	
BT1306_GTACTTTCAGCCAATT	normal	
BT1306_GTACTTTCATTAACCG	normal	
BT1306_GTACTTTTCCGCATAA	normal	
BT1306_GTAGGCCAGATGGGTC	normal	
BT1306_GTAGGCCCACCAGATT	normal	
BT1306_GTAGTCACAGCGTAAG	normal	
BT1306_GTCAAGTAGCCACCTG	normal	
BT1306_GTCAAGTCACACGCTG	normal	
BT1306_GTCAAGTCATCACAAC	normal	
BT1306_GTCATTTAGCCCAATT	normal	
BT1306_GTCCTCAAGACCCACC	normal	
BT1306_GTCCTCAGTCGAACAG	normal	
BT1306_GTCCTCAGTGGTGTAG	normal	
BT1306_GTCGGGTCATCGATTG	normal	
BT1306_GTCTCGTAGTCTTGCA	normal	
BT1306_GTCTCGTCACATCTTT	normal	
BT1306_GTCTCGTCAGCATACT	normal	
BT1306_GTCTCGTTCGCGTTTC	normal	
BT1306_GTCTTCGAGATATGCA	normal	
BT1306_GTGAAGGGTTGACGTT	normal	
BT1306_GTGCAGCCAGACAAAT	normal	
BT1306_GTGCATAGTAACGACG	normal	
BT1306_GTGCATAGTTGAACTC	normal	
BT1306_GTGGGTCTCTATGTGG	normal	
BT1306_GTGTGCGGTCGCATCG	normal	
BT1306_GTGTGCGTCGGCTACG	normal	
BT1306_GTGTTAGTCAGTACGT	normal	
BT1306_GTTAAGCTCTGATTCT	normal	
BT1306_GTTACAGAGCAACGGT	normal	
BT1306_GTTACAGGTTACCGAT	normal	
BT1306_GTTCTCGAGTAGCCGA	normal	
BT1306_GTTCTCGTCGCTTAGA	normal	
BT1306_TAAACCGTCGTTTAGG	normal	
BT1306_TAAGAGACATTGCGGC	normal	
BT1306_TAAGAGAGTAGAAAGG	normal	
BT1306_TAAGAGAGTATCACCA	normal	
BT1306_TAAGCGTAGCCAGGAT	normal	
BT1306_TAAGCGTCAGATCGGA	normal	
BT1306_TAAGCGTTCCTGTAGA	normal	
BT1306_TACAGTGTCGTAGATC	normal	
BT1306_TACCTATAGATGTGGC	normal	
BT1306_TACCTATTCATCTGCC	normal	
BT1306_TACCTTACACTGTTAG	normal	
BT1306_TACCTTACATGACATC	normal	
BT1306_TACCTTAGTTCCACTC	normal	
BT1306_TACGGGCAGTGCCATT	normal	
BT1306_TACTCATCAGACAGGT	normal	
BT1306_TACTTACCAAGTCTAC	normal	
BT1306_TACTTGTCAGTCGTGC	normal	
BT1306_TACTTGTCATGGTCAT	normal	
BT1306_TAGACCACAAATACAG	normal	
BT1306_TAGAGCTAGCGCTTAT	normal	
BT1306_TAGCCGGAGTACGACG	normal	
BT1306_TAGCCGGTCCAGAGGA	normal	
BT1306_TAGGCATAGAAGGGTA	normal	
BT1306_TAGTGGTAGGCTAGAC	normal	
BT1306_TAGTGGTCAGCGAACA	normal	
BT1306_TAGTTGGGTAGTGAAT	normal	
BT1306_TAGTTGGTCACATAGC	normal	
BT1306_TATCTCAGTTGTCTTT	normal	
BT1306_TATTACCGTAGAGGAA	normal	
BT1306_TATTACCGTCGATTGT	normal	
BT1306_TCAATCTAGAAACCGC	normal	
BT1306_TCAATCTCAGGTCCAC	normal	
BT1306_TCAATCTCATGTAGTC	normal	
BT1306_TCAATCTGTCTGATCA	normal	
BT1306_TCAATCTGTTTAAGCC	normal	
BT1306_TCACAAGAGGATGTAT	tumor	
BT1306_TCACGAAAGCCACCTG	normal	
BT1306_TCACGAAGTAGGCATG	normal	
BT1306_TCACGAAGTATCACCA	normal	
BT1306_TCACGAAGTCACACGC	normal	
BT1306_TCAGCAATCAGAGGTG	normal	
BT1306_TCAGCAATCTTAACCT	normal	
BT1306_TCAGCTCCAAGTCATC	normal	
BT1306_TCAGGTATCTCTGAGA	normal	
BT1306_TCATTACAGACCTAGG	normal	
BT1306_TCATTACCAGGTGGAT	normal	
BT1306_TCATTTGAGTGCGTGA	normal	
BT1306_TCATTTGCAGAGTGTG	normal	
BT1306_TCCACACGTAGGGACT	normal	
BT1306_TCCACACTCAAGGTAA	normal	
BT1306_TCGAGGCCACGGTTTA	normal	
BT1306_TCGAGGCGTCTAGGTT	normal	
BT1306_TCGAGGCTCCACTGGG	normal	
BT1306_TCGCGAGCATAGGATA	normal	
BT1306_TCGCGAGTCAACACCA	normal	
BT1306_TCGCGTTGTACTCTCC	normal	
BT1306_TCGCGTTGTTGCGCAC	normal	
BT1306_TCGCGTTTCGGACAAG	normal	
BT1306_TCGGGACAGCGCCTTG	normal	
BT1306_TCGGTAAGTAGAGTGC	normal	
BT1306_TCGGTAATCTTACCTA	normal	
BT1306_TCGTACCAGCACCGTC	normal	
BT1306_TCGTACCTCCTAGTGA	normal	
BT1306_TCGTACCTCTGATACG	normal	
BT1306_TCGTACCTCTTGCATT	normal	
BT1306_TCGTAGAAGTTTGCGT	normal	
BT1306_TCTATTGAGGAATGGA	normal	
BT1306_TCTATTGTCCTACAGA	normal	
BT1306_TCTCATAAGAAGGCCT	normal	
BT1306_TCTCATAGTAGCCTAT	normal	
BT1306_TCTCATAGTATTACCG	normal	
BT1306_TCTCTAAAGGTGTTAA	normal	
BT1306_TCTCTAATCGGACAAG	normal	
BT1306_TCTGAGACACACAGAG	normal	
BT1306_TCTGAGATCGCGTAGC	normal	
BT1306_TCTTCGGGTTGCGCAC	normal	
BT1306_TCTTCGGTCTTTAGGG	normal	
BT1306_TCTTTCCCAAGTTCTG	normal	
BT1306_TCTTTCCGTCTAAACC	normal	
BT1306_TGAAAGAAGCCACGTC	normal	
BT1306_TGAAAGAGTATCTGCA	normal	
BT1306_TGACAACAGGGCATGT	normal	
BT1306_TGACGGCAGCACACAG	normal	
BT1306_TGACGGCCACTGTCGG	normal	
BT1306_TGACTAGCACGGTGTC	normal	
BT1306_TGACTTTTCTACTATC	normal	
BT1306_TGAGAGGCACACTGCG	normal	
BT1306_TGAGAGGGTAGCCTCG	normal	
BT1306_TGAGGGAAGATGTAAC	normal	
BT1306_TGAGGGACACATGTGT	normal	
BT1306_TGATTTCAGCGGATCA	normal	
BT1306_TGATTTCGTCCGCTGA	normal	
BT1306_TGCACCTCAGGTGCCT	normal	
BT1306_TGCACCTCATCACGAT	normal	
BT1306_TGCACCTTCCACGACG	normal	
BT1306_TGCCAAATCTAAGCCA	normal	
BT1306_TGCCCATAGTACGCGA	normal	
BT1306_TGCCCATCAATAAGCA	normal	
BT1306_TGCCCATTCATACGGT	normal	
BT1306_TGCCCTAGTCCGAAGA	normal	
BT1306_TGCCCTATCCCTCAGT	normal	
BT1306_TGCGCAGGTATCAGTC	normal	
BT1306_TGCGGGTGTTGAGGTG	normal	
BT1306_TGCGGGTTCCCTAATT	normal	
BT1306_TGCTACCAGGCATGGT	normal	
BT1306_TGCTACCAGGCGTACA	normal	
BT1306_TGCTACCAGTCGATAA	normal	
BT1306_TGCTACCAGTTGTAGA	normal	
BT1306_TGCTACCCACGGTAAG	normal	
BT1306_TGCTGCTCATACTCTT	normal	
BT1306_TGGACGCGTCTTCTCG	normal	
BT1306_TGGCCAGAGACAGACC	normal	
BT1306_TGGCCAGAGATGTAAC	normal	
BT1306_TGGCCAGCACGGCCAT	normal	
BT1306_TGGCCAGTCGTCCAGG	normal	
BT1306_TGGCGCAGTTAGATGA	normal	
BT1306_TGGCTGGAGATGAGAG	normal	
BT1306_TGGCTGGTCACTTATC	normal	
BT1306_TGGCTGGTCTAACTCT	normal	
BT1306_TGGGAAGCAAGCTGTT	normal	
BT1306_TGGGCGTAGCTCCTCT	normal	
BT1306_TGGGCGTGTATATGAG	normal	
BT1306_TGGTTAGTCTAACTCT	normal	
BT1306_TGGTTCCAGTGTCCAT	normal	
BT1306_TGTATTCAGGCTAGCA	normal	
BT1306_TGTATTCCACCAGGTC	normal	
BT1306_TGTATTCCATAGGATA	normal	
BT1306_TGTATTCGTGAGCGAT	normal	
BT1306_TGTCCCATCTCAACTT	normal	
BT1306_TGTGTTTCATATGAGA	normal	
BT1306_TGTGTTTGTCTTGCGG	normal	
BT1306_TGTGTTTGTTATCGGT	normal	
BT1306_TGTGTTTTCTACTCAT	normal	
BT1306_TGTTCCGAGTTTGCGT	normal	
BT1306_TGTTCCGGTAGCGATG	normal	
BT1306_TGTTCCGGTGCCTGCA	normal	
BT1306_TTAACTCCAATTGCTG	normal	
BT1306_TTAACTCCAGGAACGT	normal	
BT1306_TTAGGACAGGATGGAA	normal	
BT1306_TTAGGACTCATGTGGT	normal	
BT1306_TTAGTTCCACACCGCA	normal	
BT1306_TTAGTTCCACCACCAG	normal	
BT1306_TTATGCTCATTAGCCA	normal	
BT1306_TTCGAAGGTGCTAGCC	normal	
BT1306_TTCGGTCGTGACAAAT	normal	
BT1306_TTCGGTCTCAGTCCCT	normal	
BT1306_TTCTACAAGGCTAGAC	normal	
BT1306_TTCTACACACCATCCT	normal	
BT1306_TTCTACAGTCACCTAA	normal	
BT1306_TTCTACATCCATGAGT	normal	
BT1306_TTGAACGTCTGCTGCT	normal	
BT1306_TTGACTTCACAAGCCC	normal	
BT1306_TTGACTTTCCATTCTA	normal	
BT1306_TTGCGTCCAGCGATCC	normal	
BT1306_TTGGAACTCATTTGGG	normal	
BT1306_TTGGCAATCTTGTACT	normal	
BT1306_TTGTAGGAGAGTTGGC	normal	
BT1306_TTTACTGAGACATAAC	normal	
BT1306_TTTACTGAGGAATTAC	normal	
BT1306_TTTCCTCAGAGTCTGG	normal	
BT1306_TTTCCTCAGTAATCCC	normal	
BT1306_TTTCCTCCATAGAAAC	normal	
BT1306_TTTGCGCGTCGAATCT	normal	
BT1306_TTTGGTTAGCTAGTGG	normal	
BT1306_TTTGTCATCAGTTGAC	normal	
BT1307_AAACCTGAGCCGATTT	tumor	
BT1307_AAACCTGAGGATTCGG	normal	
BT1307_AAACCTGTCAGAGCTT	normal	
BT1307_AAACCTGTCAGCACAT	normal	
BT1307_AAACCTGTCCCAACGG	normal	
BT1307_AAACCTGTCGTCGTTC	normal	
BT1307_AAACGGGAGACCTAGG	normal	
BT1307_AAACGGGAGTCCGTAT	normal	
BT1307_AAACGGGCAAGCGAGT	normal	
BT1307_AAACGGGGTAGGAGTC	normal	
BT1307_AAAGATGCAGGAACGT	normal	
BT1307_AAAGATGTCACTGGGC	normal	
BT1307_AAAGATGTCTTGTACT	normal	
BT1307_AAAGCAACACGGATAG	normal	
BT1307_AAAGCAACATCGATTG	normal	
BT1307_AAAGCAAGTCGGCATC	tumor	
BT1307_AAAGTAGAGAGACGAA	tumor	
BT1307_AAAGTAGAGGAGCGAG	normal	
BT1307_AAAGTAGAGTACGCGA	normal	
BT1307_AAAGTAGCACGGCGTT	normal	
BT1307_AAAGTAGGTACTTAGC	normal	
BT1307_AAAGTAGGTGCAGGTA	normal	
BT1307_AAAGTAGTCAAAGTAG	normal	
BT1307_AAATGCCAGCCAGAAC	normal	
BT1307_AAATGCCCAAGACGTG	normal	
BT1307_AAATGCCCATGGTTGT	normal	
BT1307_AACACGTAGACTGTAA	normal	
BT1307_AACACGTGTCTACCTC	normal	
BT1307_AACACGTGTTGTGGAG	normal	
BT1307_AACACGTTCAACACAC	normal	
BT1307_AACACGTTCGAACGGA	normal	yes
BT1307_AACCATGAGACGCTTT	normal	
BT1307_AACCATGAGTGGCACA	normal	
BT1307_AACCATGAGTGTACGG	normal	
BT1307_AACCATGCAATGGAGC	normal	
BT1307_AACCATGGTTCCTCCA	tumor	
BT1307_AACCATGTCATCGCTC	tumor	
BT1307_AACCATGTCCGAAGAG	normal	
BT1307_AACCATGTCCGAGCCA	normal	
BT1307_AACCGCGAGTTGCAGG	normal	
BT1307_AACCGCGGTGCACTTA	normal	
BT1307_AACCGCGGTGTTTGTG	normal	yes
BT1307_AACCGCGTCGGTGTCG	normal	
BT1307_AACCGCGTCGTAGATC	normal	
BT1307_AACGTTGAGCCAGTAG	normal	
BT1307_AACGTTGAGTTTGCGT	normal	
BT1307_AACGTTGGTATGGTTC	normal	
BT1307_AACGTTGGTCGGATCC	tumor	
BT1307_AACGTTGGTTCATGGT	normal	
BT1307_AACGTTGTCGCTAGCG	normal	
BT1307_AACGTTGTCGGAATCT	tumor	
BT1307_AACTCAGAGAGCTATA	normal	
BT1307_AACTCAGAGCTCCCAG	normal	
BT1307_AACTCAGAGGCCCTTG	normal	
BT1307_AACTCAGAGGCTCAGA	normal	
BT1307_AACTCAGAGGTAGCTG	normal	
BT1307_AACTCAGCATGCCTTC	normal	
BT1307_AACTCAGGTTCCACTC	normal	
BT1307_AACTCAGGTTTCGCTC	normal	
BT1307_AACTCAGTCATAAAGG	normal	
BT1307_AACTCAGTCTCAACTT	normal	
BT1307_AACTCCCAGAGACGAA	normal	
BT1307_AACTCCCCACTTAAGC	normal	
BT1307_AACTCCCCAGATGGCA	normal	
BT1307_AACTCCCCAGCTGCAC	tumor	
BT1307_AACTCCCCAGGTTTCA	normal	
BT1307_AACTCCCTCAACACTG	normal	
BT1307_AACTCCCTCGACCAGC	normal	
BT1307_AACTCCCTCTTGTTTG	normal	
BT1307_AACTCTTAGATCGGGT	normal	
BT1307_AACTCTTAGTGACTCT	normal	
BT1307_AACTCTTCAAGGTTCT	normal	
BT1307_AACTCTTCACGAAATA	normal	
BT1307_AACTCTTCAGCGATCC	normal	
BT1307_AACTCTTCAGTGACAG	normal	
BT1307_AACTCTTCATATGCTG	normal	
BT1307_AACTCTTCATTAGGCT	normal	
BT1307_AACTCTTGTAGCGTGA	normal	
BT1307_AACTCTTTCAGTTTGG	normal	
BT1307_AACTCTTTCATCACCC	normal	
BT1307_AACTCTTTCCTCAACC	normal	
BT1307_AACTGGTAGCTAGGCA	tumor	
BT1307_AACTGGTAGGATCGCA	normal	
BT1307_AACTGGTCAAGAAGAG	normal	
BT1307_AACTGGTCACAACTGT	normal	
BT1307_AACTGGTGTAAGTAGT	normal	
BT1307_AACTGGTGTCACACGC	tumor	
BT1307_AACTGGTGTGTAATGA	normal	
BT1307_AACTGGTTCACGGTTA	normal	
BT1307_AACTGGTTCCTGCAGG	normal	
BT1307_AACTTTCAGAGCTGCA	normal	
BT1307_AACTTTCAGCTGGAAC	tumor	
BT1307_AACTTTCCAGATCTGT	normal	
BT1307_AACTTTCCATCCTTGC	tumor	
BT1307_AACTTTCGTCCTGCTT	normal	
BT1307_AACTTTCGTTTACTCT	normal	
BT1307_AACTTTCTCTACTCAT	normal	
BT1307_AACTTTCTCTATCGCC	tumor	
BT1307_AAGACCTAGACTCGGA	normal	
BT1307_AAGACCTAGGCTAGAC	tumor	
BT1307_AAGACCTAGTCCTCCT	normal	
BT1307_AAGACCTAGTGGAGTC	tumor	
BT1307_AAGACCTAGTTGAGAT	normal	
BT1307_AAGACCTCAGTCGTGC	normal	
BT1307_AAGACCTGTGCAACGA	normal	
BT1307_AAGACCTGTTAAGAAC	normal	
BT1307_AAGACCTTCAGTCAGT	normal	
BT1307_AAGACCTTCCACGTTC	normal	
BT1307_AAGCCGCAGCTAGTTC	normal	
BT1307_AAGCCGCCACTATCTT	normal	
BT1307_AAGCCGCCAGTAGAGC	normal	
BT1307_AAGCCGCGTAAGGGAA	normal	
BT1307_AAGCCGCTCAGAAATG	normal	
BT1307_AAGGAGCAGACTACAA	normal	
BT1307_AAGGAGCAGTGCTGCC	normal	
BT1307_AAGGAGCCAATAGCGG	normal	
BT1307_AAGGAGCCACGTCAGC	normal	
BT1307_AAGGAGCCAGTAACGG	normal	
BT1307_AAGGAGCCATCCGGGT	normal	
BT1307_AAGGAGCGTATGGTTC	normal	
BT1307_AAGGAGCTCAGATAAG	normal	
BT1307_AAGGAGCTCAGCAACT	normal	
BT1307_AAGGAGCTCATGTGGT	normal	
BT1307_AAGGAGCTCCGAAGAG	normal	
BT1307_AAGGAGCTCGAGCCCA	normal	
BT1307_AAGGAGCTCGTTGCCT	tumor	
BT1307_AAGGAGCTCTGATTCT	normal	
BT1307_AAGGCAGAGAGGGCTT	normal	
BT1307_AAGGCAGAGAGGTACC	normal	
BT1307_AAGGCAGAGGACTGGT	normal	
BT1307_AAGGCAGCATCCCATC	normal	
BT1307_AAGGCAGGTAAAGGAG	normal	
BT1307_AAGGCAGGTCGACTAT	normal	
BT1307_AAGGCAGGTCTCACCT	normal	
BT1307_AAGGCAGTCAAGGTAA	normal	
BT1307_AAGGCAGTCTCTAGGA	normal	
BT1307_AAGGTTCAGGATGCGT	normal	
BT1307_AAGGTTCCAAGTACCT	tumor	
BT1307_AAGGTTCCAGGAATGC	normal	
BT1307_AAGGTTCGTAGCGCAA	normal	
BT1307_AAGGTTCTCCCTAACC	normal	
BT1307_AAGGTTCTCCGTAGTA	normal	
BT1307_AAGTCTGAGATCACGG	tumor	
BT1307_AAGTCTGGTAGGAGTC	normal	
BT1307_AAGTCTGGTCTGCGGT	normal	
BT1307_AAGTCTGGTGACTCAT	normal	
BT1307_AAGTCTGTCGACAGCC	normal	
BT1307_AAGTCTGTCTGGTTCC	normal	
BT1307_AATCCAGAGCCGATTT	normal	
BT1307_AATCCAGAGGGAACGG	normal	
BT1307_AATCCAGAGGTGCTTT	normal	
BT1307_AATCCAGGTCAGCTAT	normal	
BT1307_AATCCAGTCAACCAAC	normal	
BT1307_AATCGGTGTTCCTCCA	normal	
BT1307_ACACCAAAGGGCTTCC	normal	
BT1307_ACACCAAGTCAGGACA	tumor	
BT1307_ACACCAAGTCCGTTAA	tumor	
BT1307_ACACCAAGTTCAGGCC	normal	
BT1307_ACACCCTAGAAAGTGG	normal	
BT1307_ACACCCTAGGATGTAT	normal	
BT1307_ACACCCTCAGTTCATG	normal	
BT1307_ACACCCTCATGTAGTC	normal	
BT1307_ACACCCTGTGGTGTAG	normal	
BT1307_ACACCCTTCTCTAGGA	normal	
BT1307_ACACCGGAGGCAATTA	normal	
BT1307_ACACCGGAGTGAAGAG	normal	
BT1307_ACACCGGCAATGGTCT	tumor	
BT1307_ACACCGGCAGGATCGA	normal	
BT1307_ACACCGGGTACGCTGC	normal	
BT1307_ACACCGGGTACTTCTT	normal	
BT1307_ACACCGGGTCGCTTTC	normal	
BT1307_ACACCGGTCGTGGGAA	normal	
BT1307_ACACTGACAATGTAAG	normal	
BT1307_ACACTGACATGCATGT	normal	
BT1307_ACACTGAGTGTGGTTT	normal	
BT1307_ACACTGAGTTATGTGC	normal	
BT1307_ACACTGAGTTCGAATC	normal	
BT1307_ACACTGAGTTCGCTAA	normal	
BT1307_ACACTGATCATCACCC	normal	
BT1307_ACACTGATCATGTCCC	normal	
BT1307_ACACTGATCCGCGTTT	normal	
BT1307_ACACTGATCGAGGTAG	tumor	
BT1307_ACACTGATCTCGAGTA	normal	
BT1307_ACAGCCGAGCTCCCAG	normal	
BT1307_ACAGCCGCAATCAGAA	normal	
BT1307_ACAGCCGCACACATGT	normal	
BT1307_ACAGCCGCAGGATCGA	normal	
BT1307_ACAGCCGCATCACAAC	normal	
BT1307_ACAGCCGCATGCAACT	tumor	
BT1307_ACAGCCGGTCGGGTCT	normal	
BT1307_ACAGCCGGTGGCGAAT	normal	
BT1307_ACAGCCGTCTAAGCCA	tumor	
BT1307_ACAGCTAAGCGTCAAG	normal	
BT1307_ACAGCTAAGGATCGCA	normal	
BT1307_ACAGCTAGTCCCTTGT	normal	
BT1307_ACAGCTAGTCTAGGTT	normal	
BT1307_ACAGCTAGTTCGAATC	normal	
BT1307_ACAGCTAGTTCGTCTC	normal	
BT1307_ACAGCTATCAGTCAGT	normal	
BT1307_ACAGCTATCGAACGGA	normal	
BT1307_ACATACGAGCACACAG	normal	
BT1307_ACATACGAGTTCGATC	normal	
BT1307_ACATACGCATCCTAGA	tumor	
BT1307_ACATACGCATTGGGCC	normal	
BT1307_ACATACGGTAAGAGGA	tumor	
BT1307_ACATACGGTACGACCC	normal	
BT1307_ACATACGGTCGCATAT	normal	
BT1307_ACATACGGTTGGAGGT	normal	
BT1307_ACATACGTCAGGATCT	normal	
BT1307_ACATACGTCTTGTACT	tumor	
BT1307_ACATCAGAGAAGAAGC	normal	
BT1307_ACATCAGAGATGCCAG	normal	
BT1307_ACATCAGAGTGGTAAT	normal	
BT1307_ACATCAGAGTGTCCCG	normal	
BT1307_ACATCAGCACGTCTCT	normal	yes
BT1307_ACATCAGGTGTGCCTG	normal	
BT1307_ACATGGTAGCTGGAAC	normal	
BT1307_ACATGGTCAGCCACCA	normal	
BT1307_ACATGGTCAGTAACGG	normal	
BT1307_ACATGGTGTATTCTCT	normal	
BT1307_ACATGGTGTTCCACAA	normal	
BT1307_ACATGGTTCGTACCGG	normal	
BT1307_ACCAGTAAGAACTCGG	normal	
BT1307_ACCAGTAAGTTCGCAT	normal	
BT1307_ACCAGTATCATAGCAC	normal	
BT1307_ACCCACTAGATAGCAT	normal	
BT1307_ACCCACTAGCGAGAAA	normal	
BT1307_ACCCACTCAGGGTATG	tumor	
BT1307_ACCCACTCATTCACTT	normal	
BT1307_ACCCACTGTCCGTTAA	normal	
BT1307_ACCCACTGTTCGTGAT	normal	
BT1307_ACCCACTTCCAGTAGT	normal	
BT1307_ACCCACTTCGTTGCCT	normal	
BT1307_ACCGTAAAGACTCGGA	normal	yes
BT1307_ACCGTAAAGCTACCTA	normal	
BT1307_ACCGTAAAGGTAAACT	normal	
BT1307_ACCGTAACAGACGTAG	normal	
BT1307_ACCGTAACATCCAACA	normal	
BT1307_ACCGTAACATCTCGCT	normal	
BT1307_ACCGTAAGTCCATCCT	normal	
BT1307_ACCGTAAGTCGACTGC	normal	
BT1307_ACCGTAATCATCGGAT	normal	
BT1307_ACCGTAATCGTATCAG	normal	
BT1307_ACCGTAATCTAAGCCA	normal	
BT1307_ACCGTAATCTCCAACC	normal	
BT1307_ACCTTTAAGAAACGCC	normal	
BT1307_ACCTTTAAGGCATGGT	normal	
BT1307_ACCTTTAAGTTGCAGG	normal	
BT1307_ACCTTTAGTAGTGAAT	tumor	
BT1307_ACCTTTATCCTAGAAC	normal	
BT1307_ACGAGCCAGCTAGCCC	normal	
BT1307_ACGAGCCCACCATGTA	normal	
BT1307_ACGAGCCGTACCGTAT	tumor	
BT1307_ACGAGCCGTGTTCTTT	normal	
BT1307_ACGAGCCTCAAGATCC	normal	
BT1307_ACGAGCCTCTAACTCT	normal	
BT1307_ACGAGGAAGCTCAACT	normal	
BT1307_ACGAGGAAGGTGCACA	tumor	
BT1307_ACGAGGACAGGGATTG	tumor	
BT1307_ACGAGGACATCTATGG	normal	
BT1307_ACGAGGACATGGGAAC	normal	
BT1307_ACGAGGAGTACCTACA	normal	
BT1307_ACGAGGAGTCGAATCT	normal	
BT1307_ACGAGGAGTGACAAAT	normal	
BT1307_ACGAGGAGTGACGCCT	normal	
BT1307_ACGAGGAGTTGTGGAG	tumor	
BT1307_ACGAGGATCAAGGCTT	normal	
BT1307_ACGAGGATCAGCAACT	normal	
BT1307_ACGAGGATCGTGGTCG	normal	
BT1307_ACGATACAGACGCAAC	normal	
BT1307_ACGATACAGATCTGAA	normal	
BT1307_ACGATACAGCGAAGGG	normal	
BT1307_ACGATACAGGACCACA	normal	
BT1307_ACGATACAGTTAGGTA	normal	
BT1307_ACGATACCAGACGCCT	normal	
BT1307_ACGATACCATAAGACA	normal	
BT1307_ACGATACGTACACCGC	tumor	
BT1307_ACGATGTAGCCCGAAA	normal	
BT1307_ACGATGTAGCGAGAAA	normal	
BT1307_ACGATGTAGTGAACGC	normal	
BT1307_ACGATGTCAAAGGCGT	normal	
BT1307_ACGCAGCAGCAGGTCA	normal	
BT1307_ACGCAGCAGCGATCCC	normal	
BT1307_ACGCAGCCAAACTGTC	normal	
BT1307_ACGCAGCCACTCAGGC	normal	
BT1307_ACGCAGCCAGCGTAAG	normal	
BT1307_ACGCAGCGTCGAACAG	normal	
BT1307_ACGCAGCTCACCAGGC	normal	
BT1307_ACGCCAGAGACCACGA	normal	
BT1307_ACGCCAGAGGCACATG	normal	
BT1307_ACGCCAGCACGTAAGG	normal	
BT1307_ACGCCAGCAGCTTAAC	normal	
BT1307_ACGCCAGGTGCCTGGT	normal	
BT1307_ACGCCAGTCCCAGGTG	normal	
BT1307_ACGCCAGTCTGCGTAA	normal	
BT1307_ACGCCAGTCTTCCTTC	normal	
BT1307_ACGCCGAAGCAAATCA	normal	
BT1307_ACGCCGAAGGGAACGG	normal	
BT1307_ACGCCGAAGTCCCACG	normal	
BT1307_ACGCCGAAGTGTACTC	normal	
BT1307_ACGCCGACACCAGTTA	normal	
BT1307_ACGCCGACACGCTTTC	normal	
BT1307_ACGCCGAGTTCCACGG	normal	
BT1307_ACGGAGACAAGGCTCC	normal	
BT1307_ACGGAGACACAACGTT	normal	
BT1307_ACGGAGACACCTATCC	tumor	
BT1307_ACGGAGACATCTCCCA	normal	
BT1307_ACGGAGAGTACGCTGC	tumor	
BT1307_ACGGAGAGTCCTCTTG	normal	
BT1307_ACGGAGAGTTCCTCCA	normal	
BT1307_ACGGAGATCCCTTGCA	normal	
BT1307_ACGGCCACACCACCAG	normal	
BT1307_ACGGCCACAGCCACCA	tumor	
BT1307_ACGGCCACAGCCTTTC	normal	
BT1307_ACGGCCAGTAATTGGA	normal	
BT1307_ACGGCCAGTGGCGAAT	normal	
BT1307_ACGGCCAGTTAAGATG	normal	
BT1307_ACGGCCAGTTACTGAC	normal	
BT1307_ACGGCCATCCTCGCAT	normal	
BT1307_ACGGGCTAGATCACGG	normal	
BT1307_ACGGGCTAGTACGATA	tumor	
BT1307_ACGGGCTCAGTATAAG	normal	
BT1307_ACGGGCTCAGTCGTGC	normal	
BT1307_ACGGGCTGTGAGGGTT	normal	
BT1307_ACGGGCTTCGGTCTAA	tumor	
BT1307_ACGGGCTTCTCCTATA	normal	
BT1307_ACGGGCTTCTGCGTAA	normal	
BT1307_ACGGGTCAGACAGAGA	normal	
BT1307_ACGGGTCCAGGTCGTC	normal	
BT1307_ACGGGTCCATAGAAAC	normal	
BT1307_ACGGGTCGTACGCTGC	normal	
BT1307_ACGGGTCTCACGCATA	normal	
BT1307_ACGGGTCTCCTAAGTG	normal	
BT1307_ACGGGTCTCGGCGCAT	normal	
BT1307_ACGGGTCTCTACTTAC	normal	
BT1307_ACGTCAAAGTACGATA	normal	
BT1307_ACGTCAAAGTCCGGTC	normal	
BT1307_ACGTCAAAGTTCGCAT	normal	
BT1307_ACGTCAACAAGCTGTT	normal	
BT1307_ACGTCAACAGTTCCCT	normal	
BT1307_ACGTCAAGTCCGAACC	tumor	
BT1307_ACGTCAATCAGTGTTG	normal	
BT1307_ACGTCAATCCGAACGC	normal	
BT1307_ACGTCAATCGGCGCTA	normal	
BT1307_ACTATCTAGATAGCAT	normal	
BT1307_ACTATCTAGCGGCTTC	normal	
BT1307_ACTATCTAGGCTACGA	normal	
BT1307_ACTATCTCAAGCTGGA	normal	
BT1307_ACTATCTCACGTCTCT	normal	
BT1307_ACTATCTTCACTGGGC	tumor	
BT1307_ACTATCTTCTCCTATA	normal	
BT1307_ACTGAACCATGTAAGA	tumor	
BT1307_ACTGAACTCGATGAGG	normal	
BT1307_ACTGAGTAGAGTCTGG	normal	
BT1307_ACTGAGTAGCTAGCCC	normal	
BT1307_ACTGAGTAGGGAACGG	normal	
BT1307_ACTGAGTAGTCTTGCA	normal	
BT1307_ACTGAGTCAATCACAC	normal	
BT1307_ACTGAGTCACCCAGTG	normal	
BT1307_ACTGAGTCATCAGTAC	normal	
BT1307_ACTGAGTCATGATCCA	normal	
BT1307_ACTGAGTGTAAGGATT	normal	
BT1307_ACTGAGTGTGCGATAG	normal	
BT1307_ACTGAGTTCCTCCTAG	normal	
BT1307_ACTGAGTTCTAACTGG	normal	
BT1307_ACTGAGTTCTCCTATA	normal	
BT1307_ACTGAGTTCTGGCGTG	normal	
BT1307_ACTGATGAGCCCTAAT	normal	
BT1307_ACTGATGAGCGTGAAC	normal	
BT1307_ACTGATGCAATGGTCT	normal	
BT1307_ACTGATGCATGCTGGC	normal	
BT1307_ACTGATGGTGTCTGAT	normal	
BT1307_ACTGCTCAGAACAATC	tumor	
BT1307_ACTGCTCAGTATGACA	normal	
BT1307_ACTGCTCCAAGTAATG	normal	
BT1307_ACTGCTCCACCTCGTT	normal	
BT1307_ACTGCTCCATGAAGTA	normal	
BT1307_ACTGCTCGTTACGTCA	normal	
BT1307_ACTGCTCTCACGATGT	normal	
BT1307_ACTGCTCTCAGCTCGG	tumor	
BT1307_ACTGTCCAGACAAAGG	tumor	
BT1307_ACTGTCCCACGAAGCA	normal	
BT1307_ACTGTCCGTAGCTAAA	normal	
BT1307_ACTGTCCTCCTTCAAT	normal	
BT1307_ACTTACTAGCTAGTCT	normal	
BT1307_ACTTACTCAGAAGCAC	normal	
BT1307_ACTTACTGTAAAGGAG	normal	
BT1307_ACTTACTGTTATTCTC	normal	
BT1307_ACTTACTTCACCATAG	normal	
BT1307_ACTTACTTCCTTTACA	normal	
BT1307_ACTTACTTCGTAGGTT	tumor	
BT1307_ACTTGTTAGACTGGGT	normal	
BT1307_ACTTGTTAGTGTTAGA	normal	
BT1307_ACTTGTTAGTTTAGGA	normal	
BT1307_ACTTGTTCAGCGTAAG	normal	
BT1307_ACTTGTTCAGCTTCGG	normal	
BT1307_ACTTGTTCATGAAGTA	normal	
BT1307_ACTTGTTCATTCCTCG	normal	
BT1307_ACTTGTTGTCAGTGGA	normal	
BT1307_ACTTGTTGTGAGGCTA	normal	
BT1307_ACTTGTTGTTTGGCGC	normal	
BT1307_ACTTGTTTCCAGTATG	normal	
BT1307_ACTTGTTTCTTTAGTC	normal	
BT1307_ACTTTCAAGAGTGAGA	normal	
BT1307_ACTTTCAAGTAAGTAC	normal	
BT1307_ACTTTCACATTCACTT	normal	
BT1307_ACTTTCAGTATGCTTG	normal	
BT1307_AGAATAGAGAATTGTG	normal	
BT1307_AGAATAGAGACTGGGT	tumor	
BT1307_AGAATAGAGCAGCGTA	normal	
BT1307_AGAATAGAGCTAACAA	normal	
BT1307_AGAATAGAGCTTATCG	normal	
BT1307_AGAATAGAGTTCCACA	normal	
BT1307_AGAATAGCAACGCACC	normal	
BT1307_AGAATAGCATGGTTGT	normal	
BT1307_AGAATAGGTGGTACAG	normal	
BT1307_AGAATAGGTTCGAATC	tumor	
BT1307_AGAATAGTCCGATATG	normal	
BT1307_AGAATAGTCTAACTCT	normal	
BT1307_AGAATAGTCTTCCTTC	normal	
BT1307_AGACGTTAGCTACCGC	normal	
BT1307_AGACGTTAGGTCATCT	normal	
BT1307_AGACGTTAGTCTTGCA	normal	
BT1307_AGACGTTGTTGCTCCT	normal	
BT1307_AGACGTTTCTGGGCCA	normal	
BT1307_AGACGTTTCTGTTGAG	normal	
BT1307_AGAGCGAAGCGTAATA	normal	
BT1307_AGAGCGAAGTTTAGGA	normal	
BT1307_AGAGCGACAATGGAAT	normal	
BT1307_AGAGCGACAGTAACGG	normal	
BT1307_AGAGCGAGTACCATCA	normal	
BT1307_AGAGCGAGTCTAGTGT	normal	
BT1307_AGAGCGAGTGAGGGTT	normal	
BT1307_AGAGCGAGTTGGAGGT	tumor	
BT1307_AGAGCGATCCAGTAGT	tumor	
BT1307_AGAGCGATCGGCCGAT	normal	
BT1307_AGAGCTTAGCCGTCGT	normal	
BT1307_AGAGCTTGTAATCGTC	normal	
BT1307_AGAGCTTGTCAATACC	normal	
BT1307_AGAGCTTTCAGTTGAC	normal	
BT1307_AGAGCTTTCCGCGCAA	normal	
BT1307_AGAGCTTTCTGTCAAG	normal	
BT1307_AGAGCTTTCTTTAGGG	tumor	
BT1307_AGAGTGGAGCACACAG	normal	
BT1307_AGAGTGGCACAGGCCT	normal	
BT1307_AGAGTGGCATAGACTC	normal	
BT1307_AGAGTGGCATCTCCCA	normal	
BT1307_AGAGTGGGTATGAATG	normal	
BT1307_AGAGTGGGTCGGCACT	normal	
BT1307_AGAGTGGGTCTCTTAT	normal	
BT1307_AGAGTGGTCACGACTA	normal	
BT1307_AGATCTGAGAACTCGG	normal	
BT1307_AGATCTGAGACATAAC	normal	
BT1307_AGATCTGAGCACACAG	normal	
BT1307_AGATCTGCAATTGCTG	tumor	
BT1307_AGATCTGCAGCTGCTG	normal	
BT1307_AGATCTGGTATTAGCC	tumor	
BT1307_AGATCTGGTTGGAGGT	normal	
BT1307_AGATCTGTCGTTTGCC	normal	
BT1307_AGATTGCAGGGAACGG	normal	
BT1307_AGATTGCAGGTGTTAA	normal	
BT1307_AGATTGCCACCACCAG	normal	
BT1307_AGATTGCCACCTCGGA	tumor	
BT1307_AGATTGCGTCAGAATA	normal	
BT1307_AGATTGCGTCTCCATC	normal	
BT1307_AGATTGCGTGTTAAGA	normal	
BT1307_AGATTGCTCCTTGCCA	normal	
BT1307_AGATTGCTCGGCTACG	normal	
BT1307_AGATTGCTCGTTACGA	normal	
BT1307_AGCAGCCAGAGTAATC	normal	
BT1307_AGCAGCCCAAGCTGGA	normal	
BT1307_AGCAGCCCAAGTTCTG	normal	
BT1307_AGCAGCCCACTAAGTC	normal	
BT1307_AGCAGCCCATTCGACA	tumor	
BT1307_AGCAGCCGTAGGAGTC	normal	
BT1307_AGCAGCCGTATAGGGC	tumor	
BT1307_AGCAGCCGTATATCCG	normal	
BT1307_AGCAGCCGTCAATGTC	normal	
BT1307_AGCAGCCGTCGAAAGC	normal	
BT1307_AGCAGCCGTCTTCAAG	tumor	
BT1307_AGCAGCCTCAGTTCGA	normal	
BT1307_AGCATACAGCACAGGT	normal	
BT1307_AGCATACAGCCAGTAG	normal	
BT1307_AGCATACCACAGAGGT	normal	
BT1307_AGCATACCACCGATAT	normal	
BT1307_AGCATACTCGGCGGTT	normal	
BT1307_AGCATACTCTCGAGTA	normal	
BT1307_AGCATACTCTGTCTAT	normal	
BT1307_AGCATACTCTGTTTGT	normal	
BT1307_AGCATACTCTTCGGTC	normal	
BT1307_AGCCTAAAGAGGACGG	normal	
BT1307_AGCCTAAAGGACTGGT	normal	
BT1307_AGCCTAACACCAGCAC	normal	
BT1307_AGCCTAACACTTAAGC	normal	
BT1307_AGCCTAACAGGATTGG	normal	
BT1307_AGCCTAACAGTGAGTG	normal	
BT1307_AGCCTAACATCACGTA	normal	
BT1307_AGCCTAACATGCAATC	normal	
BT1307_AGCCTAAGTATAAACG	normal	
BT1307_AGCCTAATCAAGCCTA	normal	
BT1307_AGCCTAATCATGTCCC	normal	
BT1307_AGCGGTCAGCTGGAAC	tumor	
BT1307_AGCGGTCCATCTGGTA	normal	
BT1307_AGCGGTCGTCCGAATT	normal	
BT1307_AGCGGTCGTGCAGGTA	tumor	
BT1307_AGCGGTCGTTGGTAAA	tumor	
BT1307_AGCGGTCTCATCTGTT	normal	
BT1307_AGCGTATAGGAGTACC	normal	
BT1307_AGCGTATAGGTGTGGT	normal	
BT1307_AGCGTATAGTGCCATT	normal	
BT1307_AGCGTATCATTCTCAT	normal	
BT1307_AGCGTATTCCTTTCTC	normal	
BT1307_AGCGTATTCTTCGAGA	normal	
BT1307_AGCGTCGAGCCACGTC	normal	
BT1307_AGCGTCGGTCTCTCGT	tumor	
BT1307_AGCGTCGGTGCCTGGT	normal	
BT1307_AGCGTCGTCTCATTCA	normal	
BT1307_AGCTCCTGTACGCTGC	normal	
BT1307_AGCTCCTGTGAGTATA	normal	
BT1307_AGCTCCTTCTTGTCAT	normal	
BT1307_AGCTCTCAGGACAGCT	tumor	
BT1307_AGCTCTCCAATTGCTG	normal	
BT1307_AGCTCTCCAGCCTTTC	normal	
BT1307_AGCTCTCCATTAGGCT	normal	
BT1307_AGCTCTCGTACGAAAT	normal	
BT1307_AGCTCTCTCCTGTAGA	normal	
BT1307_AGCTCTCTCTCCTATA	normal	
BT1307_AGCTCTCTCTGTCCGT	normal	
BT1307_AGCTTGAAGCAGATCG	normal	
BT1307_AGCTTGAAGTCATCCA	normal	
BT1307_AGCTTGACAGTAGAGC	normal	
BT1307_AGCTTGACAGTCTTCC	normal	
BT1307_AGCTTGAGTCGAGTTT	normal	
BT1307_AGCTTGATCATGTCCC	tumor	
BT1307_AGCTTGATCGAGGTAG	normal	
BT1307_AGCTTGATCGGAGCAA	normal	
BT1307_AGGCCACAGTTTAGGA	normal	
BT1307_AGGCCACGTCTTTCAT	normal	
BT1307_AGGCCACTCACCATAG	normal	
BT1307_AGGCCACTCCTTGGTC	normal	
BT1307_AGGCCACTCGCGATCG	normal	
BT1307_AGGCCGTAGTCCGTAT	normal	
BT1307_AGGCCGTCAGCAGTTT	normal	
BT1307_AGGCCGTCATTGCGGC	normal	
BT1307_AGGCCGTGTACCGTAT	normal	
BT1307_AGGCCGTGTCTTTCAT	normal	
BT1307_AGGCCGTGTGGAAAGA	normal	
BT1307_AGGCCGTGTTAGAACA	normal	
BT1307_AGGCCGTGTTAGTGGG	normal	
BT1307_AGGGAGTCAGACAGGT	normal	
BT1307_AGGGAGTGTCATATGC	normal	
BT1307_AGGGAGTGTGACGGTA	normal	
BT1307_AGGGAGTGTGTGAAAT	normal	
BT1307_AGGGAGTTCGCCTGTT	normal	
BT1307_AGGGAGTTCTCAACTT	normal	
BT1307_AGGGATGAGCCAGGAT	normal	
BT1307_AGGGATGAGTACATGA	normal	
BT1307_AGGGATGAGTTTCCTT	normal	
BT1307_AGGGATGCATCAGTAC	normal	
BT1307_AGGGATGGTGACTACT	normal	
BT1307_AGGGATGTCAGTACGT	normal	
BT1307_AGGGTGAAGACGCACA	normal	
BT1307_AGGGTGAAGATCCGAG	normal	
BT1307_AGGGTGAAGTAGCGGT	normal	
BT1307_AGGGTGAAGTGGTAAT	normal	
BT1307_AGGGTGACATGTCGAT	normal	
BT1307_AGGGTGAGTCAAGCGA	normal	
BT1307_AGGGTGAGTCACCTAA	tumor	
BT1307_AGGTCATCAGCCACCA	normal	
BT1307_AGGTCATCATACGCTA	normal	
BT1307_AGGTCATGTACAGTTC	normal	
BT1307_AGGTCATTCCGAAGAG	normal	
BT1307_AGGTCATTCGGTTAAC	normal	
BT1307_AGGTCCGAGGTTCCTA	normal	
BT1307_AGGTCCGAGTTCGATC	tumor	
BT1307_AGGTCCGCAAGGCTCC	normal	
BT1307_AGGTCCGGTGGTACAG	normal	
BT1307_AGGTCCGTCTGCCAGG	normal	
BT1307_AGTAGTCAGCCAACAG	normal	
BT1307_AGTAGTCAGTGACATA	normal	
BT1307_AGTAGTCCAACGATGG	normal	
BT1307_AGTAGTCGTGGTCTCG	normal	
BT1307_AGTAGTCGTTGAACTC	normal	
BT1307_AGTAGTCTCACTCCTG	normal	
BT1307_AGTAGTCTCGGGAGTA	normal	
BT1307_AGTAGTCTCTCACATT	normal	
BT1307_AGTAGTCTCTGGTATG	normal	
BT1307_AGTCTTTAGATCTGCT	normal	yes
BT1307_AGTCTTTAGCTGAAAT	tumor	
BT1307_AGTCTTTAGCTGGAAC	normal	
BT1307_AGTCTTTCAATGACCT	normal	
BT1307_AGTCTTTCACAGACAG	normal	
BT1307_AGTCTTTTCTGCCCTA	normal	
BT1307_AGTGAGGCAAGGGTCA	tumor	
BT1307_AGTGAGGGTAATTGGA	tumor	
BT1307_AGTGAGGTCAAACAAG	normal	
BT1307_AGTGAGGTCTAACTGG	tumor	
BT1307_AGTGAGGTCTGCAGTA	normal	
BT1307_AGTGGGAAGATCTGCT	normal	
BT1307_AGTGGGACACAACGTT	normal	
BT1307_AGTGGGAGTAGCGTGA	tumor	
BT1307_AGTGGGAGTATATGGA	normal	
BT1307_AGTGGGAGTCCCTTGT	normal	
BT1307_AGTGGGATCATGTCCC	normal	
BT1307_AGTGTCAAGAGACTTA	normal	
BT1307_AGTGTCAAGGAGCGAG	tumor	
BT1307_AGTGTCAAGGCACATG	normal	
BT1307_AGTGTCAAGTACTTGC	normal	
BT1307_AGTGTCAAGTTAAGTG	normal	
BT1307_AGTGTCACAACTTGAC	normal	
BT1307_AGTGTCACAGACAAGC	normal	
BT1307_AGTGTCACAGCTGTTA	normal	
BT1307_AGTGTCACATTGAGCT	normal	
BT1307_AGTGTCAGTATCGCAT	normal	
BT1307_AGTTGGTAGATCCGAG	normal	
BT1307_AGTTGGTAGCCGATTT	normal	
BT1307_AGTTGGTAGTCAAGGC	normal	
BT1307_AGTTGGTCACTTAAGC	normal	
BT1307_AGTTGGTGTCAGAAGC	normal	
BT1307_AGTTGGTGTCTTCGTC	normal	
BT1307_AGTTGGTGTGGTTTCA	normal	
BT1307_AGTTGGTTCCACTCCA	normal	
BT1307_AGTTGGTTCTCGCTTG	normal	
BT1307_ATAACGCAGCCAGGAT	normal	
BT1307_ATAACGCAGCTTTGGT	tumor	
BT1307_ATAAGAGAGCGTCTAT	normal	
BT1307_ATAAGAGCACGCATCG	normal	
BT1307_ATAAGAGGTGTGCGTC	normal	
BT1307_ATAAGAGTCTGATACG	normal	
BT1307_ATAGACCCAACTGCTA	normal	
BT1307_ATAGACCCAACTGGCC	normal	
BT1307_ATAGACCCACCGAAAG	normal	
BT1307_ATAGACCCAGCTGTTA	normal	
BT1307_ATAGACCCATCTCGCT	normal	
BT1307_ATAGACCGTCTAGGTT	normal	
BT1307_ATAGACCTCCCGGATG	normal	
BT1307_ATCACGAAGCTGATAA	normal	
BT1307_ATCACGAAGGGTTTCT	tumor	
BT1307_ATCACGAAGTACGATA	normal	
BT1307_ATCACGAAGTACTTGC	normal	
BT1307_ATCACGACAAAGGTGC	tumor	
BT1307_ATCACGACAAGCTGGA	normal	
BT1307_ATCACGAGTATCTGCA	normal	
BT1307_ATCACGAGTCGCGTGT	normal	
BT1307_ATCACGAGTCTCCACT	tumor	
BT1307_ATCACGATCAGCACAT	tumor	
BT1307_ATCACGATCAGCTGGC	normal	
BT1307_ATCATCTAGCCACGCT	normal	
BT1307_ATCATCTAGGATGTAT	normal	
BT1307_ATCATCTCACGGTAAG	normal	
BT1307_ATCATCTCAGACAAGC	normal	
BT1307_ATCATCTGTCCAGTGC	normal	
BT1307_ATCATCTTCTAACCGA	normal	
BT1307_ATCATGGAGAGTGACC	normal	
BT1307_ATCATGGCAAGACACG	normal	
BT1307_ATCATGGCATTACGAC	normal	
BT1307_ATCATGGTCAACTCTT	normal	
BT1307_ATCCACCCACGTAAGG	normal	
BT1307_ATCCACCCAGATCCAT	normal	
BT1307_ATCCACCGTACGCACC	normal	
BT1307_ATCCACCGTTCCACGG	normal	
BT1307_ATCCACCTCAGAAATG	normal	
BT1307_ATCCACCTCCGTTGCT	normal	
BT1307_ATCCACCTCGGAAACG	normal	
BT1307_ATCCGAAAGGTTACCT	normal	
BT1307_ATCCGAACACACTGCG	tumor	
BT1307_ATCCGAACAGCCTTTC	normal	
BT1307_ATCCGAACAGCTGGCT	normal	
BT1307_ATCCGAACATCTCCCA	normal	
BT1307_ATCCGAACATTAACCG	normal	
BT1307_ATCCGAAGTGCTAGCC	tumor	
BT1307_ATCCGAATCACCATAG	normal	
BT1307_ATCGAGTCAGATCTGT	normal	
BT1307_ATCGAGTGTACGCACC	normal	
BT1307_ATCGAGTGTGTGTGCC	tumor	
BT1307_ATCGAGTTCATGGTCA	normal	
BT1307_ATCGAGTTCTCAACTT	normal	
BT1307_ATCTACTAGAAGGGTA	normal	
BT1307_ATCTACTAGGACATTA	normal	
BT1307_ATCTACTAGTTTGCGT	normal	
BT1307_ATCTACTCAACAACCT	normal	
BT1307_ATCTACTCACCAGGCT	normal	
BT1307_ATCTACTCAGCGTAAG	normal	
BT1307_ATCTACTTCTCGCTTG	normal	
BT1307_ATCTGCCAGGCCCGTT	normal	
BT1307_ATCTGCCAGTATTGGA	normal	
BT1307_ATCTGCCCACACGCTG	normal	
BT1307_ATCTGCCCACACTGCG	normal	
BT1307_ATCTGCCCAGCCTATA	normal	
BT1307_ATCTGCCCATTCCTCG	normal	
BT1307_ATGAGGGAGTATTGGA	normal	
BT1307_ATGAGGGAGTTTGCGT	normal	
BT1307_ATGAGGGCACCACGTG	normal	
BT1307_ATGAGGGGTATGCTTG	normal	
BT1307_ATGAGGGGTCAGTGGA	normal	
BT1307_ATGAGGGGTGATGTGG	tumor	
BT1307_ATGAGGGTCACAATGC	normal	
BT1307_ATGAGGGTCGGCTACG	normal	
BT1307_ATGCGATAGAGTAATC	normal	
BT1307_ATGCGATAGATCCCGC	normal	
BT1307_ATGCGATGTACCATCA	normal	
BT1307_ATGCGATGTAGTAGTA	tumor	
BT1307_ATGCGATGTCACTGGC	normal	
BT1307_ATGCGATGTCCTCTTG	normal	
BT1307_ATGCGATGTCTGCGGT	normal	
BT1307_ATGCGATGTGACCAAG	tumor	
BT1307_ATGGGAGAGACCTAGG	normal	
BT1307_ATGGGAGAGCTAGCCC	tumor	
BT1307_ATGGGAGCAGACGCCT	normal	
BT1307_ATGGGAGCATCTCCCA	tumor	
BT1307_ATGGGAGTCGCTTGTC	normal	
BT1307_ATGGGAGTCTCCAACC	normal	
BT1307_ATGGGAGTCTGCTTGC	normal	
BT1307_ATGTGTGCACAACTGT	normal	
BT1307_ATGTGTGCACCCAGTG	tumor	
BT1307_ATGTGTGCATATACGC	normal	
BT1307_ATGTGTGCATGCCACG	normal	
BT1307_ATGTGTGGTACTCAAC	normal	
BT1307_ATGTGTGGTTCAGCGC	normal	
BT1307_ATGTGTGTCCCACTTG	normal	
BT1307_ATTACTCAGCTAGTTC	normal	
BT1307_ATTACTCCATGCATGT	normal	
BT1307_ATTACTCCATGTCTCC	normal	
BT1307_ATTACTCGTCTTGTCC	normal	
BT1307_ATTACTCTCGAGAGCA	normal	
BT1307_ATTACTCTCTGAGGGA	normal	
BT1307_ATTATCCAGACAGACC	normal	
BT1307_ATTATCCGTCGAAAGC	normal	
BT1307_ATTATCCGTCGTCTTC	normal	
BT1307_ATTCTACAGGCCCGTT	normal	
BT1307_ATTCTACCAGGGATTG	normal	
BT1307_ATTCTACCATGGAATA	normal	
BT1307_ATTCTACTCACCCTCA	normal	
BT1307_ATTCTACTCACCGTAA	normal	
BT1307_ATTCTACTCTCCAGGG	normal	
BT1307_ATTCTACTCTCTGAGA	normal	
BT1307_ATTCTACTCTTGCCGT	normal	
BT1307_ATTGGACAGAATAGGG	normal	
BT1307_ATTGGACAGCCGCCTA	normal	
BT1307_ATTGGACAGCTAAACA	normal	
BT1307_ATTGGACAGTCTCCTC	normal	
BT1307_ATTGGACGTCACCCAG	normal	
BT1307_ATTGGACTCGTTTATC	normal	
BT1307_ATTGGTGAGCCCAATT	normal	
BT1307_ATTGGTGAGCGCCTTG	normal	
BT1307_ATTGGTGAGGCAATTA	normal	
BT1307_ATTGGTGCAAACTGTC	normal	
BT1307_ATTGGTGCAATGAATG	normal	
BT1307_ATTGGTGGTAGAAAGG	normal	
BT1307_ATTGGTGGTCTCATCC	normal	
BT1307_ATTGGTGGTTACCAGT	normal	
BT1307_ATTGGTGTCCTCTAGC	normal	
BT1307_ATTTCTGCATCCTTGC	tumor	
BT1307_ATTTCTGCATTATCTC	normal	
BT1307_ATTTCTGGTGTGACGA	normal	
BT1307_ATTTCTGTCCGAAGAG	normal	
BT1307_ATTTCTGTCTTCATGT	normal	
BT1307_CAACCAAAGAAGCCCA	normal	yes
BT1307_CAACCAAAGACCGGAT	normal	
BT1307_CAACCAAAGAGCCTAG	normal	
BT1307_CAACCAACAACTTGAC	normal	
BT1307_CAACCAACAGTCGATT	normal	
BT1307_CAACCAAGTGATAAGT	normal	
BT1307_CAACCAATCTGGCGAC	normal	
BT1307_CAACCAATCTTCATGT	normal	
BT1307_CAACCTCAGTGAACGC	normal	
BT1307_CAACCTCAGTGTCCCG	normal	
BT1307_CAACCTCCAGATGAGC	normal	
BT1307_CAACCTCGTCAGTGGA	normal	
BT1307_CAACCTCGTTTGACTG	normal	
BT1307_CAACCTCTCACATAGC	normal	
BT1307_CAACCTCTCAGTCCCT	normal	
BT1307_CAACCTCTCATGCTCC	normal	
BT1307_CAACCTCTCCGAGCCA	normal	
BT1307_CAACCTCTCCTGTAGA	normal	
BT1307_CAACCTCTCTACTATC	normal	
BT1307_CAACCTCTCTAGCACA	tumor	
BT1307_CAACTAGAGAGATGAG	tumor	
BT1307_CAACTAGCAACGATGG	normal	
BT1307_CAACTAGCAAGTAATG	normal	
BT1307_CAACTAGGTCCAGTAT	normal	
BT1307_CAACTAGTCACTCCTG	normal	
BT1307_CAACTAGTCTGGCGTG	normal	
BT1307_CAACTAGTCTTTACGT	tumor	
BT1307_CAAGAAAAGGAGTAGA	normal	yes
BT1307_CAAGAAAAGGTCATCT	normal	
BT1307_CAAGAAACAGGATCGA	normal	
BT1307_CAAGAAACATCTGGTA	normal	
BT1307_CAAGAAACATTAGCCA	normal	
BT1307_CAAGAAAGTAGCGTCC	normal	
BT1307_CAAGAAAGTCTACCTC	normal	
BT1307_CAAGAAATCCTAGGGC	normal	
BT1307_CAAGAAATCCTGCCAT	tumor	
BT1307_CAAGAAATCTCACATT	normal	
BT1307_CAAGATCAGGCTAGGT	normal	
BT1307_CAAGATCCATTGGCGC	normal	
BT1307_CAAGATCGTCTACCTC	normal	
BT1307_CAAGGCCAGAAGGTTT	normal	
BT1307_CAAGGCCCAAGTCTGT	normal	
BT1307_CAAGTTGAGAAACGAG	tumor	
BT1307_CAAGTTGAGAGTAATC	normal	
BT1307_CAAGTTGAGCGTCTAT	normal	
BT1307_CAAGTTGAGGGATCTG	normal	
BT1307_CAAGTTGAGTGAACGC	normal	
BT1307_CAAGTTGCAGTTCATG	normal	
BT1307_CAAGTTGGTAAGTAGT	normal	
BT1307_CAAGTTGGTATTCTCT	normal	
BT1307_CAAGTTGGTCGCTTTC	normal	
BT1307_CAAGTTGGTGATGCCC	normal	
BT1307_CAAGTTGGTTGGACCC	normal	
BT1307_CAAGTTGGTTTAGGAA	normal	
BT1307_CACAAACAGAAGAAGC	tumor	
BT1307_CACAAACAGTCGCCGT	normal	
BT1307_CACAAACCACTGTCGG	normal	
BT1307_CACAAACGTAGCGTGA	tumor	
BT1307_CACACAACACCAGTTA	normal	
BT1307_CACACAACACTGTCGG	normal	
BT1307_CACACAACATATGCTG	normal	
BT1307_CACACAAGTACACCGC	normal	
BT1307_CACACAATCACCTTAT	normal	
BT1307_CACACAATCTGCTGCT	normal	
BT1307_CACACCTCAAGTCATC	normal	
BT1307_CACACCTCACCCATGG	normal	
BT1307_CACACCTGTCGCCATG	normal	
BT1307_CACACCTGTTAAGTAG	normal	
BT1307_CACACCTTCAGCTCTC	normal	
BT1307_CACACCTTCAGTCAGT	normal	
BT1307_CACACCTTCATGTAGC	normal	
BT1307_CACACCTTCCAGAGGA	normal	
BT1307_CACACTCAGACGACGT	normal	
BT1307_CACACTCAGCCCGAAA	normal	
BT1307_CACACTCAGCTGTCTA	normal	
BT1307_CACACTCCAAACTGCT	normal	
BT1307_CACACTCCACAACGTT	normal	
BT1307_CACACTCCAGTCACTA	normal	
BT1307_CACACTCTCAGCGATT	normal	
BT1307_CACACTCTCTCGATGA	normal	
BT1307_CACAGGCAGCGAAGGG	normal	
BT1307_CACAGGCAGGTACTCT	normal	
BT1307_CACAGGCCACAGGCCT	normal	
BT1307_CACAGGCCACCTGGTG	normal	
BT1307_CACAGGCCATGGGAAC	normal	
BT1307_CACAGGCCATTGTGCA	normal	
BT1307_CACAGGCGTACATGTC	normal	
BT1307_CACAGGCGTGAACCTT	normal	
BT1307_CACAGTAAGGTGGGTT	tumor	
BT1307_CACAGTACAATGGAAT	normal	
BT1307_CACAGTACACTTAACG	normal	
BT1307_CACAGTACATGCTGGC	normal	
BT1307_CACAGTAGTCCAGTAT	normal	
BT1307_CACAGTAGTGCAGACA	normal	
BT1307_CACAGTATCAGGTAAA	normal	
BT1307_CACATAGAGTGAACGC	normal	
BT1307_CACATAGAGTGGTCCC	normal	
BT1307_CACATAGGTCACCCAG	normal	
BT1307_CACATAGGTTCGCTAA	normal	
BT1307_CACATAGGTTGGGACA	normal	
BT1307_CACATAGTCTGCGTAA	tumor	
BT1307_CACATAGTCTTCCTTC	normal	
BT1307_CACATTTCAGCTTAAC	normal	
BT1307_CACATTTCATCCCATC	normal	
BT1307_CACATTTCATCTACGA	normal	
BT1307_CACATTTCATTCGACA	normal	
BT1307_CACATTTCATTTCACT	normal	
BT1307_CACATTTGTATCTGCA	normal	
BT1307_CACATTTGTTCACCTC	normal	
BT1307_CACATTTTCATCTGCC	normal	
BT1307_CACCACTCAAGTAATG	normal	
BT1307_CACCACTGTCCCTTGT	normal	
BT1307_CACCACTGTCTAGTCA	normal	
BT1307_CACCACTGTGCAGGTA	normal	
BT1307_CACCACTTCGACAGCC	normal	
BT1307_CACCACTTCGCAAACT	normal	
BT1307_CACCACTTCTGTCCGT	normal	
BT1307_CACCAGGAGTAGTGCG	normal	
BT1307_CACCAGGCAGTCAGAG	normal	
BT1307_CACCAGGCATCACCCT	normal	
BT1307_CACCAGGGTCTAGAGG	normal	
BT1307_CACCAGGGTTAAAGTG	normal	
BT1307_CACCAGGTCACCTTAT	normal	
BT1307_CACCTTGAGAAGCCCA	normal	
BT1307_CACCTTGCAAATCCGT	normal	
BT1307_CACCTTGCAAGCTGGA	tumor	
BT1307_CACCTTGCACATCTTT	normal	
BT1307_CACCTTGCACGGACAA	normal	
BT1307_CACCTTGCAGACGTAG	normal	
BT1307_CACCTTGCAGCTGCAC	normal	
BT1307_CACCTTGGTATATGAG	normal	
BT1307_CACCTTGGTTCGTGAT	normal	
BT1307_CACCTTGTCCTCAATT	normal	yes
BT1307_CACTCCAAGAGTACAT	normal	
BT1307_CACTCCAAGAGTCGGT	normal	
BT1307_CACTCCAAGGTGGGTT	normal	
BT1307_CACTCCAAGTCCTCCT	normal	
BT1307_CACTCCACACATCTTT	normal	
BT1307_CACTCCACACGACTCG	normal	
BT1307_CACTCCACATGAACCT	normal	
BT1307_CACTCCAGTAACGACG	normal	
BT1307_CACTCCAGTGCCTGCA	tumor	
BT1307_CACTCCAGTGTTTGGT	normal	
BT1307_CACTCCATCCATGCTC	normal	
BT1307_CACTCCATCTACTTAC	normal	
BT1307_CAGAATCCACCCATTC	normal	
BT1307_CAGAATCCACGGATAG	normal	
BT1307_CAGAATCCATGACATC	normal	
BT1307_CAGAATCGTACCGAGA	normal	
BT1307_CAGAATCTCAAACCAC	normal	
BT1307_CAGAATCTCACGCGGT	tumor	
BT1307_CAGAATCTCCGTAGTA	tumor	
BT1307_CAGAATCTCGAACTGT	normal	
BT1307_CAGAATCTCGGTGTTA	tumor	
BT1307_CAGAATCTCGTAGATC	tumor	
BT1307_CAGAATCTCTTCATGT	normal	
BT1307_CAGAGAGCATCACAAC	normal	
BT1307_CAGAGAGGTAAATGTG	normal	
BT1307_CAGAGAGTCATCTGCC	normal	
BT1307_CAGAGAGTCTGAAAGA	normal	
BT1307_CAGAGAGTCTGATTCT	normal	
BT1307_CAGATCAGTGTTTGGT	normal	
BT1307_CAGATCAGTTAAGTAG	normal	
BT1307_CAGATCATCTCGTTTA	normal	
BT1307_CAGCAGCAGAGAGCTC	normal	
BT1307_CAGCAGCCAAAGGAAG	normal	
BT1307_CAGCAGCCACCAGTTA	normal	
BT1307_CAGCAGCCATTTGCCC	normal	
BT1307_CAGCAGCGTTACGTCA	normal	
BT1307_CAGCAGCTCCAAACTG	normal	
BT1307_CAGCAGCTCTCGAGTA	normal	
BT1307_CAGCATAAGATGTGTA	tumor	
BT1307_CAGCATAAGCTAGTTC	normal	
BT1307_CAGCATACAAGCGTAG	normal	
BT1307_CAGCATAGTCCTCTTG	normal	
BT1307_CAGCATAGTTTACTCT	normal	
BT1307_CAGCATATCACTTATC	normal	
BT1307_CAGCATATCCCTTGTG	normal	
BT1307_CAGCATATCGCCAAAT	normal	
BT1307_CAGCATATCGCCAGCA	normal	
BT1307_CAGCCGAAGCCCGAAA	normal	
BT1307_CAGCCGAAGGCTCATT	normal	
BT1307_CAGCCGAAGGTGTGGT	normal	
BT1307_CAGCCGAAGTGGAGTC	normal	
BT1307_CAGCCGAAGTTACGGG	normal	
BT1307_CAGCCGATCACCGTAA	tumor	
BT1307_CAGCCGATCCACGAAT	normal	
BT1307_CAGCCGATCTGTTTGT	normal	
BT1307_CAGCGACAGGCCCTTG	normal	
BT1307_CAGCGACAGTTGTAGA	normal	
BT1307_CAGCGACCATCACCCT	normal	
BT1307_CAGCGACGTTCGGCAC	normal	
BT1307_CAGCGACTCCGTTGCT	normal	
BT1307_CAGCGACTCTGTTTGT	normal	
BT1307_CAGCTAAAGATGGCGT	normal	
BT1307_CAGCTAAAGGTAGCTG	normal	
BT1307_CAGCTAACATAGACTC	normal	
BT1307_CAGCTAAGTCTCTTTA	normal	
BT1307_CAGCTAAGTGTCAATC	normal	
BT1307_CAGCTAAGTGTTAAGA	tumor	
BT1307_CAGCTAATCACAGTAC	normal	
BT1307_CAGCTGGAGAAGGCCT	normal	
BT1307_CAGCTGGAGTGTTAGA	normal	
BT1307_CAGCTGGGTAAACCTC	normal	
BT1307_CAGCTGGGTCTAGTGT	normal	
BT1307_CAGCTGGGTTGGTTTG	normal	
BT1307_CAGGTGCAGCACAGGT	normal	
BT1307_CAGGTGCAGTGCTGCC	normal	
BT1307_CAGGTGCAGTGGTAGC	normal	
BT1307_CAGGTGCCAGCCTTGG	normal	
BT1307_CAGGTGCGTAAAGGAG	normal	
BT1307_CAGGTGCGTCGCTTTC	normal	
BT1307_CAGGTGCGTTAGAACA	normal	
BT1307_CAGTAACAGCAGATCG	normal	
BT1307_CAGTAACAGTGTCCAT	normal	
BT1307_CAGTAACCAAGCGTAG	normal	
BT1307_CAGTAACCACAGGTTT	normal	
BT1307_CAGTAACCATCTACGA	normal	yes
BT1307_CAGTAACCATGAACCT	normal	
BT1307_CAGTAACTCACAATGC	normal	
BT1307_CAGTCCTAGAGTACAT	normal	
BT1307_CAGTCCTCACCAGATT	normal	
BT1307_CAGTCCTGTAGGGTAC	normal	
BT1307_CAGTCCTGTTTAAGCC	normal	
BT1307_CAGTCCTTCATCGCTC	normal	
BT1307_CAGTCCTTCCCATTTA	normal	
BT1307_CATATGGAGTCCGGTC	normal	
BT1307_CATATGGAGTCGTACT	normal	
BT1307_CATATGGCAGATGAGC	tumor	
BT1307_CATATGGGTATGAATG	normal	
BT1307_CATATGGGTCAGAAGC	normal	
BT1307_CATATGGTCCAAAGTC	normal	
BT1307_CATATGGTCGCAGGCT	normal	
BT1307_CATATTCAGCGACGTA	normal	
BT1307_CATATTCAGCTAGTGG	normal	
BT1307_CATATTCCAATCGAAA	normal	
BT1307_CATATTCCAGCCTATA	normal	
BT1307_CATATTCGTAAATGTG	normal	
BT1307_CATATTCGTCCAGTTA	normal	
BT1307_CATATTCTCAGCACAT	normal	
BT1307_CATATTCTCTGTCCGT	normal	
BT1307_CATATTCTCTGTGCAA	tumor	
BT1307_CATCAAGAGATCTGCT	normal	
BT1307_CATCAAGAGTACGCGA	normal	
BT1307_CATCAAGAGTATCGAA	normal	
BT1307_CATCAAGCACCGAATT	normal	
BT1307_CATCAAGCACGAAACG	normal	
BT1307_CATCAAGCACGTAAGG	normal	
BT1307_CATCAAGCATTATCTC	normal	
BT1307_CATCAAGTCATACGGT	normal	
BT1307_CATCAAGTCGGACAAG	normal	
BT1307_CATCAAGTCGGTTAAC	normal	
BT1307_CATCAAGTCTTACCGC	normal	
BT1307_CATCAGAAGGATCGCA	normal	
BT1307_CATCAGACACAGATTC	normal	
BT1307_CATCAGAGTGCGGTAA	normal	
BT1307_CATCAGATCCGTCAAA	tumor	
BT1307_CATCCACCACACATGT	normal	
BT1307_CATCCACCACGGTGTC	normal	
BT1307_CATCCACGTCGCTTTC	normal	
BT1307_CATCCACGTGGTACAG	tumor	
BT1307_CATCCACTCTTAACCT	normal	
BT1307_CATCGAAAGAATAGGG	normal	
BT1307_CATCGAAAGATGTGTA	normal	
BT1307_CATCGAAAGGTGCACA	normal	
BT1307_CATCGAATCTCGCTTG	normal	
BT1307_CATCGGGAGAACTCGG	normal	
BT1307_CATCGGGAGCAACGGT	normal	
BT1307_CATCGGGAGCCATCGC	normal	
BT1307_CATCGGGCAAGTTAAG	tumor	
BT1307_CATCGGGCACGGACAA	normal	
BT1307_CATCGGGCAGCTTCGG	normal	
BT1307_CATCGGGCAGGAATCG	normal	
BT1307_CATCGGGGTCCGAAGA	normal	
BT1307_CATCGGGTCCGATATG	normal	
BT1307_CATCGGGTCCTTGCCA	normal	
BT1307_CATCGGGTCGCCCTTA	tumor	
BT1307_CATGACAAGACTGTAA	normal	
BT1307_CATGACACACATGGGA	normal	
BT1307_CATGACAGTATGCTTG	normal	
BT1307_CATGACAGTGGCGAAT	tumor	
BT1307_CATGCCTAGAGCTTCT	normal	
BT1307_CATGCCTAGTACGACG	normal	
BT1307_CATGCCTAGTGTCCAT	tumor	
BT1307_CATGCCTAGTGTCCCG	normal	
BT1307_CATGCCTCATTTGCCC	tumor	
BT1307_CATGCCTGTTATCACG	normal	
BT1307_CATGCCTTCGGACAAG	normal	
BT1307_CATGCCTTCTGCAGTA	normal	
BT1307_CATGGCGAGTGCCATT	normal	
BT1307_CATGGCGCAATTCCTT	tumor	
BT1307_CATGGCGCATGGTCTA	normal	
BT1307_CATGGCGTCCGTTGCT	tumor	
BT1307_CATGGCGTCTTTCCTC	normal	
BT1307_CATTATCAGGAATGGA	normal	
BT1307_CATTATCAGGGATCTG	normal	
BT1307_CATTATCAGTTTCCTT	normal	
BT1307_CATTATCCACAGCCCA	normal	
BT1307_CATTATCTCAGGCGAA	normal	
BT1307_CATTATCTCGATAGAA	normal	
BT1307_CATTCGCAGTCTTGCA	normal	
BT1307_CATTCGCAGTGTACGG	normal	
BT1307_CATTCGCCATGCAACT	normal	
BT1307_CATTCGCGTGTGGTTT	normal	
BT1307_CATTCGCGTTCCGTCT	normal	
BT1307_CATTCGCTCAGCTGGC	normal	
BT1307_CCAATCCAGATCCCGC	normal	
BT1307_CCAATCCAGATGAGAG	normal	
BT1307_CCAATCCCAGTCGTGC	normal	
BT1307_CCAATCCGTGACTACT	normal	
BT1307_CCAATCCGTTGACGTT	normal	
BT1307_CCAATCCTCACATAGC	normal	yes
BT1307_CCAATCCTCCTCATTA	normal	
BT1307_CCACCTAAGCCAGGAT	tumor	
BT1307_CCACCTAAGCGATAGC	normal	
BT1307_CCACCTAAGGCCCTCA	normal	
BT1307_CCACCTACAGGAACGT	normal	
BT1307_CCACCTACATGGGAAC	normal	
BT1307_CCACCTACATGTCCTC	normal	
BT1307_CCACCTAGTCAAAGCG	normal	
BT1307_CCACCTAGTGTGCGTC	normal	
BT1307_CCACCTAGTTCGCTAA	tumor	
BT1307_CCACCTATCGCCCTTA	normal	
BT1307_CCACCTATCTTACCGC	normal	
BT1307_CCACGGAAGGGCTTGA	normal	
BT1307_CCACGGACAGTAAGAT	normal	
BT1307_CCACGGAGTAATCACC	normal	
BT1307_CCACGGAGTGAGGGAG	normal	
BT1307_CCACGGAGTGTGCCTG	normal	
BT1307_CCACGGAGTTCCACGG	normal	
BT1307_CCACGGATCACCACCT	normal	
BT1307_CCACGGATCAGTCCCT	normal	
BT1307_CCACTACAGTCCAGGA	tumor	
BT1307_CCACTACAGTTGCAGG	normal	
BT1307_CCACTACCATACCATG	normal	
BT1307_CCACTACGTAATAGCA	normal	
BT1307_CCACTACGTATGGTTC	normal	
BT1307_CCACTACGTGTCAATC	normal	
BT1307_CCACTACTCCTTCAAT	tumor	
BT1307_CCAGCGAAGACAGGCT	normal	
BT1307_CCAGCGAAGAGGTTAT	normal	
BT1307_CCAGCGAAGTTTGCGT	normal	
BT1307_CCAGCGACAAGGCTCC	normal	
BT1307_CCAGCGACACTCTGTC	normal	
BT1307_CCAGCGATCACATGCA	normal	
BT1307_CCAGCGATCCGAAGAG	normal	
BT1307_CCAGCGATCTGTGCAA	normal	
BT1307_CCATGTCAGATGTGGC	normal	
BT1307_CCATGTCAGGCCCGTT	normal	
BT1307_CCATGTCAGGGCACTA	tumor	
BT1307_CCATGTCCAGGGATTG	normal	
BT1307_CCATGTCCATCCTTGC	normal	
BT1307_CCATGTCGTCGCCATG	normal	
BT1307_CCATGTCGTTAAGACA	normal	
BT1307_CCATGTCTCGTAGATC	normal	
BT1307_CCATGTCTCTCTTATG	tumor	
BT1307_CCATTCGCAGCTTAAC	normal	
BT1307_CCATTCGTCAGTTAGC	normal	
BT1307_CCATTCGTCTAACCGA	normal	
BT1307_CCCAATCAGACACTAA	normal	
BT1307_CCCAATCCACTCTGTC	normal	
BT1307_CCCAATCGTCTTCAAG	normal	
BT1307_CCCAATCGTGTGAAAT	normal	
BT1307_CCCAATCGTTCGTCTC	normal	
BT1307_CCCAATCTCCAAATGC	normal	
BT1307_CCCAATCTCGTGACAT	normal	
BT1307_CCCAGTTAGATCCCAT	normal	
BT1307_CCCAGTTAGATGTGGC	tumor	
BT1307_CCCAGTTCAAGAAAGG	normal	
BT1307_CCCAGTTCACCGGAAA	normal	
BT1307_CCCAGTTCACTACAGT	normal	
BT1307_CCCAGTTCACTCTGTC	normal	
BT1307_CCCAGTTGTACAGTGG	normal	
BT1307_CCCAGTTGTAGCGCTC	normal	
BT1307_CCCAGTTGTATTAGCC	normal	
BT1307_CCCAGTTTCAAACAAG	normal	
BT1307_CCCAGTTTCATACGGT	normal	
BT1307_CCCATACAGGTGACCA	normal	
BT1307_CCCATACAGGTGTTAA	normal	
BT1307_CCCATACCAGGACGTA	normal	
BT1307_CCCATACCATTTCAGG	normal	
BT1307_CCCATACGTGAAGGCT	normal	
BT1307_CCCATACGTTAAGACA	normal	yes
BT1307_CCCATACTCTGCTGCT	tumor	
BT1307_CCCTCCTAGAAACCAT	normal	
BT1307_CCCTCCTAGCTCCCAG	normal	
BT1307_CCCTCCTCAGGAACGT	normal	
BT1307_CCCTCCTCATGAAGTA	normal	
BT1307_CCCTCCTGTCAACTGT	normal	
BT1307_CCCTCCTTCACCGGGT	normal	
BT1307_CCCTCCTTCCAAGCCG	normal	
BT1307_CCCTCCTTCTGCTGTC	tumor	
BT1307_CCGGGATAGAGGTTGC	normal	
BT1307_CCGGGATAGGGTTCCC	tumor	
BT1307_CCGGGATCACCCAGTG	normal	
BT1307_CCGGGATCATTGGCGC	tumor	
BT1307_CCGGGATGTCATGCCG	normal	
BT1307_CCGGGATTCACCACCT	normal	
BT1307_CCGGGATTCGTACGGC	normal	
BT1307_CCGGTAGAGAAACCAT	tumor	
BT1307_CCGGTAGAGAGGGCTT	normal	
BT1307_CCGGTAGAGGAATGGA	normal	
BT1307_CCGGTAGGTACGACCC	normal	
BT1307_CCGGTAGGTTGGTAAA	normal	
BT1307_CCGGTAGTCACTTCAT	normal	
BT1307_CCGTACTAGATCTGCT	normal	
BT1307_CCGTACTAGTTAAGTG	normal	
BT1307_CCGTACTCACAGAGGT	normal	
BT1307_CCGTACTGTGAGCGAT	normal	
BT1307_CCGTACTTCGGAGGTA	normal	
BT1307_CCGTACTTCTGCGGCA	normal	
BT1307_CCGTACTTCTTAGAGC	normal	
BT1307_CCGTGGAAGAGGGATA	normal	
BT1307_CCGTGGACAATGGACG	normal	
BT1307_CCGTGGACACGGTAAG	normal	
BT1307_CCGTGGATCAAACGGG	normal	
BT1307_CCGTGGATCCGCTGTT	normal	
BT1307_CCGTGGATCCTCATTA	normal	
BT1307_CCGTTCAAGTGGAGAA	normal	
BT1307_CCGTTCACACCAGGTC	normal	
BT1307_CCGTTCACAGTAAGAT	normal	
BT1307_CCGTTCAGTCAAGCGA	normal	
BT1307_CCGTTCATCGGGAGTA	normal	
BT1307_CCTAAAGAGGAATCGC	normal	
BT1307_CCTAAAGCACCGTTGG	normal	
BT1307_CCTAAAGCATCGATGT	tumor	
BT1307_CCTAAAGGTCTCCCTA	normal	
BT1307_CCTAAAGGTTAGTGGG	normal	
BT1307_CCTAAAGGTTATGTGC	normal	
BT1307_CCTACACAGAAAGTGG	normal	
BT1307_CCTACACAGGAGTTGC	normal	
BT1307_CCTACACTCAGTGCAT	normal	
BT1307_CCTACACTCTTCGAGA	normal	
BT1307_CCTACCAAGAATCTCC	normal	
BT1307_CCTACCAAGCTAGTGG	normal	
BT1307_CCTACCAAGTGTTAGA	normal	yes
BT1307_CCTACCAGTAAAGTCA	normal	
BT1307_CCTACCAGTACCGTTA	normal	
BT1307_CCTACCAGTTGATTCG	normal	
BT1307_CCTACCATCACAATGC	normal	
BT1307_CCTACCATCTATCCCG	normal	
BT1307_CCTAGCTAGAGACGAA	normal	
BT1307_CCTAGCTAGAGTCTGG	tumor	
BT1307_CCTAGCTAGCGCTTAT	normal	
BT1307_CCTAGCTAGCTCAACT	normal	
BT1307_CCTAGCTCAACCGCCA	normal	
BT1307_CCTAGCTCACAGCCCA	normal	
BT1307_CCTAGCTCAGGATTGG	normal	
BT1307_CCTAGCTCAGGTCGTC	tumor	
BT1307_CCTAGCTGTAAGAGGA	normal	
BT1307_CCTAGCTGTATAGGTA	tumor	
BT1307_CCTAGCTTCACAAACC	tumor	
BT1307_CCTAGCTTCGATAGAA	normal	
BT1307_CCTATTAAGATCCCAT	normal	
BT1307_CCTATTAAGCACACAG	normal	
BT1307_CCTATTAAGTACGTTC	normal	
BT1307_CCTATTAGTCATGCAT	tumor	
BT1307_CCTATTAGTCCAGTTA	normal	
BT1307_CCTATTAGTCTCCACT	tumor	
BT1307_CCTATTAGTTGGTAAA	normal	
BT1307_CCTATTATCTTGCATT	normal	
BT1307_CCTCAGTAGACACTAA	normal	
BT1307_CCTCAGTAGCGAAGGG	normal	
BT1307_CCTCAGTAGTTCGCGC	normal	
BT1307_CCTCAGTCACAGTCGC	normal	
BT1307_CCTCAGTCATATACGC	normal	
BT1307_CCTCAGTGTCAGATAA	normal	
BT1307_CCTCAGTTCAAACCGT	tumor	
BT1307_CCTCAGTTCTTCAACT	normal	
BT1307_CCTCTGACAAGTTAAG	normal	
BT1307_CCTCTGACAATCGAAA	normal	
BT1307_CCTCTGACATTGTGCA	normal	
BT1307_CCTCTGAGTCCTCTTG	normal	
BT1307_CCTCTGAGTCGAAAGC	normal	
BT1307_CCTCTGATCATTCACT	normal	
BT1307_CCTCTGATCTAAGCCA	normal	
BT1307_CCTTACGAGCCAGTTT	normal	
BT1307_CCTTACGAGCCTTGAT	normal	
BT1307_CCTTACGCAAACTGTC	normal	
BT1307_CCTTACGCAGGCAGTA	normal	
BT1307_CCTTACGGTGGTACAG	normal	
BT1307_CCTTACGGTGTCAATC	normal	
BT1307_CCTTACGGTTATCACG	normal	
BT1307_CCTTACGGTTTCGCTC	normal	
BT1307_CCTTACGTCCATGCTC	normal	
BT1307_CCTTACGTCGCCGTGA	normal	
BT1307_CCTTACGTCTCTAGGA	normal	
BT1307_CCTTCCCAGCGTGAAC	normal	
BT1307_CCTTCCCAGGTACTCT	normal	
BT1307_CCTTCCCAGGTGCACA	normal	
BT1307_CCTTCCCCATGGGAAC	normal	
BT1307_CCTTCCCGTAATCACC	normal	
BT1307_CCTTCCCGTCTCCCTA	normal	
BT1307_CCTTCCCGTGCACTTA	normal	
BT1307_CCTTCCCTCAGTACGT	normal	
BT1307_CCTTCCCTCCGCATAA	normal	
BT1307_CCTTCCCTCTACTCAT	normal	
BT1307_CCTTCCCTCTGCGACG	tumor	
BT1307_CCTTCGAAGGTGATTA	normal	
BT1307_CCTTCGACAATGTTGC	normal	
BT1307_CCTTCGACAGCGTTCG	normal	
BT1307_CCTTCGACAGCTGGCT	tumor	
BT1307_CCTTCGATCATCGGAT	normal	
BT1307_CCTTCGATCTGCTGTC	normal	
BT1307_CCTTTCTAGACAAAGG	normal	
BT1307_CCTTTCTAGCTCAACT	normal	
BT1307_CCTTTCTAGGCAGGTT	normal	
BT1307_CCTTTCTAGGCATGTG	tumor	
BT1307_CCTTTCTAGTGAAGTT	tumor	
BT1307_CCTTTCTCAAACCCAT	normal	
BT1307_CCTTTCTCACAGAGGT	normal	
BT1307_CCTTTCTCACATTTCT	normal	
BT1307_CCTTTCTCACGAGGTA	normal	
BT1307_CCTTTCTGTCTAGTGT	normal	
BT1307_CCTTTCTTCGATAGAA	normal	
BT1307_CCTTTCTTCTCCTATA	normal	
BT1307_CCTTTCTTCTCGAGTA	normal	
BT1307_CCTTTCTTCTGCTGTC	normal	
BT1307_CGAACATAGTAGGTGC	normal	
BT1307_CGAACATCACCTATCC	normal	
BT1307_CGAACATGTCCTGCTT	normal	
BT1307_CGAACATTCGCGATCG	normal	
BT1307_CGAACATTCGTGACAT	normal	
BT1307_CGAATGTAGCAGGCTA	normal	
BT1307_CGAATGTAGCGACGTA	normal	
BT1307_CGAATGTAGTCATGCT	normal	
BT1307_CGAATGTCAAATACAG	normal	
BT1307_CGAATGTCAAGGACTG	normal	
BT1307_CGAATGTCACAGCCCA	normal	
BT1307_CGAATGTCACCATGTA	normal	
BT1307_CGAATGTCAGTCAGAG	normal	
BT1307_CGAATGTCATCGGTTA	tumor	
BT1307_CGAATGTTCAACACAC	normal	
BT1307_CGAATGTTCATTATCC	normal	
BT1307_CGAATGTTCCAGGGCT	normal	
BT1307_CGACCTTGTCCAAGTT	normal	
BT1307_CGACCTTGTGGTCTCG	normal	
BT1307_CGACCTTGTTCAACCA	normal	
BT1307_CGACCTTGTTGTACAC	normal	
BT1307_CGACCTTTCATTGCCC	tumor	
BT1307_CGACCTTTCCCGGATG	normal	
BT1307_CGACCTTTCGTTGCCT	normal	
BT1307_CGACTTCAGATGGCGT	normal	
BT1307_CGACTTCAGCAACGGT	normal	
BT1307_CGACTTCAGTTGAGAT	normal	
BT1307_CGACTTCCAGCCAATT	normal	
BT1307_CGACTTCCATCATCCC	normal	
BT1307_CGACTTCGTAATAGCA	normal	
BT1307_CGACTTCTCACCCGAG	normal	
BT1307_CGACTTCTCCTCAACC	normal	
BT1307_CGACTTCTCGTAGGAG	normal	
BT1307_CGACTTCTCTGACCTC	normal	
BT1307_CGAGAAGAGGGTGTGT	normal	
BT1307_CGAGAAGAGGTTACCT	normal	
BT1307_CGAGAAGAGTCCCACG	normal	
BT1307_CGAGAAGCATATACGC	normal	
BT1307_CGAGAAGGTACATGTC	normal	
BT1307_CGAGAAGGTACGAAAT	normal	
BT1307_CGAGAAGGTGGTGTAG	normal	
BT1307_CGAGAAGTCAACTCTT	normal	
BT1307_CGAGAAGTCACAAACC	normal	
BT1307_CGAGAAGTCCCTAATT	normal	
BT1307_CGAGCACAGCCCAGCT	normal	
BT1307_CGAGCACAGCTTCGCG	normal	
BT1307_CGAGCACCAAGCCCAC	tumor	
BT1307_CGAGCACCAAGCGATG	normal	
BT1307_CGAGCACCAGCGAACA	normal	
BT1307_CGAGCACGTAAGTTCC	normal	
BT1307_CGAGCACGTCATATGC	normal	
BT1307_CGAGCACGTGCACTTA	normal	
BT1307_CGAGCCAAGGGATGGG	tumor	
BT1307_CGAGCCAAGTGTCCCG	normal	
BT1307_CGAGCCACACCCATTC	normal	
BT1307_CGAGCCACAGATGAGC	normal	
BT1307_CGAGCCACATGTCTCC	tumor	
BT1307_CGAGCCAGTATCGCAT	normal	
BT1307_CGAGCCAGTATTCGTG	normal	
BT1307_CGAGCCATCATGTCCC	normal	
BT1307_CGAGCCATCCAGAGGA	normal	
BT1307_CGATCGGAGAGACGAA	normal	
BT1307_CGATCGGAGATGTGGC	normal	
BT1307_CGATCGGGTTAAGGGC	normal	
BT1307_CGATCGGTCGTTACAG	normal	
BT1307_CGATGGCAGACGACGT	normal	
BT1307_CGATGGCAGAGTCTGG	normal	
BT1307_CGATGGCAGTGCAAGC	tumor	
BT1307_CGATGGCCAATAGAGT	normal	
BT1307_CGATGGCCATATGAGA	normal	
BT1307_CGATGGCGTATCGCAT	normal	
BT1307_CGATGGCGTGTTGGGA	normal	
BT1307_CGATGTAAGAGACTTA	tumor	
BT1307_CGATGTAAGCTAAGAT	normal	
BT1307_CGATGTAAGGTGCAAC	normal	
BT1307_CGATGTACACATTAGC	normal	
BT1307_CGATGTACACTCTGTC	normal	
BT1307_CGATGTAGTCTTCAAG	normal	
BT1307_CGATGTATCAGCATGT	normal	
BT1307_CGATGTATCGTTACGA	normal	
BT1307_CGATGTATCTCGATGA	normal	
BT1307_CGATTGAAGGTCGGAT	normal	
BT1307_CGATTGAAGTAACCCT	normal	
BT1307_CGATTGAGTCACCTAA	normal	
BT1307_CGATTGAGTCCTGCTT	normal	
BT1307_CGATTGATCAAAGACA	normal	
BT1307_CGCCAAGCAAGACACG	normal	
BT1307_CGCCAAGCAGGCTCAC	normal	
BT1307_CGCCAAGCAGTTTACG	normal	
BT1307_CGCCAAGCATGTCCTC	normal	
BT1307_CGCCAAGGTCTAACGT	normal	
BT1307_CGCCAAGGTTATGCGT	normal	
BT1307_CGCCAAGTCGTTGCCT	normal	
BT1307_CGCGGTACACCACCAG	tumor	
BT1307_CGCGGTACAGACACTT	normal	
BT1307_CGCGGTAGTTCAGGCC	normal	
BT1307_CGCGGTAGTTGATTGC	normal	
BT1307_CGCGGTATCATCTGTT	normal	
BT1307_CGCGGTATCTGTCTAT	normal	yes
BT1307_CGCGTTTAGGGCTCTC	normal	
BT1307_CGCGTTTAGTATTGGA	normal	
BT1307_CGCGTTTAGTGGGTTG	normal	
BT1307_CGCGTTTCAAATTGCC	normal	
BT1307_CGCGTTTCACATCTTT	normal	
BT1307_CGCGTTTCATCCTAGA	normal	
BT1307_CGCGTTTTCAGCTCGG	normal	
BT1307_CGCGTTTTCTACCAGA	normal	
BT1307_CGCTATCAGAGCTGCA	normal	
BT1307_CGCTATCAGCAATATG	normal	
BT1307_CGCTATCAGCTAACTC	normal	
BT1307_CGCTATCCAAGACGTG	normal	
BT1307_CGCTATCCATCATCCC	normal	
BT1307_CGCTATCGTAGAAAGG	normal	
BT1307_CGCTATCTCGTCTGCT	tumor	
BT1307_CGCTGGAAGACAATAC	normal	
BT1307_CGCTGGAAGAGTGACC	normal	
BT1307_CGCTGGAAGATCGGGT	tumor	
BT1307_CGCTGGAAGTCGATAA	tumor	
BT1307_CGCTGGAAGTGTCCAT	normal	
BT1307_CGCTGGAAGTTAAGTG	normal	
BT1307_CGCTGGACAACTGGCC	normal	
BT1307_CGCTGGACATAGAAAC	normal	
BT1307_CGCTGGAGTCGAGATG	normal	
BT1307_CGCTGGATCAACACTG	normal	
BT1307_CGCTGGATCGGCATCG	normal	
BT1307_CGCTTCAAGACTAGGC	normal	
BT1307_CGCTTCAAGATGAGAG	normal	
BT1307_CGCTTCAAGCCATCGC	normal	
BT1307_CGCTTCAAGCGTGTCC	normal	
BT1307_CGCTTCAAGTGCTGCC	normal	
BT1307_CGCTTCAGTAAGGGAA	normal	
BT1307_CGCTTCATCATTGCGA	normal	
BT1307_CGCTTCATCCGTAGTA	normal	
BT1307_CGCTTCATCCTAGGGC	normal	
BT1307_CGGACACAGGGATGGG	normal	
BT1307_CGGACACCACATTCGA	normal	
BT1307_CGGACACCATAACCTG	tumor	
BT1307_CGGACACCATCACGAT	normal	
BT1307_CGGACACTCAAGGCTT	normal	
BT1307_CGGACACTCGGAGCAA	normal	
BT1307_CGGACACTCTGTTTGT	normal	
BT1307_CGGACGTAGATTACCC	normal	
BT1307_CGGACGTCAAGGTTCT	normal	
BT1307_CGGACGTCACGCTTTC	normal	
BT1307_CGGACGTTCGTGACAT	normal	
BT1307_CGGACGTTCTCGGACG	normal	
BT1307_CGGACTGAGAGCTATA	normal	
BT1307_CGGACTGAGTGTTTGC	normal	
BT1307_CGGACTGAGTTCGATC	normal	
BT1307_CGGACTGCAGCCTATA	normal	
BT1307_CGGACTGGTACCCAAT	normal	
BT1307_CGGACTGGTCCTGCTT	normal	
BT1307_CGGACTGTCCTAGAAC	normal	
BT1307_CGGAGCTAGGCTCAGA	tumor	
BT1307_CGGAGCTCAGATGGGT	normal	
BT1307_CGGAGCTGTCGTCTTC	normal	
BT1307_CGGAGCTGTTGTACAC	normal	
BT1307_CGGAGCTTCCACTGGG	normal	
BT1307_CGGAGCTTCTATCCTA	normal	
BT1307_CGGAGTCAGACGCACA	normal	
BT1307_CGGAGTCAGTAGCCGA	normal	
BT1307_CGGAGTCCAGCTGGCT	normal	
BT1307_CGGAGTCCAGTCCTTC	normal	
BT1307_CGGAGTCGTCACTGGC	normal	
BT1307_CGGAGTCGTGTGCCTG	normal	
BT1307_CGGCTAGAGAAACCTA	normal	
BT1307_CGGCTAGAGAATTCCC	normal	
BT1307_CGGCTAGAGGCAAAGA	normal	
BT1307_CGGCTAGCATTGTGCA	normal	
BT1307_CGGCTAGGTTGGTGGA	normal	
BT1307_CGGCTAGTCGTCGTTC	normal	
BT1307_CGGGTCAAGCGTCTAT	normal	
BT1307_CGGGTCACACCACCAG	normal	
BT1307_CGGGTCACAGCTGTTA	normal	
BT1307_CGGGTCAGTCAGAGGT	tumor	
BT1307_CGGGTCAGTCTTCGTC	normal	yes
BT1307_CGGGTCATCAACGGCC	normal	
BT1307_CGGGTCATCCTCTAGC	normal	
BT1307_CGGTTAACACATGACT	normal	
BT1307_CGGTTAACACGCATCG	normal	
BT1307_CGGTTAACACGGTAAG	normal	
BT1307_CGGTTAACACTCTGTC	normal	
BT1307_CGGTTAAGTAAATGTG	normal	
BT1307_CGGTTAAGTCAGAAGC	normal	
BT1307_CGGTTAAGTCTAGCGC	tumor	
BT1307_CGGTTAAGTGTTCGAT	normal	
BT1307_CGGTTAATCACTCTTA	normal	
BT1307_CGTAGCGCACGCTTTC	normal	
BT1307_CGTAGCGCATTCTCAT	normal	
BT1307_CGTAGCGGTAACGTTC	normal	
BT1307_CGTAGCGGTCAACATC	normal	
BT1307_CGTAGCGTCCGCAGTG	normal	
BT1307_CGTAGGCAGGCTCTTA	tumor	
BT1307_CGTAGGCAGTAAGTAC	normal	
BT1307_CGTAGGCCAAATACAG	normal	
BT1307_CGTAGGCCAAATCCGT	tumor	
BT1307_CGTAGGCCATAGACTC	tumor	
BT1307_CGTAGGCCATGCCCGA	normal	
BT1307_CGTAGGCGTGCTGTAT	normal	
BT1307_CGTCACTAGAATTGTG	normal	
BT1307_CGTCACTAGAGTCTGG	normal	
BT1307_CGTCACTAGCTCCTTC	normal	
BT1307_CGTCACTCAGCTTAAC	normal	
BT1307_CGTCACTCATCCGTGG	tumor	
BT1307_CGTCACTCATGGTAGG	normal	
BT1307_CGTCACTGTTCTGTTT	normal	
BT1307_CGTCACTTCATGCATG	normal	
BT1307_CGTCACTTCCAGATCA	normal	
BT1307_CGTCACTTCGGCTTGG	normal	
BT1307_CGTCACTTCTTGGGTA	normal	
BT1307_CGTCAGGAGAATCTCC	normal	
BT1307_CGTCAGGAGAGTTGGC	normal	
BT1307_CGTCAGGAGTGTTGAA	normal	
BT1307_CGTCAGGGTCAATGTC	normal	
BT1307_CGTCAGGGTCTGGAGA	normal	
BT1307_CGTCAGGGTGCAGACA	normal	
BT1307_CGTCAGGTCCGCTGTT	normal	
BT1307_CGTCAGGTCTGAGGGA	normal	
BT1307_CGTCCATAGAGCTGCA	normal	
BT1307_CGTCCATAGCGTTGCC	normal	
BT1307_CGTCCATAGTGGGCTA	normal	
BT1307_CGTCCATGTAGCTTGT	normal	
BT1307_CGTCCATGTTCCATGA	normal	
BT1307_CGTCCATTCCACTGGG	normal	
BT1307_CGTCCATTCTAACGGT	normal	
BT1307_CGTCTACAGACGCACA	normal	
BT1307_CGTCTACGTAGCGCTC	tumor	
BT1307_CGTCTACGTGTTTGTG	normal	
BT1307_CGTCTACGTTCCACTC	normal	
BT1307_CGTCTACTCCCTGACT	normal	
BT1307_CGTCTACTCTGTACGA	normal	
BT1307_CGTGAGCAGAATGTGT	normal	
BT1307_CGTGAGCAGATGCCAG	normal	
BT1307_CGTGAGCAGTACACCT	normal	
BT1307_CGTGAGCAGTTAACGA	normal	
BT1307_CGTGAGCGTCTAGTCA	normal	
BT1307_CGTGAGCGTGCAACGA	normal	
BT1307_CGTGAGCGTTATCACG	normal	
BT1307_CGTGAGCGTTGTACAC	normal	
BT1307_CGTGAGCTCAAGGTAA	normal	
BT1307_CGTGAGCTCCTTGCCA	normal	
BT1307_CGTGTAAAGCCAGGAT	tumor	
BT1307_CGTGTAACAACCGCCA	normal	
BT1307_CGTGTAACACAACTGT	normal	
BT1307_CGTGTAACACCGGAAA	normal	
BT1307_CGTGTAACACGGCTAC	normal	
BT1307_CGTGTAACACTTAAGC	normal	
BT1307_CGTGTAACAGCGATCC	normal	
BT1307_CGTGTAACAGCGTAAG	normal	
BT1307_CGTGTAACAGGGTTAG	normal	
BT1307_CGTGTAACATAACCTG	normal	
BT1307_CGTGTCTAGCTGAACG	normal	
BT1307_CGTGTCTCACGGCTAC	normal	
BT1307_CGTGTCTGTGCGCTTG	normal	
BT1307_CGTGTCTGTGTCGCTG	normal	
BT1307_CGTTAGAAGATATACG	normal	
BT1307_CGTTAGAGTCGATTGT	normal	
BT1307_CGTTAGAGTTGCGCAC	normal	
BT1307_CGTTAGATCATACGGT	normal	
BT1307_CGTTAGATCGTTTGCC	normal	
BT1307_CGTTCTGAGCATCATC	normal	
BT1307_CGTTCTGAGTGTACTC	normal	
BT1307_CGTTCTGCAGATTGCT	normal	
BT1307_CGTTCTGCATATACGC	normal	
BT1307_CGTTCTGCATCCAACA	normal	
BT1307_CGTTCTGGTACCGTAT	normal	
BT1307_CGTTCTGGTAGCAAAT	normal	
BT1307_CGTTGGGAGAGCCCAA	normal	
BT1307_CGTTGGGAGGGCTTCC	normal	
BT1307_CGTTGGGAGTGTCCAT	tumor	
BT1307_CGTTGGGCACTGTGTA	normal	
BT1307_CGTTGGGCATCTCCCA	normal	
BT1307_CGTTGGGGTTGTGGCC	normal	
BT1307_CGTTGGGTCGAATGCT	tumor	
BT1307_CTAACTTAGATCCTGT	normal	
BT1307_CTAACTTAGCCCTAAT	normal	
BT1307_CTAACTTAGTGTTAGA	normal	
BT1307_CTAACTTCAAAGGTGC	normal	
BT1307_CTAACTTCAATCTGCA	normal	
BT1307_CTAACTTCATATGGTC	tumor	
BT1307_CTAACTTGTATTCGTG	normal	
BT1307_CTAACTTGTCAGAAGC	normal	
BT1307_CTAACTTGTGAAATCA	normal	
BT1307_CTAACTTTCCTTTCGG	normal	
BT1307_CTAAGACAGTCCATAC	normal	
BT1307_CTAAGACAGTGTTGAA	tumor	
BT1307_CTAAGACCAATCCAAC	normal	
BT1307_CTAAGACCACTTAACG	normal	
BT1307_CTAAGACCAGTCAGCC	normal	
BT1307_CTAAGACGTATAGTAG	normal	
BT1307_CTAAGACTCCACGTTC	normal	
BT1307_CTAAGACTCTGCTGCT	normal	
BT1307_CTAATGGAGATATGCA	tumor	
BT1307_CTAATGGAGCTCCCAG	normal	
BT1307_CTAATGGCAAGCTGAG	normal	
BT1307_CTAATGGCAATCGAAA	normal	
BT1307_CTAATGGCAATGTTGC	normal	
BT1307_CTAATGGGTCAAGCGA	normal	
BT1307_CTAATGGGTCTGCAAT	normal	
BT1307_CTAATGGGTGGTAACG	normal	
BT1307_CTAATGGGTTGAGGTG	normal	
BT1307_CTAATGGTCTCAAACG	normal	
BT1307_CTACACCAGAAGGGTA	normal	
BT1307_CTACACCAGTTTGCGT	normal	
BT1307_CTACACCCAAATTGCC	normal	
BT1307_CTACACCCACCTCGTT	normal	
BT1307_CTACACCGTATAATGG	normal	
BT1307_CTACACCGTGCACTTA	normal	
BT1307_CTACACCGTTGTCTTT	normal	
BT1307_CTACATTAGAATTCCC	normal	
BT1307_CTACATTCAATGACCT	normal	
BT1307_CTACATTCATCGGGTC	normal	
BT1307_CTACATTGTAGGCATG	normal	
BT1307_CTACATTGTAGTACCT	tumor	
BT1307_CTACATTGTCAAAGAT	normal	
BT1307_CTACATTGTCAAGCGA	normal	
BT1307_CTACATTGTCCTAGCG	normal	
BT1307_CTACCCAAGGGTCTCC	normal	
BT1307_CTACCCAAGTTGTCGT	normal	
BT1307_CTACCCACAATGGAAT	normal	
BT1307_CTACCCACAATGGTCT	normal	
BT1307_CTACCCACAGCTCCGA	normal	
BT1307_CTACCCAGTACAGTTC	tumor	
BT1307_CTACCCAGTACCTACA	normal	
BT1307_CTACCCAGTTAAAGTG	normal	
BT1307_CTACGTCAGAACTGTA	normal	
BT1307_CTACGTCCATCGTCGG	normal	
BT1307_CTACGTCTCATCATTC	normal	
BT1307_CTAGAGTAGACGCAAC	normal	
BT1307_CTAGAGTAGTGAATTG	normal	
BT1307_CTAGAGTCACCATGTA	normal	
BT1307_CTAGAGTCAGCTGTAT	tumor	
BT1307_CTAGAGTGTACATGTC	normal	
BT1307_CTAGAGTGTGTAACGG	normal	
BT1307_CTAGAGTGTTATGTGC	normal	
BT1307_CTAGCCTAGAAACGAG	normal	
BT1307_CTAGCCTAGGCTAGGT	normal	
BT1307_CTAGCCTCACCCAGTG	normal	
BT1307_CTAGCCTCATGATCCA	normal	
BT1307_CTAGCCTGTGTTCTTT	normal	
BT1307_CTAGTGAAGGGTTTCT	normal	
BT1307_CTAGTGAAGTGGTAAT	tumor	
BT1307_CTAGTGACAAAGAATC	tumor	
BT1307_CTAGTGACACTAGTAC	normal	
BT1307_CTAGTGAGTATAATGG	normal	
BT1307_CTAGTGAGTCTCATCC	normal	
BT1307_CTAGTGAGTCTCTCTG	tumor	
BT1307_CTAGTGAGTTCTGTTT	normal	
BT1307_CTAGTGATCACGACTA	normal	
BT1307_CTAGTGATCAGTTAGC	normal	
BT1307_CTAGTGATCCAGGGCT	normal	
BT1307_CTAGTGATCGGATGTT	normal	
BT1307_CTCACACAGCGCCTTG	normal	
BT1307_CTCACACAGGGAACGG	normal	
BT1307_CTCACACCAGGTGCCT	normal	
BT1307_CTCACACCATCCGTGG	normal	yes
BT1307_CTCACACCATCGGAAG	normal	
BT1307_CTCACACCATGCATGT	normal	
BT1307_CTCACACGTTTCCACC	normal	
BT1307_CTCACACTCTCGGACG	normal	
BT1307_CTCAGAACAAGAAAGG	normal	
BT1307_CTCAGAACAGACGCTC	normal	
BT1307_CTCAGAAGTATTAGCC	normal	
BT1307_CTCAGAAGTCTGGTCG	normal	
BT1307_CTCAGAAGTGTTAAGA	tumor	
BT1307_CTCAGAATCCTCAACC	normal	
BT1307_CTCAGAATCCTTGGTC	normal	
BT1307_CTCAGAATCGTAGGTT	normal	
BT1307_CTCATTAAGTACGCCC	normal	
BT1307_CTCATTAAGTGAACGC	normal	
BT1307_CTCATTACAAACCCAT	normal	
BT1307_CTCATTACATATACCG	normal	
BT1307_CTCATTAGTTAAGTAG	normal	
BT1307_CTCATTAGTTCGTCTC	normal	
BT1307_CTCATTAGTTGCGCAC	normal	
BT1307_CTCATTATCTGTACGA	normal	
BT1307_CTCATTATCTTGCCGT	normal	
BT1307_CTCATTATCTTTAGTC	tumor	
BT1307_CTCCTAGAGACTTGAA	tumor	
BT1307_CTCCTAGCACACGCTG	tumor	
BT1307_CTCCTAGCACCATGTA	normal	
BT1307_CTCCTAGCACCCATGG	normal	
BT1307_CTCCTAGGTACCGGCT	normal	
BT1307_CTCCTAGGTCTAGCCG	normal	
BT1307_CTCCTAGGTCTCTTTA	normal	
BT1307_CTCGAAAAGATCTGAA	normal	
BT1307_CTCGAAAAGGTTACCT	tumor	
BT1307_CTCGAAACAGGAATCG	normal	
BT1307_CTCGAAATCAGCATGT	normal	
BT1307_CTCGAGGCAACCGCCA	normal	
BT1307_CTCGAGGGTACCGAGA	normal	
BT1307_CTCGAGGGTTACGCGC	normal	
BT1307_CTCGAGGTCAAAGTAG	normal	
BT1307_CTCGAGGTCAAGGCTT	normal	
BT1307_CTCGGAGAGCTAACAA	normal	
BT1307_CTCGGAGCACAGGTTT	normal	
BT1307_CTCGGAGGTCGCATCG	normal	
BT1307_CTCGGGAAGACAATAC	normal	
BT1307_CTCGGGAAGTACGATA	tumor	
BT1307_CTCGGGAAGTAGCCGA	normal	
BT1307_CTCGGGACACATGACT	normal	
BT1307_CTCGGGACATTATCTC	normal	
BT1307_CTCGGGAGTCATGCAT	normal	
BT1307_CTCGGGATCAACACTG	normal	
BT1307_CTCGTACAGCGCCTTG	normal	
BT1307_CTCGTACAGCGCTTAT	normal	
BT1307_CTCGTACAGTTGCAGG	tumor	
BT1307_CTCGTACGTTAGATGA	tumor	
BT1307_CTCGTACTCAACGGCC	normal	
BT1307_CTCGTACTCAAGAAGT	normal	
BT1307_CTCGTACTCGGAATCT	tumor	
BT1307_CTCGTCAAGTGAATTG	normal	
BT1307_CTCGTCAAGTGATCGG	normal	
BT1307_CTCGTCACAAGCTGGA	normal	
BT1307_CTCGTCACAGACGCAA	normal	
BT1307_CTCGTCACAGTGAGTG	normal	
BT1307_CTCGTCAGTGCGCTTG	normal	
BT1307_CTCGTCATCACGAAGG	normal	
BT1307_CTCGTCATCCAGATCA	normal	
BT1307_CTCGTCATCCGAACGC	normal	
BT1307_CTCTAATAGAATGTGT	normal	
BT1307_CTCTAATAGATGCGAC	normal	
BT1307_CTCTAATAGCCCTAAT	tumor	
BT1307_CTCTAATAGCTCCCAG	normal	
BT1307_CTCTAATAGGTAGCCA	normal	
BT1307_CTCTAATAGTAAGTAC	normal	
BT1307_CTCTAATCAGGGTATG	normal	
BT1307_CTCTAATCAGTTCATG	normal	
BT1307_CTCTAATCATAACCTG	normal	
BT1307_CTCTAATTCGGATGTT	normal	
BT1307_CTCTACGAGCACAGGT	normal	
BT1307_CTCTACGAGCGAGAAA	normal	
BT1307_CTCTACGAGTCTTGCA	normal	
BT1307_CTCTACGCACGCGAAA	normal	
BT1307_CTCTACGGTGATAAGT	normal	
BT1307_CTCTACGTCCGAATGT	normal	
BT1307_CTCTGGTCAAATACAG	normal	
BT1307_CTCTGGTCACTGTGTA	normal	
BT1307_CTCTGGTGTAAGGGAA	normal	
BT1307_CTCTGGTGTCACCCAG	normal	
BT1307_CTCTGGTGTGGTAACG	normal	
BT1307_CTCTGGTTCCGCGTTT	normal	
BT1307_CTCTGGTTCCGTAGGC	normal	
BT1307_CTGAAACAGAGGACGG	normal	
BT1307_CTGAAACAGTGAATTG	normal	
BT1307_CTGAAACCAATCTGCA	normal	
BT1307_CTGAAACCACAGACTT	normal	
BT1307_CTGAAACGTCTCCACT	normal	
BT1307_CTGAAGTCAAAGGAAG	normal	
BT1307_CTGAAGTCACCGAAAG	normal	
BT1307_CTGAAGTCAGACGTAG	normal	
BT1307_CTGAAGTGTTATTCTC	normal	
BT1307_CTGAAGTTCCGCATAA	normal	
BT1307_CTGAAGTTCCTGTACC	tumor	
BT1307_CTGAAGTTCGGCTACG	normal	
BT1307_CTGATAGAGGCACATG	tumor	
BT1307_CTGATAGAGTACGACG	normal	
BT1307_CTGATAGAGTGGGCTA	normal	
BT1307_CTGATAGCAGGTCGTC	normal	
BT1307_CTGATAGGTGGCCCTA	normal	
BT1307_CTGATAGGTTACCGAT	normal	
BT1307_CTGATAGGTTTGCATG	normal	
BT1307_CTGATAGTCACCAGGC	normal	yes
BT1307_CTGATAGTCTGTTGAG	normal	
BT1307_CTGATCCAGTGGAGTC	normal	
BT1307_CTGATCCCACCTCGTT	normal	
BT1307_CTGATCCCAGCGTAAG	normal	
BT1307_CTGATCCGTTATCACG	normal	
BT1307_CTGATCCGTTGCGCAC	normal	
BT1307_CTGATCCTCTAGAGTC	normal	
BT1307_CTGCCTAAGACTAAGT	normal	
BT1307_CTGCCTACACAGGAGT	normal	
BT1307_CTGCCTACACGACTCG	normal	
BT1307_CTGCCTACAGCTGTAT	normal	
BT1307_CTGCGGAAGGGTTTCT	normal	
BT1307_CTGCGGAAGTGAATTG	normal	
BT1307_CTGCGGAAGTGCAAGC	normal	
BT1307_CTGCGGACATCTATGG	normal	
BT1307_CTGCGGACATGTTCCC	normal	
BT1307_CTGCGGATCCGTCAAA	normal	
BT1307_CTGCTGTAGGAACTGC	normal	
BT1307_CTGCTGTAGGCTAGAC	normal	
BT1307_CTGCTGTAGGTAAACT	tumor	
BT1307_CTGCTGTCAGGCAGTA	normal	
BT1307_CTGCTGTCAGGTCTCG	normal	
BT1307_CTGCTGTGTCATATCG	normal	
BT1307_CTGCTGTGTGTTCGAT	normal	
BT1307_CTGCTGTGTTTCGCTC	normal	
BT1307_CTGCTGTTCCGTCAAA	tumor	
BT1307_CTGCTGTTCTGATACG	normal	
BT1307_CTGGTCTAGACCGGAT	normal	
BT1307_CTGGTCTAGCGTTCCG	normal	
BT1307_CTGGTCTAGGTAAACT	normal	
BT1307_CTGGTCTCAAAGGAAG	normal	
BT1307_CTGGTCTCATCCTTGC	normal	
BT1307_CTGGTCTTCAGTTTGG	normal	
BT1307_CTGGTCTTCATTGCGA	tumor	
BT1307_CTGGTCTTCGCAAACT	tumor	
BT1307_CTGTGCTAGAGTGAGA	normal	
BT1307_CTGTGCTAGTGAATTG	normal	
BT1307_CTGTGCTGTGGTCTCG	normal	
BT1307_CTGTGCTTCCCATTAT	normal	
BT1307_CTGTTTAAGTCTTGCA	normal	
BT1307_CTGTTTACACGGTGTC	normal	
BT1307_CTGTTTACACTAAGTC	normal	
BT1307_CTGTTTAGTAGCGATG	normal	
BT1307_CTGTTTAGTGTCAATC	normal	
BT1307_CTTAACTCAGACGCAA	normal	
BT1307_CTTAACTGTTAGGGTG	normal	
BT1307_CTTACCGAGAGTCTGG	tumor	
BT1307_CTTACCGGTCTAGTCA	normal	
BT1307_CTTACCGTCAACCAAC	tumor	
BT1307_CTTACCGTCTCCTATA	normal	
BT1307_CTTAGGAAGGTGCTTT	tumor	
BT1307_CTTAGGACAAAGTCAA	normal	
BT1307_CTTAGGACAATCGAAA	normal	
BT1307_CTTAGGACAGACGCAA	normal	
BT1307_CTTAGGAGTACGACCC	normal	
BT1307_CTTAGGAGTAGAGCTG	normal	
BT1307_CTTAGGATCACTGGGC	normal	
BT1307_CTTCTCTAGAGGTACC	normal	
BT1307_CTTCTCTAGGGTGTGT	normal	
BT1307_CTTCTCTGTACCTACA	normal	
BT1307_CTTCTCTTCACGACTA	normal	
BT1307_CTTCTCTTCCTCATTA	normal	
BT1307_CTTGGCTCACATGGGA	normal	
BT1307_CTTGGCTCAGTCGATT	normal	
BT1307_CTTGGCTCATGCGCAC	normal	
BT1307_CTTGGCTGTACAGTGG	tumor	
BT1307_CTTGGCTTCCATGCTC	normal	
BT1307_CTTGGCTTCCTTGCCA	normal	
BT1307_CTTTGCGAGGAGTTTA	normal	
BT1307_CTTTGCGAGGTGATTA	normal	
BT1307_CTTTGCGAGTGGCACA	normal	
BT1307_CTTTGCGCACAACTGT	normal	
BT1307_CTTTGCGCACACTGCG	normal	
BT1307_CTTTGCGCACCAGATT	normal	
BT1307_CTTTGCGCACCAGTTA	normal	
BT1307_CTTTGCGCATATACGC	tumor	
BT1307_CTTTGCGCATCGACGC	normal	
BT1307_CTTTGCGGTAGGCTGA	normal	
BT1307_CTTTGCGGTATGAAAC	normal	
BT1307_CTTTGCGGTCCAGTGC	normal	
BT1307_CTTTGCGGTGGGTCAA	tumor	
BT1307_CTTTGCGTCTCCAGGG	normal	
BT1307_GAAACTCAGAGGGATA	tumor	
BT1307_GAAACTCAGATAGTCA	normal	
BT1307_GAAACTCCACATTCGA	tumor	
BT1307_GAAACTCCACTCTGTC	normal	
BT1307_GAAACTCCATCTGGTA	normal	
BT1307_GAAACTCGTAAAGGAG	tumor	
BT1307_GAAACTCGTAGGAGTC	normal	
BT1307_GAAACTCGTGCCTTGG	normal	
BT1307_GAAACTCTCAGTTAGC	normal	
BT1307_GAAATGACACGTGAGA	normal	
BT1307_GAAATGAGTAGGCATG	normal	
BT1307_GAAATGAGTCTCTTTA	normal	
BT1307_GAAATGATCATACGGT	normal	
BT1307_GAACATCAGCAGGCTA	normal	
BT1307_GAACATCAGCGATGAC	normal	
BT1307_GAACATCAGTCATGCT	tumor	
BT1307_GAACATCAGTTGAGAT	normal	
BT1307_GAACATCCATCACAAC	normal	
BT1307_GAACATCTCGGCATCG	normal	
BT1307_GAACCTAAGAGGTAGA	tumor	
BT1307_GAACCTAAGTACGCGA	normal	
BT1307_GAACCTAAGTATCTCG	normal	
BT1307_GAACCTAAGTGTACTC	normal	
BT1307_GAACCTACACATTAGC	normal	
BT1307_GAACCTACATCAGTAC	normal	
BT1307_GAACGGAAGACAGGCT	normal	
BT1307_GAACGGAAGATCTGAA	normal	
BT1307_GAACGGAAGTGTCCCG	tumor	
BT1307_GAACGGACAAGCGCTC	normal	
BT1307_GAACGGACACGCATCG	normal	
BT1307_GAACGGAGTGGCAAAC	normal	
BT1307_GAAGCAGAGAATGTGT	normal	
BT1307_GAAGCAGAGCTGCGAA	normal	
BT1307_GAAGCAGAGGCCGAAT	tumor	
BT1307_GAAGCAGCAAACGTGG	normal	
BT1307_GAAGCAGCAATAACGA	normal	
BT1307_GAAGCAGCACACTGCG	normal	
BT1307_GAAGCAGGTCCTAGCG	normal	
BT1307_GAAGCAGGTCTGGAGA	tumor	
BT1307_GAAGCAGGTGCAGACA	normal	
BT1307_GAAGCAGTCACCGGGT	normal	
BT1307_GAAGCAGTCCTTAATC	normal	
BT1307_GAAGCAGTCGTACCGG	normal	
BT1307_GAAGCAGTCTGATTCT	normal	
BT1307_GAATAAGAGAAGCCCA	normal	
BT1307_GAATAAGCAGCCTATA	normal	
BT1307_GAATAAGGTAAGTAGT	tumor	
BT1307_GAATAAGGTCGACTAT	normal	
BT1307_GAATAAGGTTGGTAAA	normal	
BT1307_GAATAAGTCAACACAC	normal	
BT1307_GAATAAGTCTGATTCT	normal	
BT1307_GAATGAAAGGTAAACT	normal	
BT1307_GAATGAACAGAGTGTG	normal	
BT1307_GAATGAAGTGTTGAGG	normal	
BT1307_GAATGAATCAGCTTAG	normal	
BT1307_GAATGAATCCTGTACC	normal	
BT1307_GAATGAATCGTAGGAG	normal	
BT1307_GAATGAATCTTCGGTC	normal	
BT1307_GACACGCAGAATTCCC	normal	
BT1307_GACACGCCAAGACGTG	tumor	
BT1307_GACACGCCACAGGTTT	normal	
BT1307_GACACGCCAGGGCATA	normal	
BT1307_GACACGCCATTAGCCA	normal	
BT1307_GACACGCTCTAACTCT	normal	
BT1307_GACACGCTCTACTTAC	normal	
BT1307_GACAGAGAGCGAAGGG	tumor	
BT1307_GACAGAGAGTAACCCT	tumor	
BT1307_GACAGAGAGTACGACG	normal	
BT1307_GACAGAGGTAGATTAG	normal	
BT1307_GACCAATCAAGTCTAC	tumor	
BT1307_GACCAATCAATGGAAT	normal	
BT1307_GACCAATCAGGACGTA	normal	
BT1307_GACCTGGAGCCACGCT	normal	
BT1307_GACCTGGAGCGATAGC	normal	
BT1307_GACCTGGAGTGTCCCG	normal	
BT1307_GACCTGGCAGATTGCT	normal	
BT1307_GACCTGGGTAGCTTGT	normal	
BT1307_GACCTGGGTGCGGTAA	normal	
BT1307_GACCTGGGTTCAGCGC	normal	
BT1307_GACCTGGGTTGAACTC	normal	
BT1307_GACCTGGGTTGCGTTA	normal	
BT1307_GACCTGGTCAACACCA	normal	
BT1307_GACCTGGTCGAACTGT	tumor	
BT1307_GACGCGTAGGTTACCT	normal	
BT1307_GACGCGTCAGTCGTGC	normal	yes
BT1307_GACGCGTCAGTGACAG	normal	
BT1307_GACGCGTGTACAAGTA	normal	
BT1307_GACGCGTGTCTTCTCG	normal	
BT1307_GACGCGTTCGGCTACG	normal	
BT1307_GACGCGTTCGGGAGTA	normal	
BT1307_GACGGCTAGCAGATCG	normal	
BT1307_GACGGCTAGCCCAATT	normal	
BT1307_GACGGCTAGCGTGAAC	normal	
BT1307_GACGGCTAGTCCCACG	normal	
BT1307_GACGGCTCACCCATTC	normal	
BT1307_GACGGCTCAGCCAATT	normal	
BT1307_GACGGCTCATTCCTGC	normal	
BT1307_GACGGCTGTAAGAGAG	normal	
BT1307_GACGGCTGTTAAGATG	normal	
BT1307_GACGTGCAGACAGGCT	normal	
BT1307_GACGTGCAGTGACATA	normal	
BT1307_GACGTGCAGTTCGCAT	normal	
BT1307_GACGTGCCAGAGCCAA	normal	
BT1307_GACGTGCCATCACAAC	tumor	
BT1307_GACGTGCCATCCTAGA	normal	
BT1307_GACGTGCCATGCCACG	normal	
BT1307_GACGTGCGTCACAAGG	normal	yes
BT1307_GACGTGCGTCCGAGTC	tumor	
BT1307_GACGTGCTCCTAGAAC	normal	
BT1307_GACGTGCTCGTAGGTT	normal	
BT1307_GACGTTAAGAACTGTA	normal	
BT1307_GACGTTACACCGAAAG	normal	
BT1307_GACGTTAGTCGCCATG	normal	
BT1307_GACGTTAGTTGTACAC	normal	
BT1307_GACGTTATCCTCAATT	normal	
BT1307_GACGTTATCCTCCTAG	normal	
BT1307_GACGTTATCGGATGTT	normal	
BT1307_GACGTTATCTTCTGGC	normal	
BT1307_GACTAACAGATGGCGT	normal	
BT1307_GACTAACAGTGTACCT	normal	
BT1307_GACTAACCATGGGAAC	normal	
BT1307_GACTAACCATGTAAGA	normal	
BT1307_GACTAACGTCATACTG	normal	
BT1307_GACTAACGTCTAGGTT	tumor	
BT1307_GACTAACGTCTCACCT	normal	
BT1307_GACTACAAGCTACCGC	normal	
BT1307_GACTACAAGTACATGA	normal	
BT1307_GACTACAAGTGCCAGA	normal	
BT1307_GACTACACAATAGCGG	normal	
BT1307_GACTACACACGGTGTC	tumor	
BT1307_GACTACACAGACACTT	tumor	
BT1307_GACTACACAGGCGATA	normal	
BT1307_GACTACAGTTCCACGG	normal	
BT1307_GACTACATCAGGATCT	normal	
BT1307_GACTACATCGTCACGG	normal	
BT1307_GACTACATCGTGACAT	normal	
BT1307_GACTGCGAGGCTAGAC	normal	
BT1307_GACTGCGAGTCGTACT	normal	
BT1307_GACTGCGCACCAGGTC	normal	yes
BT1307_GACTGCGCACCTCGTT	normal	
BT1307_GACTGCGCATCGGAAG	normal	
BT1307_GACTGCGTCATCGGAT	normal	
BT1307_GACTGCGTCATGCATG	normal	
BT1307_GACTGCGTCTGTACGA	normal	
BT1307_GAGCAGAAGAGTCGGT	normal	
BT1307_GAGCAGAAGTAACCCT	normal	
BT1307_GAGCAGAAGTTGTCGT	normal	
BT1307_GAGCAGAGTACTTGAC	normal	
BT1307_GAGCAGATCCGATATG	normal	
BT1307_GAGCAGATCTAGAGTC	tumor	
BT1307_GAGGTGAAGGTTCCTA	normal	
BT1307_GAGGTGACACGGCTAC	tumor	
BT1307_GAGGTGACAGCCAATT	normal	
BT1307_GAGGTGACATCGGACC	normal	
BT1307_GAGGTGACATTGCGGC	normal	
BT1307_GAGGTGAGTAGTGAAT	normal	
BT1307_GAGGTGAGTCTGATCA	normal	
BT1307_GAGGTGAGTTACCAGT	normal	
BT1307_GAGGTGATCACCAGGC	normal	
BT1307_GAGGTGATCTTATCTG	normal	
BT1307_GAGGTGATCTTGACGA	normal	
BT1307_GAGTCCGAGGACGAAA	normal	
BT1307_GAGTCCGAGTAGCCGA	normal	
BT1307_GAGTCCGAGTCGATAA	tumor	
BT1307_GAGTCCGCATACGCTA	tumor	
BT1307_GAGTCCGCATGCAATC	normal	
BT1307_GAGTCCGCATGCGCAC	normal	
BT1307_GAGTCCGGTATTACCG	normal	
BT1307_GAGTCCGGTGCTGTAT	normal	
BT1307_GATCAGTCAGACAAAT	normal	
BT1307_GATCAGTCAGCGTAAG	normal	
BT1307_GATCAGTCATAACCTG	normal	
BT1307_GATCAGTCATCTCCCA	normal	
BT1307_GATCAGTGTCGCGGTT	normal	
BT1307_GATCAGTGTTTGTGTG	normal	
BT1307_GATCAGTTCCTTAATC	normal	
BT1307_GATCAGTTCCTTTCGG	normal	
BT1307_GATCGATAGGATGGAA	normal	
BT1307_GATCGATAGGCTACGA	normal	
BT1307_GATCGATAGGGTGTGT	normal	
BT1307_GATCGATAGTTGTAGA	normal	
BT1307_GATCGATCAATCCGAT	tumor	
BT1307_GATCGATCACATAACC	tumor	
BT1307_GATCGATGTTCACCTC	normal	
BT1307_GATCGATTCCACGACG	normal	
BT1307_GATCGCGCACACCGAC	normal	
BT1307_GATCGCGGTTGAGTTC	normal	
BT1307_GATCGTAAGCCCAGCT	normal	
BT1307_GATCGTACACCTGGTG	normal	
BT1307_GATCGTAGTGCAACGA	normal	
BT1307_GATCGTATCACCGGGT	normal	
BT1307_GATCTAGAGCCACGTC	normal	
BT1307_GATCTAGGTAAGAGGA	normal	
BT1307_GATCTAGGTCCCTACT	normal	
BT1307_GATCTAGGTGCTAGCC	tumor	
BT1307_GATCTAGGTTCGCTAA	normal	
BT1307_GATCTAGTCCAGAAGG	normal	
BT1307_GATGAAAAGCCCTAAT	normal	
BT1307_GATGAAACAAGTCTGT	normal	
BT1307_GATGAAACATGGATGG	normal	
BT1307_GATGAAAGTAGTACCT	normal	
BT1307_GATGAAAGTATCTGCA	normal	
BT1307_GATGAAAGTCCAGTTA	normal	
BT1307_GATGAAAGTGTTGGGA	tumor	
BT1307_GATGAAATCCGTTGCT	normal	
BT1307_GATGAGGAGAAACGCC	normal	
BT1307_GATGAGGAGAGCTATA	normal	
BT1307_GATGAGGAGCCCGAAA	normal	
BT1307_GATGAGGAGCTAACTC	normal	
BT1307_GATGAGGCACGGACAA	normal	
BT1307_GATGAGGCACGGCTAC	normal	
BT1307_GATGAGGCAGAAGCAC	normal	
BT1307_GATGAGGCAGACGCCT	normal	
BT1307_GATGAGGCATCCGTGG	normal	
BT1307_GATGAGGCATGTTCCC	normal	
BT1307_GATGAGGTCAGAAATG	normal	
BT1307_GATGAGGTCTGGTATG	normal	
BT1307_GATGAGGTCTTGAGAC	normal	
BT1307_GATGCTAAGTACTTGC	normal	
BT1307_GATGCTACAATCGAAA	tumor	
BT1307_GATGCTAGTACAGACG	normal	
BT1307_GATGCTAGTCTAACGT	normal	
BT1307_GATGCTATCCAAAGTC	tumor	
BT1307_GATGCTATCGGTTAAC	normal	
BT1307_GATTCAGAGCATCATC	normal	yes
BT1307_GATTCAGAGCTATGCT	tumor	
BT1307_GATTCAGCAGGAATCG	normal	
BT1307_GATTCAGCAGGATTGG	normal	
BT1307_GATTCAGGTCAAAGAT	normal	
BT1307_GATTCAGGTCAGAATA	normal	
BT1307_GATTCAGTCCTCTAGC	normal	
BT1307_GATTCAGTCGTGGGAA	normal	
BT1307_GCAAACTAGACTGGGT	normal	
BT1307_GCAAACTAGAGTCTGG	normal	
BT1307_GCAAACTAGTACGTTC	normal	
BT1307_GCAAACTCACAGAGGT	normal	
BT1307_GCAAACTGTCACACGC	tumor	
BT1307_GCAAACTTCCCTTGTG	normal	
BT1307_GCAAACTTCGCACTCT	normal	
BT1307_GCAATCAAGAGCCTAG	normal	
BT1307_GCAATCAAGCTCTCGG	normal	
BT1307_GCAATCAAGGCTATCT	normal	
BT1307_GCAATCACACCACCAG	normal	
BT1307_GCAATCACAGATGGCA	tumor	
BT1307_GCAATCACATGGTCAT	normal	
BT1307_GCAATCAGTGCTCTTC	normal	
BT1307_GCAATCAGTTGGACCC	tumor	
BT1307_GCAATCATCAACGCTA	normal	
BT1307_GCAATCATCATCGGAT	tumor	
BT1307_GCAATCATCCATGCTC	normal	
BT1307_GCAATCATCCCATTTA	normal	
BT1307_GCACATAAGAATGTTG	normal	
BT1307_GCACATAAGCCTCGTG	normal	
BT1307_GCACATAAGTGCAAGC	normal	
BT1307_GCACATACAAAGTGCG	normal	
BT1307_GCACATACACGGTAGA	tumor	
BT1307_GCACATAGTAAGTAGT	normal	
BT1307_GCACATAGTAGGAGTC	normal	
BT1307_GCACATAGTGGTCTCG	normal	
BT1307_GCACATAGTTCCACGG	normal	
BT1307_GCACATATCATTATCC	normal	
BT1307_GCACATATCCAAAGTC	normal	
BT1307_GCACTCTCATGTCCTC	normal	
BT1307_GCACTCTGTCTCATCC	normal	
BT1307_GCACTCTTCCGATATG	normal	
BT1307_GCACTCTTCGTGTAGT	normal	
BT1307_GCACTCTTCTGAGGGA	normal	
BT1307_GCAGCCAAGGTGCACA	normal	
BT1307_GCAGCCAAGTTCCACA	normal	
BT1307_GCAGCCACACCGTTGG	normal	
BT1307_GCAGCCATCTGTCCGT	tumor	
BT1307_GCAGTTAAGAGATGAG	normal	
BT1307_GCAGTTACAAGTCTGT	normal	
BT1307_GCAGTTATCTGAGGGA	normal	yes
BT1307_GCATACAAGAGCTGCA	normal	
BT1307_GCATACAAGGGATGGG	normal	
BT1307_GCATACACAAAGGCGT	normal	
BT1307_GCATACACATGGGAAC	normal	
BT1307_GCATACAGTACCGAGA	normal	
BT1307_GCATACAGTATCAGTC	normal	
BT1307_GCATACAGTCAAAGAT	normal	
BT1307_GCATACAGTCCTCTTG	normal	
BT1307_GCATACATCAAGGCTT	normal	
BT1307_GCATACATCAGGCAAG	normal	
BT1307_GCATACATCAGTCCCT	normal	
BT1307_GCATGATAGAATGTTG	tumor	
BT1307_GCATGATAGTCCTCCT	normal	
BT1307_GCATGATCAATAACGA	normal	
BT1307_GCATGATCAGTTAACC	normal	
BT1307_GCATGATGTCGGGTCT	normal	
BT1307_GCATGATTCAACGAAA	tumor	
BT1307_GCATGATTCACTCCTG	normal	
BT1307_GCATGCGAGAATTCCC	normal	
BT1307_GCATGCGAGACCGGAT	normal	
BT1307_GCATGCGAGAGTGACC	tumor	
BT1307_GCATGCGAGATAGGAG	normal	
BT1307_GCATGCGAGCAATATG	normal	
BT1307_GCATGCGCAAGTCATC	normal	
BT1307_GCATGCGCACCGATAT	normal	
BT1307_GCATGCGGTCACTGGC	normal	
BT1307_GCATGCGGTCCGAATT	normal	
BT1307_GCATGCGGTCGAACAG	normal	
BT1307_GCATGCGGTTGACGTT	tumor	
BT1307_GCATGTAAGAGGACGG	normal	
BT1307_GCATGTAAGTATCGAA	normal	
BT1307_GCATGTACAAGCGTAG	normal	
BT1307_GCATGTACACTTAACG	tumor	
BT1307_GCATGTAGTCGACTGC	normal	
BT1307_GCATGTATCAAACCAC	normal	
BT1307_GCATGTATCAGAGGTG	normal	
BT1307_GCATGTATCATGCATG	normal	
BT1307_GCATGTATCATTGCGA	normal	
BT1307_GCCAAATAGCCGTCGT	normal	
BT1307_GCCAAATAGTAGCCGA	tumor	
BT1307_GCCAAATCATGCCACG	normal	
BT1307_GCCAAATGTCCAAGTT	normal	
BT1307_GCCAAATGTTGTGGAG	normal	
BT1307_GCCAAATTCACAACGT	normal	
BT1307_GCCTCTAAGGTAGCCA	normal	
BT1307_GCCTCTACAACAACCT	tumor	
BT1307_GCCTCTACAGCGAACA	normal	
BT1307_GCCTCTAGTACCATCA	normal	
BT1307_GCCTCTAGTAGCACGA	normal	
BT1307_GCCTCTAGTAGCGCTC	normal	
BT1307_GCCTCTAGTCCGCTGA	normal	
BT1307_GCCTCTATCGTCCGTT	tumor	
BT1307_GCCTCTATCTTTAGGG	normal	
BT1307_GCGACCACAACTGGCC	normal	
BT1307_GCGACCACAAGTCTGT	normal	
BT1307_GCGACCAGTTCCACGG	normal	
BT1307_GCGACCATCAAGAAGT	normal	
BT1307_GCGACCATCACTTACT	normal	
BT1307_GCGACCATCAGCGATT	normal	
BT1307_GCGACCATCATCATTC	normal	
BT1307_GCGACCATCTTTACAC	normal	
BT1307_GCGAGAAAGGCCATAG	normal	
BT1307_GCGAGAATCAGTTTGG	normal	
BT1307_GCGAGAATCGGGAGTA	normal	
BT1307_GCGAGAATCTGCCAGG	tumor	
BT1307_GCGCAACAGCCACGCT	normal	
BT1307_GCGCAACAGCGATATA	normal	
BT1307_GCGCAACAGGAATCGC	normal	
BT1307_GCGCAACCACTGTTAG	normal	
BT1307_GCGCAACCAGTGGAGT	normal	
BT1307_GCGCAACCAGTTTACG	normal	
BT1307_GCGCAACCATCTCGCT	normal	
BT1307_GCGCAACCATTATCTC	normal	
BT1307_GCGCAACGTACGCTGC	normal	
BT1307_GCGCAACGTCTCGTTC	normal	
BT1307_GCGCAACGTTGGTAAA	normal	
BT1307_GCGCAACGTTTCGCTC	normal	
BT1307_GCGCAGTAGCGCTTAT	normal	
BT1307_GCGCAGTTCCACGACG	tumor	
BT1307_GCGCAGTTCCTGTAGA	normal	
BT1307_GCGCAGTTCTGCCAGG	normal	
BT1307_GCGCCAAAGACAGACC	normal	
BT1307_GCGCCAAAGCATCATC	tumor	
BT1307_GCGCCAACAAGTTAAG	normal	
BT1307_GCGCCAACACTGTGTA	normal	
BT1307_GCGCCAAGTCAGAATA	tumor	
BT1307_GCGCCAATCCGCGCAA	normal	
BT1307_GCGCCAATCCTTTACA	normal	
BT1307_GCGCCAATCGGTCCGA	normal	
BT1307_GCGCGATAGAAACCAT	normal	
BT1307_GCGCGATAGAAGGCCT	normal	
BT1307_GCGCGATAGGTGACCA	normal	
BT1307_GCGCGATAGTCCGGTC	normal	
BT1307_GCGCGATCAGACACTT	normal	
BT1307_GCGCGATCAGTATCTG	normal	
BT1307_GCGCGATGTCTCTTAT	normal	
BT1307_GCGGGTTAGATGGCGT	normal	
BT1307_GCGGGTTAGCTAACTC	normal	
BT1307_GCGGGTTCAGGGCATA	normal	
BT1307_GCGGGTTCATGCCTAA	tumor	
BT1307_GCGGGTTCATTACCTT	normal	
BT1307_GCGGGTTGTCCGAAGA	tumor	
BT1307_GCGGGTTGTGTGACGA	normal	
BT1307_GCGGGTTGTTCCTCCA	tumor	
BT1307_GCGGGTTTCGCATGGC	normal	
BT1307_GCGGGTTTCGCCTGAG	normal	
BT1307_GCGGGTTTCTTAGCCC	normal	
BT1307_GCGGGTTTCTTGTCAT	normal	
BT1307_GCTCCTAAGCTATGCT	normal	
BT1307_GCTCCTACATTTGCCC	normal	
BT1307_GCTCCTAGTCTGATCA	normal	
BT1307_GCTCCTATCACATACG	normal	
BT1307_GCTCCTATCAGCTTAG	tumor	
BT1307_GCTCTGTAGGAGCGTT	normal	
BT1307_GCTCTGTAGGTGCAAC	normal	
BT1307_GCTCTGTAGTCTCAAC	normal	
BT1307_GCTCTGTCAAGGTGTG	normal	
BT1307_GCTCTGTCACACCGCA	normal	
BT1307_GCTCTGTCAGCAGTTT	normal	
BT1307_GCTCTGTCAGGCGATA	normal	
BT1307_GCTCTGTCATTCCTCG	normal	
BT1307_GCTCTGTGTCTCCATC	normal	
BT1307_GCTCTGTTCAGAGGTG	normal	
BT1307_GCTCTGTTCCACGACG	normal	
BT1307_GCTCTGTTCTCGTATT	normal	
BT1307_GCTGCAGAGTATGACA	normal	
BT1307_GCTGCAGCAGGAACGT	normal	
BT1307_GCTGCAGCAGGATTGG	normal	
BT1307_GCTGCAGGTAATCACC	tumor	
BT1307_GCTGCGAAGCCCAACC	normal	
BT1307_GCTGCGACAGCCTTTC	normal	
BT1307_GCTGCGATCAGGTAAA	normal	
BT1307_GCTGCGATCCGTAGGC	normal	
BT1307_GCTGCGATCCTGCCAT	normal	
BT1307_GCTGCGATCGAACTGT	normal	
BT1307_GCTGCGATCTCAAACG	normal	
BT1307_GCTGCTTCAAGCCATT	normal	
BT1307_GCTGCTTCACTGTGTA	normal	
BT1307_GCTGCTTGTAATTGGA	normal	
BT1307_GCTGCTTGTACATGTC	normal	
BT1307_GCTGCTTTCAAAGACA	tumor	
BT1307_GCTGCTTTCAGCTCGG	normal	
BT1307_GCTGCTTTCATTGCCC	normal	
BT1307_GCTGCTTTCGTAGATC	normal	
BT1307_GCTGGGTAGAATGTTG	normal	
BT1307_GCTGGGTAGCTTTGGT	tumor	
BT1307_GCTGGGTAGGTAGCTG	normal	
BT1307_GCTGGGTGTACCATCA	tumor	
BT1307_GCTGGGTTCCAAACAC	normal	
BT1307_GCTGGGTTCGCCTGAG	normal	
BT1307_GCTGGGTTCGCCTGTT	normal	
BT1307_GCTTCCAAGGTCGGAT	normal	
BT1307_GCTTCCACAAACGTGG	tumor	
BT1307_GCTTCCATCAAGCCTA	normal	
BT1307_GCTTCCATCGCGGATC	normal	
BT1307_GCTTCCATCTAACTCT	normal	
BT1307_GCTTCCATCTGAGTGT	normal	
BT1307_GCTTGAAAGCAGGCTA	normal	
BT1307_GCTTGAAAGCCCTAAT	normal	
BT1307_GCTTGAACAGGGTATG	normal	
BT1307_GCTTGAAGTATTACCG	normal	
BT1307_GCTTGAAGTCTGATCA	normal	
BT1307_GCTTGAATCCACTGGG	normal	
BT1307_GCTTGAATCTTTACAC	tumor	
BT1307_GGAAAGCAGACTTGAA	normal	
BT1307_GGAAAGCAGTACGACG	normal	
BT1307_GGAAAGCCAAGTTGTC	normal	
BT1307_GGAAAGCCACAGAGGT	normal	
BT1307_GGAAAGCCATCACCCT	normal	
BT1307_GGAAAGCGTCAGGACA	normal	
BT1307_GGAAAGCGTCGACTGC	normal	
BT1307_GGAAAGCGTCTAGCCG	normal	
BT1307_GGAAAGCTCAGTACGT	normal	
BT1307_GGAAAGCTCGGAGGTA	tumor	
BT1307_GGAAAGCTCGGCCGAT	normal	
BT1307_GGAACTTAGACTAGAT	normal	
BT1307_GGAACTTAGCCCAGCT	normal	
BT1307_GGAACTTAGGCTCTTA	normal	
BT1307_GGAACTTAGGTAGCTG	normal	
BT1307_GGAACTTAGTGAAGTT	normal	
BT1307_GGAACTTCAAAGGTGC	normal	
BT1307_GGAACTTCAGTAAGAT	normal	
BT1307_GGAACTTCATACGCCG	normal	
BT1307_GGAACTTGTCTGATCA	normal	
BT1307_GGAACTTGTTCCACTC	normal	
BT1307_GGAACTTTCTAGCACA	normal	
BT1307_GGAATAAAGCGATATA	normal	
BT1307_GGAATAAAGGACAGCT	normal	
BT1307_GGAATAAAGTCCCACG	normal	
BT1307_GGAATAACAATGGAGC	normal	
BT1307_GGAATAACACGTTGGC	normal	
BT1307_GGAATAACAGCTGCAC	normal	
BT1307_GGAATAAGTCAGATAA	normal	
BT1307_GGAATAATCAGCTGGC	normal	
BT1307_GGAATAATCATCGCTC	tumor	
BT1307_GGAATAATCCGGCACA	normal	
BT1307_GGAATAATCCTGCTTG	normal	
BT1307_GGACAAGAGAAGAAGC	normal	
BT1307_GGACAAGAGACACGAC	normal	
BT1307_GGACAAGCACCATCCT	normal	
BT1307_GGACAAGGTAATAGCA	normal	
BT1307_GGACAAGGTCATGCAT	normal	
BT1307_GGACAAGGTTATCACG	normal	
BT1307_GGACAAGGTTGAGGTG	normal	
BT1307_GGACAAGTCTGAGTGT	normal	
BT1307_GGACAAGTCTGCGACG	tumor	
BT1307_GGACAGAAGGAATTAC	normal	
BT1307_GGACAGAAGGCTAGAC	normal	
BT1307_GGACAGAAGTACGTTC	normal	
BT1307_GGACAGAAGTTCGATC	normal	
BT1307_GGACAGAAGTTTGCGT	normal	
BT1307_GGACAGACAATCACAC	normal	
BT1307_GGACAGACATACAGCT	normal	
BT1307_GGACAGACATTTGCCC	normal	
BT1307_GGACAGAGTAACGTTC	normal	
BT1307_GGACAGAGTTCTGGTA	normal	
BT1307_GGACAGATCCATTCTA	normal	
BT1307_GGACATTAGGTGATAT	normal	
BT1307_GGACATTCACCAGGTC	normal	
BT1307_GGACATTGTCGAAAGC	normal	
BT1307_GGACATTGTTCCGGCA	normal	
BT1307_GGACATTGTTCGTCTC	normal	
BT1307_GGACATTTCTGCTGCT	tumor	
BT1307_GGACGTCAGCCCAACC	normal	
BT1307_GGACGTCCAAGGGTCA	normal	
BT1307_GGACGTCGTAGGCTGA	normal	
BT1307_GGACGTCGTCTAGGTT	tumor	
BT1307_GGACGTCGTCTGCGGT	normal	
BT1307_GGACGTCGTTGGTGGA	normal	
BT1307_GGACGTCGTTTCCACC	normal	
BT1307_GGACGTCGTTTGTTGG	normal	
BT1307_GGACGTCTCAAACCAC	normal	
BT1307_GGACGTCTCTATGTGG	tumor	
BT1307_GGACGTCTCTCCAGGG	normal	
BT1307_GGAGCAAAGATAGGAG	normal	
BT1307_GGAGCAACATGAAGTA	normal	
BT1307_GGAGCAAGTCTGATCA	normal	
BT1307_GGAGCAATCAAACCAC	normal	
BT1307_GGAGCAATCACGACTA	normal	
BT1307_GGAGCAATCGGAAACG	normal	
BT1307_GGAGCAATCTCGTATT	normal	
BT1307_GGAGCAATCTGGTTCC	tumor	
BT1307_GGATGTTAGATGTCGG	normal	
BT1307_GGATGTTAGTGAAGAG	normal	
BT1307_GGATGTTAGTTGTCGT	normal	
BT1307_GGATGTTCAGCCAGAA	normal	
BT1307_GGATGTTGTGCTTCTC	tumor	
BT1307_GGATTACCACCAGTTA	normal	
BT1307_GGATTACCAGGGCATA	normal	
BT1307_GGATTACGTCCCTTGT	tumor	
BT1307_GGATTACTCATCGATG	normal	
BT1307_GGCAATTAGGACACCA	normal	
BT1307_GGCAATTCAAGTCTAC	normal	
BT1307_GGCAATTCAATGACCT	normal	
BT1307_GGCAATTCAGCTGTAT	normal	
BT1307_GGCAATTCAGGCTCAC	normal	
BT1307_GGCAATTCATCTCGCT	normal	
BT1307_GGCAATTCATGATCCA	normal	
BT1307_GGCAATTGTTATCACG	normal	
BT1307_GGCCGATAGAAAGTGG	normal	
BT1307_GGCCGATAGACACGAC	normal	
BT1307_GGCCGATAGCAGACTG	normal	
BT1307_GGCCGATAGCCGTCGT	normal	
BT1307_GGCCGATAGTGAAGAG	tumor	
BT1307_GGCCGATTCCGCGCAA	tumor	
BT1307_GGCCGATTCCTTTACA	normal	
BT1307_GGCCGATTCGGATGGA	normal	
BT1307_GGCGACTCACAGCCCA	normal	
BT1307_GGCGACTCACCAACCG	normal	
BT1307_GGCGACTGTCAATGTC	normal	
BT1307_GGCGACTGTCCATCCT	normal	
BT1307_GGCGACTTCAACCAAC	tumor	
BT1307_GGCGACTTCAACGGCC	normal	
BT1307_GGCGACTTCAACTCTT	normal	
BT1307_GGCGACTTCATCGGAT	normal	
BT1307_GGCGACTTCCGATATG	normal	
BT1307_GGCGACTTCCGCGCAA	normal	
BT1307_GGCGACTTCGCAAGCC	normal	
BT1307_GGCGTGTAGTGAACGC	normal	
BT1307_GGCGTGTCATGACATC	normal	
BT1307_GGCGTGTGTCATATCG	normal	
BT1307_GGCGTGTGTCTAGTCA	normal	
BT1307_GGCGTGTTCTTCGGTC	normal	
BT1307_GGCTCGAAGAAGGCCT	tumor	
BT1307_GGCTCGAAGATATGGT	normal	
BT1307_GGCTCGAAGCTCCCAG	normal	
BT1307_GGCTCGACAAGCGAGT	normal	
BT1307_GGCTCGACACAGACTT	normal	
BT1307_GGCTCGAGTGCACTTA	normal	
BT1307_GGCTCGAGTGTCGCTG	normal	
BT1307_GGCTCGATCAGGTTCA	normal	
BT1307_GGCTCGATCCGAACGC	normal	
BT1307_GGCTCGATCTCATTCA	normal	
BT1307_GGCTGGTAGAGGTTAT	tumor	
BT1307_GGCTGGTAGGAGTTTA	normal	
BT1307_GGCTGGTAGTAGGCCA	tumor	
BT1307_GGCTGGTCAATCACAC	normal	
BT1307_GGCTGGTCAATCAGAA	normal	
BT1307_GGCTGGTCATGGTCTA	normal	
BT1307_GGCTGGTTCACAGTAC	normal	
BT1307_GGCTGGTTCACCATAG	tumor	
BT1307_GGCTGGTTCGAGGTAG	normal	
BT1307_GGGAATGAGCTAGCCC	normal	
BT1307_GGGAATGTCATATCGG	normal	
BT1307_GGGACCTAGCTCTCGG	normal	
BT1307_GGGACCTAGGCAGGTT	normal	
BT1307_GGGACCTAGGCATGGT	normal	
BT1307_GGGACCTAGGTGATAT	normal	
BT1307_GGGACCTCACTCGACG	normal	
BT1307_GGGACCTGTAAACCTC	tumor	
BT1307_GGGACCTGTACAAGTA	normal	
BT1307_GGGAGATCACATGGGA	normal	
BT1307_GGGAGATCATACTCTT	normal	
BT1307_GGGAGATCATTCCTCG	tumor	
BT1307_GGGAGATGTCGATTGT	normal	
BT1307_GGGAGATGTCTGGTCG	normal	
BT1307_GGGAGATTCATGCTCC	normal	
BT1307_GGGAGATTCGAGCCCA	normal	
BT1307_GGGAGATTCGGCTTGG	normal	
BT1307_GGGAGATTCTCGCTTG	normal	
BT1307_GGGATGACAAGTACCT	normal	
BT1307_GGGATGACACCGGAAA	tumor	
BT1307_GGGATGAGTATAAACG	normal	
BT1307_GGGATGAGTCCAGTAT	normal	
BT1307_GGGATGAGTCGGCTCA	normal	
BT1307_GGGATGATCATTGCGA	tumor	
BT1307_GGGATGATCCCAACGG	normal	
BT1307_GGGATGATCTGTTGAG	tumor	
BT1307_GGGCACTCATTTCAGG	normal	
BT1307_GGGCACTGTTAGATGA	normal	
BT1307_GGGCACTGTTCAACCA	normal	
BT1307_GGGCACTTCACTGGGC	normal	
BT1307_GGGCACTTCCTGTACC	normal	
BT1307_GGGCACTTCGCGGATC	normal	
BT1307_GGGCACTTCTATCCTA	normal	
BT1307_GGGCATCCACGCATCG	normal	
BT1307_GGGCATCCATACAGCT	normal	
BT1307_GGGCATCGTTTGTTGG	normal	
BT1307_GGGCATCTCACCGTAA	tumor	
BT1307_GGGCATCTCACCTTAT	normal	
BT1307_GGGCATCTCGATCCCT	normal	
BT1307_GGGCATCTCGCTTGTC	normal	
BT1307_GGGCATCTCTTGTATC	normal	
BT1307_GGGTCTGAGGCTCAGA	normal	
BT1307_GGGTCTGGTACTTAGC	normal	
BT1307_GGGTCTGGTAGCTCCG	normal	
BT1307_GGGTCTGGTCAACATC	normal	
BT1307_GGGTCTGGTGCGATAG	normal	
BT1307_GGGTCTGGTTCCATGA	normal	
BT1307_GGGTCTGTCCAGGGCT	normal	
BT1307_GGGTCTGTCCGTCATC	normal	
BT1307_GGGTCTGTCGCCATAA	normal	
BT1307_GGGTTGCAGGCCCTTG	normal	
BT1307_GGGTTGCAGGGCTCTC	normal	
BT1307_GGGTTGCAGTGTACGG	normal	
BT1307_GGGTTGCCAGGGTATG	normal	
BT1307_GGGTTGCCATCCCACT	normal	
BT1307_GGGTTGCCATGCCACG	normal	
BT1307_GGGTTGCTCTCAAGTG	normal	
BT1307_GGTATTGAGAGTTGGC	normal	
BT1307_GGTATTGAGCCACGCT	normal	
BT1307_GGTATTGAGCTCCCAG	normal	
BT1307_GGTATTGAGTGTACGG	normal	
BT1307_GGTATTGCAAGCTGGA	normal	
BT1307_GGTATTGCAGCGAACA	normal	
BT1307_GGTATTGGTCTAGCGC	normal	
BT1307_GGTATTGGTTCTGTTT	normal	
BT1307_GGTATTGTCAACACGT	normal	
BT1307_GGTATTGTCAATAAGG	normal	
BT1307_GGTATTGTCCCATTTA	normal	
BT1307_GGTATTGTCGTTTATC	normal	
BT1307_GGTATTGTCTACCTGC	normal	
BT1307_GGTGAAGAGAATGTGT	normal	
BT1307_GGTGAAGAGATGTTAG	normal	
BT1307_GGTGAAGAGCGATAGC	normal	
BT1307_GGTGAAGAGCTAACTC	normal	
BT1307_GGTGAAGAGCTACCGC	normal	
BT1307_GGTGAAGAGGCCCTCA	normal	
BT1307_GGTGAAGAGGGTCTCC	normal	
BT1307_GGTGAAGAGGTGTGGT	normal	
BT1307_GGTGAAGCAATGGATA	normal	
BT1307_GGTGAAGGTAAACACA	normal	
BT1307_GGTGAAGGTAAAGTCA	normal	
BT1307_GGTGAAGGTACTCTCC	normal	
BT1307_GGTGAAGGTTCTGGTA	normal	
BT1307_GGTGAAGTCATTGCGA	normal	
BT1307_GGTGAAGTCGAACTGT	normal	
BT1307_GGTGCGTAGCAACGGT	normal	
BT1307_GGTGCGTAGTTAGGTA	normal	
BT1307_GGTGCGTCAATCCAAC	normal	
BT1307_GGTGCGTCACGCATCG	normal	
BT1307_GGTGCGTCATATGAGA	normal	
BT1307_GGTGCGTTCGTTGACA	normal	
BT1307_GGTGCGTTCTACGAGT	tumor	
BT1307_GGTGCGTTCTGCCCTA	normal	
BT1307_GGTGCGTTCTTAGAGC	normal	
BT1307_GGTGTTAAGACTTTCG	normal	
BT1307_GGTGTTAAGAGCAATT	normal	
BT1307_GGTGTTAAGTGAAGAG	normal	
BT1307_GGTGTTACAGATCTGT	normal	
BT1307_GGTGTTACATAGGATA	normal	
BT1307_GGTGTTAGTCGCGGTT	normal	
BT1307_GGTGTTAGTCTAAAGA	normal	
BT1307_GGTGTTAGTTCCACGG	normal	
BT1307_GGTGTTATCACATAGC	normal	
BT1307_GGTGTTATCGCATGAT	normal	
BT1307_GTAACGTCAACGATGG	normal	
BT1307_GTAACGTCAAGCCTAT	normal	
BT1307_GTAACGTCAAGCGCTC	normal	
BT1307_GTAACGTCAGCTGGCT	normal	
BT1307_GTAACGTCAGCTGTAT	normal	
BT1307_GTAACGTGTGTCCTCT	tumor	
BT1307_GTAACGTTCAAGATCC	normal	
BT1307_GTAACGTTCCTCAACC	normal	
BT1307_GTAACTGAGGATGCGT	normal	
BT1307_GTAACTGAGGCTAGAC	normal	
BT1307_GTAACTGAGTCCCACG	tumor	
BT1307_GTAACTGGTCCAGTAT	normal	
BT1307_GTAACTGGTCTCAACA	normal	
BT1307_GTAACTGGTGCAGACA	normal	
BT1307_GTAACTGGTGCAGTAG	normal	
BT1307_GTAACTGGTGGCGAAT	normal	
BT1307_GTAACTGTCAGCTGGC	normal	
BT1307_GTAACTGTCTCAAACG	tumor	
BT1307_GTACGTAAGACACTAA	normal	
BT1307_GTACGTAAGGGTTTCT	tumor	
BT1307_GTACGTAGTGCACTTA	normal	
BT1307_GTACGTAGTTAAAGAC	normal	
BT1307_GTACGTATCGGCTACG	normal	
BT1307_GTACGTATCTTCATGT	normal	
BT1307_GTACTCCAGAACAACT	normal	
BT1307_GTACTCCCAGCGTCCA	normal	
BT1307_GTACTCCCATGTCCTC	normal	
BT1307_GTACTCCGTATAGGGC	normal	
BT1307_GTACTCCGTTCCACTC	normal	
BT1307_GTACTCCTCCCTGACT	normal	
BT1307_GTACTCCTCCTGCCAT	normal	
BT1307_GTACTCCTCGCGATCG	tumor	
BT1307_GTACTCCTCGTCGTTC	normal	
BT1307_GTACTTTAGCCTCGTG	normal	
BT1307_GTACTTTAGCTAAGAT	tumor	
BT1307_GTACTTTAGGGCTTGA	tumor	
BT1307_GTACTTTAGGGTTTCT	normal	
BT1307_GTACTTTAGTCGTTTG	normal	
BT1307_GTACTTTCACGAAGCA	normal	
BT1307_GTACTTTCACGGCTAC	normal	
BT1307_GTACTTTGTCGGATCC	normal	
BT1307_GTACTTTGTTAAGTAG	normal	
BT1307_GTACTTTGTTCTGTTT	normal	
BT1307_GTACTTTTCCGAATGT	normal	
BT1307_GTAGGCCAGAGGGATA	tumor	
BT1307_GTAGGCCAGGAATTAC	normal	
BT1307_GTAGGCCAGGGTATCG	normal	
BT1307_GTAGGCCCAAACCTAC	normal	
BT1307_GTAGGCCCAAAGCAAT	normal	
BT1307_GTAGGCCCAGGCAGTA	normal	
BT1307_GTAGGCCTCCACGTGG	normal	
BT1307_GTAGGCCTCTGTCAAG	tumor	
BT1307_GTAGTCAAGTATTGGA	normal	
BT1307_GTAGTCATCATGTAGC	normal	
BT1307_GTATCTTAGATCGATA	tumor	
BT1307_GTATCTTAGCGATGAC	normal	
BT1307_GTATCTTCAATGAATG	tumor	
BT1307_GTATCTTCAGAAGCAC	normal	
BT1307_GTATCTTCAGTCAGAG	normal	
BT1307_GTATCTTGTCGCTTCT	normal	
BT1307_GTATCTTTCCAAACTG	tumor	
BT1307_GTATTCTAGAGGTACC	normal	
BT1307_GTATTCTCAGATTGCT	tumor	
BT1307_GTATTCTCAGCCAATT	normal	
BT1307_GTATTCTCAGCCAGAA	normal	
BT1307_GTATTCTCAGCTGCTG	normal	
BT1307_GTATTCTGTCCGAATT	normal	
BT1307_GTATTCTGTCCTCCAT	normal	
BT1307_GTATTCTGTGTGCCTG	normal	
BT1307_GTATTCTGTGTGGCTC	normal	
BT1307_GTATTCTTCCATGAGT	normal	
BT1307_GTATTCTTCCCATTTA	normal	
BT1307_GTATTCTTCCGTAGTA	tumor	
BT1307_GTATTCTTCCTTGACC	normal	
BT1307_GTATTCTTCGGAGCAA	normal	
BT1307_GTCAAGTCAGGGTTAG	normal	
BT1307_GTCAAGTCAGTAAGAT	normal	
BT1307_GTCAAGTCAGTCTTCC	tumor	
BT1307_GTCAAGTCATCCGCGA	normal	
BT1307_GTCAAGTCATGTAAGA	normal	
BT1307_GTCAAGTGTACTCGCG	normal	
BT1307_GTCAAGTGTCAACATC	normal	
BT1307_GTCAAGTGTCGAAAGC	normal	
BT1307_GTCAAGTGTTACGTCA	normal	
BT1307_GTCAAGTTCCGCATCT	normal	
BT1307_GTCAAGTTCGGTTCGG	normal	
BT1307_GTCAAGTTCTGGAGCC	normal	
BT1307_GTCAAGTTCTTACCTA	normal	
BT1307_GTCACAAAGACTACAA	normal	
BT1307_GTCACAAAGCCGATTT	normal	
BT1307_GTCACAAAGTATCGAA	normal	
BT1307_GTCACAAGTAGCTGCC	normal	
BT1307_GTCACAATCCGAATGT	normal	
BT1307_GTCACAATCTTATCTG	normal	
BT1307_GTCACGGAGTGACATA	tumor	
BT1307_GTCACGGCACAGGAGT	normal	
BT1307_GTCACGGCACGGCCAT	normal	
BT1307_GTCACGGCAGACAGGT	tumor	
BT1307_GTCACGGCAGGAATCG	normal	
BT1307_GTCACGGGTATGCTTG	normal	
BT1307_GTCATTTAGCAACGGT	normal	
BT1307_GTCATTTAGTACGCGA	normal	
BT1307_GTCATTTAGTGCTGCC	normal	
BT1307_GTCATTTGTCCATGAT	normal	yes
BT1307_GTCATTTTCACGAAGG	normal	
BT1307_GTCATTTTCATCACCC	normal	
BT1307_GTCATTTTCATGTAGC	normal	
BT1307_GTCATTTTCGACGGAA	normal	
BT1307_GTCATTTTCGAGAGCA	normal	
BT1307_GTCATTTTCTTACCTA	normal	
BT1307_GTCCTCACACCTATCC	normal	
BT1307_GTCCTCACATGCCACG	normal	
BT1307_GTCCTCACATTATCTC	normal	
BT1307_GTCCTCAGTGTAACGG	normal	
BT1307_GTCCTCATCAGTGCAT	normal	
BT1307_GTCCTCATCTAGCACA	normal	
BT1307_GTCCTCATCTGTCAAG	normal	
BT1307_GTCGGGTAGGGAAACA	normal	
BT1307_GTCGGGTCAGAGCCAA	normal	
BT1307_GTCGGGTCAGGTTTCA	normal	
BT1307_GTCGGGTGTCTTGCGG	normal	
BT1307_GTCGGGTGTTAGAACA	normal	
BT1307_GTCGGGTGTTGCTCCT	normal	
BT1307_GTCGGGTTCATGTCCC	normal	
BT1307_GTCGGGTTCTGCAGTA	normal	
BT1307_GTCGTAAAGAAGGTGA	normal	
BT1307_GTCGTAAAGAGTCGGT	normal	
BT1307_GTCGTAACATCCAACA	tumor	
BT1307_GTCGTAACATGGTCTA	normal	
BT1307_GTCGTAAGTCATCCCT	normal	
BT1307_GTCGTAAGTGTGTGCC	normal	
BT1307_GTCGTAAGTTACAGAA	normal	
BT1307_GTCGTAAGTTTGACTG	normal	
BT1307_GTCGTAATCATGCTCC	tumor	
BT1307_GTCGTAATCTTGCAAG	normal	
BT1307_GTCTCGTAGACACGAC	normal	
BT1307_GTCTCGTAGTCGCCGT	normal	
BT1307_GTCTCGTTCACATACG	normal	
BT1307_GTCTCGTTCAGCGACC	normal	
BT1307_GTCTCGTTCTTCCTTC	normal	
BT1307_GTCTTCGAGCTAGTGG	normal	
BT1307_GTCTTCGAGGCATTGG	normal	
BT1307_GTCTTCGAGGGTCTCC	normal	
BT1307_GTCTTCGAGTCTCAAC	normal	
BT1307_GTCTTCGCATCACGTA	normal	
BT1307_GTCTTCGGTCAACATC	normal	
BT1307_GTCTTCGGTCTCTTAT	normal	
BT1307_GTCTTCGGTTCAGGCC	normal	
BT1307_GTCTTCGTCAGCGACC	normal	
BT1307_GTGAAGGAGGCAAAGA	normal	
BT1307_GTGAAGGCATCCCATC	normal	
BT1307_GTGAAGGGTTGGTAAA	tumor	
BT1307_GTGAAGGTCAGCAACT	normal	
BT1307_GTGAAGGTCCGGCACA	normal	
BT1307_GTGAAGGTCTCAAACG	normal	
BT1307_GTGCAGCCACCAGCAC	normal	
BT1307_GTGCAGCCACTACAGT	tumor	
BT1307_GTGCAGCCATCCGCGA	normal	
BT1307_GTGCAGCGTTATCACG	tumor	
BT1307_GTGCAGCTCGCTAGCG	normal	
BT1307_GTGCAGCTCGTCCGTT	normal	
BT1307_GTGCAGCTCTTGAGGT	normal	
BT1307_GTGCATAAGACGCAAC	normal	
BT1307_GTGCATAAGCCTCGTG	normal	
BT1307_GTGCATAAGGTGATAT	normal	
BT1307_GTGCATAAGGTGCAAC	normal	
BT1307_GTGCATACAATCGGTT	normal	
BT1307_GTGCATACACACCGAC	tumor	
BT1307_GTGCATAGTCGAGATG	normal	
BT1307_GTGCATATCGGTCCGA	tumor	
BT1307_GTGCATATCGGTGTTA	normal	
BT1307_GTGCATATCGTTGACA	normal	
BT1307_GTGCGGTAGACTTGAA	normal	
BT1307_GTGCGGTAGTGTCTCA	normal	
BT1307_GTGCGGTCATGGTCTA	normal	
BT1307_GTGCTTCAGCGCTCCA	normal	
BT1307_GTGCTTCAGTCATCCA	normal	
BT1307_GTGCTTCAGTTGTCGT	normal	
BT1307_GTGCTTCCAGCTATTG	tumor	
BT1307_GTGCTTCGTCTGATTG	normal	
BT1307_GTGCTTCGTGCACTTA	normal	
BT1307_GTGCTTCGTTGTCGCG	normal	
BT1307_GTGCTTCTCAACGCTA	normal	
BT1307_GTGGGTCAGATACACA	normal	
BT1307_GTGGGTCAGATGTGTA	normal	
BT1307_GTGGGTCCAAAGGAAG	normal	
BT1307_GTGGGTCCAGCTGCTG	tumor	
BT1307_GTGGGTCGTAGCTGCC	tumor	
BT1307_GTGGGTCGTGCCTGCA	normal	
BT1307_GTGGGTCGTTACGCGC	normal	
BT1307_GTGGGTCGTTATCCGA	tumor	
BT1307_GTGGGTCTCCCTCAGT	normal	
BT1307_GTGGGTCTCCTCAACC	tumor	
BT1307_GTGTGCGAGCCAGAAC	normal	
BT1307_GTGTGCGAGCTCCTCT	normal	
BT1307_GTGTGCGAGTCGAGTG	normal	
BT1307_GTGTGCGGTACCGGCT	normal	
BT1307_GTGTGCGGTGAAATCA	tumor	
BT1307_GTGTGCGGTGGACGAT	normal	
BT1307_GTGTGCGGTTCCACTC	normal	
BT1307_GTGTTAGAGATGCCTT	normal	
BT1307_GTGTTAGAGGGAAACA	tumor	
BT1307_GTGTTAGCAAGTTCTG	normal	
BT1307_GTGTTAGCACCAGTTA	normal	
BT1307_GTGTTAGGTCAGAAGC	normal	
BT1307_GTGTTAGGTGTTCGAT	tumor	
BT1307_GTGTTAGTCATAACCG	normal	
BT1307_GTGTTAGTCTTGAGAC	normal	
BT1307_GTTAAGCAGATGCCAG	normal	
BT1307_GTTAAGCAGTAGTGCG	normal	
BT1307_GTTAAGCAGTGAACGC	normal	
BT1307_GTTAAGCCACAAGACG	normal	
BT1307_GTTAAGCCACGTCTCT	normal	
BT1307_GTTAAGCGTATCAGTC	normal	
BT1307_GTTAAGCGTATGAAAC	normal	
BT1307_GTTAAGCGTCGAATCT	tumor	
BT1307_GTTAAGCGTGAGGCTA	normal	
BT1307_GTTAAGCGTTAGATGA	normal	
BT1307_GTTACAGCAATGGACG	normal	
BT1307_GTTACAGTCAATACCG	normal	
BT1307_GTTACAGTCACTATTC	normal	
BT1307_GTTACAGTCATGCAAC	normal	
BT1307_GTTACAGTCATGCTCC	tumor	
BT1307_GTTACAGTCGGTGTTA	normal	
BT1307_GTTACAGTCTGCGTAA	normal	
BT1307_GTTACAGTCTTTACGT	normal	
BT1307_GTTCATTAGTTATCGC	normal	
BT1307_GTTCATTCAAGTCATC	normal	
BT1307_GTTCATTCATGGTAGG	normal	
BT1307_GTTCATTGTAATCGTC	normal	
BT1307_GTTCATTGTCTGGAGA	normal	
BT1307_GTTCATTTCATCGGAT	normal	
BT1307_GTTCATTTCCGAAGAG	normal	
BT1307_GTTCATTTCCTAGTGA	normal	
BT1307_GTTCATTTCTTGTTTG	normal	
BT1307_GTTCGGGCAGATGGGT	normal	
BT1307_GTTCGGGGTCACTGGC	normal	
BT1307_GTTCGGGGTGATAAAC	normal	
BT1307_GTTCGGGTCAGGCAAG	normal	
BT1307_GTTCGGGTCGCAAACT	normal	
BT1307_GTTCGGGTCTCTTATG	normal	
BT1307_GTTCGGGTCTTCCTTC	normal	
BT1307_GTTCGGGTCTTGTATC	normal	
BT1307_GTTCTCGAGTTACGGG	normal	
BT1307_GTTCTCGCAACACCCG	normal	
BT1307_GTTCTCGCACCTCGTT	normal	
BT1307_GTTCTCGGTACGCTGC	normal	
BT1307_GTTCTCGTCCCAAGTA	normal	
BT1307_GTTCTCGTCGTTACGA	tumor	
BT1307_GTTCTCGTCTCGATGA	normal	
BT1307_GTTTCTAAGCAGGCTA	normal	
BT1307_GTTTCTAAGTCGAGTG	normal	
BT1307_GTTTCTACATCCAACA	tumor	
BT1307_TAAACCGAGTGCTGCC	normal	
BT1307_TAAACCGAGTTAAGTG	tumor	
BT1307_TAAACCGCACCGTTGG	normal	
BT1307_TAAACCGCAGACGCCT	normal	
BT1307_TAAACCGCAGGTTTCA	normal	
BT1307_TAAACCGGTAACGTTC	normal	
BT1307_TAAACCGTCCGCGGTA	normal	
BT1307_TAAACCGTCTGTTGAG	normal	
BT1307_TAAGAGAAGGATTCGG	tumor	
BT1307_TAAGAGAAGTGTACTC	normal	
BT1307_TAAGAGACACCGATAT	normal	
BT1307_TAAGAGACAGACGCCT	normal	
BT1307_TAAGAGAGTAAGTAGT	normal	
BT1307_TAAGAGAGTACATGTC	tumor	
BT1307_TAAGAGAGTACTCGCG	normal	
BT1307_TAAGAGAGTGCATCTA	normal	
BT1307_TAAGAGAGTGCGCTTG	normal	
BT1307_TAAGAGATCGAGAGCA	normal	
BT1307_TAAGAGATCTCTGTCG	tumor	
BT1307_TAAGCGTAGGTACTCT	tumor	
BT1307_TAAGCGTAGTACATGA	normal	
BT1307_TAAGCGTAGTCCAGGA	normal	
BT1307_TAAGCGTCATCGATGT	normal	
BT1307_TAAGCGTCATTGGCGC	normal	
BT1307_TAAGCGTGTACAGTTC	normal	
BT1307_TAAGCGTGTCTCGTTC	normal	
BT1307_TAAGCGTTCAACACGT	normal	
BT1307_TAAGCGTTCACGGTTA	normal	
BT1307_TAAGCGTTCTGTGCAA	normal	
BT1307_TAAGTGCAGGATGTAT	normal	
BT1307_TAAGTGCAGGCAAAGA	normal	
BT1307_TAAGTGCCAATGGTCT	normal	
BT1307_TAAGTGCGTCAAAGAT	normal	
BT1307_TAAGTGCGTTCCACGG	normal	
BT1307_TAAGTGCTCAACGAAA	normal	
BT1307_TACACGAAGCCGGTAA	normal	
BT1307_TACACGAAGGACGAAA	normal	
BT1307_TACACGAGTCGAAAGC	normal	
BT1307_TACACGAGTCTAGAGG	normal	
BT1307_TACAGTGAGACACTAA	normal	
BT1307_TACAGTGAGCGTGAAC	normal	
BT1307_TACAGTGAGGATCGCA	tumor	
BT1307_TACAGTGGTCGGGTCT	tumor	
BT1307_TACAGTGGTCTCAACA	tumor	
BT1307_TACAGTGGTTGGTGGA	normal	
BT1307_TACAGTGTCCGCATAA	normal	
BT1307_TACAGTGTCCGTTGTC	normal	
BT1307_TACCTATAGCCTTGAT	normal	
BT1307_TACCTATCACGAAACG	tumor	
BT1307_TACCTATCACGACGAA	normal	
BT1307_TACCTATCAGTACACT	normal	
BT1307_TACCTATGTCAGAAGC	normal	
BT1307_TACCTATGTCTTGTCC	normal	
BT1307_TACCTATGTGTTTGTG	normal	
BT1307_TACCTATTCGGAAACG	normal	
BT1307_TACCTTAAGCTATGCT	tumor	
BT1307_TACCTTAAGGGCACTA	normal	
BT1307_TACCTTAAGTTACGGG	normal	
BT1307_TACCTTAGTCAAAGAT	normal	
BT1307_TACCTTATCCTGTACC	normal	
BT1307_TACCTTATCGCCTGTT	normal	
BT1307_TACCTTATCGTCCAGG	normal	
BT1307_TACGGATGTGGTACAG	normal	
BT1307_TACGGATTCGCCTGAG	normal	
BT1307_TACGGATTCTTGGGTA	normal	
BT1307_TACGGGCAGGGCTTGA	normal	
BT1307_TACGGGCAGGGTCGAT	normal	
BT1307_TACGGGCGTATAGGGC	normal	
BT1307_TACGGGCGTGTGCGTC	tumor	
BT1307_TACGGGCTCGGTGTTA	tumor	
BT1307_TACGGGCTCTCCCTGA	normal	
BT1307_TACGGTAAGGCTCAGA	normal	
BT1307_TACGGTACACAACTGT	normal	
BT1307_TACGGTACACAGGAGT	normal	
BT1307_TACGGTACAGGATTGG	normal	
BT1307_TACGGTAGTACCGCTG	normal	
BT1307_TACGGTAGTCTCGTTC	normal	
BT1307_TACGGTAGTTCAGGCC	normal	
BT1307_TACGGTATCCACGCAG	normal	
BT1307_TACTCATAGGCTACGA	normal	
BT1307_TACTCATAGGTGATTA	normal	
BT1307_TACTCATCACACCGAC	normal	
BT1307_TACTCATCAGCGATCC	normal	
BT1307_TACTCATCAGCTCGAC	normal	
BT1307_TACTCATGTCATACTG	normal	
BT1307_TACTCATGTGGTACAG	normal	
BT1307_TACTCATTCACGCGGT	normal	
BT1307_TACTCGCCACAGCCCA	tumor	
BT1307_TACTCGCGTAGGGACT	normal	
BT1307_TACTCGCGTGGCTCCA	normal	
BT1307_TACTCGCGTTCGCTAA	normal	
BT1307_TACTCGCTCCCTTGCA	normal	
BT1307_TACTCGCTCTCCCTGA	normal	
BT1307_TACTTACAGAGTAAGG	normal	
BT1307_TACTTACAGCAATATG	normal	
BT1307_TACTTACAGCGCCTCA	normal	
BT1307_TACTTACAGCGCTCCA	tumor	
BT1307_TACTTACAGCGCTTAT	normal	
BT1307_TACTTACAGTTTGCGT	normal	
BT1307_TACTTACCAATACGCT	normal	
BT1307_TACTTACCAGGGCATA	normal	
BT1307_TACTTACGTAGCTGCC	normal	
BT1307_TACTTACGTCAAACTC	normal	
BT1307_TACTTACGTCGCATCG	normal	
BT1307_TACTTACGTCTAGCCG	normal	
BT1307_TACTTGTAGACCTAGG	normal	
BT1307_TACTTGTAGACTGTAA	normal	
BT1307_TACTTGTAGCTGAACG	normal	
BT1307_TACTTGTAGGGTCTCC	normal	
BT1307_TACTTGTAGTAGCGGT	normal	
BT1307_TACTTGTCACATCCGG	normal	
BT1307_TACTTGTCATAAGACA	normal	
BT1307_TACTTGTGTCTGATTG	normal	
BT1307_TACTTGTTCAGTTTGG	normal	
BT1307_TACTTGTTCATGTCTT	normal	
BT1307_TAGACCAAGATGCCTT	normal	
BT1307_TAGACCAAGCTATGCT	normal	
BT1307_TAGACCACAACTGCTA	tumor	
BT1307_TAGACCACACAAGTAA	normal	
BT1307_TAGACCAGTAGGGACT	normal	
BT1307_TAGACCAGTTAGATGA	normal	
BT1307_TAGACCATCCCATTTA	normal	
BT1307_TAGACCATCGACAGCC	normal	
BT1307_TAGACCATCGGAAACG	normal	
BT1307_TAGACCATCTATCCCG	normal	
BT1307_TAGAGCTAGTACGACG	tumor	
BT1307_TAGAGCTAGTGGTAAT	normal	
BT1307_TAGAGCTTCAACACAC	normal	
BT1307_TAGAGCTTCACCCTCA	normal	
BT1307_TAGAGCTTCCACGAAT	normal	
BT1307_TAGAGCTTCGTCACGG	normal	
BT1307_TAGCCGGAGCCAGTAG	tumor	
BT1307_TAGCCGGCAATGACCT	normal	
BT1307_TAGCCGGCACAACGTT	normal	
BT1307_TAGCCGGCACGGCCAT	normal	
BT1307_TAGCCGGCATGTTCCC	normal	
BT1307_TAGCCGGTCCAAGCCG	normal	
BT1307_TAGCCGGTCCCGACTT	normal	
BT1307_TAGCCGGTCCGGGTGT	tumor	
BT1307_TAGCCGGTCGACAGCC	normal	
BT1307_TAGGCATCACCGTTGG	normal	
BT1307_TAGGCATCATTGGCGC	normal	
BT1307_TAGGCATGTCAGAAGC	normal	
BT1307_TAGGCATTCTTCAACT	normal	
BT1307_TAGTGGTAGTGCCAGA	normal	
BT1307_TAGTGGTCAGAGTGTG	normal	
BT1307_TAGTGGTCAGATCGGA	tumor	
BT1307_TAGTGGTGTCTCTCTG	normal	
BT1307_TAGTGGTGTCTGCGGT	normal	
BT1307_TAGTGGTTCACCGTAA	normal	
BT1307_TAGTGGTTCGAACGGA	normal	
BT1307_TAGTTGGAGAACTGTA	normal	
BT1307_TAGTTGGAGAGCTATA	normal	
BT1307_TAGTTGGCATCACCCT	tumor	
BT1307_TAGTTGGTCCGGCACA	normal	
BT1307_TAGTTGGTCTAACTCT	normal	
BT1307_TATCAGGCATACCATG	normal	
BT1307_TATCAGGGTCACTGGC	normal	
BT1307_TATCAGGTCACCTCGT	normal	
BT1307_TATCAGGTCAGGCGAA	tumor	
BT1307_TATCTCAAGAGCAATT	normal	
BT1307_TATCTCAAGATGTGTA	normal	
BT1307_TATCTCAAGGCCCGTT	normal	yes
BT1307_TATCTCAAGTAGGCCA	normal	
BT1307_TATCTCACAATGGACG	normal	
BT1307_TATCTCACACAAGTAA	normal	
BT1307_TATCTCATCAACGAAA	normal	
BT1307_TATCTCATCACTTCAT	normal	
BT1307_TATGCCCAGTTGAGTA	normal	
BT1307_TATGCCCGTAGGCATG	normal	
BT1307_TATGCCCGTTACCGAT	normal	
BT1307_TATGCCCTCAACGGCC	normal	
BT1307_TCAACGACACTTCTGC	normal	
BT1307_TCAACGACATATGCTG	normal	
BT1307_TCAACGAGTACATGTC	normal	
BT1307_TCAACGAGTACGCTGC	normal	
BT1307_TCAACGATCACCCTCA	normal	
BT1307_TCAACGATCAGTGCAT	normal	
BT1307_TCAATCTAGCTGAACG	normal	
BT1307_TCAATCTAGTCAAGCG	normal	
BT1307_TCAATCTCATAGACTC	normal	
BT1307_TCAATCTCATTGCGGC	normal	
BT1307_TCAATCTGTCTCACCT	tumor	
BT1307_TCAATCTGTGCACCAC	normal	
BT1307_TCAATCTGTTGGAGGT	normal	
BT1307_TCAATCTGTTGTCTTT	tumor	
BT1307_TCAATCTTCATGCTCC	tumor	
BT1307_TCAATCTTCCAGATCA	normal	
BT1307_TCAATCTTCTCGCATC	normal	
BT1307_TCAATCTTCTGCGACG	normal	
BT1307_TCACAAGCAATCTACG	normal	
BT1307_TCACAAGCAATGCCAT	normal	
BT1307_TCACAAGCACGGTGTC	normal	
BT1307_TCACAAGCAGCCAGAA	normal	
BT1307_TCACAAGGTGCGGTAA	tumor	
BT1307_TCACAAGTCAAACAAG	normal	
BT1307_TCACAAGTCAGTTTGG	normal	
BT1307_TCACAAGTCTTACCTA	tumor	
BT1307_TCACGAAAGCCCAGCT	normal	
BT1307_TCACGAAAGCGGCTTC	normal	
BT1307_TCACGAAAGGGAAACA	normal	
BT1307_TCACGAAAGTGCTGCC	normal	
BT1307_TCACGAAGTGGCAAAC	tumor	
BT1307_TCACGAAGTTGCGCAC	tumor	
BT1307_TCAGATGAGAGTGACC	normal	
BT1307_TCAGATGAGTGCGATG	tumor	
BT1307_TCAGATGCAGATGGCA	normal	
BT1307_TCAGATGGTAGCACGA	normal	
BT1307_TCAGATGGTCCATGAT	tumor	
BT1307_TCAGATGGTGTAAGTA	tumor	
BT1307_TCAGATGTCAGCGACC	normal	
BT1307_TCAGATGTCCACGAAT	normal	
BT1307_TCAGATGTCCTTGCCA	normal	
BT1307_TCAGATGTCTCGATGA	normal	
BT1307_TCAGCAAAGACCACGA	normal	
BT1307_TCAGCAACAGTCAGAG	normal	
BT1307_TCAGCAATCCACGCAG	normal	
BT1307_TCAGCAATCTACTATC	normal	
BT1307_TCAGCTCAGACGCAAC	normal	
BT1307_TCAGCTCAGATCACGG	normal	
BT1307_TCAGCTCAGTTAGCGG	normal	
BT1307_TCAGCTCAGTTGAGTA	normal	
BT1307_TCAGCTCCAGATGAGC	normal	
BT1307_TCAGCTCGTGCCTTGG	normal	
BT1307_TCAGCTCTCACCTTAT	normal	
BT1307_TCAGCTCTCTTCTGGC	tumor	
BT1307_TCAGGATAGCACCGCT	normal	
BT1307_TCAGGATCACTCTGTC	normal	
BT1307_TCAGGATCATTACCTT	normal	
BT1307_TCAGGATCATTGAGCT	tumor	
BT1307_TCAGGATGTCAAGCGA	normal	
BT1307_TCAGGATTCATCGATG	normal	
BT1307_TCAGGATTCGCGATCG	tumor	
BT1307_TCAGGTACAGATAATG	tumor	
BT1307_TCAGGTACATGCCACG	normal	
BT1307_TCAGGTAGTATTCTCT	normal	
BT1307_TCAGGTAGTCATCGGC	normal	
BT1307_TCAGGTAGTCATGCAT	normal	
BT1307_TCAGGTATCGAACTGT	normal	
BT1307_TCATTACAGCAGCGTA	normal	
BT1307_TCATTACAGCTAACTC	normal	
BT1307_TCATTACCACATTAGC	normal	
BT1307_TCATTACCACGAGAGT	normal	
BT1307_TCATTACCATGCCACG	normal	
BT1307_TCATTACGTAAACGCG	normal	
BT1307_TCATTACGTACCGTAT	normal	
BT1307_TCATTACGTACGCTGC	normal	
BT1307_TCATTACGTTATTCTC	normal	
BT1307_TCATTACGTTTGACAC	normal	
BT1307_TCATTACTCAACACGT	normal	
BT1307_TCATTACTCAGCCTAA	normal	
BT1307_TCATTTGAGCCACGCT	normal	
BT1307_TCATTTGAGCGTAGTG	normal	
BT1307_TCATTTGGTGCACGAA	normal	
BT1307_TCATTTGTCAGGCGAA	normal	
BT1307_TCATTTGTCCTATGTT	tumor	
BT1307_TCCACACAGCCTTGAT	normal	
BT1307_TCCACACAGCTCCTCT	normal	
BT1307_TCCACACAGGCGTACA	normal	
BT1307_TCCACACAGTGGACGT	normal	
BT1307_TCCACACCAAGAAAGG	normal	
BT1307_TCCACACCAATGGAGC	normal	
BT1307_TCCACACGTATAGGTA	normal	
BT1307_TCCACACGTCTAGTGT	normal	
BT1307_TCCACACGTCTGCGGT	normal	
BT1307_TCCACACGTTGCGCAC	normal	
BT1307_TCCACACTCTTTACGT	normal	
BT1307_TCCCGATAGAATAGGG	normal	
BT1307_TCCCGATAGACTAGAT	normal	
BT1307_TCCCGATAGGAGTTGC	normal	
BT1307_TCCCGATGTCAGTGGA	normal	
BT1307_TCCCGATGTCTCTCGT	normal	
BT1307_TCCCGATGTGTCCTCT	normal	
BT1307_TCCCGATTCATTTGGG	normal	
BT1307_TCCCGATTCGCGTAGC	normal	
BT1307_TCCCGATTCTCGGACG	normal	
BT1307_TCGAGGCAGACATAAC	normal	
BT1307_TCGAGGCAGAGCTTCT	tumor	
BT1307_TCGAGGCGTCGCCATG	normal	
BT1307_TCGAGGCGTTAAAGTG	normal	
BT1307_TCGAGGCTCCTTCAAT	tumor	
BT1307_TCGCGAGAGGAGTAGA	normal	
BT1307_TCGCGAGCACGAGGTA	normal	
BT1307_TCGCGAGGTATCACCA	normal	
BT1307_TCGCGAGTCGAATGGG	tumor	
BT1307_TCGCGTTAGGCTAGCA	normal	
BT1307_TCGCGTTAGTGTTGAA	tumor	
BT1307_TCGCGTTGTTCTGGTA	normal	
BT1307_TCGCGTTTCAGATAAG	normal	
BT1307_TCGCGTTTCAGCTCTC	tumor	
BT1307_TCGGGACAGAGAGCTC	normal	yes
BT1307_TCGGGACAGATACACA	tumor	
BT1307_TCGGGACGTAGAGTGC	normal	
BT1307_TCGGGACGTCTCTTTA	normal	
BT1307_TCGGGACTCATGCTCC	normal	
BT1307_TCGGGACTCGCTGATA	normal	
BT1307_TCGGTAAAGTACGTAA	normal	
BT1307_TCGGTAAAGTGAACAT	tumor	
BT1307_TCGGTAACACATCCGG	normal	
BT1307_TCGGTAACATGTCTCC	normal	
BT1307_TCGGTAAGTATATGAG	normal	
BT1307_TCGGTAAGTATCTGCA	normal	
BT1307_TCGGTAAGTCGCCATG	normal	
BT1307_TCGGTAAGTTGGACCC	normal	
BT1307_TCGGTAATCCTCAACC	normal	
BT1307_TCGTACCAGATCCCGC	normal	
BT1307_TCGTACCAGCCATCGC	normal	
BT1307_TCGTACCAGGCACATG	normal	
BT1307_TCGTACCCAAGTAGTA	normal	
BT1307_TCGTACCCAATGGAAT	normal	
BT1307_TCGTACCCACGCATCG	normal	
BT1307_TCGTACCGTAATCACC	normal	
BT1307_TCGTACCGTATCTGCA	normal	
BT1307_TCGTACCTCACAATGC	normal	
BT1307_TCGTACCTCACCATAG	normal	
BT1307_TCGTACCTCATCACCC	normal	
BT1307_TCGTAGAAGGCAAAGA	normal	
BT1307_TCGTAGAAGTCCGTAT	tumor	
BT1307_TCGTAGACAGCCAATT	normal	
BT1307_TCGTAGACAGTATGCT	normal	
BT1307_TCGTAGAGTCCGACGT	normal	
BT1307_TCGTAGAGTGGTACAG	normal	
BT1307_TCGTAGATCATAACCG	normal	
BT1307_TCGTAGATCCCGGATG	normal	
BT1307_TCTATTGAGATGCCAG	tumor	
BT1307_TCTATTGAGCTGCCCA	normal	
BT1307_TCTATTGCAATGTAAG	normal	
BT1307_TCTATTGCAGCTCGCA	normal	
BT1307_TCTATTGCATGTTGAC	normal	
BT1307_TCTATTGGTAAGTGTA	normal	
BT1307_TCTATTGGTGGCAAAC	normal	
BT1307_TCTATTGTCAGAGACG	normal	
BT1307_TCTATTGTCTCTTGAT	normal	
BT1307_TCTCATAAGACTGTAA	normal	
BT1307_TCTCATAAGGTGGGTT	normal	
BT1307_TCTCATAAGTATGACA	normal	
BT1307_TCTCATAGTGAACCTT	normal	
BT1307_TCTCATATCTGTGCAA	tumor	
BT1307_TCTCTAAAGACAAAGG	normal	
BT1307_TCTCTAACATCACGTA	normal	
BT1307_TCTCTAAGTCGAGTTT	normal	
BT1307_TCTCTAAGTGCACGAA	normal	
BT1307_TCTCTAATCCAACCAA	normal	
BT1307_TCTGAGACACCGATAT	normal	
BT1307_TCTGAGATCTTCCTTC	normal	
BT1307_TCTGGAAAGACACGAC	normal	
BT1307_TCTGGAAAGGGTTTCT	normal	
BT1307_TCTGGAACAAGCTGGA	normal	
BT1307_TCTGGAACAAGGTTTC	tumor	
BT1307_TCTGGAACATTCCTGC	tumor	
BT1307_TCTGGAAGTAGCTGCC	normal	
BT1307_TCTGGAAGTCCCGACA	normal	
BT1307_TCTGGAAGTCTAGCCG	normal	
BT1307_TCTGGAATCACCCGAG	normal	
BT1307_TCTGGAATCACCTCGT	tumor	
BT1307_TCTGGAATCAGTTTGG	normal	
BT1307_TCTGGAATCCAACCAA	normal	
BT1307_TCTTCGGAGCGTGAGT	normal	
BT1307_TCTTCGGAGGGAGTAA	normal	
BT1307_TCTTCGGAGTACGCGA	tumor	
BT1307_TCTTCGGAGTCACGCC	normal	
BT1307_TCTTCGGCAATGTTGC	tumor	
BT1307_TCTTCGGCACGTAAGG	normal	
BT1307_TCTTCGGCAGACGCTC	normal	
BT1307_TCTTCGGCATTCGACA	normal	
BT1307_TCTTCGGGTAGCGTAG	normal	
BT1307_TCTTCGGGTCAATGTC	normal	
BT1307_TCTTCGGGTTAGAACA	normal	
BT1307_TCTTCGGTCGAGAGCA	normal	
BT1307_TCTTCGGTCTTAACCT	tumor	
BT1307_TCTTTCCAGCCACCTG	normal	
BT1307_TCTTTCCGTATTCTCT	normal	
BT1307_TCTTTCCTCCCAGGTG	normal	
BT1307_TGAAAGAAGTCCAGGA	normal	
BT1307_TGAAAGAAGTTTGCGT	normal	
BT1307_TGAAAGACAGCTCCGA	normal	
BT1307_TGAAAGAGTAAATACG	normal	
BT1307_TGAAAGAGTGATAAAC	normal	
BT1307_TGAAAGATCGTTACAG	normal	
BT1307_TGACAACAGACAATAC	tumor	
BT1307_TGACAACCAAGACACG	normal	
BT1307_TGACAACCAAGCTGGA	tumor	
BT1307_TGACAACCACATCTTT	normal	
BT1307_TGACAACCAGCATACT	normal	
BT1307_TGACAACGTCATATCG	normal	
BT1307_TGACAACGTTAAGTAG	normal	
BT1307_TGACAACGTTCACCTC	normal	
BT1307_TGACGGCAGAAGAAGC	normal	
BT1307_TGACGGCCAAGCGCTC	tumor	
BT1307_TGACGGCCACATTAGC	normal	
BT1307_TGACGGCCACTGTTAG	normal	
BT1307_TGACGGCCAGCTGTTA	normal	
BT1307_TGACGGCCATCGGTTA	normal	
BT1307_TGACGGCGTGACCAAG	tumor	
BT1307_TGACGGCGTGCACCAC	normal	
BT1307_TGACGGCTCTACTCAT	normal	
BT1307_TGACTAGAGTAGGTGC	tumor	
BT1307_TGACTAGCAATACGCT	normal	
BT1307_TGACTAGGTACCGGCT	tumor	
BT1307_TGACTAGGTCTCTTAT	normal	
BT1307_TGACTTTAGAACTCGG	normal	
BT1307_TGACTTTAGACGACGT	normal	
BT1307_TGACTTTCATGCTAGT	normal	yes
BT1307_TGACTTTCATTGAGCT	normal	
BT1307_TGACTTTGTCGCGGTT	tumor	
BT1307_TGACTTTGTCGGATCC	normal	
BT1307_TGAGAGGAGAAACCTA	normal	
BT1307_TGAGAGGAGAGATGAG	normal	
BT1307_TGAGAGGAGCTACCGC	normal	
BT1307_TGAGAGGAGGCTCATT	normal	
BT1307_TGAGAGGCAAGGACTG	normal	
BT1307_TGAGAGGGTCGCGGTT	normal	
BT1307_TGAGAGGGTCTAGCCG	normal	
BT1307_TGAGAGGTCACGATGT	normal	
BT1307_TGAGAGGTCAGCAACT	normal	
BT1307_TGAGAGGTCCGCAGTG	normal	
BT1307_TGAGCATAGACATAAC	normal	
BT1307_TGAGCATAGTTGCAGG	normal	
BT1307_TGAGCATCAAAGTGCG	normal	
BT1307_TGAGCATCAAGCGTAG	normal	
BT1307_TGAGCATCATCACCCT	normal	
BT1307_TGAGCATGTAGAAGGA	normal	
BT1307_TGAGCATGTCATATCG	normal	
BT1307_TGAGCATGTTAGATGA	normal	
BT1307_TGAGCATTCAGCTCGG	normal	
BT1307_TGAGCCGCAACTTGAC	normal	
BT1307_TGAGCCGCAGGCTCAC	tumor	
BT1307_TGAGCCGCAGTGGGAT	normal	
BT1307_TGAGCCGCAGTTTACG	normal	
BT1307_TGAGCCGGTACCGCTG	normal	
BT1307_TGAGCCGGTCCCTTGT	normal	
BT1307_TGAGCCGGTGCCTTGG	normal	
BT1307_TGAGCCGTCCACGCAG	normal	
BT1307_TGAGCCGTCTAACTGG	normal	
BT1307_TGAGGGAAGAAACCTA	normal	
BT1307_TGAGGGAAGTCACGCC	normal	
BT1307_TGAGGGAAGTCGCCGT	normal	
BT1307_TGAGGGAAGTGAACGC	normal	
BT1307_TGAGGGACACTGCCAG	normal	
BT1307_TGAGGGAGTTAAAGAC	normal	
BT1307_TGAGGGATCAATCACG	tumor	
BT1307_TGATTTCAGAGCTGCA	normal	
BT1307_TGATTTCAGCCCAATT	normal	
BT1307_TGATTTCTCGTGGACC	normal	
BT1307_TGCACCTAGAACTCGG	tumor	
BT1307_TGCACCTAGCCACGCT	normal	
BT1307_TGCACCTAGCCGTCGT	normal	
BT1307_TGCACCTCAAGCTGTT	normal	
BT1307_TGCACCTCAGGCTCAC	normal	
BT1307_TGCACCTCATTAGCCA	normal	
BT1307_TGCACCTGTCCAAGTT	normal	
BT1307_TGCACCTGTGCATCTA	normal	
BT1307_TGCCAAAAGAGTAATC	normal	
BT1307_TGCCAAAAGGATCGCA	normal	
BT1307_TGCCAAACATGACGGA	tumor	
BT1307_TGCCAAAGTCATATCG	normal	
BT1307_TGCCAAAGTCTCTTAT	normal	
BT1307_TGCCAAAGTGTCGCTG	normal	
BT1307_TGCCAAAGTTTGACTG	normal	
BT1307_TGCCAAATCAGCGATT	normal	
BT1307_TGCCCATAGCCAACAG	normal	
BT1307_TGCCCATAGCCCTAAT	normal	
BT1307_TGCCCATAGCTGCCCA	normal	
BT1307_TGCCCATGTCGAGATG	normal	
BT1307_TGCCCATTCACAGGCC	tumor	
BT1307_TGCCCTAAGAGCCTAG	normal	
BT1307_TGCCCTAAGATGAGAG	tumor	
BT1307_TGCCCTACAGATCGGA	normal	
BT1307_TGCCCTACATCACGAT	normal	
BT1307_TGCCCTAGTATTCGTG	normal	
BT1307_TGCCCTAGTCTCTCGT	normal	
BT1307_TGCCCTAGTGGTCTCG	normal	
BT1307_TGCCCTATCAACTCTT	normal	
BT1307_TGCGCAGCAGCGTAAG	normal	
BT1307_TGCGCAGGTATTAGCC	normal	
BT1307_TGCGCAGTCATGTCTT	normal	
BT1307_TGCGCAGTCTCTAGGA	normal	
BT1307_TGCGGGTAGATCGGGT	normal	
BT1307_TGCGGGTAGCTCAACT	normal	
BT1307_TGCGGGTAGGCTAGGT	normal	
BT1307_TGCGGGTCAGCGTTCG	normal	
BT1307_TGCGGGTGTCGCGAAA	normal	
BT1307_TGCGGGTGTTCCACAA	normal	
BT1307_TGCGGGTTCCGGCACA	normal	
BT1307_TGCGTGGAGGAGTACC	tumor	
BT1307_TGCTACCAGATGCGAC	normal	
BT1307_TGCTACCAGATGGGTC	normal	
BT1307_TGCTACCAGCCATCGC	normal	
BT1307_TGCTACCAGCGTAATA	normal	
BT1307_TGCTACCAGGACAGAA	tumor	
BT1307_TGCTACCCACAAGACG	normal	
BT1307_TGCTACCCAGCTGTAT	normal	
BT1307_TGCTACCCAGGTGGAT	normal	
BT1307_TGCTGCTAGCTCAACT	normal	
BT1307_TGCTGCTAGCTTTGGT	normal	
BT1307_TGCTGCTCATGTCTCC	normal	
BT1307_TGCTGCTGTTCCACGG	normal	
BT1307_TGGACGCCAAGCGATG	normal	
BT1307_TGGACGCCACGGACAA	normal	
BT1307_TGGACGCGTTTGTTGG	normal	
BT1307_TGGACGCTCAAACCAC	normal	
BT1307_TGGACGCTCTCGAGTA	normal	
BT1307_TGGCCAGAGTACCGGA	normal	
BT1307_TGGCCAGAGTCAATAG	normal	
BT1307_TGGCCAGCATGACATC	normal	
BT1307_TGGCCAGGTATTACCG	tumor	
BT1307_TGGCCAGTCCAAATGC	normal	
BT1307_TGGCCAGTCCCTAATT	normal	
BT1307_TGGCCAGTCGTCCAGG	normal	
BT1307_TGGCGCAAGAAACCTA	tumor	
BT1307_TGGCGCAAGCGTAGTG	normal	
BT1307_TGGCGCAAGTTGCAGG	normal	
BT1307_TGGCGCAGTGATAAGT	normal	
BT1307_TGGCGCATCGCGATCG	normal	
BT1307_TGGCGCATCTCTAAGG	normal	
BT1307_TGGCGCATCTTGTACT	normal	
BT1307_TGGCTGGAGATCTGAA	normal	
BT1307_TGGCTGGCATAAGACA	normal	
BT1307_TGGCTGGGTAAAGTCA	normal	
BT1307_TGGCTGGGTCCTCTTG	tumor	
BT1307_TGGCTGGTCCGCATAA	normal	
BT1307_TGGCTGGTCGCACTCT	normal	
BT1307_TGGCTGGTCGGTTCGG	normal	
BT1307_TGGCTGGTCTGGAGCC	normal	
BT1307_TGGGAAGAGTTCGCGC	normal	
BT1307_TGGGAAGTCACCCTCA	normal	
BT1307_TGGGAAGTCCATTCTA	normal	
BT1307_TGGGAAGTCGGAAATA	normal	
BT1307_TGGGAAGTCTGCGGCA	normal	
BT1307_TGGGCGTGTATAGTAG	normal	
BT1307_TGGGCGTGTTCAGCGC	normal	
BT1307_TGGGCGTTCTCTGTCG	normal	
BT1307_TGGTTAGGTAGTACCT	normal	
BT1307_TGGTTAGGTTTGACTG	normal	
BT1307_TGGTTAGTCTCTGCTG	normal	
BT1307_TGGTTCCAGCATCATC	normal	
BT1307_TGGTTCCAGCCCGAAA	normal	
BT1307_TGGTTCCAGCGTAGTG	normal	
BT1307_TGGTTCCCACGAAAGC	normal	
BT1307_TGGTTCCCACGGCGTT	normal	
BT1307_TGGTTCCCATGCCTTC	normal	
BT1307_TGGTTCCGTGTAAGTA	normal	
BT1307_TGGTTCCTCAACCAAC	tumor	
BT1307_TGGTTCCTCCAAACAC	normal	
BT1307_TGGTTCCTCGCCGTGA	normal	
BT1307_TGGTTCCTCTGTACGA	normal	
BT1307_TGTATTCAGAAGGCCT	normal	
BT1307_TGTATTCAGGTTACCT	normal	
BT1307_TGTATTCCAGGTGCCT	normal	
BT1307_TGTATTCGTCAAAGCG	normal	
BT1307_TGTATTCGTGTGAAAT	normal	
BT1307_TGTATTCTCAACACGT	normal	
BT1307_TGTATTCTCAGTTGAC	normal	
BT1307_TGTATTCTCGCTTGTC	normal	
BT1307_TGTCCCAAGGATTCGG	normal	
BT1307_TGTCCCACAGGTCCAC	tumor	
BT1307_TGTCCCAGTTATCCGA	normal	
BT1307_TGTCCCATCAGTCAGT	normal	
BT1307_TGTCCCATCCTTTCGG	normal	
BT1307_TGTCCCATCGGCCGAT	normal	
BT1307_TGTCCCATCTTGCCGT	normal	
BT1307_TGTGGTAAGCTAGCCC	normal	
BT1307_TGTGGTATCCGGCACA	normal	
BT1307_TGTGGTATCTAAGCCA	normal	
BT1307_TGTGTTTAGACTAGGC	normal	
BT1307_TGTGTTTCATGATCCA	normal	
BT1307_TGTGTTTGTCAGTGGA	normal	
BT1307_TGTGTTTGTCGACTAT	normal	
BT1307_TGTGTTTTCAGCGACC	normal	
BT1307_TGTTCCGAGTGTTTGC	normal	
BT1307_TGTTCCGGTGTAAGTA	normal	
BT1307_TGTTCCGTCAATACCG	normal	
BT1307_TGTTCCGTCCCATTAT	normal	
BT1307_TGTTCCGTCGTAGGTT	tumor	
BT1307_TGTTCCGTCGTTGCCT	normal	
BT1307_TTAACTCAGCCCTAAT	normal	
BT1307_TTAACTCCAGCTCGCA	normal	
BT1307_TTAACTCCAGTCGTGC	normal	
BT1307_TTAACTCCATGTAGTC	normal	
BT1307_TTAACTCGTGGACGAT	normal	
BT1307_TTAACTCGTTGGAGGT	normal	
BT1307_TTAACTCTCCAGGGCT	normal	
BT1307_TTAGGACAGGATATAC	normal	
BT1307_TTAGGACCACCACCAG	normal	
BT1307_TTAGGACCATCATCCC	normal	
BT1307_TTAGGACTCAGTACGT	normal	
BT1307_TTAGGACTCCACTGGG	normal	
BT1307_TTAGGACTCGTACCGG	normal	
BT1307_TTAGGACTCTTTACGT	normal	
BT1307_TTAGGCAAGTCTCCTC	normal	
BT1307_TTAGGCACAAGCCGTC	normal	
BT1307_TTAGGCACATAGTAAG	normal	
BT1307_TTAGGCACATCGGAAG	normal	
BT1307_TTAGGCAGTATTACCG	normal	
BT1307_TTAGGCAGTCCGTGAC	normal	
BT1307_TTAGGCAGTGTAACGG	normal	
BT1307_TTAGGCATCCAAAGTC	normal	
BT1307_TTAGGCATCTTGAGAC	normal	
BT1307_TTAGTTCAGAAGATTC	normal	
BT1307_TTAGTTCAGATACACA	normal	
BT1307_TTAGTTCAGCTAACTC	normal	
BT1307_TTAGTTCTCGGCGGTT	tumor	
BT1307_TTATGCTCAATGGAGC	normal	
BT1307_TTATGCTGTTAAAGAC	normal	
BT1307_TTATGCTTCTATCGCC	normal	
BT1307_TTATGCTTCTGCCAGG	normal	
BT1307_TTCCCAGAGAATCTCC	normal	
BT1307_TTCCCAGAGGTTACCT	normal	
BT1307_TTCCCAGCAGATCGGA	normal	
BT1307_TTCCCAGGTTCCTCCA	tumor	
BT1307_TTCCCAGTCACATAGC	normal	
BT1307_TTCCCAGTCATACGGT	tumor	
BT1307_TTCCCAGTCATAGCAC	normal	
BT1307_TTCCCAGTCGGCATCG	normal	
BT1307_TTCCCAGTCTGCTGCT	normal	
BT1307_TTCGAAGCAATGCCAT	normal	
BT1307_TTCGAAGCAGACGCTC	normal	
BT1307_TTCGAAGCAGCTGCAC	normal	
BT1307_TTCGAAGCAGGAACGT	normal	
BT1307_TTCGAAGGTTCTGGTA	normal	
BT1307_TTCGAAGTCAGCGACC	normal	
BT1307_TTCGAAGTCCTGCAGG	normal	
BT1307_TTCGAAGTCTACGAGT	normal	
BT1307_TTCGAAGTCTGAGGGA	normal	
BT1307_TTCGGTCAGATACACA	normal	
BT1307_TTCGGTCCACCTGGTG	normal	
BT1307_TTCGGTCCAGGCTGAA	normal	
BT1307_TTCGGTCCATCCCATC	normal	
BT1307_TTCGGTCTCTAACGGT	normal	
BT1307_TTCGGTCTCTGCAGTA	normal	
BT1307_TTCTACAAGCTGAAAT	normal	
BT1307_TTCTACACACGTAAGG	normal	
BT1307_TTCTACACAGTATGCT	tumor	
BT1307_TTCTACACATCGACGC	normal	
BT1307_TTCTACAGTCTCTTAT	normal	
BT1307_TTCTCAAAGTCCTCCT	normal	
BT1307_TTCTCAATCCGTCATC	normal	
BT1307_TTCTCAATCGGCATCG	normal	
BT1307_TTCTCCTAGCAGCCTC	normal	yes
BT1307_TTCTCCTAGTTACCCA	normal	
BT1307_TTCTCCTCACCAGGTC	normal	
BT1307_TTCTCCTCAGTAACGG	normal	
BT1307_TTCTCCTGTACAGCAG	normal	
BT1307_TTCTCCTGTCAGTGGA	normal	
BT1307_TTCTCCTTCCACTCCA	normal	
BT1307_TTCTCCTTCCATTCTA	tumor	
BT1307_TTCTCCTTCGCATGAT	normal	
BT1307_TTCTCCTTCTGGAGCC	normal	
BT1307_TTCTTAGAGGTGGGTT	normal	
BT1307_TTCTTAGGTCATTAGC	normal	
BT1307_TTCTTAGGTCTTGCGG	normal	
BT1307_TTGAACGAGAGAACAG	normal	
BT1307_TTGAACGAGCTAAGAT	normal	
BT1307_TTGAACGCAGATAATG	normal	
BT1307_TTGAACGCAGATCGGA	normal	
BT1307_TTGAACGCATAAGACA	normal	
BT1307_TTGAACGCATGGGACA	normal	
BT1307_TTGAACGTCATGCATG	normal	
BT1307_TTGAACGTCCGGCACA	normal	
BT1307_TTGACTTAGAGCCTAG	normal	
BT1307_TTGACTTAGAGTGACC	normal	
BT1307_TTGACTTAGCGCCTTG	normal	
BT1307_TTGACTTCACACAGAG	normal	
BT1307_TTGACTTCAGAGTGTG	normal	
BT1307_TTGACTTCAGGCTCAC	normal	
BT1307_TTGACTTGTATAATGG	normal	
BT1307_TTGACTTTCTTTAGGG	normal	
BT1307_TTGCCGTAGGATGTAT	tumor	
BT1307_TTGCCGTCAATGACCT	normal	
BT1307_TTGCCGTGTACTCGCG	tumor	
BT1307_TTGCCGTGTGATGATA	normal	
BT1307_TTGCCGTGTTCGGGCT	normal	
BT1307_TTGCCGTTCTGTGCAA	normal	
BT1307_TTGCGTCAGAAGGCCT	normal	
BT1307_TTGCGTCAGACTGTAA	normal	
BT1307_TTGCGTCCAAGGTTCT	normal	
BT1307_TTGCGTCGTACAAGTA	normal	
BT1307_TTGCGTCGTTAAGATG	normal	
BT1307_TTGCGTCTCATGTGGT	normal	
BT1307_TTGCGTCTCCCAACGG	normal	
BT1307_TTGCGTCTCTTAACCT	tumor	
BT1307_TTGGAACAGAGGACGG	normal	
BT1307_TTGGAACAGCCAGGAT	normal	
BT1307_TTGGAACAGCGTTCCG	normal	
BT1307_TTGGAACGTCCTCTTG	normal	
BT1307_TTGGAACGTGGCCCTA	normal	
BT1307_TTGGAACGTGTGAATA	normal	
BT1307_TTGGAACTCATTATCC	normal	
BT1307_TTGGAACTCGGCGCTA	normal	
BT1307_TTGGCAAAGAAACCTA	normal	
BT1307_TTGGCAACAGGGAGAG	normal	
BT1307_TTGGCAAGTACGACCC	normal	
BT1307_TTGGCAAGTCGGCATC	normal	
BT1307_TTGGCAATCTGGCGAC	normal	
BT1307_TTGTAGGAGGAACTGC	normal	
BT1307_TTGTAGGAGGGTATCG	normal	
BT1307_TTGTAGGAGTGTCCCG	tumor	
BT1307_TTGTAGGGTTAAGATG	normal	
BT1307_TTGTAGGTCTACTATC	normal	
BT1307_TTGTAGGTCTTTCCTC	normal	
BT1307_TTTACTGAGAGGTAGA	normal	
BT1307_TTTACTGAGCACCGTC	normal	
BT1307_TTTACTGAGCTTATCG	normal	
BT1307_TTTACTGCAATCTGCA	normal	
BT1307_TTTACTGCACCTCGGA	normal	
BT1307_TTTACTGGTCACTTCC	tumor	
BT1307_TTTACTGGTCGTCTTC	tumor	
BT1307_TTTACTGTCAATCACG	normal	
BT1307_TTTATGCAGAAGCCCA	normal	
BT1307_TTTATGCAGATCGGGT	normal	
BT1307_TTTATGCCATCACGAT	normal	
BT1307_TTTATGCGTACAGCAG	normal	
BT1307_TTTATGCGTACCATCA	tumor	
BT1307_TTTATGCGTCTTCAAG	normal	
BT1307_TTTATGCTCCACGTGG	normal	
BT1307_TTTCCTCAGGGCTTCC	normal	
BT1307_TTTCCTCAGTGGTAAT	normal	
BT1307_TTTCCTCCACGGTAAG	normal	
BT1307_TTTCCTCGTAGCACGA	tumor	
BT1307_TTTCCTCGTGCATCTA	normal	
BT1307_TTTCCTCGTTCTGGTA	normal	
BT1307_TTTCCTCGTTGGGACA	tumor	
BT1307_TTTCCTCTCATGTCCC	normal	
BT1307_TTTCCTCTCGCCTGTT	normal	
BT1307_TTTGCGCAGAGACTAT	normal	
BT1307_TTTGCGCAGGCTCAGA	normal	
BT1307_TTTGCGCCAAGGACAC	normal	
BT1307_TTTGCGCGTACCGAGA	normal	
BT1307_TTTGCGCGTAGTGAAT	tumor	
BT1307_TTTGCGCGTTCAGTAC	normal	
BT1307_TTTGGTTCACATGACT	normal	
BT1307_TTTGGTTGTCCGTCAG	normal	
BT1307_TTTGGTTGTTGGTTTG	normal	
BT1307_TTTGGTTTCCACGTTC	normal	
BT1307_TTTGGTTTCTTATCTG	normal	
BT1307_TTTGGTTTCTTGCATT	normal	
BT1307_TTTGTCAAGCACACAG	normal	
BT1307_TTTGTCACAATCCGAT	normal	
BT1307_TTTGTCAGTTCAGTAC	normal	
