	class	confidentNormal
AAACCTGAGCCAGGAT_EBUS_28	normal	NA
AAACCTGAGCTAGGCA_EBUS_28	tumor	NA
AAACCTGCAAACTGTC_EBUS_28	tumor	NA
AAACCTGCATTAGCCA_EBUS_28	normal	NA
AAACCTGGTCGTGGCT_EBUS_28	normal	NA
AAACCTGGTCTGGAGA_EBUS_28	tumor	NA
AAACCTGGTTCTCATT_EBUS_28	tumor	NA
AAACCTGTCCGTTGTC_EBUS_28	tumor	NA
AAACCTGTCGTCACGG_EBUS_28	tumor	NA
AAACGGGAGACACGAC_EBUS_28	tumor	NA
AAACGGGCAAGTTCTG_EBUS_28	normal	NA
AAACGGGCACTAGTAC_EBUS_28	tumor	NA
AAACGGGCATGTCTCC_EBUS_28	normal	NA
AAACGGGGTAGAGGAA_EBUS_28	tumor	NA
AAACGGGGTGAGTGAC_EBUS_28	tumor	NA
AAACGGGGTGCAGACA_EBUS_28	tumor	NA
AAACGGGTCAACGGGA_EBUS_28	normal	NA
AAACGGGTCGTAGGTT_EBUS_28	tumor	NA
AAACGGGTCTCGATGA_EBUS_28	tumor	NA
AAACGGGTCTGGCGAC_EBUS_28	normal	NA
AAAGATGAGAATCTCC_EBUS_28	normal	NA
AAAGATGAGCTAGGCA_EBUS_28	tumor	NA
AAAGATGAGTACTTGC_EBUS_28	tumor	NA
AAAGATGCAAAGGTGC_EBUS_28	normal	NA
AAAGATGCAGTTCCCT_EBUS_28	tumor	NA
AAAGATGCATACCATG_EBUS_28	tumor	NA
AAAGATGGTCGACTAT_EBUS_28	tumor	NA
AAAGATGGTCGCGTGT_EBUS_28	normal	NA
AAAGATGTCACTATTC_EBUS_28	normal	NA
AAAGATGTCTCGTTTA_EBUS_28	tumor	NA
AAAGCAAAGAGGGATA_EBUS_28	tumor	NA
AAAGCAAAGCTAACAA_EBUS_28	tumor	NA
AAAGCAAAGCTGTCTA_EBUS_28	normal	NA
AAAGCAACAAACAACA_EBUS_28	normal	NA
AAAGCAACACCTCGTT_EBUS_28	normal	NA
AAAGCAACATCGATTG_EBUS_28	tumor	NA
AAAGCAATCAGTTTGG_EBUS_28	normal	NA
AAAGCAATCCTCCTAG_EBUS_28	normal	NA
AAAGCAATCGCGTAGC_EBUS_28	tumor	NA
AAAGTAGAGACCGGAT_EBUS_28	normal	NA
AAAGTAGAGGTGACCA_EBUS_28	tumor	NA
AAAGTAGCAGCGTAAG_EBUS_28	tumor	NA
AAAGTAGCAGTTCCCT_EBUS_28	tumor	NA
AAAGTAGGTGAGGGAG_EBUS_28	tumor	NA
AAAGTAGGTTCCACTC_EBUS_28	normal	NA
AAAGTAGTCCGTTGTC_EBUS_28	normal	NA
AAAGTAGTCTGCCCTA_EBUS_28	normal	NA
AAAGTAGTCTGTTTGT_EBUS_28	tumor	NA
AAATGCCAGTAGTGCG_EBUS_28	tumor	NA
AAATGCCCAATCTGCA_EBUS_28	tumor	NA
AAATGCCCACCTCGTT_EBUS_28	normal	NA
AAATGCCCATCTCGCT_EBUS_28	tumor	NA
AAATGCCCATTAGGCT_EBUS_28	tumor	NA
AAATGCCCATTTCAGG_EBUS_28	tumor	NA
AAATGCCGTGGTTTCA_EBUS_28	tumor	NA
AAATGCCTCAGGTTCA_EBUS_28	tumor	NA
AACACGTAGAGACTAT_EBUS_28	normal	NA
AACACGTAGGACTGGT_EBUS_28	tumor	NA
AACACGTAGTGCGATG_EBUS_28	tumor	NA
AACACGTAGTGTACTC_EBUS_28	tumor	NA
AACACGTAGTTCCACA_EBUS_28	tumor	NA
AACACGTCAAGCTGGA_EBUS_28	normal	NA
AACACGTCATAAAGGT_EBUS_28	normal	NA
AACACGTGTAAGTAGT_EBUS_28	normal	NA
AACACGTGTAGGGACT_EBUS_28	tumor	NA
AACACGTGTTAAAGAC_EBUS_28	normal	NA
AACACGTTCCGTAGGC_EBUS_28	normal	NA
AACACGTTCGCCAAAT_EBUS_28	normal	NA
AACCATGCACCGCTAG_EBUS_28	tumor	NA
AACCATGCACCTATCC_EBUS_28	tumor	NA
AACCATGCAGAAGCAC_EBUS_28	tumor	NA
AACCATGCATGCATGT_EBUS_28	tumor	NA
AACCATGGTAGGCTGA_EBUS_28	tumor	NA
AACCATGGTGCCTGCA_EBUS_28	normal	NA
AACCATGGTGGTTTCA_EBUS_28	tumor	NA
AACCATGTCACGATGT_EBUS_28	normal	NA
AACCATGTCTGTTTGT_EBUS_28	tumor	NA
AACCGCGAGGGTTTCT_EBUS_28	normal	NA
AACCGCGAGTCGTTTG_EBUS_28	normal	yes
AACCGCGGTCAGCTAT_EBUS_28	tumor	NA
AACCGCGTCAGAGCTT_EBUS_28	normal	NA
AACCGCGTCTTTACGT_EBUS_28	tumor	NA
AACCGCGTCTTTAGTC_EBUS_28	tumor	NA
AACGTTGAGCTGCAAG_EBUS_28	tumor	NA
AACGTTGAGGAGCGTT_EBUS_28	normal	NA
AACGTTGAGTTAACGA_EBUS_28	normal	NA
AACGTTGCAGTAACGG_EBUS_28	normal	NA
AACGTTGCATACCATG_EBUS_28	tumor	NA
AACGTTGGTCTAGGTT_EBUS_28	normal	NA
AACGTTGTCGGATGTT_EBUS_28	normal	NA
AACGTTGTCTTCATGT_EBUS_28	tumor	NA
AACTCAGAGACTTGAA_EBUS_28	tumor	NA
AACTCAGAGATACACA_EBUS_28	tumor	NA
AACTCAGAGATCTGCT_EBUS_28	tumor	NA
AACTCAGAGCTAGTCT_EBUS_28	tumor	NA
AACTCAGAGGTGCTAG_EBUS_28	normal	NA
AACTCAGAGTCCCACG_EBUS_28	tumor	NA
AACTCAGCAAGTACCT_EBUS_28	tumor	NA
AACTCAGCAGACGCCT_EBUS_28	tumor	NA
AACTCAGCATTTGCTT_EBUS_28	normal	NA
AACTCAGTCTCCTATA_EBUS_28	tumor	NA
AACTCAGTCTTGCATT_EBUS_28	tumor	NA
AACTCCCCACTAGTAC_EBUS_28	tumor	NA
AACTCCCCATCCTAGA_EBUS_28	tumor	NA
AACTCCCGTCGGATCC_EBUS_28	tumor	NA
AACTCCCGTTACGCGC_EBUS_28	tumor	NA
AACTCCCTCCTCTAGC_EBUS_28	normal	NA
AACTCCCTCGGTTCGG_EBUS_28	tumor	NA
AACTCTTAGCACCGCT_EBUS_28	tumor	NA
AACTCTTAGCCTTGAT_EBUS_28	tumor	NA
AACTCTTAGCTATGCT_EBUS_28	normal	NA
AACTCTTAGCTGCCCA_EBUS_28	tumor	NA
AACTCTTAGGCTAGAC_EBUS_28	normal	NA
AACTCTTAGGGTGTGT_EBUS_28	normal	NA
AACTCTTCAAATTGCC_EBUS_28	normal	NA
AACTCTTCACCAACCG_EBUS_28	tumor	NA
AACTCTTCATAGACTC_EBUS_28	tumor	NA
AACTCTTGTCACTTCC_EBUS_28	normal	NA
AACTCTTGTCCAACTA_EBUS_28	normal	NA
AACTCTTGTCGTTGTA_EBUS_28	normal	NA
AACTCTTGTCTGCCAG_EBUS_28	tumor	NA
AACTCTTGTGATAAGT_EBUS_28	tumor	NA
AACTCTTGTTCTGGTA_EBUS_28	tumor	NA
AACTGGTAGCCAGTTT_EBUS_28	normal	NA
AACTGGTAGGTCGGAT_EBUS_28	normal	NA
AACTGGTAGTTGCAGG_EBUS_28	normal	NA
AACTGGTGTCAATACC_EBUS_28	normal	NA
AACTGGTGTCACTGGC_EBUS_28	tumor	NA
AACTGGTGTCTGGTCG_EBUS_28	tumor	NA
AACTGGTGTGTTCTTT_EBUS_28	normal	NA
AACTGGTTCGTCGTTC_EBUS_28	normal	NA
AACTGGTTCTTTCCTC_EBUS_28	normal	NA
AACTTTCAGAATAGGG_EBUS_28	normal	NA
AACTTTCAGATTACCC_EBUS_28	normal	NA
AACTTTCAGCCACTAT_EBUS_28	normal	NA
AACTTTCCAGACACTT_EBUS_28	tumor	NA
AACTTTCGTAAGGGCT_EBUS_28	normal	NA
AACTTTCGTAGCTAAA_EBUS_28	normal	NA
AACTTTCTCACATACG_EBUS_28	normal	NA
AACTTTCTCCCTTGCA_EBUS_28	tumor	NA
AAGACCTAGATCCTGT_EBUS_28	normal	NA
AAGACCTAGCATCATC_EBUS_28	tumor	NA
AAGACCTAGTACGTTC_EBUS_28	tumor	NA
AAGACCTCACATCCGG_EBUS_28	tumor	NA
AAGACCTGTCATACTG_EBUS_28	normal	NA
AAGACCTGTCGCGTGT_EBUS_28	normal	NA
AAGACCTGTTGATTGC_EBUS_28	tumor	NA
AAGACCTTCCGCGGTA_EBUS_28	normal	NA
AAGACCTTCCTTGGTC_EBUS_28	normal	NA
AAGCCGCAGAATCTCC_EBUS_28	normal	NA
AAGCCGCAGAGTAAGG_EBUS_28	normal	NA
AAGCCGCAGCTAAACA_EBUS_28	tumor	NA
AAGCCGCAGTGGTCCC_EBUS_28	normal	NA
AAGCCGCCATATGCTG_EBUS_28	tumor	NA
AAGCCGCCATCACGTA_EBUS_28	normal	NA
AAGCCGCGTAGGGACT_EBUS_28	tumor	NA
AAGCCGCGTTACGTCA_EBUS_28	tumor	NA
AAGGAGCCATCACAAC_EBUS_28	normal	NA
AAGGAGCCATGTTGAC_EBUS_28	normal	NA
AAGGAGCGTTAAGATG_EBUS_28	tumor	NA
AAGGAGCGTTACCAGT_EBUS_28	tumor	NA
AAGGAGCTCGAGCCCA_EBUS_28	normal	NA
AAGGAGCTCTGATTCT_EBUS_28	normal	NA
AAGGCAGAGACAATAC_EBUS_28	tumor	NA
AAGGCAGAGCGTCTAT_EBUS_28	tumor	NA
AAGGCAGCAAAGGCGT_EBUS_28	normal	NA
AAGGCAGCAAGTCATC_EBUS_28	normal	NA
AAGGCAGCACTAGTAC_EBUS_28	tumor	NA
AAGGCAGGTTAGGGTG_EBUS_28	tumor	NA
AAGGCAGGTTGCGCAC_EBUS_28	normal	NA
AAGGCAGTCCCACTTG_EBUS_28	tumor	NA
AAGGCAGTCCCTTGTG_EBUS_28	tumor	NA
AAGGCAGTCGGCGCAT_EBUS_28	normal	NA
AAGGTTCAGAATGTGT_EBUS_28	tumor	NA
AAGGTTCAGACTTTCG_EBUS_28	normal	NA
AAGGTTCAGCTCAACT_EBUS_28	normal	NA
AAGGTTCAGCTCCCAG_EBUS_28	tumor	NA
AAGGTTCAGGCTCATT_EBUS_28	normal	NA
AAGGTTCCAGATCTGT_EBUS_28	normal	NA
AAGGTTCCAGCGTCCA_EBUS_28	normal	NA
AAGGTTCCATGTCGAT_EBUS_28	tumor	NA
AAGGTTCTCACATAGC_EBUS_28	tumor	NA
AAGGTTCTCCGGCACA_EBUS_28	normal	NA
AAGGTTCTCTGAAAGA_EBUS_28	tumor	NA
AAGTCTGAGATGGGTC_EBUS_28	tumor	NA
AAGTCTGAGTACGTAA_EBUS_28	normal	NA
AAGTCTGCACAGCGTC_EBUS_28	tumor	NA
AAGTCTGCACTCGACG_EBUS_28	tumor	NA
AAGTCTGCATACGCCG_EBUS_28	normal	NA
AAGTCTGCATCCGTGG_EBUS_28	normal	NA
AAGTCTGGTCAACATC_EBUS_28	tumor	NA
AAGTCTGTCATTATCC_EBUS_28	tumor	NA
AAGTCTGTCTGCAAGT_EBUS_28	normal	NA
AATCCAGAGCTAGTCT_EBUS_28	tumor	NA
AATCCAGAGCTGTCTA_EBUS_28	normal	NA
AATCCAGCAGACACTT_EBUS_28	tumor	NA
AATCCAGGTAATCGTC_EBUS_28	tumor	NA
AATCCAGGTCATGCAT_EBUS_28	normal	NA
AATCCAGGTGTTAAGA_EBUS_28	normal	NA
AATCCAGGTTTGGGCC_EBUS_28	tumor	NA
AATCCAGTCAAGGCTT_EBUS_28	tumor	NA
AATCCAGTCACTCCTG_EBUS_28	tumor	NA
AATCCAGTCAGAGACG_EBUS_28	tumor	NA
AATCCAGTCTAACTCT_EBUS_28	tumor	NA
AATCGGTAGAATGTGT_EBUS_28	normal	NA
AATCGGTAGAGGTACC_EBUS_28	tumor	NA
AATCGGTAGAGGTTAT_EBUS_28	tumor	NA
AATCGGTAGGGAAACA_EBUS_28	normal	NA
AATCGGTAGGGATGGG_EBUS_28	tumor	NA
AATCGGTCAGGGTACA_EBUS_28	tumor	NA
AATCGGTCATGTCGAT_EBUS_28	tumor	NA
AATCGGTGTCGCCATG_EBUS_28	tumor	NA
AATCGGTGTTGGTTTG_EBUS_28	normal	NA
AATCGGTTCCCTAACC_EBUS_28	normal	NA
AATCGGTTCGATAGAA_EBUS_28	tumor	NA
AATCGGTTCTCCAACC_EBUS_28	normal	NA
ACACCAAAGTTATCGC_EBUS_28	tumor	NA
ACACCAACAATGGTCT_EBUS_28	normal	NA
ACACCAACATCCGTGG_EBUS_28	tumor	NA
ACACCAACATTGTGCA_EBUS_28	normal	NA
ACACCAAGTGGAAAGA_EBUS_28	normal	NA
ACACCAATCCAAACAC_EBUS_28	tumor	NA
ACACCAATCCGAAGAG_EBUS_28	tumor	NA
ACACCAATCGAATCCA_EBUS_28	normal	NA
ACACCAATCTGCGACG_EBUS_28	tumor	NA
ACACCCTCACCCATGG_EBUS_28	tumor	NA
ACACCCTCACCGTTGG_EBUS_28	normal	NA
ACACCCTCACGCGAAA_EBUS_28	tumor	NA
ACACCCTCACTAAGTC_EBUS_28	normal	NA
ACACCCTCAGTGGAGT_EBUS_28	normal	NA
ACACCCTCATGTCCTC_EBUS_28	tumor	NA
ACACCCTGTCAGCTAT_EBUS_28	normal	NA
ACACCCTGTGAACCTT_EBUS_28	normal	NA
ACACCCTGTTGTCGCG_EBUS_28	normal	NA
ACACCCTTCCACTGGG_EBUS_28	tumor	NA
ACACCCTTCTCTAAGG_EBUS_28	tumor	NA
ACACCCTTCTTCCTTC_EBUS_28	tumor	NA
ACACCGGAGCACCGCT_EBUS_28	tumor	NA
ACACCGGAGGCTAGGT_EBUS_28	normal	NA
ACACCGGAGTCCAGGA_EBUS_28	tumor	NA
ACACCGGAGTTTAGGA_EBUS_28	normal	NA
ACACCGGCAAAGGCGT_EBUS_28	tumor	NA
ACACCGGCACACTGCG_EBUS_28	tumor	NA
ACACCGGCACAGACAG_EBUS_28	normal	NA
ACACCGGCACCAGGTC_EBUS_28	normal	NA
ACACCGGCAGTTCATG_EBUS_28	normal	NA
ACACCGGCATACTCTT_EBUS_28	tumor	NA
ACACCGGGTCTCGTTC_EBUS_28	normal	NA
ACACCGGGTCTGATCA_EBUS_28	normal	NA
ACACCGGTCGGTTAAC_EBUS_28	tumor	NA
ACACCGGTCTGCAAGT_EBUS_28	normal	NA
ACACTGAAGCGTTCCG_EBUS_28	tumor	NA
ACACTGAAGGAACTGC_EBUS_28	normal	NA
ACACTGACAAACGTGG_EBUS_28	tumor	NA
ACACTGACAAGAAGAG_EBUS_28	normal	NA
ACACTGACAAGTTAAG_EBUS_28	normal	NA
ACACTGACACCGATAT_EBUS_28	tumor	NA
ACACTGACACTAGTAC_EBUS_28	tumor	NA
ACACTGACATCAGTAC_EBUS_28	normal	NA
ACACTGAGTAGCGATG_EBUS_28	normal	NA
ACACTGAGTCAGGACA_EBUS_28	tumor	NA
ACACTGAGTGACTCAT_EBUS_28	tumor	NA
ACACTGATCAGGATCT_EBUS_28	tumor	NA
ACACTGATCTCGCTTG_EBUS_28	tumor	NA
ACACTGATCTGGAGCC_EBUS_28	tumor	NA
ACAGCCGAGGACACCA_EBUS_28	tumor	NA
ACAGCCGAGGTTACCT_EBUS_28	tumor	NA
ACAGCCGCAAATTGCC_EBUS_28	normal	NA
ACAGCCGCAGACAAAT_EBUS_28	tumor	NA
ACAGCCGGTAAACCTC_EBUS_28	tumor	NA
ACAGCCGGTCCCTACT_EBUS_28	normal	NA
ACAGCCGGTCTCAACA_EBUS_28	normal	NA
ACAGCCGGTTCTGTTT_EBUS_28	tumor	NA
ACAGCCGTCAAGGCTT_EBUS_28	tumor	NA
ACAGCCGTCTGGAGCC_EBUS_28	tumor	NA
ACAGCTAAGAGAACAG_EBUS_28	normal	NA
ACAGCTAAGCACACAG_EBUS_28	tumor	NA
ACAGCTAAGGATATAC_EBUS_28	normal	NA
ACAGCTAAGGCTATCT_EBUS_28	normal	NA
ACAGCTACAACACCCG_EBUS_28	normal	NA
ACAGCTACACGACTCG_EBUS_28	normal	NA
ACAGCTAGTAGAGTGC_EBUS_28	tumor	NA
ACAGCTAGTCCTCCAT_EBUS_28	tumor	NA
ACAGCTAGTGCTTCTC_EBUS_28	normal	NA
ACAGCTAGTGTAACGG_EBUS_28	tumor	NA
ACAGCTAGTTCCGTCT_EBUS_28	tumor	NA
ACAGCTATCAGCTCGG_EBUS_28	tumor	NA
ACAGCTATCCGCAGTG_EBUS_28	tumor	NA
ACAGCTATCCGCATCT_EBUS_28	tumor	NA
ACAGCTATCGGTCTAA_EBUS_28	tumor	NA
ACATACGAGGCTCATT_EBUS_28	normal	NA
ACATACGAGTAGCGGT_EBUS_28	normal	NA
ACATACGCAAACTGCT_EBUS_28	tumor	NA
ACATACGCAGCTATTG_EBUS_28	tumor	NA
ACATACGCATCTATGG_EBUS_28	tumor	NA
ACATACGGTACGCTGC_EBUS_28	tumor	NA
ACATACGGTCAGAAGC_EBUS_28	normal	NA
ACATACGGTTCATGGT_EBUS_28	tumor	NA
ACATACGTCCGATATG_EBUS_28	tumor	NA
ACATACGTCGGTTAAC_EBUS_28	normal	NA
ACATCAGAGCCCAATT_EBUS_28	tumor	NA
ACATCAGAGGTGTGGT_EBUS_28	normal	NA
ACATCAGCAACACCCG_EBUS_28	tumor	NA
ACATCAGCAAGTCATC_EBUS_28	normal	NA
ACATCAGCACATCTTT_EBUS_28	tumor	NA
ACATCAGCACCGAATT_EBUS_28	tumor	NA
ACATCAGGTCGGCTCA_EBUS_28	tumor	NA
ACATCAGGTCTAGCGC_EBUS_28	tumor	NA
ACATGGTAGGAGTTTA_EBUS_28	tumor	NA
ACATGGTAGTCGATAA_EBUS_28	normal	NA
ACATGGTAGTGACATA_EBUS_28	tumor	NA
ACATGGTCAATGGATA_EBUS_28	tumor	NA
ACATGGTCACAGGAGT_EBUS_28	normal	NA
ACATGGTGTATTAGCC_EBUS_28	normal	NA
ACATGGTGTCGCATAT_EBUS_28	tumor	NA
ACATGGTGTTTGTGTG_EBUS_28	tumor	NA
ACATGGTTCAAAGTAG_EBUS_28	tumor	NA
ACATGGTTCCCAACGG_EBUS_28	normal	NA
ACCAGTAAGAGCTGGT_EBUS_28	tumor	NA
ACCAGTAAGCTCCTCT_EBUS_28	tumor	NA
ACCAGTAAGCTGCCCA_EBUS_28	tumor	NA
ACCAGTACACATCTTT_EBUS_28	tumor	NA
ACCAGTACAGCTATTG_EBUS_28	normal	NA
ACCAGTAGTCTAACGT_EBUS_28	normal	NA
ACCAGTATCATGCTCC_EBUS_28	tumor	NA
ACCAGTATCCAAATGC_EBUS_28	tumor	NA
ACCAGTATCGGCCGAT_EBUS_28	tumor	NA
ACCCACTAGCAGGCTA_EBUS_28	normal	NA
ACCCACTAGCGTTTAC_EBUS_28	tumor	NA
ACCCACTAGCTGTCTA_EBUS_28	tumor	NA
ACCCACTAGTCGTTTG_EBUS_28	tumor	NA
ACCCACTCAAAGTGCG_EBUS_28	tumor	NA
ACCCACTCACTGTGTA_EBUS_28	normal	NA
ACCCACTGTCCGAACC_EBUS_28	tumor	NA
ACCCACTGTGGTACAG_EBUS_28	tumor	NA
ACCCACTGTTGGGACA_EBUS_28	tumor	NA
ACCCACTTCACGCGGT_EBUS_28	normal	NA
ACCGTAAAGAAGATTC_EBUS_28	tumor	NA
ACCGTAAAGCGATTCT_EBUS_28	normal	NA
ACCGTAAAGTTGAGTA_EBUS_28	normal	NA
ACCGTAACAAGTACCT_EBUS_28	normal	NA
ACCGTAACAGCGAACA_EBUS_28	normal	NA
ACCGTAACATCTCGCT_EBUS_28	tumor	NA
ACCGTAAGTAACGACG_EBUS_28	tumor	NA
ACCGTAAGTCCGAATT_EBUS_28	tumor	NA
ACCGTAAGTGAACCTT_EBUS_28	tumor	NA
ACCGTAAGTTACGTCA_EBUS_28	tumor	NA
ACCGTAATCACGACTA_EBUS_28	tumor	NA
ACCGTAATCAGTCCCT_EBUS_28	normal	NA
ACCGTAATCCAAGTAC_EBUS_28	tumor	NA
ACCGTAATCGCAAGCC_EBUS_28	normal	NA
ACCTTTACAACGCACC_EBUS_28	tumor	NA
ACCTTTACACCAGTTA_EBUS_28	normal	NA
ACCTTTACATCCAACA_EBUS_28	tumor	NA
ACCTTTACATTGCGGC_EBUS_28	tumor	NA
ACCTTTAGTGTGACCC_EBUS_28	tumor	NA
ACCTTTAGTTATCACG_EBUS_28	normal	NA
ACCTTTATCACAGTAC_EBUS_28	tumor	NA
ACCTTTATCTTGTATC_EBUS_28	tumor	NA
ACGAGCCAGACAAAGG_EBUS_28	tumor	NA
ACGAGCCAGACAGGCT_EBUS_28	normal	NA
ACGAGCCCATCTCCCA_EBUS_28	tumor	NA
ACGAGCCGTCCTCCAT_EBUS_28	tumor	NA
ACGAGCCGTGCTCTTC_EBUS_28	normal	NA
ACGAGCCTCAATAAGG_EBUS_28	normal	NA
ACGAGGAAGCGAGAAA_EBUS_28	normal	NA
ACGAGGACAATCCGAT_EBUS_28	tumor	NA
ACGAGGACACGAAGCA_EBUS_28	tumor	NA
ACGAGGAGTAAATACG_EBUS_28	tumor	NA
ACGAGGAGTAGATTAG_EBUS_28	normal	NA
ACGAGGAGTCTAGTCA_EBUS_28	tumor	NA
ACGAGGATCAAACGGG_EBUS_28	tumor	NA
ACGAGGATCAGGCGAA_EBUS_28	tumor	NA
ACGAGGATCCGCGGTA_EBUS_28	tumor	NA
ACGATACAGCGCTTAT_EBUS_28	normal	NA
ACGATACAGTAAGTAC_EBUS_28	tumor	NA
ACGATACAGTAATCCC_EBUS_28	normal	NA
ACGATACAGTACGACG_EBUS_28	normal	NA
ACGATACAGTCTCCTC_EBUS_28	tumor	NA
ACGATACCACGCGAAA_EBUS_28	tumor	NA
ACGATACCAGTATAAG_EBUS_28	normal	NA
ACGATACCATAGAAAC_EBUS_28	normal	NA
ACGATACGTACGCTGC_EBUS_28	normal	NA
ACGATACGTCGACTGC_EBUS_28	tumor	NA
ACGATACGTTTAAGCC_EBUS_28	normal	NA
ACGATACTCCTATGTT_EBUS_28	tumor	NA
ACGATGTAGGTAAACT_EBUS_28	normal	NA
ACGATGTCACCCATTC_EBUS_28	normal	NA
ACGATGTGTACCGTAT_EBUS_28	normal	NA
ACGATGTGTAGGGTAC_EBUS_28	tumor	NA
ACGATGTGTCTAGGTT_EBUS_28	normal	NA
ACGATGTGTTAGTGGG_EBUS_28	normal	NA
ACGATGTTCAAGGTAA_EBUS_28	normal	NA
ACGATGTTCTCAAACG_EBUS_28	tumor	NA
ACGCAGCAGCACCGCT_EBUS_28	tumor	NA
ACGCAGCCAAATACAG_EBUS_28	tumor	NA
ACGCAGCCAGGATCGA_EBUS_28	normal	NA
ACGCAGCGTACAGACG_EBUS_28	tumor	NA
ACGCAGCGTAGCGCAA_EBUS_28	normal	NA
ACGCAGCGTGCGCTTG_EBUS_28	tumor	NA
ACGCAGCTCAACGGCC_EBUS_28	normal	NA
ACGCAGCTCAGTGCAT_EBUS_28	tumor	NA
ACGCAGCTCGAATCCA_EBUS_28	tumor	NA
ACGCAGCTCGCCATAA_EBUS_28	tumor	NA
ACGCAGCTCTTTAGGG_EBUS_28	normal	NA
ACGCCAGAGACAGACC_EBUS_28	normal	yes
ACGCCAGAGAGCTTCT_EBUS_28	normal	NA
ACGCCAGAGCTCCTCT_EBUS_28	normal	NA
ACGCCAGAGTGTTAGA_EBUS_28	tumor	NA
ACGCCAGCAATCACAC_EBUS_28	normal	NA
ACGCCAGTCAGCTGGC_EBUS_28	tumor	NA
ACGCCGAAGGCCGAAT_EBUS_28	normal	NA
ACGCCGAAGGCTACGA_EBUS_28	tumor	NA
ACGCCGAAGTATCTCG_EBUS_28	normal	NA
ACGCCGACAATCCGAT_EBUS_28	tumor	NA
ACGCCGACACCAGATT_EBUS_28	tumor	NA
ACGCCGACAGCGAACA_EBUS_28	tumor	NA
ACGCCGAGTCCGTCAG_EBUS_28	tumor	NA
ACGCCGAGTGTCGCTG_EBUS_28	tumor	NA
ACGCCGAGTTCCACGG_EBUS_28	tumor	NA
ACGCCGATCAGAGCTT_EBUS_28	normal	NA
ACGCCGATCTTGAGGT_EBUS_28	tumor	NA
ACGGAGAAGGTGACCA_EBUS_28	normal	NA
ACGGAGAAGTAGGCCA_EBUS_28	normal	NA
ACGGAGAAGTTAGGTA_EBUS_28	tumor	NA
ACGGAGACAAACAACA_EBUS_28	tumor	NA
ACGGAGACAAGGGTCA_EBUS_28	tumor	NA
ACGGAGACACGTCTCT_EBUS_28	tumor	NA
ACGGAGAGTCTACCTC_EBUS_28	tumor	NA
ACGGAGATCCGTTGTC_EBUS_28	tumor	NA
ACGGCCAAGACTCGGA_EBUS_28	normal	NA
ACGGCCAAGGCGACAT_EBUS_28	normal	NA
ACGGCCACAATGAATG_EBUS_28	tumor	NA
ACGGCCACACCGATAT_EBUS_28	tumor	NA
ACGGCCAGTATGCTTG_EBUS_28	tumor	NA
ACGGCCAGTGCGGTAA_EBUS_28	normal	NA
ACGGCCAGTTAAAGTG_EBUS_28	tumor	NA
ACGGCCAGTTATGTGC_EBUS_28	tumor	NA
ACGGCCATCATGTCCC_EBUS_28	tumor	NA
ACGGCCATCCACGAAT_EBUS_28	tumor	NA
ACGGCCATCGAACGGA_EBUS_28	tumor	NA
ACGGGCTAGAATTCCC_EBUS_28	tumor	NA
ACGGGCTAGCGATGAC_EBUS_28	normal	NA
ACGGGCTAGGAGCGAG_EBUS_28	tumor	NA
ACGGGCTAGGTCGGAT_EBUS_28	normal	NA
ACGGGCTAGTGTACGG_EBUS_28	tumor	NA
ACGGGCTCAAAGGTGC_EBUS_28	tumor	NA
ACGGGCTCAATTGCTG_EBUS_28	normal	NA
ACGGGCTCACATTAGC_EBUS_28	normal	NA
ACGGGCTCATATGCTG_EBUS_28	tumor	NA
ACGGGCTGTCAGAATA_EBUS_28	normal	NA
ACGGGCTTCAGCAACT_EBUS_28	tumor	NA
ACGGGCTTCAGTTGAC_EBUS_28	tumor	NA
ACGGGCTTCATCTGCC_EBUS_28	tumor	NA
ACGGGTCAGGAATGGA_EBUS_28	tumor	NA
ACGGGTCAGGTTACCT_EBUS_28	tumor	NA
ACGGGTCCAATCTGCA_EBUS_28	normal	NA
ACGGGTCCATATGAGA_EBUS_28	normal	NA
ACGGGTCTCCTGCCAT_EBUS_28	normal	NA
ACGGGTCTCGTACGGC_EBUS_28	tumor	NA
ACGTCAAAGGATGCGT_EBUS_28	tumor	NA
ACGTCAAAGTTAACGA_EBUS_28	normal	NA
ACGTCAAAGTTGTCGT_EBUS_28	normal	NA
ACGTCAACAAGTCTAC_EBUS_28	normal	NA
ACGTCAACACCACCAG_EBUS_28	tumor	NA
ACGTCAAGTACAAGTA_EBUS_28	tumor	NA
ACTATCTAGATGGGTC_EBUS_28	tumor	NA
ACTATCTAGATGTGTA_EBUS_28	normal	NA
ACTATCTAGGACAGAA_EBUS_28	tumor	NA
ACTATCTAGGATGCGT_EBUS_28	normal	NA
ACTATCTAGTTCCACA_EBUS_28	normal	NA
ACTATCTCAATCCAAC_EBUS_28	normal	NA
ACTATCTCACGTTGGC_EBUS_28	normal	NA
ACTATCTCAGCCTTGG_EBUS_28	normal	NA
ACTATCTCATAAGACA_EBUS_28	tumor	NA
ACTATCTCATGGTCTA_EBUS_28	normal	NA
ACTATCTGTGCCTTGG_EBUS_28	tumor	NA
ACTATCTTCCGCATCT_EBUS_28	normal	NA
ACTGAACAGATATGCA_EBUS_28	tumor	NA
ACTGAACAGGACACCA_EBUS_28	normal	NA
ACTGAACAGGCTATCT_EBUS_28	tumor	NA
ACTGAACAGTATCGAA_EBUS_28	normal	NA
ACTGAACCACACATGT_EBUS_28	tumor	NA
ACTGAACGTGTTTGTG_EBUS_28	tumor	NA
ACTGAACGTTGATTCG_EBUS_28	tumor	NA
ACTGAACTCTGCCAGG_EBUS_28	normal	NA
ACTGAACTCTGTCTCG_EBUS_28	tumor	NA
ACTGAGTAGATCTGCT_EBUS_28	tumor	NA
ACTGAGTAGCATGGCA_EBUS_28	tumor	NA
ACTGAGTCAAGAAGAG_EBUS_28	normal	NA
ACTGAGTCAATTCCTT_EBUS_28	tumor	NA
ACTGAGTCACTTACGA_EBUS_28	tumor	NA
ACTGAGTCATACCATG_EBUS_28	normal	NA
ACTGAGTCATCGGGTC_EBUS_28	normal	NA
ACTGAGTGTAATTGGA_EBUS_28	tumor	NA
ACTGAGTGTATAGGTA_EBUS_28	tumor	NA
ACTGAGTGTCGCTTCT_EBUS_28	normal	NA
ACTGAGTGTTATCCGA_EBUS_28	tumor	NA
ACTGAGTGTTCAGACT_EBUS_28	tumor	NA
ACTGAGTGTTCGTGAT_EBUS_28	normal	NA
ACTGAGTTCCTAGAAC_EBUS_28	tumor	NA
ACTGAGTTCGACCAGC_EBUS_28	tumor	NA
ACTGAGTTCGCTTAGA_EBUS_28	tumor	NA
ACTGAGTTCGTCGTTC_EBUS_28	normal	NA
ACTGATGAGCGTCAAG_EBUS_28	tumor	NA
ACTGATGAGTTACGGG_EBUS_28	tumor	NA
ACTGATGAGTTTGCGT_EBUS_28	tumor	NA
ACTGATGCACAGTCGC_EBUS_28	tumor	NA
ACTGATGCATGTCTCC_EBUS_28	tumor	NA
ACTGATGGTCCAAGTT_EBUS_28	tumor	NA
ACTGATGGTGCCTGGT_EBUS_28	normal	NA
ACTGATGTCCAGTATG_EBUS_28	normal	NA
ACTGATGTCGAATGGG_EBUS_28	tumor	NA
ACTGATGTCGATGAGG_EBUS_28	tumor	NA
ACTGATGTCGTACGGC_EBUS_28	tumor	NA
ACTGCTCAGAGAGCTC_EBUS_28	normal	NA
ACTGCTCCAGCTCGCA_EBUS_28	normal	NA
ACTGCTCGTACCGTAT_EBUS_28	normal	NA
ACTGCTCGTATAGGGC_EBUS_28	tumor	NA
ACTGTCCAGCTGAAAT_EBUS_28	tumor	NA
ACTGTCCAGTACTTGC_EBUS_28	tumor	NA
ACTGTCCCAAGCTGAG_EBUS_28	tumor	NA
ACTGTCCCACAAGCCC_EBUS_28	tumor	NA
ACTGTCCCACAGACTT_EBUS_28	normal	NA
ACTGTCCGTCAAAGCG_EBUS_28	normal	NA
ACTGTCCGTCTAACGT_EBUS_28	tumor	NA
ACTGTCCTCAGCTGGC_EBUS_28	normal	NA
ACTTACTAGAATAGGG_EBUS_28	normal	NA
ACTTACTAGATCTGAA_EBUS_28	normal	NA
ACTTACTAGTGCTGCC_EBUS_28	tumor	NA
ACTTACTCAACTGCGC_EBUS_28	normal	NA
ACTTACTGTTCGCGAC_EBUS_28	normal	NA
ACTTACTTCCAAGTAC_EBUS_28	normal	NA
ACTTACTTCTACTCAT_EBUS_28	tumor	NA
ACTTGTTAGCTACCGC_EBUS_28	tumor	NA
ACTTGTTAGCTTTGGT_EBUS_28	tumor	NA
ACTTGTTAGGCTACGA_EBUS_28	tumor	NA
ACTTGTTAGGTACTCT_EBUS_28	tumor	NA
ACTTGTTCAGATCTGT_EBUS_28	tumor	NA
ACTTGTTCATCAGTCA_EBUS_28	normal	NA
ACTTGTTCATTAACCG_EBUS_28	normal	NA
ACTTGTTGTGGTAACG_EBUS_28	normal	NA
ACTTGTTGTGTTTGTG_EBUS_28	tumor	NA
ACTTGTTTCTGATTCT_EBUS_28	normal	NA
ACTTTCAAGCGGATCA_EBUS_28	tumor	NA
ACTTTCAAGGTAAACT_EBUS_28	tumor	NA
ACTTTCAAGTCAAGCG_EBUS_28	normal	NA
ACTTTCACAAAGGAAG_EBUS_28	normal	NA
ACTTTCACAGAGTGTG_EBUS_28	tumor	NA
ACTTTCACAGGTCGTC_EBUS_28	tumor	NA
ACTTTCAGTGTTGGGA_EBUS_28	tumor	NA
ACTTTCAGTTGAACTC_EBUS_28	normal	NA
ACTTTCATCCGTAGTA_EBUS_28	tumor	NA
ACTTTCATCGTCGTTC_EBUS_28	normal	NA
ACTTTCATCTACCTGC_EBUS_28	normal	NA
AGAATAGAGATATGCA_EBUS_28	tumor	NA
AGAATAGAGGGCATGT_EBUS_28	normal	NA
AGAATAGCAACTGCTA_EBUS_28	normal	NA
AGAATAGCATGGAATA_EBUS_28	tumor	NA
AGAATAGCATTACCTT_EBUS_28	tumor	NA
AGAATAGGTACACCGC_EBUS_28	tumor	NA
AGAATAGGTACATGTC_EBUS_28	normal	NA
AGAATAGGTCAGGACA_EBUS_28	tumor	NA
AGAATAGGTCCATGAT_EBUS_28	normal	NA
AGAATAGGTTCGGGCT_EBUS_28	tumor	NA
AGAATAGTCAACGAAA_EBUS_28	normal	NA
AGAATAGTCATGTGGT_EBUS_28	normal	NA
AGAATAGTCGAATCCA_EBUS_28	tumor	NA
AGACGTTAGCAAATCA_EBUS_28	tumor	NA
AGACGTTAGTACGCCC_EBUS_28	normal	NA
AGACGTTAGTAGGTGC_EBUS_28	tumor	NA
AGACGTTCAGACAAGC_EBUS_28	tumor	NA
AGACGTTGTTACAGAA_EBUS_28	normal	NA
AGACGTTTCAACACCA_EBUS_28	tumor	NA
AGACGTTTCAAGAAGT_EBUS_28	tumor	NA
AGACGTTTCCGCGTTT_EBUS_28	tumor	NA
AGAGCGAAGCGATGAC_EBUS_28	normal	NA
AGAGCGAAGGATTCGG_EBUS_28	tumor	NA
AGAGCGACACCTCGTT_EBUS_28	tumor	NA
AGAGCGACAGATGAGC_EBUS_28	tumor	NA
AGAGCGAGTCTTCGTC_EBUS_28	tumor	NA
AGAGCGAGTCTTTCAT_EBUS_28	normal	NA
AGAGCGAGTGAGTGAC_EBUS_28	normal	NA
AGAGCGAGTGCGCTTG_EBUS_28	tumor	NA
AGAGCGAGTTCCGTCT_EBUS_28	normal	NA
AGAGCGATCGACGGAA_EBUS_28	tumor	NA
AGAGCGATCGGAGCAA_EBUS_28	tumor	NA
AGAGCGATCGTTTAGG_EBUS_28	normal	NA
AGAGCGATCTCGTTTA_EBUS_28	tumor	NA
AGAGCTTAGCGATGAC_EBUS_28	normal	NA
AGAGCTTCACCGATAT_EBUS_28	normal	NA
AGAGCTTCACGACGAA_EBUS_28	tumor	NA
AGAGCTTCATGCCCGA_EBUS_28	tumor	NA
AGAGCTTGTCCAACTA_EBUS_28	tumor	NA
AGAGCTTGTCCATGAT_EBUS_28	normal	NA
AGAGCTTGTCCGTTAA_EBUS_28	tumor	NA
AGAGTGGAGTAGGCCA_EBUS_28	tumor	NA
AGAGTGGCACATCCGG_EBUS_28	normal	NA
AGAGTGGGTTATGTGC_EBUS_28	normal	NA
AGAGTGGTCCACGCAG_EBUS_28	tumor	NA
AGAGTGGTCCTTGCCA_EBUS_28	tumor	NA
AGAGTGGTCGCTGATA_EBUS_28	tumor	NA
AGAGTGGTCGGTTAAC_EBUS_28	normal	NA
AGAGTGGTCTGTCAAG_EBUS_28	normal	NA
AGATCTGAGAGACGAA_EBUS_28	tumor	NA
AGATCTGAGAGACTAT_EBUS_28	normal	NA
AGATCTGAGAGGTTAT_EBUS_28	tumor	NA
AGATCTGAGGCTAGAC_EBUS_28	normal	NA
AGATCTGCAACGATCT_EBUS_28	normal	NA
AGATCTGCATGCTAGT_EBUS_28	normal	NA
AGATCTGGTCTAGTCA_EBUS_28	normal	NA
AGATCTGTCTGATACG_EBUS_28	tumor	NA
AGATCTGTCTGGAGCC_EBUS_28	tumor	NA
AGATCTGTCTTTACGT_EBUS_28	normal	NA
AGATTGCAGAAACGCC_EBUS_28	normal	NA
AGATTGCAGGAATGGA_EBUS_28	normal	NA
AGATTGCCACCTTGTC_EBUS_28	normal	NA
AGATTGCCAGTGAGTG_EBUS_28	tumor	NA
AGATTGCGTACCAGTT_EBUS_28	tumor	NA
AGATTGCGTATGAAAC_EBUS_28	normal	NA
AGATTGCGTGGACGAT_EBUS_28	normal	NA
AGATTGCGTTCGCGAC_EBUS_28	normal	NA
AGATTGCTCCCAAGAT_EBUS_28	tumor	NA
AGATTGCTCCTATGTT_EBUS_28	normal	NA
AGCAGCCAGGATGGAA_EBUS_28	tumor	NA
AGCAGCCCAACGATGG_EBUS_28	normal	NA
AGCAGCCCAGCTGCAC_EBUS_28	tumor	NA
AGCAGCCGTCAAAGCG_EBUS_28	tumor	NA
AGCAGCCGTGCAGACA_EBUS_28	tumor	NA
AGCATACAGAGGGATA_EBUS_28	normal	NA
AGCATACCAAGCCGTC_EBUS_28	normal	NA
AGCATACGTACCGCTG_EBUS_28	tumor	NA
AGCATACGTTAAAGTG_EBUS_28	tumor	NA
AGCATACTCAGTTGAC_EBUS_28	tumor	NA
AGCCTAAAGAACAATC_EBUS_28	tumor	NA
AGCCTAAAGCGTGAAC_EBUS_28	normal	NA
AGCCTAAAGGGCACTA_EBUS_28	tumor	NA
AGCCTAAAGTAGGTGC_EBUS_28	tumor	NA
AGCCTAACAGCCTTTC_EBUS_28	tumor	NA
AGCCTAACATTAGCCA_EBUS_28	tumor	NA
AGCCTAACATTCGACA_EBUS_28	tumor	NA
AGCCTAAGTATTACCG_EBUS_28	tumor	NA
AGCCTAAGTTCGTGAT_EBUS_28	normal	NA
AGCGGTCAGCGATGAC_EBUS_28	tumor	NA
AGCGGTCAGGCCATAG_EBUS_28	normal	NA
AGCGGTCAGGCGACAT_EBUS_28	normal	NA
AGCGGTCAGGGTTTCT_EBUS_28	normal	NA
AGCGGTCAGTCCAGGA_EBUS_28	tumor	NA
AGCGGTCAGTGACATA_EBUS_28	normal	NA
AGCGGTCCACAACTGT_EBUS_28	normal	NA
AGCGGTCCATACTCTT_EBUS_28	tumor	NA
AGCGGTCGTACTTCTT_EBUS_28	tumor	NA
AGCGGTCGTAGATTAG_EBUS_28	normal	NA
AGCGGTCGTCAGAATA_EBUS_28	normal	NA
AGCGGTCTCAACGAAA_EBUS_28	normal	NA
AGCGGTCTCGCGATCG_EBUS_28	tumor	NA
AGCGGTCTCGTTTGCC_EBUS_28	normal	NA
AGCGTATAGACTAGGC_EBUS_28	tumor	NA
AGCGTATAGGCCGAAT_EBUS_28	normal	NA
AGCGTATCACAGATTC_EBUS_28	tumor	NA
AGCGTATCACATGACT_EBUS_28	normal	NA
AGCGTATCAGGGAGAG_EBUS_28	tumor	NA
AGCGTATCATTTGCTT_EBUS_28	normal	NA
AGCGTATGTAGCGATG_EBUS_28	tumor	NA
AGCGTATTCTTGCATT_EBUS_28	tumor	NA
AGCGTCGAGATGTGTA_EBUS_28	tumor	NA
AGCGTCGCAATCCGAT_EBUS_28	normal	NA
AGCGTCGCACGGTAGA_EBUS_28	normal	NA
AGCGTCGCAGGTCGTC_EBUS_28	tumor	NA
AGCGTCGGTCGCGTGT_EBUS_28	normal	NA
AGCGTCGGTGGTGTAG_EBUS_28	tumor	NA
AGCGTCGGTTTGTTTC_EBUS_28	normal	NA
AGCGTCGTCAAGATCC_EBUS_28	normal	NA
AGCGTCGTCACCCGAG_EBUS_28	tumor	NA
AGCGTCGTCATATCGG_EBUS_28	normal	NA
AGCGTCGTCCATGAGT_EBUS_28	tumor	NA
AGCGTCGTCCCATTAT_EBUS_28	normal	NA
AGCTCCTAGCGACGTA_EBUS_28	tumor	NA
AGCTCCTAGGAATGGA_EBUS_28	tumor	NA
AGCTCCTAGTAGGTGC_EBUS_28	tumor	NA
AGCTCCTCAAGTCTGT_EBUS_28	normal	NA
AGCTCCTCACGGACAA_EBUS_28	normal	NA
AGCTCCTGTACTTCTT_EBUS_28	normal	NA
AGCTCCTGTAGGGTAC_EBUS_28	normal	NA
AGCTCCTGTTGTTTGG_EBUS_28	normal	NA
AGCTCCTTCCTGCTTG_EBUS_28	tumor	NA
AGCTCCTTCGGTCCGA_EBUS_28	tumor	NA
AGCTCTCAGCACCGCT_EBUS_28	tumor	NA
AGCTCTCAGCCGATTT_EBUS_28	normal	NA
AGCTCTCAGCTGCGAA_EBUS_28	normal	NA
AGCTCTCAGTGTCTCA_EBUS_28	tumor	NA
AGCTCTCCAGCCACCA_EBUS_28	normal	NA
AGCTCTCCAGTAACGG_EBUS_28	normal	NA
AGCTCTCGTAGCCTAT_EBUS_28	tumor	NA
AGCTCTCGTCTAGTCA_EBUS_28	normal	NA
AGCTCTCGTCTCCCTA_EBUS_28	normal	NA
AGCTCTCTCTTGCAAG_EBUS_28	normal	NA
AGCTTGAAGATGTAAC_EBUS_28	tumor	NA
AGCTTGAAGCGTTGCC_EBUS_28	normal	NA
AGCTTGAAGTGGGTTG_EBUS_28	tumor	NA
AGCTTGACAATAAGCA_EBUS_28	tumor	NA
AGCTTGACAGATCCAT_EBUS_28	tumor	NA
AGCTTGACAGTCTTCC_EBUS_28	normal	NA
AGCTTGAGTAGTGAAT_EBUS_28	normal	NA
AGCTTGAGTTACTGAC_EBUS_28	tumor	NA
AGCTTGATCACAACGT_EBUS_28	tumor	NA
AGCTTGATCTGGCGTG_EBUS_28	tumor	NA
AGGCCACAGAGCTATA_EBUS_28	tumor	NA
AGGCCACAGCTAACAA_EBUS_28	normal	NA
AGGCCACCAAACAACA_EBUS_28	tumor	NA
AGGCCACCAAGAGTCG_EBUS_28	normal	NA
AGGCCACCACACCGCA_EBUS_28	tumor	NA
AGGCCACCACTAAGTC_EBUS_28	tumor	NA
AGGCCACCAGCTGTTA_EBUS_28	tumor	NA
AGGCCACCATAACCTG_EBUS_28	tumor	NA
AGGCCACGTAGCGTCC_EBUS_28	normal	NA
AGGCCACGTCCTGCTT_EBUS_28	tumor	NA
AGGCCGTAGCGAAGGG_EBUS_28	tumor	NA
AGGCCGTAGCGATGAC_EBUS_28	normal	NA
AGGCCGTGTACCGTTA_EBUS_28	tumor	NA
AGGCCGTGTACTTAGC_EBUS_28	tumor	NA
AGGCCGTGTCCGCTGA_EBUS_28	normal	NA
AGGCCGTGTCTCCACT_EBUS_28	normal	NA
AGGCCGTGTGTTGGGA_EBUS_28	normal	NA
AGGCCGTGTTAGAACA_EBUS_28	tumor	NA
AGGCCGTTCCAAACAC_EBUS_28	normal	NA
AGGGAGTAGAGATGAG_EBUS_28	tumor	NA
AGGGAGTAGGACATTA_EBUS_28	normal	NA
AGGGAGTAGTGCCAGA_EBUS_28	tumor	NA
AGGGAGTAGTTGAGAT_EBUS_28	tumor	NA
AGGGAGTGTGACGGTA_EBUS_28	tumor	NA
AGGGAGTGTTACGGAG_EBUS_28	normal	NA
AGGGAGTTCACATAGC_EBUS_28	normal	NA
AGGGAGTTCACCCGAG_EBUS_28	tumor	NA
AGGGAGTTCATCGCTC_EBUS_28	tumor	NA
AGGGATGAGGGTGTGT_EBUS_28	tumor	NA
AGGGATGAGTGAACAT_EBUS_28	normal	NA
AGGGATGAGTGACATA_EBUS_28	tumor	NA
AGGGATGAGTGTTGAA_EBUS_28	normal	NA
AGGGATGCAAATTGCC_EBUS_28	normal	NA
AGGGATGTCCAGAGGA_EBUS_28	normal	NA
AGGGATGTCTCATTCA_EBUS_28	tumor	NA
AGGGTGAAGATAGGAG_EBUS_28	normal	NA
AGGGTGACACATTAGC_EBUS_28	tumor	NA
AGGGTGACATGCCACG_EBUS_28	normal	NA
AGGGTGAGTTGATTGC_EBUS_28	normal	NA
AGGGTGATCTGCAAGT_EBUS_28	tumor	NA
AGGGTGATCTGTCCGT_EBUS_28	tumor	NA
AGGTCATAGCGAAGGG_EBUS_28	tumor	NA
AGGTCATCACATTTCT_EBUS_28	normal	NA
AGGTCATCATATGGTC_EBUS_28	tumor	NA
AGGTCATGTCATATCG_EBUS_28	normal	NA
AGGTCATTCAACGGCC_EBUS_28	normal	NA
AGGTCATTCCAAACTG_EBUS_28	tumor	NA
AGGTCATTCCCTCAGT_EBUS_28	normal	NA
AGGTCATTCGTATCAG_EBUS_28	normal	NA
AGGTCCGAGAGATGAG_EBUS_28	tumor	NA
AGGTCCGAGGAGTTGC_EBUS_28	tumor	NA
AGGTCCGAGGTGTGGT_EBUS_28	tumor	NA
AGGTCCGCACGGCCAT_EBUS_28	tumor	NA
AGGTCCGCACTATCTT_EBUS_28	normal	NA
AGGTCCGGTCCCTTGT_EBUS_28	normal	NA
AGGTCCGGTCTAGTGT_EBUS_28	tumor	NA
AGGTCCGGTGATAAAC_EBUS_28	tumor	NA
AGGTCCGGTTATCCGA_EBUS_28	tumor	NA
AGGTCCGTCAAGGCTT_EBUS_28	tumor	NA
AGGTCCGTCCTAAGTG_EBUS_28	tumor	NA
AGTAGTCAGTTAAGTG_EBUS_28	normal	NA
AGTAGTCCACAGGTTT_EBUS_28	tumor	NA
AGTAGTCCATCGTCGG_EBUS_28	normal	NA
AGTAGTCCATTTGCTT_EBUS_28	normal	NA
AGTAGTCGTAGAAAGG_EBUS_28	tumor	NA
AGTAGTCGTCTTCTCG_EBUS_28	normal	NA
AGTAGTCTCGTTACAG_EBUS_28	tumor	NA
AGTAGTCTCTCTAGGA_EBUS_28	normal	NA
AGTCTTTCAAAGGTGC_EBUS_28	normal	NA
AGTCTTTCAGACGCCT_EBUS_28	tumor	NA
AGTCTTTCAGCGTTCG_EBUS_28	tumor	NA
AGTCTTTGTAGGGTAC_EBUS_28	tumor	NA
AGTCTTTTCAAGAAGT_EBUS_28	normal	NA
AGTCTTTTCTATCGCC_EBUS_28	tumor	NA
AGTGAGGAGACGACGT_EBUS_28	normal	NA
AGTGAGGAGCGGCTTC_EBUS_28	normal	NA
AGTGAGGAGTACATGA_EBUS_28	tumor	NA
AGTGAGGCAAGGCTCC_EBUS_28	normal	NA
AGTGAGGCAATCAGAA_EBUS_28	normal	NA
AGTGAGGCACGGTAAG_EBUS_28	tumor	NA
AGTGAGGGTTACGGAG_EBUS_28	tumor	NA
AGTGAGGTCTTCGAGA_EBUS_28	tumor	NA
AGTGGGAAGATGCCTT_EBUS_28	tumor	NA
AGTGGGAAGGACGAAA_EBUS_28	normal	NA
AGTGGGAAGGCCGAAT_EBUS_28	normal	NA
AGTGGGACAAGGTTTC_EBUS_28	tumor	NA
AGTGGGACACATCTTT_EBUS_28	normal	NA
AGTGGGAGTAACGCGA_EBUS_28	normal	NA
AGTGGGAGTCTTCAAG_EBUS_28	tumor	NA
AGTGGGAGTGCAGTAG_EBUS_28	tumor	NA
AGTGGGATCCGCGTTT_EBUS_28	tumor	NA
AGTGGGATCCGTTGCT_EBUS_28	tumor	NA
AGTGGGATCTAAGCCA_EBUS_28	normal	NA
AGTGTCAAGAGAACAG_EBUS_28	tumor	NA
AGTGTCACACCACGTG_EBUS_28	normal	NA
AGTGTCACACCATCCT_EBUS_28	normal	NA
AGTGTCACACCTATCC_EBUS_28	tumor	NA
AGTGTCAGTCCCTACT_EBUS_28	tumor	NA
AGTGTCAGTCTCTCTG_EBUS_28	tumor	NA
AGTGTCAGTGTGACCC_EBUS_28	normal	NA
AGTGTCAGTTCGAATC_EBUS_28	normal	NA
AGTGTCATCAAACGGG_EBUS_28	tumor	NA
AGTGTCATCGCCATAA_EBUS_28	normal	NA
AGTTGGTAGAGATGAG_EBUS_28	normal	NA
AGTTGGTAGGGCATGT_EBUS_28	normal	NA
AGTTGGTAGTTAGGTA_EBUS_28	tumor	NA
AGTTGGTCATAACCTG_EBUS_28	tumor	NA
AGTTGGTCATTGGTAC_EBUS_28	tumor	NA
AGTTGGTGTATTAGCC_EBUS_28	normal	NA
AGTTGGTGTGACTCAT_EBUS_28	normal	NA
AGTTGGTGTGTGACGA_EBUS_28	tumor	NA
AGTTGGTGTTAAGACA_EBUS_28	tumor	NA
AGTTGGTGTTAAGGGC_EBUS_28	tumor	NA
AGTTGGTTCATTGCCC_EBUS_28	tumor	NA
AGTTGGTTCCATTCTA_EBUS_28	normal	NA
AGTTGGTTCGTGGTCG_EBUS_28	normal	NA
AGTTGGTTCTAACTGG_EBUS_28	tumor	NA
ATAACGCCACATAACC_EBUS_28	normal	NA
ATAACGCCACCCATTC_EBUS_28	tumor	NA
ATAACGCCACGAAATA_EBUS_28	tumor	NA
ATAACGCCATCCTTGC_EBUS_28	normal	NA
ATAACGCGTCATCCCT_EBUS_28	tumor	NA
ATAACGCGTTAAAGTG_EBUS_28	tumor	NA
ATAACGCTCATGGTCA_EBUS_28	tumor	NA
ATAACGCTCCAGTAGT_EBUS_28	tumor	NA
ATAACGCTCGAGAACG_EBUS_28	normal	NA
ATAAGAGCAGGAATGC_EBUS_28	normal	NA
ATAAGAGCATATGAGA_EBUS_28	normal	NA
ATAAGAGTCCATGAGT_EBUS_28	tumor	NA
ATAAGAGTCCTAAGTG_EBUS_28	normal	NA
ATAGACCAGATGGCGT_EBUS_28	normal	NA
ATAGACCAGATGTGGC_EBUS_28	tumor	NA
ATAGACCAGCCAGGAT_EBUS_28	tumor	NA
ATAGACCAGTCAAGGC_EBUS_28	tumor	NA
ATAGACCCAAACCCAT_EBUS_28	tumor	NA
ATAGACCCAAGACGTG_EBUS_28	tumor	NA
ATAGACCCAATGGAAT_EBUS_28	tumor	NA
ATAGACCCAATGGTCT_EBUS_28	tumor	NA
ATAGACCCACGTCAGC_EBUS_28	normal	NA
ATAGACCGTATATGGA_EBUS_28	tumor	NA
ATAGACCGTGTCGCTG_EBUS_28	tumor	NA
ATAGACCTCCAAACTG_EBUS_28	normal	NA
ATAGACCTCGTAGGAG_EBUS_28	normal	NA
ATAGACCTCTTGAGGT_EBUS_28	normal	NA
ATCACGAAGAGACTTA_EBUS_28	normal	NA
ATCACGAAGGGTTTCT_EBUS_28	tumor	NA
ATCACGACACTGTCGG_EBUS_28	tumor	NA
ATCACGAGTGGTAACG_EBUS_28	tumor	NA
ATCACGATCAAACAAG_EBUS_28	tumor	NA
ATCACGATCGCTAGCG_EBUS_28	tumor	NA
ATCATCTAGACAAAGG_EBUS_28	normal	NA
ATCATCTAGCAATATG_EBUS_28	tumor	NA
ATCATCTAGTCTCAAC_EBUS_28	tumor	NA
ATCATCTCATCGGGTC_EBUS_28	normal	NA
ATCATCTGTAGCACGA_EBUS_28	tumor	NA
ATCATCTGTCAGATAA_EBUS_28	normal	NA
ATCATCTGTGACTCAT_EBUS_28	tumor	NA
ATCATCTGTTAAGTAG_EBUS_28	normal	NA
ATCATCTGTTAGTGGG_EBUS_28	tumor	NA
ATCATCTTCAACACGT_EBUS_28	tumor	NA
ATCATGGAGTGACATA_EBUS_28	normal	NA
ATCATGGAGTGGTCCC_EBUS_28	tumor	NA
ATCATGGCAATCGGTT_EBUS_28	normal	NA
ATCATGGCAGACGCCT_EBUS_28	tumor	NA
ATCATGGCAGCATGAG_EBUS_28	normal	NA
ATCATGGCATACTACG_EBUS_28	normal	NA
ATCATGGCATGAAGTA_EBUS_28	tumor	NA
ATCATGGCATGATCCA_EBUS_28	tumor	NA
ATCATGGGTCGTTGTA_EBUS_28	tumor	NA
ATCATGGTCATGTGGT_EBUS_28	normal	NA
ATCATGGTCCGTAGGC_EBUS_28	normal	NA
ATCCACCAGATCACGG_EBUS_28	normal	NA
ATCCACCAGCTAAACA_EBUS_28	tumor	NA
ATCCACCCAACACCCG_EBUS_28	tumor	NA
ATCCACCCACAGCGTC_EBUS_28	tumor	NA
ATCCACCCATCACGAT_EBUS_28	tumor	NA
ATCCACCCATTAACCG_EBUS_28	normal	NA
ATCCACCGTAAGGGCT_EBUS_28	normal	NA
ATCCACCGTACCGTTA_EBUS_28	normal	NA
ATCCACCGTAGATTAG_EBUS_28	tumor	NA
ATCCACCGTGAACCTT_EBUS_28	normal	NA
ATCCACCGTGCACCAC_EBUS_28	normal	NA
ATCCGAACAGGATTGG_EBUS_28	tumor	NA
ATCCGAACAGGTCCAC_EBUS_28	tumor	NA
ATCCGAAGTAGTAGTA_EBUS_28	normal	NA
ATCCGAAGTCTTGTCC_EBUS_28	tumor	NA
ATCCGAAGTTACGGAG_EBUS_28	tumor	NA
ATCCGAAGTTCAGCGC_EBUS_28	normal	NA
ATCCGAATCTCGATGA_EBUS_28	tumor	NA
ATCGAGTAGCTGAAAT_EBUS_28	tumor	NA
ATCGAGTCACCACGTG_EBUS_28	tumor	NA
ATCGAGTCACCAGGTC_EBUS_28	tumor	NA
ATCGAGTCAGAGTGTG_EBUS_28	tumor	NA
ATCGAGTCAGCTGCTG_EBUS_28	normal	NA
ATCGAGTCAGCTGGCT_EBUS_28	normal	NA
ATCGAGTGTGTGAATA_EBUS_28	tumor	NA
ATCGAGTTCCAATGGT_EBUS_28	normal	NA
ATCGAGTTCCAGTAGT_EBUS_28	tumor	NA
ATCGAGTTCGTTACGA_EBUS_28	tumor	NA
ATCTACTAGACCACGA_EBUS_28	normal	NA
ATCTACTAGAGACTTA_EBUS_28	tumor	NA
ATCTACTAGTAGATGT_EBUS_28	tumor	NA
ATCTACTAGTCAAGGC_EBUS_28	normal	NA
ATCTACTAGTCCTCCT_EBUS_28	normal	NA
ATCTACTCAAGGACTG_EBUS_28	normal	NA
ATCTACTGTCTAGCGC_EBUS_28	tumor	NA
ATCTACTGTCTTCTCG_EBUS_28	normal	NA
ATCTACTTCTGAGGGA_EBUS_28	normal	NA
ATCTGCCAGAGTGAGA_EBUS_28	normal	NA
ATCTGCCAGCCAACAG_EBUS_28	normal	NA
ATCTGCCGTCTAGTCA_EBUS_28	normal	NA
ATCTGCCTCTCGGACG_EBUS_28	tumor	NA
ATGAGGGCAGGTGGAT_EBUS_28	normal	NA
ATGAGGGCATGCCCGA_EBUS_28	normal	NA
ATGAGGGGTAGCCTAT_EBUS_28	tumor	NA
ATGAGGGGTCGCATCG_EBUS_28	tumor	NA
ATGAGGGGTGCCTGCA_EBUS_28	tumor	NA
ATGAGGGGTTCCCTTG_EBUS_28	tumor	NA
ATGAGGGTCGTTTATC_EBUS_28	normal	NA
ATGCGATAGAGAGCTC_EBUS_28	normal	NA
ATGCGATAGATGTGGC_EBUS_28	tumor	NA
ATGCGATAGTGTCCCG_EBUS_28	tumor	NA
ATGCGATCAAGAAGAG_EBUS_28	tumor	NA
ATGCGATCAATCACAC_EBUS_28	normal	NA
ATGCGATCAGTCTTCC_EBUS_28	tumor	NA
ATGCGATCATCATCCC_EBUS_28	normal	NA
ATGCGATGTTCATGGT_EBUS_28	normal	NA
ATGCGATGTTTGTGTG_EBUS_28	normal	NA
ATGCGATTCAGCATGT_EBUS_28	normal	NA
ATGCGATTCATCGCTC_EBUS_28	normal	NA
ATGCGATTCGTTTAGG_EBUS_28	tumor	NA
ATGGGAGAGAGTGAGA_EBUS_28	tumor	NA
ATGGGAGAGCTTCGCG_EBUS_28	tumor	NA
ATGGGAGCAATTGCTG_EBUS_28	normal	NA
ATGGGAGCAGCCAGAA_EBUS_28	tumor	NA
ATGGGAGCATAAAGGT_EBUS_28	normal	NA
ATGGGAGCATATACGC_EBUS_28	tumor	NA
ATGGGAGGTCAACATC_EBUS_28	tumor	NA
ATGGGAGTCAACACCA_EBUS_28	normal	NA
ATGGGAGTCTACTCAT_EBUS_28	tumor	NA
ATGTGTGAGTCCATAC_EBUS_28	normal	NA
ATGTGTGAGTGGACGT_EBUS_28	tumor	NA
ATGTGTGAGTGTTAGA_EBUS_28	normal	NA
ATGTGTGCAACACGCC_EBUS_28	tumor	NA
ATGTGTGCATCCGCGA_EBUS_28	tumor	NA
ATGTGTGGTCAGGACA_EBUS_28	tumor	NA
ATGTGTGGTTACGCGC_EBUS_28	tumor	NA
ATTACTCAGTCGTTTG_EBUS_28	normal	NA
ATTACTCCAATGACCT_EBUS_28	tumor	NA
ATTACTCCACCTCGTT_EBUS_28	normal	NA
ATTACTCCAGGCGATA_EBUS_28	tumor	NA
ATTACTCCATAGTAAG_EBUS_28	tumor	NA
ATTACTCGTACCGGCT_EBUS_28	tumor	NA
ATTACTCGTATTAGCC_EBUS_28	normal	NA
ATTACTCGTGACGGTA_EBUS_28	normal	NA
ATTACTCTCGAATGCT_EBUS_28	tumor	NA
ATTATCCAGATCTGAA_EBUS_28	tumor	NA
ATTATCCAGCTAACTC_EBUS_28	tumor	NA
ATTATCCAGCTAGTGG_EBUS_28	normal	NA
ATTATCCAGGCTAGAC_EBUS_28	normal	NA
ATTATCCAGGTTCCTA_EBUS_28	tumor	NA
ATTATCCAGTCGTTTG_EBUS_28	normal	NA
ATTATCCAGTGCCATT_EBUS_28	tumor	NA
ATTATCCCATGCCCGA_EBUS_28	tumor	NA
ATTATCCGTGCACCAC_EBUS_28	normal	NA
ATTATCCGTGGAAAGA_EBUS_28	tumor	NA
ATTATCCTCTAACCGA_EBUS_28	normal	NA
ATTATCCTCTACTTAC_EBUS_28	normal	NA
ATTATCCTCTGTCCGT_EBUS_28	normal	NA
ATTATCCTCTTCATGT_EBUS_28	normal	NA
ATTCTACAGGGCACTA_EBUS_28	tumor	NA
ATTCTACAGTATGACA_EBUS_28	normal	NA
ATTCTACCAAGCGATG_EBUS_28	normal	NA
ATTCTACCAATCACAC_EBUS_28	normal	NA
ATTCTACCACACGCTG_EBUS_28	tumor	NA
ATTCTACCACGCCAGT_EBUS_28	normal	NA
ATTCTACCACTAGTAC_EBUS_28	normal	NA
ATTCTACGTAATAGCA_EBUS_28	tumor	NA
ATTCTACGTGCACTTA_EBUS_28	tumor	NA
ATTCTACTCTAACTCT_EBUS_28	tumor	NA
ATTGGACAGCAGCCTC_EBUS_28	tumor	NA
ATTGGACAGCGTAGTG_EBUS_28	tumor	NA
ATTGGACAGCTCAACT_EBUS_28	tumor	NA
ATTGGACCAAGCGATG_EBUS_28	tumor	NA
ATTGGACCAGACAGGT_EBUS_28	tumor	NA
ATTGGACCATTACGAC_EBUS_28	tumor	NA
ATTGGACGTAGCCTAT_EBUS_28	normal	NA
ATTGGACGTCAGAATA_EBUS_28	normal	NA
ATTGGACGTTTGACTG_EBUS_28	normal	NA
ATTGGACTCAGCAACT_EBUS_28	tumor	NA
ATTGGTGAGCGTGAGT_EBUS_28	tumor	NA
ATTGGTGAGTAGTGCG_EBUS_28	tumor	NA
ATTGGTGCAAGTCTGT_EBUS_28	normal	NA
ATTGGTGCACATGTGT_EBUS_28	tumor	NA
ATTGGTGCACTGTTAG_EBUS_28	normal	NA
ATTGGTGTCACCAGGC_EBUS_28	tumor	NA
ATTGGTGTCCTCTAGC_EBUS_28	normal	NA
ATTTCTGCAGATTGCT_EBUS_28	tumor	NA
ATTTCTGCATAAAGGT_EBUS_28	tumor	NA
ATTTCTGCATGAGCGA_EBUS_28	tumor	NA
ATTTCTGGTCGAGTTT_EBUS_28	tumor	NA
ATTTCTGGTTTAGGAA_EBUS_28	tumor	NA
ATTTCTGTCACAGGCC_EBUS_28	normal	NA
ATTTCTGTCACTTATC_EBUS_28	tumor	NA
CAACCAACACGTCAGC_EBUS_28	tumor	NA
CAACCAAGTCATATCG_EBUS_28	normal	NA
CAACCAAGTCCGAGTC_EBUS_28	tumor	NA
CAACCAAGTTCGTGAT_EBUS_28	tumor	NA
CAACCAATCACCTCGT_EBUS_28	normal	NA
CAACCTCAGGTAAACT_EBUS_28	tumor	NA
CAACCTCCAGACGCCT_EBUS_28	normal	NA
CAACCTCCAGTCAGCC_EBUS_28	normal	NA
CAACCTCGTACAGACG_EBUS_28	normal	NA
CAACCTCTCATTCACT_EBUS_28	normal	NA
CAACCTCTCGGCCGAT_EBUS_28	tumor	NA
CAACTAGCAATGAAAC_EBUS_28	tumor	NA
CAACTAGGTAAAGGAG_EBUS_28	tumor	NA
CAACTAGGTATAGTAG_EBUS_28	normal	NA
CAAGAAAAGGGAGTAA_EBUS_28	normal	NA
CAAGAAACAGCTGCAC_EBUS_28	tumor	NA
CAAGAAACAGTAAGCG_EBUS_28	tumor	NA
CAAGAAACATGCGCAC_EBUS_28	normal	NA
CAAGAAACATGCTAGT_EBUS_28	tumor	NA
CAAGAAACATTTGCTT_EBUS_28	tumor	NA
CAAGAAAGTACAGCAG_EBUS_28	normal	NA
CAAGAAAGTGTCGCTG_EBUS_28	tumor	NA
CAAGAAAGTTCAGACT_EBUS_28	normal	NA
CAAGAAAGTTCGTTGA_EBUS_28	tumor	NA
CAAGAAATCACTCTTA_EBUS_28	normal	NA
CAAGAAATCGGAGCAA_EBUS_28	tumor	NA
CAAGAAATCGTAGATC_EBUS_28	tumor	NA
CAAGAAATCTCTGCTG_EBUS_28	normal	NA
CAAGAAATCTTGCATT_EBUS_28	tumor	NA
CAAGATCAGCTAGCCC_EBUS_28	normal	NA
CAAGATCAGGAGCGTT_EBUS_28	normal	NA
CAAGATCAGTGCTGCC_EBUS_28	tumor	NA
CAAGATCCACTCAGGC_EBUS_28	tumor	NA
CAAGATCCAGTTTACG_EBUS_28	normal	NA
CAAGATCGTGAGGCTA_EBUS_28	tumor	NA
CAAGATCGTGTGAATA_EBUS_28	normal	NA
CAAGATCGTTTCGCTC_EBUS_28	tumor	NA
CAAGATCTCCTGCTTG_EBUS_28	tumor	NA
CAAGATCTCGTGACAT_EBUS_28	normal	NA
CAAGATCTCTATCCCG_EBUS_28	normal	NA
CAAGATCTCTGTCTAT_EBUS_28	normal	NA
CAAGGCCAGCTTCGCG_EBUS_28	tumor	NA
CAAGGCCGTTCGGGCT_EBUS_28	tumor	NA
CAAGGCCGTTGATTGC_EBUS_28	tumor	NA
CAAGGCCTCAGGCGAA_EBUS_28	tumor	NA
CAAGGCCTCCGCAGTG_EBUS_28	tumor	NA
CAAGTTGAGTTCGCGC_EBUS_28	tumor	NA
CAAGTTGCAAAGGCGT_EBUS_28	normal	NA
CAAGTTGCAAAGTGCG_EBUS_28	normal	NA
CAAGTTGCAAGCTGGA_EBUS_28	normal	NA
CAAGTTGCACTACAGT_EBUS_28	tumor	NA
CAAGTTGCAGTAAGCG_EBUS_28	tumor	NA
CAAGTTGCATCGGGTC_EBUS_28	normal	NA
CAAGTTGGTAGCACGA_EBUS_28	normal	NA
CAAGTTGGTCAATACC_EBUS_28	tumor	NA
CAAGTTGGTCCAGTGC_EBUS_28	tumor	NA
CAAGTTGGTGACCAAG_EBUS_28	normal	NA
CAAGTTGTCAGCTCGG_EBUS_28	tumor	NA
CAAGTTGTCATACGGT_EBUS_28	normal	NA
CAAGTTGTCCAAGCCG_EBUS_28	normal	NA
CAAGTTGTCCTGCTTG_EBUS_28	normal	NA
CAAGTTGTCGGCTTGG_EBUS_28	normal	NA
CACAAACAGATAGCAT_EBUS_28	normal	NA
CACAAACAGCAGCCTC_EBUS_28	normal	NA
CACAAACAGGAGTAGA_EBUS_28	tumor	NA
CACAAACAGGCCATAG_EBUS_28	normal	NA
CACAAACAGTTCGCAT_EBUS_28	tumor	NA
CACAAACCACATGACT_EBUS_28	tumor	NA
CACAAACCATCGGGTC_EBUS_28	normal	NA
CACAAACGTGATAAAC_EBUS_28	tumor	NA
CACAAACTCCAGGGCT_EBUS_28	tumor	NA
CACAAACTCCCTCAGT_EBUS_28	normal	NA
CACAAACTCGGGAGTA_EBUS_28	tumor	NA
CACACAAAGGCATTGG_EBUS_28	tumor	NA
CACACAAAGTGGTAGC_EBUS_28	normal	NA
CACACAAAGTTACCCA_EBUS_28	normal	NA
CACACAACAGACGCAA_EBUS_28	tumor	NA
CACACAACAGGAATCG_EBUS_28	tumor	NA
CACACAACAGGCTCAC_EBUS_28	tumor	NA
CACACAACATTGGGCC_EBUS_28	normal	NA
CACACAAGTACGCTGC_EBUS_28	normal	NA
CACACAAGTAGGCTGA_EBUS_28	tumor	NA
CACACAAGTCCGTTAA_EBUS_28	tumor	NA
CACACAAGTCTCAACA_EBUS_28	normal	NA
CACACAAGTGCACGAA_EBUS_28	normal	NA
CACACCTAGCAATATG_EBUS_28	normal	NA
CACACCTAGCTCTCGG_EBUS_28	tumor	NA
CACACCTCAATAAGCA_EBUS_28	tumor	NA
CACACCTCAATCGGTT_EBUS_28	normal	NA
CACACCTCACGTAAGG_EBUS_28	tumor	NA
CACACCTGTACCCAAT_EBUS_28	tumor	NA
CACACCTGTCTGATTG_EBUS_28	tumor	NA
CACACCTTCATCTGCC_EBUS_28	tumor	NA
CACACCTTCCACTCCA_EBUS_28	normal	NA
CACACCTTCCTGCTTG_EBUS_28	tumor	NA
CACACCTTCTTGCATT_EBUS_28	normal	yes
CACACTCCAGATGGCA_EBUS_28	normal	NA
CACACTCGTACAGCAG_EBUS_28	tumor	NA
CACACTCGTTCACGGC_EBUS_28	tumor	NA
CACACTCTCATACGGT_EBUS_28	normal	NA
CACACTCTCCGGCACA_EBUS_28	normal	NA
CACACTCTCTAACTTC_EBUS_28	tumor	NA
CACAGGCAGTGTGAAT_EBUS_28	tumor	NA
CACAGGCCAAGTACCT_EBUS_28	tumor	NA
CACAGGCCACTTACGA_EBUS_28	tumor	NA
CACAGGCCATGGTCTA_EBUS_28	tumor	NA
CACAGGCGTTACGCGC_EBUS_28	normal	NA
CACAGGCGTTGGGACA_EBUS_28	normal	NA
CACAGGCTCAGGTAAA_EBUS_28	tumor	NA
CACAGGCTCCCTGACT_EBUS_28	tumor	NA
CACAGGCTCGCCCTTA_EBUS_28	normal	NA
CACAGTAAGAAACGCC_EBUS_28	tumor	NA
CACAGTAAGGCGCTCT_EBUS_28	tumor	NA
CACAGTAAGTATTGGA_EBUS_28	tumor	NA
CACAGTACAATGGTCT_EBUS_28	tumor	NA
CACAGTACAGCTGCTG_EBUS_28	tumor	NA
CACAGTAGTCAAACTC_EBUS_28	normal	NA
CACAGTATCGTGTAGT_EBUS_28	tumor	NA
CACAGTATCTACTATC_EBUS_28	tumor	NA
CACATAGAGGCCATAG_EBUS_28	tumor	NA
CACATAGCAATGGAAT_EBUS_28	tumor	NA
CACATAGCACGCCAGT_EBUS_28	normal	NA
CACATAGCAGGCAGTA_EBUS_28	tumor	NA
CACATAGCATGAAGTA_EBUS_28	normal	NA
CACATAGCATTAGGCT_EBUS_28	tumor	NA
CACATAGGTGACTCAT_EBUS_28	tumor	NA
CACATAGTCGATCCCT_EBUS_28	normal	NA
CACATAGTCTGATACG_EBUS_28	normal	NA
CACATTTAGGTAGCTG_EBUS_28	tumor	NA
CACATTTGTGTGGCTC_EBUS_28	tumor	NA
CACATTTGTTAGATGA_EBUS_28	normal	NA
CACATTTTCAGATAAG_EBUS_28	tumor	NA
CACATTTTCCAATGGT_EBUS_28	tumor	NA
CACATTTTCCGTCATC_EBUS_28	tumor	NA
CACCACTCACCATGTA_EBUS_28	tumor	NA
CACCACTCACCCATGG_EBUS_28	tumor	NA
CACCACTCAGCTGCAC_EBUS_28	normal	NA
CACCACTGTGGTCCGT_EBUS_28	normal	NA
CACCACTGTTTGACTG_EBUS_28	tumor	NA
CACCACTTCCAACCAA_EBUS_28	tumor	NA
CACCACTTCGCATGAT_EBUS_28	tumor	NA
CACCACTTCGTCGTTC_EBUS_28	normal	NA
CACCACTTCTCCTATA_EBUS_28	normal	NA
CACCACTTCTGTACGA_EBUS_28	normal	NA
CACCAGGAGCAGCCTC_EBUS_28	tumor	NA
CACCAGGAGGTTCCTA_EBUS_28	tumor	NA
CACCAGGAGTAGCGGT_EBUS_28	tumor	NA
CACCAGGCACACTGCG_EBUS_28	tumor	NA
CACCAGGCACCGAATT_EBUS_28	normal	NA
CACCAGGGTAAACGCG_EBUS_28	normal	NA
CACCAGGTCACCCTCA_EBUS_28	normal	NA
CACCAGGTCATGGTCA_EBUS_28	tumor	NA
CACCAGGTCTGCAAGT_EBUS_28	tumor	NA
CACCTTGAGGGCACTA_EBUS_28	tumor	NA
CACCTTGAGGGTATCG_EBUS_28	tumor	NA
CACCTTGCACATGTGT_EBUS_28	tumor	NA
CACCTTGCACCTCGGA_EBUS_28	tumor	NA
CACCTTGCATAAGACA_EBUS_28	normal	NA
CACCTTGCATCGATGT_EBUS_28	tumor	NA
CACCTTGGTACAGTTC_EBUS_28	tumor	NA
CACCTTGGTCCGAAGA_EBUS_28	normal	NA
CACCTTGGTTGATTCG_EBUS_28	tumor	NA
CACCTTGTCCAATGGT_EBUS_28	normal	NA
CACCTTGTCCCTCTTT_EBUS_28	normal	NA
CACCTTGTCGACCAGC_EBUS_28	tumor	NA
CACCTTGTCGAGCCCA_EBUS_28	normal	NA
CACTCCAAGGACATTA_EBUS_28	normal	NA
CACTCCAAGTGTCCAT_EBUS_28	tumor	NA
CACTCCACAAGTCATC_EBUS_28	normal	NA
CACTCCACAGCCTATA_EBUS_28	tumor	NA
CACTCCATCCCAAGTA_EBUS_28	normal	NA
CACTCCATCCGGGTGT_EBUS_28	normal	NA
CAGAATCAGTGATCGG_EBUS_28	normal	NA
CAGAATCAGTGCAAGC_EBUS_28	normal	NA
CAGAATCCAGGGTTAG_EBUS_28	tumor	NA
CAGAATCCAGGTGGAT_EBUS_28	tumor	NA
CAGAATCGTATATGAG_EBUS_28	normal	NA
CAGAATCGTGTTTGTG_EBUS_28	tumor	NA
CAGAATCGTTCAGGCC_EBUS_28	normal	NA
CAGAGAGAGAGTACAT_EBUS_28	tumor	NA
CAGAGAGAGGACATTA_EBUS_28	tumor	NA
CAGAGAGAGTGGCACA_EBUS_28	tumor	NA
CAGAGAGAGTGTTTGC_EBUS_28	tumor	NA
CAGAGAGGTCCTCTTG_EBUS_28	normal	NA
CAGAGAGGTGCAACGA_EBUS_28	normal	NA
CAGAGAGGTTCGGGCT_EBUS_28	normal	NA
CAGAGAGTCAAGGCTT_EBUS_28	tumor	NA
CAGAGAGTCCAAACTG_EBUS_28	tumor	NA
CAGAGAGTCGGTTAAC_EBUS_28	normal	NA
CAGATCACAATGTAAG_EBUS_28	normal	NA
CAGATCACACAGGAGT_EBUS_28	normal	NA
CAGATCACACATCTTT_EBUS_28	normal	NA
CAGATCACACGGCCAT_EBUS_28	normal	NA
CAGATCACATGTAGTC_EBUS_28	tumor	NA
CAGATCACATGTCCTC_EBUS_28	normal	NA
CAGATCAGTCCTCCAT_EBUS_28	tumor	NA
CAGATCAGTTAAAGAC_EBUS_28	tumor	NA
CAGATCATCATTTGGG_EBUS_28	normal	NA
CAGCAGCAGTTCGCAT_EBUS_28	tumor	NA
CAGCAGCCACAACTGT_EBUS_28	tumor	NA
CAGCAGCCACGGATAG_EBUS_28	normal	NA
CAGCAGCCAGTATGCT_EBUS_28	normal	NA
CAGCAGCCATTTCACT_EBUS_28	normal	NA
CAGCAGCGTCCTCCAT_EBUS_28	normal	NA
CAGCAGCTCAGAGGTG_EBUS_28	normal	NA
CAGCAGCTCTCTGTCG_EBUS_28	normal	NA
CAGCATAAGCAGGCTA_EBUS_28	normal	NA
CAGCATAAGCCAGTAG_EBUS_28	tumor	NA
CAGCATACATGACATC_EBUS_28	tumor	NA
CAGCATACATGCCTTC_EBUS_28	tumor	NA
CAGCATACATTACGAC_EBUS_28	normal	NA
CAGCATAGTCCAGTTA_EBUS_28	normal	NA
CAGCATAGTTGGTGGA_EBUS_28	normal	NA
CAGCATATCAAGGTAA_EBUS_28	normal	NA
CAGCATATCGACCAGC_EBUS_28	normal	NA
CAGCATATCGCAAACT_EBUS_28	normal	NA
CAGCATATCGCCAAAT_EBUS_28	normal	NA
CAGCATATCTGTTGAG_EBUS_28	tumor	NA
CAGCCGACATCGTCGG_EBUS_28	tumor	NA
CAGCCGACATGGTCAT_EBUS_28	normal	NA
CAGCCGAGTGTCAATC_EBUS_28	tumor	NA
CAGCCGATCAAACCGT_EBUS_28	tumor	NA
CAGCCGATCAACGAAA_EBUS_28	tumor	NA
CAGCCGATCTTGTATC_EBUS_28	normal	NA
CAGCGACCACATTTCT_EBUS_28	normal	NA
CAGCGACGTCACACGC_EBUS_28	tumor	NA
CAGCGACTCACCTTAT_EBUS_28	normal	NA
CAGCGACTCAGGTAAA_EBUS_28	tumor	NA
CAGCGACTCAGTACGT_EBUS_28	tumor	NA
CAGCGACTCTACGAGT_EBUS_28	tumor	NA
CAGCTAAAGACAAGCC_EBUS_28	tumor	NA
CAGCTAAAGATCTGAA_EBUS_28	normal	NA
CAGCTAAAGTCTCCTC_EBUS_28	tumor	NA
CAGCTAACACAGACTT_EBUS_28	tumor	NA
CAGCTAACACCCATTC_EBUS_28	normal	NA
CAGCTAACACCTCGGA_EBUS_28	tumor	NA
CAGCTAACAGAGTGTG_EBUS_28	normal	NA
CAGCTAACATGCCCGA_EBUS_28	tumor	NA
CAGCTAAGTAAGGGAA_EBUS_28	normal	NA
CAGCTAAGTAAGTGTA_EBUS_28	tumor	NA
CAGCTAAGTGTCCTCT_EBUS_28	normal	NA
CAGCTGGAGTCCGTAT_EBUS_28	tumor	NA
CAGCTGGAGTTAACGA_EBUS_28	tumor	NA
CAGCTGGCATCGGGTC_EBUS_28	normal	NA
CAGCTGGCATTCGACA_EBUS_28	normal	NA
CAGCTGGCATTTGCTT_EBUS_28	tumor	NA
CAGCTGGGTAGCGCAA_EBUS_28	normal	NA
CAGCTGGGTCAGAGGT_EBUS_28	tumor	NA
CAGCTGGGTCTACCTC_EBUS_28	normal	NA
CAGCTGGTCGCGGATC_EBUS_28	tumor	NA
CAGGTGCCAGATGGCA_EBUS_28	normal	NA
CAGGTGCTCACGGTTA_EBUS_28	tumor	NA
CAGTAACAGCACAGGT_EBUS_28	normal	NA
CAGTAACAGCAGCGTA_EBUS_28	normal	NA
CAGTAACAGGCAATTA_EBUS_28	tumor	NA
CAGTAACCAAGCCTAT_EBUS_28	normal	NA
CAGTAACCAAGTTCTG_EBUS_28	normal	NA
CAGTAACTCATGTAGC_EBUS_28	tumor	NA
CAGTAACTCATGTCTT_EBUS_28	tumor	NA
CAGTAACTCGATCCCT_EBUS_28	tumor	NA
CAGTAACTCGGTGTTA_EBUS_28	tumor	NA
CAGTCCTAGCTCAACT_EBUS_28	normal	NA
CAGTCCTAGGTGATAT_EBUS_28	tumor	NA
CAGTCCTCATGCCTTC_EBUS_28	tumor	NA
CAGTCCTGTCTAAAGA_EBUS_28	normal	NA
CAGTCCTGTCTTGCGG_EBUS_28	tumor	NA
CAGTCCTGTGATGTGG_EBUS_28	tumor	NA
CAGTCCTGTTGGACCC_EBUS_28	normal	NA
CAGTCCTTCACCCTCA_EBUS_28	normal	NA
CAGTCCTTCTGCGGCA_EBUS_28	normal	NA
CATATGGAGCTTATCG_EBUS_28	normal	NA
CATATGGAGGGCTTCC_EBUS_28	tumor	NA
CATATGGAGTCATCCA_EBUS_28	tumor	NA
CATATGGCACAGATTC_EBUS_28	normal	NA
CATATGGCACGCCAGT_EBUS_28	normal	NA
CATATGGCACGGATAG_EBUS_28	tumor	NA
CATATGGCACGTGAGA_EBUS_28	tumor	NA
CATATGGCATCCGCGA_EBUS_28	normal	NA
CATATGGGTCGACTAT_EBUS_28	tumor	NA
CATATGGGTTGTGGCC_EBUS_28	tumor	NA
CATATGGTCCTGCCAT_EBUS_28	tumor	NA
CATATGGTCTACCAGA_EBUS_28	tumor	NA
CATATTCCAAACTGTC_EBUS_28	normal	NA
CATATTCCACCATCCT_EBUS_28	normal	NA
CATATTCCAGCTGCTG_EBUS_28	normal	NA
CATATTCCATACGCTA_EBUS_28	tumor	NA
CATATTCGTAGCGCAA_EBUS_28	normal	NA
CATATTCGTCCAAGTT_EBUS_28	normal	NA
CATATTCGTCCATGAT_EBUS_28	normal	NA
CATATTCTCCACGTTC_EBUS_28	tumor	NA
CATATTCTCGTCACGG_EBUS_28	normal	NA
CATCAAGAGTGCCAGA_EBUS_28	tumor	NA
CATCAAGCAAGCGATG_EBUS_28	normal	NA
CATCAAGCAATGCCAT_EBUS_28	normal	NA
CATCAAGGTCCAGTAT_EBUS_28	tumor	NA
CATCAAGTCACATAGC_EBUS_28	normal	NA
CATCAAGTCCAAACAC_EBUS_28	tumor	NA
CATCAGAAGGCTCATT_EBUS_28	normal	NA
CATCAGACAGCTGTTA_EBUS_28	tumor	NA
CATCAGAGTTCGCTAA_EBUS_28	tumor	NA
CATCAGATCAGGCCCA_EBUS_28	tumor	NA
CATCAGATCTCCAGGG_EBUS_28	normal	NA
CATCAGATCTTGACGA_EBUS_28	tumor	NA
CATCCACCAAGCCTAT_EBUS_28	normal	NA
CATCCACCAGTAACGG_EBUS_28	tumor	NA
CATCCACCATGTTGAC_EBUS_28	tumor	NA
CATCCACGTCTTGCGG_EBUS_28	tumor	NA
CATCCACGTGTGGCTC_EBUS_28	tumor	NA
CATCCACTCACCTCGT_EBUS_28	tumor	NA
CATCCACTCACTGGGC_EBUS_28	normal	NA
CATCCACTCATGGTCA_EBUS_28	tumor	NA
CATCCACTCTATCCTA_EBUS_28	tumor	NA
CATCGAAAGTTACGGG_EBUS_28	normal	NA
CATCGAACAATAGCGG_EBUS_28	tumor	NA
CATCGAACAGGATCGA_EBUS_28	tumor	NA
CATCGAAGTAAATGAC_EBUS_28	tumor	NA
CATCGAATCGCGGATC_EBUS_28	tumor	NA
CATCGGGAGAGCAATT_EBUS_28	normal	NA
CATCGGGAGCGGATCA_EBUS_28	tumor	NA
CATCGGGAGCGTTGCC_EBUS_28	normal	NA
CATCGGGAGTCCATAC_EBUS_28	normal	NA
CATCGGGCATAACCTG_EBUS_28	normal	NA
CATCGGGGTAAGTTCC_EBUS_28	tumor	NA
CATCGGGGTCGCGTGT_EBUS_28	normal	NA
CATCGGGTCATCGCTC_EBUS_28	normal	NA
CATCGGGTCTCCTATA_EBUS_28	normal	NA
CATGACAAGAAGAAGC_EBUS_28	normal	NA
CATGACAAGACATAAC_EBUS_28	tumor	NA
CATGACAAGTTGAGTA_EBUS_28	tumor	NA
CATGACACATTGCGGC_EBUS_28	normal	NA
CATGACAGTCATCCCT_EBUS_28	tumor	NA
CATGACAGTTTGGCGC_EBUS_28	tumor	NA
CATGACATCCGCAAGC_EBUS_28	tumor	NA
CATGCCTAGTACGTTC_EBUS_28	normal	NA
CATGCCTCACTAGTAC_EBUS_28	tumor	NA
CATGCCTCAGGAACGT_EBUS_28	normal	NA
CATGCCTCAGTTCATG_EBUS_28	normal	NA
CATGCCTCATGGGAAC_EBUS_28	normal	NA
CATGCCTGTCTTTCAT_EBUS_28	normal	NA
CATGCCTTCAGGCAAG_EBUS_28	tumor	NA
CATGCCTTCTGCAAGT_EBUS_28	tumor	NA
CATGGCGAGAGCTGCA_EBUS_28	normal	NA
CATGGCGCAGCTTCGG_EBUS_28	normal	NA
CATTATCAGCAGCCTC_EBUS_28	tumor	NA
CATTATCCAGCTCGCA_EBUS_28	tumor	NA
CATTATCCATCGTCGG_EBUS_28	tumor	NA
CATTATCCATCTCGCT_EBUS_28	tumor	NA
CATTATCGTAGCAAAT_EBUS_28	tumor	NA
CATTATCGTATAGGGC_EBUS_28	normal	NA
CATTATCGTGGTAACG_EBUS_28	tumor	NA
CATTATCGTTCCATGA_EBUS_28	normal	NA
CATTATCTCCAGTATG_EBUS_28	normal	NA
CATTATCTCCCTAACC_EBUS_28	tumor	NA
CATTCGCGTAAGGGCT_EBUS_28	tumor	NA
CATTCGCTCAGTACGT_EBUS_28	tumor	NA
CATTCGCTCCCTTGCA_EBUS_28	tumor	NA
CATTCGCTCGCACTCT_EBUS_28	tumor	NA
CATTCGCTCTCCTATA_EBUS_28	tumor	NA
CCAATCCAGAGTAAGG_EBUS_28	tumor	NA
CCAATCCAGGACGAAA_EBUS_28	tumor	NA
CCAATCCCACGCTTTC_EBUS_28	normal	NA
CCAATCCCAGACAAGC_EBUS_28	normal	NA
CCAATCCCATGCTGGC_EBUS_28	normal	NA
CCAATCCGTTATGTGC_EBUS_28	normal	NA
CCACCTAAGCAATCTC_EBUS_28	normal	NA
CCACCTAAGCCTATGT_EBUS_28	tumor	NA
CCACCTAAGTGTACCT_EBUS_28	normal	NA
CCACCTAAGTGTGGCA_EBUS_28	tumor	NA
CCACCTAAGTTGCAGG_EBUS_28	tumor	NA
CCACCTACAGCTCGAC_EBUS_28	normal	NA
CCACCTACAGTACACT_EBUS_28	normal	NA
CCACCTAGTACCGCTG_EBUS_28	normal	NA
CCACCTAGTCTGATCA_EBUS_28	tumor	NA
CCACCTAGTCTTGCGG_EBUS_28	tumor	NA
CCACCTATCACCTTAT_EBUS_28	normal	NA
CCACCTATCTCAAACG_EBUS_28	tumor	NA
CCACCTATCTGATACG_EBUS_28	tumor	NA
CCACGGAAGTAGATGT_EBUS_28	normal	NA
CCACGGAAGTCGTACT_EBUS_28	tumor	NA
CCACGGACAACGATGG_EBUS_28	tumor	NA
CCACGGACACAGACAG_EBUS_28	tumor	NA
CCACGGACAGATTGCT_EBUS_28	tumor	NA
CCACGGACATCGATTG_EBUS_28	tumor	NA
CCACGGATCACAGGCC_EBUS_28	tumor	NA
CCACGGATCCGCATCT_EBUS_28	tumor	NA
CCACGGATCGAGAACG_EBUS_28	tumor	NA
CCACGGATCGGCTTGG_EBUS_28	tumor	NA
CCACTACAGAGCTTCT_EBUS_28	tumor	NA
CCACTACAGGTGATTA_EBUS_28	tumor	NA
CCACTACAGTGAACGC_EBUS_28	normal	NA
CCACTACCAAGTTCTG_EBUS_28	tumor	NA
CCACTACCACACAGAG_EBUS_28	tumor	NA
CCACTACCACCAGGCT_EBUS_28	normal	NA
CCACTACGTAGAGCTG_EBUS_28	tumor	NA
CCACTACTCCTTGGTC_EBUS_28	tumor	NA
CCACTACTCTTTACGT_EBUS_28	tumor	NA
CCAGCGAAGATGTTAG_EBUS_28	tumor	NA
CCAGCGAAGGATTCGG_EBUS_28	tumor	NA
CCAGCGAAGGCTAGAC_EBUS_28	tumor	NA
CCAGCGACAAGTAGTA_EBUS_28	normal	NA
CCAGCGAGTAAATACG_EBUS_28	normal	NA
CCAGCGAGTGCGCTTG_EBUS_28	normal	NA
CCAGCGAGTGCTCTTC_EBUS_28	tumor	NA
CCAGCGATCATATCGG_EBUS_28	tumor	NA
CCAGCGATCCTTTACA_EBUS_28	tumor	NA
CCATGTCAGATATACG_EBUS_28	normal	NA
CCATGTCAGCGGCTTC_EBUS_28	normal	NA
CCATGTCAGTCGTACT_EBUS_28	tumor	NA
CCATGTCGTGGGTCAA_EBUS_28	tumor	NA
CCATGTCTCAACGGGA_EBUS_28	tumor	NA
CCATGTCTCACCGGGT_EBUS_28	normal	NA
CCATGTCTCGTCGTTC_EBUS_28	normal	NA
CCATGTCTCGTGGTCG_EBUS_28	tumor	NA
CCATTCGAGACGCAAC_EBUS_28	tumor	NA
CCATTCGAGGCTCATT_EBUS_28	normal	NA
CCATTCGAGTGAACAT_EBUS_28	normal	NA
CCATTCGCAAGTCTAC_EBUS_28	normal	NA
CCATTCGCAGCTTCGG_EBUS_28	normal	NA
CCATTCGCATCCTTGC_EBUS_28	normal	NA
CCATTCGGTAATTGGA_EBUS_28	normal	NA
CCATTCGGTCCAGTAT_EBUS_28	normal	NA
CCATTCGGTGACAAAT_EBUS_28	normal	NA
CCATTCGGTTAAGGGC_EBUS_28	normal	NA
CCATTCGGTTCGCTAA_EBUS_28	normal	NA
CCATTCGTCCATGAAC_EBUS_28	tumor	NA
CCCAATCCAAGACACG_EBUS_28	tumor	NA
CCCAATCCAATGGATA_EBUS_28	normal	NA
CCCAATCCAGGCAGTA_EBUS_28	normal	NA
CCCAATCGTACAGACG_EBUS_28	normal	NA
CCCAATCGTAGTACCT_EBUS_28	normal	NA
CCCAATCGTCTCGTTC_EBUS_28	tumor	NA
CCCAATCGTGATGTCT_EBUS_28	normal	NA
CCCAATCGTTCTCATT_EBUS_28	tumor	NA
CCCAATCTCATCACCC_EBUS_28	tumor	NA
CCCAATCTCGGCTTGG_EBUS_28	normal	NA
CCCAGTTAGCAACGGT_EBUS_28	tumor	NA
CCCAGTTAGTAGCCGA_EBUS_28	tumor	NA
CCCAGTTCATTAACCG_EBUS_28	tumor	NA
CCCAGTTCATTCCTCG_EBUS_28	tumor	NA
CCCAGTTGTCCAGTAT_EBUS_28	normal	NA
CCCAGTTGTCTCTTTA_EBUS_28	normal	NA
CCCAGTTGTGTGGCTC_EBUS_28	tumor	NA
CCCAGTTTCCAAAGTC_EBUS_28	tumor	NA
CCCATACAGACGCACA_EBUS_28	normal	NA
CCCATACCACAACGTT_EBUS_28	tumor	NA
CCCATACCACGCGAAA_EBUS_28	tumor	NA
CCCATACCATCCCATC_EBUS_28	normal	NA
CCCATACCATTTGCTT_EBUS_28	tumor	NA
CCCATACGTAAATGTG_EBUS_28	tumor	NA
CCCATACGTACGAAAT_EBUS_28	tumor	NA
CCCATACGTCTTCAAG_EBUS_28	normal	NA
CCCATACGTGGTGTAG_EBUS_28	tumor	NA
CCCATACGTTCGTGAT_EBUS_28	tumor	NA
CCCATACTCAGAGGTG_EBUS_28	tumor	NA
CCCATACTCTCCAGGG_EBUS_28	tumor	NA
CCCATACTCTGCCAGG_EBUS_28	tumor	NA
CCCTCCTAGCTGAAAT_EBUS_28	normal	NA
CCCTCCTAGTAGATGT_EBUS_28	normal	NA
CCCTCCTCACAGATTC_EBUS_28	normal	NA
CCCTCCTCATGGTTGT_EBUS_28	tumor	NA
CCCTCCTGTCGAATCT_EBUS_28	tumor	NA
CCCTCCTGTTCCACAA_EBUS_28	tumor	NA
CCCTCCTGTTTGTTTC_EBUS_28	tumor	NA
CCCTCCTTCAGCGACC_EBUS_28	normal	NA
CCCTCCTTCATAAAGG_EBUS_28	normal	NA
CCCTCCTTCCTTTCGG_EBUS_28	tumor	NA
CCCTCCTTCTCAAGTG_EBUS_28	normal	NA
CCCTCCTTCTGTCTAT_EBUS_28	tumor	NA
CCCTCCTTCTTACCGC_EBUS_28	normal	NA
CCGGGATAGAATAGGG_EBUS_28	normal	NA
CCGGGATAGCCACGCT_EBUS_28	normal	NA
CCGGGATCAATGGACG_EBUS_28	normal	NA
CCGGGATGTCCGACGT_EBUS_28	tumor	NA
CCGGGATTCACCCTCA_EBUS_28	tumor	NA
CCGGGATTCACGATGT_EBUS_28	tumor	NA
CCGGGATTCCATTCTA_EBUS_28	tumor	NA
CCGGTAGAGCTGAAAT_EBUS_28	normal	NA
CCGGTAGGTCGAGTTT_EBUS_28	normal	NA
CCGGTAGTCATACGGT_EBUS_28	tumor	NA
CCGTACTAGCCAGTTT_EBUS_28	normal	NA
CCGTACTCAGACGCCT_EBUS_28	normal	NA
CCGTACTCAGCTCCGA_EBUS_28	normal	NA
CCGTACTGTCTGCAAT_EBUS_28	tumor	NA
CCGTACTGTGCATCTA_EBUS_28	normal	NA
CCGTACTGTTAAGATG_EBUS_28	normal	NA
CCGTACTTCACATAGC_EBUS_28	tumor	NA
CCGTACTTCACTGGGC_EBUS_28	tumor	NA
CCGTACTTCAGTTTGG_EBUS_28	tumor	NA
CCGTACTTCCCTCTTT_EBUS_28	tumor	NA
CCGTACTTCTACCAGA_EBUS_28	normal	NA
CCGTACTTCTGCGTAA_EBUS_28	normal	NA
CCGTACTTCTTGGGTA_EBUS_28	normal	NA
CCGTGGAAGAGTACAT_EBUS_28	tumor	NA
CCGTGGAAGCGTAGTG_EBUS_28	normal	NA
CCGTGGAAGGTAGCCA_EBUS_28	normal	NA
CCGTGGAAGTTGTCGT_EBUS_28	tumor	NA
CCGTGGACACGCGAAA_EBUS_28	normal	NA
CCGTGGACATTCCTGC_EBUS_28	tumor	NA
CCGTGGAGTCCAGTGC_EBUS_28	normal	NA
CCGTGGAGTGTGGTTT_EBUS_28	tumor	NA
CCGTGGAGTTATCACG_EBUS_28	tumor	NA
CCGTGGATCACAGGCC_EBUS_28	normal	NA
CCGTGGATCTACCAGA_EBUS_28	tumor	NA
CCGTGGATCTGCGACG_EBUS_28	normal	NA
CCGTTCAAGCGCCTCA_EBUS_28	normal	NA
CCGTTCAAGGCATGTG_EBUS_28	tumor	NA
CCGTTCAAGTAGGTGC_EBUS_28	normal	NA
CCGTTCACACATTCGA_EBUS_28	normal	NA
CCGTTCATCCGCATCT_EBUS_28	normal	NA
CCTAAAGAGGGTGTGT_EBUS_28	tumor	NA
CCTAAAGAGTCTCCTC_EBUS_28	tumor	NA
CCTAAAGCAAGCCGCT_EBUS_28	tumor	NA
CCTAAAGCACGGTAAG_EBUS_28	tumor	NA
CCTAAAGCACTGCCAG_EBUS_28	tumor	NA
CCTAAAGCAGATAATG_EBUS_28	normal	NA
CCTAAAGCATGTAAGA_EBUS_28	tumor	NA
CCTAAAGGTTATCGGT_EBUS_28	normal	NA
CCTAAAGTCGTACCGG_EBUS_28	tumor	NA
CCTAAAGTCTACCTGC_EBUS_28	tumor	NA
CCTACACAGAAGGTTT_EBUS_28	normal	NA
CCTACACAGGGATGGG_EBUS_28	tumor	NA
CCTACACAGTGGCACA_EBUS_28	tumor	NA
CCTACACCACCAGGTC_EBUS_28	tumor	NA
CCTACACCACCTCGTT_EBUS_28	normal	NA
CCTACACCATATGGTC_EBUS_28	normal	NA
CCTACACCATTAGGCT_EBUS_28	tumor	NA
CCTACACGTCCATGAT_EBUS_28	tumor	NA
CCTACACGTGTAATGA_EBUS_28	normal	NA
CCTACACGTTAAGGGC_EBUS_28	tumor	NA
CCTACACGTTTAGGAA_EBUS_28	normal	NA
CCTACACTCAACGAAA_EBUS_28	normal	NA
CCTACACTCAGGCAAG_EBUS_28	normal	NA
CCTACACTCTGACCTC_EBUS_28	tumor	NA
CCTACACTCTGTCTCG_EBUS_28	normal	NA
CCTACCAAGACCCACC_EBUS_28	tumor	NA
CCTACCAAGTACGACG_EBUS_28	normal	NA
CCTACCAAGTGAAGTT_EBUS_28	tumor	NA
CCTACCAAGTTACGGG_EBUS_28	tumor	NA
CCTACCACACATGGGA_EBUS_28	normal	NA
CCTACCAGTCACACGC_EBUS_28	tumor	NA
CCTACCAGTGTTAAGA_EBUS_28	normal	NA
CCTACCATCAACGGGA_EBUS_28	normal	NA
CCTACCATCGGAGGTA_EBUS_28	tumor	NA
CCTAGCTAGCTACCTA_EBUS_28	normal	NA
CCTAGCTAGTACGTAA_EBUS_28	tumor	NA
CCTAGCTCACATCTTT_EBUS_28	normal	NA
CCTAGCTCAGCCAATT_EBUS_28	tumor	NA
CCTAGCTGTCGTGGCT_EBUS_28	normal	NA
CCTAGCTTCAGCATGT_EBUS_28	normal	NA
CCTAGCTTCGTGACAT_EBUS_28	normal	NA
CCTAGCTTCGTTGACA_EBUS_28	tumor	NA
CCTAGCTTCTCGGACG_EBUS_28	normal	NA
CCTATTAAGCAGATCG_EBUS_28	tumor	NA
CCTATTAAGCTAGTGG_EBUS_28	normal	NA
CCTATTAAGGCATGGT_EBUS_28	tumor	NA
CCTATTACAAGTTCTG_EBUS_28	tumor	NA
CCTATTACACGCGAAA_EBUS_28	tumor	NA
CCTATTAGTACGACCC_EBUS_28	tumor	NA
CCTATTAGTCCAGTAT_EBUS_28	tumor	NA
CCTATTAGTCTGCCAG_EBUS_28	tumor	NA
CCTCAGTAGGTCATCT_EBUS_28	normal	NA
CCTCAGTAGTCGATAA_EBUS_28	normal	NA
CCTCAGTCAAGGTTTC_EBUS_28	normal	NA
CCTCAGTCAGACGTAG_EBUS_28	normal	NA
CCTCAGTCATGCTAGT_EBUS_28	normal	NA
CCTCAGTGTGTTTGGT_EBUS_28	normal	NA
CCTCAGTGTTCTGAAC_EBUS_28	tumor	NA
CCTCTGAAGAATGTTG_EBUS_28	tumor	NA
CCTCTGAAGCATGGCA_EBUS_28	normal	NA
CCTCTGAAGGCTCATT_EBUS_28	tumor	NA
CCTCTGAAGGGCTTCC_EBUS_28	tumor	NA
CCTCTGAAGGGTTTCT_EBUS_28	normal	NA
CCTCTGAAGGTGCTTT_EBUS_28	normal	NA
CCTCTGAAGTTAGGTA_EBUS_28	normal	NA
CCTCTGACAAGGTGTG_EBUS_28	normal	NA
CCTCTGACACATGGGA_EBUS_28	tumor	NA
CCTCTGACATACGCCG_EBUS_28	normal	NA
CCTCTGAGTACGCTGC_EBUS_28	normal	NA
CCTCTGAGTTAAGGGC_EBUS_28	tumor	NA
CCTCTGAGTTGCGTTA_EBUS_28	tumor	NA
CCTCTGATCAGAAATG_EBUS_28	normal	NA
CCTCTGATCCCAGGTG_EBUS_28	tumor	NA
CCTCTGATCGGCGGTT_EBUS_28	tumor	NA
CCTCTGATCTATCCCG_EBUS_28	tumor	NA
CCTCTGATCTATCCTA_EBUS_28	normal	NA
CCTCTGATCTCGCATC_EBUS_28	normal	NA
CCTCTGATCTGGCGAC_EBUS_28	normal	NA
CCTCTGATCTGGTGTA_EBUS_28	normal	NA
CCTTACGAGGCACATG_EBUS_28	normal	NA
CCTTACGCAACTTGAC_EBUS_28	normal	NA
CCTTACGCATCGATTG_EBUS_28	tumor	NA
CCTTACGGTAGGACAC_EBUS_28	normal	NA
CCTTACGTCTGTCAAG_EBUS_28	normal	NA
CCTTCCCAGACTCGGA_EBUS_28	normal	NA
CCTTCCCAGGTGCTTT_EBUS_28	normal	NA
CCTTCCCCACAACGTT_EBUS_28	normal	NA
CCTTCCCCACTGAAGG_EBUS_28	normal	NA
CCTTCCCCAGTAAGAT_EBUS_28	normal	NA
CCTTCCCGTCGAACAG_EBUS_28	tumor	NA
CCTTCCCGTCGCGAAA_EBUS_28	normal	NA
CCTTCCCGTTAAGATG_EBUS_28	tumor	NA
CCTTCCCGTTGGGACA_EBUS_28	normal	NA
CCTTCCCTCATGTCCC_EBUS_28	tumor	NA
CCTTCCCTCCAGTATG_EBUS_28	normal	NA
CCTTCCCTCTGGCGTG_EBUS_28	tumor	NA
CCTTCGAAGTTTGCGT_EBUS_28	tumor	NA
CCTTCGACAAGCGTAG_EBUS_28	tumor	NA
CCTTCGACAAGGTTCT_EBUS_28	tumor	NA
CCTTCGACACTGAAGG_EBUS_28	normal	NA
CCTTCGAGTCGAGATG_EBUS_28	normal	NA
CCTTCGAGTCTTGATG_EBUS_28	tumor	NA
CCTTCGAGTGCAACGA_EBUS_28	normal	NA
CCTTCGAGTTCCCGAG_EBUS_28	tumor	NA
CCTTCGAGTTGCGCAC_EBUS_28	tumor	NA
CCTTCGATCCGTCATC_EBUS_28	normal	NA
CCTTTCTCAATAGCGG_EBUS_28	normal	NA
CCTTTCTCAGTTCCCT_EBUS_28	tumor	NA
CCTTTCTGTAGCCTCG_EBUS_28	tumor	NA
CCTTTCTGTTAGTGGG_EBUS_28	tumor	NA
CCTTTCTGTTCTCATT_EBUS_28	tumor	NA
CGAACATAGGAACTGC_EBUS_28	tumor	NA
CGAACATAGGCCCTTG_EBUS_28	tumor	NA
CGAACATCATCTCCCA_EBUS_28	normal	NA
CGAACATGTATAGGTA_EBUS_28	tumor	NA
CGAACATGTCATCGGC_EBUS_28	tumor	NA
CGAACATGTTACCGAT_EBUS_28	tumor	NA
CGAACATGTTACGGAG_EBUS_28	normal	NA
CGAACATTCAGTACGT_EBUS_28	tumor	NA
CGAACATTCAGTTAGC_EBUS_28	normal	NA
CGAACATTCATATCGG_EBUS_28	normal	NA
CGAACATTCCAACCAA_EBUS_28	normal	NA
CGAACATTCGCATGAT_EBUS_28	normal	NA
CGAATGTAGACTCGGA_EBUS_28	normal	NA
CGAATGTAGATCCGAG_EBUS_28	normal	NA
CGAATGTCAAACTGCT_EBUS_28	tumor	NA
CGAATGTCACACGCTG_EBUS_28	normal	NA
CGAATGTCAGTTCCCT_EBUS_28	tumor	NA
CGAATGTCATCGATGT_EBUS_28	tumor	NA
CGAATGTGTCACAAGG_EBUS_28	normal	NA
CGAATGTGTCCCTACT_EBUS_28	normal	NA
CGAATGTTCGCATGGC_EBUS_28	normal	NA
CGAATGTTCGTAGGTT_EBUS_28	tumor	NA
CGACCTTAGACTCGGA_EBUS_28	tumor	NA
CGACCTTAGATCCCAT_EBUS_28	tumor	NA
CGACCTTCATATACGC_EBUS_28	tumor	NA
CGACCTTCATCACGAT_EBUS_28	tumor	NA
CGACCTTTCAAGCCTA_EBUS_28	tumor	NA
CGACTTCAGAACTGTA_EBUS_28	normal	NA
CGACTTCAGACAGAGA_EBUS_28	normal	NA
CGACTTCCAAGGTGTG_EBUS_28	normal	NA
CGACTTCCAGATGAGC_EBUS_28	tumor	NA
CGACTTCCAGCCTGTG_EBUS_28	tumor	NA
CGACTTCCATTATCTC_EBUS_28	tumor	NA
CGACTTCGTGCTAGCC_EBUS_28	normal	NA
CGACTTCTCCCTAACC_EBUS_28	tumor	NA
CGACTTCTCGTCGTTC_EBUS_28	normal	NA
CGACTTCTCTGCGACG_EBUS_28	tumor	NA
CGAGAAGAGGATTCGG_EBUS_28	tumor	NA
CGAGAAGAGGCAGTCA_EBUS_28	tumor	NA
CGAGAAGAGGCTCATT_EBUS_28	tumor	NA
CGAGAAGCACCAGGCT_EBUS_28	normal	NA
CGAGAAGCACCGAATT_EBUS_28	tumor	NA
CGAGAAGGTCAATACC_EBUS_28	tumor	NA
CGAGAAGGTCGCGTGT_EBUS_28	tumor	NA
CGAGAAGGTGCTTCTC_EBUS_28	normal	NA
CGAGAAGTCGTAGGAG_EBUS_28	tumor	NA
CGAGAAGTCTCGAGTA_EBUS_28	normal	NA
CGAGCACAGCGCCTCA_EBUS_28	tumor	NA
CGAGCACCACTTAACG_EBUS_28	tumor	NA
CGAGCACCAGTCTTCC_EBUS_28	normal	NA
CGAGCACGTACTCAAC_EBUS_28	tumor	NA
CGAGCACGTAGAGTGC_EBUS_28	tumor	NA
CGAGCACGTTGTACAC_EBUS_28	normal	NA
CGAGCACTCATTCACT_EBUS_28	normal	NA
CGAGCCAAGTAGCCGA_EBUS_28	normal	NA
CGAGCCAAGTGGACGT_EBUS_28	tumor	NA
CGAGCCAGTATAGGTA_EBUS_28	tumor	NA
CGAGCCAGTCCAGTGC_EBUS_28	tumor	NA
CGAGCCAGTCGAGTTT_EBUS_28	normal	NA
CGAGCCAGTCGGATCC_EBUS_28	tumor	NA
CGAGCCAGTTCGCGAC_EBUS_28	normal	NA
CGAGCCAGTTGAGGTG_EBUS_28	tumor	NA
CGAGCCATCAAGGCTT_EBUS_28	tumor	NA
CGAGCCATCATCGATG_EBUS_28	tumor	NA
CGAGCCATCTGTGCAA_EBUS_28	tumor	NA
CGATCGGAGACTTGAA_EBUS_28	normal	NA
CGATCGGAGATGAGAG_EBUS_28	normal	NA
CGATCGGCAAGTTCTG_EBUS_28	normal	NA
CGATCGGCACTTAACG_EBUS_28	tumor	NA
CGATCGGGTACCAGTT_EBUS_28	tumor	NA
CGATCGGGTCCTGCTT_EBUS_28	normal	NA
CGATCGGTCCCTTGCA_EBUS_28	tumor	NA
CGATCGGTCTTCGGTC_EBUS_28	tumor	NA
CGATGGCAGCGAGAAA_EBUS_28	normal	NA
CGATGGCAGGTAGCTG_EBUS_28	normal	NA
CGATGGCAGTTGAGTA_EBUS_28	tumor	NA
CGATGGCCAAGTTAAG_EBUS_28	normal	NA
CGATGGCCACGCCAGT_EBUS_28	tumor	NA
CGATGGCGTCCGAACC_EBUS_28	normal	NA
CGATGGCGTCTTGCGG_EBUS_28	tumor	NA
CGATGGCGTTTGTTTC_EBUS_28	tumor	NA
CGATGGCTCAAACCGT_EBUS_28	tumor	NA
CGATGGCTCACATGCA_EBUS_28	tumor	NA
CGATGGCTCGCGGATC_EBUS_28	tumor	NA
CGATGGCTCGCGTTTC_EBUS_28	tumor	NA
CGATGTAAGATGCGAC_EBUS_28	tumor	NA
CGATGTAAGCCCAGCT_EBUS_28	normal	NA
CGATGTAAGCGTGAAC_EBUS_28	tumor	NA
CGATGTACACATCCGG_EBUS_28	tumor	NA
CGATGTAGTACAGACG_EBUS_28	normal	NA
CGATGTAGTCAGGACA_EBUS_28	tumor	NA
CGATGTAGTCGAAAGC_EBUS_28	tumor	NA
CGATGTAGTCGGCATC_EBUS_28	tumor	NA
CGATGTAGTGGTCCGT_EBUS_28	normal	NA
CGATGTAGTTACTGAC_EBUS_28	normal	NA
CGATTGAAGATCCGAG_EBUS_28	normal	NA
CGATTGAAGGCAAAGA_EBUS_28	tumor	NA
CGATTGAAGTGGTAGC_EBUS_28	normal	NA
CGATTGACAACACCTA_EBUS_28	tumor	NA
CGATTGACAGGTCCAC_EBUS_28	tumor	NA
CGATTGAGTAGCGCTC_EBUS_28	tumor	NA
CGATTGAGTATAGGTA_EBUS_28	tumor	NA
CGCCAAGAGCTAACTC_EBUS_28	tumor	NA
CGCCAAGCACGAAGCA_EBUS_28	normal	NA
CGCCAAGCATCTATGG_EBUS_28	tumor	NA
CGCCAAGCATTAACCG_EBUS_28	tumor	NA
CGCCAAGGTATTCGTG_EBUS_28	normal	NA
CGCCAAGGTCAAAGCG_EBUS_28	tumor	NA
CGCCAAGGTTCAGTAC_EBUS_28	normal	NA
CGCCAAGGTTCCACGG_EBUS_28	tumor	NA
CGCCAAGGTTCCGGCA_EBUS_28	normal	NA
CGCCAAGTCTTAGCCC_EBUS_28	normal	NA
CGCGGTAAGAAGGTGA_EBUS_28	normal	NA
CGCGGTAAGCAGCCTC_EBUS_28	tumor	NA
CGCGGTAAGCTCCTTC_EBUS_28	tumor	NA
CGCGGTAAGGAATTAC_EBUS_28	tumor	NA
CGCGGTAAGGGTGTGT_EBUS_28	tumor	NA
CGCGGTAAGTGAAGTT_EBUS_28	tumor	NA
CGCGGTAAGTGGTAAT_EBUS_28	normal	NA
CGCGGTAAGTTTCCTT_EBUS_28	normal	NA
CGCGGTACACAGACAG_EBUS_28	normal	NA
CGCGGTACAGGAACGT_EBUS_28	tumor	NA
CGCGGTACAGTTCATG_EBUS_28	normal	NA
CGCGGTATCGCGTAGC_EBUS_28	tumor	NA
CGCGTTTCAAGCCGTC_EBUS_28	tumor	NA
CGCGTTTCACCGATAT_EBUS_28	normal	NA
CGCGTTTGTAAGGATT_EBUS_28	tumor	NA
CGCGTTTGTGGCGAAT_EBUS_28	normal	NA
CGCGTTTGTGTAATGA_EBUS_28	normal	NA
CGCGTTTTCAACGAAA_EBUS_28	normal	NA
CGCGTTTTCAGCTGGC_EBUS_28	tumor	NA
CGCGTTTTCTGGCGTG_EBUS_28	normal	NA
CGCTATCAGAAGGCCT_EBUS_28	tumor	NA
CGCTATCAGGGTTCCC_EBUS_28	tumor	NA
CGCTATCAGTACTTGC_EBUS_28	tumor	NA
CGCTATCAGTATCTCG_EBUS_28	normal	NA
CGCTATCAGTATGACA_EBUS_28	tumor	NA
CGCTATCAGTTAGGTA_EBUS_28	tumor	NA
CGCTATCCAAGTTCTG_EBUS_28	normal	NA
CGCTATCCATCGATGT_EBUS_28	tumor	NA
CGCTATCTCAAGAAGT_EBUS_28	tumor	NA
CGCTGGAAGATGAGAG_EBUS_28	tumor	NA
CGCTGGACACGACTCG_EBUS_28	normal	NA
CGCTGGACATAGAAAC_EBUS_28	tumor	NA
CGCTGGAGTCACAAGG_EBUS_28	tumor	NA
CGCTGGAGTCCGACGT_EBUS_28	tumor	NA
CGCTGGAGTGGGTATG_EBUS_28	normal	NA
CGCTGGAGTGTCAATC_EBUS_28	tumor	NA
CGCTGGAGTTCGGGCT_EBUS_28	tumor	NA
CGCTGGATCACAGTAC_EBUS_28	tumor	NA
CGCTGGATCACCATAG_EBUS_28	tumor	NA
CGCTGGATCAGTTCGA_EBUS_28	tumor	NA
CGCTGGATCATAACCG_EBUS_28	tumor	NA
CGCTGGATCATGTCTT_EBUS_28	tumor	NA
CGCTGGATCATTATCC_EBUS_28	normal	NA
CGCTGGATCTATCCCG_EBUS_28	tumor	NA
CGCTTCAAGAGACGAA_EBUS_28	normal	NA
CGCTTCAAGATCGATA_EBUS_28	normal	NA
CGCTTCAAGTTAACGA_EBUS_28	tumor	NA
CGCTTCACAAGTTGTC_EBUS_28	normal	NA
CGCTTCACAATGGTCT_EBUS_28	tumor	NA
CGCTTCACATGTTCCC_EBUS_28	tumor	NA
CGCTTCAGTAAACCTC_EBUS_28	tumor	NA
CGCTTCAGTCGACTGC_EBUS_28	tumor	NA
CGCTTCAGTCGGCACT_EBUS_28	tumor	NA
CGCTTCATCAAAGACA_EBUS_28	normal	NA
CGCTTCATCAACCAAC_EBUS_28	tumor	NA
CGCTTCATCGGAGCAA_EBUS_28	tumor	NA
CGCTTCATCTATCCCG_EBUS_28	tumor	NA
CGGACACCAAGGACTG_EBUS_28	tumor	NA
CGGACACCAGATGGGT_EBUS_28	normal	NA
CGGACACGTCGAGATG_EBUS_28	normal	NA
CGGACACTCACTATTC_EBUS_28	tumor	NA
CGGACACTCAGGCGAA_EBUS_28	tumor	NA
CGGACACTCATACGGT_EBUS_28	normal	NA
CGGACACTCTAGAGTC_EBUS_28	normal	NA
CGGACACTCTATCGCC_EBUS_28	normal	NA
CGGACGTCACAGGAGT_EBUS_28	tumor	NA
CGGACGTCAGTCACTA_EBUS_28	normal	NA
CGGACGTGTCAGTGGA_EBUS_28	tumor	NA
CGGACGTGTCTGATCA_EBUS_28	tumor	NA
CGGACGTGTTGACGTT_EBUS_28	normal	NA
CGGACGTTCCCTTGCA_EBUS_28	tumor	NA
CGGACGTTCTGCGGCA_EBUS_28	normal	NA
CGGACTGAGCAGCCTC_EBUS_28	normal	NA
CGGACTGCAGATAATG_EBUS_28	tumor	NA
CGGACTGGTATATCCG_EBUS_28	normal	NA
CGGACTGGTCGCTTCT_EBUS_28	normal	NA
CGGACTGGTCTGCAAT_EBUS_28	tumor	NA
CGGACTGGTGGCCCTA_EBUS_28	tumor	NA
CGGACTGTCCTGTAGA_EBUS_28	tumor	NA
CGGACTGTCCTTTACA_EBUS_28	tumor	NA
CGGAGCTAGACTTGAA_EBUS_28	normal	NA
CGGAGCTAGGGTTCCC_EBUS_28	normal	NA
CGGAGCTCAGATCTGT_EBUS_28	normal	NA
CGGAGCTCAGCAGTTT_EBUS_28	normal	NA
CGGAGCTCATGTAGTC_EBUS_28	normal	NA
CGGAGCTGTAGGACAC_EBUS_28	normal	NA
CGGAGCTGTGACTCAT_EBUS_28	normal	NA
CGGAGCTTCACAGTAC_EBUS_28	tumor	NA
CGGAGCTTCACTTACT_EBUS_28	tumor	NA
CGGAGCTTCATAGCAC_EBUS_28	normal	NA
CGGAGCTTCCTGCCAT_EBUS_28	tumor	NA
CGGAGCTTCGTCTGCT_EBUS_28	tumor	NA
CGGAGCTTCGTTTAGG_EBUS_28	tumor	NA
CGGAGTCAGAAGCCCA_EBUS_28	normal	NA
CGGAGTCAGATGAGAG_EBUS_28	normal	NA
CGGAGTCCAATAAGCA_EBUS_28	tumor	NA
CGGAGTCCACGCATCG_EBUS_28	tumor	NA
CGGAGTCCATCACGAT_EBUS_28	normal	NA
CGGAGTCCATTAGGCT_EBUS_28	tumor	NA
CGGAGTCGTCTCGTTC_EBUS_28	normal	NA
CGGAGTCGTCTCTCTG_EBUS_28	tumor	NA
CGGAGTCTCTCTAAGG_EBUS_28	tumor	NA
CGGCTAGAGCAATCTC_EBUS_28	tumor	NA
CGGCTAGAGGAGTTGC_EBUS_28	normal	NA
CGGCTAGAGTCCGGTC_EBUS_28	tumor	NA
CGGCTAGCATACGCCG_EBUS_28	normal	NA
CGGCTAGGTAAAGTCA_EBUS_28	normal	NA
CGGCTAGGTAGAAAGG_EBUS_28	normal	NA
CGGCTAGGTCGCCATG_EBUS_28	normal	NA
CGGCTAGGTCGGCTCA_EBUS_28	tumor	NA
CGGCTAGGTTGATTGC_EBUS_28	tumor	NA
CGGCTAGTCCAAAGTC_EBUS_28	normal	NA
CGGGTCACAGGGTACA_EBUS_28	normal	NA
CGGGTCACAGTAACGG_EBUS_28	normal	NA
CGGGTCACATGTAGTC_EBUS_28	tumor	NA
CGGGTCAGTGTCCTCT_EBUS_28	tumor	NA
CGGGTCAGTTGGTAAA_EBUS_28	normal	NA
CGGGTCATCAGCCTAA_EBUS_28	normal	NA
CGGGTCATCGCCCTTA_EBUS_28	tumor	NA
CGGTTAAAGCACCGTC_EBUS_28	normal	NA
CGGTTAACACGTAAGG_EBUS_28	normal	NA
CGGTTAACATAAAGGT_EBUS_28	tumor	NA
CGGTTAACATCCGGGT_EBUS_28	normal	NA
CGGTTAACATTGGTAC_EBUS_28	tumor	NA
CGGTTAAGTGCAACTT_EBUS_28	tumor	NA
CGGTTAATCAACGGCC_EBUS_28	normal	NA
CGGTTAATCTCGGACG_EBUS_28	normal	NA
CGTAGCGAGCGTGTCC_EBUS_28	tumor	NA
CGTAGCGAGGGATCTG_EBUS_28	normal	NA
CGTAGCGAGGTGATAT_EBUS_28	normal	NA
CGTAGCGAGTGGAGAA_EBUS_28	tumor	NA
CGTAGCGCAGGTGCCT_EBUS_28	normal	NA
CGTAGCGGTAAAGGAG_EBUS_28	tumor	NA
CGTAGCGGTGGGTCAA_EBUS_28	tumor	NA
CGTAGCGTCCTGCCAT_EBUS_28	tumor	NA
CGTAGGCAGTGGGTTG_EBUS_28	tumor	NA
CGTAGGCAGTTATCGC_EBUS_28	normal	NA
CGTAGGCCACATTAGC_EBUS_28	tumor	NA
CGTAGGCCATGCTAGT_EBUS_28	tumor	NA
CGTAGGCCATTCCTCG_EBUS_28	tumor	NA
CGTAGGCGTAGTACCT_EBUS_28	normal	NA
CGTAGGCGTCTAGCGC_EBUS_28	normal	NA
CGTAGGCGTCTAGTCA_EBUS_28	tumor	NA
CGTAGGCGTCTCAACA_EBUS_28	normal	NA
CGTAGGCTCACAACGT_EBUS_28	tumor	NA
CGTAGGCTCAGCCTAA_EBUS_28	tumor	NA
CGTCACTAGACTGTAA_EBUS_28	tumor	NA
CGTCACTAGAGGTACC_EBUS_28	tumor	NA
CGTCACTCAGCTATTG_EBUS_28	normal	NA
CGTCACTGTCGCGGTT_EBUS_28	tumor	NA
CGTCACTGTGATAAGT_EBUS_28	tumor	NA
CGTCACTGTTATCACG_EBUS_28	tumor	NA
CGTCACTTCATACGGT_EBUS_28	normal	NA
CGTCACTTCTCGCTTG_EBUS_28	normal	NA
CGTCACTTCTTCAACT_EBUS_28	tumor	NA
CGTCAGGAGCACAGGT_EBUS_28	tumor	NA
CGTCAGGAGCCACCTG_EBUS_28	tumor	NA
CGTCAGGAGCTGCGAA_EBUS_28	normal	NA
CGTCAGGAGTGTCTCA_EBUS_28	tumor	NA
CGTCAGGTCAAGGTAA_EBUS_28	tumor	NA
CGTCAGGTCTATGTGG_EBUS_28	normal	NA
CGTCCATAGACACTAA_EBUS_28	normal	NA
CGTCCATAGAGTAAGG_EBUS_28	tumor	NA
CGTCCATAGCAGACTG_EBUS_28	tumor	NA
CGTCCATAGTACATGA_EBUS_28	normal	NA
CGTCCATAGTGAACGC_EBUS_28	normal	NA
CGTCCATCACAGGAGT_EBUS_28	tumor	NA
CGTCCATGTACACCGC_EBUS_28	normal	NA
CGTCCATGTCATTAGC_EBUS_28	tumor	NA
CGTCCATGTCTCACCT_EBUS_28	normal	NA
CGTCCATGTGAAATCA_EBUS_28	tumor	NA
CGTCCATGTGGGTATG_EBUS_28	tumor	NA
CGTCCATGTTACGCGC_EBUS_28	tumor	NA
CGTCCATTCCTCATTA_EBUS_28	tumor	NA
CGTCTACAGCTAGTTC_EBUS_28	normal	NA
CGTCTACAGGCTCAGA_EBUS_28	normal	NA
CGTCTACCACATTTCT_EBUS_28	tumor	NA
CGTCTACCACGAGGTA_EBUS_28	normal	NA
CGTCTACCATCCTAGA_EBUS_28	tumor	NA
CGTCTACGTAAGTGGC_EBUS_28	tumor	NA
CGTCTACGTATAATGG_EBUS_28	tumor	NA
CGTCTACTCATAAAGG_EBUS_28	normal	NA
CGTGAGCAGCCGATTT_EBUS_28	normal	NA
CGTGAGCAGCTAGTTC_EBUS_28	normal	NA
CGTGAGCAGGTGATTA_EBUS_28	normal	NA
CGTGAGCCAAGCCATT_EBUS_28	tumor	NA
CGTGAGCCAATGTAAG_EBUS_28	tumor	NA
CGTGAGCCACAAGTAA_EBUS_28	normal	NA
CGTGAGCGTGATGATA_EBUS_28	normal	NA
CGTGTAAAGAAGGTGA_EBUS_28	tumor	NA
CGTGTAAAGCACCGTC_EBUS_28	normal	NA
CGTGTAAAGCTAACAA_EBUS_28	tumor	NA
CGTGTAAAGCTGCAAG_EBUS_28	normal	NA
CGTGTAAAGGTCATCT_EBUS_28	normal	NA
CGTGTAACAATGGTCT_EBUS_28	normal	NA
CGTGTAACAGGAATCG_EBUS_28	normal	NA
CGTGTAACATGATCCA_EBUS_28	tumor	NA
CGTGTAAGTCCGTTAA_EBUS_28	normal	NA
CGTGTAAGTGCAGGTA_EBUS_28	tumor	NA
CGTGTAATCAGAAATG_EBUS_28	tumor	NA
CGTGTCTAGCGACGTA_EBUS_28	normal	NA
CGTGTCTAGTTCGCGC_EBUS_28	tumor	NA
CGTGTCTCAAAGCAAT_EBUS_28	normal	NA
CGTGTCTCACCGCTAG_EBUS_28	tumor	NA
CGTGTCTCACTACAGT_EBUS_28	tumor	NA
CGTGTCTCACTGTCGG_EBUS_28	tumor	NA
CGTGTCTGTAGAGTGC_EBUS_28	tumor	NA
CGTGTCTTCAGTCAGT_EBUS_28	normal	NA
CGTGTCTTCGTTGACA_EBUS_28	normal	NA
CGTGTCTTCTGCAGTA_EBUS_28	normal	NA
CGTTAGAAGAGTCGGT_EBUS_28	normal	NA
CGTTAGAAGCAGCGTA_EBUS_28	tumor	NA
CGTTAGAAGGCAGTCA_EBUS_28	normal	NA
CGTTAGAAGGCTAGGT_EBUS_28	tumor	NA
CGTTAGACACATGACT_EBUS_28	normal	NA
CGTTAGACAGTAAGCG_EBUS_28	tumor	NA
CGTTAGACATGAACCT_EBUS_28	tumor	NA
CGTTAGACATTAACCG_EBUS_28	tumor	NA
CGTTAGAGTTAAGATG_EBUS_28	tumor	NA
CGTTAGAGTTCAGTAC_EBUS_28	tumor	NA
CGTTAGATCTGATTCT_EBUS_28	normal	NA
CGTTCTGAGAGCTATA_EBUS_28	normal	NA
CGTTCTGCAATTCCTT_EBUS_28	normal	NA
CGTTCTGCACGAAACG_EBUS_28	tumor	NA
CGTTCTGCACGGATAG_EBUS_28	tumor	NA
CGTTCTGGTGTCGCTG_EBUS_28	normal	NA
CGTTCTGGTTCGCTAA_EBUS_28	normal	NA
CGTTCTGTCGGATGGA_EBUS_28	tumor	NA
CGTTCTGTCGTGACAT_EBUS_28	normal	NA
CGTTCTGTCTGATACG_EBUS_28	normal	NA
CGTTCTGTCTTACCTA_EBUS_28	tumor	NA
CGTTGGGAGCAGGTCA_EBUS_28	tumor	NA
CGTTGGGAGCTAGTGG_EBUS_28	normal	NA
CGTTGGGAGGCCATAG_EBUS_28	tumor	NA
CGTTGGGAGTGTGGCA_EBUS_28	normal	NA
CGTTGGGCAAAGCAAT_EBUS_28	tumor	NA
CGTTGGGTCACAATGC_EBUS_28	normal	NA
CGTTGGGTCAGATAAG_EBUS_28	normal	NA
CTAACTTAGCCACGTC_EBUS_28	tumor	NA
CTAACTTCACCAGTTA_EBUS_28	tumor	NA
CTAACTTCATGTCTCC_EBUS_28	tumor	NA
CTAACTTGTTATCCGA_EBUS_28	tumor	NA
CTAACTTTCAAGCCTA_EBUS_28	tumor	NA
CTAACTTTCCGGCACA_EBUS_28	normal	NA
CTAACTTTCCTTGCCA_EBUS_28	tumor	NA
CTAACTTTCTGGCGAC_EBUS_28	tumor	NA
CTAAGACAGATCCCAT_EBUS_28	normal	NA
CTAAGACAGGAGTTTA_EBUS_28	normal	NA
CTAAGACCAGGACGTA_EBUS_28	tumor	NA
CTAAGACCATCACAAC_EBUS_28	tumor	NA
CTAAGACGTACCGGCT_EBUS_28	normal	NA
CTAAGACGTGGTCCGT_EBUS_28	tumor	NA
CTAAGACTCAGCAACT_EBUS_28	tumor	NA
CTAATGGAGGCAATTA_EBUS_28	tumor	NA
CTAATGGAGTTCGCGC_EBUS_28	tumor	NA
CTAATGGCAAGTTGTC_EBUS_28	tumor	NA
CTAATGGCATCACGAT_EBUS_28	tumor	NA
CTAATGGGTCGACTGC_EBUS_28	tumor	NA
CTAATGGGTCTCGTTC_EBUS_28	tumor	NA
CTAATGGGTGCTGTAT_EBUS_28	tumor	NA
CTAATGGGTTTAGGAA_EBUS_28	tumor	NA
CTAATGGTCCTATTCA_EBUS_28	normal	NA
CTACACCAGACTGTAA_EBUS_28	tumor	NA
CTACACCAGAGTTGGC_EBUS_28	normal	NA
CTACACCAGGGTATCG_EBUS_28	tumor	NA
CTACACCAGTGGTAAT_EBUS_28	tumor	NA
CTACACCCACATGTGT_EBUS_28	tumor	NA
CTACACCCAGCATACT_EBUS_28	normal	NA
CTACACCGTACCGGCT_EBUS_28	tumor	NA
CTACACCGTATGGTTC_EBUS_28	tumor	NA
CTACACCGTCAGGACA_EBUS_28	normal	NA
CTACACCGTCCAGTAT_EBUS_28	normal	NA
CTACACCGTGTTGGGA_EBUS_28	tumor	NA
CTACACCTCACCATAG_EBUS_28	normal	NA
CTACACCTCCTTTACA_EBUS_28	normal	NA
CTACACCTCTACTCAT_EBUS_28	tumor	NA
CTACACCTCTCTAGGA_EBUS_28	tumor	NA
CTACACCTCTCTGAGA_EBUS_28	normal	NA
CTACACCTCTCTGTCG_EBUS_28	normal	NA
CTACATTAGACTTTCG_EBUS_28	tumor	NA
CTACATTAGATCCCGC_EBUS_28	tumor	NA
CTACATTAGCGAGAAA_EBUS_28	tumor	NA
CTACATTAGTAGGCCA_EBUS_28	tumor	NA
CTACATTAGTCTTGCA_EBUS_28	tumor	NA
CTACATTCAGACACTT_EBUS_28	tumor	NA
CTACATTCAGGCAGTA_EBUS_28	normal	NA
CTACATTGTATGCTTG_EBUS_28	normal	NA
CTACATTTCACATACG_EBUS_28	tumor	NA
CTACATTTCTCTGCTG_EBUS_28	tumor	NA
CTACATTTCTTGGGTA_EBUS_28	tumor	NA
CTACCCACAGAGCCAA_EBUS_28	tumor	NA
CTACCCAGTACAGTGG_EBUS_28	normal	NA
CTACCCAGTCGAGTTT_EBUS_28	normal	NA
CTACCCATCCACGAAT_EBUS_28	tumor	NA
CTACCCATCTCGAGTA_EBUS_28	normal	NA
CTACGTCAGACGACGT_EBUS_28	tumor	NA
CTACGTCAGATGTGTA_EBUS_28	tumor	NA
CTACGTCCACTTACGA_EBUS_28	tumor	NA
CTACGTCCAGACGTAG_EBUS_28	tumor	NA
CTACGTCGTATCGCAT_EBUS_28	tumor	NA
CTACGTCGTCATATCG_EBUS_28	tumor	NA
CTACGTCTCCAGTATG_EBUS_28	tumor	NA
CTACGTCTCTGTCTAT_EBUS_28	normal	NA
CTACGTCTCTTAACCT_EBUS_28	normal	NA
CTAGAGTAGACAGGCT_EBUS_28	tumor	NA
CTAGAGTCAATCAGAA_EBUS_28	normal	NA
CTAGAGTCAATCGGTT_EBUS_28	tumor	NA
CTAGAGTCACCCATGG_EBUS_28	tumor	NA
CTAGAGTCAGGCTGAA_EBUS_28	tumor	NA
CTAGAGTCATATGCTG_EBUS_28	normal	NA
CTAGAGTGTATCACCA_EBUS_28	tumor	NA
CTAGAGTGTCGCATAT_EBUS_28	tumor	NA
CTAGAGTGTTAGTGGG_EBUS_28	tumor	NA
CTAGAGTTCGCGGATC_EBUS_28	tumor	NA
CTAGCCTGTCCATGAT_EBUS_28	tumor	NA
CTAGTGAAGAGGTTAT_EBUS_28	tumor	NA
CTAGTGAAGGCAAAGA_EBUS_28	tumor	NA
CTAGTGAGTCACAAGG_EBUS_28	tumor	NA
CTAGTGAGTGCGGTAA_EBUS_28	tumor	NA
CTAGTGAGTGTGGCTC_EBUS_28	normal	NA
CTAGTGAGTTCGAATC_EBUS_28	tumor	NA
CTAGTGATCTCGTTTA_EBUS_28	tumor	NA
CTAGTGATCTTAGAGC_EBUS_28	tumor	NA
CTCACACAGAAGCCCA_EBUS_28	normal	NA
CTCACACAGAGTTGGC_EBUS_28	tumor	NA
CTCACACCAAGAAGAG_EBUS_28	tumor	NA
CTCACACCAGTGGAGT_EBUS_28	normal	NA
CTCACACGTTCCACGG_EBUS_28	normal	NA
CTCACACTCCGCATAA_EBUS_28	tumor	NA
CTCACACTCTCTAAGG_EBUS_28	normal	NA
CTCAGAAAGACAGGCT_EBUS_28	tumor	NA
CTCAGAACACGTCTCT_EBUS_28	tumor	NA
CTCAGAAGTCACTGGC_EBUS_28	tumor	NA
CTCAGAAGTGAGGGAG_EBUS_28	tumor	NA
CTCAGAAGTGATAAAC_EBUS_28	normal	NA
CTCAGAAGTTACGGAG_EBUS_28	normal	NA
CTCAGAATCCAAGCCG_EBUS_28	tumor	NA
CTCAGAATCCAGTAGT_EBUS_28	normal	NA
CTCAGAATCCATGAGT_EBUS_28	tumor	NA
CTCAGAATCGGCGCTA_EBUS_28	tumor	NA
CTCATTAAGATCTGCT_EBUS_28	tumor	NA
CTCATTAAGATGTGTA_EBUS_28	normal	NA
CTCATTAAGGGCTTGA_EBUS_28	normal	NA
CTCATTACACCACCAG_EBUS_28	normal	NA
CTCATTACACGAAACG_EBUS_28	normal	NA
CTCATTACACTACAGT_EBUS_28	tumor	NA
CTCATTAGTTGTCTTT_EBUS_28	normal	NA
CTCATTATCATCGATG_EBUS_28	tumor	NA
CTCATTATCATCGCTC_EBUS_28	normal	NA
CTCATTATCCATTCTA_EBUS_28	tumor	NA
CTCCTAGAGACTGGGT_EBUS_28	tumor	NA
CTCCTAGAGGTTCCTA_EBUS_28	tumor	NA
CTCCTAGCAGGAATCG_EBUS_28	tumor	NA
CTCCTAGGTAAATACG_EBUS_28	normal	NA
CTCCTAGGTGATGCCC_EBUS_28	normal	NA
CTCCTAGTCACCGTAA_EBUS_28	tumor	NA
CTCCTAGTCGGAAACG_EBUS_28	normal	NA
CTCCTAGTCTTTAGGG_EBUS_28	normal	NA
CTCGAAAAGTGTGGCA_EBUS_28	normal	NA
CTCGAAACACATGGGA_EBUS_28	tumor	NA
CTCGAAACATTACGAC_EBUS_28	tumor	NA
CTCGAAAGTAAGGATT_EBUS_28	tumor	NA
CTCGAAAGTATGAATG_EBUS_28	tumor	NA
CTCGAAAGTCTAGCCG_EBUS_28	normal	NA
CTCGAAATCATTGCGA_EBUS_28	tumor	NA
CTCGAGGCAATGGACG_EBUS_28	normal	NA
CTCGAGGGTAGAAGGA_EBUS_28	normal	NA
CTCGAGGGTCCAGTGC_EBUS_28	normal	NA
CTCGAGGGTCGAACAG_EBUS_28	normal	NA
CTCGAGGGTGCCTGGT_EBUS_28	tumor	NA
CTCGAGGTCACTTACT_EBUS_28	normal	NA
CTCGAGGTCCTGCAGG_EBUS_28	normal	NA
CTCGAGGTCCTTGACC_EBUS_28	normal	NA
CTCGAGGTCTGATTCT_EBUS_28	normal	NA
CTCGGAGAGACTGTAA_EBUS_28	tumor	NA
CTCGGAGAGCAGATCG_EBUS_28	normal	NA
CTCGGAGCAAACGCGA_EBUS_28	tumor	NA
CTCGGAGCACTCTGTC_EBUS_28	normal	NA
CTCGGAGGTAGCGATG_EBUS_28	tumor	NA
CTCGGAGGTTGATTGC_EBUS_28	tumor	NA
CTCGGAGTCGCGATCG_EBUS_28	normal	NA
CTCGGGAAGAACAACT_EBUS_28	normal	NA
CTCGGGAAGACACTAA_EBUS_28	tumor	NA
CTCGGGAAGCAGATCG_EBUS_28	tumor	NA
CTCGGGAAGTCCTCCT_EBUS_28	tumor	NA
CTCGGGACAAGTCTGT_EBUS_28	normal	NA
CTCGGGACATGAGCGA_EBUS_28	tumor	NA
CTCGGGACATTACCTT_EBUS_28	tumor	NA
CTCGGGAGTACTCGCG_EBUS_28	tumor	NA
CTCGGGAGTATAAACG_EBUS_28	normal	NA
CTCGGGAGTCTGGTCG_EBUS_28	tumor	NA
CTCGGGAGTTAAAGAC_EBUS_28	normal	NA
CTCGGGAGTTGCCTCT_EBUS_28	tumor	NA
CTCGGGATCTCGGACG_EBUS_28	normal	NA
CTCGGGATCTGACCTC_EBUS_28	normal	NA
CTCGTACAGGGAGTAA_EBUS_28	tumor	NA
CTCGTACAGTGTTTGC_EBUS_28	tumor	NA
CTCGTACCACGTCTCT_EBUS_28	tumor	NA
CTCGTACCATACTACG_EBUS_28	tumor	NA
CTCGTACCATGACGGA_EBUS_28	tumor	NA
CTCGTACGTAGCTGCC_EBUS_28	normal	NA
CTCGTACGTGTCTGAT_EBUS_28	tumor	NA
CTCGTACGTTCCCGAG_EBUS_28	normal	NA
CTCGTACGTTGGAGGT_EBUS_28	normal	NA
CTCGTACTCACAGGCC_EBUS_28	normal	NA
CTCGTACTCGACAGCC_EBUS_28	tumor	NA
CTCGTACTCTCCTATA_EBUS_28	tumor	NA
CTCGTACTCTGCCAGG_EBUS_28	tumor	NA
CTCGTCAAGCCATCGC_EBUS_28	normal	NA
CTCGTCAAGCTGCGAA_EBUS_28	tumor	NA
CTCGTCAAGGCTACGA_EBUS_28	tumor	NA
CTCGTCAAGGGAACGG_EBUS_28	normal	NA
CTCGTCACAGTAACGG_EBUS_28	tumor	NA
CTCGTCACATCGGTTA_EBUS_28	normal	NA
CTCGTCACATGCCCGA_EBUS_28	tumor	NA
CTCGTCACATGTCTCC_EBUS_28	tumor	NA
CTCGTCATCTAGCACA_EBUS_28	normal	NA
CTCTAATAGAGTACCG_EBUS_28	normal	NA
CTCTAATAGTCATGCT_EBUS_28	tumor	NA
CTCTAATCAGGCAGTA_EBUS_28	tumor	NA
CTCTAATCATTCTTAC_EBUS_28	normal	NA
CTCTAATGTCCCGACA_EBUS_28	normal	NA
CTCTAATGTCTTGATG_EBUS_28	normal	NA
CTCTACGAGAGGACGG_EBUS_28	normal	NA
CTCTACGAGCCACTAT_EBUS_28	normal	NA
CTCTACGCAAACGCGA_EBUS_28	normal	NA
CTCTACGCAAACTGTC_EBUS_28	tumor	NA
CTCTACGCAACGATGG_EBUS_28	normal	NA
CTCTACGCAATCTGCA_EBUS_28	normal	NA
CTCTACGGTACCCAAT_EBUS_28	tumor	NA
CTCTACGGTGTGCGTC_EBUS_28	tumor	NA
CTCTACGGTTGTGGAG_EBUS_28	tumor	NA
CTCTACGTCCAAACAC_EBUS_28	normal	NA
CTCTACGTCTGATACG_EBUS_28	tumor	NA
CTCTGGTAGGGTTCCC_EBUS_28	tumor	NA
CTCTGGTCAACTGCTA_EBUS_28	normal	NA
CTCTGGTCACTCAGGC_EBUS_28	normal	NA
CTCTGGTGTCTGCAAT_EBUS_28	tumor	NA
CTCTGGTGTGCCTTGG_EBUS_28	normal	NA
CTCTGGTGTTGTCTTT_EBUS_28	tumor	NA
CTCTGGTTCATGTGGT_EBUS_28	normal	NA
CTCTGGTTCTCATTCA_EBUS_28	tumor	NA
CTGAAACAGAATCTCC_EBUS_28	tumor	NA
CTGAAACAGGCAGGTT_EBUS_28	tumor	NA
CTGAAACAGTGTCTCA_EBUS_28	tumor	NA
CTGAAACCACATCTTT_EBUS_28	normal	NA
CTGAAACCATCTATGG_EBUS_28	tumor	NA
CTGAAACGTCCAAGTT_EBUS_28	tumor	NA
CTGAAACGTCCAGTAT_EBUS_28	tumor	NA
CTGAAACGTCGAACAG_EBUS_28	tumor	NA
CTGAAACGTCTCCACT_EBUS_28	tumor	NA
CTGAAACGTGTTGAGG_EBUS_28	tumor	NA
CTGAAACTCCGCTGTT_EBUS_28	normal	NA
CTGAAACTCCTTGGTC_EBUS_28	normal	NA
CTGAAGTAGACTAAGT_EBUS_28	tumor	NA
CTGAAGTAGAGAACAG_EBUS_28	tumor	NA
CTGAAGTAGAGTACAT_EBUS_28	normal	NA
CTGAAGTAGATGTTAG_EBUS_28	tumor	NA
CTGAAGTGTACGAAAT_EBUS_28	normal	NA
CTGAAGTGTCGGATCC_EBUS_28	tumor	NA
CTGAAGTGTGACGCCT_EBUS_28	normal	NA
CTGAAGTTCGTCTGCT_EBUS_28	normal	NA
CTGAAGTTCTCACATT_EBUS_28	normal	NA
CTGATAGAGGGATCTG_EBUS_28	tumor	NA
CTGATAGCAATGGAGC_EBUS_28	tumor	NA
CTGATAGCACCCATGG_EBUS_28	normal	NA
CTGATAGTCACATGCA_EBUS_28	tumor	NA
CTGATCCAGCAAATCA_EBUS_28	normal	NA
CTGATCCCAAGCGATG_EBUS_28	tumor	NA
CTGATCCCACTCGACG_EBUS_28	normal	NA
CTGATCCCAGCGTAAG_EBUS_28	normal	NA
CTGATCCCAGTAAGAT_EBUS_28	tumor	NA
CTGATCCGTAATTGGA_EBUS_28	tumor	NA
CTGATCCGTACCTACA_EBUS_28	tumor	NA
CTGATCCGTCGAGTTT_EBUS_28	tumor	NA
CTGATCCGTCTAAAGA_EBUS_28	tumor	NA
CTGATCCTCCCAAGTA_EBUS_28	normal	NA
CTGCCTAAGAGCCCAA_EBUS_28	tumor	NA
CTGCCTAAGGTGATTA_EBUS_28	normal	NA
CTGCCTACAAGGACAC_EBUS_28	tumor	NA
CTGCCTACACCAGGCT_EBUS_28	tumor	NA
CTGCCTACACTGTCGG_EBUS_28	tumor	NA
CTGCCTAGTAGCCTCG_EBUS_28	tumor	NA
CTGCCTAGTCCGAACC_EBUS_28	tumor	NA
CTGCCTATCAGCACAT_EBUS_28	normal	NA
CTGCCTATCTCTAGGA_EBUS_28	normal	NA
CTGCCTATCTCTTATG_EBUS_28	tumor	NA
CTGCGGACAAGCCGTC_EBUS_28	normal	NA
CTGCGGACAAGGACAC_EBUS_28	tumor	NA
CTGCGGACACACCGAC_EBUS_28	tumor	NA
CTGCGGACACATGACT_EBUS_28	tumor	NA
CTGCGGACATACTCTT_EBUS_28	tumor	NA
CTGCGGACATGTAAGA_EBUS_28	tumor	NA
CTGCGGAGTGCCTTGG_EBUS_28	normal	NA
CTGCGGAGTTCGTTGA_EBUS_28	normal	NA
CTGCGGAGTTTGTTTC_EBUS_28	normal	NA
CTGCGGATCGAGAGCA_EBUS_28	normal	NA
CTGCTGTAGGCAGTCA_EBUS_28	normal	NA
CTGCTGTCAAACCTAC_EBUS_28	tumor	NA
CTGCTGTCAACTGCGC_EBUS_28	tumor	NA
CTGCTGTGTGCCTGTG_EBUS_28	normal	NA
CTGCTGTGTTGGGACA_EBUS_28	normal	NA
CTGCTGTTCCAAACAC_EBUS_28	normal	NA
CTGCTGTTCCTTGGTC_EBUS_28	normal	NA
CTGGTCTAGGCATGTG_EBUS_28	tumor	NA
CTGGTCTAGTCACGCC_EBUS_28	tumor	NA
CTGGTCTAGTGATCGG_EBUS_28	normal	NA
CTGGTCTAGTGTACGG_EBUS_28	tumor	NA
CTGGTCTCAGACGCTC_EBUS_28	tumor	NA
CTGGTCTGTAGCGTAG_EBUS_28	normal	NA
CTGGTCTGTCGCGTGT_EBUS_28	normal	NA
CTGGTCTGTCTCTTTA_EBUS_28	tumor	NA
CTGGTCTGTTCCACAA_EBUS_28	tumor	NA
CTGGTCTTCCGCATCT_EBUS_28	normal	NA
CTGGTCTTCTTCGGTC_EBUS_28	normal	NA
CTGTGCTAGGAGTACC_EBUS_28	tumor	NA
CTGTGCTCAGCAGTTT_EBUS_28	normal	NA
CTGTGCTGTTCCACTC_EBUS_28	normal	NA
CTGTGCTTCCCGGATG_EBUS_28	tumor	NA
CTGTGCTTCCGTACAA_EBUS_28	normal	NA
CTGTGCTTCGGCGCTA_EBUS_28	tumor	NA
CTGTGCTTCTGGGCCA_EBUS_28	tumor	NA
CTGTTTAAGAATTGTG_EBUS_28	tumor	NA
CTGTTTAAGACAAAGG_EBUS_28	tumor	NA
CTGTTTACAAGACGTG_EBUS_28	normal	NA
CTGTTTACACTGTCGG_EBUS_28	tumor	NA
CTGTTTACAGGAATCG_EBUS_28	tumor	NA
CTGTTTACATTGCGGC_EBUS_28	normal	NA
CTGTTTAGTTACGTCA_EBUS_28	normal	NA
CTGTTTATCGAATCCA_EBUS_28	normal	NA
CTGTTTATCGCAGGCT_EBUS_28	tumor	NA
CTGTTTATCGGAGGTA_EBUS_28	normal	NA
CTTAACTAGAAACCTA_EBUS_28	tumor	NA
CTTAACTAGACTGTAA_EBUS_28	tumor	NA
CTTAACTAGGGATACC_EBUS_28	tumor	NA
CTTAACTCACAACGCC_EBUS_28	tumor	NA
CTTAACTCAGCATACT_EBUS_28	normal	NA
CTTAACTTCTCAAGTG_EBUS_28	normal	NA
CTTACCGCAAGCTGAG_EBUS_28	normal	NA
CTTACCGGTTGCGCAC_EBUS_28	normal	NA
CTTACCGTCAGGTAAA_EBUS_28	tumor	NA
CTTAGGAAGCAGGTCA_EBUS_28	normal	NA
CTTAGGAAGGGTCTCC_EBUS_28	normal	NA
CTTAGGACACAACGTT_EBUS_28	tumor	NA
CTTAGGACACGCATCG_EBUS_28	normal	NA
CTTAGGACAGACGCCT_EBUS_28	normal	NA
CTTAGGACAGCGTAAG_EBUS_28	normal	NA
CTTAGGACAGTAACGG_EBUS_28	normal	NA
CTTAGGACATCTATGG_EBUS_28	tumor	NA
CTTAGGACATTATCTC_EBUS_28	tumor	NA
CTTAGGAGTCAAGCGA_EBUS_28	tumor	NA
CTTAGGAGTCGCGAAA_EBUS_28	tumor	NA
CTTAGGAGTGCCTGTG_EBUS_28	normal	NA
CTTAGGATCCCGACTT_EBUS_28	tumor	NA
CTTAGGATCGGCTACG_EBUS_28	tumor	NA
CTTCTCTAGAGCTATA_EBUS_28	normal	NA
CTTCTCTAGTGGACGT_EBUS_28	tumor	NA
CTTCTCTAGTTCGCAT_EBUS_28	normal	NA
CTTCTCTCATTAACCG_EBUS_28	tumor	NA
CTTCTCTCATTACGAC_EBUS_28	normal	NA
CTTCTCTGTCCGAATT_EBUS_28	normal	NA
CTTCTCTTCAAACGGG_EBUS_28	normal	NA
CTTCTCTTCAGGTAAA_EBUS_28	normal	NA
CTTCTCTTCCCATTTA_EBUS_28	tumor	NA
CTTCTCTTCCTTTCGG_EBUS_28	tumor	NA
CTTCTCTTCGGAATCT_EBUS_28	tumor	NA
CTTGGCTAGACTGTAA_EBUS_28	normal	NA
CTTGGCTAGCCTCGTG_EBUS_28	normal	NA
CTTGGCTCAGTCAGCC_EBUS_28	tumor	NA
CTTGGCTCAGTGACAG_EBUS_28	normal	NA
CTTGGCTCATGCAATC_EBUS_28	tumor	NA
CTTGGCTCATTGCGGC_EBUS_28	tumor	NA
CTTGGCTGTCTCTCGT_EBUS_28	tumor	NA
CTTGGCTGTTCAGACT_EBUS_28	tumor	NA
CTTGGCTTCGAATGCT_EBUS_28	tumor	NA
CTTTGCGAGACATAAC_EBUS_28	normal	NA
CTTTGCGAGGGCTCTC_EBUS_28	normal	NA
CTTTGCGAGGGCTTCC_EBUS_28	tumor	NA
CTTTGCGAGGTGATAT_EBUS_28	tumor	NA
CTTTGCGCACATGACT_EBUS_28	normal	NA
CTTTGCGCAGTTAACC_EBUS_28	tumor	NA
CTTTGCGCATTCACTT_EBUS_28	tumor	NA
CTTTGCGGTTACAGAA_EBUS_28	normal	NA
CTTTGCGTCAGGCGAA_EBUS_28	tumor	NA
CTTTGCGTCAGTCAGT_EBUS_28	tumor	NA
CTTTGCGTCCACGTGG_EBUS_28	tumor	NA
CTTTGCGTCTACCAGA_EBUS_28	normal	NA
CTTTGCGTCTTAGAGC_EBUS_28	tumor	NA
GAAACTCAGCTAGTTC_EBUS_28	tumor	NA
GAAACTCAGTGAATTG_EBUS_28	tumor	NA
GAAACTCAGTGTGAAT_EBUS_28	normal	NA
GAAACTCCAAGGTTCT_EBUS_28	normal	NA
GAAACTCCAGCTCGCA_EBUS_28	tumor	NA
GAAACTCGTCTGATTG_EBUS_28	tumor	NA
GAAACTCGTGGCTCCA_EBUS_28	tumor	NA
GAAACTCTCAACTCTT_EBUS_28	tumor	NA
GAAACTCTCAAGAAGT_EBUS_28	tumor	NA
GAAACTCTCAAGGCTT_EBUS_28	tumor	NA
GAAACTCTCCTTGCCA_EBUS_28	normal	NA
GAAATGAAGAGGGATA_EBUS_28	tumor	NA
GAAATGAAGATAGGAG_EBUS_28	normal	NA
GAAATGAAGGGCTTCC_EBUS_28	normal	NA
GAAATGAAGTTGCAGG_EBUS_28	tumor	NA
GAAATGACACTTAAGC_EBUS_28	normal	NA
GAAATGAGTACCGAGA_EBUS_28	tumor	NA
GAAATGAGTAGTGAAT_EBUS_28	normal	NA
GAAATGAGTCGGCACT_EBUS_28	tumor	NA
GAAATGATCACTCCTG_EBUS_28	normal	NA
GAAATGATCGCTTAGA_EBUS_28	normal	NA
GAAATGATCTGCGACG_EBUS_28	tumor	NA
GAACATCCAAGTTCTG_EBUS_28	normal	NA
GAACATCCATTTGCTT_EBUS_28	tumor	NA
GAACATCGTGGACGAT_EBUS_28	tumor	NA
GAACATCTCACATACG_EBUS_28	normal	NA
GAACATCTCCAAATGC_EBUS_28	normal	NA
GAACATCTCCACTGGG_EBUS_28	normal	NA
GAACATCTCCAGAGGA_EBUS_28	normal	NA
GAACATCTCGTCGTTC_EBUS_28	tumor	NA
GAACCTAAGGAATGGA_EBUS_28	tumor	NA
GAACCTACAACGATGG_EBUS_28	normal	NA
GAACCTAGTCAGATAA_EBUS_28	tumor	NA
GAACCTAGTCATCGGC_EBUS_28	normal	NA
GAACCTAGTTGGACCC_EBUS_28	tumor	NA
GAACCTAGTTGTACAC_EBUS_28	normal	NA
GAACCTATCGCCTGTT_EBUS_28	tumor	NA
GAACCTATCTCAAGTG_EBUS_28	tumor	NA
GAACGGAAGAGATGAG_EBUS_28	tumor	NA
GAACGGAAGCGATAGC_EBUS_28	normal	NA
GAACGGACACTTCGAA_EBUS_28	normal	NA
GAACGGAGTATAGGGC_EBUS_28	normal	NA
GAACGGATCCAATGGT_EBUS_28	tumor	NA
GAAGCAGAGAAGGCCT_EBUS_28	normal	NA
GAAGCAGAGACACTAA_EBUS_28	normal	NA
GAAGCAGAGATAGTCA_EBUS_28	tumor	NA
GAAGCAGAGATCTGAA_EBUS_28	tumor	NA
GAAGCAGAGCAGGCTA_EBUS_28	tumor	NA
GAAGCAGAGGATGGTC_EBUS_28	tumor	NA
GAAGCAGCACGGTAGA_EBUS_28	normal	NA
GAAGCAGCAGACTCGC_EBUS_28	normal	NA
GAAGCAGGTACAGACG_EBUS_28	normal	NA
GAAGCAGGTCGCATAT_EBUS_28	tumor	NA
GAAGCAGGTTCGGCAC_EBUS_28	tumor	NA
GAAGCAGGTTGGTTTG_EBUS_28	normal	NA
GAAGCAGTCACATACG_EBUS_28	normal	NA
GAAGCAGTCACTTATC_EBUS_28	normal	NA
GAAGCAGTCAGAGGTG_EBUS_28	normal	NA
GAAGCAGTCATCACCC_EBUS_28	tumor	NA
GAAGCAGTCCCTAATT_EBUS_28	tumor	NA
GAATAAGAGATTACCC_EBUS_28	tumor	NA
GAATAAGAGGCTAGAC_EBUS_28	tumor	NA
GAATAAGCACATCCAA_EBUS_28	normal	NA
GAATAAGCACATTTCT_EBUS_28	tumor	NA
GAATAAGCAGTCGTGC_EBUS_28	tumor	NA
GAATAAGCATTATCTC_EBUS_28	tumor	NA
GAATAAGGTAAATGTG_EBUS_28	normal	NA
GAATAAGGTCAATGTC_EBUS_28	tumor	NA
GAATAAGGTCAGTGGA_EBUS_28	normal	NA
GAATAAGGTCGCGGTT_EBUS_28	normal	NA
GAATAAGGTCTCTCTG_EBUS_28	normal	NA
GAATAAGGTTAAAGTG_EBUS_28	normal	NA
GAATAAGTCAACCAAC_EBUS_28	normal	NA
GAATAAGTCAGCGACC_EBUS_28	tumor	NA
GAATAAGTCGTAGGTT_EBUS_28	tumor	NA
GAATAAGTCTTCATGT_EBUS_28	normal	NA
GAATGAAAGCGTCAAG_EBUS_28	tumor	NA
GAATGAAAGTGCTGCC_EBUS_28	normal	NA
GAATGAACACTGCCAG_EBUS_28	normal	NA
GAATGAAGTCCGTTAA_EBUS_28	tumor	NA
GACACGCAGATCCCGC_EBUS_28	tumor	NA
GACACGCAGCTAGTGG_EBUS_28	tumor	NA
GACACGCAGTAAGTAC_EBUS_28	tumor	NA
GACACGCAGTACGACG_EBUS_28	normal	NA
GACACGCAGTGTGAAT_EBUS_28	normal	NA
GACACGCCACGTAAGG_EBUS_28	tumor	NA
GACACGCCAGCCAGAA_EBUS_28	normal	NA
GACACGCCATAAAGGT_EBUS_28	normal	NA
GACACGCGTCGATTGT_EBUS_28	normal	NA
GACACGCGTCGCGGTT_EBUS_28	tumor	NA
GACACGCGTCTTCTCG_EBUS_28	normal	NA
GACACGCGTTGGTTTG_EBUS_28	normal	NA
GACACGCGTTGTACAC_EBUS_28	normal	NA
GACACGCGTTTAGGAA_EBUS_28	tumor	NA
GACACGCTCCACTCCA_EBUS_28	normal	NA
GACACGCTCCGAAGAG_EBUS_28	tumor	NA
GACACGCTCGCTGATA_EBUS_28	normal	NA
GACAGAGAGACGCACA_EBUS_28	normal	NA
GACAGAGCAAACTGTC_EBUS_28	tumor	NA
GACAGAGCAACGATGG_EBUS_28	normal	NA
GACAGAGCAGGGTACA_EBUS_28	normal	NA
GACAGAGGTCAAGCGA_EBUS_28	normal	NA
GACAGAGGTCGGCACT_EBUS_28	tumor	NA
GACAGAGTCCTTAATC_EBUS_28	tumor	NA
GACAGAGTCGACAGCC_EBUS_28	tumor	NA
GACAGAGTCTCAAACG_EBUS_28	normal	NA
GACCAATAGCTAACAA_EBUS_28	normal	NA
GACCAATAGCTAGCCC_EBUS_28	normal	NA
GACCAATAGTCTCGGC_EBUS_28	tumor	NA
GACCAATCACTTCTGC_EBUS_28	tumor	NA
GACCAATCATTGGTAC_EBUS_28	normal	NA
GACCAATGTAAGTAGT_EBUS_28	tumor	NA
GACCAATGTAGCTGCC_EBUS_28	tumor	NA
GACCAATGTATGGTTC_EBUS_28	normal	NA
GACCAATGTCATATGC_EBUS_28	normal	NA
GACCAATTCAATCACG_EBUS_28	normal	NA
GACCAATTCAGCAACT_EBUS_28	tumor	NA
GACCAATTCAGGTAAA_EBUS_28	tumor	NA
GACCTGGAGCCAACAG_EBUS_28	normal	NA
GACCTGGAGGAGTTGC_EBUS_28	normal	NA
GACCTGGAGGTACTCT_EBUS_28	normal	NA
GACCTGGCAATAACGA_EBUS_28	normal	NA
GACCTGGCACAAGTAA_EBUS_28	tumor	NA
GACCTGGCACAGACTT_EBUS_28	normal	NA
GACCTGGCACTTAAGC_EBUS_28	tumor	NA
GACCTGGCATGTTCCC_EBUS_28	tumor	NA
GACCTGGGTCATATGC_EBUS_28	tumor	NA
GACCTGGGTGTATGGG_EBUS_28	normal	NA
GACCTGGTCACGCATA_EBUS_28	normal	NA
GACCTGGTCAGTCCCT_EBUS_28	normal	NA
GACGCGTAGAGCTATA_EBUS_28	tumor	NA
GACGCGTAGAGTCGGT_EBUS_28	normal	NA
GACGCGTAGGATCGCA_EBUS_28	tumor	NA
GACGCGTAGGTGCAAC_EBUS_28	tumor	NA
GACGCGTGTGCGAAAC_EBUS_28	tumor	NA
GACGCGTGTGGTAACG_EBUS_28	tumor	NA
GACGGCTAGTGTCCAT_EBUS_28	tumor	NA
GACGGCTCAGGATCGA_EBUS_28	normal	NA
GACGGCTCAGGTGGAT_EBUS_28	tumor	NA
GACGGCTCATAACCTG_EBUS_28	tumor	NA
GACGGCTGTCAGGACA_EBUS_28	tumor	NA
GACGGCTGTGATGATA_EBUS_28	tumor	NA
GACGGCTTCCTACAGA_EBUS_28	normal	NA
GACGGCTTCCTCAACC_EBUS_28	tumor	NA
GACGTGCAGGAGTACC_EBUS_28	tumor	NA
GACGTGCAGTACCGGA_EBUS_28	normal	NA
GACGTGCCAGACGCTC_EBUS_28	normal	NA
GACGTGCGTAAATGTG_EBUS_28	normal	NA
GACGTGCGTAGCGTCC_EBUS_28	tumor	NA
GACGTGCGTTTAAGCC_EBUS_28	tumor	NA
GACGTGCTCTATCCTA_EBUS_28	normal	NA
GACGTGCTCTCTTATG_EBUS_28	tumor	NA
GACGTTAAGAATTCCC_EBUS_28	normal	NA
GACGTTAAGCAAATCA_EBUS_28	normal	NA
GACGTTAAGTCAATAG_EBUS_28	tumor	NA
GACGTTACAATGGAAT_EBUS_28	normal	NA
GACGTTAGTAGCCTAT_EBUS_28	tumor	NA
GACGTTAGTGTTCTTT_EBUS_28	normal	NA
GACGTTAGTTCCCGAG_EBUS_28	normal	NA
GACGTTATCAGTTCGA_EBUS_28	normal	NA
GACGTTATCCGATATG_EBUS_28	tumor	NA
GACTAACAGATAGTCA_EBUS_28	normal	NA
GACTAACAGCTCCTTC_EBUS_28	tumor	NA
GACTAACAGGAGTCTG_EBUS_28	tumor	NA
GACTAACAGGTGCACA_EBUS_28	tumor	NA
GACTAACCACGACGAA_EBUS_28	tumor	NA
GACTAACCAGCCTTGG_EBUS_28	tumor	NA
GACTAACCAGCGTTCG_EBUS_28	tumor	NA
GACTAACGTAAAGGAG_EBUS_28	tumor	NA
GACTAACGTAGCCTCG_EBUS_28	tumor	NA
GACTAACGTATATGAG_EBUS_28	tumor	NA
GACTAACGTATTACCG_EBUS_28	normal	NA
GACTAACGTGACGCCT_EBUS_28	tumor	NA
GACTAACGTTGAGGTG_EBUS_28	normal	NA
GACTAACTCCACTGGG_EBUS_28	normal	NA
GACTAACTCCTGTACC_EBUS_28	tumor	NA
GACTAACTCCTTGCCA_EBUS_28	tumor	NA
GACTACAAGCCACTAT_EBUS_28	normal	NA
GACTACAAGCCGATTT_EBUS_28	tumor	NA
GACTACAAGCTAACAA_EBUS_28	normal	NA
GACTACAAGCTCCTCT_EBUS_28	tumor	NA
GACTACAAGGCTCTTA_EBUS_28	tumor	NA
GACTACACAAACTGCT_EBUS_28	normal	NA
GACTACACACATCCGG_EBUS_28	tumor	NA
GACTACACAGCTCGAC_EBUS_28	normal	NA
GACTACACATACGCTA_EBUS_28	tumor	NA
GACTACACATGGGAAC_EBUS_28	normal	NA
GACTACAGTTGGACCC_EBUS_28	normal	NA
GACTACAGTTTGGCGC_EBUS_28	normal	NA
GACTACATCACTCCTG_EBUS_28	tumor	NA
GACTACATCAGCTCTC_EBUS_28	normal	NA
GACTACATCATGCATG_EBUS_28	tumor	NA
GACTACATCCTGCTTG_EBUS_28	normal	NA
GACTACATCTTCGAGA_EBUS_28	tumor	NA
GACTGCGAGATGTAAC_EBUS_28	normal	NA
GACTGCGAGTGCGATG_EBUS_28	tumor	NA
GACTGCGCAAGCCCAC_EBUS_28	normal	NA
GACTGCGCACTACAGT_EBUS_28	normal	NA
GACTGCGCAGCTGGCT_EBUS_28	normal	NA
GACTGCGGTCACCTAA_EBUS_28	tumor	NA
GACTGCGGTGTTCGAT_EBUS_28	tumor	NA
GACTGCGGTGTTCTTT_EBUS_28	tumor	NA
GAGCAGAAGCAGACTG_EBUS_28	normal	NA
GAGCAGAAGGCGATAC_EBUS_28	normal	NA
GAGCAGAAGTGTTTGC_EBUS_28	normal	NA
GAGCAGACACCATCCT_EBUS_28	normal	NA
GAGCAGACATTTCACT_EBUS_28	tumor	NA
GAGCAGAGTACTTAGC_EBUS_28	normal	NA
GAGCAGAGTTTAGGAA_EBUS_28	tumor	NA
GAGCAGATCCGCGTTT_EBUS_28	normal	NA
GAGCAGATCGACGGAA_EBUS_28	normal	NA
GAGCAGATCGCGTTTC_EBUS_28	normal	NA
GAGCAGATCGCTTGTC_EBUS_28	tumor	NA
GAGCAGATCTCTGAGA_EBUS_28	normal	NA
GAGGTGAAGCGTCAAG_EBUS_28	normal	NA
GAGGTGACAATGGATA_EBUS_28	normal	NA
GAGGTGACAGCTGTGC_EBUS_28	normal	NA
GAGGTGAGTACGACCC_EBUS_28	normal	NA
GAGGTGAGTCCGACGT_EBUS_28	tumor	NA
GAGGTGAGTCTTCGTC_EBUS_28	normal	NA
GAGGTGAGTTGGGACA_EBUS_28	tumor	NA
GAGGTGATCGACAGCC_EBUS_28	tumor	NA
GAGTCCGAGAAGATTC_EBUS_28	tumor	NA
GAGTCCGAGAATGTGT_EBUS_28	normal	NA
GAGTCCGCAAAGAATC_EBUS_28	normal	NA
GAGTCCGCATATGAGA_EBUS_28	normal	NA
GAGTCCGGTAGGGTAC_EBUS_28	tumor	NA
GAGTCCGGTCTAGGTT_EBUS_28	normal	NA
GAGTCCGGTTAGTGGG_EBUS_28	normal	NA
GAGTCCGTCAGCATGT_EBUS_28	normal	NA
GATCAGTAGCCAGGAT_EBUS_28	normal	NA
GATCAGTAGTGAATTG_EBUS_28	normal	yes
GATCAGTCAAGTCTAC_EBUS_28	normal	NA
GATCAGTCACCGGAAA_EBUS_28	tumor	NA
GATCAGTGTCCGAGTC_EBUS_28	normal	NA
GATCAGTTCTGTACGA_EBUS_28	tumor	NA
GATCGATAGATGTTAG_EBUS_28	tumor	NA
GATCGATAGGAGTTGC_EBUS_28	tumor	NA
GATCGATAGGAGTTTA_EBUS_28	tumor	NA
GATCGATAGTTTCCTT_EBUS_28	tumor	NA
GATCGATGTCCGAAGA_EBUS_28	normal	NA
GATCGATGTCGCTTTC_EBUS_28	tumor	NA
GATCGATGTGAAAGAG_EBUS_28	tumor	NA
GATCGATTCAAGGTAA_EBUS_28	tumor	NA
GATCGATTCTATCGCC_EBUS_28	tumor	NA
GATCGATTCTCACATT_EBUS_28	tumor	NA
GATCGCGAGCGATGAC_EBUS_28	normal	NA
GATCGCGAGTACATGA_EBUS_28	tumor	NA
GATCGCGAGTACTTGC_EBUS_28	normal	NA
GATCGCGAGTTAGCGG_EBUS_28	normal	NA
GATCGCGCACCTTGTC_EBUS_28	tumor	NA
GATCGCGCAGCATACT_EBUS_28	normal	NA
GATCGCGCAGCATGAG_EBUS_28	normal	NA
GATCGCGCAGCTGCTG_EBUS_28	normal	NA
GATCGCGCAGCTGTAT_EBUS_28	tumor	NA
GATCGCGCAGGCAGTA_EBUS_28	tumor	NA
GATCGCGCAGTCAGCC_EBUS_28	tumor	NA
GATCGCGCATCGGAAG_EBUS_28	tumor	NA
GATCGCGCATGTTGAC_EBUS_28	normal	NA
GATCGCGGTAGGGTAC_EBUS_28	normal	NA
GATCGCGGTCAGAAGC_EBUS_28	normal	NA
GATCGCGGTTCAACCA_EBUS_28	normal	NA
GATCGCGTCCAAACTG_EBUS_28	tumor	NA
GATCGTAAGAGTCGGT_EBUS_28	tumor	NA
GATCGTAAGATAGTCA_EBUS_28	tumor	NA
GATCGTAAGCCACTAT_EBUS_28	tumor	NA
GATCGTAAGCGGATCA_EBUS_28	tumor	NA
GATCGTACATCTGGTA_EBUS_28	tumor	NA
GATCGTATCCCTAATT_EBUS_28	normal	NA
GATCTAGAGCTCCCAG_EBUS_28	normal	NA
GATCTAGAGTCCAGGA_EBUS_28	tumor	NA
GATCTAGAGTGCGATG_EBUS_28	tumor	NA
GATCTAGCAAAGGCGT_EBUS_28	normal	NA
GATCTAGCAAGACACG_EBUS_28	tumor	NA
GATCTAGCACAAGACG_EBUS_28	normal	NA
GATCTAGCACGGTGTC_EBUS_28	tumor	NA
GATCTAGCAGGACCCT_EBUS_28	normal	NA
GATCTAGGTAGCGCTC_EBUS_28	normal	NA
GATCTAGGTCTGATTG_EBUS_28	normal	NA
GATCTAGGTGTGACCC_EBUS_28	normal	NA
GATCTAGGTTCAGCGC_EBUS_28	normal	NA
GATCTAGTCAGTTAGC_EBUS_28	tumor	NA
GATGAAAAGCTTTGGT_EBUS_28	tumor	NA
GATGAAACAACTGGCC_EBUS_28	tumor	NA
GATGAAACACATAACC_EBUS_28	tumor	NA
GATGAAACAGTTCATG_EBUS_28	tumor	NA
GATGAAAGTGCAACGA_EBUS_28	tumor	NA
GATGAAAGTGTTGGGA_EBUS_28	normal	NA
GATGAAAGTTTGGCGC_EBUS_28	normal	NA
GATGAAATCACAACGT_EBUS_28	tumor	NA
GATGAAATCAGCTGGC_EBUS_28	tumor	NA
GATGAAATCAGTTAGC_EBUS_28	tumor	NA
GATGAAATCGCAAGCC_EBUS_28	tumor	NA
GATGAGGAGATGTCGG_EBUS_28	tumor	NA
GATGAGGAGGATTCGG_EBUS_28	tumor	NA
GATGAGGAGGCCCTTG_EBUS_28	tumor	NA
GATGAGGCAAGCCTAT_EBUS_28	normal	NA
GATGAGGCAGCGAACA_EBUS_28	tumor	NA
GATGAGGCATGTTGAC_EBUS_28	normal	NA
GATGAGGGTCTAGCCG_EBUS_28	tumor	NA
GATGAGGGTCTAGTCA_EBUS_28	tumor	NA
GATGAGGTCCCAAGTA_EBUS_28	tumor	NA
GATGAGGTCCCGACTT_EBUS_28	tumor	NA
GATGAGGTCTCGCATC_EBUS_28	normal	NA
GATGCTAAGGTGCACA_EBUS_28	normal	NA
GATGCTAAGTACATGA_EBUS_28	normal	NA
GATGCTACAAACTGTC_EBUS_28	normal	NA
GATGCTACATTGGGCC_EBUS_28	tumor	NA
GATGCTAGTACTTAGC_EBUS_28	tumor	NA
GATGCTAGTCTCCATC_EBUS_28	tumor	NA
GATGCTAGTCTGATTG_EBUS_28	normal	NA
GATGCTATCAGAGGTG_EBUS_28	tumor	NA
GATGCTATCCAAACTG_EBUS_28	normal	NA
GATGCTATCCCTCTTT_EBUS_28	tumor	NA
GATGCTATCTCGTATT_EBUS_28	normal	NA
GATTCAGAGACAAAGG_EBUS_28	tumor	NA
GATTCAGAGTATTGGA_EBUS_28	tumor	NA
GATTCAGCACGGTAAG_EBUS_28	tumor	NA
GATTCAGCATCGACGC_EBUS_28	normal	NA
GATTCAGCATTGGGCC_EBUS_28	tumor	NA
GATTCAGGTTCCCGAG_EBUS_28	normal	NA
GATTCAGGTTGGGACA_EBUS_28	normal	NA
GATTCAGTCGGCGCAT_EBUS_28	normal	NA
GATTCAGTCGTGGTCG_EBUS_28	normal	NA
GATTCAGTCTCCCTGA_EBUS_28	normal	NA
GATTCAGTCTGCAAGT_EBUS_28	tumor	NA
GCAAACTCACAGCGTC_EBUS_28	normal	NA
GCAAACTCACCTCGGA_EBUS_28	normal	NA
GCAAACTTCAGTACGT_EBUS_28	tumor	NA
GCAAACTTCTAAGCCA_EBUS_28	tumor	NA
GCAAACTTCTGGTGTA_EBUS_28	tumor	NA
GCAATCAAGCTCCCAG_EBUS_28	normal	NA
GCAATCAAGTCTCAAC_EBUS_28	normal	NA
GCAATCAGTCAGTGGA_EBUS_28	tumor	NA
GCAATCAGTGCCTGGT_EBUS_28	normal	NA
GCAATCAGTGGTACAG_EBUS_28	tumor	NA
GCAATCAGTTCAGGCC_EBUS_28	normal	NA
GCAATCATCAACACTG_EBUS_28	normal	NA
GCAATCATCGGCTTGG_EBUS_28	tumor	NA
GCAATCATCTAACTCT_EBUS_28	normal	NA
GCACATAAGGCGCTCT_EBUS_28	normal	NA
GCACATAAGGGTTTCT_EBUS_28	normal	NA
GCACATAGTAAAGGAG_EBUS_28	tumor	NA
GCACATAGTAGCGCTC_EBUS_28	normal	NA
GCACATAGTATTAGCC_EBUS_28	normal	NA
GCACATAGTCCAAGTT_EBUS_28	tumor	NA
GCACATAGTGGTAACG_EBUS_28	tumor	NA
GCACATATCCAGAAGG_EBUS_28	tumor	NA
GCACATATCGCCGTGA_EBUS_28	normal	NA
GCACATATCGCTTAGA_EBUS_28	tumor	NA
GCACTCTAGACCACGA_EBUS_28	normal	NA
GCACTCTAGTCTTGCA_EBUS_28	normal	NA
GCACTCTCAAGCCCAC_EBUS_28	normal	NA
GCACTCTCACGTAAGG_EBUS_28	tumor	NA
GCACTCTCAGACAAGC_EBUS_28	normal	NA
GCACTCTCAGGTCCAC_EBUS_28	normal	NA
GCACTCTGTACGCACC_EBUS_28	tumor	NA
GCACTCTGTATTAGCC_EBUS_28	normal	NA
GCACTCTTCACCATAG_EBUS_28	normal	NA
GCACTCTTCAGCTTAG_EBUS_28	tumor	NA
GCACTCTTCATGCAAC_EBUS_28	tumor	NA
GCAGCCAAGGAATGGA_EBUS_28	tumor	NA
GCAGCCAAGTGTACTC_EBUS_28	normal	NA
GCAGCCACACGAAGCA_EBUS_28	tumor	NA
GCAGCCACAGTATAAG_EBUS_28	normal	NA
GCAGCCACATGGTCTA_EBUS_28	tumor	NA
GCAGCCAGTACTCAAC_EBUS_28	tumor	NA
GCAGCCAGTCTCTCTG_EBUS_28	normal	NA
GCAGCCAGTGTGGTTT_EBUS_28	tumor	NA
GCAGCCATCCACGTGG_EBUS_28	tumor	NA
GCAGCCATCCTTGCCA_EBUS_28	tumor	NA
GCAGCCATCGGGAGTA_EBUS_28	tumor	NA
GCAGCCATCTCCTATA_EBUS_28	tumor	NA
GCAGTTAAGATGTCGG_EBUS_28	normal	NA
GCAGTTAAGCCACGTC_EBUS_28	tumor	NA
GCAGTTAAGCGCCTCA_EBUS_28	tumor	NA
GCAGTTAAGCTAACAA_EBUS_28	normal	NA
GCAGTTAAGTCTTGCA_EBUS_28	normal	NA
GCAGTTACACCAACCG_EBUS_28	tumor	NA
GCAGTTAGTATAGTAG_EBUS_28	normal	NA
GCAGTTAGTATATGAG_EBUS_28	normal	NA
GCAGTTAGTCAGAGGT_EBUS_28	normal	NA
GCAGTTATCATACGGT_EBUS_28	normal	NA
GCAGTTATCATAGCAC_EBUS_28	tumor	NA
GCAGTTATCGACGGAA_EBUS_28	normal	NA
GCAGTTATCTGTACGA_EBUS_28	normal	NA
GCATACAAGAGGTACC_EBUS_28	tumor	NA
GCATACAAGTGCTGCC_EBUS_28	normal	NA
GCATACACAAGGTTCT_EBUS_28	tumor	NA
GCATACACAAGTCTGT_EBUS_28	normal	NA
GCATACAGTGCACTTA_EBUS_28	tumor	NA
GCATACATCACCAGGC_EBUS_28	tumor	NA
GCATACATCTGGGCCA_EBUS_28	tumor	NA
GCATGATAGACTCGGA_EBUS_28	tumor	NA
GCATGATCAACTGCTA_EBUS_28	normal	NA
GCATGATCAAGTAGTA_EBUS_28	normal	NA
GCATGATCACAAGACG_EBUS_28	tumor	NA
GCATGATCATCCCACT_EBUS_28	normal	NA
GCATGATCATGACATC_EBUS_28	normal	NA
GCATGATGTAGTGAAT_EBUS_28	tumor	NA
GCATGATGTCCAAGTT_EBUS_28	tumor	NA
GCATGATGTCTACCTC_EBUS_28	tumor	NA
GCATGATTCTGTACGA_EBUS_28	tumor	NA
GCATGCGAGACTTTCG_EBUS_28	tumor	NA
GCATGCGAGATATGCA_EBUS_28	tumor	NA
GCATGCGAGATCCCGC_EBUS_28	normal	NA
GCATGCGAGATCCGAG_EBUS_28	tumor	NA
GCATGCGAGTGTACTC_EBUS_28	tumor	NA
GCATGCGAGTTGTCGT_EBUS_28	tumor	NA
GCATGCGCACGTTGGC_EBUS_28	tumor	NA
GCATGCGCATTGGTAC_EBUS_28	normal	NA
GCATGCGGTCTAGTCA_EBUS_28	tumor	NA
GCATGCGGTGGTCCGT_EBUS_28	normal	NA
GCATGCGGTTCAGCGC_EBUS_28	tumor	NA
GCATGCGGTTCCACGG_EBUS_28	tumor	NA
GCATGCGTCAGATAAG_EBUS_28	tumor	NA
GCATGCGTCATCTGTT_EBUS_28	tumor	NA
GCATGCGTCGCTTAGA_EBUS_28	normal	NA
GCATGCGTCTCGTATT_EBUS_28	tumor	NA
GCATGTAAGAAACCTA_EBUS_28	tumor	NA
GCATGTAAGGCCGAAT_EBUS_28	normal	NA
GCATGTAAGGCTCAGA_EBUS_28	tumor	NA
GCATGTAAGTGGCACA_EBUS_28	normal	NA
GCATGTAAGTTCGCGC_EBUS_28	tumor	NA
GCATGTACAGCTTAAC_EBUS_28	tumor	NA
GCATGTACAGTATCTG_EBUS_28	tumor	NA
GCATGTACATGGTTGT_EBUS_28	tumor	NA
GCATGTAGTGTAAGTA_EBUS_28	normal	NA
GCATGTATCAACACAC_EBUS_28	normal	NA
GCATGTATCGATGAGG_EBUS_28	tumor	NA
GCATGTATCTGCAGTA_EBUS_28	tumor	NA
GCCAAATAGGACAGCT_EBUS_28	normal	NA
GCCAAATGTACTTAGC_EBUS_28	normal	NA
GCCAAATGTGATGATA_EBUS_28	tumor	NA
GCCAAATGTGATGCCC_EBUS_28	tumor	NA
GCCAAATGTTCGGGCT_EBUS_28	tumor	NA
GCCAAATTCAGGTAAA_EBUS_28	normal	NA
GCCAAATTCTATGTGG_EBUS_28	tumor	NA
GCCTCTAAGATTACCC_EBUS_28	normal	NA
GCCTCTAAGCAACGGT_EBUS_28	tumor	NA
GCCTCTAAGTCATCCA_EBUS_28	normal	NA
GCCTCTACACCGGAAA_EBUS_28	normal	NA
GCCTCTACAGGGTATG_EBUS_28	tumor	NA
GCCTCTACATTTCAGG_EBUS_28	tumor	NA
GCCTCTAGTCAAAGCG_EBUS_28	tumor	NA
GCCTCTAGTCAATGTC_EBUS_28	tumor	NA
GCCTCTAGTCAGGACA_EBUS_28	tumor	NA
GCCTCTAGTCGCATCG_EBUS_28	tumor	NA
GCCTCTAGTGTTTGGT_EBUS_28	tumor	NA
GCCTCTAGTTCCCGAG_EBUS_28	tumor	NA
GCCTCTAGTTCCGTCT_EBUS_28	normal	NA
GCCTCTATCAGCTGGC_EBUS_28	normal	NA
GCCTCTATCATTGCCC_EBUS_28	tumor	NA
GCCTCTATCTACCTGC_EBUS_28	tumor	NA
GCGACCAAGTGGGATC_EBUS_28	normal	NA
GCGACCACACACCGAC_EBUS_28	tumor	NA
GCGACCACAGGTCTCG_EBUS_28	tumor	NA
GCGACCACAGTACACT_EBUS_28	normal	NA
GCGACCACAGTTAACC_EBUS_28	tumor	NA
GCGACCAGTCTTGATG_EBUS_28	tumor	NA
GCGACCAGTGTCCTCT_EBUS_28	tumor	NA
GCGACCATCATGTAGC_EBUS_28	tumor	NA
GCGACCATCTGTTGAG_EBUS_28	normal	NA
GCGAGAAAGCCGGTAA_EBUS_28	normal	NA
GCGAGAACACAGATTC_EBUS_28	normal	NA
GCGAGAAGTACAGACG_EBUS_28	normal	NA
GCGAGAAGTCGGCACT_EBUS_28	normal	NA
GCGAGAAGTGTGGTTT_EBUS_28	tumor	NA
GCGAGAATCACAGTAC_EBUS_28	normal	NA
GCGAGAATCACGATGT_EBUS_28	tumor	NA
GCGAGAATCAGCCTAA_EBUS_28	normal	NA
GCGAGAATCCCTAACC_EBUS_28	normal	yes
GCGCAACAGCTAACTC_EBUS_28	normal	NA
GCGCAACAGTTGAGAT_EBUS_28	normal	NA
GCGCAACCAGCCTGTG_EBUS_28	tumor	NA
GCGCAACGTATATCCG_EBUS_28	normal	NA
GCGCAACTCAACTCTT_EBUS_28	tumor	NA
GCGCAACTCCCTAACC_EBUS_28	normal	NA
GCGCAACTCTGGGCCA_EBUS_28	normal	NA
GCGCAGTAGAGACTTA_EBUS_28	normal	NA
GCGCAGTTCCTGTAGA_EBUS_28	normal	NA
GCGCCAAAGAGACTTA_EBUS_28	tumor	NA
GCGCCAAAGGAACTGC_EBUS_28	tumor	NA
GCGCCAAAGTCAAGCG_EBUS_28	tumor	NA
GCGCCAACAAGCGAGT_EBUS_28	normal	NA
GCGCCAACATGCCCGA_EBUS_28	normal	NA
GCGCCAAGTAGCTGCC_EBUS_28	tumor	NA
GCGCCAAGTGAGCGAT_EBUS_28	normal	NA
GCGCCAATCGCCCTTA_EBUS_28	tumor	NA
GCGCCAATCGTACGGC_EBUS_28	tumor	NA
GCGCGATAGCGATCCC_EBUS_28	tumor	NA
GCGCGATAGTACGTTC_EBUS_28	tumor	NA
GCGCGATCATCTGGTA_EBUS_28	tumor	NA
GCGCGATCATGCTAGT_EBUS_28	tumor	NA
GCGCGATCATTGGTAC_EBUS_28	normal	NA
GCGCGATGTCTGGAGA_EBUS_28	tumor	NA
GCGCGATGTTACCGAT_EBUS_28	tumor	NA
GCGCGATTCTTGAGGT_EBUS_28	normal	NA
GCGGGTTAGCCCAATT_EBUS_28	tumor	NA
GCGGGTTAGGACATTA_EBUS_28	tumor	NA
GCGGGTTAGGCATGTG_EBUS_28	normal	NA
GCGGGTTCACCAGTTA_EBUS_28	tumor	NA
GCGGGTTCAGATCTGT_EBUS_28	normal	NA
GCGGGTTCAGCCTTTC_EBUS_28	tumor	NA
GCGGGTTCATCCGCGA_EBUS_28	tumor	NA
GCGGGTTGTACTTGAC_EBUS_28	normal	NA
GCGGGTTGTCAACATC_EBUS_28	tumor	NA
GCGGGTTGTCTCCCTA_EBUS_28	tumor	NA
GCGGGTTGTTCCGGCA_EBUS_28	normal	NA
GCGGGTTTCCAAACTG_EBUS_28	normal	NA
GCTCCTAAGACCTTTG_EBUS_28	tumor	NA
GCTCCTAAGCCCGAAA_EBUS_28	tumor	NA
GCTCCTAAGGCGACAT_EBUS_28	normal	NA
GCTCCTACAAGCTGTT_EBUS_28	tumor	NA
GCTCCTACACCAGGTC_EBUS_28	tumor	NA
GCTCCTACAGTTTACG_EBUS_28	normal	NA
GCTCCTAGTCGACTGC_EBUS_28	tumor	NA
GCTCCTAGTGTGTGCC_EBUS_28	tumor	NA
GCTCCTATCATCGGAT_EBUS_28	normal	NA
GCTCCTATCCAGGGCT_EBUS_28	normal	NA
GCTCCTATCCCTTGCA_EBUS_28	normal	NA
GCTCTGTAGCTAAGAT_EBUS_28	normal	NA
GCTCTGTCAATGTTGC_EBUS_28	tumor	NA
GCTCTGTCAGGGTATG_EBUS_28	normal	NA
GCTCTGTTCCAGTAGT_EBUS_28	tumor	NA
GCTCTGTTCTGCCCTA_EBUS_28	normal	NA
GCTGCAGCATAAGACA_EBUS_28	tumor	NA
GCTGCAGCATTGAGCT_EBUS_28	normal	NA
GCTGCAGTCATTTGGG_EBUS_28	tumor	NA
GCTGCAGTCCTCGCAT_EBUS_28	normal	NA
GCTGCGACAAAGGTGC_EBUS_28	normal	NA
GCTGCGACACGGTAAG_EBUS_28	normal	NA
GCTGCGACAGTATGCT_EBUS_28	tumor	NA
GCTGCGACATCCTTGC_EBUS_28	tumor	NA
GCTGCGACATTGGGCC_EBUS_28	normal	NA
GCTGCGAGTCTAGCGC_EBUS_28	normal	NA
GCTGCGAGTGATAAGT_EBUS_28	normal	NA
GCTGCGAGTGCACTTA_EBUS_28	tumor	NA
GCTGCGAGTTCAGCGC_EBUS_28	normal	NA
GCTGCGAGTTTGCATG_EBUS_28	tumor	NA
GCTGCGATCTTGTATC_EBUS_28	tumor	NA
GCTGCTTCAAGGTTCT_EBUS_28	normal	NA
GCTGCTTCACCTATCC_EBUS_28	tumor	NA
GCTGCTTCATACTACG_EBUS_28	normal	NA
GCTGCTTGTCCTCCAT_EBUS_28	tumor	NA
GCTGGGTAGAAACCTA_EBUS_28	tumor	NA
GCTGGGTAGCAGCGTA_EBUS_28	normal	NA
GCTGGGTAGGTTCCTA_EBUS_28	normal	NA
GCTGGGTAGTACGTAA_EBUS_28	normal	NA
GCTGGGTCACTAGTAC_EBUS_28	normal	NA
GCTGGGTCAGGATCGA_EBUS_28	tumor	NA
GCTGGGTCATACAGCT_EBUS_28	normal	NA
GCTGGGTGTCTTCAAG_EBUS_28	tumor	NA
GCTGGGTGTTTAGCTG_EBUS_28	normal	NA
GCTGGGTTCCGCGGTA_EBUS_28	normal	NA
GCTGGGTTCGGCGCTA_EBUS_28	tumor	NA
GCTGGGTTCTTTAGGG_EBUS_28	tumor	NA
GCTTCCAAGAAACCAT_EBUS_28	tumor	NA
GCTTCCAAGCCGTCGT_EBUS_28	tumor	NA
GCTTCCAAGCGCTCCA_EBUS_28	normal	NA
GCTTCCAAGGTGTGGT_EBUS_28	tumor	NA
GCTTCCAAGTTACCCA_EBUS_28	tumor	NA
GCTTCCACAGCAGTTT_EBUS_28	normal	NA
GCTTCCACAGCGATCC_EBUS_28	tumor	NA
GCTTCCAGTAGGCTGA_EBUS_28	normal	NA
GCTTCCAGTGCACCAC_EBUS_28	tumor	NA
GCTTCCAGTTCAGGCC_EBUS_28	normal	NA
GCTTCCAGTTGGTGGA_EBUS_28	tumor	NA
GCTTCCAGTTTAGCTG_EBUS_28	normal	NA
GCTTCCAGTTTAGGAA_EBUS_28	tumor	NA
GCTTCCATCTAACCGA_EBUS_28	normal	NA
GCTTGAAGTATCAGTC_EBUS_28	tumor	NA
GGAAAGCAGAATTCCC_EBUS_28	tumor	NA
GGAAAGCCAAGAAAGG_EBUS_28	tumor	NA
GGAAAGCCACAAGACG_EBUS_28	tumor	NA
GGAAAGCGTCAAGCGA_EBUS_28	tumor	NA
GGAAAGCTCTTCCTTC_EBUS_28	normal	NA
GGAACTTAGCGCTTAT_EBUS_28	tumor	NA
GGAACTTAGCGTCTAT_EBUS_28	tumor	NA
GGAACTTAGTAGCCGA_EBUS_28	normal	NA
GGAACTTCACCGAATT_EBUS_28	tumor	NA
GGAACTTCAGATGAGC_EBUS_28	tumor	NA
GGAACTTGTCTCCACT_EBUS_28	normal	NA
GGAACTTGTGTGAATA_EBUS_28	normal	NA
GGAACTTTCTGGAGCC_EBUS_28	normal	NA
GGAATAAAGAGTAAGG_EBUS_28	normal	NA
GGAATAAAGCGATTCT_EBUS_28	normal	NA
GGAATAACATAAGACA_EBUS_28	tumor	NA
GGAATAAGTGACGCCT_EBUS_28	normal	NA
GGAATAAGTGGAAAGA_EBUS_28	tumor	NA
GGAATAATCCAGATCA_EBUS_28	tumor	NA
GGAATAATCGTACCGG_EBUS_28	normal	NA
GGACAAGAGCGCCTCA_EBUS_28	tumor	NA
GGACAAGCAAACCCAT_EBUS_28	tumor	NA
GGACAAGCAACACGCC_EBUS_28	tumor	NA
GGACAAGGTTTGACTG_EBUS_28	tumor	NA
GGACAAGTCAACCAAC_EBUS_28	tumor	NA
GGACAAGTCCAAGCCG_EBUS_28	normal	NA
GGACAAGTCCCTGACT_EBUS_28	normal	NA
GGACAAGTCTGCTGCT_EBUS_28	normal	NA
GGACAAGTCTGTTGAG_EBUS_28	tumor	NA
GGACAGAAGATAGTCA_EBUS_28	normal	NA
GGACAGAAGGAGTTGC_EBUS_28	normal	NA
GGACAGACAAGTTAAG_EBUS_28	normal	NA
GGACAGAGTGTAACGG_EBUS_28	normal	NA
GGACAGAGTTCAGCGC_EBUS_28	normal	NA
GGACAGATCATCGGAT_EBUS_28	tumor	NA
GGACAGATCTTGGGTA_EBUS_28	tumor	NA
GGACATTAGATCACGG_EBUS_28	normal	NA
GGACATTAGCCACTAT_EBUS_28	tumor	NA
GGACATTAGTCACGCC_EBUS_28	tumor	NA
GGACATTAGTGTCCCG_EBUS_28	normal	NA
GGACATTAGTTAGGTA_EBUS_28	tumor	NA
GGACATTCATAGACTC_EBUS_28	normal	NA
GGACATTGTAAGAGAG_EBUS_28	tumor	NA
GGACATTGTACCTACA_EBUS_28	normal	NA
GGACATTGTAGGCTGA_EBUS_28	normal	NA
GGACATTGTATTCTCT_EBUS_28	normal	NA
GGACATTTCCAGTAGT_EBUS_28	normal	NA
GGACGTCAGAACAACT_EBUS_28	tumor	NA
GGACGTCAGCCCAATT_EBUS_28	tumor	NA
GGACGTCAGTAGGCCA_EBUS_28	tumor	NA
GGACGTCGTAGTACCT_EBUS_28	tumor	NA
GGACGTCGTCGCGGTT_EBUS_28	tumor	NA
GGACGTCGTTCCTCCA_EBUS_28	normal	NA
GGACGTCTCAGGCCCA_EBUS_28	tumor	NA
GGACGTCTCCAAACTG_EBUS_28	tumor	NA
GGACGTCTCGCAAACT_EBUS_28	tumor	NA
GGACGTCTCTGGTATG_EBUS_28	normal	NA
GGAGCAAAGAAGGCCT_EBUS_28	normal	NA
GGAGCAACAAGCGATG_EBUS_28	tumor	NA
GGAGCAACAAGGTTTC_EBUS_28	tumor	NA
GGAGCAACACGGTGTC_EBUS_28	normal	NA
GGAGCAACAGCGTTCG_EBUS_28	normal	NA
GGAGCAAGTCTGGTCG_EBUS_28	normal	NA
GGAGCAATCAGTCCCT_EBUS_28	tumor	NA
GGAGCAATCATGCTCC_EBUS_28	normal	NA
GGAGCAATCCTGCCAT_EBUS_28	normal	NA
GGAGCAATCTCACATT_EBUS_28	normal	NA
GGAGCAATCTTTAGTC_EBUS_28	normal	NA
GGATGTTAGACTGTAA_EBUS_28	normal	NA
GGATGTTAGATGGCGT_EBUS_28	tumor	NA
GGATGTTAGGATGGTC_EBUS_28	tumor	NA
GGATGTTCAAAGTGCG_EBUS_28	tumor	NA
GGATGTTCAGCTTCGG_EBUS_28	tumor	NA
GGATGTTCAGTCAGAG_EBUS_28	normal	NA
GGATGTTGTTCTCATT_EBUS_28	normal	NA
GGATGTTTCACCCGAG_EBUS_28	normal	NA
GGATGTTTCCAGTATG_EBUS_28	tumor	NA
GGATTACAGCGCCTTG_EBUS_28	tumor	NA
GGATTACAGCTTATCG_EBUS_28	tumor	NA
GGATTACAGTTGCAGG_EBUS_28	normal	NA
GGATTACCAAAGCGGT_EBUS_28	tumor	NA
GGATTACGTAGCACGA_EBUS_28	normal	NA
GGATTACGTAGGAGTC_EBUS_28	normal	NA
GGATTACGTATCGCAT_EBUS_28	normal	NA
GGATTACGTCCGTCAG_EBUS_28	tumor	NA
GGATTACTCAGCTCTC_EBUS_28	normal	NA
GGATTACTCCACGACG_EBUS_28	tumor	NA
GGATTACTCGCACTCT_EBUS_28	normal	NA
GGATTACTCTCAAGTG_EBUS_28	tumor	NA
GGCAATTAGACTAAGT_EBUS_28	normal	NA
GGCAATTAGAGAACAG_EBUS_28	tumor	NA
GGCAATTAGCGTAGTG_EBUS_28	tumor	NA
GGCAATTCAACTGGCC_EBUS_28	normal	NA
GGCAATTCAATCTACG_EBUS_28	normal	NA
GGCAATTCAGACGTAG_EBUS_28	normal	NA
GGCAATTGTAGCGCAA_EBUS_28	normal	NA
GGCAATTGTCAACTGT_EBUS_28	normal	NA
GGCAATTGTCCTGCTT_EBUS_28	normal	NA
GGCAATTTCCCAGGTG_EBUS_28	tumor	NA
GGCAATTTCCTAGAAC_EBUS_28	tumor	NA
GGCCGATAGGTTACCT_EBUS_28	tumor	NA
GGCCGATCAATGGTCT_EBUS_28	normal	NA
GGCCGATGTCCAAGTT_EBUS_28	tumor	NA
GGCCGATGTGGCGAAT_EBUS_28	tumor	NA
GGCCGATTCAACCATG_EBUS_28	tumor	NA
GGCCGATTCTTTAGGG_EBUS_28	normal	NA
GGCGACTAGCCCAACC_EBUS_28	tumor	NA
GGCGACTAGGTGATAT_EBUS_28	tumor	NA
GGCGACTAGTAGTGCG_EBUS_28	normal	NA
GGCGACTCAAGCGTAG_EBUS_28	normal	NA
GGCGACTCAATACGCT_EBUS_28	tumor	NA
GGCGACTCAGCCAGAA_EBUS_28	tumor	NA
GGCGACTCATTCTCAT_EBUS_28	tumor	NA
GGCGACTGTGTTCTTT_EBUS_28	tumor	NA
GGCGACTTCATGCAAC_EBUS_28	normal	NA
GGCGACTTCCTGCTTG_EBUS_28	normal	NA
GGCGTGTCAGGTCCAC_EBUS_28	normal	NA
GGCGTGTGTCCGTCAG_EBUS_28	normal	NA
GGCGTGTTCGACCAGC_EBUS_28	tumor	NA
GGCGTGTTCTGTGCAA_EBUS_28	normal	NA
GGCTCGAAGGCCATAG_EBUS_28	tumor	NA
GGCTCGAAGTATCGAA_EBUS_28	normal	NA
GGCTCGAAGTGCCAGA_EBUS_28	tumor	NA
GGCTCGACAGCATACT_EBUS_28	normal	NA
GGCTCGACATCACGAT_EBUS_28	tumor	NA
GGCTCGAGTTGGACCC_EBUS_28	tumor	NA
GGCTGGTAGGAACTGC_EBUS_28	tumor	NA
GGCTGGTAGGGCTCTC_EBUS_28	tumor	NA
GGCTGGTCAAGGCTCC_EBUS_28	normal	NA
GGCTGGTCACACATGT_EBUS_28	normal	NA
GGCTGGTCATAGACTC_EBUS_28	tumor	NA
GGCTGGTCATCCCATC_EBUS_28	normal	NA
GGCTGGTGTAGCTCCG_EBUS_28	tumor	NA
GGCTGGTGTCATATGC_EBUS_28	normal	NA
GGCTGGTGTCCGAAGA_EBUS_28	tumor	NA
GGCTGGTGTTCCAACA_EBUS_28	normal	NA
GGCTGGTTCACCACCT_EBUS_28	tumor	NA
GGCTGGTTCCATGAAC_EBUS_28	tumor	NA
GGCTGGTTCGTCTGAA_EBUS_28	normal	NA
GGCTGGTTCTTTACGT_EBUS_28	tumor	NA
GGGAATGAGCAGACTG_EBUS_28	normal	NA
GGGAATGAGTGGAGAA_EBUS_28	tumor	NA
GGGAATGCACAACTGT_EBUS_28	normal	NA
GGGAATGCACCAGTTA_EBUS_28	normal	NA
GGGAATGCACTGAAGG_EBUS_28	tumor	NA
GGGAATGCATCCTTGC_EBUS_28	tumor	NA
GGGAATGGTAGCGTAG_EBUS_28	normal	NA
GGGAATGGTTGGACCC_EBUS_28	tumor	NA
GGGAATGTCGACGGAA_EBUS_28	normal	NA
GGGAATGTCGCCCTTA_EBUS_28	normal	NA
GGGACCTAGACTTTCG_EBUS_28	normal	NA
GGGACCTAGGAGTCTG_EBUS_28	normal	NA
GGGACCTCAGATAATG_EBUS_28	tumor	NA
GGGACCTCAGGACCCT_EBUS_28	normal	NA
GGGACCTGTGATGTCT_EBUS_28	tumor	NA
GGGACCTTCATGCAAC_EBUS_28	tumor	NA
GGGACCTTCGAACTGT_EBUS_28	normal	NA
GGGAGATAGAAGCCCA_EBUS_28	normal	NA
GGGAGATAGCACACAG_EBUS_28	tumor	NA
GGGAGATAGGCCATAG_EBUS_28	tumor	NA
GGGAGATAGTACGTAA_EBUS_28	normal	NA
GGGAGATCATCAGTAC_EBUS_28	normal	NA
GGGAGATCATGCCCGA_EBUS_28	tumor	NA
GGGAGATTCATCTGTT_EBUS_28	normal	NA
GGGAGATTCCAGTATG_EBUS_28	tumor	NA
GGGATGAAGACTAAGT_EBUS_28	tumor	NA
GGGATGAAGCGTTGCC_EBUS_28	tumor	NA
GGGATGACAGGAATCG_EBUS_28	tumor	NA
GGGATGACATAAAGGT_EBUS_28	tumor	NA
GGGATGAGTGACTACT_EBUS_28	tumor	NA
GGGATGAGTGGTACAG_EBUS_28	tumor	NA
GGGATGATCAGCTGGC_EBUS_28	tumor	NA
GGGATGATCATGTCTT_EBUS_28	tumor	NA
GGGATGATCGAACGGA_EBUS_28	normal	NA
GGGATGATCGAGAGCA_EBUS_28	normal	NA
GGGCACTAGAACAATC_EBUS_28	tumor	NA
GGGCACTAGAGACGAA_EBUS_28	tumor	NA
GGGCACTAGGGCTTGA_EBUS_28	tumor	NA
GGGCACTCAATGAAAC_EBUS_28	tumor	NA
GGGCACTCATATACGC_EBUS_28	normal	NA
GGGCACTGTCAGCTAT_EBUS_28	tumor	NA
GGGCACTGTCGGCTCA_EBUS_28	tumor	NA
GGGCACTTCACTTATC_EBUS_28	tumor	NA
GGGCACTTCCCTAACC_EBUS_28	normal	NA
GGGCACTTCTAGAGTC_EBUS_28	tumor	NA
GGGCATCAGGCTAGAC_EBUS_28	tumor	NA
GGGCATCCATGACATC_EBUS_28	normal	NA
GGGCATCGTCAGAAGC_EBUS_28	normal	NA
GGGCATCGTGAAATCA_EBUS_28	tumor	NA
GGGCATCGTGGTACAG_EBUS_28	tumor	NA
GGGCATCGTTATGCGT_EBUS_28	normal	NA
GGGCATCTCGTGTAGT_EBUS_28	normal	NA
GGGTCTGAGAAGCCCA_EBUS_28	tumor	NA
GGGTCTGAGCACAGGT_EBUS_28	tumor	NA
GGGTCTGAGCTGCGAA_EBUS_28	tumor	NA
GGGTCTGCAAGTAATG_EBUS_28	tumor	NA
GGGTCTGCAGCCTTGG_EBUS_28	tumor	NA
GGGTCTGGTCAACATC_EBUS_28	normal	NA
GGGTCTGGTCTCTTAT_EBUS_28	tumor	NA
GGGTCTGGTGGTCTCG_EBUS_28	tumor	NA
GGGTCTGTCGCTTGTC_EBUS_28	tumor	NA
GGGTTGCAGAAGGCCT_EBUS_28	tumor	NA
GGGTTGCAGACCCACC_EBUS_28	tumor	NA
GGGTTGCAGCTGATAA_EBUS_28	normal	NA
GGGTTGCAGGCCCTTG_EBUS_28	tumor	NA
GGGTTGCAGTTGTAGA_EBUS_28	tumor	NA
GGGTTGCCACGAGGTA_EBUS_28	normal	NA
GGGTTGCCATCACGAT_EBUS_28	tumor	NA
GGGTTGCTCCTGTACC_EBUS_28	normal	NA
GGGTTGCTCGTCGTTC_EBUS_28	tumor	NA
GGTATTGCACCGGAAA_EBUS_28	tumor	NA
GGTATTGCAGCATACT_EBUS_28	tumor	NA
GGTATTGCAGCTCGCA_EBUS_28	normal	NA
GGTATTGTCCAAAGTC_EBUS_28	tumor	NA
GGTATTGTCTGAAAGA_EBUS_28	tumor	NA
GGTATTGTCTGACCTC_EBUS_28	tumor	NA
GGTATTGTCTGGGCCA_EBUS_28	tumor	NA
GGTATTGTCTGTTTGT_EBUS_28	tumor	NA
GGTATTGTCTTCCTTC_EBUS_28	normal	NA
GGTGAAGAGAACAATC_EBUS_28	tumor	NA
GGTGAAGAGCTGCAAG_EBUS_28	normal	NA
GGTGAAGCAATTGCTG_EBUS_28	normal	NA
GGTGAAGGTCCGACGT_EBUS_28	tumor	NA
GGTGAAGGTCTTGCGG_EBUS_28	normal	NA
GGTGAAGTCAAACAAG_EBUS_28	tumor	NA
GGTGAAGTCAAACGGG_EBUS_28	normal	NA
GGTGAAGTCAGTACGT_EBUS_28	tumor	NA
GGTGCGTAGGCAAAGA_EBUS_28	tumor	NA
GGTGCGTAGTTGAGAT_EBUS_28	tumor	NA
GGTGCGTCACGACTCG_EBUS_28	tumor	NA
GGTGCGTGTCCTAGCG_EBUS_28	tumor	NA
GGTGCGTGTCGCTTCT_EBUS_28	normal	NA
GGTGCGTTCACCAGGC_EBUS_28	tumor	NA
GGTGCGTTCACGCGGT_EBUS_28	normal	NA
GGTGCGTTCAGCGACC_EBUS_28	tumor	NA
GGTGCGTTCATTGCCC_EBUS_28	tumor	NA
GGTGCGTTCTTCAACT_EBUS_28	tumor	NA
GGTGTTAAGAGGGCTT_EBUS_28	normal	NA
GGTGTTAAGCGAAGGG_EBUS_28	normal	NA
GGTGTTAAGCTGTTCA_EBUS_28	tumor	NA
GGTGTTAAGTATGACA_EBUS_28	normal	NA
GGTGTTACAAGTCTGT_EBUS_28	tumor	NA
GGTGTTACAGCATGAG_EBUS_28	tumor	NA
GGTGTTACAGGAACGT_EBUS_28	normal	NA
GGTGTTACATATGAGA_EBUS_28	tumor	NA
GGTGTTACATTACGAC_EBUS_28	tumor	NA
GGTGTTAGTAAATACG_EBUS_28	tumor	NA
GGTGTTAGTACATGTC_EBUS_28	tumor	NA
GGTGTTAGTATAAACG_EBUS_28	tumor	NA
GGTGTTAGTCCTGCTT_EBUS_28	tumor	NA
GGTGTTAGTCTAGAGG_EBUS_28	normal	NA
GGTGTTATCTGCAAGT_EBUS_28	tumor	NA
GTAACGTAGCTCCCAG_EBUS_28	tumor	NA
GTAACGTCAGTCACTA_EBUS_28	normal	NA
GTAACGTCATGAGCGA_EBUS_28	normal	NA
GTAACGTCATGATCCA_EBUS_28	tumor	NA
GTAACGTGTACAGTGG_EBUS_28	normal	NA
GTAACGTGTCCAACTA_EBUS_28	tumor	NA
GTAACGTGTGTGGCTC_EBUS_28	normal	NA
GTAACGTGTTACTGAC_EBUS_28	normal	NA
GTAACGTGTTGAGTTC_EBUS_28	tumor	NA
GTAACGTTCAAGATCC_EBUS_28	normal	NA
GTAACGTTCCGAACGC_EBUS_28	tumor	NA
GTAACGTTCGTGGACC_EBUS_28	normal	NA
GTAACTGAGATGTTAG_EBUS_28	normal	NA
GTAACTGAGGGATCTG_EBUS_28	tumor	NA
GTAACTGCATCAGTCA_EBUS_28	tumor	NA
GTAACTGCATCTCGCT_EBUS_28	tumor	NA
GTAACTGGTAACGTTC_EBUS_28	tumor	NA
GTAACTGTCCATGCTC_EBUS_28	tumor	NA
GTAACTGTCTCGCTTG_EBUS_28	tumor	NA
GTACGTAAGAGTGAGA_EBUS_28	tumor	NA
GTACGTAAGCTAGTCT_EBUS_28	normal	NA
GTACGTACACTCGACG_EBUS_28	normal	NA
GTACGTAGTCGCTTCT_EBUS_28	normal	NA
GTACGTAGTCTCCACT_EBUS_28	normal	NA
GTACGTAGTGTCGCTG_EBUS_28	tumor	NA
GTACGTATCACGCGGT_EBUS_28	normal	NA
GTACGTATCAGCCTAA_EBUS_28	tumor	NA
GTACGTATCGGCGCTA_EBUS_28	normal	NA
GTACTCCAGATATGGT_EBUS_28	normal	NA
GTACTCCAGCCCAACC_EBUS_28	tumor	NA
GTACTCCAGGTCGGAT_EBUS_28	normal	NA
GTACTCCCATTCCTGC_EBUS_28	normal	NA
GTACTCCGTAGTGAAT_EBUS_28	tumor	NA
GTACTCCGTATAATGG_EBUS_28	normal	NA
GTACTCCTCTTGTACT_EBUS_28	tumor	NA
GTACTTTAGAATTCCC_EBUS_28	tumor	NA
GTACTTTAGATGTGTA_EBUS_28	tumor	NA
GTACTTTAGCCAGTAG_EBUS_28	normal	NA
GTACTTTAGCCTTGAT_EBUS_28	tumor	NA
GTACTTTAGGAGCGTT_EBUS_28	tumor	NA
GTACTTTAGTACATGA_EBUS_28	tumor	NA
GTACTTTCAACAACCT_EBUS_28	tumor	NA
GTACTTTCATCCCACT_EBUS_28	tumor	NA
GTACTTTCATGCAACT_EBUS_28	tumor	NA
GTACTTTGTAGCCTAT_EBUS_28	tumor	NA
GTACTTTGTCATCCCT_EBUS_28	tumor	NA
GTACTTTGTGTTAAGA_EBUS_28	tumor	yes
GTACTTTTCCCGACTT_EBUS_28	tumor	NA
GTACTTTTCGCGCCAA_EBUS_28	tumor	NA
GTAGGCCAGAAACCGC_EBUS_28	normal	NA
GTAGGCCAGCCACTAT_EBUS_28	tumor	NA
GTAGGCCAGCTATGCT_EBUS_28	tumor	NA
GTAGGCCCATACGCCG_EBUS_28	normal	NA
GTAGGCCGTCGTTGTA_EBUS_28	tumor	NA
GTAGGCCTCAGTTCGA_EBUS_28	normal	NA
GTAGGCCTCATTCACT_EBUS_28	normal	NA
GTAGGCCTCCGAAGAG_EBUS_28	tumor	NA
GTAGTCAAGGCTCTTA_EBUS_28	tumor	NA
GTAGTCAAGGGATGGG_EBUS_28	tumor	NA
GTAGTCAAGGGCTTCC_EBUS_28	normal	NA
GTAGTCACAAGGTTCT_EBUS_28	tumor	NA
GTAGTCACATTAGGCT_EBUS_28	normal	NA
GTAGTCAGTACAGACG_EBUS_28	normal	NA
GTAGTCAGTTAAGGGC_EBUS_28	normal	NA
GTAGTCAGTTCTCATT_EBUS_28	normal	NA
GTAGTCATCCTTGACC_EBUS_28	tumor	NA
GTAGTCATCGATAGAA_EBUS_28	normal	NA
GTAGTCATCGCGCCAA_EBUS_28	normal	NA
GTAGTCATCTGCGACG_EBUS_28	tumor	NA
GTAGTCATCTTTAGTC_EBUS_28	normal	NA
GTATCTTAGAAGGTTT_EBUS_28	tumor	NA
GTATCTTAGCTCTCGG_EBUS_28	tumor	NA
GTATCTTCAAACGTGG_EBUS_28	tumor	NA
GTATCTTCACATGGGA_EBUS_28	tumor	NA
GTATCTTCACGGCCAT_EBUS_28	tumor	NA
GTATCTTGTTCAGGCC_EBUS_28	tumor	NA
GTATCTTTCCACTCCA_EBUS_28	tumor	NA
GTATTCTAGCTAAACA_EBUS_28	tumor	NA
GTATTCTCAATAACGA_EBUS_28	tumor	NA
GTATTCTCAGAGCCAA_EBUS_28	normal	NA
GTATTCTCATTTGCCC_EBUS_28	normal	NA
GTATTCTGTCCATGAT_EBUS_28	tumor	NA
GTATTCTGTCCGTGAC_EBUS_28	tumor	NA
GTATTCTTCCATGAGT_EBUS_28	tumor	NA
GTCAAGTAGCTACCTA_EBUS_28	normal	NA
GTCAAGTGTCATATCG_EBUS_28	tumor	NA
GTCAAGTGTTAAGGGC_EBUS_28	normal	NA
GTCAAGTTCACCCGAG_EBUS_28	tumor	NA
GTCAAGTTCAGTTCGA_EBUS_28	tumor	NA
GTCAAGTTCGTAGGTT_EBUS_28	normal	NA
GTCACAAAGTGCCATT_EBUS_28	tumor	NA
GTCACAACAACTGGCC_EBUS_28	tumor	NA
GTCACAACACAGAGGT_EBUS_28	normal	NA
GTCACAACACGCATCG_EBUS_28	tumor	NA
GTCACAACATGCTAGT_EBUS_28	normal	NA
GTCACAAGTAGTACCT_EBUS_28	tumor	NA
GTCACAAGTCTGGAGA_EBUS_28	tumor	NA
GTCACAATCACCACCT_EBUS_28	tumor	NA
GTCACAATCTGGAGCC_EBUS_28	normal	NA
GTCACGGAGCGATCCC_EBUS_28	normal	NA
GTCACGGAGCGATGAC_EBUS_28	normal	NA
GTCACGGCAGGGTATG_EBUS_28	normal	NA
GTCACGGCAGGTCGTC_EBUS_28	normal	NA
GTCACGGGTAACGACG_EBUS_28	normal	NA
GTCACGGGTACAGTTC_EBUS_28	tumor	NA
GTCACGGGTGAAAGAG_EBUS_28	tumor	NA
GTCACGGGTTGAGTTC_EBUS_28	tumor	NA
GTCACGGTCAGCTCTC_EBUS_28	tumor	NA
GTCACGGTCGACGGAA_EBUS_28	tumor	NA
GTCACGGTCGAGGTAG_EBUS_28	tumor	NA
GTCACGGTCGATAGAA_EBUS_28	tumor	NA
GTCATTTAGCACAGGT_EBUS_28	normal	NA
GTCATTTAGCCTCGTG_EBUS_28	normal	NA
GTCATTTAGGTGATTA_EBUS_28	normal	NA
GTCATTTAGTACGTAA_EBUS_28	tumor	NA
GTCATTTAGTGTTGAA_EBUS_28	normal	NA
GTCATTTCACTACAGT_EBUS_28	normal	NA
GTCATTTGTGCAACTT_EBUS_28	tumor	NA
GTCATTTGTTCTGTTT_EBUS_28	tumor	NA
GTCCTCAGTGACGCCT_EBUS_28	normal	NA
GTCCTCATCACAACGT_EBUS_28	normal	NA
GTCCTCATCCTGCCAT_EBUS_28	tumor	NA
GTCGGGTAGCTAGTCT_EBUS_28	tumor	NA
GTCGGGTCAAGCCCAC_EBUS_28	tumor	NA
GTCGGGTCAGTAAGAT_EBUS_28	normal	NA
GTCGGGTCATCCGTGG_EBUS_28	tumor	NA
GTCGGGTGTCTAGTGT_EBUS_28	tumor	NA
GTCGGGTGTGCAGTAG_EBUS_28	normal	NA
GTCGGGTTCAACACAC_EBUS_28	tumor	NA
GTCGGGTTCACGCATA_EBUS_28	normal	NA
GTCGTAAAGAATTCCC_EBUS_28	tumor	NA
GTCGTAAAGAGTCTGG_EBUS_28	tumor	NA
GTCGTAAAGTAAGTAC_EBUS_28	normal	NA
GTCGTAAAGTGAACAT_EBUS_28	normal	NA
GTCGTAACAATACGCT_EBUS_28	normal	NA
GTCGTAACACATCCGG_EBUS_28	normal	NA
GTCGTAAGTAGCAAAT_EBUS_28	normal	NA
GTCGTAAGTTCCATGA_EBUS_28	normal	NA
GTCGTAAGTTGTCTTT_EBUS_28	tumor	NA
GTCGTAATCATGGTCA_EBUS_28	normal	NA
GTCGTAATCCAAATGC_EBUS_28	normal	NA
GTCTCGTAGCGCTCCA_EBUS_28	normal	NA
GTCTCGTAGCGTTTAC_EBUS_28	tumor	NA
GTCTCGTAGGATATAC_EBUS_28	normal	NA
GTCTCGTAGGGCACTA_EBUS_28	tumor	NA
GTCTCGTAGGTCATCT_EBUS_28	tumor	NA
GTCTCGTCACATTAGC_EBUS_28	tumor	NA
GTCTCGTGTAAGTAGT_EBUS_28	tumor	NA
GTCTCGTGTACTTGAC_EBUS_28	tumor	NA
GTCTCGTTCACGACTA_EBUS_28	normal	NA
GTCTTCGAGGGCTTCC_EBUS_28	tumor	NA
GTCTTCGCAATGAAAC_EBUS_28	tumor	NA
GTCTTCGCATGCAACT_EBUS_28	normal	NA
GTCTTCGGTGTGACCC_EBUS_28	normal	NA
GTCTTCGGTTGTGGAG_EBUS_28	normal	NA
GTCTTCGTCAGTTGAC_EBUS_28	normal	NA
GTCTTCGTCGCACTCT_EBUS_28	normal	NA
GTGAAGGAGCCCTAAT_EBUS_28	normal	NA
GTGAAGGAGGAATCGC_EBUS_28	tumor	NA
GTGAAGGAGGTGCTAG_EBUS_28	normal	NA
GTGAAGGCAGTATCTG_EBUS_28	tumor	NA
GTGAAGGGTAGCACGA_EBUS_28	normal	NA
GTGAAGGTCGCGATCG_EBUS_28	tumor	NA
GTGAAGGTCTGAAAGA_EBUS_28	tumor	NA
GTGCAGCAGACCCACC_EBUS_28	normal	NA
GTGCAGCAGACTCGGA_EBUS_28	tumor	NA
GTGCAGCAGGAATTAC_EBUS_28	tumor	NA
GTGCAGCAGGTGCTTT_EBUS_28	normal	NA
GTGCAGCCACACCGAC_EBUS_28	tumor	NA
GTGCAGCGTCAGCTAT_EBUS_28	normal	NA
GTGCAGCGTCGCGTGT_EBUS_28	normal	NA
GTGCAGCGTTAAGTAG_EBUS_28	tumor	NA
GTGCAGCGTTTGACTG_EBUS_28	normal	NA
GTGCAGCTCAAGATCC_EBUS_28	normal	NA
GTGCAGCTCCCAGGTG_EBUS_28	normal	NA
GTGCAGCTCGCAAGCC_EBUS_28	tumor	NA
GTGCAGCTCGCGCCAA_EBUS_28	tumor	NA
GTGCATAAGAGGGCTT_EBUS_28	tumor	NA
GTGCATAAGCTGAAAT_EBUS_28	tumor	NA
GTGCATACAATCACAC_EBUS_28	tumor	NA
GTGCATACATCACCCT_EBUS_28	tumor	NA
GTGCATACATGACATC_EBUS_28	tumor	NA
GTGCATAGTCATATGC_EBUS_28	tumor	NA
GTGCATATCGGTCCGA_EBUS_28	tumor	NA
GTGCATATCGTGACAT_EBUS_28	tumor	NA
GTGCGGTAGAGCTTCT_EBUS_28	tumor	NA
GTGCGGTAGATGTCGG_EBUS_28	normal	NA
GTGCGGTAGGCACATG_EBUS_28	tumor	NA
GTGCGGTAGGGAAACA_EBUS_28	normal	NA
GTGCGGTCAAGCGAGT_EBUS_28	tumor	NA
GTGCGGTCACGGTAGA_EBUS_28	normal	NA
GTGCGGTCATTCGACA_EBUS_28	tumor	NA
GTGCGGTGTTACGGAG_EBUS_28	tumor	NA
GTGCGGTTCAACGAAA_EBUS_28	normal	NA
GTGCGGTTCAGGTAAA_EBUS_28	normal	NA
GTGCGGTTCATAAAGG_EBUS_28	tumor	NA
GTGCGGTTCTATGTGG_EBUS_28	normal	NA
GTGCTTCAGGCATTGG_EBUS_28	normal	NA
GTGCTTCAGGGTGTGT_EBUS_28	tumor	NA
GTGCTTCAGGTCATCT_EBUS_28	normal	NA
GTGCTTCCAAAGTGCG_EBUS_28	normal	NA
GTGCTTCCAATGTAAG_EBUS_28	tumor	NA
GTGCTTCCACGGTTTA_EBUS_28	normal	NA
GTGCTTCCAGCGTTCG_EBUS_28	normal	NA
GTGCTTCCAGGAATCG_EBUS_28	normal	NA
GTGCTTCGTAGGACAC_EBUS_28	tumor	NA
GTGCTTCGTGTCCTCT_EBUS_28	normal	NA
GTGCTTCTCGAGAACG_EBUS_28	normal	NA
GTGGGTCAGAACTGTA_EBUS_28	tumor	NA
GTGGGTCAGACGCACA_EBUS_28	tumor	NA
GTGGGTCAGAGCCCAA_EBUS_28	tumor	NA
GTGGGTCAGGAATGGA_EBUS_28	tumor	NA
GTGGGTCAGGCCCTTG_EBUS_28	tumor	NA
GTGGGTCAGGGAGTAA_EBUS_28	tumor	NA
GTGGGTCCATACTACG_EBUS_28	normal	NA
GTGGGTCGTCCTGCTT_EBUS_28	tumor	NA
GTGGGTCGTGGTCCGT_EBUS_28	normal	NA
GTGGGTCTCGATAGAA_EBUS_28	tumor	NA
GTGGGTCTCGGAAACG_EBUS_28	tumor	NA
GTGTGCGAGGGTGTTG_EBUS_28	tumor	NA
GTGTGCGCACGGCTAC_EBUS_28	tumor	NA
GTGTGCGCATAGTAAG_EBUS_28	tumor	NA
GTGTGCGCATCGATTG_EBUS_28	tumor	NA
GTGTGCGGTACCATCA_EBUS_28	tumor	NA
GTGTGCGGTTATCACG_EBUS_28	normal	NA
GTGTTAGAGACAGGCT_EBUS_28	tumor	NA
GTGTTAGCAGATGAGC_EBUS_28	tumor	NA
GTGTTAGCATCCTAGA_EBUS_28	tumor	NA
GTGTTAGGTGACTACT_EBUS_28	normal	NA
GTGTTAGGTTAAAGTG_EBUS_28	normal	NA
GTGTTAGTCCAGATCA_EBUS_28	tumor	NA
GTGTTAGTCCCTTGCA_EBUS_28	normal	NA
GTGTTAGTCGGAAACG_EBUS_28	tumor	NA
GTGTTAGTCGGCCGAT_EBUS_28	tumor	NA
GTTAAGCAGAACAATC_EBUS_28	normal	NA
GTTAAGCAGCCACCTG_EBUS_28	normal	NA
GTTAAGCCAAGAAGAG_EBUS_28	normal	NA
GTTAAGCCACAACGTT_EBUS_28	tumor	NA
GTTAAGCCACATGTGT_EBUS_28	tumor	NA
GTTAAGCCACTTAAGC_EBUS_28	normal	NA
GTTAAGCCAGGGATTG_EBUS_28	normal	NA
GTTAAGCGTGAGGGAG_EBUS_28	normal	NA
GTTAAGCGTTAAGTAG_EBUS_28	tumor	NA
GTTAAGCGTTCTGTTT_EBUS_28	tumor	NA
GTTACAGAGATCTGCT_EBUS_28	tumor	NA
GTTACAGAGCACCGTC_EBUS_28	normal	NA
GTTACAGAGCCAACAG_EBUS_28	normal	NA
GTTACAGAGCGTAATA_EBUS_28	tumor	NA
GTTACAGCAAGGGTCA_EBUS_28	tumor	NA
GTTACAGCACGAAATA_EBUS_28	normal	NA
GTTACAGCATCTACGA_EBUS_28	tumor	NA
GTTACAGTCACGCGGT_EBUS_28	tumor	NA
GTTACAGTCATAACCG_EBUS_28	normal	NA
GTTACAGTCGAACGGA_EBUS_28	tumor	NA
GTTCATTAGAAGCCCA_EBUS_28	normal	NA
GTTCATTAGAAGGACA_EBUS_28	tumor	NA
GTTCATTAGGCTCAGA_EBUS_28	tumor	NA
GTTCATTGTTCTGGTA_EBUS_28	normal	NA
GTTCATTTCCGTAGTA_EBUS_28	tumor	NA
GTTCGGGAGATAGTCA_EBUS_28	tumor	NA
GTTCGGGCAAACCTAC_EBUS_28	normal	NA
GTTCGGGCAAGGACAC_EBUS_28	normal	NA
GTTCGGGCACTGCCAG_EBUS_28	normal	NA
GTTCGGGTCAACGGGA_EBUS_28	tumor	NA
GTTCGGGTCAGCTTAG_EBUS_28	normal	NA
GTTCGGGTCTGGTGTA_EBUS_28	normal	NA
GTTCTCGAGACGCAAC_EBUS_28	tumor	NA
GTTCTCGAGCTCCTCT_EBUS_28	normal	NA
GTTCTCGCATTTGCTT_EBUS_28	normal	NA
GTTCTCGTCAGTGTTG_EBUS_28	tumor	NA
GTTCTCGTCCGTAGTA_EBUS_28	normal	NA
GTTCTCGTCTGATTCT_EBUS_28	normal	NA
GTTCTCGTCTGCGACG_EBUS_28	normal	NA
GTTTCTAAGAAAGTGG_EBUS_28	tumor	NA
GTTTCTAAGACAATAC_EBUS_28	tumor	NA
GTTTCTAAGTACGATA_EBUS_28	normal	yes
GTTTCTATCAGCAACT_EBUS_28	tumor	NA
GTTTCTATCCGGCACA_EBUS_28	tumor	NA
GTTTCTATCGAACGGA_EBUS_28	tumor	NA
GTTTCTATCGCTTAGA_EBUS_28	normal	NA
GTTTCTATCTGTGCAA_EBUS_28	normal	NA
TAAACCGAGAGTAAGG_EBUS_28	normal	NA
TAAACCGAGAGTGACC_EBUS_28	normal	NA
TAAACCGAGATCACGG_EBUS_28	normal	NA
TAAACCGCAAGAAGAG_EBUS_28	normal	NA
TAAACCGGTAGGAGTC_EBUS_28	tumor	NA
TAAACCGGTGATGATA_EBUS_28	normal	NA
TAAACCGGTGCTTCTC_EBUS_28	normal	NA
TAAACCGGTTGATTGC_EBUS_28	tumor	NA
TAAACCGTCTCAAACG_EBUS_28	tumor	NA
TAAACCGTCTCGTATT_EBUS_28	tumor	NA
TAAGAGAAGCAGCCTC_EBUS_28	normal	NA
TAAGAGAAGCGCCTTG_EBUS_28	normal	NA
TAAGAGAAGGCTACGA_EBUS_28	tumor	NA
TAAGAGACAATGTTGC_EBUS_28	tumor	NA
TAAGAGACAGATGGCA_EBUS_28	tumor	NA
TAAGAGACATCGGACC_EBUS_28	normal	NA
TAAGAGACATCTGGTA_EBUS_28	tumor	NA
TAAGAGAGTACAGTGG_EBUS_28	normal	NA
TAAGAGAGTTCGCGAC_EBUS_28	normal	NA
TAAGAGATCCCTGACT_EBUS_28	normal	NA
TAAGAGATCGTAGATC_EBUS_28	tumor	NA
TAAGCGTAGTAATCCC_EBUS_28	tumor	NA
TAAGCGTCAGTTCATG_EBUS_28	normal	NA
TAAGCGTGTACTTCTT_EBUS_28	tumor	NA
TAAGCGTGTCCATGAT_EBUS_28	tumor	NA
TAAGCGTGTTACGCGC_EBUS_28	normal	NA
TAAGCGTTCATAGCAC_EBUS_28	tumor	NA
TAAGCGTTCGCTTAGA_EBUS_28	tumor	NA
TAAGCGTTCTTCGGTC_EBUS_28	normal	NA
TAAGTGCAGGTTACCT_EBUS_28	normal	NA
TAAGTGCCAGGGTATG_EBUS_28	normal	NA
TAAGTGCCATCACGTA_EBUS_28	tumor	NA
TAAGTGCGTATAGGGC_EBUS_28	normal	NA
TAAGTGCTCCGAACGC_EBUS_28	normal	NA
TAAGTGCTCCTAAGTG_EBUS_28	normal	NA
TACACGAAGAGCTGCA_EBUS_28	normal	NA
TACACGAAGGAATCGC_EBUS_28	tumor	NA
TACACGAAGGCGACAT_EBUS_28	normal	NA
TACACGAAGGTACTCT_EBUS_28	normal	NA
TACACGACAATCCAAC_EBUS_28	tumor	NA
TACACGACACGTAAGG_EBUS_28	tumor	NA
TACACGACAGACGCCT_EBUS_28	tumor	NA
TACACGACAGCCTTGG_EBUS_28	tumor	NA
TACACGACATGGTTGT_EBUS_28	tumor	NA
TACACGAGTACTCGCG_EBUS_28	tumor	NA
TACACGAGTACTTGAC_EBUS_28	tumor	NA
TACACGAGTGCGATAG_EBUS_28	normal	NA
TACACGAGTTACGGAG_EBUS_28	tumor	NA
TACACGATCTAACGGT_EBUS_28	normal	NA
TACACGATCTCAAGTG_EBUS_28	tumor	NA
TACACGATCTCTGAGA_EBUS_28	tumor	NA
TACAGTGAGACTTGAA_EBUS_28	normal	NA
TACAGTGAGCGATAGC_EBUS_28	tumor	NA
TACAGTGAGCGATATA_EBUS_28	tumor	NA
TACAGTGAGTGTTTGC_EBUS_28	tumor	NA
TACAGTGCAAGAGTCG_EBUS_28	tumor	NA
TACAGTGCAATCTACG_EBUS_28	normal	NA
TACAGTGCACAACTGT_EBUS_28	normal	NA
TACAGTGGTTAAAGAC_EBUS_28	normal	NA
TACAGTGTCGCGCCAA_EBUS_28	normal	NA
TACCTATAGAGCTATA_EBUS_28	normal	NA
TACCTATAGCTCAACT_EBUS_28	normal	NA
TACCTATAGCTGCAAG_EBUS_28	tumor	NA
TACCTATAGGGTATCG_EBUS_28	normal	NA
TACCTATAGTGGGATC_EBUS_28	tumor	NA
TACCTATCAATAGAGT_EBUS_28	tumor	NA
TACCTATCACATCCGG_EBUS_28	tumor	NA
TACCTATCATGGAATA_EBUS_28	normal	NA
TACCTATGTCCTCCAT_EBUS_28	tumor	NA
TACCTATGTCTAGCCG_EBUS_28	normal	NA
TACCTATTCAGTGTTG_EBUS_28	tumor	NA
TACCTATTCGCTTGTC_EBUS_28	normal	NA
TACCTTACAAACAACA_EBUS_28	tumor	NA
TACCTTACAGCTGTGC_EBUS_28	normal	NA
TACCTTACATCGATTG_EBUS_28	normal	NA
TACCTTACATGGTCTA_EBUS_28	normal	NA
TACCTTACATTACGAC_EBUS_28	tumor	NA
TACCTTAGTTCGTCTC_EBUS_28	tumor	NA
TACCTTATCATGTCTT_EBUS_28	tumor	NA
TACCTTATCCACGCAG_EBUS_28	normal	NA
TACGGATAGTACTTGC_EBUS_28	tumor	NA
TACGGATGTCTAGTCA_EBUS_28	tumor	NA
TACGGATGTTGTTTGG_EBUS_28	tumor	NA
TACGGATTCGGTGTCG_EBUS_28	tumor	NA
TACGGATTCTCTTATG_EBUS_28	tumor	NA
TACGGGCAGCCTTGAT_EBUS_28	normal	NA
TACGGGCAGGCAGTCA_EBUS_28	normal	NA
TACGGGCAGGTGATAT_EBUS_28	tumor	NA
TACGGGCAGTCGATAA_EBUS_28	normal	NA
TACGGGCAGTGTGAAT_EBUS_28	tumor	NA
TACGGGCGTCCATGAT_EBUS_28	tumor	NA
TACGGGCGTCTCTTAT_EBUS_28	normal	NA
TACGGGCGTTCGTCTC_EBUS_28	normal	NA
TACGGGCGTTTAAGCC_EBUS_28	tumor	NA
TACGGGCTCCTGTACC_EBUS_28	tumor	NA
TACGGGCTCGGCATCG_EBUS_28	tumor	NA
TACGGTAAGGCCCTTG_EBUS_28	normal	NA
TACGGTAAGGCTATCT_EBUS_28	tumor	NA
TACGGTACATGGGACA_EBUS_28	normal	NA
TACGGTAGTATGGTTC_EBUS_28	normal	NA
TACGGTAGTTCGCGAC_EBUS_28	tumor	NA
TACGGTATCAGTGTTG_EBUS_28	tumor	NA
TACGGTATCCATGCTC_EBUS_28	normal	NA
TACGGTATCCGTTGTC_EBUS_28	tumor	NA
TACTCATAGAACTGTA_EBUS_28	normal	NA
TACTCATAGACAGACC_EBUS_28	tumor	NA
TACTCATAGGGTTTCT_EBUS_28	tumor	NA
TACTCATAGTGTCTCA_EBUS_28	tumor	NA
TACTCATGTAACGCGA_EBUS_28	tumor	NA
TACTCATGTACTTGAC_EBUS_28	tumor	NA
TACTCATGTCGTCTTC_EBUS_28	tumor	NA
TACTCATTCGGCTACG_EBUS_28	tumor	NA
TACTCATTCTCCTATA_EBUS_28	tumor	NA
TACTCGCAGAGTTGGC_EBUS_28	tumor	NA
TACTCGCAGGCTCAGA_EBUS_28	normal	NA
TACTCGCAGTACGATA_EBUS_28	tumor	NA
TACTCGCCAAGCTGTT_EBUS_28	normal	NA
TACTCGCGTCACAAGG_EBUS_28	tumor	NA
TACTCGCGTCCCGACA_EBUS_28	normal	NA
TACTCGCGTGCAGACA_EBUS_28	tumor	NA
TACTCGCGTTACGGAG_EBUS_28	tumor	NA
TACTCGCGTTGGTGGA_EBUS_28	normal	NA
TACTCGCTCGCGGATC_EBUS_28	normal	NA
TACTTACAGAATTCCC_EBUS_28	normal	NA
TACTTACAGGCATGGT_EBUS_28	normal	NA
TACTTACCAAAGGCGT_EBUS_28	normal	NA
TACTTACCATCATCCC_EBUS_28	normal	NA
TACTTACCATCCAACA_EBUS_28	normal	NA
TACTTACGTGACCAAG_EBUS_28	normal	NA
TACTTACGTTCGAATC_EBUS_28	normal	NA
TACTTACGTTTGACAC_EBUS_28	tumor	NA
TACTTACTCAGCTTAG_EBUS_28	tumor	NA
TACTTACTCTGGCGTG_EBUS_28	tumor	NA
TACTTGTAGGACAGAA_EBUS_28	tumor	NA
TACTTGTAGGTGTTAA_EBUS_28	tumor	NA
TACTTGTAGTAGGTGC_EBUS_28	tumor	NA
TACTTGTCACATCTTT_EBUS_28	tumor	NA
TACTTGTCAGATGAGC_EBUS_28	tumor	NA
TACTTGTGTTATTCTC_EBUS_28	normal	NA
TACTTGTTCAACACCA_EBUS_28	tumor	NA
TACTTGTTCACCACCT_EBUS_28	normal	NA
TACTTGTTCATCACCC_EBUS_28	normal	NA
TACTTGTTCATGGTCA_EBUS_28	tumor	NA
TACTTGTTCCATTCTA_EBUS_28	normal	NA
TACTTGTTCTATCCTA_EBUS_28	tumor	NA
TAGACCAAGGTCATCT_EBUS_28	tumor	NA
TAGACCACAAGCCCAC_EBUS_28	tumor	NA
TAGACCACAGACGCAA_EBUS_28	tumor	NA
TAGACCAGTACCGCTG_EBUS_28	normal	NA
TAGACCAGTTACGCGC_EBUS_28	tumor	NA
TAGACCATCGTTTGCC_EBUS_28	tumor	NA
TAGAGCTAGATATACG_EBUS_28	normal	NA
TAGAGCTCACAGGAGT_EBUS_28	tumor	NA
TAGAGCTCACATTCGA_EBUS_28	normal	NA
TAGAGCTCACCATGTA_EBUS_28	normal	NA
TAGAGCTCATAACCTG_EBUS_28	tumor	NA
TAGAGCTGTGTTAAGA_EBUS_28	tumor	NA
TAGAGCTGTGTTTGGT_EBUS_28	tumor	NA
TAGAGCTGTTATTCTC_EBUS_28	normal	NA
TAGAGCTTCGTGGGAA_EBUS_28	tumor	NA
TAGCCGGAGGAATCGC_EBUS_28	normal	NA
TAGCCGGAGGTCGGAT_EBUS_28	tumor	NA
TAGCCGGAGTGACTCT_EBUS_28	tumor	NA
TAGCCGGCAAGGTGTG_EBUS_28	normal	NA
TAGCCGGCACGGTGTC_EBUS_28	normal	NA
TAGCCGGGTAAGTGTA_EBUS_28	tumor	NA
TAGCCGGGTCCAAGTT_EBUS_28	normal	NA
TAGCCGGGTTGTGGAG_EBUS_28	tumor	NA
TAGCCGGTCCTGCAGG_EBUS_28	tumor	NA
TAGCCGGTCGGACAAG_EBUS_28	tumor	NA
TAGGCATAGACGACGT_EBUS_28	normal	NA
TAGGCATAGCACCGTC_EBUS_28	tumor	NA
TAGGCATAGCTAAACA_EBUS_28	tumor	NA
TAGGCATCAAAGCGGT_EBUS_28	tumor	NA
TAGGCATCATTCGACA_EBUS_28	normal	NA
TAGGCATGTAATTGGA_EBUS_28	normal	NA
TAGGCATGTCTAACGT_EBUS_28	tumor	NA
TAGGCATGTGAGTGAC_EBUS_28	tumor	NA
TAGGCATGTTATCCGA_EBUS_28	tumor	NA
TAGTGGTAGCCACCTG_EBUS_28	tumor	NA
TAGTGGTAGCTATGCT_EBUS_28	tumor	NA
TAGTGGTAGGATGTAT_EBUS_28	tumor	NA
TAGTGGTCACCGAAAG_EBUS_28	tumor	NA
TAGTGGTCAGGGCATA_EBUS_28	tumor	NA
TAGTGGTCATCGATGT_EBUS_28	tumor	NA
TAGTGGTGTGTTTGTG_EBUS_28	tumor	NA
TAGTGGTGTTGATTGC_EBUS_28	tumor	NA
TAGTGGTTCATCTGTT_EBUS_28	normal	NA
TAGTGGTTCGCGCCAA_EBUS_28	tumor	NA
TAGTGGTTCTACTTAC_EBUS_28	normal	NA
TAGTTGGCAATAGCGG_EBUS_28	normal	NA
TAGTTGGCAATTCCTT_EBUS_28	tumor	NA
TAGTTGGCATCCGGGT_EBUS_28	tumor	NA
TAGTTGGGTAATCACC_EBUS_28	normal	NA
TAGTTGGGTACGCACC_EBUS_28	tumor	NA
TAGTTGGGTAGTAGTA_EBUS_28	tumor	NA
TAGTTGGGTGACTCAT_EBUS_28	normal	NA
TAGTTGGGTGCTGTAT_EBUS_28	tumor	NA
TAGTTGGTCTCCGGTT_EBUS_28	tumor	NA
TATCAGGAGCTAACTC_EBUS_28	normal	NA
TATCAGGAGGTCATCT_EBUS_28	tumor	NA
TATCAGGCACCAGATT_EBUS_28	normal	NA
TATCAGGGTCTAGCCG_EBUS_28	normal	NA
TATCAGGGTCTCTCTG_EBUS_28	normal	NA
TATCAGGGTTGGTGGA_EBUS_28	normal	NA
TATCAGGTCATCGCTC_EBUS_28	tumor	NA
TATCTCAAGAAGGTTT_EBUS_28	normal	NA
TATCTCAAGACCACGA_EBUS_28	normal	NA
TATCTCACACGTGAGA_EBUS_28	tumor	NA
TATCTCACATATGCTG_EBUS_28	tumor	NA
TATCTCAGTCACACGC_EBUS_28	tumor	NA
TATCTCAGTCCATCCT_EBUS_28	normal	NA
TATCTCAGTGGTCTCG_EBUS_28	tumor	NA
TATCTCAGTTTCGCTC_EBUS_28	tumor	NA
TATCTCATCTTCCTTC_EBUS_28	tumor	NA
TATGCCCAGCGAGAAA_EBUS_28	tumor	NA
TATGCCCCACGGTGTC_EBUS_28	tumor	NA
TATGCCCGTCGAGATG_EBUS_28	normal	NA
TATGCCCGTCTCCATC_EBUS_28	normal	NA
TATGCCCGTTAAAGAC_EBUS_28	normal	NA
TATGCCCTCACTCCTG_EBUS_28	tumor	NA
TATGCCCTCGCTTAGA_EBUS_28	tumor	NA
TATGCCCTCTTTACAC_EBUS_28	tumor	NA
TATTACCAGATAGGAG_EBUS_28	tumor	NA
TATTACCAGTGTCCCG_EBUS_28	normal	NA
TATTACCCAGGGAGAG_EBUS_28	tumor	NA
TATTACCCAGTTAACC_EBUS_28	normal	NA
TATTACCTCTTACCTA_EBUS_28	tumor	NA
TCAACGAAGCATCATC_EBUS_28	tumor	NA
TCAACGACACAACGCC_EBUS_28	tumor	NA
TCAACGACACGTCAGC_EBUS_28	normal	NA
TCAACGACATCCGCGA_EBUS_28	normal	NA
TCAACGAGTAAATGTG_EBUS_28	tumor	NA
TCAACGATCAAAGTAG_EBUS_28	normal	NA
TCAACGATCACAAACC_EBUS_28	tumor	NA
TCAACGATCCTCAATT_EBUS_28	tumor	NA
TCAATCTCAATTGCTG_EBUS_28	normal	NA
TCAATCTGTATTCTCT_EBUS_28	tumor	NA
TCAATCTTCACAGTAC_EBUS_28	tumor	NA
TCAATCTTCCGAAGAG_EBUS_28	tumor	NA
TCACAAGAGGGCTCTC_EBUS_28	normal	NA
TCACAAGCAAGTAATG_EBUS_28	tumor	NA
TCACAAGCAGATTGCT_EBUS_28	normal	NA
TCACAAGCAGCTATTG_EBUS_28	tumor	NA
TCACAAGGTAGAAAGG_EBUS_28	normal	NA
TCACAAGTCTAACCGA_EBUS_28	normal	NA
TCACAAGTCTAGCACA_EBUS_28	tumor	NA
TCACGAAAGACAGACC_EBUS_28	normal	NA
TCACGAAAGATCCTGT_EBUS_28	normal	NA
TCACGAAAGATGAGAG_EBUS_28	tumor	NA
TCACGAACAAGTTCTG_EBUS_28	tumor	NA
TCACGAACACATGTGT_EBUS_28	tumor	NA
TCACGAACAGTACACT_EBUS_28	tumor	NA
TCACGAACAGTCAGAG_EBUS_28	normal	NA
TCACGAACATGGTAGG_EBUS_28	normal	NA
TCACGAAGTCCCGACA_EBUS_28	normal	NA
TCACGAAGTTGAACTC_EBUS_28	tumor	NA
TCACGAATCCTTTCTC_EBUS_28	tumor	NA
TCAGATGAGAACTGTA_EBUS_28	tumor	NA
TCAGATGAGCCCTAAT_EBUS_28	normal	NA
TCAGATGAGCTGAAAT_EBUS_28	normal	NA
TCAGATGAGGAATTAC_EBUS_28	tumor	NA
TCAGATGCACATCCGG_EBUS_28	tumor	NA
TCAGATGCAGGTGGAT_EBUS_28	normal	NA
TCAGATGCATGATCCA_EBUS_28	tumor	NA
TCAGATGGTCCCTACT_EBUS_28	normal	NA
TCAGATGGTCTGATCA_EBUS_28	tumor	NA
TCAGATGGTGACTCAT_EBUS_28	tumor	NA
TCAGATGGTGAGGGTT_EBUS_28	normal	NA
TCAGATGGTTACAGAA_EBUS_28	normal	NA
TCAGATGTCAAACGGG_EBUS_28	tumor	NA
TCAGATGTCAAGGTAA_EBUS_28	normal	NA
TCAGATGTCAGGTTCA_EBUS_28	normal	NA
TCAGCAAAGGACGAAA_EBUS_28	normal	NA
TCAGCAAAGGTTACCT_EBUS_28	tumor	NA
TCAGCAACACAGACTT_EBUS_28	tumor	NA
TCAGCAACAGTTTACG_EBUS_28	normal	NA
TCAGCAACATCCGGGT_EBUS_28	tumor	NA
TCAGCAACATGCAACT_EBUS_28	normal	NA
TCAGCAACATTGTGCA_EBUS_28	tumor	NA
TCAGCAAGTACAGCAG_EBUS_28	normal	NA
TCAGCAAGTAGCTAAA_EBUS_28	tumor	NA
TCAGCAATCAGGCAAG_EBUS_28	normal	NA
TCAGCAATCGCAAACT_EBUS_28	normal	NA
TCAGCTCAGACCACGA_EBUS_28	tumor	NA
TCAGCTCAGCGTCAAG_EBUS_28	tumor	NA
TCAGCTCAGCTAACAA_EBUS_28	tumor	NA
TCAGCTCAGTAGGTGC_EBUS_28	normal	NA
TCAGCTCCAACACCTA_EBUS_28	tumor	NA
TCAGCTCCAATGTTGC_EBUS_28	normal	NA
TCAGCTCCACAACTGT_EBUS_28	normal	NA
TCAGCTCCAGACGCAA_EBUS_28	tumor	NA
TCAGCTCCAGTTCATG_EBUS_28	normal	NA
TCAGCTCGTAGAGTGC_EBUS_28	normal	NA
TCAGCTCGTCTTCTCG_EBUS_28	tumor	NA
TCAGCTCGTTGAGTTC_EBUS_28	normal	NA
TCAGCTCTCGAATGGG_EBUS_28	tumor	NA
TCAGCTCTCTTTCCTC_EBUS_28	normal	NA
TCAGGATAGATCCTGT_EBUS_28	normal	NA
TCAGGATAGATGCCAG_EBUS_28	tumor	NA
TCAGGATAGGAGCGTT_EBUS_28	normal	NA
TCAGGATAGGGCTTGA_EBUS_28	tumor	NA
TCAGGATAGTGCGATG_EBUS_28	normal	NA
TCAGGATCAGCTCGCA_EBUS_28	normal	NA
TCAGGATCAGTGAGTG_EBUS_28	tumor	NA
TCAGGATCATCGGACC_EBUS_28	tumor	NA
TCAGGATGTTCACCTC_EBUS_28	normal	NA
TCAGGATGTTCCGGCA_EBUS_28	normal	NA
TCAGGATTCATTCACT_EBUS_28	normal	NA
TCAGGATTCCGAAGAG_EBUS_28	tumor	NA
TCAGGATTCGACGGAA_EBUS_28	tumor	NA
TCAGGATTCGGTCCGA_EBUS_28	normal	NA
TCAGGATTCTGCAAGT_EBUS_28	tumor	NA
TCAGGTACAAACTGTC_EBUS_28	normal	NA
TCAGGTACAAAGGCGT_EBUS_28	normal	NA
TCAGGTACAAGCCCAC_EBUS_28	normal	NA
TCAGGTACATTGGTAC_EBUS_28	tumor	NA
TCAGGTAGTCTCAACA_EBUS_28	tumor	NA
TCAGGTAGTGACGCCT_EBUS_28	normal	NA
TCAGGTAGTGGTCTCG_EBUS_28	tumor	NA
TCAGGTATCAAGAAGT_EBUS_28	normal	NA
TCAGGTATCTCCCTGA_EBUS_28	tumor	NA
TCATTACCAACGCACC_EBUS_28	tumor	NA
TCATTACCAAGACACG_EBUS_28	tumor	NA
TCATTACGTCTCGTTC_EBUS_28	tumor	NA
TCATTACGTTTACTCT_EBUS_28	normal	NA
TCATTACTCACTCCTG_EBUS_28	normal	NA
TCATTACTCCAGGGCT_EBUS_28	tumor	NA
TCATTACTCCGATATG_EBUS_28	normal	NA
TCATTACTCCGTAGTA_EBUS_28	tumor	NA
TCATTTGAGGCAGTCA_EBUS_28	normal	NA
TCATTTGGTAATCACC_EBUS_28	normal	NA
TCATTTGGTCGGCACT_EBUS_28	tumor	NA
TCATTTGGTTTGTTGG_EBUS_28	normal	NA
TCATTTGTCATGTAGC_EBUS_28	normal	NA
TCATTTGTCGGACAAG_EBUS_28	tumor	NA
TCCACACAGACACTAA_EBUS_28	normal	NA
TCCACACAGATCCCAT_EBUS_28	tumor	NA
TCCACACAGTTAGGTA_EBUS_28	tumor	NA
TCCACACTCAAGGTAA_EBUS_28	tumor	NA
TCCACACTCTGCAGTA_EBUS_28	normal	NA
TCCACACTCTTGAGGT_EBUS_28	tumor	NA
TCCCGATAGATCCGAG_EBUS_28	normal	NA
TCCCGATAGGTGCAAC_EBUS_28	tumor	NA
TCCCGATAGTATGACA_EBUS_28	normal	NA
TCCCGATAGTTATCGC_EBUS_28	normal	NA
TCCCGATCACTCAGGC_EBUS_28	normal	NA
TCCCGATCATAAGACA_EBUS_28	normal	NA
TCCCGATCATCCGGGT_EBUS_28	normal	NA
TCCCGATCATGGTAGG_EBUS_28	normal	NA
TCCCGATGTAGCGATG_EBUS_28	tumor	NA
TCCCGATGTCCGAACC_EBUS_28	normal	NA
TCCCGATGTGACCAAG_EBUS_28	normal	NA
TCCCGATGTGCCTGGT_EBUS_28	tumor	NA
TCCCGATGTTAGAACA_EBUS_28	tumor	NA
TCCCGATTCAAGGCTT_EBUS_28	tumor	NA
TCCCGATTCCGCAAGC_EBUS_28	tumor	NA
TCCCGATTCTAAGCCA_EBUS_28	tumor	NA
TCGAGGCCACTTAAGC_EBUS_28	tumor	NA
TCGAGGCCATGTAGTC_EBUS_28	tumor	NA
TCGAGGCGTAGGCATG_EBUS_28	tumor	NA
TCGAGGCGTGAGGCTA_EBUS_28	normal	NA
TCGAGGCGTGTTCTTT_EBUS_28	tumor	NA
TCGAGGCTCCCATTAT_EBUS_28	tumor	NA
TCGAGGCTCTACTATC_EBUS_28	tumor	NA
TCGCGAGCAATGAAAC_EBUS_28	tumor	NA
TCGCGAGCACAGACAG_EBUS_28	tumor	NA
TCGCGAGCATGAGCGA_EBUS_28	normal	NA
TCGCGAGGTCACCCAG_EBUS_28	tumor	NA
TCGCGAGGTTACCGAT_EBUS_28	tumor	NA
TCGCGAGTCGACAGCC_EBUS_28	tumor	NA
TCGCGAGTCTCATTCA_EBUS_28	tumor	NA
TCGCGTTAGAGGGATA_EBUS_28	normal	NA
TCGCGTTCAACCGCCA_EBUS_28	normal	NA
TCGCGTTCAATCGGTT_EBUS_28	normal	NA
TCGCGTTCACGGCGTT_EBUS_28	tumor	NA
TCGCGTTCATTATCTC_EBUS_28	tumor	NA
TCGCGTTGTTAGGGTG_EBUS_28	normal	NA
TCGCGTTGTTTAGGAA_EBUS_28	tumor	NA
TCGCGTTTCAAAGACA_EBUS_28	tumor	NA
TCGCGTTTCTGGTTCC_EBUS_28	normal	NA
TCGGGACAGACAGACC_EBUS_28	tumor	NA
TCGGGACAGACAGGCT_EBUS_28	tumor	NA
TCGGGACAGCACCGCT_EBUS_28	normal	NA
TCGGGACAGCCGCCTA_EBUS_28	tumor	NA
TCGGGACAGTACTTGC_EBUS_28	normal	NA
TCGGGACCAAAGAATC_EBUS_28	normal	NA
TCGGGACCACATGGGA_EBUS_28	tumor	NA
TCGGGACCAGCCACCA_EBUS_28	tumor	NA
TCGGGACCAGCTGGCT_EBUS_28	tumor	NA
TCGGGACGTCCAAGTT_EBUS_28	normal	NA
TCGGGACTCATTTGGG_EBUS_28	tumor	NA
TCGGGACTCGAACGGA_EBUS_28	tumor	NA
TCGGGACTCGAGAACG_EBUS_28	tumor	NA
TCGGTAAAGAATGTTG_EBUS_28	normal	NA
TCGGTAAAGGGTATCG_EBUS_28	normal	NA
TCGGTAACAAAGTGCG_EBUS_28	tumor	NA
TCGGTAACAGCCAATT_EBUS_28	tumor	NA
TCGGTAACATCACGTA_EBUS_28	tumor	NA
TCGGTAACATGTAAGA_EBUS_28	tumor	NA
TCGGTAAGTCGAATCT_EBUS_28	tumor	NA
TCGGTAAGTGAGTGAC_EBUS_28	tumor	NA
TCGGTAAGTGGAAAGA_EBUS_28	normal	NA
TCGGTAATCATAGCAC_EBUS_28	tumor	NA
TCGGTAATCGTGACAT_EBUS_28	normal	NA
TCGTACCAGACTCGGA_EBUS_28	normal	NA
TCGTACCAGATCTGCT_EBUS_28	normal	NA
TCGTACCCAAGCGAGT_EBUS_28	normal	NA
TCGTACCCAATGAATG_EBUS_28	tumor	NA
TCGTACCCACCGATAT_EBUS_28	tumor	NA
TCGTACCCAGTAGAGC_EBUS_28	normal	NA
TCGTACCTCAATCACG_EBUS_28	tumor	NA
TCGTACCTCAGTTAGC_EBUS_28	tumor	NA
TCGTACCTCCAAGTAC_EBUS_28	tumor	NA
TCGTACCTCCGCATAA_EBUS_28	normal	NA
TCGTACCTCGGAAACG_EBUS_28	tumor	NA
TCGTACCTCGTCGTTC_EBUS_28	normal	NA
TCGTACCTCTGGTTCC_EBUS_28	normal	NA
TCGTAGAAGTCCTCCT_EBUS_28	tumor	NA
TCGTAGACACCCATGG_EBUS_28	tumor	NA
TCGTAGACAGCTGTTA_EBUS_28	tumor	NA
TCGTAGACATCGGAAG_EBUS_28	tumor	NA
TCGTAGAGTATAGGGC_EBUS_28	normal	NA
TCGTAGAGTCATACTG_EBUS_28	tumor	NA
TCGTAGAGTGGTCTCG_EBUS_28	normal	NA
TCGTAGAGTTATCACG_EBUS_28	tumor	NA
TCGTAGATCATGTCTT_EBUS_28	tumor	NA
TCGTAGATCGCGCCAA_EBUS_28	normal	NA
TCGTAGATCTAACTTC_EBUS_28	tumor	NA
TCTATTGAGCACCGCT_EBUS_28	tumor	NA
TCTATTGAGTGCAAGC_EBUS_28	normal	NA
TCTATTGAGTTGCAGG_EBUS_28	tumor	NA
TCTATTGAGTTTCCTT_EBUS_28	normal	NA
TCTATTGCACGAAATA_EBUS_28	tumor	NA
TCTATTGCAGGTCCAC_EBUS_28	normal	NA
TCTATTGGTCTTGCGG_EBUS_28	tumor	NA
TCTATTGGTGCAACTT_EBUS_28	normal	NA
TCTATTGTCGCCAGCA_EBUS_28	normal	NA
TCTATTGTCTCGAGTA_EBUS_28	tumor	NA
TCTCATAAGCCAGTAG_EBUS_28	normal	NA
TCTCATAAGCCGTCGT_EBUS_28	tumor	NA
TCTCATACAACGATCT_EBUS_28	normal	NA
TCTCATACACCAGGCT_EBUS_28	tumor	NA
TCTCATACAGTATAAG_EBUS_28	tumor	NA
TCTCATACATGGTTGT_EBUS_28	tumor	NA
TCTCATACATGTAAGA_EBUS_28	tumor	NA
TCTCATAGTAGTGAAT_EBUS_28	tumor	NA
TCTCATAGTATGAAAC_EBUS_28	tumor	NA
TCTCATAGTCCAGTGC_EBUS_28	normal	NA
TCTCATAGTCTAGAGG_EBUS_28	tumor	NA
TCTCATATCAACCATG_EBUS_28	tumor	NA
TCTCATATCCGATATG_EBUS_28	normal	NA
TCTCATATCCTCAACC_EBUS_28	normal	NA
TCTCATATCGCTTGTC_EBUS_28	tumor	NA
TCTCATATCTGGTATG_EBUS_28	normal	NA
TCTCTAAAGTCCAGGA_EBUS_28	tumor	NA
TCTCTAACAATGGAAT_EBUS_28	tumor	NA
TCTCTAAGTAACGCGA_EBUS_28	tumor	NA
TCTCTAAGTACAGTGG_EBUS_28	normal	NA
TCTCTAATCACAGGCC_EBUS_28	tumor	NA
TCTCTAATCCTGTACC_EBUS_28	tumor	NA
TCTCTAATCTCAAACG_EBUS_28	tumor	NA
TCTCTAATCTGAGTGT_EBUS_28	tumor	NA
TCTGAGAAGATCTGCT_EBUS_28	tumor	NA
TCTGAGAAGCCATCGC_EBUS_28	normal	NA
TCTGAGAAGCGCTCCA_EBUS_28	tumor	NA
TCTGAGAAGGTCATCT_EBUS_28	tumor	NA
TCTGAGACATTAGGCT_EBUS_28	tumor	NA
TCTGAGAGTGCATCTA_EBUS_28	normal	NA
TCTGAGAGTGTGACGA_EBUS_28	tumor	NA
TCTGAGAGTTGCCTCT_EBUS_28	tumor	NA
TCTGAGATCAAGGCTT_EBUS_28	tumor	NA
TCTGGAAAGAGACTTA_EBUS_28	normal	NA
TCTGGAAAGTGTTTGC_EBUS_28	tumor	NA
TCTGGAACAATGACCT_EBUS_28	normal	NA
TCTGGAACACCACGTG_EBUS_28	tumor	NA
TCTGGAACAGTCACTA_EBUS_28	normal	NA
TCTGGAACATCGATTG_EBUS_28	normal	NA
TCTGGAACATTTCACT_EBUS_28	normal	NA
TCTGGAAGTACTCAAC_EBUS_28	normal	NA
TCTGGAAGTTCCATGA_EBUS_28	tumor	NA
TCTGGAAGTTGGGACA_EBUS_28	normal	NA
TCTGGAATCAGGCGAA_EBUS_28	normal	NA
TCTGGAATCCAAGTAC_EBUS_28	normal	NA
TCTGGAATCTGGCGTG_EBUS_28	normal	NA
TCTGGAATCTTGAGGT_EBUS_28	tumor	NA
TCTTCGGCAATGGAAT_EBUS_28	tumor	NA
TCTTCGGGTGTCGCTG_EBUS_28	normal	NA
TCTTCGGGTTTGACTG_EBUS_28	tumor	NA
TCTTCGGTCGCCAAAT_EBUS_28	normal	NA
TCTTCGGTCGGCTACG_EBUS_28	normal	NA
TCTTCGGTCTATCCTA_EBUS_28	normal	NA
TCTTTCCAGTTCGCAT_EBUS_28	normal	NA
TCTTTCCCACAACTGT_EBUS_28	normal	NA
TCTTTCCCAGGAATGC_EBUS_28	normal	NA
TCTTTCCGTCCAGTGC_EBUS_28	normal	NA
TCTTTCCGTCCTGCTT_EBUS_28	normal	NA
TCTTTCCGTCGCGTGT_EBUS_28	normal	NA
TCTTTCCTCGGAAACG_EBUS_28	tumor	NA
TCTTTCCTCGGCGGTT_EBUS_28	normal	NA
TGAAAGAAGCGACGTA_EBUS_28	tumor	NA
TGAAAGAAGGATTCGG_EBUS_28	tumor	NA
TGAAAGAAGTACCGGA_EBUS_28	normal	NA
TGAAAGACAAGGGTCA_EBUS_28	normal	NA
TGAAAGACATCTCCCA_EBUS_28	tumor	NA
TGAAAGAGTAAACCTC_EBUS_28	tumor	NA
TGAAAGAGTCAAAGCG_EBUS_28	tumor	NA
TGAAAGAGTCAGAATA_EBUS_28	tumor	NA
TGAAAGAGTCGCTTCT_EBUS_28	normal	NA
TGAAAGATCAGAGCTT_EBUS_28	tumor	NA
TGAAAGATCATGTGGT_EBUS_28	normal	NA
TGAAAGATCTTGTTTG_EBUS_28	normal	NA
TGACAACAGACCCACC_EBUS_28	tumor	NA
TGACAACCACAGAGGT_EBUS_28	tumor	NA
TGACAACCAGTTTACG_EBUS_28	tumor	NA
TGACAACCATGACATC_EBUS_28	normal	NA
TGACAACGTAGTAGTA_EBUS_28	normal	NA
TGACAACGTATAGTAG_EBUS_28	tumor	NA
TGACAACTCCTCATTA_EBUS_28	tumor	NA
TGACAACTCTGCGACG_EBUS_28	normal	NA
TGACGGCAGTCACGCC_EBUS_28	tumor	NA
TGACGGCAGTTCCACA_EBUS_28	normal	NA
TGACGGCCAACGATGG_EBUS_28	tumor	NA
TGACGGCCAGACAAGC_EBUS_28	tumor	NA
TGACGGCCATTAACCG_EBUS_28	normal	NA
TGACGGCGTGCAACGA_EBUS_28	tumor	NA
TGACGGCGTTATTCTC_EBUS_28	normal	NA
TGACGGCTCTAGCACA_EBUS_28	normal	NA
TGACTAGAGTGAATTG_EBUS_28	tumor	NA
TGACTAGCAACTTGAC_EBUS_28	tumor	NA
TGACTAGCATCACGTA_EBUS_28	tumor	NA
TGACTAGGTAGTACCT_EBUS_28	tumor	NA
TGACTAGTCAGCTGGC_EBUS_28	tumor	NA
TGACTAGTCGCAAACT_EBUS_28	tumor	NA
TGACTAGTCTAACCGA_EBUS_28	tumor	NA
TGACTTTAGCAGACTG_EBUS_28	tumor	NA
TGACTTTAGGCTAGAC_EBUS_28	normal	NA
TGACTTTCAAGGTTCT_EBUS_28	tumor	NA
TGACTTTCACCAGGCT_EBUS_28	tumor	NA
TGACTTTCATGTCTCC_EBUS_28	tumor	NA
TGACTTTGTCCGTCAG_EBUS_28	normal	NA
TGACTTTTCAACCAAC_EBUS_28	normal	NA
TGACTTTTCGTAGGTT_EBUS_28	tumor	NA
TGACTTTTCTCCTATA_EBUS_28	tumor	NA
TGAGAGGAGCATCATC_EBUS_28	tumor	NA
TGAGAGGAGCCTCGTG_EBUS_28	normal	NA
TGAGAGGAGTGGCACA_EBUS_28	normal	NA
TGAGAGGCACGTCAGC_EBUS_28	tumor	NA
TGAGAGGCATGGTTGT_EBUS_28	tumor	NA
TGAGAGGGTAAGTAGT_EBUS_28	tumor	NA
TGAGAGGGTCTAAAGA_EBUS_28	tumor	NA
TGAGAGGGTTGGGACA_EBUS_28	tumor	NA
TGAGAGGTCCTGTAGA_EBUS_28	tumor	NA
TGAGCATAGACTGGGT_EBUS_28	normal	NA
TGAGCATAGATCCCGC_EBUS_28	tumor	NA
TGAGCATAGCCTATGT_EBUS_28	normal	NA
TGAGCATCACACTGCG_EBUS_28	tumor	NA
TGAGCATCATTAGCCA_EBUS_28	tumor	NA
TGAGCATGTACAGCAG_EBUS_28	normal	NA
TGAGCATGTCATGCAT_EBUS_28	tumor	NA
TGAGCATGTGTTAAGA_EBUS_28	normal	NA
TGAGCATGTTAGGGTG_EBUS_28	tumor	NA
TGAGCATTCAGTCAGT_EBUS_28	tumor	NA
TGAGCCGAGAGCCTAG_EBUS_28	tumor	NA
TGAGCCGAGGCGACAT_EBUS_28	tumor	NA
TGAGCCGAGTGCAAGC_EBUS_28	tumor	NA
TGAGCCGCAAATACAG_EBUS_28	normal	NA
TGAGCCGCAAGTTGTC_EBUS_28	tumor	NA
TGAGCCGCACAACGCC_EBUS_28	normal	NA
TGAGCCGCACGAAATA_EBUS_28	normal	NA
TGAGCCGCAGCGTTCG_EBUS_28	normal	NA
TGAGCCGCATGGTAGG_EBUS_28	tumor	NA
TGAGCCGCATGGTCTA_EBUS_28	normal	NA
TGAGCCGCATGGTTGT_EBUS_28	normal	NA
TGAGCCGGTCACCCAG_EBUS_28	normal	NA
TGAGCCGGTGAGTGAC_EBUS_28	tumor	NA
TGAGCCGTCACCAGGC_EBUS_28	normal	NA
TGAGCCGTCCCAAGTA_EBUS_28	normal	NA
TGAGCCGTCGGTTAAC_EBUS_28	normal	NA
TGAGGGAAGGACACCA_EBUS_28	normal	NA
TGAGGGAAGGCTAGAC_EBUS_28	tumor	NA
TGAGGGACAAGCCCAC_EBUS_28	normal	NA
TGAGGGACATCCGCGA_EBUS_28	normal	NA
TGAGGGAGTTCGTTGA_EBUS_28	tumor	NA
TGAGGGATCCAGTATG_EBUS_28	tumor	NA
TGAGGGATCGCCATAA_EBUS_28	tumor	NA
TGATTTCAGCGATGAC_EBUS_28	normal	NA
TGATTTCCAATCCGAT_EBUS_28	tumor	NA
TGATTTCCACCAGGCT_EBUS_28	normal	NA
TGATTTCTCCAAGCCG_EBUS_28	tumor	NA
TGCACCTAGAAGATTC_EBUS_28	tumor	NA
TGCACCTAGTTGAGAT_EBUS_28	normal	NA
TGCACCTCACTTCGAA_EBUS_28	tumor	NA
TGCACCTCAGACTCGC_EBUS_28	normal	NA
TGCACCTCAGGTTTCA_EBUS_28	normal	NA
TGCACCTGTAATAGCA_EBUS_28	normal	NA
TGCACCTGTACACCGC_EBUS_28	tumor	NA
TGCACCTGTAGCGCAA_EBUS_28	tumor	NA
TGCACCTGTGGACGAT_EBUS_28	tumor	NA
TGCACCTTCCAACCAA_EBUS_28	tumor	NA
TGCACCTTCCCAAGTA_EBUS_28	tumor	NA
TGCACCTTCGCCTGTT_EBUS_28	tumor	NA
TGCACCTTCGTCCAGG_EBUS_28	tumor	NA
TGCCAAAAGACTACAA_EBUS_28	normal	NA
TGCCAAAAGCACACAG_EBUS_28	normal	NA
TGCCAAAAGGTCGGAT_EBUS_28	normal	NA
TGCCAAAAGTATCTCG_EBUS_28	tumor	NA
TGCCAAACAAGCGCTC_EBUS_28	tumor	NA
TGCCAAACACGCCAGT_EBUS_28	tumor	NA
TGCCAAACAGCTATTG_EBUS_28	normal	NA
TGCCAAACATGCTAGT_EBUS_28	tumor	NA
TGCCAAAGTTACAGAA_EBUS_28	tumor	NA
TGCCAAAGTTATCCGA_EBUS_28	tumor	NA
TGCCAAATCTGGTGTA_EBUS_28	normal	NA
TGCCCATCACAGACTT_EBUS_28	normal	NA
TGCCCATCAGGCTCAC_EBUS_28	tumor	NA
TGCCCATCATATACGC_EBUS_28	tumor	NA
TGCCCATGTCTAGTGT_EBUS_28	normal	NA
TGCCCATGTGTGGTTT_EBUS_28	normal	NA
TGCCCATTCAACACCA_EBUS_28	tumor	NA
TGCCCATTCACCAGGC_EBUS_28	tumor	NA
TGCCCATTCATCGATG_EBUS_28	normal	NA
TGCCCATTCCTTGGTC_EBUS_28	tumor	NA
TGCCCATTCGGCGCTA_EBUS_28	tumor	NA
TGCCCTAAGCCCGAAA_EBUS_28	tumor	NA
TGCCCTACAATGCCAT_EBUS_28	normal	NA
TGCCCTACAGCGTAAG_EBUS_28	tumor	NA
TGCCCTACAGGCTCAC_EBUS_28	tumor	NA
TGCCCTACATCGACGC_EBUS_28	tumor	NA
TGCCCTAGTCCGAACC_EBUS_28	normal	NA
TGCCCTAGTCTGGTCG_EBUS_28	normal	NA
TGCCCTATCACTTCAT_EBUS_28	tumor	NA
TGCCCTATCGCTAGCG_EBUS_28	tumor	NA
TGCGCAGAGACACTAA_EBUS_28	tumor	NA
TGCGCAGAGCTTATCG_EBUS_28	tumor	NA
TGCGCAGCACAGCGTC_EBUS_28	normal	NA
TGCGCAGCATGGATGG_EBUS_28	tumor	NA
TGCGCAGTCGAACTGT_EBUS_28	normal	NA
TGCGGGTAGGGCACTA_EBUS_28	normal	NA
TGCGGGTCAAAGGTGC_EBUS_28	normal	NA
TGCGGGTCAGCGTAAG_EBUS_28	tumor	NA
TGCGGGTCATCAGTCA_EBUS_28	normal	NA
TGCGGGTGTACAGTGG_EBUS_28	tumor	NA
TGCGGGTGTTCGGCAC_EBUS_28	tumor	NA
TGCGGGTTCAGAGCTT_EBUS_28	normal	NA
TGCGGGTTCGCCAGCA_EBUS_28	normal	NA
TGCGTGGGTAACGACG_EBUS_28	normal	NA
TGCGTGGGTCAGATAA_EBUS_28	tumor	NA
TGCGTGGTCATATCGG_EBUS_28	normal	NA
TGCGTGGTCTCGCTTG_EBUS_28	tumor	NA
TGCGTGGTCTCGTATT_EBUS_28	tumor	NA
TGCTACCAGAGCTATA_EBUS_28	tumor	NA
TGCTACCCACATCCGG_EBUS_28	normal	NA
TGCTACCGTACACCGC_EBUS_28	normal	NA
TGCTACCGTTCGAATC_EBUS_28	normal	NA
TGCTACCGTTCTGGTA_EBUS_28	tumor	NA
TGCTACCTCCTCAACC_EBUS_28	normal	NA
TGCTACCTCGCGCCAA_EBUS_28	normal	NA
TGCTACCTCGGTCCGA_EBUS_28	tumor	NA
TGCTACCTCGTTTATC_EBUS_28	normal	NA
TGCTACCTCTCGGACG_EBUS_28	normal	NA
TGCTGCTAGGAATTAC_EBUS_28	normal	NA
TGCTGCTCACGTAAGG_EBUS_28	tumor	NA
TGCTGCTCACTGTTAG_EBUS_28	tumor	NA
TGCTGCTCAGCTTCGG_EBUS_28	normal	NA
TGCTGCTGTATATCCG_EBUS_28	tumor	NA
TGCTGCTGTCAACATC_EBUS_28	tumor	NA
TGCTGCTGTCTAAACC_EBUS_28	normal	NA
TGCTGCTTCACCTTAT_EBUS_28	tumor	NA
TGCTGCTTCGCGGATC_EBUS_28	tumor	NA
TGGACGCAGCCCTAAT_EBUS_28	tumor	NA
TGGACGCAGTCATGCT_EBUS_28	tumor	NA
TGGACGCCAATTGCTG_EBUS_28	tumor	NA
TGGACGCCATACCATG_EBUS_28	tumor	NA
TGGACGCGTAGCGTCC_EBUS_28	normal	NA
TGGACGCTCTGACCTC_EBUS_28	normal	NA
TGGACGCTCTTTACAC_EBUS_28	normal	NA
TGGCCAGAGTCCCACG_EBUS_28	tumor	NA
TGGCCAGCACTGAAGG_EBUS_28	tumor	NA
TGGCCAGTCAAACCAC_EBUS_28	normal	NA
TGGCCAGTCAACACCA_EBUS_28	normal	NA
TGGCGCAAGCGATCCC_EBUS_28	normal	NA
TGGCGCAAGTAGATGT_EBUS_28	normal	NA
TGGCGCAAGTAGTGCG_EBUS_28	tumor	NA
TGGCGCACACCAGCAC_EBUS_28	tumor	NA
TGGCGCACACGGTAGA_EBUS_28	normal	NA
TGGCGCATCACCGGGT_EBUS_28	tumor	NA
TGGCGCATCGATCCCT_EBUS_28	tumor	NA
TGGCGCATCTGATTCT_EBUS_28	normal	NA
TGGCTGGAGGTTACCT_EBUS_28	tumor	NA
TGGCTGGAGTCTCCTC_EBUS_28	tumor	NA
TGGCTGGCAAGTAATG_EBUS_28	tumor	NA
TGGCTGGCATTAACCG_EBUS_28	tumor	NA
TGGCTGGCATTATCTC_EBUS_28	tumor	NA
TGGCTGGGTAAGGATT_EBUS_28	normal	NA
TGGCTGGGTGCAGTAG_EBUS_28	normal	NA
TGGCTGGTCAACGGCC_EBUS_28	tumor	NA
TGGCTGGTCAGTGTTG_EBUS_28	tumor	NA
TGGCTGGTCGAATCCA_EBUS_28	tumor	NA
TGGCTGGTCGTTTGCC_EBUS_28	normal	NA
TGGCTGGTCTTTAGTC_EBUS_28	tumor	NA
TGGGAAGAGACCCACC_EBUS_28	normal	NA
TGGGAAGAGAGCTGCA_EBUS_28	tumor	NA
TGGGAAGAGCTCAACT_EBUS_28	tumor	NA
TGGGAAGAGGGTTTCT_EBUS_28	normal	NA
TGGGAAGAGGTAGCTG_EBUS_28	tumor	NA
TGGGAAGAGTGAATTG_EBUS_28	tumor	NA
TGGGAAGAGTTCCACA_EBUS_28	tumor	NA
TGGGAAGCAAGAGTCG_EBUS_28	tumor	NA
TGGGAAGCAGTCTTCC_EBUS_28	normal	NA
TGGGAAGGTGTGCCTG_EBUS_28	normal	NA
TGGGAAGTCAACCATG_EBUS_28	normal	NA
TGGGAAGTCACCATAG_EBUS_28	tumor	NA
TGGGAAGTCACGAAGG_EBUS_28	normal	NA
TGGGAAGTCAGCTCGG_EBUS_28	tumor	NA
TGGGAAGTCAGGTAAA_EBUS_28	normal	NA
TGGGAAGTCCGTTGTC_EBUS_28	normal	NA
TGGGCGTAGAGGTTGC_EBUS_28	tumor	NA
TGGGCGTAGATCCGAG_EBUS_28	normal	NA
TGGGCGTAGGACCACA_EBUS_28	tumor	NA
TGGGCGTAGTTGTCGT_EBUS_28	tumor	NA
TGGGCGTCAGTATAAG_EBUS_28	normal	NA
TGGGCGTCATCACGTA_EBUS_28	normal	NA
TGGGCGTGTGTTGGGA_EBUS_28	normal	NA
TGGGCGTGTTCAACCA_EBUS_28	tumor	NA
TGGGCGTTCCCTAACC_EBUS_28	tumor	NA
TGGGCGTTCTTGACGA_EBUS_28	normal	NA
TGGTTAGCAACTTGAC_EBUS_28	tumor	NA
TGGTTAGGTCCGAACC_EBUS_28	normal	NA
TGGTTAGGTCGAATCT_EBUS_28	normal	NA
TGGTTAGGTCTCTCGT_EBUS_28	tumor	NA
TGGTTAGGTCTCTTAT_EBUS_28	tumor	NA
TGGTTAGGTTCAGTAC_EBUS_28	tumor	NA
TGGTTAGTCAAACGGG_EBUS_28	tumor	NA
TGGTTAGTCACGATGT_EBUS_28	tumor	NA
TGGTTCCAGGGTCGAT_EBUS_28	tumor	NA
TGGTTCCAGGTGATTA_EBUS_28	tumor	NA
TGGTTCCCACGACGAA_EBUS_28	normal	NA
TGGTTCCCATAACCTG_EBUS_28	normal	NA
TGGTTCCGTCGCTTTC_EBUS_28	normal	NA
TGGTTCCTCACAAACC_EBUS_28	normal	NA
TGGTTCCTCACTTACT_EBUS_28	tumor	NA
TGGTTCCTCAGAGGTG_EBUS_28	tumor	NA
TGGTTCCTCATCACCC_EBUS_28	tumor	NA
TGGTTCCTCCTCAATT_EBUS_28	normal	NA
TGGTTCCTCGTGGTCG_EBUS_28	tumor	NA
TGTATTCAGATGCGAC_EBUS_28	tumor	NA
TGTATTCAGCGTTTAC_EBUS_28	normal	NA
TGTATTCAGGATGGTC_EBUS_28	normal	NA
TGTATTCCAGTTCATG_EBUS_28	tumor	NA
TGTATTCGTACACCGC_EBUS_28	tumor	NA
TGTATTCGTCATCCCT_EBUS_28	normal	NA
TGTATTCGTTCGTCTC_EBUS_28	normal	NA
TGTATTCGTTTGTGTG_EBUS_28	normal	NA
TGTATTCTCGAATCCA_EBUS_28	normal	NA
TGTATTCTCGCTTGTC_EBUS_28	tumor	NA
TGTCCCAAGAGTGACC_EBUS_28	tumor	NA
TGTCCCAAGCTGTCTA_EBUS_28	tumor	NA
TGTCCCACACCAGGTC_EBUS_28	normal	NA
TGTCCCACAGCTTAAC_EBUS_28	tumor	NA
TGTCCCACAGTCGTGC_EBUS_28	tumor	NA
TGTCCCACATCGGGTC_EBUS_28	normal	NA
TGTCCCAGTATTAGCC_EBUS_28	tumor	NA
TGTCCCAGTCATACTG_EBUS_28	normal	NA
TGTCCCAGTGTATGGG_EBUS_28	tumor	NA
TGTCCCATCCGAGCCA_EBUS_28	tumor	NA
TGTCCCATCTTAGCCC_EBUS_28	tumor	NA
TGTCCCATCTTCGGTC_EBUS_28	normal	NA
TGTGGTAAGATAGCAT_EBUS_28	normal	NA
TGTGGTAAGCTGATAA_EBUS_28	tumor	NA
TGTGGTAAGTGTACTC_EBUS_28	normal	NA
TGTGGTACAGTAAGAT_EBUS_28	tumor	NA
TGTGGTACAGTGGAGT_EBUS_28	normal	NA
TGTGGTAGTACCTACA_EBUS_28	tumor	NA
TGTGGTAGTCAATGTC_EBUS_28	tumor	NA
TGTGGTATCACGCGGT_EBUS_28	tumor	NA
TGTGGTATCCTGCCAT_EBUS_28	tumor	NA
TGTGGTATCTGATACG_EBUS_28	normal	NA
TGTGTTTCAGACACTT_EBUS_28	normal	NA
TGTGTTTCATTGGCGC_EBUS_28	normal	NA
TGTGTTTGTGAACCTT_EBUS_28	normal	NA
TGTGTTTGTGAGTATA_EBUS_28	normal	NA
TGTGTTTGTGCAGGTA_EBUS_28	normal	NA
TGTGTTTGTTCCATGA_EBUS_28	tumor	NA
TGTGTTTTCCGTTGCT_EBUS_28	tumor	NA
TGTGTTTTCTGGCGAC_EBUS_28	normal	NA
TGTTCCGAGACGCTTT_EBUS_28	normal	NA
TGTTCCGAGAGTAAGG_EBUS_28	normal	NA
TGTTCCGAGATGCCAG_EBUS_28	tumor	NA
TGTTCCGCATCCGTGG_EBUS_28	normal	NA
TGTTCCGTCCGTACAA_EBUS_28	tumor	NA
TTAACTCAGTAAGTAC_EBUS_28	tumor	NA
TTAACTCAGTCGTACT_EBUS_28	tumor	NA
TTAACTCGTAGCTTGT_EBUS_28	tumor	NA
TTAACTCGTGGCAAAC_EBUS_28	tumor	NA
TTAACTCTCAACGGGA_EBUS_28	normal	NA
TTAACTCTCAGCTCGG_EBUS_28	tumor	NA
TTAACTCTCATCGATG_EBUS_28	normal	NA
TTAACTCTCGCCAGCA_EBUS_28	tumor	NA
TTAACTCTCGTACCGG_EBUS_28	normal	NA
TTAACTCTCTCAACTT_EBUS_28	normal	NA
TTAGGACAGATGGCGT_EBUS_28	tumor	NA
TTAGGACAGCGATGAC_EBUS_28	normal	NA
TTAGGACCAAAGTCAA_EBUS_28	tumor	NA
TTAGGACCACATCCAA_EBUS_28	normal	NA
TTAGGACGTCTGCAAT_EBUS_28	normal	NA
TTAGGACTCCAATGGT_EBUS_28	tumor	NA
TTAGGACTCGAATGGG_EBUS_28	tumor	NA
TTAGGACTCGGAAACG_EBUS_28	normal	NA
TTAGGACTCTAACTGG_EBUS_28	tumor	NA
TTAGGACTCTGGAGCC_EBUS_28	tumor	NA
TTAGGACTCTTAACCT_EBUS_28	normal	NA
TTAGGACTCTTCGGTC_EBUS_28	tumor	NA
TTAGGCAAGACCGGAT_EBUS_28	tumor	NA
TTAGGCAAGCCAGAAC_EBUS_28	tumor	NA
TTAGGCAAGCGTTCCG_EBUS_28	normal	NA
TTAGGCAAGCTGAAAT_EBUS_28	tumor	NA
TTAGGCACATAACCTG_EBUS_28	tumor	NA
TTAGGCAGTAGGACAC_EBUS_28	tumor	NA
TTAGGCAGTCATCCCT_EBUS_28	normal	NA
TTAGGCAGTCATCGGC_EBUS_28	normal	NA
TTAGGCAGTGCACGAA_EBUS_28	tumor	NA
TTAGTTCAGAACTGTA_EBUS_28	tumor	NA
TTAGTTCAGTCTCGGC_EBUS_28	tumor	NA
TTAGTTCAGTTATCGC_EBUS_28	tumor	NA
TTAGTTCCAAGTTCTG_EBUS_28	normal	NA
TTAGTTCCACCAGCAC_EBUS_28	tumor	NA
TTAGTTCCATGCCACG_EBUS_28	tumor	NA
TTAGTTCCATTCGACA_EBUS_28	tumor	NA
TTAGTTCGTACTTGAC_EBUS_28	tumor	NA
TTAGTTCGTCGAGTTT_EBUS_28	tumor	NA
TTATGCTAGCCCTAAT_EBUS_28	tumor	NA
TTATGCTAGGCTATCT_EBUS_28	tumor	NA
TTATGCTCACACGCTG_EBUS_28	tumor	NA
TTATGCTGTCACAAGG_EBUS_28	tumor	NA
TTATGCTGTCCGTGAC_EBUS_28	normal	NA
TTATGCTTCCAGTATG_EBUS_28	tumor	NA
TTCCCAGAGACGCTTT_EBUS_28	tumor	NA
TTCCCAGAGATATGCA_EBUS_28	normal	NA
TTCCCAGCATTACCTT_EBUS_28	normal	NA
TTCCCAGGTGTTGAGG_EBUS_28	tumor	NA
TTCCCAGGTTCCCTTG_EBUS_28	tumor	NA
TTCCCAGGTTCTGAAC_EBUS_28	normal	NA
TTCCCAGTCACAGGCC_EBUS_28	normal	NA
TTCCCAGTCCCAAGTA_EBUS_28	tumor	NA
TTCCCAGTCGGCGGTT_EBUS_28	tumor	NA
TTCCCAGTCGGTTCGG_EBUS_28	tumor	NA
TTCCCAGTCTTCTGGC_EBUS_28	normal	NA
TTCGAAGCAACGATGG_EBUS_28	normal	NA
TTCGAAGCAGATCTGT_EBUS_28	normal	NA
TTCGAAGCAGCGTTCG_EBUS_28	tumor	NA
TTCGAAGCATCAGTCA_EBUS_28	normal	NA
TTCGAAGGTTCCGGCA_EBUS_28	tumor	NA
TTCGAAGGTTCTGGTA_EBUS_28	tumor	NA
TTCGAAGTCTGGCGTG_EBUS_28	normal	NA
TTCGAAGTCTGTACGA_EBUS_28	tumor	NA
TTCGGTCAGCTAACAA_EBUS_28	normal	NA
TTCGGTCCACGGTTTA_EBUS_28	tumor	NA
TTCGGTCCAGGGCATA_EBUS_28	normal	NA
TTCGGTCCATTCGACA_EBUS_28	normal	NA
TTCGGTCGTCGCATAT_EBUS_28	tumor	NA
TTCGGTCTCCGCAAGC_EBUS_28	normal	NA
TTCGGTCTCCGGGTGT_EBUS_28	tumor	NA
TTCGGTCTCTCGCTTG_EBUS_28	normal	NA
TTCGGTCTCTCTGTCG_EBUS_28	normal	NA
TTCTACAAGTGCAAGC_EBUS_28	tumor	NA
TTCTACACAAACGTGG_EBUS_28	tumor	NA
TTCTACAGTGGTGTAG_EBUS_28	tumor	NA
TTCTACATCACTTATC_EBUS_28	normal	NA
TTCTACATCATCTGTT_EBUS_28	normal	NA
TTCTACATCGAGGTAG_EBUS_28	tumor	NA
TTCTACATCTACCAGA_EBUS_28	tumor	NA
TTCTCAAAGATGCGAC_EBUS_28	tumor	NA
TTCTCAAAGATGTGTA_EBUS_28	tumor	NA
TTCTCAACAATACGCT_EBUS_28	tumor	NA
TTCTCAACACCATGTA_EBUS_28	tumor	NA
TTCTCAAGTAACGTTC_EBUS_28	tumor	NA
TTCTCAAGTGTTAAGA_EBUS_28	normal	NA
TTCTCAATCCTCAACC_EBUS_28	normal	NA
TTCTCAATCGTAGATC_EBUS_28	tumor	NA
TTCTCCTAGAATGTTG_EBUS_28	normal	NA
TTCTCCTAGTCCAGGA_EBUS_28	tumor	NA
TTCTCCTCAACACCTA_EBUS_28	normal	NA
TTCTCCTCACCCAGTG_EBUS_28	tumor	NA
TTCTCCTCATAACCTG_EBUS_28	normal	NA
TTCTCCTCATACTCTT_EBUS_28	normal	NA
TTCTCCTTCACCCGAG_EBUS_28	tumor	NA
TTCTCCTTCCCTGACT_EBUS_28	normal	NA
TTCTTAGAGATAGTCA_EBUS_28	tumor	NA
TTCTTAGAGCCAGGAT_EBUS_28	normal	NA
TTCTTAGAGCCATCGC_EBUS_28	tumor	NA
TTCTTAGAGGATTCGG_EBUS_28	tumor	NA
TTCTTAGCAAACTGCT_EBUS_28	normal	NA
TTCTTAGCAAGCTGGA_EBUS_28	tumor	NA
TTCTTAGGTCTCATCC_EBUS_28	tumor	NA
TTCTTAGTCCAGAGGA_EBUS_28	tumor	NA
TTGAACGAGATGCCAG_EBUS_28	normal	NA
TTGAACGAGTAATCCC_EBUS_28	tumor	NA
TTGAACGCAAGCTGGA_EBUS_28	tumor	NA
TTGAACGCAGCTCGAC_EBUS_28	tumor	NA
TTGAACGCAGTTCATG_EBUS_28	normal	NA
TTGAACGGTAATCGTC_EBUS_28	normal	NA
TTGAACGGTCATCGGC_EBUS_28	tumor	NA
TTGAACGGTTGAACTC_EBUS_28	normal	NA
TTGAACGGTTTGACAC_EBUS_28	tumor	NA
TTGAACGTCAGATAAG_EBUS_28	tumor	NA
TTGAACGTCTCTTGAT_EBUS_28	normal	NA
TTGACTTAGAAGCCCA_EBUS_28	tumor	NA
TTGACTTAGCGCCTCA_EBUS_28	tumor	NA
TTGACTTAGGTGCTTT_EBUS_28	normal	NA
TTGACTTAGTGGCACA_EBUS_28	tumor	NA
TTGACTTCAGGTGCCT_EBUS_28	normal	NA
TTGACTTCATAAGACA_EBUS_28	normal	NA
TTGACTTCATGGGAAC_EBUS_28	tumor	NA
TTGACTTCATGTTGAC_EBUS_28	tumor	NA
TTGACTTGTAAGGGCT_EBUS_28	tumor	NA
TTGACTTGTTCCTCCA_EBUS_28	normal	NA
TTGACTTTCATGTAGC_EBUS_28	normal	NA
TTGCCGTAGAAGGCCT_EBUS_28	tumor	NA
TTGCCGTGTCATGCAT_EBUS_28	normal	NA
TTGCCGTTCAGCCTAA_EBUS_28	normal	NA
TTGCCGTTCATAAAGG_EBUS_28	tumor	NA
TTGCGTCAGACACGAC_EBUS_28	tumor	NA
TTGCGTCAGAGGGCTT_EBUS_28	tumor	NA
TTGCGTCAGTCAATAG_EBUS_28	tumor	NA
TTGCGTCAGTTGAGTA_EBUS_28	tumor	NA
TTGCGTCGTTAGATGA_EBUS_28	normal	NA
TTGCGTCTCAGAGGTG_EBUS_28	normal	NA
TTGCGTCTCATAACCG_EBUS_28	tumor	NA
TTGCGTCTCATCTGTT_EBUS_28	tumor	NA
TTGCGTCTCATGTCTT_EBUS_28	tumor	NA
TTGCGTCTCCCGGATG_EBUS_28	tumor	NA
TTGCGTCTCCTCTAGC_EBUS_28	tumor	NA
TTGGAACAGAGCTGCA_EBUS_28	tumor	NA
TTGGAACCAAGCCGCT_EBUS_28	normal	NA
TTGGAACCACACCGAC_EBUS_28	tumor	NA
TTGGCAAAGACAGACC_EBUS_28	tumor	NA
TTGGCAAAGCCACGCT_EBUS_28	normal	NA
TTGGCAAAGGAGCGTT_EBUS_28	tumor	NA
TTGGCAAAGGATATAC_EBUS_28	normal	NA
TTGGCAACATCGTCGG_EBUS_28	normal	NA
TTGGCAAGTCCTAGCG_EBUS_28	normal	NA
TTGGCAAGTGAGCGAT_EBUS_28	normal	NA
TTGGCAATCAAAGACA_EBUS_28	normal	NA
TTGGCAATCCTCCTAG_EBUS_28	normal	NA
TTGTAGGAGACAGGCT_EBUS_28	tumor	NA
TTGTAGGAGTATTGGA_EBUS_28	normal	NA
TTGTAGGCACGAAAGC_EBUS_28	normal	NA
TTGTAGGCAGCCAATT_EBUS_28	tumor	NA
TTGTAGGCAGGGATTG_EBUS_28	tumor	NA
TTGTAGGCATCCTAGA_EBUS_28	normal	NA
TTGTAGGGTAAAGGAG_EBUS_28	tumor	NA
TTGTAGGGTACGCACC_EBUS_28	tumor	NA
TTGTAGGGTGACGGTA_EBUS_28	tumor	NA
TTGTAGGGTTCTCATT_EBUS_28	tumor	NA
TTGTAGGTCAACCATG_EBUS_28	tumor	NA
TTGTAGGTCACAAACC_EBUS_28	tumor	NA
TTGTAGGTCCTAAGTG_EBUS_28	tumor	NA
TTTACTGAGTGTCCAT_EBUS_28	tumor	NA
TTTACTGCAAGTCATC_EBUS_28	normal	NA
TTTACTGCACGACTCG_EBUS_28	tumor	NA
TTTACTGCAGCTGTGC_EBUS_28	tumor	NA
TTTACTGCATGCAACT_EBUS_28	tumor	NA
TTTACTGGTCGGCATC_EBUS_28	tumor	NA
TTTATGCAGAGTACCG_EBUS_28	tumor	NA
TTTATGCAGTGTACGG_EBUS_28	normal	NA
TTTATGCCAATCCGAT_EBUS_28	tumor	NA
TTTATGCCAGGTGGAT_EBUS_28	tumor	NA
TTTATGCGTAATTGGA_EBUS_28	tumor	NA
TTTATGCGTCTAGGTT_EBUS_28	tumor	NA
TTTATGCTCACGGTTA_EBUS_28	tumor	NA
TTTATGCTCACTATTC_EBUS_28	normal	NA
TTTATGCTCCTTAATC_EBUS_28	tumor	NA
TTTATGCTCTTGGGTA_EBUS_28	normal	NA
TTTCCTCAGATCCTGT_EBUS_28	normal	NA
TTTCCTCAGTCGTTTG_EBUS_28	normal	NA
TTTCCTCCAAGTAGTA_EBUS_28	tumor	NA
TTTCCTCCAGTCGTGC_EBUS_28	normal	NA
TTTCCTCTCGAATCCA_EBUS_28	tumor	NA
TTTGCGCAGAAGGTTT_EBUS_28	normal	NA
TTTGCGCAGCTCCTTC_EBUS_28	tumor	NA
TTTGCGCAGGATGTAT_EBUS_28	normal	NA
TTTGCGCGTAGCTGCC_EBUS_28	normal	NA
TTTGCGCGTGAGGGTT_EBUS_28	normal	NA
TTTGCGCTCAATCTCT_EBUS_28	normal	NA
TTTGCGCTCCTTAATC_EBUS_28	normal	NA
TTTGGTTAGTACGACG_EBUS_28	normal	NA
TTTGGTTCAGTAAGAT_EBUS_28	tumor	NA
TTTGGTTCATTCCTGC_EBUS_28	tumor	NA
TTTGGTTGTCTTCAAG_EBUS_28	tumor	NA
TTTGGTTGTTGGACCC_EBUS_28	normal	NA
TTTGGTTTCCCAAGAT_EBUS_28	normal	NA
TTTGGTTTCGCTAGCG_EBUS_28	tumor	NA
TTTGGTTTCTCTGCTG_EBUS_28	tumor	NA
TTTGTCACAAAGAATC_EBUS_28	tumor	NA
TTTGTCACACTGTGTA_EBUS_28	normal	NA
TTTGTCACATCGATTG_EBUS_28	tumor	NA
TTTGTCACATTGGGCC_EBUS_28	tumor	NA
TTTGTCAGTCAAAGCG_EBUS_28	normal	NA
TTTGTCAGTGCAACTT_EBUS_28	normal	NA
TTTGTCAGTGCTCTTC_EBUS_28	normal	NA
TTTGTCATCCACGTGG_EBUS_28	normal	NA
TTTGTCATCCCTGACT_EBUS_28	tumor	NA
