	class	confidentNormal
AAACCTGAGCGCTTAT_LUNG_T19	normal	
AAACCTGCAGATAATG_LUNG_T19	tumor	
AAACCTGCATACGCCG_LUNG_T19	tumor	
AAACCTGCATCTCCCA_LUNG_T19	normal	
AAACCTGGTCTAGCCG_LUNG_T19	normal	
AAACCTGGTGCAACGA_LUNG_T19	tumor	
AAACCTGGTGGCGAAT_LUNG_T19	tumor	
AAACCTGTCCCAGGTG_LUNG_T19	normal	
AAACCTGTCGTTTATC_LUNG_T19	tumor	
AAACCTGTCTAGAGTC_LUNG_T19	tumor	
AAACGGGAGCAGACTG_LUNG_T19	tumor	
AAACGGGAGTGAATTG_LUNG_T19	normal	
AAACGGGGTGAAAGAG_LUNG_T19	tumor	
AAACGGGTCACAGTAC_LUNG_T19	tumor	
AAACGGGTCAGTGTTG_LUNG_T19	normal	
AAAGATGAGCACGCCT_LUNG_T19	tumor	
AAAGATGAGCTGCGAA_LUNG_T19	tumor	
AAAGATGAGTCAATAG_LUNG_T19	tumor	
AAAGATGCATTTGCTT_LUNG_T19	tumor	
AAAGATGGTGAAATCA_LUNG_T19	tumor	
AAAGATGTCATGCTCC_LUNG_T19	normal	
AAAGCAAAGGACAGCT_LUNG_T19	tumor	
AAAGCAACAAGGTTTC_LUNG_T19	tumor	
AAAGCAACATGTTGAC_LUNG_T19	normal	
AAAGCAAGTATGCTTG_LUNG_T19	normal	
AAAGCAAGTCGTTGTA_LUNG_T19	tumor	
AAAGCAATCCAGATCA_LUNG_T19	tumor	
AAAGCAATCCCTAACC_LUNG_T19	normal	
AAAGCAATCTTCTGGC_LUNG_T19	tumor	
AAAGTAGAGACTAGGC_LUNG_T19	tumor	
AAAGTAGGTCGTGGCT_LUNG_T19	tumor	
AAAGTAGGTGAACCTT_LUNG_T19	normal	
AAAGTAGGTGGGTCAA_LUNG_T19	normal	
AAAGTAGGTTACCGAT_LUNG_T19	normal	
AAAGTAGGTTTAGGAA_LUNG_T19	tumor	
AAATGCCAGATCGATA_LUNG_T19	normal	
AAATGCCCAGGTCGTC_LUNG_T19	tumor	
AAATGCCCATGGTCTA_LUNG_T19	tumor	
AAATGCCGTTATGCGT_LUNG_T19	normal	
AAATGCCTCGGACAAG_LUNG_T19	tumor	
AACACGTAGAGCCCAA_LUNG_T19	normal	
AACACGTCACACATGT_LUNG_T19	tumor	
AACACGTCAGTGACAG_LUNG_T19	normal	
AACACGTCATCGGTTA_LUNG_T19	tumor	
AACACGTCATTAACCG_LUNG_T19	tumor	
AACACGTGTCGGCATC_LUNG_T19	tumor	
AACACGTTCAATCACG_LUNG_T19	tumor	
AACACGTTCACCAGGC_LUNG_T19	tumor	
AACACGTTCCACGAAT_LUNG_T19	tumor	
AACCATGAGAGCCTAG_LUNG_T19	tumor	
AACCATGAGCCGCCTA_LUNG_T19	tumor	
AACCATGCATGCCCGA_LUNG_T19	tumor	
AACCATGCATTCACTT_LUNG_T19	normal	
AACCATGCATTCCTCG_LUNG_T19	tumor	
AACCATGGTGAAATCA_LUNG_T19	normal	
AACCATGGTTATCCGA_LUNG_T19	tumor	
AACCATGTCAGTCCCT_LUNG_T19	normal	
AACCATGTCTTGTCAT_LUNG_T19	tumor	
AACCGCGAGAGATGAG_LUNG_T19	tumor	
AACCGCGAGCGTTCCG_LUNG_T19	normal	
AACCGCGCAGACGCCT_LUNG_T19	tumor	
AACCGCGGTCCTGCTT_LUNG_T19	normal	
AACCGCGTCCACGCAG_LUNG_T19	tumor	
AACCGCGTCTTCCTTC_LUNG_T19	tumor	
AACGTTGTCCGTTGCT_LUNG_T19	tumor	
AACGTTGTCGCCTGAG_LUNG_T19	normal	
AACTCAGAGAGAGCTC_LUNG_T19	tumor	
AACTCAGAGCTAACAA_LUNG_T19	normal	
AACTCAGCAATAGAGT_LUNG_T19	tumor	
AACTCAGCACGACTCG_LUNG_T19	tumor	
AACTCAGGTGCTGTAT_LUNG_T19	normal	
AACTCAGGTTATCGGT_LUNG_T19	tumor	
AACTCAGGTTCAACCA_LUNG_T19	normal	
AACTCAGTCACGATGT_LUNG_T19	tumor	
AACTCAGTCTCATTCA_LUNG_T19	normal	
AACTCCCAGAGTCTGG_LUNG_T19	normal	
AACTCCCAGTCCCACG_LUNG_T19	normal	
AACTCCCAGTTGCAGG_LUNG_T19	tumor	
AACTCCCCAGTAAGAT_LUNG_T19	normal	
AACTCCCCATAGGATA_LUNG_T19	normal	
AACTCCCGTCATCGGC_LUNG_T19	normal	
AACTCCCTCCGTAGGC_LUNG_T19	normal	
AACTCCCTCGATGAGG_LUNG_T19	normal	
AACTCTTGTTATCACG_LUNG_T19	tumor	
AACTCTTGTTGGTGGA_LUNG_T19	normal	
AACTGGTAGATCCCAT_LUNG_T19	tumor	
AACTGGTCAGAGTGTG_LUNG_T19	normal	
AACTGGTGTACAGTGG_LUNG_T19	tumor	
AACTGGTGTCCGAATT_LUNG_T19	normal	
AACTGGTTCAGCCTAA_LUNG_T19	normal	
AACTGGTTCATCATTC_LUNG_T19	tumor	
AACTTTCAGAGACTAT_LUNG_T19	tumor	
AACTTTCAGCCACGCT_LUNG_T19	tumor	
AACTTTCAGGCACATG_LUNG_T19	normal	
AACTTTCCAAAGTCAA_LUNG_T19	tumor	
AACTTTCCAATCACAC_LUNG_T19	normal	
AACTTTCCATATGAGA_LUNG_T19	normal	
AACTTTCGTCTTCTCG_LUNG_T19	tumor	
AACTTTCGTTTGTTGG_LUNG_T19	normal	
AAGACCTAGGTAAACT_LUNG_T19	tumor	
AAGACCTCACACCGCA_LUNG_T19	normal	
AAGACCTGTACAGACG_LUNG_T19	tumor	
AAGACCTTCCGCATAA_LUNG_T19	tumor	
AAGACCTTCGTAGGTT_LUNG_T19	normal	
AAGACCTTCTTTCCTC_LUNG_T19	normal	
AAGCCGCCAACACCTA_LUNG_T19	tumor	
AAGCCGCCAAGCCCAC_LUNG_T19	tumor	
AAGCCGCCAAGGGTCA_LUNG_T19	normal	
AAGCCGCCACATAACC_LUNG_T19	tumor	
AAGCCGCCATGCCACG_LUNG_T19	tumor	
AAGCCGCGTACCGTAT_LUNG_T19	normal	
AAGCCGCGTAGTACCT_LUNG_T19	tumor	
AAGCCGCGTTCCACTC_LUNG_T19	tumor	
AAGCCGCGTTCGCTAA_LUNG_T19	tumor	
AAGCCGCTCAACGGCC_LUNG_T19	normal	
AAGCCGCTCACTGGGC_LUNG_T19	tumor	
AAGGAGCAGCGTTTAC_LUNG_T19	tumor	
AAGGAGCAGCTAGGCA_LUNG_T19	tumor	
AAGGAGCTCCTTCAAT_LUNG_T19	tumor	
AAGGAGCTCTGCTGTC_LUNG_T19	normal	
AAGGCAGCAAGCCCAC_LUNG_T19	normal	
AAGGCAGCAATGTAAG_LUNG_T19	normal	
AAGGCAGCATAGACTC_LUNG_T19	tumor	
AAGGCAGCATTTCAGG_LUNG_T19	tumor	
AAGGCAGGTAAATACG_LUNG_T19	tumor	
AAGGCAGGTAGAAAGG_LUNG_T19	tumor	
AAGGCAGGTCAATACC_LUNG_T19	tumor	
AAGGCAGGTGATAAGT_LUNG_T19	tumor	
AAGGCAGTCACCTTAT_LUNG_T19	normal	
AAGGCAGTCCTCTAGC_LUNG_T19	tumor	
AAGGCAGTCGTCACGG_LUNG_T19	tumor	
AAGGTTCAGTAGGTGC_LUNG_T19	tumor	
AAGGTTCTCATGTCTT_LUNG_T19	tumor	
AAGGTTCTCCGGCACA_LUNG_T19	tumor	
AAGGTTCTCTGAGTGT_LUNG_T19	normal	
AAGTCTGAGAGTAAGG_LUNG_T19	tumor	
AAGTCTGAGGACAGCT_LUNG_T19	tumor	
AAGTCTGCACGAAAGC_LUNG_T19	tumor	
AAGTCTGGTACACCGC_LUNG_T19	normal	
AAGTCTGGTGCAGGTA_LUNG_T19	tumor	
AAGTCTGTCAGGCGAA_LUNG_T19	normal	
AAGTCTGTCATTGCCC_LUNG_T19	tumor	
AAGTCTGTCCGATATG_LUNG_T19	tumor	
AAGTCTGTCCTTTCTC_LUNG_T19	tumor	
AATCCAGAGCATCATC_LUNG_T19	tumor	
AATCCAGCACCCTATC_LUNG_T19	tumor	
AATCCAGCAGAGTGTG_LUNG_T19	normal	
AATCCAGGTGCACCAC_LUNG_T19	normal	
AATCCAGTCCTGTACC_LUNG_T19	normal	
AATCCAGTCTACTCAT_LUNG_T19	tumor	
AATCCAGTCTTCTGGC_LUNG_T19	normal	
AATCGGTAGTCGTTTG_LUNG_T19	tumor	
AATCGGTCAGGTGCCT_LUNG_T19	normal	
AATCGGTGTAGAGGAA_LUNG_T19	tumor	yes
AATCGGTGTATAATGG_LUNG_T19	tumor	
AATCGGTTCAAACCGT_LUNG_T19	tumor	
AATCGGTTCTCGTATT_LUNG_T19	normal	
ACACCAAAGACTTGAA_LUNG_T19	normal	
ACACCAACAGCATACT_LUNG_T19	normal	
ACACCAACATCATCCC_LUNG_T19	normal	
ACACCAAGTGCTCTTC_LUNG_T19	normal	
ACACCAATCGAATGCT_LUNG_T19	tumor	
ACACCAATCTTAGCCC_LUNG_T19	tumor	
ACACCCTAGCCTCGTG_LUNG_T19	normal	
ACACCCTCAGGTTTCA_LUNG_T19	tumor	
ACACCCTGTCGGATCC_LUNG_T19	tumor	
ACACCCTTCGGATGTT_LUNG_T19	normal	yes
ACACCGGCACACCGCA_LUNG_T19	tumor	
ACACCGGGTCTGGAGA_LUNG_T19	tumor	
ACACCGGGTGCGATAG_LUNG_T19	tumor	
ACACCGGTCCTATTCA_LUNG_T19	normal	
ACACCGGTCGTGGGAA_LUNG_T19	normal	
ACACTGACACATCCGG_LUNG_T19	tumor	
ACACTGAGTAGGGTAC_LUNG_T19	tumor	
ACACTGAGTCACACGC_LUNG_T19	normal	
ACACTGAGTGCAGACA_LUNG_T19	tumor	
ACACTGATCGGATGGA_LUNG_T19	normal	
ACAGCCGAGGATTCGG_LUNG_T19	tumor	
ACAGCCGCAATGACCT_LUNG_T19	normal	
ACAGCCGCACCTTGTC_LUNG_T19	tumor	
ACAGCCGCACGGCGTT_LUNG_T19	normal	
ACAGCCGGTCCAAGTT_LUNG_T19	tumor	
ACAGCCGTCAGTCCCT_LUNG_T19	normal	
ACAGCCGTCCAGAAGG_LUNG_T19	normal	
ACAGCCGTCTTTAGGG_LUNG_T19	normal	
ACAGCTAAGCTGTCTA_LUNG_T19	normal	
ACAGCTACAAGCGTAG_LUNG_T19	normal	
ACAGCTAGTCCTCCAT_LUNG_T19	tumor	
ACAGCTAGTCTCAACA_LUNG_T19	normal	
ACAGCTATCCTTTCTC_LUNG_T19	normal	
ACAGCTATCTGTTGAG_LUNG_T19	normal	
ACATACGAGATGGCGT_LUNG_T19	normal	
ACATACGAGGGCTCTC_LUNG_T19	normal	yes
ACATACGGTTTGACTG_LUNG_T19	normal	
ACATACGTCAACGGGA_LUNG_T19	normal	
ACATACGTCTGACCTC_LUNG_T19	normal	
ACATCAGAGAAGGCCT_LUNG_T19	tumor	
ACATCAGAGGATTCGG_LUNG_T19	tumor	
ACATCAGCACATGGGA_LUNG_T19	tumor	
ACATCAGGTAAGTTCC_LUNG_T19	normal	
ACATCAGGTATATGAG_LUNG_T19	tumor	
ACATCAGGTCTGATTG_LUNG_T19	tumor	
ACATCAGGTGGTAACG_LUNG_T19	tumor	
ACATCAGTCCCACTTG_LUNG_T19	normal	
ACATGGTAGACTTGAA_LUNG_T19	tumor	
ACATGGTAGCTCCTCT_LUNG_T19	tumor	
ACATGGTCAGCCAGAA_LUNG_T19	tumor	
ACATGGTGTGGTCCGT_LUNG_T19	tumor	
ACATGGTGTTGGTGGA_LUNG_T19	normal	
ACATGGTGTTGGTTTG_LUNG_T19	normal	
ACCAGTAAGAAACGAG_LUNG_T19	normal	
ACCAGTAGTACCAGTT_LUNG_T19	tumor	
ACCCACTAGCAGGTCA_LUNG_T19	tumor	
ACCCACTAGGAGTACC_LUNG_T19	tumor	
ACCCACTGTACCAGTT_LUNG_T19	normal	
ACCCACTTCAGTTGAC_LUNG_T19	normal	
ACCCACTTCGCCCTTA_LUNG_T19	normal	
ACCGTAAAGCGGCTTC_LUNG_T19	normal	
ACCGTAAAGCGTGAGT_LUNG_T19	tumor	
ACCGTAAAGCTAGCCC_LUNG_T19	tumor	
ACCGTAAAGGTAGCTG_LUNG_T19	normal	
ACCGTAATCGTCTGAA_LUNG_T19	tumor	
ACCTTTAAGCGTGAGT_LUNG_T19	normal	
ACCTTTAAGTCGTACT_LUNG_T19	normal	
ACCTTTACACCTCGTT_LUNG_T19	tumor	
ACCTTTACACTAAGTC_LUNG_T19	tumor	
ACCTTTACATCGATGT_LUNG_T19	normal	
ACCTTTAGTGACAAAT_LUNG_T19	tumor	
ACCTTTAGTGCCTTGG_LUNG_T19	normal	
ACCTTTAGTTCATGGT_LUNG_T19	tumor	
ACCTTTATCAACTCTT_LUNG_T19	tumor	
ACCTTTATCACTTATC_LUNG_T19	tumor	
ACGAGCCAGCCGGTAA_LUNG_T19	normal	
ACGAGCCAGCGTGAGT_LUNG_T19	normal	
ACGAGCCAGTACACCT_LUNG_T19	tumor	
ACGAGCCTCCACGTTC_LUNG_T19	tumor	
ACGAGCCTCCGCGTTT_LUNG_T19	tumor	
ACGAGGACATAGGATA_LUNG_T19	normal	
ACGAGGACATATACGC_LUNG_T19	tumor	
ACGAGGAGTCCGCTGA_LUNG_T19	tumor	
ACGAGGAGTTGTCTTT_LUNG_T19	tumor	
ACGAGGATCAGTCAGT_LUNG_T19	tumor	
ACGAGGATCCGAAGAG_LUNG_T19	tumor	
ACGAGGATCTGGCGTG_LUNG_T19	normal	
ACGATACAGCACAGGT_LUNG_T19	tumor	
ACGATACAGTCTCCTC_LUNG_T19	tumor	
ACGATACAGTGTGGCA_LUNG_T19	tumor	
ACGATACCAATCACAC_LUNG_T19	tumor	
ACGATACCACTCTGTC_LUNG_T19	normal	
ACGATACGTATCACCA_LUNG_T19	normal	
ACGATACTCTTTCCTC_LUNG_T19	normal	
ACGATGTAGCGGCTTC_LUNG_T19	tumor	
ACGATGTCACGACGAA_LUNG_T19	tumor	
ACGATGTCACGTGAGA_LUNG_T19	tumor	
ACGATGTCATCTCCCA_LUNG_T19	tumor	
ACGATGTTCCATGAAC_LUNG_T19	tumor	
ACGATGTTCCGAATGT_LUNG_T19	tumor	
ACGCAGCAGATCCGAG_LUNG_T19	tumor	
ACGCAGCCAGCTCGAC_LUNG_T19	tumor	
ACGCAGCGTCCAACTA_LUNG_T19	tumor	
ACGCAGCGTGCCTTGG_LUNG_T19	normal	
ACGCAGCTCAGCGATT_LUNG_T19	tumor	
ACGCAGCTCCTTGCCA_LUNG_T19	tumor	
ACGCAGCTCCTTTCGG_LUNG_T19	tumor	
ACGCCAGAGCAATCTC_LUNG_T19	normal	
ACGCCAGAGCTAGCCC_LUNG_T19	tumor	
ACGCCAGCAAGGTTCT_LUNG_T19	tumor	
ACGCCAGTCTCAAACG_LUNG_T19	normal	
ACGCCGAAGCGTGAGT_LUNG_T19	tumor	
ACGCCGAAGGTTACCT_LUNG_T19	tumor	
ACGCCGACACGCGAAA_LUNG_T19	tumor	
ACGCCGAGTCGGATCC_LUNG_T19	normal	
ACGCCGATCACCCGAG_LUNG_T19	tumor	
ACGGAGACATCTCGCT_LUNG_T19	tumor	
ACGGAGACATTGCGGC_LUNG_T19	tumor	
ACGGAGAGTATCTGCA_LUNG_T19	normal	
ACGGAGAGTCGGGTCT_LUNG_T19	normal	
ACGGAGAGTCTCTCTG_LUNG_T19	tumor	
ACGGAGATCTTAACCT_LUNG_T19	tumor	yes
ACGGCCAAGACCGGAT_LUNG_T19	tumor	
ACGGCCAAGCGATGAC_LUNG_T19	tumor	
ACGGCCAAGCGGCTTC_LUNG_T19	normal	
ACGGCCACAGATGGGT_LUNG_T19	normal	
ACGGCCACAGTAGAGC_LUNG_T19	tumor	
ACGGCCACATACGCTA_LUNG_T19	normal	
ACGGCCAGTAAGTGGC_LUNG_T19	tumor	
ACGGCCAGTTACGTCA_LUNG_T19	normal	
ACGGCCAGTTTACTCT_LUNG_T19	normal	
ACGGCCATCTCCGGTT_LUNG_T19	tumor	
ACGGGCTAGGCCATAG_LUNG_T19	normal	
ACGGGCTAGTACGCCC_LUNG_T19	normal	
ACGGGCTCATCCTTGC_LUNG_T19	tumor	
ACGGGCTGTCAAAGAT_LUNG_T19	tumor	
ACGGGCTGTTCCACAA_LUNG_T19	normal	
ACGGGCTGTTGGTGGA_LUNG_T19	tumor	
ACGGGTCAGACTTGAA_LUNG_T19	tumor	
ACGGGTCAGGGATACC_LUNG_T19	tumor	
ACGGGTCAGGGTGTGT_LUNG_T19	normal	
ACGGGTCCAGACAGGT_LUNG_T19	tumor	
ACGGGTCCAGGTGGAT_LUNG_T19	normal	
ACGGGTCCATCCGCGA_LUNG_T19	tumor	
ACGGGTCGTAGTAGTA_LUNG_T19	tumor	
ACGGGTCGTGGGTATG_LUNG_T19	tumor	
ACGGGTCTCCACGTGG_LUNG_T19	tumor	
ACGGGTCTCCACTGGG_LUNG_T19	tumor	
ACGTCAAGTCAGAATA_LUNG_T19	tumor	
ACGTCAAGTGCCTTGG_LUNG_T19	tumor	
ACGTCAATCAACCATG_LUNG_T19	tumor	
ACGTCAATCGCGCCAA_LUNG_T19	normal	
ACTATCTAGAAACCTA_LUNG_T19	tumor	
ACTATCTAGAAGGCCT_LUNG_T19	tumor	
ACTATCTAGGGAAACA_LUNG_T19	normal	
ACTATCTCAAGACACG_LUNG_T19	tumor	
ACTATCTCAATAGAGT_LUNG_T19	normal	
ACTATCTGTCCCTTGT_LUNG_T19	tumor	
ACTATCTGTGGCCCTA_LUNG_T19	normal	
ACTATCTTCCTGTAGA_LUNG_T19	tumor	
ACTATCTTCGGTCTAA_LUNG_T19	normal	
ACTGAACAGTCATGCT_LUNG_T19	normal	
ACTGAACAGTCGAGTG_LUNG_T19	tumor	
ACTGAACAGTGGTAGC_LUNG_T19	normal	
ACTGAACAGTGTACGG_LUNG_T19	tumor	
ACTGAACCACCAGGTC_LUNG_T19	tumor	
ACTGAACCATCACAAC_LUNG_T19	tumor	
ACTGAACCATGAAGTA_LUNG_T19	normal	
ACTGAACGTGGGTCAA_LUNG_T19	tumor	
ACTGAACGTGTGCGTC_LUNG_T19	tumor	
ACTGAACTCCACGTTC_LUNG_T19	normal	
ACTGAACTCGGCTTGG_LUNG_T19	normal	
ACTGAGTCAATCGGTT_LUNG_T19	normal	
ACTGAGTCACGCTTTC_LUNG_T19	tumor	
ACTGAGTCATCTGGTA_LUNG_T19	normal	
ACTGAGTGTAGTGAAT_LUNG_T19	tumor	
ACTGAGTGTCCGTCAG_LUNG_T19	normal	
ACTGAGTGTTTACTCT_LUNG_T19	tumor	
ACTGATGAGACTGGGT_LUNG_T19	tumor	
ACTGATGAGTCAAGGC_LUNG_T19	normal	
ACTGATGCACACTGCG_LUNG_T19	tumor	
ACTGATGCATTGTGCA_LUNG_T19	tumor	
ACTGATGGTCCATCCT_LUNG_T19	normal	
ACTGATGGTTGATTCG_LUNG_T19	tumor	
ACTGATGTCCTCAATT_LUNG_T19	tumor	
ACTGATGTCGATGAGG_LUNG_T19	tumor	yes
ACTGATGTCGCTAGCG_LUNG_T19	normal	
ACTGCTCAGTCGAGTG_LUNG_T19	normal	
ACTGCTCGTGCGCTTG_LUNG_T19	tumor	
ACTGTCCAGAAGATTC_LUNG_T19	normal	
ACTGTCCCACCCTATC_LUNG_T19	tumor	
ACTGTCCCACGACGAA_LUNG_T19	tumor	
ACTGTCCCACTCGACG_LUNG_T19	normal	
ACTGTCCCAGTGGGAT_LUNG_T19	normal	
ACTTACTAGATATGGT_LUNG_T19	normal	
ACTTACTAGTTTCCTT_LUNG_T19	tumor	
ACTTACTCAGTAAGCG_LUNG_T19	normal	
ACTTACTCAGTCACTA_LUNG_T19	tumor	
ACTTACTCATCGACGC_LUNG_T19	tumor	
ACTTACTGTCGCGAAA_LUNG_T19	tumor	
ACTTACTGTCTCCATC_LUNG_T19	normal	
ACTTACTTCCACGACG_LUNG_T19	tumor	
ACTTGTTAGCCCTAAT_LUNG_T19	normal	
ACTTGTTAGCGTGAGT_LUNG_T19	tumor	
ACTTGTTAGTCGCCGT_LUNG_T19	normal	
ACTTGTTCACCGGAAA_LUNG_T19	tumor	
ACTTGTTCACGAAGCA_LUNG_T19	normal	
ACTTGTTGTACCAGTT_LUNG_T19	tumor	
ACTTGTTGTACTTGAC_LUNG_T19	normal	
ACTTGTTGTAGCTGCC_LUNG_T19	normal	
ACTTGTTGTCAATGTC_LUNG_T19	normal	
ACTTGTTTCGCGTAGC_LUNG_T19	tumor	
ACTTTCAAGACGCACA_LUNG_T19	normal	
ACTTTCAAGCTAACTC_LUNG_T19	tumor	
ACTTTCAAGGACGAAA_LUNG_T19	normal	
ACTTTCAAGGTGCAAC_LUNG_T19	normal	
ACTTTCACAATGGACG_LUNG_T19	normal	
ACTTTCACATCGGAAG_LUNG_T19	normal	
ACTTTCAGTTTCGCTC_LUNG_T19	tumor	
ACTTTCATCGGTCTAA_LUNG_T19	normal	
AGAATAGAGGGTATCG_LUNG_T19	normal	
AGAATAGCATTACCTT_LUNG_T19	tumor	
AGAATAGGTCGTGGCT_LUNG_T19	normal	
AGAATAGGTTCCACAA_LUNG_T19	tumor	
AGACGTTCACAACTGT_LUNG_T19	normal	yes
AGACGTTCACGTAAGG_LUNG_T19	normal	
AGACGTTGTACAGTTC_LUNG_T19	tumor	
AGACGTTGTCCCGACA_LUNG_T19	tumor	
AGACGTTTCGGATGGA_LUNG_T19	normal	
AGACGTTTCTCTGAGA_LUNG_T19	tumor	
AGAGCGAAGACTGGGT_LUNG_T19	normal	
AGAGCGACACACAGAG_LUNG_T19	tumor	
AGAGCGACACTGTGTA_LUNG_T19	normal	
AGAGCGATCAATAAGG_LUNG_T19	normal	
AGAGCTTAGTGTCCCG_LUNG_T19	tumor	
AGAGCTTCAAGCTGAG_LUNG_T19	tumor	
AGAGCTTCAATCTGCA_LUNG_T19	normal	
AGAGCTTCACCATCCT_LUNG_T19	normal	
AGAGCTTGTATAATGG_LUNG_T19	tumor	
AGAGCTTTCAAACCGT_LUNG_T19	normal	
AGAGCTTTCAAGCCTA_LUNG_T19	tumor	
AGAGCTTTCCAATGGT_LUNG_T19	tumor	
AGAGCTTTCGTTTATC_LUNG_T19	normal	
AGAGTGGAGACGACGT_LUNG_T19	tumor	
AGAGTGGAGCGGATCA_LUNG_T19	tumor	
AGAGTGGCAACACCCG_LUNG_T19	tumor	
AGAGTGGCACGAGAGT_LUNG_T19	tumor	
AGAGTGGTCACTTATC_LUNG_T19	normal	
AGATCTGAGTTACCCA_LUNG_T19	tumor	
AGATCTGAGTTTGCGT_LUNG_T19	tumor	
AGATCTGGTCCAGTGC_LUNG_T19	normal	
AGATCTGTCCATGCTC_LUNG_T19	normal	
AGATCTGTCCGTACAA_LUNG_T19	tumor	
AGATCTGTCCTCCTAG_LUNG_T19	normal	
AGATTGCAGTGTCCAT_LUNG_T19	tumor	
AGATTGCCAATGAAAC_LUNG_T19	tumor	
AGATTGCCATCACAAC_LUNG_T19	tumor	
AGATTGCCATTCCTCG_LUNG_T19	tumor	
AGATTGCGTGTGCGTC_LUNG_T19	tumor	
AGATTGCGTTCCCGAG_LUNG_T19	tumor	
AGATTGCTCGTTTGCC_LUNG_T19	tumor	
AGCAGCCAGAGCCTAG_LUNG_T19	normal	
AGCAGCCAGGTGTTAA_LUNG_T19	normal	
AGCAGCCAGTCCAGGA_LUNG_T19	tumor	
AGCAGCCCAATGACCT_LUNG_T19	normal	
AGCAGCCTCAACACAC_LUNG_T19	normal	
AGCAGCCTCCTTAATC_LUNG_T19	tumor	
AGCATACAGCACACAG_LUNG_T19	normal	
AGCATACCAAGACACG_LUNG_T19	normal	
AGCATACCACGGCCAT_LUNG_T19	tumor	
AGCATACGTATGGTTC_LUNG_T19	tumor	
AGCATACGTTACGCGC_LUNG_T19	tumor	
AGCATACTCAGAGCTT_LUNG_T19	tumor	
AGCATACTCGCCAGCA_LUNG_T19	tumor	
AGCCTAAGTAAACCTC_LUNG_T19	tumor	
AGCCTAAGTGGCAAAC_LUNG_T19	tumor	
AGCCTAATCACATAGC_LUNG_T19	tumor	
AGCCTAATCGCACTCT_LUNG_T19	tumor	
AGCGGTCAGATGAGAG_LUNG_T19	tumor	
AGCGGTCAGTGGTAAT_LUNG_T19	normal	yes
AGCGGTCCACTACAGT_LUNG_T19	normal	
AGCGGTCCAGGAACGT_LUNG_T19	tumor	
AGCGGTCCATCCGTGG_LUNG_T19	tumor	
AGCGGTCGTACTTAGC_LUNG_T19	tumor	
AGCGGTCGTCGGGTCT_LUNG_T19	normal	
AGCGGTCGTTCCGTCT_LUNG_T19	normal	
AGCGGTCTCCTCAATT_LUNG_T19	tumor	
AGCGTATAGCTGCAAG_LUNG_T19	normal	
AGCGTATAGTACATGA_LUNG_T19	normal	
AGCGTATCAGAGTGTG_LUNG_T19	normal	
AGCGTATGTCTCATCC_LUNG_T19	normal	
AGCGTATTCATACGGT_LUNG_T19	normal	
AGCGTCGCACGGCTAC_LUNG_T19	tumor	
AGCGTCGGTCAACTGT_LUNG_T19	tumor	
AGCGTCGTCCGTTGTC_LUNG_T19	normal	
AGCTCCTAGCGATTCT_LUNG_T19	normal	
AGCTCCTCAAGGTTTC_LUNG_T19	tumor	
AGCTCCTTCACGCGGT_LUNG_T19	tumor	
AGCTCCTTCCTTTCTC_LUNG_T19	tumor	
AGCTCCTTCTCTTATG_LUNG_T19	normal	
AGCTCCTTCTGATTCT_LUNG_T19	tumor	
AGCTCTCAGGGCTCTC_LUNG_T19	normal	
AGCTCTCAGTAACCCT_LUNG_T19	tumor	
AGCTCTCCACCCATGG_LUNG_T19	normal	
AGCTCTCCAGTAAGCG_LUNG_T19	tumor	
AGCTCTCTCCTCGCAT_LUNG_T19	tumor	
AGCTCTCTCCTGCTTG_LUNG_T19	tumor	
AGCTTGAAGGACCACA_LUNG_T19	normal	
AGCTTGACAATGGACG_LUNG_T19	tumor	
AGCTTGACATTCGACA_LUNG_T19	tumor	
AGCTTGAGTCGCTTCT_LUNG_T19	normal	
AGCTTGAGTCTAAAGA_LUNG_T19	normal	
AGCTTGAGTTATGCGT_LUNG_T19	normal	
AGCTTGATCATGGTCA_LUNG_T19	tumor	
AGGCCACAGACAGGCT_LUNG_T19	normal	
AGGCCACAGAGAGCTC_LUNG_T19	tumor	
AGGCCACAGTACGTTC_LUNG_T19	normal	
AGGCCACAGTGAACAT_LUNG_T19	normal	
AGGCCACCATCGGAAG_LUNG_T19	tumor	yes
AGGCCACGTCTAACGT_LUNG_T19	tumor	
AGGCCACTCCACGTTC_LUNG_T19	tumor	
AGGCCACTCGGTTCGG_LUNG_T19	normal	
AGGCCACTCTGGTTCC_LUNG_T19	normal	
AGGCCACTCTGTCTAT_LUNG_T19	tumor	
AGGCCGTAGAATTCCC_LUNG_T19	normal	
AGGCCGTAGGCTCATT_LUNG_T19	tumor	
AGGCCGTCACTCTGTC_LUNG_T19	normal	
AGGCCGTCAGACAAGC_LUNG_T19	normal	
AGGCCGTGTACTTCTT_LUNG_T19	tumor	
AGGCCGTGTAGAAAGG_LUNG_T19	normal	
AGGCCGTGTCGTTGTA_LUNG_T19	normal	
AGGCCGTGTTGTCGCG_LUNG_T19	normal	
AGGCCGTTCATCGATG_LUNG_T19	tumor	
AGGCCGTTCATCTGCC_LUNG_T19	tumor	
AGGGAGTAGAGCAATT_LUNG_T19	tumor	
AGGGAGTAGATATGCA_LUNG_T19	normal	
AGGGAGTCAATAAGCA_LUNG_T19	tumor	
AGGGAGTCACGACGAA_LUNG_T19	tumor	
AGGGAGTCAGCATGAG_LUNG_T19	tumor	
AGGGAGTCAGCGTCCA_LUNG_T19	normal	
AGGGAGTGTGAGTGAC_LUNG_T19	normal	
AGGGAGTTCAACGGCC_LUNG_T19	tumor	
AGGGATGAGTGACATA_LUNG_T19	tumor	
AGGGATGCACACTGCG_LUNG_T19	normal	
AGGGATGCAGGTCGTC_LUNG_T19	tumor	
AGGGATGGTGCTAGCC_LUNG_T19	tumor	
AGGGTGAAGAGACTAT_LUNG_T19	tumor	
AGGGTGAAGCCAACAG_LUNG_T19	tumor	
AGGGTGAAGGCCGAAT_LUNG_T19	normal	
AGGGTGAAGTACTTGC_LUNG_T19	tumor	
AGGGTGACAACGCACC_LUNG_T19	tumor	
AGGGTGAGTCTAGTGT_LUNG_T19	tumor	
AGGGTGATCCTTTACA_LUNG_T19	tumor	
AGGTCATAGGAATGGA_LUNG_T19	tumor	
AGGTCATCAGAAGCAC_LUNG_T19	normal	
AGGTCATCAGGACCCT_LUNG_T19	tumor	
AGGTCATCATGCTAGT_LUNG_T19	normal	
AGGTCATGTAATCACC_LUNG_T19	normal	
AGGTCATGTGCAGACA_LUNG_T19	normal	
AGGTCATTCGCCAGCA_LUNG_T19	normal	
AGGTCCGAGACTTTCG_LUNG_T19	tumor	
AGGTCCGAGCCACTAT_LUNG_T19	tumor	
AGGTCCGCAGTATCTG_LUNG_T19	tumor	
AGGTCCGGTCGCGAAA_LUNG_T19	normal	
AGGTCCGTCCGCATAA_LUNG_T19	tumor	
AGTAGTCCAGTGGAGT_LUNG_T19	tumor	
AGTAGTCGTTCGTCTC_LUNG_T19	tumor	
AGTAGTCGTTGCGTTA_LUNG_T19	tumor	
AGTAGTCTCTAACTTC_LUNG_T19	tumor	
AGTCTTTAGTACCGGA_LUNG_T19	tumor	
AGTCTTTCACATTAGC_LUNG_T19	tumor	
AGTCTTTGTAGAGTGC_LUNG_T19	normal	
AGTCTTTGTCTCTTAT_LUNG_T19	tumor	
AGTCTTTGTTGATTGC_LUNG_T19	normal	
AGTCTTTTCATTGCCC_LUNG_T19	normal	
AGTCTTTTCCTGCTTG_LUNG_T19	tumor	
AGTGAGGAGACACTAA_LUNG_T19	tumor	
AGTGAGGAGTCTCGGC_LUNG_T19	normal	
AGTGAGGCAACAACCT_LUNG_T19	tumor	
AGTGAGGGTCCCTACT_LUNG_T19	tumor	
AGTGAGGTCACAAACC_LUNG_T19	normal	
AGTGAGGTCCCACTTG_LUNG_T19	tumor	
AGTGGGAAGAGTGAGA_LUNG_T19	normal	
AGTGGGAAGTTTAGGA_LUNG_T19	tumor	
AGTGGGACAATGAAAC_LUNG_T19	tumor	
AGTGGGAGTCACCCAG_LUNG_T19	tumor	
AGTGGGAGTCCTAGCG_LUNG_T19	tumor	
AGTGGGAGTGATGTCT_LUNG_T19	normal	
AGTGGGATCAGTTGAC_LUNG_T19	tumor	
AGTGGGATCGGAATCT_LUNG_T19	normal	yes
AGTGTCAAGACTCGGA_LUNG_T19	normal	
AGTGTCACACATTTCT_LUNG_T19	normal	
AGTGTCACACTTACGA_LUNG_T19	normal	
AGTGTCACATGTCTCC_LUNG_T19	tumor	
AGTGTCAGTAAGAGAG_LUNG_T19	normal	
AGTGTCAGTCCTAGCG_LUNG_T19	normal	
AGTGTCATCAATACCG_LUNG_T19	tumor	
AGTGTCATCACAGTAC_LUNG_T19	tumor	
AGTGTCATCCAGATCA_LUNG_T19	normal	
AGTGTCATCGAGAACG_LUNG_T19	normal	
AGTTGGTAGAATTCCC_LUNG_T19	tumor	
AGTTGGTAGCCACGCT_LUNG_T19	tumor	
AGTTGGTAGGCAAAGA_LUNG_T19	normal	
AGTTGGTAGTTGAGAT_LUNG_T19	tumor	
AGTTGGTCACAACGCC_LUNG_T19	tumor	
AGTTGGTCAGGCTGAA_LUNG_T19	tumor	
AGTTGGTCATTTGCCC_LUNG_T19	tumor	
AGTTGGTTCAACTCTT_LUNG_T19	normal	
AGTTGGTTCAGCTCTC_LUNG_T19	normal	
ATAACGCAGCGCTTAT_LUNG_T19	tumor	
ATAACGCCAAGCCGCT_LUNG_T19	tumor	
ATAACGCCATAGAAAC_LUNG_T19	tumor	
ATAACGCTCACGAAGG_LUNG_T19	normal	
ATAACGCTCAGTTTGG_LUNG_T19	normal	
ATAAGAGAGAGACTTA_LUNG_T19	tumor	
ATAAGAGAGATAGCAT_LUNG_T19	tumor	
ATAAGAGAGATCCGAG_LUNG_T19	tumor	
ATAAGAGCAGTCAGAG_LUNG_T19	normal	
ATAAGAGCAGTCTTCC_LUNG_T19	normal	
ATAAGAGGTTATTCTC_LUNG_T19	normal	
ATAGACCAGATAGCAT_LUNG_T19	tumor	
ATAGACCAGGTGTTAA_LUNG_T19	tumor	
ATAGACCCAAGGGTCA_LUNG_T19	tumor	
ATAGACCCAGAAGCAC_LUNG_T19	tumor	
ATAGACCCAGGTCCAC_LUNG_T19	tumor	
ATAGACCCATCACAAC_LUNG_T19	tumor	
ATAGACCCATGCCTAA_LUNG_T19	tumor	
ATAGACCGTAAGTGTA_LUNG_T19	tumor	
ATAGACCGTTTGTTGG_LUNG_T19	normal	
ATAGACCTCGGAGCAA_LUNG_T19	normal	
ATAGACCTCGGCTACG_LUNG_T19	normal	
ATCACGAAGCGAAGGG_LUNG_T19	tumor	
ATCACGAAGCGTTGCC_LUNG_T19	tumor	
ATCACGAAGTACATGA_LUNG_T19	normal	
ATCACGACACTTCGAA_LUNG_T19	normal	
ATCACGAGTACGCACC_LUNG_T19	normal	
ATCACGAGTAGCCTCG_LUNG_T19	tumor	
ATCACGATCACTCCTG_LUNG_T19	tumor	
ATCACGATCAGCAACT_LUNG_T19	tumor	
ATCATCTAGAGGTAGA_LUNG_T19	tumor	
ATCATCTAGGAATGGA_LUNG_T19	normal	
ATCATCTGTGGACGAT_LUNG_T19	tumor	
ATCATGGAGAGCCTAG_LUNG_T19	tumor	
ATCATGGAGCTAACAA_LUNG_T19	tumor	
ATCATGGAGGCATTGG_LUNG_T19	normal	
ATCATGGAGTCCCACG_LUNG_T19	tumor	
ATCATGGAGTGCCAGA_LUNG_T19	normal	
ATCATGGAGTGGCACA_LUNG_T19	normal	
ATCATGGCAAGTTAAG_LUNG_T19	normal	
ATCATGGCAGATTGCT_LUNG_T19	tumor	
ATCATGGCATTGAGCT_LUNG_T19	normal	
ATCATGGGTAATAGCA_LUNG_T19	normal	
ATCATGGGTTAGAACA_LUNG_T19	tumor	
ATCATGGTCAAACCGT_LUNG_T19	normal	
ATCATGGTCTAAGCCA_LUNG_T19	normal	
ATCCACCAGAGACGAA_LUNG_T19	tumor	
ATCCACCAGCACAGGT_LUNG_T19	normal	
ATCCACCAGCCCAGCT_LUNG_T19	tumor	
ATCCACCAGGTTCCTA_LUNG_T19	normal	
ATCCACCCAGACTCGC_LUNG_T19	tumor	
ATCCACCGTCCGAAGA_LUNG_T19	tumor	
ATCCACCGTCTGCGGT_LUNG_T19	tumor	
ATCCACCTCTTGAGGT_LUNG_T19	tumor	
ATCCGAAAGGCATGGT_LUNG_T19	tumor	
ATCCGAACAAAGTGCG_LUNG_T19	normal	
ATCCGAACAACACCTA_LUNG_T19	normal	
ATCCGAACAGCCACCA_LUNG_T19	tumor	
ATCCGAACATGCTGGC_LUNG_T19	normal	
ATCCGAACATTACCTT_LUNG_T19	tumor	
ATCCGAAGTAGCTCCG_LUNG_T19	tumor	
ATCCGAAGTAGGGACT_LUNG_T19	tumor	
ATCCGAATCATTGCCC_LUNG_T19	normal	
ATCGAGTAGGCACATG_LUNG_T19	tumor	
ATCGAGTCACCAACCG_LUNG_T19	normal	
ATCGAGTCAGGCGATA_LUNG_T19	tumor	
ATCGAGTGTATATCCG_LUNG_T19	tumor	
ATCGAGTTCAGGATCT_LUNG_T19	tumor	
ATCGAGTTCCCATTAT_LUNG_T19	normal	
ATCGAGTTCGAGCCCA_LUNG_T19	normal	
ATCTACTGTCCAGTAT_LUNG_T19	normal	
ATCTACTGTTCAGACT_LUNG_T19	tumor	
ATCTACTTCCATGAGT_LUNG_T19	tumor	
ATCTACTTCTCATTCA_LUNG_T19	tumor	
ATCTGCCAGAAACGCC_LUNG_T19	normal	
ATCTGCCAGCCAGGAT_LUNG_T19	tumor	
ATCTGCCCAAAGAATC_LUNG_T19	normal	
ATCTGCCCACTGTTAG_LUNG_T19	tumor	
ATCTGCCGTCCGAATT_LUNG_T19	tumor	
ATCTGCCTCGCATGGC_LUNG_T19	tumor	
ATCTGCCTCTCCAACC_LUNG_T19	tumor	
ATGAGGGAGTGAACGC_LUNG_T19	tumor	
ATGAGGGAGTTTAGGA_LUNG_T19	normal	
ATGAGGGGTATTAGCC_LUNG_T19	tumor	
ATGAGGGGTGTGGCTC_LUNG_T19	normal	
ATGAGGGTCATGTCCC_LUNG_T19	tumor	
ATGAGGGTCGTTACAG_LUNG_T19	tumor	
ATGCGATAGAGACTAT_LUNG_T19	normal	
ATGCGATAGATGGGTC_LUNG_T19	tumor	
ATGCGATAGGCCCTCA_LUNG_T19	tumor	
ATGCGATAGGCTCTTA_LUNG_T19	tumor	
ATGCGATCAGTCGATT_LUNG_T19	normal	
ATGGGAGCATATACGC_LUNG_T19	tumor	
ATGGGAGCATGGATGG_LUNG_T19	tumor	
ATGGGAGCATTCACTT_LUNG_T19	tumor	
ATGGGAGGTCACTGGC_LUNG_T19	normal	
ATGGGAGGTCAGGACA_LUNG_T19	tumor	
ATGGGAGGTCCGAGTC_LUNG_T19	normal	
ATGGGAGTCACAGTAC_LUNG_T19	tumor	
ATGGGAGTCTATCGCC_LUNG_T19	tumor	
ATGTGTGAGACCTTTG_LUNG_T19	normal	
ATGTGTGAGCTGAACG_LUNG_T19	tumor	
ATGTGTGAGTTATCGC_LUNG_T19	normal	
ATGTGTGGTAGGAGTC_LUNG_T19	normal	
ATGTGTGGTATATGGA_LUNG_T19	tumor	
ATGTGTGGTCAGAAGC_LUNG_T19	tumor	
ATGTGTGTCCCAAGTA_LUNG_T19	tumor	
ATTACTCAGGATGTAT_LUNG_T19	tumor	
ATTACTCAGGTGATTA_LUNG_T19	tumor	
ATTACTCAGTCATCCA_LUNG_T19	tumor	
ATTACTCAGTCGATAA_LUNG_T19	tumor	
ATTACTCAGTGGACGT_LUNG_T19	normal	
ATTACTCCACGGTAGA_LUNG_T19	tumor	
ATTACTCCATAGTAAG_LUNG_T19	tumor	
ATTACTCCATCAGTAC_LUNG_T19	tumor	
ATTACTCTCACAGGCC_LUNG_T19	tumor	
ATTACTCTCACTTACT_LUNG_T19	normal	
ATTACTCTCCGAACGC_LUNG_T19	tumor	
ATTATCCAGAGGTTAT_LUNG_T19	normal	
ATTATCCAGCGTCAAG_LUNG_T19	tumor	
ATTATCCAGTTGAGAT_LUNG_T19	normal	
ATTATCCCAAGTACCT_LUNG_T19	tumor	
ATTATCCCACTTACGA_LUNG_T19	tumor	
ATTATCCGTCCATGAT_LUNG_T19	normal	
ATTATCCGTCCGTCAG_LUNG_T19	tumor	
ATTATCCGTTATCGGT_LUNG_T19	tumor	
ATTATCCGTTGGGACA_LUNG_T19	tumor	
ATTATCCGTTTGGGCC_LUNG_T19	normal	
ATTATCCTCTGTTTGT_LUNG_T19	tumor	
ATTCTACAGCCCAATT_LUNG_T19	normal	
ATTCTACCAATGCCAT_LUNG_T19	tumor	
ATTCTACGTACAGTGG_LUNG_T19	tumor	
ATTGGACAGGGTGTGT_LUNG_T19	normal	
ATTGGACCACGGCGTT_LUNG_T19	tumor	
ATTGGACCATGCAATC_LUNG_T19	normal	
ATTGGACGTCCAACTA_LUNG_T19	tumor	
ATTGGACGTTTGGCGC_LUNG_T19	tumor	
ATTGGACTCCAGATCA_LUNG_T19	tumor	
ATTGGTGCAACACGCC_LUNG_T19	normal	
ATTGGTGCACGAAAGC_LUNG_T19	normal	
ATTGGTGGTATGGTTC_LUNG_T19	tumor	
ATTGGTGGTCCGTTAA_LUNG_T19	tumor	
ATTGGTGGTTACCGAT_LUNG_T19	tumor	
ATTGGTGTCGCGCCAA_LUNG_T19	normal	
ATTGGTGTCTGCCCTA_LUNG_T19	tumor	
ATTGGTGTCTTGCATT_LUNG_T19	normal	
ATTTCTGAGCTCCTCT_LUNG_T19	tumor	
ATTTCTGAGGAGTACC_LUNG_T19	normal	
ATTTCTGCACGTAAGG_LUNG_T19	normal	
ATTTCTGCATCTACGA_LUNG_T19	tumor	
ATTTCTGCATTTGCTT_LUNG_T19	normal	
CAACCAAAGAGCCTAG_LUNG_T19	normal	
CAACCAAAGCATGGCA_LUNG_T19	normal	
CAACCAAAGGTACTCT_LUNG_T19	tumor	
CAACCAACACATCCAA_LUNG_T19	tumor	
CAACCTCAGAGTAATC_LUNG_T19	tumor	
CAACCTCAGTGTCTCA_LUNG_T19	tumor	
CAACCTCCACCTCGTT_LUNG_T19	tumor	
CAACCTCCAGAGCCAA_LUNG_T19	tumor	
CAACCTCCATGCCTTC_LUNG_T19	tumor	
CAACCTCGTTCGGCAC_LUNG_T19	tumor	
CAACCTCTCGCCAGCA_LUNG_T19	tumor	
CAACCTCTCTCAAGTG_LUNG_T19	tumor	
CAACTAGAGCCCTAAT_LUNG_T19	normal	
CAACTAGAGCTGAACG_LUNG_T19	normal	
CAACTAGAGGAGTTGC_LUNG_T19	tumor	
CAACTAGAGTGGAGTC_LUNG_T19	normal	
CAACTAGCACAGGTTT_LUNG_T19	normal	
CAACTAGCACTTAACG_LUNG_T19	normal	
CAACTAGCATTGGGCC_LUNG_T19	tumor	
CAACTAGGTAGCAAAT_LUNG_T19	tumor	
CAACTAGGTTAAGATG_LUNG_T19	normal	
CAACTAGTCATCATTC_LUNG_T19	tumor	
CAAGAAAAGATCCGAG_LUNG_T19	normal	
CAAGAAAAGCTTTGGT_LUNG_T19	normal	
CAAGAAAAGTGGAGAA_LUNG_T19	normal	
CAAGAAACAAGCCCAC_LUNG_T19	tumor	
CAAGAAAGTCAGATAA_LUNG_T19	tumor	
CAAGAAAGTTAGATGA_LUNG_T19	tumor	
CAAGAAAGTTAGGGTG_LUNG_T19	tumor	
CAAGAAATCATCGATG_LUNG_T19	tumor	
CAAGAAATCCAAGCCG_LUNG_T19	normal	
CAAGAAATCCAATGGT_LUNG_T19	normal	
CAAGAAATCGATCCCT_LUNG_T19	normal	
CAAGATCAGTTGTAGA_LUNG_T19	tumor	
CAAGATCCACTCAGGC_LUNG_T19	tumor	
CAAGATCGTGGTCCGT_LUNG_T19	normal	
CAAGATCTCTCAACTT_LUNG_T19	tumor	
CAAGGCCAGACACTAA_LUNG_T19	normal	
CAAGGCCCAAGCTGGA_LUNG_T19	normal	
CAAGGCCCAAGGTTCT_LUNG_T19	normal	
CAAGGCCCACCAGCAC_LUNG_T19	tumor	
CAAGGCCCAGATGAGC_LUNG_T19	tumor	
CAAGGCCCATCGACGC_LUNG_T19	normal	
CAAGGCCGTTGGTAAA_LUNG_T19	normal	
CAAGGCCTCATATCGG_LUNG_T19	tumor	
CAAGGCCTCGTAGATC_LUNG_T19	normal	
CAAGGCCTCTGCGACG_LUNG_T19	tumor	
CAAGGCCTCTTGGGTA_LUNG_T19	tumor	
CAAGTTGAGATCCCGC_LUNG_T19	tumor	
CAAGTTGAGGCCGAAT_LUNG_T19	tumor	
CAAGTTGCAATCGGTT_LUNG_T19	tumor	
CAAGTTGCACCAGGCT_LUNG_T19	normal	
CAAGTTGCAGTCGTGC_LUNG_T19	tumor	
CAAGTTGCATATACGC_LUNG_T19	normal	
CAAGTTGCATCAGTCA_LUNG_T19	normal	
CAAGTTGGTCTGATTG_LUNG_T19	normal	
CACAAACAGACAATAC_LUNG_T19	tumor	
CACAAACAGCGCCTCA_LUNG_T19	normal	
CACAAACAGCGTAGTG_LUNG_T19	normal	
CACAAACCAAGTCTGT_LUNG_T19	tumor	
CACAAACCACTCAGGC_LUNG_T19	normal	
CACAAACGTCTCGTTC_LUNG_T19	tumor	
CACAAACGTTGATTGC_LUNG_T19	normal	
CACACAAAGCCCAATT_LUNG_T19	tumor	
CACACAAAGTGCTGCC_LUNG_T19	normal	
CACACAACAAGTTGTC_LUNG_T19	tumor	
CACACAACAATCTACG_LUNG_T19	tumor	
CACACAACACCAGATT_LUNG_T19	normal	
CACACAACATGCCCGA_LUNG_T19	normal	
CACACAAGTAAGGATT_LUNG_T19	normal	
CACACAAGTGATAAGT_LUNG_T19	tumor	
CACACAAGTTAGGGTG_LUNG_T19	normal	
CACACAATCACCGTAA_LUNG_T19	tumor	
CACACCTCACGACTCG_LUNG_T19	tumor	
CACACCTCACTTCTGC_LUNG_T19	tumor	
CACACCTGTGATGATA_LUNG_T19	normal	
CACACCTGTTACGTCA_LUNG_T19	normal	
CACACTCGTAATTGGA_LUNG_T19	tumor	
CACACTCGTAGCGCAA_LUNG_T19	tumor	
CACACTCGTGCCTGTG_LUNG_T19	tumor	
CACACTCTCTTCTGGC_LUNG_T19	normal	
CACAGGCCAAAGCAAT_LUNG_T19	normal	
CACAGGCCAAAGGCGT_LUNG_T19	tumor	
CACAGGCGTAAGGGCT_LUNG_T19	normal	
CACAGGCGTTCCACTC_LUNG_T19	tumor	
CACAGGCTCCCATTTA_LUNG_T19	tumor	
CACAGGCTCTACTATC_LUNG_T19	tumor	
CACAGTACACGGATAG_LUNG_T19	tumor	
CACAGTACATCGATGT_LUNG_T19	tumor	
CACAGTAGTTGGAGGT_LUNG_T19	tumor	
CACAGTATCCCTAATT_LUNG_T19	tumor	
CACAGTATCTACTTAC_LUNG_T19	tumor	
CACATAGAGGACAGAA_LUNG_T19	normal	
CACATAGCAATAGCGG_LUNG_T19	tumor	
CACATAGCACCGTTGG_LUNG_T19	normal	
CACATAGGTTCTGAAC_LUNG_T19	tumor	
CACATAGTCCAACCAA_LUNG_T19	normal	
CACATTTGTCACACGC_LUNG_T19	tumor	
CACATTTGTGTAATGA_LUNG_T19	tumor	
CACATTTTCAGTTCGA_LUNG_T19	tumor	
CACCACTAGAAACGAG_LUNG_T19	tumor	
CACCACTAGAACTGTA_LUNG_T19	normal	
CACCACTAGCGTGTCC_LUNG_T19	normal	
CACCACTAGGATTCGG_LUNG_T19	tumor	
CACCACTCACTATCTT_LUNG_T19	normal	
CACCACTCATGGTAGG_LUNG_T19	tumor	
CACCACTGTACAGTGG_LUNG_T19	tumor	
CACCACTGTATCTGCA_LUNG_T19	tumor	
CACCACTGTCAAACTC_LUNG_T19	normal	
CACCACTTCGTCACGG_LUNG_T19	tumor	
CACCACTTCTGCTTGC_LUNG_T19	tumor	
CACCAGGAGACCCACC_LUNG_T19	tumor	
CACCAGGAGCCAACAG_LUNG_T19	normal	
CACCAGGCAATCCGAT_LUNG_T19	tumor	
CACCAGGCATGCAACT_LUNG_T19	normal	
CACCAGGGTCCGAATT_LUNG_T19	tumor	
CACCAGGGTTACGACT_LUNG_T19	normal	
CACCAGGGTTCGTCTC_LUNG_T19	tumor	
CACCTTGAGACGCAAC_LUNG_T19	tumor	
CACCTTGAGGCAGGTT_LUNG_T19	tumor	
CACCTTGGTCTCTTAT_LUNG_T19	tumor	
CACCTTGGTGATGATA_LUNG_T19	normal	
CACCTTGTCGGAGGTA_LUNG_T19	tumor	
CACCTTGTCTGCGGCA_LUNG_T19	tumor	
CACTCCAAGTTCCACA_LUNG_T19	tumor	
CACTCCACAGGCGATA_LUNG_T19	normal	
CACTCCAGTAGTACCT_LUNG_T19	tumor	
CACTCCAGTTACGCGC_LUNG_T19	tumor	
CACTCCATCACTTACT_LUNG_T19	normal	
CACTCCATCATGCTCC_LUNG_T19	tumor	
CACTCCATCCCTTGCA_LUNG_T19	normal	
CACTCCATCGCCATAA_LUNG_T19	tumor	
CAGAATCAGAGCAATT_LUNG_T19	normal	
CAGAATCAGTGTGAAT_LUNG_T19	tumor	
CAGAATCCATCTGGTA_LUNG_T19	tumor	
CAGAGAGCAAAGTGCG_LUNG_T19	normal	
CAGAGAGCAAGCGCTC_LUNG_T19	normal	
CAGAGAGGTCCGCTGA_LUNG_T19	tumor	
CAGAGAGGTTCAGTAC_LUNG_T19	normal	
CAGAGAGGTTCGGCAC_LUNG_T19	tumor	
CAGAGAGTCCTAGTGA_LUNG_T19	tumor	
CAGAGAGTCTAAGCCA_LUNG_T19	normal	
CAGATCAAGACAGGCT_LUNG_T19	tumor	
CAGATCACACCAGATT_LUNG_T19	tumor	
CAGATCAGTAGCTTGT_LUNG_T19	tumor	
CAGATCAGTCGAGATG_LUNG_T19	normal	
CAGATCATCAACCATG_LUNG_T19	tumor	
CAGATCATCTACCAGA_LUNG_T19	tumor	
CAGCAGCAGATTACCC_LUNG_T19	normal	
CAGCAGCAGCCGTCGT_LUNG_T19	normal	
CAGCAGCAGGCACATG_LUNG_T19	normal	
CAGCAGCCAGACAAAT_LUNG_T19	normal	
CAGCAGCCAGTAGAGC_LUNG_T19	tumor	
CAGCAGCGTCAACATC_LUNG_T19	tumor	
CAGCAGCGTGCATCTA_LUNG_T19	tumor	
CAGCAGCTCAAGATCC_LUNG_T19	tumor	
CAGCATAAGGCAAAGA_LUNG_T19	tumor	
CAGCATACAAACTGCT_LUNG_T19	normal	
CAGCATACATCGGTTA_LUNG_T19	tumor	
CAGCATATCAATCTCT_LUNG_T19	tumor	
CAGCATATCTTAGCCC_LUNG_T19	tumor	
CAGCCGAAGACGCAAC_LUNG_T19	normal	
CAGCCGAAGGCTCATT_LUNG_T19	normal	
CAGCCGACAAAGGCGT_LUNG_T19	tumor	
CAGCCGACACACGCTG_LUNG_T19	tumor	
CAGCCGACAGGCTCAC_LUNG_T19	tumor	
CAGCCGAGTTTGACAC_LUNG_T19	normal	
CAGCCGATCCCAAGTA_LUNG_T19	normal	
CAGCCGATCTACTTAC_LUNG_T19	tumor	
CAGCGACAGATAGGAG_LUNG_T19	normal	
CAGCGACAGCCACGCT_LUNG_T19	normal	
CAGCGACAGCTTCGCG_LUNG_T19	tumor	
CAGCGACAGTGACTCT_LUNG_T19	tumor	
CAGCGACAGTGTCTCA_LUNG_T19	tumor	
CAGCGACCAATGGAAT_LUNG_T19	tumor	
CAGCGACCATGGTTGT_LUNG_T19	tumor	
CAGCGACGTCTACCTC_LUNG_T19	tumor	
CAGCGACGTGTGGTTT_LUNG_T19	tumor	
CAGCGACGTTCTGTTT_LUNG_T19	tumor	
CAGCGACTCTTGTACT_LUNG_T19	normal	
CAGCTAAAGAATGTGT_LUNG_T19	tumor	
CAGCTAAAGCGGCTTC_LUNG_T19	tumor	
CAGCTAAAGGAGTAGA_LUNG_T19	tumor	
CAGCTAAAGGTAAACT_LUNG_T19	tumor	
CAGCTAAAGTACACCT_LUNG_T19	tumor	
CAGCTAACAATGGAGC_LUNG_T19	tumor	
CAGCTAATCCTAGGGC_LUNG_T19	tumor	
CAGCTAATCTGTTGAG_LUNG_T19	normal	
CAGCTGGCAGCTTAAC_LUNG_T19	normal	
CAGCTGGGTCGCGAAA_LUNG_T19	tumor	
CAGCTGGTCCCTCAGT_LUNG_T19	normal	
CAGGTGCAGAGCCTAG_LUNG_T19	normal	
CAGGTGCAGCGTTCCG_LUNG_T19	normal	
CAGGTGCAGTACGACG_LUNG_T19	normal	
CAGGTGCAGTGGCACA_LUNG_T19	tumor	
CAGGTGCGTAACGTTC_LUNG_T19	tumor	
CAGGTGCGTGCTTCTC_LUNG_T19	normal	
CAGGTGCGTTAGAACA_LUNG_T19	tumor	
CAGTAACAGTCCGGTC_LUNG_T19	tumor	
CAGTAACTCCTAGAAC_LUNG_T19	normal	
CAGTAACTCGTAGATC_LUNG_T19	normal	
CAGTAACTCGTGTAGT_LUNG_T19	normal	
CAGTAACTCTTGTTTG_LUNG_T19	tumor	
CAGTCCTGTCAGCTAT_LUNG_T19	tumor	
CAGTCCTGTGCTCTTC_LUNG_T19	tumor	
CAGTCCTTCCAACCAA_LUNG_T19	tumor	
CAGTCCTTCGCTAGCG_LUNG_T19	tumor	
CAGTCCTTCTTCATGT_LUNG_T19	tumor	
CATATGGAGATAGCAT_LUNG_T19	normal	
CATATGGAGCGATAGC_LUNG_T19	normal	
CATATGGAGGTAGCCA_LUNG_T19	tumor	
CATATGGAGGTGATTA_LUNG_T19	tumor	
CATATGGAGTGCGTGA_LUNG_T19	normal	
CATATGGGTAAGCACG_LUNG_T19	normal	
CATATGGGTATAATGG_LUNG_T19	tumor	
CATATGGGTGACTCAT_LUNG_T19	normal	
CATATGGTCACCCGAG_LUNG_T19	normal	
CATATGGTCCCTCTTT_LUNG_T19	tumor	
CATATGGTCTGGTATG_LUNG_T19	tumor	
CATATTCAGACCTAGG_LUNG_T19	normal	
CATATTCCAAAGAATC_LUNG_T19	tumor	
CATATTCGTCAATACC_LUNG_T19	normal	
CATATTCGTCGAGATG_LUNG_T19	normal	
CATATTCGTCTTGCGG_LUNG_T19	tumor	
CATATTCGTTAAGGGC_LUNG_T19	normal	
CATATTCTCCTTCAAT_LUNG_T19	tumor	
CATATTCTCGAGCCCA_LUNG_T19	normal	
CATCAAGCAAGCCGTC_LUNG_T19	tumor	
CATCAAGGTGTGAAAT_LUNG_T19	tumor	
CATCAAGGTTAGAACA_LUNG_T19	tumor	
CATCAGAAGCAGCCTC_LUNG_T19	tumor	
CATCAGACAATGGAGC_LUNG_T19	tumor	
CATCAGACATTGTGCA_LUNG_T19	normal	
CATCAGAGTCACAAGG_LUNG_T19	tumor	
CATCAGATCGGTCCGA_LUNG_T19	tumor	
CATCCACAGCGTTTAC_LUNG_T19	normal	
CATCCACAGTATTGGA_LUNG_T19	normal	
CATCCACCAAAGAATC_LUNG_T19	normal	
CATCCACCACGAAAGC_LUNG_T19	tumor	
CATCCACTCACTGGGC_LUNG_T19	tumor	
CATCCACTCTCAAGTG_LUNG_T19	normal	
CATCCACTCTCGCTTG_LUNG_T19	normal	
CATCGAAAGCTTCGCG_LUNG_T19	normal	
CATCGAACAACGCACC_LUNG_T19	tumor	
CATCGAACACGGCGTT_LUNG_T19	tumor	
CATCGAAGTAATAGCA_LUNG_T19	tumor	
CATCGAAGTGTTCTTT_LUNG_T19	tumor	
CATCGAATCTCCTATA_LUNG_T19	tumor	
CATCGAATCTTGTATC_LUNG_T19	normal	
CATCGGGCAGACGCAA_LUNG_T19	tumor	
CATCGGGGTGGGTCAA_LUNG_T19	tumor	
CATCGGGGTTCCACTC_LUNG_T19	normal	
CATCGGGGTTGCCTCT_LUNG_T19	normal	
CATCGGGTCAGAGGTG_LUNG_T19	tumor	
CATCGGGTCATCGCTC_LUNG_T19	normal	
CATCGGGTCTGCTGCT_LUNG_T19	tumor	
CATGACAAGGAGTACC_LUNG_T19	normal	
CATGACAAGTACTTGC_LUNG_T19	normal	
CATGACAAGTGGCACA_LUNG_T19	normal	
CATGACAAGTGTTTGC_LUNG_T19	tumor	
CATGACAGTACGCTGC_LUNG_T19	normal	
CATGACAGTCGCGAAA_LUNG_T19	tumor	
CATGCCTAGATCCCGC_LUNG_T19	normal	
CATGCCTCAAGCCTAT_LUNG_T19	tumor	
CATGCCTCAGTCGATT_LUNG_T19	normal	
CATGCCTCATTGCGGC_LUNG_T19	normal	
CATGCCTGTAAGTGGC_LUNG_T19	normal	
CATGCCTGTTGTTTGG_LUNG_T19	normal	
CATGCCTTCGCATGAT_LUNG_T19	tumor	
CATGGCGAGCCCTAAT_LUNG_T19	normal	
CATGGCGAGGCACATG_LUNG_T19	tumor	
CATGGCGCAATCGGTT_LUNG_T19	normal	
CATGGCGCAATCTACG_LUNG_T19	tumor	
CATGGCGGTAAGAGAG_LUNG_T19	tumor	yes
CATGGCGGTAGCGTCC_LUNG_T19	tumor	
CATGGCGGTAGTGAAT_LUNG_T19	normal	
CATGGCGGTGCGAAAC_LUNG_T19	tumor	
CATGGCGGTTAAAGAC_LUNG_T19	tumor	
CATGGCGTCAAACCGT_LUNG_T19	tumor	
CATGGCGTCAGCAACT_LUNG_T19	tumor	
CATGGCGTCAGGATCT_LUNG_T19	tumor	
CATGGCGTCCACGAAT_LUNG_T19	normal	
CATGGCGTCCGAGCCA_LUNG_T19	tumor	
CATGGCGTCGCTGATA_LUNG_T19	normal	
CATGGCGTCGTAGGAG_LUNG_T19	normal	
CATTATCAGCAATCTC_LUNG_T19	normal	
CATTATCAGGACATTA_LUNG_T19	tumor	
CATTATCCAAGTTGTC_LUNG_T19	tumor	
CATTATCGTCAGGACA_LUNG_T19	tumor	
CATTCGCAGAGTTGGC_LUNG_T19	tumor	
CATTCGCAGGATGGAA_LUNG_T19	tumor	
CATTCGCAGTAGATGT_LUNG_T19	normal	
CATTCGCAGTAGCCGA_LUNG_T19	tumor	
CATTCGCAGTGTCCCG_LUNG_T19	tumor	
CATTCGCCAATCGAAA_LUNG_T19	normal	
CATTCGCCACGAAAGC_LUNG_T19	normal	
CATTCGCGTACCATCA_LUNG_T19	tumor	
CATTCGCGTAGCTAAA_LUNG_T19	tumor	
CATTCGCGTCATTAGC_LUNG_T19	normal	
CATTCGCGTCTCCACT_LUNG_T19	normal	
CATTCGCGTTGAGGTG_LUNG_T19	tumor	
CATTCGCTCCACGAAT_LUNG_T19	normal	
CATTCGCTCCTCAATT_LUNG_T19	normal	
CATTCGCTCTTTACAC_LUNG_T19	tumor	
CCAATCCAGCGATAGC_LUNG_T19	normal	
CCAATCCAGCTGAACG_LUNG_T19	tumor	
CCAATCCAGGATCGCA_LUNG_T19	tumor	
CCAATCCAGTAGCGGT_LUNG_T19	normal	
CCAATCCCAGGCTGAA_LUNG_T19	tumor	
CCAATCCCATCGATTG_LUNG_T19	tumor	
CCAATCCGTCGCGAAA_LUNG_T19	tumor	
CCAATCCGTCTCAACA_LUNG_T19	tumor	
CCAATCCTCCATGAAC_LUNG_T19	tumor	
CCAATCCTCCTGCTTG_LUNG_T19	tumor	
CCAATCCTCTAACGGT_LUNG_T19	tumor	
CCACCTAAGATGCGAC_LUNG_T19	normal	
CCACCTAAGTACGCCC_LUNG_T19	tumor	
CCACCTACATTACCTT_LUNG_T19	tumor	
CCACCTAGTAGTAGTA_LUNG_T19	tumor	
CCACCTAGTGGTCCGT_LUNG_T19	tumor	
CCACCTATCAACGCTA_LUNG_T19	tumor	
CCACCTATCAGTTTGG_LUNG_T19	tumor	
CCACCTATCTTAGAGC_LUNG_T19	normal	
CCACGGACACGAAATA_LUNG_T19	tumor	
CCACGGACATGGGAAC_LUNG_T19	tumor	
CCACGGACATGTCTCC_LUNG_T19	normal	
CCACGGAGTCACACGC_LUNG_T19	tumor	
CCACGGATCATACGGT_LUNG_T19	normal	
CCACGGATCATCGGAT_LUNG_T19	tumor	
CCACGGATCCCTTGTG_LUNG_T19	tumor	
CCACTACAGCGCCTCA_LUNG_T19	normal	
CCACTACAGGTGACCA_LUNG_T19	tumor	
CCACTACCAAGCCGCT_LUNG_T19	normal	
CCACTACCAGTTCATG_LUNG_T19	normal	
CCACTACGTCCCTACT_LUNG_T19	tumor	
CCACTACTCATTGCGA_LUNG_T19	tumor	
CCACTACTCGTACCGG_LUNG_T19	tumor	
CCAGCGAAGCCGGTAA_LUNG_T19	tumor	
CCAGCGACATTGTGCA_LUNG_T19	tumor	
CCAGCGAGTAGCGCAA_LUNG_T19	normal	
CCAGCGAGTCCAAGTT_LUNG_T19	normal	
CCAGCGAGTCTTTCAT_LUNG_T19	normal	
CCAGCGATCAAGATCC_LUNG_T19	tumor	
CCATGTCCAATGGAAT_LUNG_T19	tumor	
CCATGTCCAGCTTCGG_LUNG_T19	normal	
CCATGTCGTCCATCCT_LUNG_T19	tumor	
CCATGTCGTCGGCATC_LUNG_T19	normal	
CCATGTCTCCACGTGG_LUNG_T19	tumor	yes
CCATGTCTCCACTCCA_LUNG_T19	tumor	
CCATGTCTCTTCAACT_LUNG_T19	normal	
CCATTCGAGATCCCAT_LUNG_T19	tumor	
CCATTCGCAATGGATA_LUNG_T19	normal	
CCATTCGGTCCGACGT_LUNG_T19	tumor	
CCATTCGTCGCCTGTT_LUNG_T19	tumor	
CCCAATCAGAGTGAGA_LUNG_T19	normal	
CCCAATCAGCGAGAAA_LUNG_T19	tumor	
CCCAATCAGCGATAGC_LUNG_T19	tumor	
CCCAATCCAAAGTCAA_LUNG_T19	tumor	
CCCAATCGTAGCTAAA_LUNG_T19	tumor	
CCCAGTTAGTTTAGGA_LUNG_T19	tumor	
CCCAGTTCATCCGCGA_LUNG_T19	tumor	
CCCAGTTCATCCTTGC_LUNG_T19	normal	
CCCAGTTCATTCCTCG_LUNG_T19	normal	
CCCAGTTGTCTTCTCG_LUNG_T19	tumor	
CCCAGTTTCAACACCA_LUNG_T19	normal	
CCCAGTTTCAAGGCTT_LUNG_T19	tumor	
CCCATACAGAACAATC_LUNG_T19	normal	
CCCATACAGAATGTTG_LUNG_T19	tumor	
CCCATACAGGATGTAT_LUNG_T19	tumor	
CCCATACCAGTCGTGC_LUNG_T19	normal	
CCCATACGTGACGGTA_LUNG_T19	tumor	
CCCATACTCCGTCAAA_LUNG_T19	tumor	
CCCATACTCGTAGGTT_LUNG_T19	tumor	
CCCATACTCTACGAGT_LUNG_T19	tumor	
CCCATACTCTGCCAGG_LUNG_T19	tumor	
CCCTCCTGTAAGGGCT_LUNG_T19	tumor	
CCCTCCTGTCGGCACT_LUNG_T19	normal	
CCGGGATAGAACAATC_LUNG_T19	tumor	
CCGGGATAGGTAGCTG_LUNG_T19	tumor	
CCGGGATGTCTGCAAT_LUNG_T19	tumor	
CCGGGATGTTGGACCC_LUNG_T19	normal	
CCGGGATTCATAGCAC_LUNG_T19	tumor	
CCGGGATTCCAAACAC_LUNG_T19	tumor	
CCGGGATTCGGCATCG_LUNG_T19	tumor	
CCGGGATTCTTGAGAC_LUNG_T19	tumor	
CCGGTAGAGAGGTTAT_LUNG_T19	tumor	
CCGGTAGCAATGAAAC_LUNG_T19	normal	
CCGGTAGCACACATGT_LUNG_T19	tumor	
CCGGTAGGTCGACTGC_LUNG_T19	tumor	
CCGGTAGGTTGTCTTT_LUNG_T19	normal	
CCGGTAGTCACCATAG_LUNG_T19	tumor	
CCGGTAGTCAGCACAT_LUNG_T19	normal	
CCGGTAGTCTTTAGTC_LUNG_T19	tumor	
CCGTACTAGAGCTATA_LUNG_T19	tumor	
CCGTACTAGGATGTAT_LUNG_T19	normal	
CCGTACTCAAGTTAAG_LUNG_T19	tumor	
CCGTACTCAATACGCT_LUNG_T19	tumor	
CCGTACTCAGTGAGTG_LUNG_T19	tumor	
CCGTACTGTCTCATCC_LUNG_T19	normal	
CCGTACTTCTTGCAAG_LUNG_T19	tumor	
CCGTGGACATTACCTT_LUNG_T19	normal	
CCGTGGAGTGACTCAT_LUNG_T19	normal	
CCGTGGATCCGCATAA_LUNG_T19	tumor	
CCGTTCACACAAGCCC_LUNG_T19	tumor	
CCGTTCACACGAGAGT_LUNG_T19	tumor	
CCGTTCAGTAGTACCT_LUNG_T19	tumor	
CCGTTCAGTGCTCTTC_LUNG_T19	normal	
CCTAAAGCAAGGTTCT_LUNG_T19	normal	
CCTAAAGCACGAGAGT_LUNG_T19	normal	
CCTAAAGGTACGCACC_LUNG_T19	normal	
CCTAAAGGTCCAGTGC_LUNG_T19	normal	
CCTAAAGTCAAACGGG_LUNG_T19	tumor	
CCTACACGTAAATACG_LUNG_T19	tumor	
CCTACACGTTCCTCCA_LUNG_T19	tumor	
CCTACACGTTGATTCG_LUNG_T19	tumor	
CCTACACTCCCAGGTG_LUNG_T19	tumor	
CCTACACTCGGCGGTT_LUNG_T19	tumor	
CCTACACTCTGCGTAA_LUNG_T19	tumor	
CCTACCACAAGGACAC_LUNG_T19	normal	
CCTACCAGTCCGAAGA_LUNG_T19	normal	
CCTACCAGTTGTACAC_LUNG_T19	normal	
CCTACCATCAGATAAG_LUNG_T19	tumor	
CCTAGCTAGGCATTGG_LUNG_T19	normal	
CCTAGCTCAGGCTCAC_LUNG_T19	tumor	
CCTAGCTGTCGAACAG_LUNG_T19	normal	
CCTAGCTTCAAAGACA_LUNG_T19	tumor	
CCTAGCTTCTTGCCGT_LUNG_T19	normal	
CCTATTAAGTAGGTGC_LUNG_T19	normal	
CCTATTACATGGTAGG_LUNG_T19	normal	
CCTATTAGTGAGGGAG_LUNG_T19	tumor	
CCTATTAGTTAGAACA_LUNG_T19	normal	
CCTATTATCATATCGG_LUNG_T19	normal	
CCTATTATCCCATTAT_LUNG_T19	tumor	
CCTATTATCGAATGGG_LUNG_T19	tumor	
CCTATTATCGGAAACG_LUNG_T19	tumor	
CCTCAGTAGAACAATC_LUNG_T19	tumor	
CCTCAGTTCGAATGGG_LUNG_T19	normal	
CCTCAGTTCGGCTACG_LUNG_T19	normal	
CCTCAGTTCTAACTGG_LUNG_T19	tumor	
CCTCTGAAGACTACAA_LUNG_T19	tumor	
CCTCTGACAAACGTGG_LUNG_T19	tumor	
CCTCTGACAAGAAGAG_LUNG_T19	tumor	
CCTCTGACACATCTTT_LUNG_T19	tumor	
CCTCTGACAGTAACGG_LUNG_T19	normal	
CCTCTGAGTAAAGTCA_LUNG_T19	tumor	
CCTCTGAGTACCATCA_LUNG_T19	normal	
CCTCTGAGTCAAACTC_LUNG_T19	normal	
CCTCTGAGTCACTTCC_LUNG_T19	tumor	
CCTCTGATCGTCTGCT_LUNG_T19	tumor	
CCTTACGAGCCACGTC_LUNG_T19	tumor	
CCTTACGAGCGATCCC_LUNG_T19	normal	
CCTTACGCAGTTCATG_LUNG_T19	tumor	
CCTTACGCATCTCGCT_LUNG_T19	normal	
CCTTACGGTCTTTCAT_LUNG_T19	normal	
CCTTACGGTGTCGCTG_LUNG_T19	tumor	
CCTTACGTCCATGAAC_LUNG_T19	normal	
CCTTACGTCCCAAGTA_LUNG_T19	normal	
CCTTACGTCGTAGGAG_LUNG_T19	normal	
CCTTACGTCGTTGACA_LUNG_T19	tumor	
CCTTCCCAGCCATCGC_LUNG_T19	normal	
CCTTCCCAGCCGGTAA_LUNG_T19	tumor	
CCTTCCCCATCACAAC_LUNG_T19	tumor	
CCTTCCCCATCTATGG_LUNG_T19	tumor	
CCTTCCCCATTTCACT_LUNG_T19	normal	
CCTTCCCGTACACCGC_LUNG_T19	normal	
CCTTCCCGTCTAGAGG_LUNG_T19	tumor	
CCTTCGAAGCGCCTCA_LUNG_T19	tumor	
CCTTCGAAGGCCCTCA_LUNG_T19	tumor	
CCTTCGAAGTGATCGG_LUNG_T19	normal	
CCTTCGAGTCACTTCC_LUNG_T19	tumor	
CCTTCGAGTGGCGAAT_LUNG_T19	normal	
CCTTCGAGTGGTCCGT_LUNG_T19	normal	
CCTTTCTGTTATCGGT_LUNG_T19	normal	
CGAACATAGACATAAC_LUNG_T19	tumor	
CGAACATCATCACGTA_LUNG_T19	tumor	
CGAACATCATTAACCG_LUNG_T19	normal	
CGAACATGTCTTCAAG_LUNG_T19	normal	
CGAACATTCAGCTTAG_LUNG_T19	normal	yes
CGAACATTCTCACATT_LUNG_T19	tumor	
CGAATGTAGCTGCGAA_LUNG_T19	tumor	
CGAATGTGTGGGTATG_LUNG_T19	tumor	
CGAATGTTCGTCGTTC_LUNG_T19	tumor	
CGAATGTTCTCTGAGA_LUNG_T19	normal	
CGACCTTAGATATGCA_LUNG_T19	tumor	
CGACCTTCAGCTTCGG_LUNG_T19	tumor	
CGACCTTGTGCACGAA_LUNG_T19	tumor	
CGACCTTGTGCTAGCC_LUNG_T19	normal	
CGACCTTTCCGTCAAA_LUNG_T19	normal	
CGACCTTTCTCTGAGA_LUNG_T19	normal	
CGACCTTTCTGCCCTA_LUNG_T19	normal	
CGACTTCAGATCTGAA_LUNG_T19	normal	
CGACTTCAGTAACCCT_LUNG_T19	tumor	
CGACTTCAGTGACATA_LUNG_T19	normal	
CGACTTCTCCACTGGG_LUNG_T19	tumor	
CGAGAAGCAAGTACCT_LUNG_T19	normal	
CGAGAAGCACGCCAGT_LUNG_T19	tumor	
CGAGAAGGTCTGCCAG_LUNG_T19	tumor	
CGAGAAGTCTTGTCAT_LUNG_T19	normal	
CGAGCACAGTATCGAA_LUNG_T19	tumor	
CGAGCACCACGTAAGG_LUNG_T19	normal	
CGAGCACGTCAATGTC_LUNG_T19	tumor	
CGAGCACGTCCTGCTT_LUNG_T19	tumor	
CGAGCACGTTTGCATG_LUNG_T19	tumor	
CGAGCACTCAATACCG_LUNG_T19	tumor	
CGAGCCAAGACGCTTT_LUNG_T19	tumor	
CGAGCCAAGTCCCACG_LUNG_T19	normal	
CGAGCCACACAAGACG_LUNG_T19	tumor	
CGAGCCATCCGATATG_LUNG_T19	normal	
CGATCGGAGAGACTAT_LUNG_T19	normal	
CGATCGGAGCAGACTG_LUNG_T19	tumor	
CGATCGGCAAGAAAGG_LUNG_T19	tumor	
CGATCGGCAATGTAAG_LUNG_T19	tumor	
CGATGGCCACGACTCG_LUNG_T19	normal	
CGATGGCCAGATCTGT_LUNG_T19	normal	
CGATGGCCATGCTGGC_LUNG_T19	tumor	
CGATGGCGTTCTGAAC_LUNG_T19	normal	
CGATGGCTCGCCAAAT_LUNG_T19	tumor	
CGATGTAAGACATAAC_LUNG_T19	tumor	
CGATGTAAGAGCTATA_LUNG_T19	tumor	
CGATGTAAGTTACGGG_LUNG_T19	normal	
CGATGTACATAGAAAC_LUNG_T19	tumor	
CGATGTAGTCCAACTA_LUNG_T19	normal	
CGATTGAAGGCATTGG_LUNG_T19	tumor	
CGATTGACAGGACGTA_LUNG_T19	tumor	
CGATTGAGTATCACCA_LUNG_T19	tumor	
CGATTGATCCGCTGTT_LUNG_T19	normal	
CGATTGATCTGAGGGA_LUNG_T19	tumor	
CGCCAAGAGATGTAAC_LUNG_T19	tumor	
CGCCAAGAGCCACGTC_LUNG_T19	tumor	
CGCCAAGAGCGATTCT_LUNG_T19	tumor	
CGCCAAGAGTCATGCT_LUNG_T19	tumor	
CGCCAAGCAGGTGCCT_LUNG_T19	normal	
CGCCAAGCATACGCCG_LUNG_T19	tumor	
CGCGGTAAGTTGTCGT_LUNG_T19	normal	
CGCGGTACATGGTTGT_LUNG_T19	normal	
CGCGGTAGTGGTACAG_LUNG_T19	tumor	
CGCGGTATCATGCATG_LUNG_T19	tumor	
CGCGGTATCCGAGCCA_LUNG_T19	normal	
CGCGGTATCGAATCCA_LUNG_T19	normal	
CGCGGTATCGGTGTTA_LUNG_T19	tumor	
CGCGTTTAGAACTGTA_LUNG_T19	tumor	yes
CGCGTTTGTAAAGGAG_LUNG_T19	tumor	
CGCGTTTGTAAGAGGA_LUNG_T19	normal	yes
CGCGTTTGTTCGAATC_LUNG_T19	normal	
CGCTATCAGCCGCCTA_LUNG_T19	tumor	
CGCTATCCATGTAAGA_LUNG_T19	tumor	
CGCTATCGTGCACTTA_LUNG_T19	normal	yes
CGCTATCGTGTAATGA_LUNG_T19	normal	
CGCTATCGTGTTTGTG_LUNG_T19	normal	
CGCTATCTCAGCATGT_LUNG_T19	tumor	
CGCTGGAAGGACCACA_LUNG_T19	tumor	
CGCTGGAAGTAGCGGT_LUNG_T19	tumor	
CGCTGGAAGTGTACCT_LUNG_T19	tumor	
CGCTGGACAACACCTA_LUNG_T19	tumor	
CGCTGGAGTGATAAAC_LUNG_T19	tumor	
CGCTGGATCAATAAGG_LUNG_T19	normal	
CGCTGGATCCATGCTC_LUNG_T19	tumor	
CGCTGGATCGGAAATA_LUNG_T19	normal	
CGCTGGATCTAGAGTC_LUNG_T19	tumor	
CGCTGGATCTCCCTGA_LUNG_T19	normal	
CGCTTCAAGTGTCCCG_LUNG_T19	tumor	
CGCTTCACACAGCCCA_LUNG_T19	normal	
CGCTTCACAGCTTAAC_LUNG_T19	tumor	
CGCTTCACATCTGGTA_LUNG_T19	tumor	
CGCTTCATCAGCTTAG_LUNG_T19	tumor	
CGCTTCATCGTTGCCT_LUNG_T19	tumor	
CGGACACAGGCCCGTT_LUNG_T19	normal	
CGGACACAGTGCCAGA_LUNG_T19	normal	
CGGACACCACCACGTG_LUNG_T19	tumor	
CGGACACGTAGGGACT_LUNG_T19	tumor	
CGGACACTCCCAGGTG_LUNG_T19	normal	
CGGACGTAGATATGCA_LUNG_T19	normal	
CGGACGTCAGACGCAA_LUNG_T19	tumor	
CGGACGTTCAAACCGT_LUNG_T19	tumor	
CGGACGTTCGGTTCGG_LUNG_T19	normal	
CGGACGTTCTCATTCA_LUNG_T19	tumor	
CGGACTGCACGTTGGC_LUNG_T19	tumor	
CGGACTGGTCCGTCAG_LUNG_T19	normal	
CGGACTGGTCTGGTCG_LUNG_T19	tumor	
CGGACTGGTGGGTCAA_LUNG_T19	normal	
CGGACTGTCATCGGAT_LUNG_T19	normal	
CGGACTGTCTTCCTTC_LUNG_T19	tumor	
CGGAGCTCATCCGTGG_LUNG_T19	tumor	
CGGAGCTGTATAAACG_LUNG_T19	tumor	
CGGAGCTGTTAAAGAC_LUNG_T19	tumor	
CGGAGCTGTTTGACAC_LUNG_T19	tumor	
CGGAGCTTCATTGCCC_LUNG_T19	tumor	
CGGAGCTTCTGGCGAC_LUNG_T19	tumor	
CGGAGTCAGTGTCCAT_LUNG_T19	tumor	
CGGCTAGCACCATGTA_LUNG_T19	tumor	
CGGCTAGGTATAGGTA_LUNG_T19	normal	
CGGCTAGTCCGAACGC_LUNG_T19	normal	
CGGCTAGTCCTTTCGG_LUNG_T19	tumor	
CGGCTAGTCGCTTAGA_LUNG_T19	tumor	
CGGGTCAAGGGTATCG_LUNG_T19	normal	
CGGGTCAAGTCGATAA_LUNG_T19	tumor	
CGGGTCACAGACGCTC_LUNG_T19	normal	
CGGGTCAGTTGGTGGA_LUNG_T19	tumor	
CGGTTAAAGGAGTCTG_LUNG_T19	normal	yes
CGGTTAAGTCTGCAAT_LUNG_T19	tumor	
CGGTTAATCAACACAC_LUNG_T19	normal	
CGTAGCGAGTCTTGCA_LUNG_T19	tumor	
CGTAGCGCACCCATGG_LUNG_T19	tumor	
CGTAGCGGTACGCTGC_LUNG_T19	normal	
CGTAGGCAGCTATGCT_LUNG_T19	tumor	
CGTAGGCTCAAGATCC_LUNG_T19	tumor	
CGTAGGCTCTCTGCTG_LUNG_T19	normal	
CGTCACTAGCTAGTTC_LUNG_T19	tumor	
CGTCACTCAAGCTGAG_LUNG_T19	tumor	
CGTCACTCACCAGCAC_LUNG_T19	tumor	
CGTCACTTCAGTTGAC_LUNG_T19	normal	
CGTCACTTCATGTCTT_LUNG_T19	tumor	
CGTCACTTCCGTTGTC_LUNG_T19	normal	
CGTCAGGAGCCAGAAC_LUNG_T19	tumor	
CGTCAGGAGTGGTAAT_LUNG_T19	normal	
CGTCAGGCAAGTAGTA_LUNG_T19	tumor	
CGTCAGGGTTCCACGG_LUNG_T19	normal	
CGTCAGGGTTCGGGCT_LUNG_T19	tumor	
CGTCAGGGTTGGTGGA_LUNG_T19	normal	
CGTCAGGTCACAGGCC_LUNG_T19	tumor	
CGTCAGGTCACCAGGC_LUNG_T19	normal	
CGTCAGGTCCAAGTAC_LUNG_T19	tumor	
CGTCCATCAATGGATA_LUNG_T19	tumor	
CGTCCATCACACCGAC_LUNG_T19	normal	yes
CGTCCATGTAAACACA_LUNG_T19	tumor	
CGTCCATTCTACTTAC_LUNG_T19	normal	
CGTCTACAGAGTCTGG_LUNG_T19	tumor	
CGTCTACAGCTGATAA_LUNG_T19	normal	
CGTCTACGTCTCACCT_LUNG_T19	tumor	
CGTCTACGTGAAAGAG_LUNG_T19	normal	
CGTGAGCAGAGTGACC_LUNG_T19	tumor	
CGTGAGCAGTGTTGAA_LUNG_T19	tumor	
CGTGAGCCAATGGTCT_LUNG_T19	tumor	
CGTGAGCCACGACGAA_LUNG_T19	normal	
CGTGAGCGTGATGCCC_LUNG_T19	normal	
CGTGAGCGTGGTGTAG_LUNG_T19	tumor	
CGTGAGCTCAAACCAC_LUNG_T19	tumor	
CGTGTAAAGGAATGGA_LUNG_T19	normal	
CGTGTAACATGGATGG_LUNG_T19	normal	
CGTGTAATCCGTACAA_LUNG_T19	tumor	
CGTGTCTAGGAATTAC_LUNG_T19	normal	
CGTGTCTAGTGCGTGA_LUNG_T19	normal	
CGTGTCTCAAGTTAAG_LUNG_T19	normal	
CGTGTCTCATCTCGCT_LUNG_T19	tumor	
CGTGTCTCATTAGCCA_LUNG_T19	tumor	
CGTGTCTTCGTTGACA_LUNG_T19	tumor	
CGTTAGAAGTTCGATC_LUNG_T19	tumor	
CGTTAGACACATCCGG_LUNG_T19	normal	
CGTTAGACACCAGATT_LUNG_T19	tumor	
CGTTAGACAGGTGGAT_LUNG_T19	tumor	
CGTTAGAGTAAGTGGC_LUNG_T19	tumor	
CGTTAGAGTCGATTGT_LUNG_T19	tumor	
CGTTCTGAGTACATGA_LUNG_T19	tumor	
CGTTCTGAGTCAAGCG_LUNG_T19	normal	
CGTTCTGGTAGTGAAT_LUNG_T19	normal	
CGTTGGGAGAGTGACC_LUNG_T19	tumor	
CGTTGGGAGATCCGAG_LUNG_T19	tumor	
CGTTGGGCACACAGAG_LUNG_T19	tumor	
CGTTGGGCATACGCTA_LUNG_T19	tumor	
CGTTGGGCATGGTCAT_LUNG_T19	tumor	
CGTTGGGTCCAAACAC_LUNG_T19	tumor	
CGTTGGGTCCGCAGTG_LUNG_T19	normal	
CGTTGGGTCCTCGCAT_LUNG_T19	tumor	
CTAACTTAGCGAGAAA_LUNG_T19	tumor	
CTAACTTAGTAAGTAC_LUNG_T19	tumor	
CTAACTTCAGCTGGCT_LUNG_T19	tumor	
CTAACTTCATCACCCT_LUNG_T19	tumor	
CTAACTTGTCTCACCT_LUNG_T19	normal	
CTAACTTTCCACGACG_LUNG_T19	tumor	
CTAACTTTCCCTAACC_LUNG_T19	tumor	
CTAAGACAGCAGATCG_LUNG_T19	tumor	
CTAAGACCACCTCGGA_LUNG_T19	normal	
CTAAGACCATACTCTT_LUNG_T19	normal	
CTAAGACGTGGCGAAT_LUNG_T19	tumor	
CTAAGACGTTGAGGTG_LUNG_T19	normal	
CTAAGACTCACGATGT_LUNG_T19	tumor	
CTAATGGCAGCGAACA_LUNG_T19	normal	
CTAATGGTCAACCAAC_LUNG_T19	tumor	
CTACACCCAAGTTGTC_LUNG_T19	tumor	
CTACACCGTATATGAG_LUNG_T19	normal	
CTACACCGTGAGTGAC_LUNG_T19	tumor	
CTACACCGTTGATTCG_LUNG_T19	tumor	
CTACACCTCAGCAACT_LUNG_T19	tumor	
CTACACCTCCATTCTA_LUNG_T19	tumor	
CTACACCTCCGGCACA_LUNG_T19	normal	
CTACACCTCGCGGATC_LUNG_T19	tumor	
CTACACCTCTCACATT_LUNG_T19	normal	
CTACACCTCTGTACGA_LUNG_T19	normal	
CTACATTAGCCCAACC_LUNG_T19	normal	
CTACATTAGCCTATGT_LUNG_T19	normal	
CTACATTAGCTGATAA_LUNG_T19	tumor	
CTACATTCAGGATTGG_LUNG_T19	normal	
CTACATTGTCTTTCAT_LUNG_T19	tumor	
CTACATTTCCTTTCTC_LUNG_T19	tumor	
CTACCCAAGGTGGGTT_LUNG_T19	tumor	
CTACCCAAGTCCCACG_LUNG_T19	normal	
CTACCCAAGTTCGATC_LUNG_T19	normal	
CTACCCAGTGAGGGAG_LUNG_T19	tumor	
CTACCCAGTGTCTGAT_LUNG_T19	tumor	
CTACCCATCCCAGGTG_LUNG_T19	tumor	
CTACCCATCGGATGTT_LUNG_T19	normal	
CTACCCATCTTAGAGC_LUNG_T19	normal	
CTACGTCAGATCCGAG_LUNG_T19	normal	
CTACGTCAGTACGCGA_LUNG_T19	tumor	
CTACGTCCACCCAGTG_LUNG_T19	normal	
CTACGTCTCCCGACTT_LUNG_T19	tumor	
CTACGTCTCTTGAGGT_LUNG_T19	normal	
CTAGAGTAGGATATAC_LUNG_T19	tumor	
CTAGAGTGTTACCAGT_LUNG_T19	normal	
CTAGAGTTCAGATAAG_LUNG_T19	tumor	
CTAGCCTAGGACCACA_LUNG_T19	normal	
CTAGCCTAGGCTAGCA_LUNG_T19	normal	
CTAGCCTCAATGAATG_LUNG_T19	tumor	
CTAGCCTGTAGCGCTC_LUNG_T19	tumor	
CTAGCCTTCATGCAAC_LUNG_T19	tumor	
CTAGTGAAGCGAGAAA_LUNG_T19	tumor	
CTAGTGAGTACTTCTT_LUNG_T19	tumor	
CTAGTGATCACGCGGT_LUNG_T19	normal	
CTAGTGATCGAGGTAG_LUNG_T19	tumor	
CTAGTGATCTTTAGGG_LUNG_T19	normal	
CTCACACAGTGGAGTC_LUNG_T19	tumor	
CTCACACCAAGTAATG_LUNG_T19	tumor	
CTCACACCAAGTCTAC_LUNG_T19	normal	
CTCACACCACAACGCC_LUNG_T19	tumor	
CTCACACCACTGTTAG_LUNG_T19	tumor	
CTCACACCATGCCTTC_LUNG_T19	normal	
CTCACACCATTATCTC_LUNG_T19	normal	
CTCACACGTAGCTCCG_LUNG_T19	tumor	
CTCACACGTATAGTAG_LUNG_T19	tumor	
CTCAGAAAGGGAGTAA_LUNG_T19	tumor	
CTCAGAACACTTGGAT_LUNG_T19	normal	
CTCAGAAGTAGAGGAA_LUNG_T19	normal	
CTCAGAAGTTCAGTAC_LUNG_T19	normal	
CTCAGAATCGTAGATC_LUNG_T19	tumor	
CTCAGAATCTCCAGGG_LUNG_T19	tumor	
CTCATTAAGAGCTGCA_LUNG_T19	normal	
CTCATTATCAACACCA_LUNG_T19	tumor	
CTCATTATCCAAATGC_LUNG_T19	tumor	
CTCATTATCCTAGGGC_LUNG_T19	tumor	
CTCATTATCTGCCAGG_LUNG_T19	tumor	
CTCCTAGAGAGTCTGG_LUNG_T19	normal	
CTCCTAGAGCTTCGCG_LUNG_T19	normal	
CTCCTAGCAGTCCTTC_LUNG_T19	normal	
CTCCTAGGTCATATCG_LUNG_T19	normal	
CTCCTAGTCAACGAAA_LUNG_T19	tumor	
CTCCTAGTCCACGTGG_LUNG_T19	tumor	
CTCCTAGTCTGCCCTA_LUNG_T19	tumor	
CTCCTAGTCTTCCTTC_LUNG_T19	normal	
CTCGAAAAGCTATGCT_LUNG_T19	normal	
CTCGAAACAAGCTGTT_LUNG_T19	normal	
CTCGAAAGTGCAGTAG_LUNG_T19	normal	
CTCGAAAGTTCTGAAC_LUNG_T19	normal	
CTCGAAATCCGTAGTA_LUNG_T19	tumor	
CTCGAGGAGATGAGAG_LUNG_T19	normal	
CTCGAGGAGGCATTGG_LUNG_T19	tumor	
CTCGAGGAGGTGGGTT_LUNG_T19	normal	
CTCGAGGAGTACTTGC_LUNG_T19	tumor	
CTCGAGGCATTCGACA_LUNG_T19	tumor	
CTCGGAGAGCACAGGT_LUNG_T19	tumor	
CTCGGAGCAACTGGCC_LUNG_T19	tumor	
CTCGGAGCATCCGGGT_LUNG_T19	normal	
CTCGGAGGTTCAGTAC_LUNG_T19	normal	
CTCGGAGTCAAACAAG_LUNG_T19	tumor	
CTCGGAGTCAGTTAGC_LUNG_T19	tumor	
CTCGGGAAGACAGGCT_LUNG_T19	normal	
CTCGGGACAAACTGCT_LUNG_T19	normal	
CTCGGGACAGTCAGCC_LUNG_T19	normal	
CTCGGGACATAAGACA_LUNG_T19	tumor	
CTCGGGAGTCCGTGAC_LUNG_T19	normal	
CTCGGGATCACAATGC_LUNG_T19	normal	
CTCGGGATCCTACAGA_LUNG_T19	tumor	
CTCGTACAGGGTCTCC_LUNG_T19	tumor	
CTCGTACCACGTCTCT_LUNG_T19	normal	
CTCGTACGTAGCCTAT_LUNG_T19	tumor	
CTCGTACGTCCAGTAT_LUNG_T19	normal	
CTCGTACGTTATGTGC_LUNG_T19	tumor	
CTCGTACGTTTGTGTG_LUNG_T19	normal	
CTCGTACTCCCAAGTA_LUNG_T19	tumor	
CTCGTACTCCCTAACC_LUNG_T19	tumor	
CTCGTACTCCTTAATC_LUNG_T19	normal	
CTCGTACTCTACCAGA_LUNG_T19	normal	
CTCGTACTCTGGAGCC_LUNG_T19	normal	
CTCGTCAGTGATGTGG_LUNG_T19	tumor	
CTCGTCATCGGCGCAT_LUNG_T19	normal	
CTCTAATAGTCGATAA_LUNG_T19	tumor	
CTCTAATAGTTGCAGG_LUNG_T19	tumor	
CTCTAATCACTCTGTC_LUNG_T19	tumor	
CTCTAATCATCCAACA_LUNG_T19	tumor	
CTCTAATGTTAGAACA_LUNG_T19	tumor	
CTCTAATGTTTAGCTG_LUNG_T19	normal	
CTCTACGAGACGCACA_LUNG_T19	tumor	
CTCTACGAGGCGTACA_LUNG_T19	tumor	
CTCTACGAGTGTGGCA_LUNG_T19	normal	
CTCTACGCAAGGGTCA_LUNG_T19	tumor	
CTCTACGCAGCGTCCA_LUNG_T19	tumor	
CTCTACGGTACTTAGC_LUNG_T19	tumor	
CTCTACGGTAGGGACT_LUNG_T19	tumor	
CTCTACGTCCGTTGTC_LUNG_T19	normal	
CTCTACGTCCTCGCAT_LUNG_T19	normal	
CTCTACGTCTCTGTCG_LUNG_T19	tumor	
CTCTGGTCAAATACAG_LUNG_T19	tumor	
CTCTGGTCAATCGAAA_LUNG_T19	tumor	
CTCTGGTCACAGACAG_LUNG_T19	tumor	
CTCTGGTCAGGTCGTC_LUNG_T19	normal	
CTCTGGTGTGCGATAG_LUNG_T19	normal	
CTCTGGTTCGTTTATC_LUNG_T19	normal	
CTGAAACAGACTAGAT_LUNG_T19	normal	
CTGAAACAGGATGGTC_LUNG_T19	normal	
CTGAAACAGTGGGCTA_LUNG_T19	tumor	
CTGAAACAGTGTTGAA_LUNG_T19	normal	
CTGAAACCAATAGCGG_LUNG_T19	tumor	
CTGAAACCACGGCTAC_LUNG_T19	normal	
CTGAAACCACTGTCGG_LUNG_T19	normal	
CTGAAACCAGCTATTG_LUNG_T19	tumor	
CTGAAACGTAGGGTAC_LUNG_T19	tumor	
CTGAAACGTGAAAGAG_LUNG_T19	tumor	
CTGAAACTCACTATTC_LUNG_T19	normal	
CTGAAACTCTCTTGAT_LUNG_T19	normal	
CTGAAGTAGAACAATC_LUNG_T19	tumor	yes
CTGAAGTAGAAGGACA_LUNG_T19	tumor	
CTGAAGTAGGCAATTA_LUNG_T19	tumor	
CTGAAGTAGTTTAGGA_LUNG_T19	tumor	
CTGAAGTGTAGCTAAA_LUNG_T19	tumor	
CTGAAGTGTCACCTAA_LUNG_T19	tumor	
CTGAAGTTCAGTACGT_LUNG_T19	tumor	
CTGAAGTTCGGAAATA_LUNG_T19	tumor	
CTGAAGTTCTACTTAC_LUNG_T19	tumor	
CTGAAGTTCTTAGAGC_LUNG_T19	normal	
CTGATAGAGGATTCGG_LUNG_T19	normal	
CTGATAGAGTCGTTTG_LUNG_T19	tumor	
CTGATAGAGTGTCCAT_LUNG_T19	tumor	
CTGATAGCACCGTTGG_LUNG_T19	tumor	
CTGATCCCACTTGGAT_LUNG_T19	tumor	
CTGCCTAAGCTAGTCT_LUNG_T19	tumor	
CTGCCTACAAGAGTCG_LUNG_T19	normal	
CTGCCTACACCAGCAC_LUNG_T19	tumor	
CTGCCTAGTAATTGGA_LUNG_T19	normal	
CTGCCTATCCGGCACA_LUNG_T19	tumor	
CTGCGGAAGAAGGGTA_LUNG_T19	tumor	
CTGCGGAAGTGCGTGA_LUNG_T19	normal	
CTGCGGATCAGCTCTC_LUNG_T19	tumor	
CTGCGGATCCACGAAT_LUNG_T19	tumor	
CTGCGGATCTCACATT_LUNG_T19	tumor	
CTGCGGATCTGCGACG_LUNG_T19	tumor	
CTGCTGTCACGGTTTA_LUNG_T19	tumor	
CTGCTGTCAGGCGATA_LUNG_T19	tumor	
CTGCTGTGTAAGAGAG_LUNG_T19	normal	
CTGCTGTGTCAGAGGT_LUNG_T19	normal	
CTGCTGTTCCAAAGTC_LUNG_T19	normal	
CTGGTCTGTAAACGCG_LUNG_T19	tumor	
CTGGTCTGTAAATGTG_LUNG_T19	tumor	
CTGGTCTGTCATACTG_LUNG_T19	tumor	
CTGGTCTGTCGAGTTT_LUNG_T19	tumor	
CTGGTCTGTGCATCTA_LUNG_T19	normal	
CTGGTCTTCATCTGTT_LUNG_T19	normal	
CTGGTCTTCTGGTGTA_LUNG_T19	tumor	
CTGTGCTAGACTACAA_LUNG_T19	normal	
CTGTGCTCACAAGACG_LUNG_T19	normal	
CTGTGCTCACGCCAGT_LUNG_T19	normal	
CTGTGCTGTGCCTGCA_LUNG_T19	tumor	
CTGTGCTTCATATCGG_LUNG_T19	tumor	
CTGTTTAAGCTAAGAT_LUNG_T19	tumor	
CTGTTTACAAAGTGCG_LUNG_T19	tumor	
CTGTTTACAATAGCAA_LUNG_T19	tumor	
CTGTTTAGTCCGAATT_LUNG_T19	normal	
CTGTTTAGTTCCACTC_LUNG_T19	tumor	
CTTAACTAGCTAACTC_LUNG_T19	tumor	
CTTAACTCAAGCTGTT_LUNG_T19	tumor	
CTTAACTCACACTGCG_LUNG_T19	tumor	
CTTAACTCACTGAAGG_LUNG_T19	normal	
CTTAACTCATTCCTGC_LUNG_T19	tumor	
CTTAACTGTACCGAGA_LUNG_T19	normal	
CTTAACTGTCTAGTGT_LUNG_T19	normal	
CTTAACTTCACCGTAA_LUNG_T19	tumor	
CTTAACTTCCTAGTGA_LUNG_T19	normal	
CTTAACTTCTTTACGT_LUNG_T19	normal	
CTTACCGAGACTAGGC_LUNG_T19	tumor	
CTTACCGAGGCTCATT_LUNG_T19	normal	
CTTACCGAGTAGGTGC_LUNG_T19	tumor	
CTTACCGAGTCGTTTG_LUNG_T19	tumor	
CTTACCGCACTTCTGC_LUNG_T19	normal	
CTTACCGCATCCGGGT_LUNG_T19	tumor	
CTTACCGGTCTAGCGC_LUNG_T19	tumor	
CTTACCGTCAAACCAC_LUNG_T19	normal	
CTTACCGTCACAAACC_LUNG_T19	tumor	
CTTACCGTCCAAGTAC_LUNG_T19	normal	
CTTACCGTCTTGGGTA_LUNG_T19	tumor	
CTTAGGACACTATCTT_LUNG_T19	tumor	
CTTAGGACATAACCTG_LUNG_T19	tumor	
CTTAGGACATCCGTGG_LUNG_T19	tumor	
CTTAGGAGTGACTACT_LUNG_T19	tumor	
CTTAGGAGTGTGCGTC_LUNG_T19	tumor	
CTTAGGAGTTGTCTTT_LUNG_T19	tumor	
CTTAGGATCCTACAGA_LUNG_T19	tumor	
CTTCTCTCACATGTGT_LUNG_T19	tumor	
CTTCTCTCATATGCTG_LUNG_T19	tumor	
CTTCTCTGTAGAAAGG_LUNG_T19	normal	
CTTCTCTGTGGTGTAG_LUNG_T19	tumor	
CTTCTCTGTTCGGCAC_LUNG_T19	tumor	
CTTCTCTTCACCCTCA_LUNG_T19	normal	
CTTCTCTTCCAAACAC_LUNG_T19	tumor	
CTTGGCTAGTCCGTAT_LUNG_T19	tumor	
CTTGGCTAGTTCGCAT_LUNG_T19	tumor	
CTTGGCTCACATAACC_LUNG_T19	tumor	
CTTGGCTGTAGGCATG_LUNG_T19	tumor	
CTTGGCTGTCATTAGC_LUNG_T19	tumor	
CTTGGCTTCAAACCAC_LUNG_T19	normal	
CTTGGCTTCGGAGCAA_LUNG_T19	tumor	
CTTGGCTTCTGTCTAT_LUNG_T19	tumor	
CTTTGCGAGACGCAAC_LUNG_T19	tumor	
CTTTGCGAGCTGTCTA_LUNG_T19	tumor	
CTTTGCGGTTGTTTGG_LUNG_T19	tumor	
CTTTGCGTCATAGCAC_LUNG_T19	tumor	
GAAACTCAGCTAGGCA_LUNG_T19	normal	
GAAATGAAGTTGCAGG_LUNG_T19	tumor	
GAAATGAGTATATCCG_LUNG_T19	tumor	
GAAATGAGTCACCCAG_LUNG_T19	tumor	
GAAATGAGTCGCATCG_LUNG_T19	tumor	
GAAATGAGTGACAAAT_LUNG_T19	normal	
GAAATGAGTTGAGTTC_LUNG_T19	normal	
GAAATGAGTTGTACAC_LUNG_T19	normal	
GAACATCAGCAGGTCA_LUNG_T19	tumor	
GAACATCAGTTACCCA_LUNG_T19	tumor	
GAACATCGTATCACCA_LUNG_T19	tumor	
GAACATCGTGTGACGA_LUNG_T19	tumor	
GAACATCTCAAACAAG_LUNG_T19	tumor	
GAACATCTCAGCGATT_LUNG_T19	normal	
GAACATCTCATGTCCC_LUNG_T19	tumor	
GAACCTAAGACAGAGA_LUNG_T19	tumor	
GAACCTAAGCTGAACG_LUNG_T19	normal	
GAACCTAAGTACATGA_LUNG_T19	normal	
GAACCTACAATCGAAA_LUNG_T19	normal	
GAACCTACATCCGTGG_LUNG_T19	normal	
GAACCTAGTAATTGGA_LUNG_T19	normal	
GAACCTAGTATGGTTC_LUNG_T19	normal	
GAACCTAGTGGTAACG_LUNG_T19	tumor	
GAACCTATCATAGCAC_LUNG_T19	tumor	
GAACCTATCCGTTGCT_LUNG_T19	normal	
GAACGGAAGCACACAG_LUNG_T19	tumor	
GAACGGAGTAGCCTCG_LUNG_T19	tumor	
GAACGGAGTCCAGTTA_LUNG_T19	normal	
GAACGGAGTGTGAATA_LUNG_T19	tumor	
GAACGGAGTTCGTGAT_LUNG_T19	normal	
GAACGGAGTTCTGGTA_LUNG_T19	tumor	
GAACGGATCACTTACT_LUNG_T19	tumor	
GAACGGATCTCCCTGA_LUNG_T19	normal	
GAAGCAGAGATGGGTC_LUNG_T19	normal	
GAAGCAGAGCCACGCT_LUNG_T19	tumor	
GAAGCAGCATCCCATC_LUNG_T19	normal	
GAAGCAGGTCTAGCCG_LUNG_T19	tumor	
GAAGCAGGTGGTAACG_LUNG_T19	tumor	
GAAGCAGTCCCTTGTG_LUNG_T19	tumor	
GAAGCAGTCTGTCAAG_LUNG_T19	tumor	
GAATAAGAGAAGGGTA_LUNG_T19	tumor	
GAATAAGCAGTTAACC_LUNG_T19	tumor	
GAATAAGCATAAGACA_LUNG_T19	tumor	
GAATAAGGTTAGAACA_LUNG_T19	normal	
GAATAAGTCATCACCC_LUNG_T19	normal	
GAATAAGTCCTCCTAG_LUNG_T19	normal	
GAATAAGTCCTTAATC_LUNG_T19	tumor	
GAATAAGTCGTTGACA_LUNG_T19	normal	
GAATAAGTCTAACGGT_LUNG_T19	tumor	
GAATGAACAAGTAGTA_LUNG_T19	tumor	
GAATGAAGTGAGTGAC_LUNG_T19	tumor	
GAATGAAGTTACCGAT_LUNG_T19	normal	
GACACGCAGCAATCTC_LUNG_T19	normal	
GACACGCCAATCCAAC_LUNG_T19	tumor	
GACACGCCATCCAACA_LUNG_T19	tumor	
GACACGCGTAAACACA_LUNG_T19	tumor	
GACACGCGTCGAACAG_LUNG_T19	tumor	
GACACGCTCCTGTACC_LUNG_T19	normal	
GACACGCTCGGTGTTA_LUNG_T19	tumor	
GACAGAGAGCGCCTCA_LUNG_T19	normal	
GACAGAGAGCTGCAAG_LUNG_T19	tumor	
GACAGAGGTATAGGGC_LUNG_T19	tumor	
GACAGAGGTCCGACGT_LUNG_T19	tumor	
GACAGAGGTGGCGAAT_LUNG_T19	normal	
GACAGAGGTTACAGAA_LUNG_T19	normal	yes
GACAGAGTCCGTCATC_LUNG_T19	tumor	
GACCAATAGGAGTTGC_LUNG_T19	tumor	
GACCAATCAAGTCTAC_LUNG_T19	tumor	
GACCAATCACAACGTT_LUNG_T19	tumor	
GACCAATGTACATGTC_LUNG_T19	normal	yes
GACCAATGTACTCGCG_LUNG_T19	tumor	
GACCAATGTGATAAGT_LUNG_T19	normal	
GACCAATGTTCCCTTG_LUNG_T19	tumor	
GACCAATTCACATAGC_LUNG_T19	normal	
GACCAATTCACCATAG_LUNG_T19	tumor	
GACCAATTCTTCGGTC_LUNG_T19	tumor	
GACCTGGCAACACCCG_LUNG_T19	tumor	
GACCTGGTCGGAAATA_LUNG_T19	normal	
GACCTGGTCTACTTAC_LUNG_T19	tumor	
GACCTGGTCTTACCTA_LUNG_T19	normal	
GACGCGTAGATGGCGT_LUNG_T19	tumor	
GACGCGTAGGAGCGTT_LUNG_T19	normal	
GACGCGTCACAGCCCA_LUNG_T19	normal	
GACGCGTTCTCGATGA_LUNG_T19	normal	
GACGGCTAGGAGCGTT_LUNG_T19	tumor	
GACGGCTCATGTCGAT_LUNG_T19	tumor	
GACGGCTGTACGAAAT_LUNG_T19	tumor	
GACGGCTGTCCGCTGA_LUNG_T19	tumor	
GACGGCTGTCGAAAGC_LUNG_T19	normal	
GACGGCTGTGGAAAGA_LUNG_T19	tumor	
GACGGCTGTGGACGAT_LUNG_T19	tumor	
GACGGCTTCACCGGGT_LUNG_T19	normal	
GACGGCTTCAGTTCGA_LUNG_T19	tumor	
GACGGCTTCTCCTATA_LUNG_T19	tumor	
GACGTGCAGACCCACC_LUNG_T19	normal	
GACGTGCAGATGTAAC_LUNG_T19	tumor	
GACGTGCAGCCAGTAG_LUNG_T19	normal	
GACGTGCAGGTGCTAG_LUNG_T19	tumor	
GACGTGCCAAGTTCTG_LUNG_T19	normal	
GACGTGCCACAGATTC_LUNG_T19	normal	
GACGTGCTCAAACCGT_LUNG_T19	normal	yes
GACGTGCTCGAGCCCA_LUNG_T19	tumor	
GACGTGCTCTTGCCGT_LUNG_T19	tumor	
GACGTTATCATCACCC_LUNG_T19	tumor	
GACTAACAGATGTGTA_LUNG_T19	tumor	
GACTAACAGGCTAGCA_LUNG_T19	tumor	
GACTAACCACTCGACG_LUNG_T19	normal	
GACTAACCAGCTGCTG_LUNG_T19	tumor	
GACTAACGTAAAGTCA_LUNG_T19	tumor	
GACTAACGTAGGCATG_LUNG_T19	normal	
GACTAACTCGCAAGCC_LUNG_T19	normal	
GACTACAAGCGTGAAC_LUNG_T19	tumor	
GACTACAAGCGTTTAC_LUNG_T19	normal	
GACTACAAGTTGTCGT_LUNG_T19	normal	
GACTACACACGACTCG_LUNG_T19	normal	
GACTACACAGGGATTG_LUNG_T19	tumor	
GACTACAGTTCGCGAC_LUNG_T19	normal	
GACTACATCGACGGAA_LUNG_T19	tumor	
GACTGCGAGAAGCCCA_LUNG_T19	normal	
GACTGCGAGGTAGCTG_LUNG_T19	normal	
GACTGCGCAAGCTGAG_LUNG_T19	tumor	
GACTGCGGTACTTAGC_LUNG_T19	tumor	
GACTGCGGTCTGGTCG_LUNG_T19	normal	
GACTGCGGTGCTAGCC_LUNG_T19	tumor	
GAGCAGAAGCAGCCTC_LUNG_T19	normal	
GAGCAGACAAGCTGGA_LUNG_T19	tumor	
GAGCAGAGTCGGCACT_LUNG_T19	normal	
GAGCAGATCAGCAACT_LUNG_T19	tumor	
GAGCAGATCGGATGTT_LUNG_T19	normal	
GAGCAGATCTTGAGAC_LUNG_T19	normal	
GAGGTGACAACTGCGC_LUNG_T19	tumor	
GAGGTGAGTCAACATC_LUNG_T19	tumor	
GAGGTGATCAATCACG_LUNG_T19	normal	
GAGGTGATCACATGCA_LUNG_T19	normal	
GAGGTGATCCAAGCCG_LUNG_T19	tumor	
GAGGTGATCCCACTTG_LUNG_T19	tumor	
GAGGTGATCTGACCTC_LUNG_T19	normal	
GAGTCCGAGTACGATA_LUNG_T19	tumor	
GAGTCCGCATCCGTGG_LUNG_T19	normal	
GAGTCCGCATTTCAGG_LUNG_T19	tumor	
GAGTCCGGTAGCTAAA_LUNG_T19	normal	
GAGTCCGGTCTGCCAG_LUNG_T19	tumor	
GAGTCCGGTGAACCTT_LUNG_T19	tumor	
GAGTCCGTCCAGTAGT_LUNG_T19	tumor	
GAGTCCGTCTGTCCGT_LUNG_T19	normal	
GATCAGTAGCCAACAG_LUNG_T19	tumor	
GATCAGTCACATCCGG_LUNG_T19	normal	
GATCAGTGTAAGAGAG_LUNG_T19	normal	
GATCAGTGTGAGGGAG_LUNG_T19	tumor	
GATCGATGTTGCGTTA_LUNG_T19	tumor	
GATCGATGTTTGACAC_LUNG_T19	normal	
GATCGATTCCAAATGC_LUNG_T19	normal	
GATCGCGAGAAGAAGC_LUNG_T19	tumor	
GATCGCGCACAAGTAA_LUNG_T19	tumor	
GATCGCGCATGCCTTC_LUNG_T19	tumor	
GATCGCGGTGTTCTTT_LUNG_T19	tumor	
GATCGCGTCAGCTCGG_LUNG_T19	tumor	
GATCGCGTCCCAGGTG_LUNG_T19	normal	
GATCGTAAGAAACGAG_LUNG_T19	tumor	
GATCGTAAGAGCTATA_LUNG_T19	tumor	
GATCGTACAAGGCTCC_LUNG_T19	tumor	
GATCGTACAGGACGTA_LUNG_T19	tumor	
GATCGTATCGACGGAA_LUNG_T19	tumor	
GATCTAGAGAAACCGC_LUNG_T19	normal	
GATCTAGCAAGAAAGG_LUNG_T19	tumor	
GATCTAGCATAGAAAC_LUNG_T19	tumor	
GATCTAGTCACTATTC_LUNG_T19	normal	
GATGAAAAGTGACATA_LUNG_T19	tumor	
GATGAAACACACAGAG_LUNG_T19	tumor	
GATGAAAGTGATAAGT_LUNG_T19	tumor	
GATGAAAGTGGACGAT_LUNG_T19	tumor	
GATGAAAGTTGTGGAG_LUNG_T19	normal	
GATGAAAGTTTGTTTC_LUNG_T19	tumor	
GATGAGGAGACTAAGT_LUNG_T19	normal	
GATGAGGAGTACGCCC_LUNG_T19	tumor	
GATGAGGTCTGCTTGC_LUNG_T19	tumor	
GATGCTAAGGATGTAT_LUNG_T19	tumor	
GATGCTAAGTGCGATG_LUNG_T19	normal	
GATGCTAGTCATGCAT_LUNG_T19	tumor	
GATGCTAGTTCCCGAG_LUNG_T19	tumor	
GATGCTATCACCCTCA_LUNG_T19	tumor	
GATGCTATCGCCGTGA_LUNG_T19	tumor	
GATTCAGAGTGTCCAT_LUNG_T19	normal	
GATTCAGCAAGCTGGA_LUNG_T19	tumor	
GATTCAGGTAGGACAC_LUNG_T19	tumor	
GATTCAGGTCGAATCT_LUNG_T19	normal	
GATTCAGTCGTCACGG_LUNG_T19	normal	
GCAAACTAGTTGTCGT_LUNG_T19	tumor	
GCAAACTCACCAGGCT_LUNG_T19	tumor	
GCAAACTCAGGCAGTA_LUNG_T19	tumor	
GCAAACTCAGGCTCAC_LUNG_T19	normal	
GCAAACTCAGTATAAG_LUNG_T19	normal	
GCAAACTCATCAGTAC_LUNG_T19	normal	
GCAAACTGTGGTCTCG_LUNG_T19	tumor	
GCAAACTGTTGATTCG_LUNG_T19	tumor	
GCAAACTTCAAAGTAG_LUNG_T19	tumor	
GCAAACTTCGATCCCT_LUNG_T19	tumor	
GCAATCAAGGGTGTGT_LUNG_T19	normal	
GCAATCAAGTACTTGC_LUNG_T19	tumor	
GCAATCACAATGCCAT_LUNG_T19	tumor	
GCAATCAGTCCAACTA_LUNG_T19	tumor	
GCAATCAGTGATGATA_LUNG_T19	tumor	
GCAATCATCGCCTGTT_LUNG_T19	tumor	
GCACATACAACAACCT_LUNG_T19	tumor	
GCACATACACGAAGCA_LUNG_T19	tumor	
GCACATACATCACAAC_LUNG_T19	normal	
GCACATAGTCGGCACT_LUNG_T19	tumor	
GCACATATCATCATTC_LUNG_T19	tumor	
GCACATATCTGTTTGT_LUNG_T19	normal	
GCACTCTAGAGTACAT_LUNG_T19	tumor	
GCACTCTAGATCACGG_LUNG_T19	normal	
GCACTCTAGTTTGCGT_LUNG_T19	tumor	
GCACTCTCAGGGCATA_LUNG_T19	tumor	
GCACTCTCAGTTCCCT_LUNG_T19	normal	
GCACTCTCATGGTCTA_LUNG_T19	tumor	
GCACTCTTCGTCCAGG_LUNG_T19	tumor	
GCACTCTTCTCACATT_LUNG_T19	tumor	
GCACTCTTCTCGTATT_LUNG_T19	tumor	
GCACTCTTCTCGTTTA_LUNG_T19	tumor	
GCAGCCAGTACTCGCG_LUNG_T19	normal	
GCAGCCAGTCTAGTCA_LUNG_T19	normal	
GCAGCCAGTTCAGGCC_LUNG_T19	tumor	
GCAGCCATCCACTCCA_LUNG_T19	tumor	
GCAGCCATCCCATTTA_LUNG_T19	tumor	
GCAGCCATCGGCGGTT_LUNG_T19	normal	
GCAGCCATCTAGCACA_LUNG_T19	tumor	
GCAGTTAAGAGCTGCA_LUNG_T19	normal	
GCAGTTAAGATGTAAC_LUNG_T19	tumor	
GCAGTTAAGGGTCTCC_LUNG_T19	normal	
GCAGTTACATTAGGCT_LUNG_T19	tumor	
GCAGTTAGTGAAATCA_LUNG_T19	normal	
GCAGTTAGTGGTTTCA_LUNG_T19	normal	
GCAGTTATCGCGCCAA_LUNG_T19	tumor	
GCAGTTATCGCGTTTC_LUNG_T19	normal	
GCAGTTATCGTTTAGG_LUNG_T19	tumor	
GCATACAAGTGTCCCG_LUNG_T19	tumor	
GCATACACAACGCACC_LUNG_T19	tumor	
GCATACACATCACGAT_LUNG_T19	normal	
GCATACAGTATTACCG_LUNG_T19	tumor	
GCATACAGTTCCACAA_LUNG_T19	normal	
GCATACAGTTCTGAAC_LUNG_T19	normal	
GCATGATAGTCGCCGT_LUNG_T19	normal	yes
GCATGATAGTGGTCCC_LUNG_T19	normal	
GCATGATAGTTAGCGG_LUNG_T19	normal	
GCATGATCACATTAGC_LUNG_T19	tumor	
GCATGATCAGTGGGAT_LUNG_T19	tumor	
GCATGATCATCTCCCA_LUNG_T19	tumor	
GCATGCGAGACAAGCC_LUNG_T19	tumor	
GCATGCGAGGTGATAT_LUNG_T19	tumor	
GCATGCGCAACTGCGC_LUNG_T19	normal	
GCATGCGCAAGTCTAC_LUNG_T19	normal	
GCATGCGCACAGACTT_LUNG_T19	normal	
GCATGCGCACGCATCG_LUNG_T19	normal	
GCATGCGGTCAAAGAT_LUNG_T19	tumor	
GCATGCGGTCTAGAGG_LUNG_T19	normal	
GCATGCGTCAACGGCC_LUNG_T19	tumor	
GCATGCGTCCTAAGTG_LUNG_T19	normal	
GCATGCGTCTTTACAC_LUNG_T19	normal	
GCATGTACACATGGGA_LUNG_T19	tumor	
GCATGTAGTCTTGTCC_LUNG_T19	tumor	
GCATGTATCACTTCAT_LUNG_T19	normal	
GCATGTATCAGGCGAA_LUNG_T19	tumor	
GCATGTATCGCGTAGC_LUNG_T19	tumor	
GCATGTATCTTCGGTC_LUNG_T19	normal	
GCCAAATAGTCTCCTC_LUNG_T19	tumor	
GCCAAATCAATGGATA_LUNG_T19	normal	
GCCAAATGTAGCGCTC_LUNG_T19	tumor	
GCCAAATGTTGTTTGG_LUNG_T19	normal	
GCCAAATTCAACCAAC_LUNG_T19	tumor	
GCCAAATTCGATAGAA_LUNG_T19	tumor	
GCCAAATTCGCAAGCC_LUNG_T19	tumor	
GCCAAATTCTGCTTGC_LUNG_T19	tumor	
GCCTCTAAGAAGGGTA_LUNG_T19	tumor	
GCCTCTAAGCTAAACA_LUNG_T19	tumor	
GCCTCTACATTACGAC_LUNG_T19	tumor	
GCCTCTAGTGGACGAT_LUNG_T19	tumor	
GCCTCTAGTTCTGGTA_LUNG_T19	normal	
GCCTCTATCCAGGGCT_LUNG_T19	tumor	
GCGACCAAGCACGCCT_LUNG_T19	normal	
GCGACCAAGCCTTGAT_LUNG_T19	normal	
GCGACCACAAATTGCC_LUNG_T19	normal	
GCGACCACACAACGCC_LUNG_T19	normal	
GCGAGAAAGAGCAATT_LUNG_T19	tumor	
GCGAGAAAGATGCGAC_LUNG_T19	tumor	
GCGAGAACAGCTGTGC_LUNG_T19	normal	
GCGAGAACATCCCATC_LUNG_T19	normal	
GCGAGAAGTCTAGTCA_LUNG_T19	normal	
GCGAGAAGTGTTTGGT_LUNG_T19	normal	
GCGAGAAGTTACAGAA_LUNG_T19	tumor	
GCGAGAAGTTCACCTC_LUNG_T19	tumor	
GCGAGAATCAGCTGGC_LUNG_T19	normal	
GCGAGAATCCTCCTAG_LUNG_T19	normal	
GCGCAACAGAGATGAG_LUNG_T19	normal	
GCGCAACAGCACGCCT_LUNG_T19	tumor	
GCGCAACCAAGAAAGG_LUNG_T19	tumor	
GCGCAACCACAAGCCC_LUNG_T19	tumor	
GCGCAACGTTTGTTGG_LUNG_T19	normal	
GCGCAACTCATGTGGT_LUNG_T19	normal	
GCGCAGTAGGCGACAT_LUNG_T19	tumor	
GCGCAGTAGTAAGTAC_LUNG_T19	tumor	
GCGCAGTCAATCAGAA_LUNG_T19	normal	
GCGCAGTGTAGGACAC_LUNG_T19	normal	
GCGCAGTGTCTCTTTA_LUNG_T19	normal	
GCGCAGTTCCAATGGT_LUNG_T19	tumor	
GCGCAGTTCCGAACGC_LUNG_T19	normal	
GCGCAGTTCGTAGGTT_LUNG_T19	tumor	
GCGCAGTTCTACCAGA_LUNG_T19	tumor	
GCGCCAAAGAGTTGGC_LUNG_T19	tumor	
GCGCCAATCAACGGCC_LUNG_T19	normal	
GCGCCAATCGGCGCTA_LUNG_T19	tumor	
GCGCGATAGACTAGAT_LUNG_T19	tumor	
GCGCGATAGGCCATAG_LUNG_T19	tumor	
GCGCGATAGTGGACGT_LUNG_T19	normal	
GCGCGATCAAGAGGCT_LUNG_T19	tumor	
GCGCGATCATAGACTC_LUNG_T19	tumor	
GCGCGATGTCACACGC_LUNG_T19	normal	
GCGCGATGTCCGAAGA_LUNG_T19	normal	
GCGCGATGTTCGAATC_LUNG_T19	tumor	
GCGCGATTCCTCCTAG_LUNG_T19	tumor	
GCGGGTTAGCGCCTCA_LUNG_T19	tumor	
GCGGGTTAGGTAGCTG_LUNG_T19	tumor	
GCGGGTTAGTGCCATT_LUNG_T19	normal	
GCGGGTTCAGCTGTAT_LUNG_T19	tumor	
GCGGGTTCATACGCCG_LUNG_T19	tumor	
GCGGGTTGTAACGACG_LUNG_T19	tumor	
GCGGGTTGTCTACCTC_LUNG_T19	tumor	
GCGGGTTGTTACGCGC_LUNG_T19	tumor	
GCTCCTAAGTGAAGTT_LUNG_T19	tumor	
GCTCCTAAGTGGAGTC_LUNG_T19	normal	
GCTCCTACACGCATCG_LUNG_T19	tumor	
GCTCCTAGTAACGCGA_LUNG_T19	tumor	
GCTCCTAGTAGGGTAC_LUNG_T19	tumor	
GCTCCTATCACGCGGT_LUNG_T19	normal	
GCTCCTATCCTCAACC_LUNG_T19	tumor	
GCTCCTATCCTGCAGG_LUNG_T19	normal	
GCTCTGTAGTAGATGT_LUNG_T19	normal	
GCTCTGTCACCGATAT_LUNG_T19	tumor	
GCTCTGTCATAGACTC_LUNG_T19	normal	
GCTCTGTCATCTATGG_LUNG_T19	tumor	
GCTCTGTCATTATCTC_LUNG_T19	tumor	
GCTCTGTGTACGAAAT_LUNG_T19	normal	
GCTCTGTGTTGATTGC_LUNG_T19	normal	
GCTCTGTTCCGGGTGT_LUNG_T19	tumor	
GCTCTGTTCTCGAGTA_LUNG_T19	normal	
GCTGCAGAGATAGTCA_LUNG_T19	tumor	
GCTGCAGAGGACGAAA_LUNG_T19	tumor	
GCTGCAGAGTATCGAA_LUNG_T19	normal	
GCTGCAGTCCACGCAG_LUNG_T19	tumor	
GCTGCGACAACGATGG_LUNG_T19	normal	
GCTGCGAGTAAATGTG_LUNG_T19	tumor	
GCTGCGAGTCTCCACT_LUNG_T19	tumor	
GCTGCGAGTGTAATGA_LUNG_T19	tumor	
GCTGCGATCCGCAGTG_LUNG_T19	tumor	
GCTGCGATCTGGTTCC_LUNG_T19	tumor	
GCTGCTTAGAATGTTG_LUNG_T19	normal	
GCTGCTTGTCTGCAAT_LUNG_T19	normal	
GCTGCTTTCCAGGGCT_LUNG_T19	normal	
GCTGCTTTCCGCGGTA_LUNG_T19	tumor	
GCTGCTTTCCGTTGCT_LUNG_T19	normal	
GCTGCTTTCTACCAGA_LUNG_T19	tumor	
GCTGCTTTCTTGCCGT_LUNG_T19	tumor	
GCTGCTTTCTTTCCTC_LUNG_T19	tumor	
GCTGGGTAGTCCGTAT_LUNG_T19	tumor	
GCTGGGTCAAGGTGTG_LUNG_T19	normal	
GCTGGGTCATTTGCTT_LUNG_T19	tumor	
GCTGGGTGTCTTGTCC_LUNG_T19	tumor	
GCTGGGTTCCTACAGA_LUNG_T19	normal	
GCTTCCAAGCCAGTTT_LUNG_T19	tumor	
GCTTCCAAGGCAGTCA_LUNG_T19	tumor	
GCTTCCAAGTGAAGTT_LUNG_T19	tumor	
GCTTCCAGTGCATCTA_LUNG_T19	normal	
GCTTCCATCCACGCAG_LUNG_T19	normal	
GCTTGAAAGCCATCGC_LUNG_T19	normal	
GCTTGAAAGCTTCGCG_LUNG_T19	tumor	
GCTTGAACACACGCTG_LUNG_T19	tumor	
GCTTGAAGTCGGCACT_LUNG_T19	normal	
GGAAAGCAGAAGAAGC_LUNG_T19	tumor	
GGAAAGCAGCTCAACT_LUNG_T19	normal	
GGAAAGCAGGACAGAA_LUNG_T19	normal	
GGAAAGCCAACTGCGC_LUNG_T19	normal	
GGAAAGCCACTGAAGG_LUNG_T19	normal	
GGAAAGCCAGTCAGAG_LUNG_T19	normal	
GGAAAGCTCACTCTTA_LUNG_T19	tumor	
GGAACTTCAAACAACA_LUNG_T19	normal	
GGAACTTCAACACCTA_LUNG_T19	tumor	
GGAACTTCAGAGTGTG_LUNG_T19	tumor	
GGAACTTCATCGGGTC_LUNG_T19	tumor	
GGAACTTGTGACTCAT_LUNG_T19	tumor	
GGAACTTGTTGATTGC_LUNG_T19	tumor	
GGAACTTTCCTTCAAT_LUNG_T19	tumor	
GGAACTTTCTGCAAGT_LUNG_T19	tumor	
GGAATAACATGAAGTA_LUNG_T19	tumor	
GGAATAAGTAAACCTC_LUNG_T19	tumor	
GGAATAAGTGTGGTTT_LUNG_T19	normal	
GGAATAAGTTCTCATT_LUNG_T19	tumor	
GGAATAATCACATACG_LUNG_T19	normal	
GGAATAATCACTTATC_LUNG_T19	tumor	
GGAATAATCAGAGACG_LUNG_T19	tumor	
GGAATAATCTCGTTTA_LUNG_T19	tumor	
GGAATAATCTTCATGT_LUNG_T19	normal	
GGAATAATCTTGCATT_LUNG_T19	normal	
GGACAAGCACAGCGTC_LUNG_T19	tumor	
GGACAAGCACATCTTT_LUNG_T19	normal	
GGACAGAAGACAAGCC_LUNG_T19	tumor	
GGACAGAAGAGCTGGT_LUNG_T19	tumor	
GGACAGACACCAGATT_LUNG_T19	normal	
GGACAGAGTCTACCTC_LUNG_T19	tumor	
GGACAGATCACAATGC_LUNG_T19	normal	
GGACAGATCATGTGGT_LUNG_T19	tumor	
GGACAGATCGAATGCT_LUNG_T19	tumor	
GGACATTAGACCCACC_LUNG_T19	normal	
GGACATTAGATGTTAG_LUNG_T19	tumor	
GGACATTCAGACGCAA_LUNG_T19	tumor	
GGACATTGTGCAACGA_LUNG_T19	tumor	
GGACATTTCCGTAGGC_LUNG_T19	tumor	
GGACGTCAGGCATTGG_LUNG_T19	normal	
GGACGTCAGTGAACGC_LUNG_T19	tumor	
GGACGTCGTAACGCGA_LUNG_T19	tumor	
GGAGCAAAGCAATCTC_LUNG_T19	tumor	
GGAGCAACATATGGTC_LUNG_T19	tumor	
GGAGCAAGTCCCTTGT_LUNG_T19	tumor	
GGAGCAAGTGAGGGAG_LUNG_T19	tumor	
GGAGCAATCTCGCATC_LUNG_T19	tumor	
GGATGTTAGCGCCTTG_LUNG_T19	normal	
GGATGTTCACGGCCAT_LUNG_T19	normal	
GGATTACAGATATACG_LUNG_T19	tumor	
GGATTACAGTGTTTGC_LUNG_T19	tumor	
GGATTACCAGCCTGTG_LUNG_T19	tumor	
GGATTACCAGTTTACG_LUNG_T19	normal	
GGATTACGTATCGCAT_LUNG_T19	tumor	
GGATTACTCATAAAGG_LUNG_T19	tumor	
GGATTACTCTCTTATG_LUNG_T19	tumor	
GGCAATTAGTTAACGA_LUNG_T19	tumor	
GGCAATTCAAGAGGCT_LUNG_T19	tumor	
GGCAATTCAGGAACGT_LUNG_T19	normal	
GGCAATTCAGTCACTA_LUNG_T19	normal	
GGCAATTGTAACGACG_LUNG_T19	tumor	
GGCAATTGTTCGGGCT_LUNG_T19	tumor	
GGCAATTTCGGCATCG_LUNG_T19	normal	
GGCCGATAGAGCTGGT_LUNG_T19	tumor	
GGCCGATCACACTGCG_LUNG_T19	normal	
GGCCGATCAGTATCTG_LUNG_T19	tumor	
GGCCGATGTGTAATGA_LUNG_T19	tumor	
GGCCGATTCAATCACG_LUNG_T19	tumor	
GGCCGATTCCGCGTTT_LUNG_T19	normal	
GGCGACTAGTGTTGAA_LUNG_T19	tumor	
GGCGACTAGTTGTCGT_LUNG_T19	tumor	
GGCGACTGTCATTAGC_LUNG_T19	tumor	
GGCGACTGTCCAAGTT_LUNG_T19	tumor	
GGCGACTGTGGGTATG_LUNG_T19	tumor	
GGCGTGTAGGGATGGG_LUNG_T19	tumor	
GGCGTGTAGTATGACA_LUNG_T19	normal	
GGCGTGTAGTCCATAC_LUNG_T19	normal	
GGCGTGTCAATGGAAT_LUNG_T19	normal	
GGCGTGTCACGCATCG_LUNG_T19	normal	
GGCGTGTTCGCCTGAG_LUNG_T19	normal	
GGCGTGTTCGTCCGTT_LUNG_T19	tumor	
GGCGTGTTCTCTTATG_LUNG_T19	tumor	
GGCTCGAAGCTCCTTC_LUNG_T19	tumor	
GGCTCGACATGTTGAC_LUNG_T19	tumor	
GGCTCGAGTTACGACT_LUNG_T19	normal	
GGCTCGATCACCCTCA_LUNG_T19	normal	
GGCTGGTAGACTGTAA_LUNG_T19	tumor	
GGCTGGTCAAGAAAGG_LUNG_T19	tumor	
GGCTGGTCAATGGAAT_LUNG_T19	tumor	
GGCTGGTGTCTAGGTT_LUNG_T19	normal	
GGCTGGTGTGTATGGG_LUNG_T19	normal	
GGCTGGTGTTGAGTTC_LUNG_T19	tumor	
GGCTGGTTCCAAATGC_LUNG_T19	tumor	
GGCTGGTTCCTCAATT_LUNG_T19	normal	
GGCTGGTTCCTCCTAG_LUNG_T19	normal	
GGGAATGCAGGAATCG_LUNG_T19	normal	
GGGAATGGTGTGGCTC_LUNG_T19	normal	
GGGAATGGTGTGTGCC_LUNG_T19	tumor	
GGGAATGTCTTTACAC_LUNG_T19	tumor	
GGGACCTAGCCGTCGT_LUNG_T19	normal	
GGGACCTAGTACGACG_LUNG_T19	tumor	
GGGACCTAGTGTACTC_LUNG_T19	tumor	
GGGACCTCAAGCTGTT_LUNG_T19	normal	
GGGACCTCACGAAAGC_LUNG_T19	normal	
GGGACCTCATACTCTT_LUNG_T19	tumor	
GGGACCTGTCTCCCTA_LUNG_T19	normal	
GGGACCTGTGAAATCA_LUNG_T19	tumor	
GGGACCTGTGGGTATG_LUNG_T19	tumor	
GGGACCTTCCCGACTT_LUNG_T19	tumor	
GGGAGATAGGCATGGT_LUNG_T19	normal	
GGGAGATAGGCATGTG_LUNG_T19	tumor	
GGGAGATCAGATAATG_LUNG_T19	normal	
GGGAGATGTAGCCTCG_LUNG_T19	normal	
GGGAGATGTCAACATC_LUNG_T19	tumor	
GGGAGATGTGAGCGAT_LUNG_T19	normal	
GGGAGATTCATCACCC_LUNG_T19	tumor	
GGGATGAAGAAGCCCA_LUNG_T19	tumor	
GGGATGAAGCCGATTT_LUNG_T19	tumor	
GGGATGAAGCGTGAGT_LUNG_T19	tumor	
GGGATGACAGTGACAG_LUNG_T19	tumor	
GGGATGAGTACGAAAT_LUNG_T19	tumor	
GGGATGATCTCTTATG_LUNG_T19	tumor	
GGGCACTAGCCACGTC_LUNG_T19	tumor	
GGGCACTAGTGAATTG_LUNG_T19	tumor	
GGGCACTCAAAGGCGT_LUNG_T19	tumor	
GGGCACTCAGTCGTGC_LUNG_T19	normal	
GGGCACTGTTCATGGT_LUNG_T19	tumor	
GGGCACTTCATCATTC_LUNG_T19	tumor	
GGGCACTTCCCTAACC_LUNG_T19	tumor	
GGGCATCAGGGCACTA_LUNG_T19	tumor	
GGGCATCAGTGAACAT_LUNG_T19	normal	
GGGCATCGTCGCTTTC_LUNG_T19	tumor	
GGGTCTGAGAAACCGC_LUNG_T19	tumor	
GGGTCTGAGATGCGAC_LUNG_T19	normal	
GGGTCTGAGCGAGAAA_LUNG_T19	tumor	
GGGTCTGAGGTGATAT_LUNG_T19	tumor	
GGGTCTGCATCCGGGT_LUNG_T19	normal	
GGGTCTGCATCTGGTA_LUNG_T19	normal	
GGGTCTGGTCCTCCAT_LUNG_T19	tumor	
GGGTCTGTCTCGTTTA_LUNG_T19	tumor	
GGGTTGCAGCTAAGAT_LUNG_T19	normal	
GGGTTGCGTCGAATCT_LUNG_T19	normal	
GGGTTGCTCGCTTAGA_LUNG_T19	tumor	
GGGTTGCTCGGAATCT_LUNG_T19	tumor	
GGTATTGAGAGGTTGC_LUNG_T19	normal	
GGTATTGAGGATTCGG_LUNG_T19	normal	
GGTATTGAGTATCGAA_LUNG_T19	tumor	
GGTATTGAGTGTCCAT_LUNG_T19	tumor	
GGTATTGCAAAGAATC_LUNG_T19	normal	
GGTATTGCACCGTTGG_LUNG_T19	tumor	
GGTATTGCATCGATGT_LUNG_T19	tumor	
GGTATTGGTGTTCTTT_LUNG_T19	tumor	
GGTATTGGTTTCGCTC_LUNG_T19	normal	
GGTATTGTCCAAAGTC_LUNG_T19	normal	
GGTGAAGAGAGACTTA_LUNG_T19	tumor	
GGTGAAGAGTTCGCAT_LUNG_T19	tumor	
GGTGAAGCAAAGCAAT_LUNG_T19	tumor	
GGTGAAGCACCGGAAA_LUNG_T19	normal	
GGTGAAGGTCGCCATG_LUNG_T19	normal	
GGTGAAGTCAACGAAA_LUNG_T19	tumor	yes
GGTGAAGTCAGAGGTG_LUNG_T19	tumor	
GGTGCGTAGACTAAGT_LUNG_T19	tumor	
GGTGCGTAGACTTTCG_LUNG_T19	tumor	
GGTGCGTAGCCACGTC_LUNG_T19	tumor	
GGTGCGTAGCCAGTAG_LUNG_T19	normal	
GGTGCGTCACGCATCG_LUNG_T19	normal	
GGTGCGTGTGGTCTCG_LUNG_T19	normal	
GGTGCGTGTTACCGAT_LUNG_T19	normal	
GGTGCGTTCAGGTAAA_LUNG_T19	tumor	
GGTGCGTTCCTGCAGG_LUNG_T19	normal	
GGTGTTACAATTCCTT_LUNG_T19	tumor	
GGTGTTACACGTAAGG_LUNG_T19	tumor	
GGTGTTACATTCTTAC_LUNG_T19	tumor	
GGTGTTAGTCTAGTCA_LUNG_T19	tumor	
GGTGTTAGTGCGATAG_LUNG_T19	normal	
GTAACGTAGTGCAAGC_LUNG_T19	normal	
GTAACGTCAGTGAGTG_LUNG_T19	normal	
GTAACGTGTCACTTCC_LUNG_T19	normal	
GTAACGTGTCTGCCAG_LUNG_T19	normal	
GTAACGTTCCACGCAG_LUNG_T19	tumor	
GTAACTGAGTCAATAG_LUNG_T19	normal	
GTAACTGGTATAAACG_LUNG_T19	tumor	
GTAACTGTCGACCAGC_LUNG_T19	tumor	
GTAACTGTCTGCTGCT_LUNG_T19	tumor	
GTACGTACACCCTATC_LUNG_T19	tumor	
GTACGTAGTAGAGTGC_LUNG_T19	tumor	
GTACGTAGTATATGGA_LUNG_T19	tumor	
GTACTCCAGGCGTACA_LUNG_T19	tumor	
GTACTCCCACCGATAT_LUNG_T19	normal	
GTACTCCGTGAGTGAC_LUNG_T19	tumor	
GTACTCCTCAATCACG_LUNG_T19	tumor	
GTACTCCTCAGGTAAA_LUNG_T19	normal	
GTACTCCTCCAGTAGT_LUNG_T19	tumor	
GTACTCCTCCTTTCGG_LUNG_T19	normal	
GTACTCCTCTCGTATT_LUNG_T19	normal	
GTACTTTAGAACTCGG_LUNG_T19	tumor	
GTACTTTAGCCACCTG_LUNG_T19	tumor	
GTACTTTCAGGAACGT_LUNG_T19	normal	
GTACTTTGTAACGCGA_LUNG_T19	tumor	
GTACTTTGTGCACTTA_LUNG_T19	tumor	
GTACTTTTCAAACCGT_LUNG_T19	tumor	
GTACTTTTCTGCCCTA_LUNG_T19	tumor	
GTAGGCCCAACCGCCA_LUNG_T19	normal	
GTAGGCCGTATGGTTC_LUNG_T19	tumor	
GTAGGCCTCTACGAGT_LUNG_T19	tumor	
GTAGTCAGTGCGGTAA_LUNG_T19	normal	
GTAGTCATCGCGGATC_LUNG_T19	tumor	
GTATCTTAGAAGCCCA_LUNG_T19	tumor	
GTATCTTAGTCAAGGC_LUNG_T19	tumor	
GTATCTTCACATCTTT_LUNG_T19	tumor	
GTATCTTTCAACTCTT_LUNG_T19	tumor	
GTATTCTAGATACACA_LUNG_T19	tumor	
GTATTCTCAGCCAGAA_LUNG_T19	tumor	
GTATTCTCAGTAAGCG_LUNG_T19	normal	
GTATTCTGTAGCGTAG_LUNG_T19	tumor	
GTATTCTTCCTAGTGA_LUNG_T19	normal	
GTATTCTTCGGAGCAA_LUNG_T19	tumor	
GTCAAGTAGAGCTGCA_LUNG_T19	tumor	
GTCAAGTAGAGGGCTT_LUNG_T19	normal	
GTCAAGTTCTGTCAAG_LUNG_T19	tumor	
GTCACAAAGATGCCTT_LUNG_T19	normal	
GTCACAAAGCAGGCTA_LUNG_T19	tumor	
GTCACAAAGTCTTGCA_LUNG_T19	normal	
GTCACAACAGCCACCA_LUNG_T19	tumor	
GTCACAAGTACCGAGA_LUNG_T19	normal	
GTCACAAGTAGGGTAC_LUNG_T19	tumor	
GTCACAATCAATCTCT_LUNG_T19	normal	
GTCACGGAGGTTACCT_LUNG_T19	normal	
GTCACGGCAATGACCT_LUNG_T19	normal	
GTCACGGCAATTCCTT_LUNG_T19	normal	
GTCACGGCAGCCAATT_LUNG_T19	tumor	
GTCACGGGTGAGTGAC_LUNG_T19	normal	
GTCACGGTCACCCGAG_LUNG_T19	tumor	
GTCACGGTCCGCAAGC_LUNG_T19	tumor	
GTCACGGTCCGTTGCT_LUNG_T19	tumor	
GTCATTTAGCGAGAAA_LUNG_T19	tumor	
GTCATTTCAACACCCG_LUNG_T19	tumor	
GTCATTTCAACACGCC_LUNG_T19	normal	
GTCATTTCACCGAAAG_LUNG_T19	tumor	
GTCATTTCAGTATAAG_LUNG_T19	tumor	
GTCATTTGTAGAAGGA_LUNG_T19	tumor	
GTCATTTGTATAATGG_LUNG_T19	tumor	
GTCATTTGTCTTGCGG_LUNG_T19	tumor	
GTCATTTTCTGCGACG_LUNG_T19	normal	
GTCATTTTCTTGAGAC_LUNG_T19	normal	
GTCCTCAAGAGTCTGG_LUNG_T19	normal	
GTCCTCAAGGGTATCG_LUNG_T19	tumor	
GTCCTCAAGTTAGGTA_LUNG_T19	tumor	
GTCCTCACAAAGTCAA_LUNG_T19	tumor	
GTCCTCACATCCGCGA_LUNG_T19	normal	
GTCCTCAGTATAGGTA_LUNG_T19	tumor	
GTCCTCAGTCATCGGC_LUNG_T19	tumor	
GTCCTCAGTCCATGAT_LUNG_T19	tumor	
GTCCTCATCTGGTTCC_LUNG_T19	tumor	
GTCGGGTAGGATCGCA_LUNG_T19	normal	
GTCGGGTCACGGTGTC_LUNG_T19	normal	
GTCGGGTCATATACCG_LUNG_T19	normal	
GTCGGGTGTACCGTAT_LUNG_T19	tumor	
GTCGGGTGTGAGCGAT_LUNG_T19	tumor	
GTCGGGTGTGTGAAAT_LUNG_T19	normal	
GTCGGGTTCCTTGCCA_LUNG_T19	normal	
GTCGTAAAGTATGACA_LUNG_T19	tumor	
GTCGTAACACTGCCAG_LUNG_T19	normal	
GTCGTAACATGCATGT_LUNG_T19	tumor	
GTCGTAAGTCTCAACA_LUNG_T19	normal	
GTCTCGTAGGACTGGT_LUNG_T19	normal	
GTCTCGTCATCGTCGG_LUNG_T19	normal	
GTCTCGTTCCGAATGT_LUNG_T19	tumor	
GTCTCGTTCGAACGGA_LUNG_T19	normal	
GTCTTCGAGTACTTGC_LUNG_T19	normal	
GTCTTCGCATGTAAGA_LUNG_T19	tumor	
GTCTTCGGTATAGGTA_LUNG_T19	tumor	
GTCTTCGTCATTATCC_LUNG_T19	normal	
GTCTTCGTCCAAGCCG_LUNG_T19	tumor	
GTCTTCGTCGACCAGC_LUNG_T19	normal	
GTCTTCGTCGCAAACT_LUNG_T19	normal	
GTGAAGGAGCTACCGC_LUNG_T19	normal	
GTGAAGGCAAGAAAGG_LUNG_T19	normal	
GTGAAGGGTGCAGTAG_LUNG_T19	tumor	
GTGAAGGTCGAACGGA_LUNG_T19	tumor	
GTGCAGCAGATAGCAT_LUNG_T19	normal	
GTGCAGCAGGGTCTCC_LUNG_T19	normal	
GTGCAGCAGTATGACA_LUNG_T19	tumor	
GTGCAGCCAAGAAGAG_LUNG_T19	normal	
GTGCAGCCACGACTCG_LUNG_T19	normal	
GTGCATAAGACCCACC_LUNG_T19	normal	
GTGCATAAGGACAGAA_LUNG_T19	tumor	
GTGCATAGTGTAACGG_LUNG_T19	tumor	
GTGCATATCACAACGT_LUNG_T19	tumor	
GTGCATATCACCGGGT_LUNG_T19	tumor	
GTGCATATCACTCTTA_LUNG_T19	normal	
GTGCGGTGTGTAATGA_LUNG_T19	tumor	
GTGCGGTGTTGACGTT_LUNG_T19	tumor	
GTGCTTCAGGGAACGG_LUNG_T19	tumor	
GTGCTTCAGTGCCAGA_LUNG_T19	tumor	
GTGCTTCAGTGTGGCA_LUNG_T19	normal	
GTGCTTCCAGCTTCGG_LUNG_T19	tumor	
GTGCTTCTCGCGTTTC_LUNG_T19	tumor	
GTGCTTCTCGGTGTCG_LUNG_T19	tumor	
GTGCTTCTCTGCAAGT_LUNG_T19	tumor	
GTGGGTCGTACCGGCT_LUNG_T19	tumor	
GTGGGTCTCCTCAACC_LUNG_T19	tumor	
GTGTGCGCAAATCCGT_LUNG_T19	tumor	
GTGTGCGCAAATTGCC_LUNG_T19	tumor	
GTGTGCGCAAGAAAGG_LUNG_T19	tumor	
GTGTGCGCACCAACCG_LUNG_T19	tumor	
GTGTGCGCACCGTTGG_LUNG_T19	tumor	
GTGTGCGCACGACGAA_LUNG_T19	tumor	
GTGTGCGGTCAGAAGC_LUNG_T19	normal	
GTGTGCGGTCGGGTCT_LUNG_T19	tumor	
GTGTGCGGTGTGGTTT_LUNG_T19	normal	
GTGTGCGGTTACGGAG_LUNG_T19	normal	
GTGTGCGGTTCCCGAG_LUNG_T19	tumor	
GTGTGCGTCACAAACC_LUNG_T19	tumor	
GTGTTAGAGCGGATCA_LUNG_T19	normal	
GTGTTAGCAGGATCGA_LUNG_T19	tumor	
GTGTTAGCAGTTCATG_LUNG_T19	tumor	
GTTAAGCAGGCAGGTT_LUNG_T19	tumor	
GTTAAGCCACCACCAG_LUNG_T19	tumor	
GTTAAGCCACCCTATC_LUNG_T19	normal	
GTTAAGCCATCTACGA_LUNG_T19	tumor	
GTTAAGCGTCCGAACC_LUNG_T19	tumor	
GTTAAGCGTCTCATCC_LUNG_T19	tumor	
GTTAAGCGTGTTTGTG_LUNG_T19	tumor	
GTTAAGCTCACTCTTA_LUNG_T19	normal	
GTTAAGCTCTTATCTG_LUNG_T19	tumor	
GTTACAGCAATCAGAA_LUNG_T19	tumor	
GTTACAGCACAAGTAA_LUNG_T19	tumor	
GTTACAGCACCCATTC_LUNG_T19	normal	
GTTACAGCAGCATACT_LUNG_T19	normal	
GTTACAGGTTTGGGCC_LUNG_T19	tumor	
GTTCATTAGAAGGGTA_LUNG_T19	normal	
GTTCATTAGCTAAGAT_LUNG_T19	tumor	
GTTCATTCATAAAGGT_LUNG_T19	tumor	
GTTCATTGTCCCTTGT_LUNG_T19	normal	
GTTCATTTCACTTATC_LUNG_T19	normal	
GTTCATTTCAGAAATG_LUNG_T19	tumor	
GTTCATTTCTGGTTCC_LUNG_T19	normal	
GTTCGGGCATTGGCGC_LUNG_T19	normal	
GTTCGGGGTAAGGGCT_LUNG_T19	normal	
GTTCGGGGTTGATTGC_LUNG_T19	tumor	
GTTCTCGAGAAACGCC_LUNG_T19	tumor	
GTTCTCGCAAGCGATG_LUNG_T19	tumor	
GTTCTCGCAAGTAATG_LUNG_T19	normal	
GTTCTCGCAGGGTACA_LUNG_T19	normal	
GTTCTCGGTCCGAAGA_LUNG_T19	normal	
GTTTCTAAGACTGTAA_LUNG_T19	normal	
GTTTCTAAGGCAGTCA_LUNG_T19	tumor	
GTTTCTAAGTGGACGT_LUNG_T19	tumor	
GTTTCTAAGTGTCCCG_LUNG_T19	tumor	
GTTTCTACACGTTGGC_LUNG_T19	tumor	
GTTTCTAGTTACCGAT_LUNG_T19	tumor	
GTTTCTATCAGCAACT_LUNG_T19	tumor	
TAAACCGCAAGCTGTT_LUNG_T19	tumor	
TAAACCGCACGGCTAC_LUNG_T19	tumor	
TAAACCGCAGATCCAT_LUNG_T19	normal	
TAAACCGCAGGGATTG_LUNG_T19	tumor	
TAAACCGCATACGCTA_LUNG_T19	tumor	
TAAGAGAAGCCACCTG_LUNG_T19	normal	
TAAGAGACAAGTAATG_LUNG_T19	tumor	
TAAGAGACAGACAGGT_LUNG_T19	normal	
TAAGAGACATTAACCG_LUNG_T19	normal	
TAAGAGAGTCCGACGT_LUNG_T19	normal	
TAAGAGAGTGCGAAAC_LUNG_T19	normal	
TAAGAGATCTTACCTA_LUNG_T19	tumor	
TAAGAGATCTTGCAAG_LUNG_T19	normal	
TAAGCGTAGAAACCGC_LUNG_T19	normal	
TAAGCGTAGAAGGACA_LUNG_T19	normal	
TAAGCGTAGACAGGCT_LUNG_T19	normal	
TAAGCGTAGCCACGCT_LUNG_T19	tumor	
TAAGCGTCATTCTCAT_LUNG_T19	normal	
TAAGCGTGTCTTTCAT_LUNG_T19	normal	
TAAGCGTGTGTGCGTC_LUNG_T19	normal	
TAAGCGTTCAGCGACC_LUNG_T19	normal	
TAAGCGTTCCCGACTT_LUNG_T19	tumor	
TAAGTGCAGTGTGGCA_LUNG_T19	tumor	
TAAGTGCCACCAGTTA_LUNG_T19	normal	
TAAGTGCGTTCAGACT_LUNG_T19	normal	
TAAGTGCTCATGTGGT_LUNG_T19	tumor	
TAAGTGCTCGGAATCT_LUNG_T19	normal	
TACACGAAGGCTAGCA_LUNG_T19	normal	
TACACGACAACGATGG_LUNG_T19	tumor	
TACACGACACGAAACG_LUNG_T19	tumor	
TACACGACATGTAAGA_LUNG_T19	normal	
TACACGAGTCGAAAGC_LUNG_T19	tumor	
TACACGAGTGCACTTA_LUNG_T19	normal	
TACAGTGAGCTAGCCC_LUNG_T19	normal	
TACAGTGAGGAGCGTT_LUNG_T19	tumor	
TACAGTGAGTGTACTC_LUNG_T19	normal	
TACAGTGCAACTGCGC_LUNG_T19	normal	
TACAGTGCACGAAATA_LUNG_T19	tumor	
TACAGTGGTACCGCTG_LUNG_T19	tumor	
TACAGTGGTCTACCTC_LUNG_T19	tumor	
TACAGTGGTCTGATCA_LUNG_T19	normal	
TACAGTGGTTGTGGCC_LUNG_T19	normal	
TACAGTGTCTATCCTA_LUNG_T19	normal	
TACCTATAGAGGACGG_LUNG_T19	tumor	
TACCTATAGATGCCAG_LUNG_T19	tumor	
TACCTATCAAGCCATT_LUNG_T19	tumor	
TACCTATCAAGTCTAC_LUNG_T19	tumor	
TACCTATCACCGAAAG_LUNG_T19	tumor	
TACCTATCACCGTTGG_LUNG_T19	normal	
TACCTATGTAGCTAAA_LUNG_T19	tumor	
TACCTATGTATCTGCA_LUNG_T19	normal	
TACCTATGTTAGGGTG_LUNG_T19	tumor	
TACCTATTCAGCTCTC_LUNG_T19	tumor	
TACCTATTCCGTAGGC_LUNG_T19	normal	
TACGGATAGGGAAACA_LUNG_T19	tumor	
TACGGATAGGGATCTG_LUNG_T19	normal	
TACGGATGTTCACGGC_LUNG_T19	normal	
TACGGATTCAACGGCC_LUNG_T19	normal	
TACGGATTCGAATCCA_LUNG_T19	tumor	
TACGGGCAGACGCAAC_LUNG_T19	normal	
TACGGGCAGAGCCTAG_LUNG_T19	tumor	
TACGGGCAGTCGTACT_LUNG_T19	tumor	
TACGGGCAGTTAACGA_LUNG_T19	normal	
TACGGGCCACAGCCCA_LUNG_T19	normal	
TACGGGCGTACTCGCG_LUNG_T19	tumor	
TACGGGCGTAGGGTAC_LUNG_T19	normal	
TACGGGCTCTTTACGT_LUNG_T19	normal	
TACGGTAAGACGCACA_LUNG_T19	tumor	
TACGGTAAGGGCTTCC_LUNG_T19	normal	
TACGGTACAGCGATCC_LUNG_T19	tumor	
TACGGTAGTAATCACC_LUNG_T19	tumor	
TACGGTAGTAGCTGCC_LUNG_T19	normal	
TACGGTAGTGGACGAT_LUNG_T19	normal	
TACGGTATCCTTTCTC_LUNG_T19	normal	
TACTCATCACCCATTC_LUNG_T19	tumor	
TACTCATCACTCTGTC_LUNG_T19	normal	
TACTCATCAGCTCGAC_LUNG_T19	tumor	
TACTCATCAGTATGCT_LUNG_T19	tumor	
TACTCATCATCCCATC_LUNG_T19	normal	
TACTCGCAGAGTCGGT_LUNG_T19	tumor	
TACTCGCAGTGTCCCG_LUNG_T19	normal	
TACTCGCGTATCACCA_LUNG_T19	normal	
TACTCGCGTGAAATCA_LUNG_T19	tumor	
TACTCGCGTGTTGAGG_LUNG_T19	tumor	
TACTCGCTCTCTAAGG_LUNG_T19	tumor	
TACTTACCATGGGACA_LUNG_T19	tumor	
TACTTACGTGGGTCAA_LUNG_T19	tumor	
TACTTACTCAATCTCT_LUNG_T19	tumor	
TACTTACTCATGGTCA_LUNG_T19	normal	
TACTTACTCCTTCAAT_LUNG_T19	tumor	
TACTTGTCACAGACTT_LUNG_T19	tumor	
TACTTGTCAGCTGTGC_LUNG_T19	normal	
TACTTGTGTCTCTCGT_LUNG_T19	normal	
TACTTGTTCTTCGAGA_LUNG_T19	tumor	
TAGACCACAGTAACGG_LUNG_T19	tumor	
TAGACCAGTCAATGTC_LUNG_T19	tumor	
TAGACCAGTCTCTTAT_LUNG_T19	tumor	
TAGACCAGTGTTTGGT_LUNG_T19	tumor	
TAGACCAGTTCGCGAC_LUNG_T19	normal	
TAGACCAGTTCTGAAC_LUNG_T19	tumor	
TAGAGCTAGCAATATG_LUNG_T19	normal	
TAGAGCTAGGCAATTA_LUNG_T19	normal	
TAGAGCTGTGCCTGTG_LUNG_T19	normal	
TAGAGCTTCCTTGGTC_LUNG_T19	tumor	
TAGAGCTTCGCAGGCT_LUNG_T19	normal	
TAGCCGGAGAGGTAGA_LUNG_T19	tumor	
TAGCCGGAGGATCGCA_LUNG_T19	normal	
TAGCCGGCAGCCACCA_LUNG_T19	tumor	
TAGCCGGGTAAAGGAG_LUNG_T19	tumor	
TAGCCGGGTGCATCTA_LUNG_T19	normal	
TAGCCGGTCTATCCCG_LUNG_T19	tumor	
TAGGCATAGCGATTCT_LUNG_T19	normal	
TAGGCATGTCAGTGGA_LUNG_T19	normal	
TAGGCATGTGTTTGTG_LUNG_T19	tumor	
TAGGCATTCCAAGCCG_LUNG_T19	tumor	
TAGGCATTCTACCTGC_LUNG_T19	normal	
TAGTGGTAGAGGTACC_LUNG_T19	normal	
TAGTGGTAGGCGTACA_LUNG_T19	tumor	
TAGTGGTCATAGTAAG_LUNG_T19	tumor	
TAGTGGTGTCCTCTTG_LUNG_T19	normal	
TAGTGGTGTGATGTGG_LUNG_T19	normal	
TAGTGGTGTGGAAAGA_LUNG_T19	tumor	
TAGTGGTTCCTGTACC_LUNG_T19	normal	
TAGTGGTTCTTATCTG_LUNG_T19	tumor	
TAGTTGGCAAAGTGCG_LUNG_T19	normal	
TAGTTGGCACAACTGT_LUNG_T19	normal	
TAGTTGGCACATAACC_LUNG_T19	normal	
TAGTTGGGTATATCCG_LUNG_T19	tumor	
TAGTTGGGTTACAGAA_LUNG_T19	tumor	
TAGTTGGTCGAATGCT_LUNG_T19	normal	
TAGTTGGTCGATAGAA_LUNG_T19	tumor	
TAGTTGGTCGGTGTCG_LUNG_T19	tumor	
TATCAGGAGTGTACGG_LUNG_T19	tumor	
TATCAGGCACATGTGT_LUNG_T19	normal	
TATCAGGCAGGAATCG_LUNG_T19	tumor	
TATCAGGCATCTCGCT_LUNG_T19	tumor	
TATCAGGCATGCCCGA_LUNG_T19	tumor	
TATCAGGGTAAGCACG_LUNG_T19	tumor	
TATCAGGTCGTCGTTC_LUNG_T19	tumor	
TATCAGGTCTTAGAGC_LUNG_T19	tumor	
TATCTCACAGATTGCT_LUNG_T19	normal	
TATCTCAGTACGCTGC_LUNG_T19	normal	
TATCTCATCCCTTGTG_LUNG_T19	tumor	
TATCTCATCTTCTGGC_LUNG_T19	tumor	
TATGCCCAGAACTCGG_LUNG_T19	tumor	
TATGCCCCAACAACCT_LUNG_T19	normal	
TATGCCCTCAACACGT_LUNG_T19	normal	
TATGCCCTCAACGGCC_LUNG_T19	normal	
TATGCCCTCACTATTC_LUNG_T19	tumor	
TATTACCAGATGTGTA_LUNG_T19	tumor	
TATTACCCAACACCCG_LUNG_T19	tumor	
TATTACCGTATGAAAC_LUNG_T19	normal	
TATTACCGTTCGCTAA_LUNG_T19	tumor	
TATTACCTCACAGGCC_LUNG_T19	tumor	
TATTACCTCATATCGG_LUNG_T19	normal	
TATTACCTCGCCATAA_LUNG_T19	tumor	
TATTACCTCTTGCAAG_LUNG_T19	normal	
TCAACGAAGTCGTACT_LUNG_T19	normal	
TCAACGAAGTTAAGTG_LUNG_T19	normal	
TCAACGACAAAGTCAA_LUNG_T19	tumor	
TCAACGACACGGCTAC_LUNG_T19	normal	
TCAACGACAGGGTTAG_LUNG_T19	tumor	
TCAACGACATATGCTG_LUNG_T19	normal	
TCAACGAGTATTACCG_LUNG_T19	tumor	
TCAACGAGTCAGAATA_LUNG_T19	tumor	
TCAACGATCACCTTAT_LUNG_T19	normal	
TCAACGATCCTAGTGA_LUNG_T19	normal	
TCAATCTCAGAGCCAA_LUNG_T19	normal	
TCAATCTCAGCTCCGA_LUNG_T19	tumor	
TCAATCTCATCAGTCA_LUNG_T19	tumor	
TCAATCTGTAGCTTGT_LUNG_T19	normal	
TCAATCTGTCACTTCC_LUNG_T19	tumor	
TCAATCTTCGAATGGG_LUNG_T19	tumor	
TCAATCTTCGGCGCAT_LUNG_T19	normal	
TCACAAGAGATGTGTA_LUNG_T19	normal	
TCACAAGAGCGTTTAC_LUNG_T19	normal	
TCACAAGGTACCCAAT_LUNG_T19	normal	
TCACAAGGTCCGAGTC_LUNG_T19	tumor	
TCACAAGGTGATAAAC_LUNG_T19	normal	
TCACAAGGTTCGTCTC_LUNG_T19	tumor	
TCACAAGTCTCGCTTG_LUNG_T19	normal	
TCACAAGTCTCGGACG_LUNG_T19	tumor	
TCACAAGTCTTGCATT_LUNG_T19	tumor	
TCACGAAAGCAGATCG_LUNG_T19	tumor	
TCACGAAAGGTCGGAT_LUNG_T19	normal	
TCACGAACATTCGACA_LUNG_T19	tumor	
TCACGAAGTAGTACCT_LUNG_T19	normal	
TCACGAAGTCGCTTTC_LUNG_T19	tumor	
TCACGAATCAGCCTAA_LUNG_T19	tumor	
TCAGATGAGAAACGCC_LUNG_T19	normal	
TCAGATGAGGGCTTCC_LUNG_T19	tumor	
TCAGATGCAGCCTATA_LUNG_T19	tumor	
TCAGATGCAGGAACGT_LUNG_T19	tumor	
TCAGATGCATCACCCT_LUNG_T19	tumor	
TCAGATGGTCACTGGC_LUNG_T19	tumor	
TCAGATGGTCGGCTCA_LUNG_T19	tumor	
TCAGATGTCCATTCTA_LUNG_T19	tumor	
TCAGATGTCGTGGTCG_LUNG_T19	tumor	
TCAGATGTCTAGAGTC_LUNG_T19	normal	
TCAGCAAAGGACCACA_LUNG_T19	normal	
TCAGCAAAGTCAAGCG_LUNG_T19	normal	
TCAGCAACAACTTGAC_LUNG_T19	tumor	
TCAGCAACACAAGACG_LUNG_T19	tumor	
TCAGCAAGTCTTCGTC_LUNG_T19	tumor	
TCAGCAATCAAGCCTA_LUNG_T19	tumor	
TCAGCAATCGCCTGTT_LUNG_T19	tumor	
TCAGCAATCGGCTACG_LUNG_T19	tumor	
TCAGCTCAGACCTTTG_LUNG_T19	tumor	
TCAGCTCAGCTGCGAA_LUNG_T19	tumor	
TCAGCTCAGGCTCAGA_LUNG_T19	tumor	
TCAGCTCCAAGCCGCT_LUNG_T19	tumor	
TCAGCTCCAGACACTT_LUNG_T19	tumor	
TCAGCTCGTAGGCATG_LUNG_T19	normal	
TCAGCTCGTTACTGAC_LUNG_T19	tumor	
TCAGCTCGTTGGACCC_LUNG_T19	tumor	
TCAGCTCTCCTGTAGA_LUNG_T19	tumor	
TCAGGATAGGCTATCT_LUNG_T19	normal	
TCAGGATCACCACCAG_LUNG_T19	normal	
TCAGGATCAGCCAGAA_LUNG_T19	tumor	
TCAGGATGTCTCAACA_LUNG_T19	tumor	
TCAGGATTCAAGATCC_LUNG_T19	tumor	
TCAGGATTCGCCGTGA_LUNG_T19	tumor	
TCAGGTAAGATTACCC_LUNG_T19	tumor	
TCAGGTAAGTCGAGTG_LUNG_T19	tumor	
TCAGGTAGTAAATACG_LUNG_T19	normal	
TCAGGTAGTCCGAACC_LUNG_T19	tumor	
TCAGGTAGTTCGCGAC_LUNG_T19	tumor	
TCATTACAGCTGAACG_LUNG_T19	normal	
TCATTACAGCTGCCCA_LUNG_T19	tumor	
TCATTACAGCTGCGAA_LUNG_T19	tumor	
TCATTACAGTGATCGG_LUNG_T19	normal	
TCATTACCATACGCTA_LUNG_T19	normal	
TCATTACGTCATACTG_LUNG_T19	tumor	
TCATTACGTTCAACCA_LUNG_T19	tumor	
TCATTACGTTCGCTAA_LUNG_T19	tumor	
TCATTACTCGCATGAT_LUNG_T19	tumor	
TCATTACTCGCTGATA_LUNG_T19	normal	
TCATTTGAGCTAGTGG_LUNG_T19	normal	
TCATTTGAGTCACGCC_LUNG_T19	normal	
TCATTTGCACCAGATT_LUNG_T19	tumor	
TCATTTGCATAAGACA_LUNG_T19	tumor	
TCATTTGGTAGGCTGA_LUNG_T19	normal	
TCATTTGGTCGGGTCT_LUNG_T19	normal	
TCATTTGTCTCCAGGG_LUNG_T19	tumor	
TCCACACAGAGGTACC_LUNG_T19	tumor	
TCCACACAGATGTGTA_LUNG_T19	tumor	
TCCACACAGCTACCGC_LUNG_T19	normal	
TCCACACGTACCGTAT_LUNG_T19	tumor	yes
TCCACACTCGCCAAAT_LUNG_T19	normal	
TCCACACTCTTCCTTC_LUNG_T19	normal	
TCCCGATAGATGTGGC_LUNG_T19	tumor	
TCCCGATAGCCACGCT_LUNG_T19	tumor	
TCCCGATCACGTCTCT_LUNG_T19	tumor	
TCCCGATGTTTGGGCC_LUNG_T19	tumor	
TCCCGATTCACTGGGC_LUNG_T19	tumor	
TCGAGGCAGCGATCCC_LUNG_T19	tumor	
TCGAGGCAGTCGCCGT_LUNG_T19	normal	
TCGAGGCCAGCTGCAC_LUNG_T19	normal	
TCGAGGCCAGCTGTGC_LUNG_T19	tumor	
TCGAGGCCATCTCCCA_LUNG_T19	tumor	
TCGAGGCGTAGCGCTC_LUNG_T19	tumor	
TCGAGGCGTGAGCGAT_LUNG_T19	normal	
TCGAGGCGTTCGTCTC_LUNG_T19	normal	
TCGAGGCTCCTACAGA_LUNG_T19	normal	
TCGCGAGAGGCTCATT_LUNG_T19	tumor	
TCGCGAGCAAGTTCTG_LUNG_T19	tumor	
TCGCGAGCAGCCAGAA_LUNG_T19	tumor	
TCGCGAGCATTTCACT_LUNG_T19	tumor	
TCGCGTTTCCACTCCA_LUNG_T19	tumor	
TCGCGTTTCCCAACGG_LUNG_T19	tumor	
TCGGGACCAGTCGTGC_LUNG_T19	normal	
TCGGGACCATTAACCG_LUNG_T19	normal	
TCGGGACCATTCGACA_LUNG_T19	normal	
TCGGGACGTCCAAGTT_LUNG_T19	tumor	
TCGGGACGTCGCATCG_LUNG_T19	tumor	
TCGGGACGTCGCGTGT_LUNG_T19	normal	
TCGGGACGTTGAACTC_LUNG_T19	tumor	yes
TCGGGACTCGCGTTTC_LUNG_T19	normal	
TCGGGACTCGTTGCCT_LUNG_T19	normal	yes
TCGGTAACACTTAACG_LUNG_T19	tumor	
TCGGTAAGTAGATTAG_LUNG_T19	tumor	
TCGTACCCAGTATGCT_LUNG_T19	tumor	
TCGTACCCATGTTCCC_LUNG_T19	normal	
TCGTACCGTATGCTTG_LUNG_T19	normal	
TCGTACCGTGATGTCT_LUNG_T19	tumor	
TCGTACCGTTCCACAA_LUNG_T19	tumor	
TCGTACCGTTGCCTCT_LUNG_T19	tumor	
TCGTACCTCCGCGGTA_LUNG_T19	tumor	
TCGTACCTCTGTCTCG_LUNG_T19	tumor	
TCGTAGAAGAGGTACC_LUNG_T19	tumor	
TCGTAGAAGCCACGTC_LUNG_T19	tumor	
TCGTAGAAGGCCCTTG_LUNG_T19	tumor	
TCGTAGACACCCTATC_LUNG_T19	normal	
TCTATTGAGTGGGATC_LUNG_T19	tumor	
TCTATTGCAAAGGAAG_LUNG_T19	tumor	
TCTATTGGTAGATTAG_LUNG_T19	tumor	
TCTATTGGTGACTACT_LUNG_T19	tumor	
TCTATTGTCACGGTTA_LUNG_T19	normal	
TCTATTGTCCATGCTC_LUNG_T19	normal	
TCTATTGTCGTTTATC_LUNG_T19	tumor	
TCTATTGTCTGGTTCC_LUNG_T19	tumor	
TCTATTGTCTGTCCGT_LUNG_T19	normal	
TCTCATACACAGACTT_LUNG_T19	normal	
TCTCATACACCTGGTG_LUNG_T19	tumor	
TCTCATACAGACGCCT_LUNG_T19	tumor	yes
TCTCATACATCGGGTC_LUNG_T19	normal	
TCTCATAGTCATATGC_LUNG_T19	normal	
TCTCATAGTTAAAGAC_LUNG_T19	tumor	
TCTCATATCTATCGCC_LUNG_T19	normal	
TCTCTAAAGAGCCTAG_LUNG_T19	normal	
TCTCTAAAGTAGTGCG_LUNG_T19	tumor	
TCTCTAACACATCCAA_LUNG_T19	normal	
TCTCTAACAGCTTCGG_LUNG_T19	tumor	
TCTCTAAGTCAATACC_LUNG_T19	tumor	
TCTCTAATCAAACCAC_LUNG_T19	normal	
TCTCTAATCGCGCCAA_LUNG_T19	tumor	
TCTGAGAAGCTAGTTC_LUNG_T19	tumor	
TCTGAGATCTGCTGCT_LUNG_T19	tumor	
TCTGGAAAGTAGGCCA_LUNG_T19	normal	
TCTGGAAAGTTCCACA_LUNG_T19	tumor	
TCTGGAACATCGGTTA_LUNG_T19	tumor	
TCTGGAATCAAGCCTA_LUNG_T19	tumor	
TCTGGAATCTTTCCTC_LUNG_T19	tumor	
TCTTCGGAGAGACGAA_LUNG_T19	tumor	
TCTTCGGAGGAGCGAG_LUNG_T19	normal	
TCTTCGGGTACTCTCC_LUNG_T19	normal	
TCTTTCCCAAGCGATG_LUNG_T19	normal	
TCTTTCCCAATCCAAC_LUNG_T19	normal	
TCTTTCCCATGCCTTC_LUNG_T19	tumor	
TCTTTCCGTCCATCCT_LUNG_T19	tumor	
TCTTTCCGTCGACTGC_LUNG_T19	tumor	
TGAAAGAAGTTCGCGC_LUNG_T19	tumor	
TGAAAGACAAGCCTAT_LUNG_T19	normal	
TGAAAGACAATAGAGT_LUNG_T19	tumor	
TGAAAGAGTCCAACTA_LUNG_T19	normal	
TGAAAGATCAACACGT_LUNG_T19	normal	
TGAAAGATCACCAGGC_LUNG_T19	tumor	
TGAAAGATCCTGTACC_LUNG_T19	normal	
TGAAAGATCTGCCAGG_LUNG_T19	tumor	
TGACAACAGCTAAACA_LUNG_T19	tumor	
TGACAACAGCTAGGCA_LUNG_T19	tumor	
TGACAACCACCTCGTT_LUNG_T19	normal	
TGACAACCACTGTTAG_LUNG_T19	normal	
TGACAACGTCAGAGGT_LUNG_T19	tumor	
TGACAACTCAGCCTAA_LUNG_T19	normal	
TGACAACTCCAAACTG_LUNG_T19	tumor	
TGACAACTCCAGAAGG_LUNG_T19	normal	
TGACAACTCCTAGAAC_LUNG_T19	tumor	
TGACGGCCAACACGCC_LUNG_T19	tumor	
TGACGGCGTCTCTCTG_LUNG_T19	tumor	
TGACGGCGTGGGTCAA_LUNG_T19	tumor	
TGACGGCTCTGAAAGA_LUNG_T19	normal	
TGACGGCTCTGGCGAC_LUNG_T19	normal	
TGACGGCTCTTATCTG_LUNG_T19	tumor	
TGACTAGAGATAGGAG_LUNG_T19	tumor	
TGACTAGAGCTAGTCT_LUNG_T19	tumor	
TGACTAGCAGCTGTTA_LUNG_T19	normal	
TGACTAGCATCCTAGA_LUNG_T19	normal	
TGACTAGGTCATATCG_LUNG_T19	normal	
TGACTAGTCCACGAAT_LUNG_T19	normal	
TGACTAGTCGCACTCT_LUNG_T19	tumor	
TGACTAGTCTCGAGTA_LUNG_T19	tumor	
TGACTTTCATTCGACA_LUNG_T19	normal	
TGACTTTTCAAGCCTA_LUNG_T19	tumor	
TGACTTTTCAATACCG_LUNG_T19	normal	
TGACTTTTCGTATCAG_LUNG_T19	tumor	
TGAGAGGAGAAACCGC_LUNG_T19	normal	
TGAGAGGAGAGCTGGT_LUNG_T19	normal	
TGAGAGGAGCGAAGGG_LUNG_T19	tumor	
TGAGAGGCACGAGAGT_LUNG_T19	tumor	
TGAGAGGCAGAAGCAC_LUNG_T19	normal	
TGAGAGGTCCAAAGTC_LUNG_T19	tumor	
TGAGCATAGGGATGGG_LUNG_T19	normal	
TGAGCATAGTTCGCGC_LUNG_T19	tumor	
TGAGCATTCCATTCTA_LUNG_T19	tumor	
TGAGCATTCTCAACTT_LUNG_T19	tumor	
TGAGCATTCTTCGAGA_LUNG_T19	tumor	
TGAGCCGAGGTGTGGT_LUNG_T19	normal	
TGAGCCGAGTGCAAGC_LUNG_T19	tumor	
TGAGCCGCAGGTCCAC_LUNG_T19	normal	
TGAGCCGCAGTATCTG_LUNG_T19	normal	
TGAGCCGCATTCACTT_LUNG_T19	normal	
TGAGCCGGTATTCTCT_LUNG_T19	tumor	
TGAGCCGTCAGCTCTC_LUNG_T19	tumor	
TGAGCCGTCGTACGGC_LUNG_T19	normal	
TGAGCCGTCGTGGTCG_LUNG_T19	normal	
TGAGGGAAGCTAACAA_LUNG_T19	normal	
TGAGGGACATCAGTAC_LUNG_T19	normal	
TGAGGGACATGCTGGC_LUNG_T19	normal	
TGAGGGAGTTAGGGTG_LUNG_T19	tumor	
TGAGGGATCACCACCT_LUNG_T19	tumor	
TGATTTCAGGATGTAT_LUNG_T19	tumor	
TGATTTCCAGGAACGT_LUNG_T19	normal	
TGCACCTCATTGGGCC_LUNG_T19	tumor	
TGCACCTGTAGCCTAT_LUNG_T19	normal	
TGCACCTGTGTTTGTG_LUNG_T19	normal	
TGCACCTTCCGTAGTA_LUNG_T19	tumor	
TGCACCTTCGGCGCAT_LUNG_T19	tumor	
TGCCAAACATACAGCT_LUNG_T19	tumor	
TGCCAAACATTGCGGC_LUNG_T19	tumor	
TGCCAAAGTAGCGCAA_LUNG_T19	tumor	
TGCCAAAGTCAAACTC_LUNG_T19	normal	
TGCCAAAGTGACCAAG_LUNG_T19	tumor	
TGCCAAAGTTGACGTT_LUNG_T19	tumor	
TGCCAAATCGGCGCAT_LUNG_T19	tumor	
TGCCCATAGCGATTCT_LUNG_T19	tumor	
TGCCCATAGCTCCCAG_LUNG_T19	normal	
TGCCCATAGGGCATGT_LUNG_T19	tumor	
TGCCCATCAAGTAATG_LUNG_T19	normal	
TGCCCATCAATAGCAA_LUNG_T19	tumor	
TGCCCATCACTCTGTC_LUNG_T19	tumor	
TGCCCATGTCTAGAGG_LUNG_T19	tumor	
TGCCCATTCCAATGGT_LUNG_T19	normal	
TGCCCATTCGGCGCAT_LUNG_T19	normal	
TGCCCATTCGTACGGC_LUNG_T19	normal	
TGCCCTACACCATGTA_LUNG_T19	tumor	
TGCCCTAGTTAAAGTG_LUNG_T19	normal	
TGCCCTATCCTGTACC_LUNG_T19	tumor	
TGCGCAGGTGGAAAGA_LUNG_T19	tumor	
TGCGCAGTCAGTTTGG_LUNG_T19	normal	
TGCGCAGTCGTGGACC_LUNG_T19	tumor	
TGCGCAGTCGTTTATC_LUNG_T19	tumor	
TGCGGGTAGGCTAGAC_LUNG_T19	normal	
TGCGGGTCATTTCACT_LUNG_T19	tumor	
TGCGGGTGTAGCCTCG_LUNG_T19	tumor	
TGCGGGTGTAGCTCCG_LUNG_T19	normal	
TGCGGGTTCCGCGGTA_LUNG_T19	normal	
TGCGTGGAGACAGAGA_LUNG_T19	normal	
TGCGTGGAGAGTAAGG_LUNG_T19	tumor	
TGCGTGGAGCCCGAAA_LUNG_T19	tumor	
TGCGTGGCACATCCGG_LUNG_T19	tumor	
TGCGTGGGTCAAACTC_LUNG_T19	normal	
TGCGTGGTCTCTGAGA_LUNG_T19	tumor	
TGCTACCAGACCGGAT_LUNG_T19	tumor	
TGCTACCAGGGAACGG_LUNG_T19	tumor	
TGCTACCAGGGCTTGA_LUNG_T19	normal	
TGCTACCAGTGTTGAA_LUNG_T19	tumor	
TGCTACCCAGTCGATT_LUNG_T19	tumor	
TGCTACCCATCTACGA_LUNG_T19	normal	
TGCTACCGTGTAATGA_LUNG_T19	tumor	
TGCTACCGTTACAGAA_LUNG_T19	normal	
TGCTACCGTTTGTTGG_LUNG_T19	tumor	
TGCTACCTCTCTTATG_LUNG_T19	normal	
TGCTGCTAGGGCTCTC_LUNG_T19	tumor	
TGCTGCTCAACACGCC_LUNG_T19	tumor	
TGCTGCTCACCGGAAA_LUNG_T19	tumor	yes
TGCTGCTCATAGACTC_LUNG_T19	normal	
TGCTGCTCATGGTCAT_LUNG_T19	tumor	
TGCTGCTGTCAATGTC_LUNG_T19	tumor	
TGCTGCTGTCTTGCGG_LUNG_T19	tumor	
TGCTGCTTCGGATGTT_LUNG_T19	tumor	
TGGACGCAGCGTTCCG_LUNG_T19	tumor	
TGGACGCAGCTAGCCC_LUNG_T19	tumor	
TGGACGCTCTCGGACG_LUNG_T19	tumor	
TGGCCAGAGGATTCGG_LUNG_T19	tumor	
TGGCCAGCACCACCAG_LUNG_T19	tumor	
TGGCCAGCATCATCCC_LUNG_T19	normal	
TGGCCAGCATCGACGC_LUNG_T19	tumor	
TGGCCAGGTAGCAAAT_LUNG_T19	tumor	
TGGCCAGTCCTGCCAT_LUNG_T19	normal	
TGGCCAGTCTCGGACG_LUNG_T19	tumor	
TGGCGCAAGATTACCC_LUNG_T19	tumor	
TGGCGCAAGTCTCGGC_LUNG_T19	tumor	
TGGCGCAAGTGTTAGA_LUNG_T19	normal	
TGGCGCACACAGCGTC_LUNG_T19	normal	
TGGCGCAGTAAGAGGA_LUNG_T19	normal	
TGGCGCAGTCCATCCT_LUNG_T19	tumor	
TGGCGCATCTTAGCCC_LUNG_T19	tumor	
TGGCTGGAGAATAGGG_LUNG_T19	tumor	
TGGCTGGAGCATGGCA_LUNG_T19	normal	
TGGCTGGAGCCCAATT_LUNG_T19	tumor	
TGGCTGGCAACTGCTA_LUNG_T19	normal	
TGGCTGGCAGGGCATA_LUNG_T19	normal	
TGGCTGGGTCTTCTCG_LUNG_T19	tumor	
TGGCTGGGTTGGTGGA_LUNG_T19	normal	
TGGCTGGTCAGCTCTC_LUNG_T19	normal	
TGGCTGGTCCGAATGT_LUNG_T19	normal	
TGGCTGGTCTGGTTCC_LUNG_T19	tumor	
TGGGAAGAGTGCAAGC_LUNG_T19	tumor	
TGGGAAGCACGAAAGC_LUNG_T19	normal	
TGGGAAGCAGGATTGG_LUNG_T19	tumor	
TGGGAAGCAGGGTATG_LUNG_T19	tumor	
TGGGAAGGTACTCAAC_LUNG_T19	tumor	
TGGGAAGGTATCACCA_LUNG_T19	tumor	
TGGGAAGGTCATCGGC_LUNG_T19	tumor	
TGGGAAGGTGTGACGA_LUNG_T19	tumor	
TGGGCGTAGCTAGTGG_LUNG_T19	normal	
TGGGCGTGTCAATGTC_LUNG_T19	normal	
TGGGCGTGTGCTAGCC_LUNG_T19	normal	
TGGGCGTTCCCTTGTG_LUNG_T19	tumor	
TGGTTAGAGAGGGCTT_LUNG_T19	tumor	
TGGTTAGAGGACAGAA_LUNG_T19	tumor	
TGGTTAGAGGGAGTAA_LUNG_T19	tumor	
TGGTTAGCATCGACGC_LUNG_T19	tumor	
TGGTTAGGTCTGGAGA_LUNG_T19	tumor	
TGGTTCCAGAGAACAG_LUNG_T19	normal	
TGGTTCCAGAGTACAT_LUNG_T19	tumor	
TGGTTCCCACGGATAG_LUNG_T19	normal	
TGGTTCCCATGACGGA_LUNG_T19	tumor	
TGGTTCCCATGCCCGA_LUNG_T19	normal	
TGGTTCCCATTAGCCA_LUNG_T19	normal	
TGGTTCCGTGGCGAAT_LUNG_T19	tumor	
TGGTTCCGTTTAGCTG_LUNG_T19	normal	
TGGTTCCTCACATACG_LUNG_T19	normal	
TGGTTCCTCACCACCT_LUNG_T19	tumor	
TGGTTCCTCCGCGGTA_LUNG_T19	tumor	
TGGTTCCTCGGCGCTA_LUNG_T19	normal	
TGTATTCAGAATTCCC_LUNG_T19	tumor	
TGTATTCAGACTACAA_LUNG_T19	normal	
TGTATTCCAAGCGCTC_LUNG_T19	normal	
TGTATTCCAATGGAAT_LUNG_T19	tumor	
TGTATTCCAGTTAACC_LUNG_T19	tumor	
TGTATTCGTTAAGACA_LUNG_T19	normal	
TGTATTCTCACAACGT_LUNG_T19	normal	
TGTATTCTCCAAATGC_LUNG_T19	tumor	
TGTCCCAAGATCTGCT_LUNG_T19	normal	
TGTCCCAAGCTAGTCT_LUNG_T19	tumor	
TGTCCCACAAATTGCC_LUNG_T19	normal	
TGTCCCACATAGTAAG_LUNG_T19	tumor	
TGTCCCACATTTGCTT_LUNG_T19	tumor	
TGTCCCAGTCAGGACA_LUNG_T19	tumor	
TGTCCCAGTCTAGGTT_LUNG_T19	normal	
TGTCCCAGTGTAATGA_LUNG_T19	tumor	
TGTGGTAAGTCGAGTG_LUNG_T19	tumor	
TGTGGTAGTATTACCG_LUNG_T19	normal	
TGTGGTAGTATTAGCC_LUNG_T19	tumor	
TGTGGTAGTCTAGTCA_LUNG_T19	normal	
TGTGGTAGTGCACTTA_LUNG_T19	tumor	
TGTGGTAGTTGGACCC_LUNG_T19	tumor	
TGTGGTATCAATCACG_LUNG_T19	normal	
TGTGTTTAGCAACGGT_LUNG_T19	tumor	
TGTGTTTAGCCAACAG_LUNG_T19	normal	
TGTGTTTCATGCCTTC_LUNG_T19	tumor	
TGTGTTTGTAACGTTC_LUNG_T19	normal	
TGTGTTTGTCGCGGTT_LUNG_T19	normal	
TGTGTTTGTTCCGTCT_LUNG_T19	tumor	
TGTGTTTTCAAGGCTT_LUNG_T19	tumor	
TGTGTTTTCCCTCAGT_LUNG_T19	tumor	
TGTTCCGAGACGCAAC_LUNG_T19	tumor	
TGTTCCGAGAGCAATT_LUNG_T19	tumor	
TGTTCCGAGATGTGTA_LUNG_T19	normal	
TGTTCCGCAGTCAGAG_LUNG_T19	normal	
TGTTCCGGTCCATCCT_LUNG_T19	tumor	
TGTTCCGGTCGAACAG_LUNG_T19	normal	
TGTTCCGGTTGTCGCG_LUNG_T19	tumor	
TGTTCCGTCAAAGACA_LUNG_T19	normal	
TGTTCCGTCTGGGCCA_LUNG_T19	normal	
TGTTCCGTCTTATCTG_LUNG_T19	tumor	
TTAACTCAGATGCCTT_LUNG_T19	tumor	
TTAACTCAGGCTATCT_LUNG_T19	normal	
TTAACTCAGTGAACGC_LUNG_T19	tumor	
TTAACTCAGTTAGGTA_LUNG_T19	normal	
TTAACTCCACAAGACG_LUNG_T19	tumor	
TTAACTCCAGGCGATA_LUNG_T19	normal	
TTAACTCCAGGTGGAT_LUNG_T19	tumor	
TTAACTCGTAGCAAAT_LUNG_T19	tumor	
TTAACTCGTGCGCTTG_LUNG_T19	normal	
TTAACTCGTTAAAGAC_LUNG_T19	tumor	
TTAACTCGTTACGCGC_LUNG_T19	normal	
TTAACTCTCAACTCTT_LUNG_T19	tumor	
TTAGGACAGACTACAA_LUNG_T19	normal	
TTAGGACAGAGCTTCT_LUNG_T19	tumor	
TTAGGACAGCAGGCTA_LUNG_T19	tumor	
TTAGGACAGCTACCGC_LUNG_T19	tumor	
TTAGGACCAAAGTCAA_LUNG_T19	tumor	
TTAGGACCACCAGGTC_LUNG_T19	normal	
TTAGGACCACGAGAGT_LUNG_T19	tumor	
TTAGGACGTGTTCGAT_LUNG_T19	tumor	
TTAGGACGTTCCGTCT_LUNG_T19	tumor	
TTAGGCAAGTCGTACT_LUNG_T19	normal	
TTAGGCAAGTTGAGTA_LUNG_T19	normal	
TTAGGCACACATGGGA_LUNG_T19	tumor	
TTAGGCAGTTTAAGCC_LUNG_T19	tumor	
TTAGTTCAGAAGGTTT_LUNG_T19	normal	
TTAGTTCAGAGGGATA_LUNG_T19	normal	
TTAGTTCAGTGGAGTC_LUNG_T19	normal	
TTAGTTCAGTTTCCTT_LUNG_T19	normal	
TTAGTTCCAATGACCT_LUNG_T19	normal	
TTAGTTCCACCATGTA_LUNG_T19	tumor	
TTAGTTCCATATGGTC_LUNG_T19	normal	
TTAGTTCGTCCGTCAG_LUNG_T19	tumor	
TTAGTTCTCTGTACGA_LUNG_T19	tumor	
TTAGTTCTCTTAACCT_LUNG_T19	tumor	
TTATGCTAGAGTCTGG_LUNG_T19	normal	
TTATGCTAGTCAAGCG_LUNG_T19	tumor	
TTATGCTAGTGGGTTG_LUNG_T19	tumor	
TTATGCTCACACCGAC_LUNG_T19	tumor	
TTATGCTCACATCTTT_LUNG_T19	tumor	
TTATGCTCAGGCGATA_LUNG_T19	normal	
TTATGCTCATGTAAGA_LUNG_T19	tumor	
TTATGCTCATTGTGCA_LUNG_T19	tumor	
TTATGCTGTAATCGTC_LUNG_T19	tumor	
TTATGCTGTGATAAAC_LUNG_T19	tumor	
TTATGCTTCACGAAGG_LUNG_T19	tumor	
TTCCCAGAGCATCATC_LUNG_T19	normal	
TTCCCAGAGTGGGTTG_LUNG_T19	tumor	
TTCCCAGCAAGGACAC_LUNG_T19	tumor	
TTCCCAGCATGCATGT_LUNG_T19	normal	
TTCCCAGGTTCCACGG_LUNG_T19	tumor	
TTCGAAGAGAACTGTA_LUNG_T19	tumor	
TTCGAAGAGAGTTGGC_LUNG_T19	tumor	
TTCGAAGAGCGCTTAT_LUNG_T19	tumor	
TTCGAAGAGGCCCGTT_LUNG_T19	normal	
TTCGAAGCAAGCGTAG_LUNG_T19	tumor	
TTCGAAGCACCCATTC_LUNG_T19	normal	
TTCGGTCAGGTGCTAG_LUNG_T19	tumor	
TTCGGTCCAGCCAGAA_LUNG_T19	normal	
TTCGGTCCATCGACGC_LUNG_T19	tumor	
TTCGGTCCATGTCTCC_LUNG_T19	normal	
TTCGGTCGTTAAGGGC_LUNG_T19	tumor	
TTCGGTCTCGCTTGTC_LUNG_T19	normal	
TTCGGTCTCTATGTGG_LUNG_T19	normal	
TTCGGTCTCTCAAACG_LUNG_T19	tumor	
TTCGGTCTCTCCCTGA_LUNG_T19	tumor	
TTCTACAAGACTAGGC_LUNG_T19	normal	
TTCTACAAGATTACCC_LUNG_T19	tumor	
TTCTACAAGCTGATAA_LUNG_T19	normal	
TTCTACACACCCAGTG_LUNG_T19	tumor	
TTCTACACACCGAAAG_LUNG_T19	tumor	
TTCTACAGTTCCACGG_LUNG_T19	normal	
TTCTACAGTTGGTAAA_LUNG_T19	tumor	
TTCTACATCATGTAGC_LUNG_T19	tumor	
TTCTACATCTCTAAGG_LUNG_T19	tumor	
TTCTCAAAGAGCCTAG_LUNG_T19	tumor	
TTCTCAACAAGCGAGT_LUNG_T19	normal	
TTCTCAACATGACATC_LUNG_T19	normal	
TTCTCAATCACCCTCA_LUNG_T19	tumor	
TTCTCAATCCGGGTGT_LUNG_T19	normal	
TTCTCCTAGAAGGGTA_LUNG_T19	normal	
TTCTCCTAGGAATGGA_LUNG_T19	tumor	
TTCTCCTAGTGCAAGC_LUNG_T19	tumor	
TTCTCCTAGTGCTGCC_LUNG_T19	normal	
TTCTCCTCACTATCTT_LUNG_T19	tumor	
TTCTCCTCATCACGTA_LUNG_T19	tumor	
TTCTCCTCATTCCTCG_LUNG_T19	tumor	
TTCTCCTTCACTTACT_LUNG_T19	tumor	
TTCTCCTTCAGTTAGC_LUNG_T19	tumor	
TTCTCCTTCTGTCCGT_LUNG_T19	normal	
TTCTTAGAGTGTCCAT_LUNG_T19	normal	
TTCTTAGCACGGCCAT_LUNG_T19	tumor	
TTCTTAGCAGGTTTCA_LUNG_T19	tumor	
TTCTTAGGTACACCGC_LUNG_T19	tumor	
TTCTTAGGTCAAACTC_LUNG_T19	normal	
TTCTTAGGTTACGGAG_LUNG_T19	normal	
TTCTTAGTCAAACCAC_LUNG_T19	tumor	
TTCTTAGTCACAGTAC_LUNG_T19	normal	
TTCTTAGTCAGGATCT_LUNG_T19	tumor	
TTCTTAGTCCTTGACC_LUNG_T19	normal	
TTGAACGAGAGACTTA_LUNG_T19	tumor	
TTGAACGAGATCGGGT_LUNG_T19	normal	
TTGAACGAGATGTTAG_LUNG_T19	normal	
TTGAACGCACTGTGTA_LUNG_T19	tumor	
TTGAACGGTCAGAAGC_LUNG_T19	normal	
TTGAACGGTCTCACCT_LUNG_T19	tumor	
TTGAACGGTTCTGGTA_LUNG_T19	tumor	yes
TTGAACGGTTTGACAC_LUNG_T19	normal	
TTGACTTCAAGCCGCT_LUNG_T19	tumor	
TTGACTTCACAGACAG_LUNG_T19	normal	
TTGACTTCATGGATGG_LUNG_T19	normal	
TTGACTTCATTAGCCA_LUNG_T19	tumor	
TTGACTTGTACCGGCT_LUNG_T19	tumor	
TTGACTTGTAGCTGCC_LUNG_T19	tumor	
TTGACTTGTATATGGA_LUNG_T19	tumor	
TTGACTTGTTGCGTTA_LUNG_T19	tumor	
TTGCCGTAGAGCTTCT_LUNG_T19	tumor	
TTGCCGTAGCAGATCG_LUNG_T19	tumor	
TTGCCGTAGCGATGAC_LUNG_T19	tumor	
TTGCCGTCACATGGGA_LUNG_T19	tumor	
TTGCCGTCATTAGCCA_LUNG_T19	tumor	
TTGCCGTGTCCAGTTA_LUNG_T19	normal	
TTGCCGTGTGCACGAA_LUNG_T19	normal	
TTGCCGTGTGGGTATG_LUNG_T19	normal	
TTGCGTCAGCTGCGAA_LUNG_T19	tumor	
TTGCGTCCAGTGACAG_LUNG_T19	tumor	
TTGCGTCCATCGATGT_LUNG_T19	tumor	
TTGCGTCGTAAGTGTA_LUNG_T19	normal	yes
TTGCGTCGTTAAAGAC_LUNG_T19	normal	
TTGCGTCTCAGAGGTG_LUNG_T19	normal	
TTGGAACAGGCGTACA_LUNG_T19	normal	
TTGGAACAGTACGTTC_LUNG_T19	tumor	
TTGGAACAGTGTGGCA_LUNG_T19	normal	
TTGGCAAAGCGTGAAC_LUNG_T19	tumor	
TTGGCAACACGAAATA_LUNG_T19	tumor	
TTGGCAACATCGATTG_LUNG_T19	tumor	
TTGGCAACATTACCTT_LUNG_T19	normal	
TTGGCAAGTCCGAACC_LUNG_T19	normal	
TTGGCAAGTGCAGTAG_LUNG_T19	tumor	
TTGGCAATCTACCAGA_LUNG_T19	tumor	
TTGTAGGAGTACGTTC_LUNG_T19	tumor	
TTGTAGGAGTGTCTCA_LUNG_T19	normal	
TTGTAGGAGTGTTAGA_LUNG_T19	tumor	
TTGTAGGCAACTTGAC_LUNG_T19	normal	
TTGTAGGCAATGAATG_LUNG_T19	tumor	
TTGTAGGCATTGGTAC_LUNG_T19	normal	
TTGTAGGGTAAATGTG_LUNG_T19	tumor	
TTGTAGGGTAAGTTCC_LUNG_T19	tumor	
TTTACTGAGAGTAAGG_LUNG_T19	normal	
TTTACTGCATCGGTTA_LUNG_T19	normal	
TTTACTGGTAAATGTG_LUNG_T19	normal	
TTTACTGGTAAGTGTA_LUNG_T19	normal	
TTTACTGGTCGTGGCT_LUNG_T19	tumor	
TTTACTGGTGTTCTTT_LUNG_T19	tumor	
TTTACTGGTTAGGGTG_LUNG_T19	normal	
TTTACTGTCGGATGGA_LUNG_T19	normal	
TTTACTGTCGTCTGAA_LUNG_T19	normal	
TTTATGCAGAAGCCCA_LUNG_T19	tumor	
TTTATGCCACACATGT_LUNG_T19	normal	
TTTATGCCACCTTGTC_LUNG_T19	normal	
TTTATGCGTCGCGGTT_LUNG_T19	normal	
TTTATGCGTTACCGAT_LUNG_T19	tumor	
TTTATGCGTTTCGCTC_LUNG_T19	tumor	
TTTATGCTCCTCTAGC_LUNG_T19	normal	
TTTCCTCAGTGTGGCA_LUNG_T19	tumor	
TTTCCTCGTCTTGCGG_LUNG_T19	normal	
TTTGCGCAGAACAACT_LUNG_T19	tumor	
TTTGCGCAGAAGCCCA_LUNG_T19	tumor	
TTTGCGCCAAAGCAAT_LUNG_T19	tumor	
TTTGCGCCAATTGCTG_LUNG_T19	tumor	
TTTGCGCCATTGGTAC_LUNG_T19	normal	
TTTGCGCGTACAGTGG_LUNG_T19	tumor	
TTTGCGCGTGTAACGG_LUNG_T19	tumor	
TTTGCGCTCACCTCGT_LUNG_T19	tumor	
TTTGCGCTCCTCCTAG_LUNG_T19	tumor	
TTTGGTTAGCTGTCTA_LUNG_T19	tumor	
TTTGGTTAGGTGCTAG_LUNG_T19	tumor	
TTTGGTTAGTGCGTGA_LUNG_T19	tumor	
TTTGGTTCAAAGTCAA_LUNG_T19	tumor	
TTTGGTTGTCAAGCGA_LUNG_T19	tumor	
TTTGTCACAGACAGGT_LUNG_T19	normal	
TTTGTCAGTGATGATA_LUNG_T19	normal	
TTTGTCATCAGCATGT_LUNG_T19	normal	
TTTGTCATCCTCGCAT_LUNG_T19	tumor	
