	class	confidentNormal
CAGTAACGTCAATACC_9_1_1	tumor	NA
CAGTCCTGTCTGCGGT_9_1_1	tumor	NA
GCGAGAACATTAACCG_9_1_1	normal	NA
TTCGAAGGTGAAAGAG_9_1_1	tumor	NA
GGGCATCTCACGATGT_9_1_1	tumor	NA
TAGCCGGAGACTGTAA_9_1_1	tumor	NA
AGGGAGTCAGCGATCC_9_1_1	tumor	NA
CTCCTAGTCTTAGAGC_9_1_1	normal	NA
ATTCTACAGGACAGCT_9_1_1	normal	NA
CAAGAAAGTACATCCA_9_1_1	tumor	NA
CAGAATCTCAACTCTT_9_1_1	tumor	NA
ACTGATGTCCGTTGTC_9_1_1	tumor	NA
CGACTTCTCAAGCCTA_9_1_1	tumor	NA
CGAATGTCAGACGCCT_9_1_1	tumor	NA
ACTGATGGTACCTACA_9_1_1	tumor	NA
CCCTCCTGTTTCGCTC_9_1_1	tumor	NA
GATCGTAGTAGGAGTC_9_1_1	tumor	NA
TATTACCAGTAAGTAC_9_1_1	tumor	NA
AAAGCAAAGGTGACCA_9_1_1	tumor	NA
CATCGGGAGAGGTTGC_9_1_1	tumor	NA
TATTACCCAATGAAAC_9_1_1	tumor	NA
ACGCAGCAGACGCACA_9_1_1	normal	NA
GAAATGATCAGTTCGA_9_1_1	tumor	NA
ACATACGAGTTAGGTA_9_1_1	tumor	NA
TTCTTAGCATGTAGTC_9_1_1	tumor	NA
TCATTTGAGCAGACTG_9_1_1	normal	NA
AACACGTAGGCATGGT_9_1_1	tumor	NA
CGTGAGCGTCTAGTGT_9_1_1	tumor	NA
CAAGGCCTCCAAACTG_9_1_1	tumor	NA
CTGAAGTGTTTCGCTC_9_1_1	tumor	NA
TACCTTAGTCCGAATT_9_1_1	tumor	NA
CCACTACGTGTCAATC_9_1_1	tumor	NA
CGAGCACCAATGGTCT_9_1_1	tumor	NA
GACTAACCATGTCGAT_9_1_1	tumor	NA
CAACTAGTCGCGGATC_9_1_1	tumor	NA
AGACGTTGTGGTACAG_9_1_1	tumor	NA
TAAACCGCAGAGTGTG_9_1_1	tumor	NA
TTGTAGGAGGCAGTCA_9_1_1	tumor	NA
GCTGGGTAGCAGCGTA_9_1_1	tumor	NA
CTGCGGAGTCATGCAT_9_1_1	tumor	NA
GAAATGAGTCGGCACT_9_1_1	tumor	NA
GAACCTAGTACAGTTC_9_1_1	tumor	NA
GCATGTACATAAGACA_9_1_1	tumor	NA
CGTCACTCACCACCAG_9_1_1	tumor	NA
CTGCTGTAGAGGTTAT_9_1_1	tumor	NA
TCAACGAAGACGCTTT_9_1_1	tumor	NA
GTCCTCAGTTATGCGT_9_1_1	tumor	NA
CCTACACTCATGCTCC_9_1_1	tumor	NA
TACGGGCAGGGTGTTG_9_1_1	tumor	NA
TTGGAACTCCTCGCAT_9_1_1	tumor	NA
CGCGGTATCGCCAAAT_9_1_1	tumor	NA
CATGACACAGGACCCT_9_1_1	tumor	NA
AAGGTTCAGAAGATTC_9_1_1	tumor	NA
CTCTACGGTGCGCTTG_9_1_1	tumor	NA
AGTCTTTTCACTCCTG_9_1_1	tumor	NA
GTATTCTTCTCGTATT_9_1_1	tumor	NA
TCTCTAATCGATCCCT_9_1_1	tumor	NA
ATAAGAGGTACCCAAT_9_1_1	tumor	NA
CAGCCGATCAAGATCC_9_1_1	normal	NA
CGTCTACAGGGCACTA_9_1_1	tumor	NA
GACGTTATCACCCGAG_9_1_1	tumor	NA
CGAGAAGTCCTTGGTC_9_1_1	tumor	NA
GTAACGTAGCGTTCCG_9_1_1	tumor	NA
CGGAGTCTCTAACTTC_9_1_1	tumor	NA
CACACAAGTTCTGAAC_9_1_1	tumor	NA
AGCCTAAAGGCGTACA_9_1_1	tumor	NA
GACCAATCACGGTGTC_9_1_1	tumor	NA
GGAAAGCTCTCTGAGA_9_1_1	tumor	NA
CGATTGAGTCTAACGT_9_1_1	tumor	NA
GGGAGATTCGGAGCAA_9_1_1	tumor	NA
AATCGGTCACCCAGTG_9_1_1	tumor	NA
AGGTCATGTCGACTGC_9_1_1	tumor	NA
TTTATGCAGCTTATCG_9_1_1	tumor	NA
ACGCCGATCTGTTGAG_9_1_1	tumor	NA
CAGCATACATACGCCG_9_1_1	tumor	NA
GTTCATTGTTGTCTTT_9_1_1	tumor	NA
CTGCGGAAGAAAGTGG_9_1_1	tumor	NA
CCGTTCAAGCCCAATT_9_1_1	tumor	NA
CTCGTACGTGCCTGCA_9_1_1	tumor	NA
ACATGGTCATGCAACT_9_1_1	tumor	NA
CTCGTCAAGAGGTAGA_9_1_1	tumor	NA
CACACTCAGCTCTCGG_9_1_1	tumor	NA
CAGATCACACTTGGAT_9_1_1	tumor	NA
AGGTCATAGAAGGCCT_9_1_1	tumor	NA
AACACGTAGCGCCTTG_9_1_1	tumor	NA
ACGGGCTTCAGTCCCT_9_1_1	normal	NA
CAGTAACTCAAGGTAA_9_1_1	tumor	NA
TCTCATACACAGAGGT_9_1_1	tumor	NA
TGTGGTAAGACCTTTG_9_1_1	tumor	NA
ATTCTACTCATGCATG_9_1_1	tumor	NA
CTAACTTGTCAGAAGC_9_1_1	tumor	NA
TCTGAGACACCAGATT_9_1_1	tumor	NA
CCTATTATCCTATTCA_9_1_1	tumor	NA
TCATTTGTCCTTTCTC_9_1_1	normal	NA
TCTCTAAGTCTAGCGC_9_1_1	tumor	NA
ACTTGTTCAGCTTCGG_9_1_1	tumor	NA
AGGCCACGTTATTCTC_9_1_1	tumor	NA
ACATCAGGTTCGTGAT_9_1_1	tumor	NA
ACGGAGAGTCGCGTGT_9_1_1	tumor	NA
CTACCCATCGTCTGCT_9_1_1	tumor	NA
GGCGACTCAGTTAACC_9_1_1	tumor	NA
CAGCATACATCGATGT_9_1_1	tumor	NA
GTATCTTGTCGTTGTA_9_1_1	tumor	NA
CAGAATCAGTACGTAA_9_1_1	tumor	NA
TTGACTTGTCTGATTG_9_1_1	tumor	NA
CGGGTCAAGGCAGGTT_9_1_1	tumor	NA
GCATGATCAAGGTTTC_9_1_1	tumor	NA
CCGTTCAAGGGAAACA_9_1_1	tumor	NA
GCTTGAAGTAAACACA_9_1_1	tumor	NA
CCTAAAGTCTGCCCTA_9_1_1	normal	NA
ACACTGAGTTAAGGGC_9_1_1	tumor	NA
CTACACCAGAGTTGGC_9_1_1	normal	NA
TTTACTGAGCACGCCT_9_1_1	tumor	NA
TTGAACGTCACTTATC_9_1_1	tumor	NA
TAAACCGGTGGTCCGT_9_1_1	tumor	NA
CGTCTACAGCGTAGTG_9_1_1	tumor	NA
CTTAACTAGCGTGTCC_9_1_1	tumor	NA
TGCCCTAAGTCCCACG_9_1_1	tumor	NA
CAACTAGGTAAGGATT_9_1_1	tumor	NA
ACTGTCCAGTGGAGTC_9_1_1	tumor	NA
GATTCAGAGCGTAATA_9_1_1	tumor	NA
GTAACGTTCCCAACGG_9_1_1	tumor	NA
ATAACGCAGATGTTAG_9_1_1	tumor	NA
TGATTTCGTCTCTCGT_9_1_1	tumor	NA
CCTACACGTAGCCTAT_9_1_1	tumor	NA
GGGATGAAGGTGATTA_9_1_1	tumor	NA
GGGATGAAGATCACGG_9_1_1	normal	NA
GGAACTTTCGCTTGTC_9_1_1	tumor	NA
TAGAGCTCATTTGCCC_9_1_1	tumor	NA
ACGCCAGCAAGTTGTC_9_1_1	tumor	NA
GTGTGCGGTTAGTGGG_9_1_1	tumor	NA
CCTTCGACACATGGGA_9_1_1	tumor	NA
CAGCGACTCCTACAGA_9_1_1	tumor	NA
GGCGACTGTCGAGTTT_9_1_1	tumor	NA
TTCGGTCCAACGCACC_9_1_1	tumor	NA
TTGCGTCGTTCATGGT_9_1_1	tumor	NA
ATTTCTGTCACCTTAT_9_1_1	tumor	NA
TTCGGTCAGTCCTCCT_9_1_1	tumor	NA
ACGATGTCACCGCTAG_9_1_1	tumor	NA
TTAGGACTCCCTTGTG_9_1_1	tumor	NA
TGCGTGGCATTAGGCT_9_1_1	tumor	NA
CTGCCTATCGTAGGTT_9_1_1	normal	NA
CAGAATCTCCGCATAA_9_1_1	tumor	NA
GCCAAATGTGATAAAC_9_1_1	tumor	NA
CGTCTACTCCAGTAGT_9_1_1	tumor	NA
CGTGTCTAGCGTTTAC_9_1_1	tumor	NA
ACGGGTCAGAATCTCC_9_1_1	tumor	NA
CTAGCCTTCCGCATAA_9_1_1	tumor	NA
GTGTTAGGTAGGCATG_9_1_1	tumor	NA
GTTCGGGAGAGTCTGG_9_1_1	tumor	NA
TAGACCATCGATGAGG_9_1_1	tumor	NA
TTGCGTCTCTGTTTGT_9_1_1	tumor	NA
GCGCAACAGTCAAGCG_9_1_1	tumor	NA
AAGGAGCCAAAGTCAA_9_1_1	tumor	NA
AGCGTCGGTCTAAACC_9_1_1	tumor	NA
GCGACCACACAACGCC_9_1_1	tumor	NA
CGTCAGGTCAGAGCTT_9_1_1	tumor	NA
TGACTTTGTTTGTGTG_9_1_1	tumor	NA
CTAGTGACACTCAGGC_9_1_1	tumor	NA
ATGAGGGGTTACGTCA_9_1_1	tumor	NA
GCAGTTACACGCTTTC_9_1_1	tumor	NA
CAACCTCAGTGGGATC_9_1_1	tumor	NA
TTAGGACTCGTAGGTT_9_1_1	tumor	NA
GACTAACCATGCTAGT_9_1_1	tumor	NA
AGGTCCGCAATGTTGC_9_1_1	tumor	NA
CGATGTAAGCGGATCA_9_1_1	tumor	NA
TTAACTCCAATAACGA_9_1_1	tumor	NA
TTTGCGCTCAGTGTTG_9_1_1	tumor	NA
TCTATTGTCTGCCAGG_9_1_1	tumor	NA
CGCGTTTTCTGTGCAA_9_1_1	tumor	NA
AAAGATGTCAATAAGG_9_1_1	tumor	NA
GCAGCCATCACTCTTA_9_1_1	tumor	NA
CGGACGTAGCTGCCCA_9_1_1	normal	NA
ATTGGACAGAGCTATA_9_1_1	tumor	NA
GACGTTAGTCTACCTC_9_1_1	tumor	NA
GAAGCAGCAGACGCCT_9_1_1	tumor	NA
GCTCTGTCAGACGCTC_9_1_1	tumor	NA
CGAATGTTCAGCTTAG_9_1_1	tumor	NA
GTCTCGTAGTAATCCC_9_1_1	tumor	NA
TCGCGTTTCCGTCATC_9_1_1	tumor	NA
TGGTTAGAGGAGTTTA_9_1_1	tumor	NA
CTGATCCCAGGGAGAG_9_1_1	tumor	NA
TTAGGCAAGACTTTCG_9_1_1	tumor	NA
GCTCCTAAGTTTAGGA_9_1_1	tumor	NA
GAAACTCCAAAGGAAG_9_1_1	tumor	NA
CAGCTAAGTCAGTGGA_9_1_1	tumor	NA
CGCGTTTCACACATGT_9_1_1	tumor	NA
GACACGCCAAACGCGA_9_1_1	tumor	NA
CCTCAGTAGGCATGGT_9_1_1	tumor	NA
GCAGTTAAGGAGTCTG_9_1_1	tumor	NA
CGCTATCAGCCAGTAG_9_1_1	tumor	NA
AGCTCTCTCGAATGCT_9_1_1	tumor	NA
CCTTCGAAGACAAGCC_9_1_1	normal	NA
CCCAGTTCACAGATTC_9_1_1	tumor	NA
TGGCGCACAAGAAGAG_9_1_1	tumor	NA
TAGTGGTCACCCATTC_9_1_1	tumor	NA
CCGTACTGTTATTCTC_9_1_1	tumor	NA
CTGCTGTGTTCGGGCT_9_1_1	tumor	NA
TCAGCTCCAATCTGCA_9_1_1	tumor	NA
CTTAGGAGTCGCGTGT_9_1_1	tumor	NA
ACTTACTCAGTAGAGC_9_1_1	tumor	NA
GGCTCGAAGTAATCCC_9_1_1	normal	NA
CATCGAATCTATCCTA_9_1_1	tumor	NA
ATGCGATCAAAGAATC_9_1_1	tumor	NA
TGTCCCACACAACTGT_9_1_1	tumor	NA
TGGTTAGAGGTGTTAA_9_1_1	tumor	NA
TCGTACCTCGGCTTGG_9_1_1	tumor	NA
CAGTCCTTCGCACTCT_9_1_1	tumor	NA
GTGAAGGTCTTGCCGT_9_1_1	tumor	NA
GGTGAAGGTAGCGATG_9_1_1	tumor	NA
CATTATCGTGCCTGTG_9_1_1	normal	NA
TTTGGTTAGTAGCCGA_9_1_1	tumor	NA
CCCAGTTAGAGCCCAA_9_1_1	tumor	NA
TTTGCGCAGGACTGGT_9_1_1	tumor	NA
ATCTGCCCATATACGC_9_1_1	tumor	NA
GGACAAGGTTAAGACA_9_1_1	tumor	NA
GGGAATGGTAATCGTC_9_1_1	tumor	NA
AGCGGTCCACATCCAA_9_1_1	tumor	NA
GCTGCGAAGGAGCGTT_9_1_1	tumor	NA
ACTGAGTGTTCAGGCC_9_1_1	tumor	NA
ACACCGGTCTGGTGTA_9_1_1	tumor	NA
ATGGGAGTCTTAACCT_9_1_1	tumor	NA
ACACCCTCACGAGAGT_9_1_1	tumor	NA
GGCCGATTCTCTTATG_9_1_1	tumor	NA
CGAGAAGAGCAGACTG_9_1_1	tumor	NA
GTGCTTCCATCCGCGA_9_1_1	tumor	NA
TCCACACCATATGAGA_9_1_1	tumor	NA
TTAGGACCATAGAAAC_9_1_1	tumor	NA
TCGTACCTCTTAGCCC_9_1_1	tumor	NA
ACGGAGACAATCCAAC_9_1_1	normal	NA
GACTGCGCAATAGCGG_9_1_1	tumor	NA
GTGCGGTAGCAGCCTC_9_1_1	tumor	NA
CTAACTTTCGGTCCGA_9_1_1	tumor	NA
ACGGCCATCAGGTAAA_9_1_1	tumor	NA
ACCCACTCAGCTGCAC_9_1_1	tumor	NA
CGACCTTGTCTCTTAT_9_1_1	tumor	NA
CTCATTAGTACTTCTT_9_1_1	tumor	NA
GCATGCGTCATGTCCC_9_1_1	tumor	NA
AGCCTAAGTTGGAGGT_9_1_1	tumor	NA
ACTTACTAGAGTAATC_9_1_1	tumor	NA
GATCGATCAGTAACGG_9_1_1	tumor	NA
GCGCAGTTCTCGGACG_9_1_1	tumor	NA
TGGGCGTGTGTGGTTT_9_1_1	tumor	NA
GCAAACTCATGCCTTC_9_1_1	tumor	NA
CGTTGGGCACCGGAAA_9_1_1	tumor	NA
CATGACAGTAGGACAC_9_1_1	tumor	NA
ACTTGTTAGCGAAGGG_9_1_1	tumor	NA
CGTGAGCTCCGGCACA_9_1_1	tumor	NA
CGCGTTTCAACGATGG_9_1_1	tumor	NA
GCTCTGTAGAATGTGT_9_1_1	tumor	NA
TGGCTGGGTCCATCCT_9_1_1	normal	NA
CAACCTCCAAGTTGTC_9_1_1	tumor	NA
GCGGGTTTCTGGCGAC_9_1_1	tumor	NA
CTCGGGACATGTCGAT_9_1_1	tumor	NA
ACATACGAGGCAGGTT_9_1_1	tumor	NA
CTGATCCCAGAAGCAC_9_1_1	tumor	NA
CAGCATACATTTCAGG_9_1_1	tumor	NA
CCAATCCAGTGTCCAT_9_1_1	tumor	NA
CCTTACGAGTGGAGTC_9_1_1	tumor	NA
ACGATACGTCAGTGGA_9_1_1	tumor	NA
GAATAAGGTCCGTTAA_9_1_1	normal	NA
CCTTACGGTAAGGATT_9_1_1	tumor	NA
AGAATAGTCTCGTATT_9_1_1	tumor	NA
GGTATTGTCGGAATCT_9_1_1	tumor	NA
GGGTTGCCATCGGTTA_9_1_1	tumor	NA
CTTACCGTCATCTGCC_9_1_1	tumor	NA
TAAGCGTGTACTTAGC_9_1_1	tumor	NA
TGGCTGGAGGCAGGTT_9_1_1	tumor	NA
AGCATACTCGGAGCAA_9_1_1	tumor	NA
TGGCCAGCAAGCTGAG_9_1_1	tumor	NA
TGGGCGTGTTCAACCA_9_1_1	tumor	NA
GGTGAAGCAGAGCCAA_9_1_1	tumor	NA
GACAGAGGTCTCGTTC_9_1_1	tumor	NA
GTAACTGTCCGCAAGC_9_1_1	tumor	NA
AGCGTCGAGAAGGCCT_9_1_1	tumor	NA
CATATTCTCGTAGGAG_9_1_1	tumor	NA
ACGATACGTTCCCTTG_9_1_1	tumor	NA
TTTGCGCAGGTTCCTA_9_1_1	tumor	NA
CTCTGGTTCTTGCATT_9_1_1	tumor	NA
CAGGTGCTCGCTAGCG_9_1_1	tumor	NA
ATCTGCCGTTGTACAC_9_1_1	normal	NA
GATCGATGTCCCGACA_9_1_1	tumor	NA
TCGGTAACAGTCACTA_9_1_1	tumor	NA
GGGAATGCATATGAGA_9_1_1	tumor	NA
TTAGTTCCAACACCTA_9_1_1	tumor	NA
AGCCTAAGTACACCGC_9_1_1	tumor	NA
CTGATCCAGGCAGGTT_9_1_1	tumor	NA
GGTGTTAGTCGACTGC_9_1_1	tumor	NA
TCTTTCCGTACACCGC_9_1_1	tumor	NA
CTACATTGTACCCAAT_9_1_1	tumor	NA
AGGTCATGTCTAGCCG_9_1_1	tumor	NA
GGGCATCCATCTACGA_9_1_1	normal	NA
AGGTCATGTTCGGCAC_9_1_1	normal	NA
ACACCCTAGTAGATGT_9_1_1	tumor	NA
GTGAAGGCAGCATACT_9_1_1	tumor	NA
TTATGCTAGGTAAACT_9_1_1	tumor	NA
GCTGGGTAGGGCTTGA_9_1_1	tumor	NA
GTACGTACATTTGCTT_9_1_1	tumor	NA
CAAGAAAGTCGTGGCT_9_1_1	tumor	NA
GTCATTTAGTGTACTC_9_1_1	tumor	NA
TAGGCATGTTAAAGAC_9_1_1	tumor	NA
GTGTGCGAGCACCGCT_9_1_1	tumor	NA
AGGGATGAGTTGCAGG_9_1_1	tumor	NA
AGGGTGATCAGCGACC_9_1_1	tumor	NA
CGGACGTAGTGTTAGA_9_1_1	tumor	NA
ACCAGTATCAACGGGA_9_1_1	tumor	NA
CTCACACGTGTGGCTC_9_1_1	tumor	NA
GTCTTCGTCCGAGCCA_9_1_1	tumor	NA
TCAACGAGTAAGCACG_9_1_1	normal	NA
CGGACACCATCCGTGG_9_1_1	tumor	NA
CACCAGGCAATGCCAT_9_1_1	tumor	NA
GTACTCCGTCACACGC_9_1_1	tumor	NA
CAAGTTGGTCATACTG_9_1_1	tumor	NA
TACAGTGTCCGCTGTT_9_1_1	tumor	NA
TGGGCGTGTCCCTACT_9_1_1	tumor	NA
CCTATTAAGCTGTTCA_9_1_1	tumor	NA
CATCAAGCATGTAAGA_9_1_1	tumor	NA
TTCTCCTTCCTTCAAT_9_1_1	tumor	NA
TTATGCTAGGAGTCTG_9_1_1	tumor	NA
GACAGAGCAGAGTGTG_9_1_1	tumor	NA
CTCATTAGTCATCGGC_9_1_1	tumor	NA
CGGGTCAGTACTTCTT_9_1_1	tumor	NA
TCGTAGATCAACGGCC_9_1_1	tumor	NA
CGGTTAAAGAGTAATC_9_1_1	tumor	NA
GTCGGGTAGGTGGGTT_9_1_1	tumor	NA
TCTCATACAAGAGGCT_9_1_1	tumor	NA
GATCGTAGTTATGTGC_9_1_1	tumor	NA
CACACCTAGGCCCTTG_9_1_1	tumor	NA
CTAGAGTAGTATCGAA_9_1_1	tumor	NA
CTGCCTAAGTTATCGC_9_1_1	tumor	NA
GTAACTGCATCTCCCA_9_1_1	tumor	NA
CGTCTACGTGTTCGAT_9_1_1	tumor	NA
TTCTCAATCCTAGGGC_9_1_1	tumor	NA
GCATGTATCAAGGCTT_9_1_1	tumor	NA
TCCACACTCCCACTTG_9_1_1	tumor	NA
CATCCACCAAAGTGCG_9_1_1	tumor	NA
ACACTGATCGGCCGAT_9_1_1	tumor	NA
CTCGGGAGTTGCCTCT_9_1_1	tumor	NA
TCGGTAATCACCATAG_9_1_1	tumor	NA
AGTAGTCCAAGCCTAT_9_1_1	tumor	NA
TGCCAAAAGAGCCCAA_9_1_1	tumor	NA
CCTTCGAGTCCTGCTT_9_1_1	tumor	NA
ACCCACTGTCGGGTCT_9_1_1	tumor	NA
CTAAGACTCTGCTGTC_9_1_1	tumor	NA
TGCTGCTTCCGCATCT_9_1_1	normal	NA
GTATCTTGTAGAAGGA_9_1_1	tumor	NA
CCGTACTAGATAGGAG_9_1_1	tumor	NA
GATCGATGTTTGGGCC_9_1_1	tumor	NA
CCTTCCCCACGTGAGA_9_1_1	tumor	NA
CTACGTCGTCTCTCGT_9_1_1	tumor	NA
TCTTTCCAGTGCAAGC_9_1_1	tumor	NA
TCAACGACATACCATG_9_1_1	tumor	NA
GGACGTCAGCGTCTAT_9_1_1	tumor	NA
ACTTGTTCACGAAAGC_9_1_1	tumor	NA
AAGCCGCAGTGGGCTA_9_1_1	tumor	NA
ACGAGCCCATCTGGTA_9_1_1	tumor	NA
GGACGTCGTAATAGCA_9_1_1	normal	NA
ATTCTACCACCCATTC_9_1_1	tumor	NA
GCGCGATCACTTAAGC_9_1_1	tumor	NA
AGTGTCACACAGTCGC_9_1_1	tumor	NA
GGAAAGCCATTTGCCC_9_1_1	tumor	NA
CTCATTATCGTCCAGG_9_1_1	tumor	NA
TCGTAGAAGCTGCAAG_9_1_1	tumor	NA
GGACATTAGGCTAGAC_9_1_1	tumor	NA
CATTATCTCAGCGATT_9_1_1	normal	NA
TGACTAGGTCTCTCTG_9_1_1	tumor	NA
GAATAAGGTCGAGTTT_9_1_1	tumor	NA
AGGCCACCATGGAATA_9_1_1	tumor	NA
CGACCTTGTTGGACCC_9_1_1	tumor	NA
TTGACTTAGTACGACG_9_1_1	tumor	NA
CTCGGGATCGGTGTCG_9_1_1	tumor	NA
CACTCCAGTAGAGCTG_9_1_1	tumor	NA
CGATTGAAGACTAGAT_9_1_1	tumor	NA
AGCTCTCAGTGTCTCA_9_1_1	tumor	NA
TAGCCGGGTTCCAACA_9_1_1	tumor	NA
CAAGAAAAGTGACTCT_9_1_1	tumor	NA
CACTCCATCTGAAAGA_9_1_1	tumor	NA
TACGGGCGTCCATCCT_9_1_1	tumor	NA
AGCTCTCAGAGCCCAA_9_1_1	tumor	NA
TCGCGTTCATACGCCG_9_1_1	tumor	NA
CTGATCCGTATATGGA_9_1_1	tumor	NA
CTGCCTAGTCAACATC_9_1_1	tumor	NA
ACACTGAGTCATATGC_9_1_1	tumor	NA
CTCGAGGGTAGCAAAT_9_1_1	tumor	NA
TGCCCATCAAACCCAT_9_1_1	tumor	NA
CCTTACGTCAGTACGT_9_1_1	tumor	NA
ATCTGCCAGATGAGAG_9_1_1	tumor	NA
GCATACACAAGACGTG_9_1_1	tumor	NA
GGGAATGAGCGTTGCC_9_1_1	normal	NA
CAGTCCTCAAACTGCT_9_1_1	tumor	NA
TCTTCGGTCCCTGACT_9_1_1	tumor	NA
GACGGCTTCCTTTCGG_9_1_1	tumor	NA
ACGTCAAGTATGCTTG_9_1_1	tumor	NA
TCGGTAACAACAACCT_9_1_1	tumor	NA
AAACGGGCAACAACCT_9_1_1	tumor	NA
CGGACACTCGTCCAGG_9_1_1	tumor	NA
GTGCATACACTGTGTA_9_1_1	tumor	NA
CGTCAGGGTAGGGTAC_9_1_1	tumor	NA
CTGCTGTGTCAAGCGA_9_1_1	tumor	NA
CGATGGCTCGCAGGCT_9_1_1	tumor	NA
GGCTCGAAGGCCCTCA_9_1_1	tumor	NA
GTCGGGTCATTACGAC_9_1_1	tumor	NA
GTGTGCGTCAACACAC_9_1_1	normal	NA
CATGACATCCGCAAGC_9_1_1	tumor	NA
TGTCCCACAAGCCGTC_9_1_1	tumor	NA
AAGCCGCGTAGGGACT_9_1_1	tumor	NA
TCGGTAAGTCCAAGTT_9_1_1	tumor	NA
CTGCCTACAAGTCATC_9_1_1	tumor	NA
CTAGAGTAGACTTGAA_9_1_1	normal	NA
CGCGGTATCAGTGTTG_9_1_1	tumor	NA
TGTGTTTAGGGTGTGT_9_1_1	tumor	NA
CCACTACCAGCTTAAC_9_1_1	tumor	NA
AGGGATGGTACGAAAT_9_1_1	tumor	NA
TCTGGAATCACCTTAT_9_1_1	normal	NA
TACCTTAGTTCGTGAT_9_1_1	tumor	NA
TCAGCAAAGTAGTGCG_9_1_1	tumor	NA
CCGTACTAGACAAAGG_9_1_1	normal	NA
TATGCCCTCACCAGGC_9_1_1	tumor	NA
TGAGGGAAGGCCGAAT_9_1_1	tumor	NA
GTAACTGTCACATACG_9_1_1	tumor	NA
TCACAAGGTTTGACTG_9_1_1	tumor	NA
AATCGGTGTTAGATGA_9_1_1	tumor	NA
GACTGCGCATACCATG_9_1_1	tumor	NA
TTCGGTCGTTGTTTGG_9_1_1	tumor	NA
GCACTCTGTTAGGGTG_9_1_1	tumor	NA
CTCCTAGCAATAGAGT_9_1_1	tumor	NA
ACAGCTATCCCTTGTG_9_1_1	tumor	NA
TCATTACAGTTCGCAT_9_1_1	tumor	NA
CATGGCGTCAACACTG_9_1_1	tumor	NA
GGTATTGAGAGCTGCA_9_1_1	tumor	NA
GTGCATACAGTCTTCC_9_1_1	tumor	NA
CACATTTTCAGGCCCA_9_1_1	tumor	NA
CGAACATCAAACTGTC_9_1_1	tumor	NA
GAATAAGTCGATCCCT_9_1_1	tumor	NA
CGAGAAGCACACCGAC_9_1_1	tumor	NA
GCAGTTAGTCGGATCC_9_1_1	tumor	NA
ACACTGACAGTGAGTG_9_1_1	tumor	NA
TGTATTCAGATGTGTA_9_1_1	tumor	NA
CGCTATCAGTTCGCGC_9_1_1	tumor	NA
TACTCGCCATGAGCGA_9_1_1	tumor	NA
GCGCCAAAGATGTGTA_9_1_1	tumor	NA
GCATGCGCAGCTGGCT_9_1_1	tumor	NA
AGAGCTTTCTTGTATC_9_1_1	normal	NA
ACTTACTTCGTGGACC_9_1_1	tumor	NA
TCGTACCGTATAGGGC_9_1_1	tumor	NA
GGAATAAGTGAGGCTA_9_1_1	tumor	NA
ACTGAACCATCTCCCA_9_1_1	tumor	NA
AAGCCGCTCAGAGCTT_9_1_1	tumor	NA
AACTCAGTCTTGTATC_9_1_1	tumor	NA
GTGCATATCTAAGCCA_9_1_1	normal	NA
GGCTCGAAGAGACTAT_9_1_1	tumor	NA
GACAGAGCACAACGCC_9_1_1	tumor	NA
CGGGTCAGTACCAGTT_9_1_1	normal	NA
ACTGATGCAAGCGATG_9_1_1	tumor	NA
AATCCAGAGCTAACTC_9_1_1	tumor	NA
GCATGTATCCGCATCT_9_1_1	tumor	NA
TTAGGCACATGTCGAT_9_1_1	tumor	NA
AACCGCGAGTTACCCA_9_1_1	tumor	NA
TTAACTCCAGACGCTC_9_1_1	tumor	NA
AGAGCGAGTTGATTCG_9_1_1	tumor	NA
CTACCCAGTTACCAGT_9_1_1	tumor	NA
TATCAGGGTTGCTCCT_9_1_1	tumor	NA
CGTCACTAGCCCAACC_9_1_1	tumor	NA
TAGAGCTTCCGATATG_9_1_1	tumor	NA
CAAGAAAGTCTCCATC_9_1_1	tumor	NA
AGATCTGTCTTTAGGG_9_1_1	tumor	NA
AACTCAGGTGGTGTAG_9_1_1	tumor	NA
ACGGGCTAGTGGTCCC_9_1_1	tumor	NA
GTCTTCGCAGACGCAA_9_1_1	tumor	NA
GACCAATGTAAGGGAA_9_1_1	tumor	NA
AAGGAGCCAAGGACAC_9_1_1	tumor	NA
CGAGAAGAGATCCTGT_9_1_1	tumor	NA
CGAGCACTCAGTTTGG_9_1_1	tumor	NA
GAGGTGACATCCGTGG_9_1_1	tumor	NA
AGGGAGTGTTACGACT_9_1_1	tumor	NA
TTAGGACCAATCAGAA_9_1_1	tumor	NA
TTGAACGCAGGAATGC_9_1_1	tumor	NA
TGCACCTCATGACATC_9_1_1	tumor	NA
AAGGAGCCATTGTGCA_9_1_1	tumor	NA
TTGTAGGTCCCTAATT_9_1_1	tumor	NA
CATGACACATGACGGA_9_1_1	tumor	NA
GCACTCTAGTGCAAGC_9_1_1	tumor	NA
CTCTACGAGCGTGAAC_9_1_1	tumor	NA
CCTCTGAAGAACAACT_9_1_1	tumor	NA
ACTGAGTAGTAATCCC_9_1_1	tumor	NA
CATCAGAGTAACGCGA_9_1_1	tumor	NA
ACTTGTTCAGGTGGAT_9_1_1	tumor	NA
CTAATGGTCTAACTTC_9_1_1	tumor	NA
CCGGTAGAGCAGCCTC_9_1_1	normal	NA
TGTATTCCATGGGAAC_9_1_1	tumor	NA
GATCGTACAGCCTTGG_9_1_1	tumor	NA
TACTCGCGTCAACATC_9_1_1	tumor	NA
AATCCAGTCATTATCC_9_1_1	tumor	NA
AGGCCGTAGGCACATG_9_1_1	normal	NA
CGGAGCTTCACCTTAT_9_1_1	tumor	NA
TGAAAGAAGCGTGAGT_9_1_1	tumor	NA
CAGTCCTGTTAGTGGG_9_1_1	tumor	NA
CAAGAAAGTCGGCTCA_9_1_1	tumor	NA
GCAGTTATCCGAAGAG_9_1_1	tumor	NA
GTTTCTACAATCGAAA_9_1_1	tumor	NA
AGAGCGACAGCTCGCA_9_1_1	tumor	NA
ATCCGAATCGTTTATC_9_1_1	tumor	NA
GAGGTGATCTGGCGAC_9_1_1	tumor	NA
CTACCCATCACAGGCC_9_1_1	tumor	NA
AACTGGTAGAGTACAT_9_1_1	tumor	NA
ACACCAAGTAAGTGGC_9_1_1	tumor	NA
AACCGCGAGTGTACGG_9_1_1	tumor	NA
CACAAACGTTCAACCA_9_1_1	tumor	NA
CTACATTGTAGCGCAA_9_1_1	tumor	NA
CAGCCGATCTTCGAGA_9_1_1	tumor	NA
CAGCATATCCCACTTG_9_1_1	tumor	NA
GAACCTAGTCATCCCT_9_1_1	tumor	NA
CATCGAATCCAGGGCT_9_1_1	tumor	NA
GGGAGATGTCTAAAGA_9_1_1	tumor	NA
ATAACGCTCCATTCTA_9_1_1	tumor	NA
CGGACTGGTCCTGCTT_9_1_1	tumor	NA
ACATGGTGTGGACGAT_9_1_1	tumor	NA
CACCACTGTTCCGTCT_9_1_1	tumor	NA
TATTACCTCGGATGGA_9_1_1	tumor	NA
TGAGCCGGTGGAAAGA_9_1_1	tumor	NA
CACACAAAGTGAAGTT_9_1_1	tumor	NA
TGGTTAGGTTCAGCGC_9_1_1	tumor	NA
CCTTCCCCAAAGTCAA_9_1_1	tumor	NA
CAACCAATCGTTGACA_9_1_1	tumor	NA
CTCGAAAGTCGACTGC_9_1_1	tumor	NA
ACGCAGCCACGCCAGT_9_1_1	normal	NA
CTACACCTCAACACTG_9_1_1	tumor	NA
TGACAACAGCCACGCT_9_1_1	tumor	NA
TATTACCCAGATAATG_9_1_1	tumor	NA
ACAGCCGAGTGACTCT_9_1_1	tumor	NA
ACCTTTACATGTTGAC_9_1_1	tumor	NA
CGTTCTGAGTCAAGGC_9_1_1	normal	NA
GACGTTAGTGTAATGA_9_1_1	tumor	NA
TCAGGATAGTACGTAA_9_1_1	tumor	NA
CATCGGGAGCGTAGTG_9_1_1	tumor	NA
TCGAGGCAGGTTCCTA_9_1_1	tumor	NA
AACACGTGTCAGGACA_9_1_1	tumor	NA
GAACATCAGAAGGTTT_9_1_1	tumor	NA
CGATCGGCATCTCCCA_9_1_1	tumor	NA
CAAGATCGTGCGGTAA_9_1_1	tumor	NA
TCGGTAATCGGAAATA_9_1_1	tumor	NA
CAGCCGAGTAGTACCT_9_1_1	tumor	NA
TAGTGGTTCGATGAGG_9_1_1	tumor	NA
TTCTTAGCAGCTGTTA_9_1_1	tumor	NA
TGGCCAGAGTTAAGTG_9_1_1	tumor	NA
TGCCCATGTGGTACAG_9_1_1	tumor	NA
ATCATGGAGACAAGCC_9_1_1	tumor	NA
TGGCCAGTCATTGCCC_9_1_1	normal	NA
GCAAACTGTACCTACA_9_1_1	tumor	NA
TTCGGTCGTATAAACG_9_1_1	normal	NA
GTGCGGTGTACCCAAT_9_1_1	tumor	NA
TAGTTGGAGCCGATTT_9_1_1	tumor	NA
GCGCAACGTATAAACG_9_1_1	normal	NA
ACACCGGAGAGCAATT_9_1_1	normal	NA
AGGTCATGTTCAGTAC_9_1_1	tumor	NA
CGATGGCTCTTGAGGT_9_1_1	tumor	NA
GGCAATTTCTGATACG_9_1_1	tumor	NA
AGCGGTCGTTCCCTTG_9_1_1	tumor	NA
TACAGTGGTAGCCTAT_9_1_1	tumor	NA
CTCGGAGCATACCATG_9_1_1	tumor	NA
ATCTACTTCTGGCGAC_9_1_1	tumor	NA
TGCGGGTCAGATTGCT_9_1_1	normal	NA
TGGCCAGTCAACACCA_9_1_1	tumor	NA
CTCGAGGTCATCTGCC_9_1_1	tumor	NA
AGCGTCGAGGGTTCCC_9_1_1	tumor	NA
GGCGTGTTCGCACTCT_9_1_1	tumor	NA
CTCACACAGGAATCGC_9_1_1	normal	NA
TTGAACGCAAACGTGG_9_1_1	tumor	NA
GGCAATTGTGTGACCC_9_1_1	tumor	NA
TCACGAAGTCGCGTGT_9_1_1	tumor	NA
CGTTCTGGTCAAGCGA_9_1_1	tumor	NA
TGCCAAATCTTCGGTC_9_1_1	tumor	NA
GCTTCCACAAGCTGAG_9_1_1	tumor	NA
CACCTTGTCTTCTGGC_9_1_1	tumor	NA
GAATAAGGTCTTGTCC_9_1_1	tumor	NA
TAGGCATTCCGCATAA_9_1_1	tumor	NA
TGACAACAGATTACCC_9_1_1	tumor	NA
GACGTGCCATTTGCTT_9_1_1	tumor	NA
TTCGAAGTCTTCATGT_9_1_1	tumor	NA
CCTTTCTAGGTGCAAC_9_1_1	normal	NA
TCAGGATAGGCATGGT_9_1_1	tumor	NA
GATGCTACAATCTGCA_9_1_1	tumor	NA
TTTATGCCATTAACCG_9_1_1	tumor	NA
ATTCTACAGGATGTAT_9_1_1	tumor	NA
TGTCCCAAGAGTCGGT_9_1_1	tumor	NA
AGTGTCACACGTGAGA_9_1_1	tumor	NA
GGGATGACACCTCGTT_9_1_1	tumor	NA
TCTTCGGGTCCAACTA_9_1_1	tumor	NA
GACGCGTAGTAAGTAC_9_1_1	tumor	NA
TGCGGGTGTAGCCTAT_9_1_1	tumor	NA
AGTTGGTTCTCTGTCG_9_1_1	tumor	NA
GATGAAACAATCGAAA_9_1_1	tumor	NA
TAAGAGAAGCCCAATT_9_1_1	tumor	NA
CATGACACAGGGAGAG_9_1_1	tumor	NA
AGAATAGTCCCGGATG_9_1_1	tumor	NA
AGGGTGACACAGAGGT_9_1_1	tumor	NA
GTCCTCAGTCCATCCT_9_1_1	tumor	NA
GGATGTTCACCGGAAA_9_1_1	tumor	NA
TAGTTGGAGATGCCAG_9_1_1	tumor	NA
GTGTTAGCAAGTAATG_9_1_1	tumor	NA
AGGGAGTAGTACGACG_9_1_1	tumor	NA
CTAATGGGTGCAGTAG_9_1_1	tumor	NA
TTTGGTTAGACGCAAC_9_1_1	tumor	NA
AGCTTGACATTAACCG_9_1_1	tumor	NA
GCTCTGTAGATCCCAT_9_1_1	normal	NA
CTCGTACAGGATGGAA_9_1_1	tumor	NA
TATTACCTCGGGAGTA_9_1_1	tumor	NA
TTAGTTCAGACTAGGC_9_1_1	normal	NA
AACTTTCAGCAATCTC_9_1_1	tumor	NA
TAGGCATTCAGGTTCA_9_1_1	tumor	NA
GCCAAATTCAAGCCTA_9_1_1	tumor	NA
TCACAAGCACACCGCA_9_1_1	tumor	NA
ACGATGTAGCCGCCTA_9_1_1	tumor	NA
AAGGCAGCACAAGCCC_9_1_1	tumor	NA
CTAAGACAGTACGTAA_9_1_1	tumor	NA
GAAATGAGTATATGGA_9_1_1	tumor	NA
CCTTCGAGTTGCTCCT_9_1_1	tumor	NA
GGCTGGTTCAGGTTCA_9_1_1	tumor	NA
TTATGCTGTTCAGACT_9_1_1	normal	NA
CAGAATCTCGAACGGA_9_1_1	tumor	NA
CTACCCACATCACGTA_9_1_1	tumor	NA
CAAGATCTCAAGGTAA_9_1_1	tumor	NA
GTAGGCCAGACTTTCG_9_1_1	tumor	NA
CTACCCAGTACCTACA_9_1_1	tumor	NA
GATGAGGGTTACGACT_9_1_1	tumor	NA
AACGTTGTCCATGCTC_9_1_1	normal	NA
GATGAAACATATGCTG_9_1_1	tumor	NA
ACTTGTTGTACATGTC_9_1_1	normal	NA
GCCTCTAAGGATGTAT_9_1_1	tumor	NA
AGAATAGTCCGTCAAA_9_1_1	tumor	NA
GGATGTTGTACTCTCC_9_1_1	tumor	NA
CCGTTCAGTCTAGTGT_9_1_1	tumor	NA
AAGGTTCGTCAGAATA_9_1_1	tumor	NA
ATAACGCTCATTGCCC_9_1_1	tumor	NA
TGCGGGTAGAACTCGG_9_1_1	tumor	NA
ACCAGTAGTGAGGGTT_9_1_1	tumor	NA
GAACATCAGTCGTACT_9_1_1	tumor	NA
GTAACTGGTCTCTCTG_9_1_1	tumor	NA
CTCTAATCAATAAGCA_9_1_1	tumor	NA
CGCTGGATCAGGCAAG_9_1_1	tumor	NA
TCACGAAAGAGGTAGA_9_1_1	tumor	NA
TGAGCATCAAGGTTCT_9_1_1	tumor	NA
TGGCGCACAGCTCCGA_9_1_1	tumor	NA
ACATACGCAATGGATA_9_1_1	tumor	NA
ATTACTCCATTCTCAT_9_1_1	tumor	NA
GGACAAGTCGCGATCG_9_1_1	tumor	NA
CCTACACTCTGCAAGT_9_1_1	tumor	NA
GATCAGTGTGGCCCTA_9_1_1	tumor	NA
GGCAATTAGCCAGTTT_9_1_1	tumor	NA
GCGGGTTAGGGCACTA_9_1_1	tumor	NA
GTGCTTCAGCCATCGC_9_1_1	tumor	NA
ACTGAGTGTAAAGTCA_9_1_1	tumor	NA
GTGCTTCTCTCAAACG_9_1_1	tumor	NA
GAACGGATCTAGCACA_9_1_1	tumor	NA
AGTGTCAAGGTTCCTA_9_1_1	tumor	NA
TTGCCGTCAGCCTTTC_9_1_1	normal	NA
ATTGGACGTTCACCTC_9_1_1	normal	NA
TCTTTCCTCGGAGCAA_9_1_1	tumor	NA
AGTGGGAGTTTGGGCC_9_1_1	tumor	NA
GCGAGAAGTTAGTGGG_9_1_1	tumor	NA
GAGGTGACAGCTTAAC_9_1_1	tumor	NA
GCCAAATTCAACTCTT_9_1_1	tumor	NA
GAACGGACAAGTCTAC_9_1_1	tumor	NA
TGCTACCTCGCCTGTT_9_1_1	tumor	NA
GATCTAGGTCCGAGTC_9_1_1	tumor	NA
TATCAGGCATAGAAAC_9_1_1	tumor	NA
CAGCTAACAATAGCGG_9_1_1	tumor	NA
TCAATCTAGAGCCCAA_9_1_1	normal	NA
TTCTTAGGTCAAAGAT_9_1_1	tumor	NA
TACGGGCCACAGACAG_9_1_1	tumor	NA
TCTGGAACATCACCCT_9_1_1	tumor	NA
CGCTGGAGTGCACTTA_9_1_1	normal	NA
AAAGCAAGTAATAGCA_9_1_1	tumor	NA
CCCTCCTTCGAATGCT_9_1_1	normal	NA
CTGTTTAGTCACCTAA_9_1_1	tumor	NA
TGACGGCGTTACAGAA_9_1_1	tumor	NA
CATGCCTCAAAGCGGT_9_1_1	tumor	NA
TGTGGTACACCTATCC_9_1_1	normal	NA
CACCTTGTCTCGAGTA_9_1_1	tumor	NA
GAGCAGATCAGTTTGG_9_1_1	normal	NA
AGGTCCGGTGGACGAT_9_1_1	tumor	NA
GGTATTGGTGCGGTAA_9_1_1	tumor	NA
GAACATCCAGTAGAGC_9_1_1	tumor	NA
GTTACAGCAGTATCTG_9_1_1	tumor	NA
TAGACCATCGGCGGTT_9_1_1	tumor	NA
CACACAATCCGTCAAA_9_1_1	tumor	NA
CTTTGCGAGGTTACCT_9_1_1	normal	NA
CGATGGCTCGGCATCG_9_1_1	tumor	NA
GACGTTAGTAGCGTCC_9_1_1	tumor	NA
ATTATCCAGAACAATC_9_1_1	tumor	NA
CCTAGCTTCTGGCGTG_9_1_1	tumor	NA
GTCATTTTCGAGGTAG_9_1_1	tumor	NA
ATCCGAAAGAGATGAG_9_1_1	tumor	NA
CTACATTAGATATGCA_9_1_1	tumor	NA
AACGTTGGTCTAGGTT_9_1_1	tumor	NA
TTGGCAAGTATCACCA_9_1_1	tumor	NA
AGTGAGGCATATACGC_9_1_1	tumor	NA
GCTGCTTAGCAGATCG_9_1_1	tumor	NA
CAGAGAGCATCTACGA_9_1_1	tumor	NA
AACTCCCTCGCCAAAT_9_1_1	tumor	NA
ACCCACTCAGGCTGAA_9_1_1	tumor	NA
GTAGGCCGTCGACTAT_9_1_1	tumor	NA
CTGGTCTTCTTTACGT_9_1_1	tumor	NA
CTACGTCTCCTAAGTG_9_1_1	tumor	NA
AACCATGCACGCCAGT_9_1_1	tumor	NA
GGGACCTAGAGAACAG_9_1_1	tumor	NA
TAAGTGCGTAGCCTAT_9_1_1	tumor	NA
CCATTCGGTAGAAGGA_9_1_1	tumor	NA
GTCCTCAGTGGCGAAT_9_1_1	normal	NA
TGCACCTAGTGGAGAA_9_1_1	tumor	NA
CTACATTCATTATCTC_9_1_1	tumor	NA
TGGGAAGGTACATGTC_9_1_1	tumor	NA
CATCGAACAGATTGCT_9_1_1	tumor	NA
GATTCAGTCTCGGACG_9_1_1	tumor	NA
TCTTTCCTCGTTTATC_9_1_1	tumor	NA
GAAATGAGTCGGGTCT_9_1_1	tumor	NA
GCGACCAAGACTACAA_9_1_1	tumor	NA
CACAGTATCTACTATC_9_1_1	tumor	NA
CTGTTTATCCGCTGTT_9_1_1	tumor	NA
CAGAATCTCAAACCAC_9_1_1	normal	NA
GCATGATTCCTATGTT_9_1_1	tumor	NA
TAGCCGGTCGGCGCAT_9_1_1	tumor	NA
CACTCCACACGGCGTT_9_1_1	tumor	NA
AAACCTGTCTCGCTTG_9_1_1	tumor	NA
ACTTTCAGTAGGCTGA_9_1_1	tumor	NA
AGGTCATTCGATCCCT_9_1_1	tumor	NA
TCGTAGAAGAAGAAGC_9_1_1	tumor	NA
AGATTGCTCAGGTTCA_9_1_1	tumor	NA
ACGAGCCGTCCGACGT_9_1_1	tumor	NA
CTGCCTACACCGCTAG_9_1_1	normal	NA
CAGAATCCAGCTGTAT_9_1_1	tumor	NA
GGAACTTTCCTGTAGA_9_1_1	tumor	NA
CTCTAATCAGGTCGTC_9_1_1	tumor	NA
CAGCATATCACATGCA_9_1_1	tumor	NA
TCTCTAAGTGCTCTTC_9_1_1	tumor	NA
CCTAGCTGTCTCACCT_9_1_1	tumor	NA
TCCACACAGTAACCCT_9_1_1	tumor	NA
AGATCTGTCTGCTTGC_9_1_1	normal	NA
CGGTTAAGTTAGTGGG_9_1_1	tumor	NA
CACACTCGTGCGCTTG_9_1_1	tumor	NA
ATCATCTTCGCGTAGC_9_1_1	tumor	NA
CATGACATCGCGGATC_9_1_1	tumor	NA
GCTGCAGAGAGTCGGT_9_1_1	tumor	NA
CGTCTACCAGGACCCT_9_1_1	tumor	NA
TCACAAGCATCGTCGG_9_1_1	tumor	NA
TACTCGCCAGGAACGT_9_1_1	tumor	NA
CGATCGGCACGTAAGG_9_1_1	tumor	NA
TAAGAGACAGGTCTCG_9_1_1	tumor	NA
AGAGTGGAGCTGCAAG_9_1_1	tumor	NA
TGGCCAGCACGAAAGC_9_1_1	tumor	NA
ACGTCAATCTACCAGA_9_1_1	tumor	NA
CCATTCGCATGGATGG_9_1_1	tumor	NA
TTCCCAGAGCTGAAAT_9_1_1	normal	NA
CCTCTGATCACCGGGT_9_1_1	tumor	NA
GACACGCAGTGGACGT_9_1_1	tumor	NA
AACCGCGGTCATACTG_9_1_1	tumor	NA
GCTCTGTAGGGCTCTC_9_1_1	normal	NA
ATCATGGGTTGTGGCC_9_1_1	tumor	NA
TGTTCCGCACGACGAA_9_1_1	tumor	NA
TGGCTGGTCGGGAGTA_9_1_1	tumor	NA
TTTGCGCTCGGCCGAT_9_1_1	tumor	NA
ACGAGCCCAGATGGCA_9_1_1	tumor	NA
TTCTCCTTCCTCAACC_9_1_1	tumor	NA
CCATGTCCATCGGGTC_9_1_1	tumor	NA
GTGCAGCTCTGCGACG_9_1_1	tumor	NA
CACACTCGTACCGGCT_9_1_1	tumor	NA
ATAGACCGTCTAGTCA_9_1_1	tumor	NA
TTAGTTCCAAACGCGA_9_1_1	tumor	NA
CCGTTCATCTCTGCTG_9_1_1	tumor	NA
TGGTTCCTCAACGCTA_9_1_1	tumor	NA
GGGAATGCACCTCGTT_9_1_1	tumor	NA
TTAGTTCGTAGCACGA_9_1_1	tumor	NA
AGCTTGACACATTCGA_9_1_1	tumor	NA
CCACGGAAGTGTACTC_9_1_1	tumor	NA
GTCTCGTCATGTCCTC_9_1_1	tumor	NA
ATTGGTGGTGCTCTTC_9_1_1	tumor	NA
TGTATTCCACCGAAAG_9_1_1	tumor	NA
CGCGGTAGTCCTAGCG_9_1_1	tumor	NA
CTAGTGAGTCATACTG_9_1_1	tumor	NA
CATTCGCCAATCAGAA_9_1_1	normal	NA
TGTGGTAAGCGATATA_9_1_1	tumor	NA
CTGAAACAGTAGTGCG_9_1_1	tumor	NA
AGATCTGCATCTATGG_9_1_1	tumor	NA
TTTATGCTCTTCGAGA_9_1_1	normal	NA
TCTTTCCCAAGGTTCT_9_1_1	tumor	NA
GATGAGGGTTATCCGA_9_1_1	tumor	NA
TCTCATACACCCAGTG_9_1_1	tumor	NA
CTCTGGTCATTGCGGC_9_1_1	tumor	NA
CATATGGTCCACGACG_9_1_1	tumor	NA
TACCTTATCACGACTA_9_1_1	tumor	NA
TCAGGTATCGGTTAAC_9_1_1	tumor	NA
AACACGTAGGTCATCT_9_1_1	tumor	NA
GGATGTTGTAGGGTAC_9_1_1	tumor	NA
ACCAGTAAGGCCATAG_9_1_1	tumor	NA
ACGATACAGGGTCGAT_9_1_1	tumor	NA
CGATCGGGTCTTGCGG_9_1_1	tumor	NA
TAGACCAAGCGTTGCC_9_1_1	tumor	NA
AGAGCGAAGACTAGAT_9_1_1	tumor	NA
ACCGTAAGTTAGATGA_9_1_1	tumor	NA
CTTAACTTCGGAAATA_9_1_1	tumor	NA
TGGTTAGGTCTTCGTC_9_1_1	tumor	NA
TACTCGCTCACATGCA_9_1_1	tumor	NA
TTTGTCAAGGCACATG_9_1_1	tumor	NA
GCGCAACGTTTGTGTG_9_1_1	tumor	NA
CAGAGAGAGGCATTGG_9_1_1	tumor	NA
GTGGGTCCATAGTAAG_9_1_1	tumor	NA
ACTGAACTCCAACCAA_9_1_1	tumor	NA
CCTAGCTGTCTGATTG_9_1_1	tumor	NA
GTTACAGCAGTAGAGC_9_1_1	tumor	NA
GGGCACTCATATGCTG_9_1_1	tumor	NA
CTGCCTATCTATGTGG_9_1_1	tumor	NA
CATCGGGGTGTCAATC_9_1_1	tumor	NA
CAGAATCTCATCACCC_9_1_1	tumor	NA
TCGCGAGTCATAACCG_9_1_1	normal	NA
AGACGTTAGCTTATCG_9_1_1	tumor	NA
AGCGTCGTCTATGTGG_9_1_1	tumor	NA
CAGCTGGGTCACAAGG_9_1_1	normal	NA
GCATGATAGGGCACTA_9_1_1	tumor	NA
TGAAAGAAGTGCGTGA_9_1_1	tumor	NA
AGCAGCCTCTACTTAC_9_1_1	tumor	NA
GTACTTTGTTTGGGCC_9_1_1	tumor	NA
GTACGTAGTACTTCTT_9_1_1	normal	NA
CTGCGGATCTTTAGTC_9_1_1	tumor	NA
GAAACTCAGAGTACAT_9_1_1	tumor	NA
TGGACGCGTACGACCC_9_1_1	tumor	NA
CATTATCAGTACATGA_9_1_1	tumor	NA
CGATCGGCATACCATG_9_1_1	tumor	NA
ACTGTCCTCCCAAGAT_9_1_1	tumor	NA
AGGGTGAAGAAGGACA_9_1_1	tumor	NA
AAGGCAGAGTGTGGCA_9_1_1	tumor	NA
ACTTTCACACCCAGTG_9_1_1	tumor	NA
AACCATGTCCGTTGCT_9_1_1	tumor	NA
GAGGTGAGTTAAGAAC_9_1_1	tumor	NA
CCCTCCTGTGCACCAC_9_1_1	tumor	NA
ACGGGCTAGCCAGTTT_9_1_1	tumor	NA
TCAGCAAGTTCAGGCC_9_1_1	tumor	NA
AGTGGGATCGCCTGAG_9_1_1	tumor	NA
AACTGGTAGGGTGTGT_9_1_1	tumor	NA
ATCCACCGTGACGGTA_9_1_1	tumor	NA
CTCACACCACCCAGTG_9_1_1	tumor	NA
ACGCCAGGTTAAGAAC_9_1_1	tumor	NA
AACTCAGTCCGCAAGC_9_1_1	tumor	NA
CCTAGCTGTCATATGC_9_1_1	tumor	NA
ACGCCGAGTGTAACGG_9_1_1	tumor	NA
GGAGCAAGTTCGGCAC_9_1_1	normal	NA
GATCTAGAGCAAATCA_9_1_1	tumor	NA
GTATTCTTCGAACTGT_9_1_1	tumor	NA
CATATTCGTCGAGATG_9_1_1	tumor	NA
GCCAAATTCCCGACTT_9_1_1	tumor	NA
GAACGGATCTGCGTAA_9_1_1	normal	NA
ATTGGTGTCAGAGCTT_9_1_1	tumor	NA
ACGATACCAGGTCTCG_9_1_1	tumor	NA
CGTCTACAGTTTGCGT_9_1_1	tumor	NA
GCGCCAACAATGGACG_9_1_1	normal	NA
CCCTCCTAGACTGTAA_9_1_1	tumor	NA
TAGGCATGTCTCTTTA_9_1_1	tumor	NA
ACGTCAAGTATATGAG_9_1_1	tumor	NA
CCTTTCTCAGACACTT_9_1_1	tumor	NA
TCCACACTCAAACGGG_9_1_1	tumor	NA
CTCAGAACACATCTTT_9_1_1	normal	NA
TACGGTAAGCCCTAAT_9_1_1	tumor	NA
CCTCTGAGTGAGGCTA_9_1_1	normal	NA
GCATGTAGTCGTCTTC_9_1_1	tumor	NA
AACTCCCGTTGGAGGT_9_1_1	tumor	NA
GGACATTGTTAGTGGG_9_1_1	tumor	NA
ATCATCTGTCAAAGAT_9_1_1	tumor	NA
TACGGTAAGGCTATCT_9_1_1	tumor	NA
ACTGCTCTCGTTTGCC_9_1_1	tumor	NA
CAGCGACTCTTAGAGC_9_1_1	tumor	NA
ACAGCTAGTTACTGAC_9_1_1	tumor	NA
ATCACGAAGTCCGGTC_9_1_1	tumor	NA
CTGCCTACACCCATTC_9_1_1	tumor	NA
TGCTGCTCAAGCTGAG_9_1_1	tumor	NA
ATGAGGGGTGTTTGGT_9_1_1	tumor	NA
ATCATGGAGCAAATCA_9_1_1	tumor	NA
GACCAATGTCACCCAG_9_1_1	tumor	NA
CATCGAAGTAAATACG_9_1_1	tumor	NA
GGAAAGCGTTCAGTAC_9_1_1	tumor	NA
CAGCTAAGTTTGACAC_9_1_1	tumor	NA
GTAGGCCAGCGATTCT_9_1_1	tumor	NA
GGCTCGATCAACGCTA_9_1_1	tumor	NA
TCCACACAGCAGCCTC_9_1_1	tumor	NA
GGGAATGTCAACGGGA_9_1_1	tumor	NA
GTTCATTCAGACAAGC_9_1_1	tumor	NA
CGTGTCTAGAGCTTCT_9_1_1	tumor	NA
CATATTCAGTGGTCCC_9_1_1	tumor	NA
AACTGGTTCAGCTCTC_9_1_1	tumor	NA
CGGTTAATCTCAAGTG_9_1_1	tumor	NA
TTAACTCCACACTGCG_9_1_1	normal	NA
TGAAAGAAGTGCCAGA_9_1_1	tumor	NA
GCATACAAGTCTCCTC_9_1_1	tumor	NA
GCGCGATCAATCTACG_9_1_1	tumor	NA
CGAGCACGTTCGGGCT_9_1_1	tumor	NA
CTCGAAACACTTACGA_9_1_1	tumor	NA
GGACATTTCAACACCA_9_1_1	tumor	NA
GGGATGACAGTGACAG_9_1_1	tumor	NA
GGATTACAGCCACCTG_9_1_1	tumor	NA
ATCATGGGTTCCTCCA_9_1_1	tumor	NA
CAGATCATCTTGCATT_9_1_1	tumor	NA
CCCATACTCTGTTTGT_9_1_1	tumor	NA
GGCTCGATCCATGAAC_9_1_1	tumor	NA
ACGAGCCGTACTCAAC_9_1_1	tumor	NA
GTTCATTCAGGTCGTC_9_1_1	tumor	NA
CAACCTCGTAAGTTCC_9_1_1	normal	NA
CTGTGCTTCACAGTAC_9_1_1	tumor	NA
GTCACAAGTACTCAAC_9_1_1	tumor	NA
CTGTGCTCATGCCCGA_9_1_1	tumor	NA
CATCGGGGTACCGGCT_9_1_1	tumor	NA
CTGGTCTGTCAAGCGA_9_1_1	normal	NA
CATGGCGAGAGCTATA_9_1_1	tumor	NA
CTGGTCTCATCAGTCA_9_1_1	tumor	NA
CGTTGGGGTATTAGCC_9_1_1	tumor	NA
TGCTACCAGTGGAGAA_9_1_1	tumor	NA
AGGTCATCACAGGAGT_9_1_1	tumor	NA
CACAGGCTCTTTAGTC_9_1_1	tumor	NA
CCACGGACATGGGACA_9_1_1	tumor	NA
TGGTTCCAGGTGTTAA_9_1_1	tumor	NA
TAAGAGAGTAAAGGAG_9_1_1	tumor	NA
ACATACGAGATCGATA_9_1_1	tumor	NA
TGCGGGTCAGTTCATG_9_1_1	tumor	NA
CTTCTCTAGACGCAAC_9_1_1	tumor	NA
CTAGTGACATCACAAC_9_1_1	tumor	NA
AACTCTTAGTGGTAAT_9_1_1	tumor	NA
ACATGGTAGGATGGAA_9_1_1	tumor	NA
GCTTGAAGTGTTGGGA_9_1_1	tumor	NA
GCGCCAAGTACCGGCT_9_1_1	tumor	NA
GAGGTGATCTAACCGA_9_1_1	tumor	NA
GGACATTCATGATCCA_9_1_1	tumor	NA
GCATACAAGACTGTAA_9_1_1	tumor	NA
CACATTTAGGTTCCTA_9_1_1	tumor	NA
GACCAATAGACAAGCC_9_1_1	tumor	NA
CAACTAGGTCCAAGTT_9_1_1	tumor	NA
CCTAGCTGTGCTCTTC_9_1_1	tumor	NA
CTTAACTTCGCAAACT_9_1_1	tumor	NA
CACAGGCAGTGTTTGC_9_1_1	tumor	NA
TCGTACCAGTGAATTG_9_1_1	tumor	NA
GCGCGATGTGGTCCGT_9_1_1	normal	NA
GGGCACTCACATCTTT_9_1_1	tumor	NA
CTTGGCTCACGCTTTC_9_1_1	tumor	NA
TATCTCACAGATTGCT_9_1_1	tumor	NA
AACCATGCACCATCCT_9_1_1	tumor	NA
GACTACAGTACAGCAG_9_1_1	tumor	NA
ACGGCCACAACTGCTA_9_1_1	tumor	NA
CAGCTAACACAGGAGT_9_1_1	tumor	NA
TCAGATGAGATCCCAT_9_1_1	tumor	NA
AAGGTTCAGTGAACGC_9_1_1	tumor	NA
AAACGGGCAGGATCGA_9_1_1	tumor	NA
TACGGTACATCCCACT_9_1_1	tumor	NA
CGTGTCTTCCCGACTT_9_1_1	tumor	NA
GGCAATTGTTATGCGT_9_1_1	tumor	NA
GTCTTCGGTCGGGTCT_9_1_1	tumor	NA
TATCAGGAGCCGTCGT_9_1_1	normal	yes
AACGTTGGTCAAGCGA_9_1_1	tumor	NA
CAGCCGAGTCGGCTCA_9_1_1	tumor	NA
CTCGAGGGTAAATGTG_9_1_1	tumor	NA
CGGGTCAAGGGCTTCC_9_1_1	tumor	NA
TCTCATATCTTGTATC_9_1_1	tumor	NA
ATTGGACCAGTAAGAT_9_1_1	tumor	NA
GTACTTTTCTCATTCA_9_1_1	tumor	NA
ACGCCGACAACGATGG_9_1_1	tumor	NA
GTACTTTTCGGCTTGG_9_1_1	tumor	NA
CTTACCGCATGGGACA_9_1_1	tumor	NA
TGTCCCAAGGCTAGCA_9_1_1	tumor	NA
TTCTACAGTAAAGGAG_9_1_1	tumor	NA
CAAGTTGCACGAAACG_9_1_1	tumor	NA
ACTATCTGTGCCTTGG_9_1_1	tumor	NA
ACTGTCCAGTGCCATT_9_1_1	normal	NA
GACCTGGCACGAAGCA_9_1_1	tumor	NA
CTCGGGAAGAGGTTAT_9_1_1	tumor	NA
CGCCAAGCATGGATGG_9_1_1	tumor	NA
CACCTTGAGGCTCATT_9_1_1	tumor	NA
TGGTTAGTCGCGCCAA_9_1_1	tumor	NA
CCATTCGGTATATCCG_9_1_1	normal	NA
TGGTTAGAGCTCTCGG_9_1_1	tumor	NA
GATGAGGAGTGGACGT_9_1_1	normal	NA
TTGCCGTCATCCCATC_9_1_1	tumor	NA
GAGTCCGGTAACGCGA_9_1_1	tumor	NA
TGGACGCAGCTGTTCA_9_1_1	tumor	NA
CGACCTTCATCGATGT_9_1_1	tumor	NA
GCATGTATCCTAGGGC_9_1_1	normal	NA
TGACTTTTCCAATGGT_9_1_1	tumor	NA
CACATAGTCGGAAATA_9_1_1	tumor	NA
ACGAGGAAGCCTTGAT_9_1_1	tumor	NA
TAGAGCTAGAATAGGG_9_1_1	tumor	NA
CTAATGGAGTCTCAAC_9_1_1	tumor	NA
CCTTTCTTCTTCGGTC_9_1_1	tumor	NA
CTGCGGACATTGGTAC_9_1_1	tumor	NA
CGTCCATGTCGAATCT_9_1_1	tumor	NA
GGGAATGGTAGCAAAT_9_1_1	tumor	NA
CAGTAACAGCGAGAAA_9_1_1	tumor	NA
GGGCACTTCCCATTTA_9_1_1	normal	NA
TCAGATGTCCACGTTC_9_1_1	tumor	NA
GTAACGTAGTCTCCTC_9_1_1	tumor	NA
GCCTCTATCCCAGGTG_9_1_1	normal	NA
CTCGTACTCTCAAACG_9_1_1	normal	NA
ATAAGAGTCTCACATT_9_1_1	tumor	NA
GTTCATTTCTATCGCC_9_1_1	normal	NA
TTGCCGTAGGCATGGT_9_1_1	tumor	NA
CAGCATACACGAGGTA_9_1_1	tumor	NA
CAGTAACTCTCGTATT_9_1_1	tumor	NA
ATCATGGTCGCGCCAA_9_1_1	tumor	NA
AGGTCATCAGCCTTGG_9_1_1	tumor	NA
CCAATCCAGGATATAC_9_1_1	tumor	NA
CCAATCCCAGTTCCCT_9_1_1	tumor	NA
ATTCTACAGGTGCTAG_9_1_1	tumor	NA
CGGCTAGAGTGCCAGA_9_1_1	tumor	NA
AACTCCCTCACCGGGT_9_1_1	tumor	NA
GGAGCAACATGTCCTC_9_1_1	tumor	NA
CTGAAGTTCTAACTGG_9_1_1	tumor	NA
CACAAACTCGTGACAT_9_1_1	tumor	NA
CACATAGCACCGCTAG_9_1_1	tumor	NA
GCTTGAAAGCACACAG_9_1_1	tumor	NA
CTCGGAGCAGCTGCAC_9_1_1	tumor	NA
TATCAGGCACCATCCT_9_1_1	tumor	NA
TCGTAGACATAGAAAC_9_1_1	tumor	NA
CATCGGGGTACCGTAT_9_1_1	tumor	NA
AGATCTGGTACTTCTT_9_1_1	tumor	NA
ATCTGCCCATTTCAGG_9_1_1	tumor	NA
ATTATCCTCATTATCC_9_1_1	tumor	NA
AGCTCTCCACCATCCT_9_1_1	tumor	NA
CTAGAGTGTCGGATCC_9_1_1	tumor	NA
TCGCGTTTCCGGGTGT_9_1_1	normal	NA
TGCCCATGTCCTCCAT_9_1_1	tumor	NA
TGCGGGTCATTCCTGC_9_1_1	tumor	NA
CTTGGCTTCATGCAAC_9_1_1	tumor	NA
CGAGAAGAGTGTGGCA_9_1_1	tumor	NA
TAAGCGTGTCAGAGGT_9_1_1	tumor	NA
CACACTCTCATAAAGG_9_1_1	tumor	NA
CGCGTTTCACTTAAGC_9_1_1	tumor	NA
CACACAAAGTATTGGA_9_1_1	tumor	NA
CAGCTAATCTGGGCCA_9_1_1	tumor	NA
CTGTTTAGTTATGCGT_9_1_1	tumor	NA
AGCTCTCAGGCCCGTT_9_1_1	tumor	NA
GTTCGGGAGACTACAA_9_1_1	tumor	NA
TCGCGAGTCTCTGCTG_9_1_1	tumor	NA
ACCGTAATCAAAGTAG_9_1_1	tumor	NA
CAGCTAATCAAACCAC_9_1_1	tumor	NA
GTCAAGTAGTGTCCCG_9_1_1	tumor	NA
TAAGCGTTCGTACGGC_9_1_1	tumor	NA
ATCATCTCACTTGGAT_9_1_1	tumor	NA
GTGTGCGCAAGTTCTG_9_1_1	tumor	NA
AGAATAGAGACTAGAT_9_1_1	tumor	NA
GCGACCATCCAACCAA_9_1_1	tumor	NA
ACACCGGTCTGGGCCA_9_1_1	tumor	NA
GTATCTTCATGCCTAA_9_1_1	tumor	NA
TCAGGATCAGGTGCCT_9_1_1	tumor	NA
GGGTCTGGTAGCCTAT_9_1_1	normal	NA
GTCCTCACAAGTAATG_9_1_1	tumor	NA
ACTTTCACAGGACGTA_9_1_1	tumor	NA
GCATGCGAGAGTACCG_9_1_1	tumor	NA
GTTTCTACAGTTCCCT_9_1_1	tumor	NA
TGACTAGGTAGCGCAA_9_1_1	tumor	NA
TGCACCTAGACAGAGA_9_1_1	tumor	NA
CAGCTAAGTCAGAATA_9_1_1	tumor	NA
CACCAGGTCATCTGCC_9_1_1	normal	NA
CAGCATATCATCTGCC_9_1_1	tumor	NA
GGCGTGTCAGCTGTTA_9_1_1	tumor	NA
ACTTGTTCACTGCCAG_9_1_1	normal	NA
GGGATGAAGGATGGAA_9_1_1	tumor	NA
ATAACGCAGCTGCCCA_9_1_1	tumor	NA
CTGCTGTGTTTGGGCC_9_1_1	normal	NA
TACAGTGAGTTACCCA_9_1_1	tumor	NA
AGTGTCAGTGAGTGAC_9_1_1	tumor	NA
CCATTCGCACAAGTAA_9_1_1	tumor	NA
TGCCAAAAGAGAGCTC_9_1_1	tumor	NA
CAAGGCCTCTCTAAGG_9_1_1	tumor	NA
AACTTTCCACGCATCG_9_1_1	tumor	NA
CCGTGGAAGTGCAAGC_9_1_1	tumor	NA
CCTATTAAGCACCGCT_9_1_1	tumor	NA
CTGCTGTAGAGGACGG_9_1_1	tumor	NA
CTCATTAGTTCCACGG_9_1_1	normal	NA
GGAACTTTCAGAGACG_9_1_1	tumor	NA
GGCGTGTCAAGCCGTC_9_1_1	tumor	NA
AGAATAGAGTACGACG_9_1_1	tumor	NA
ACAGCTACAGCTCGCA_9_1_1	tumor	NA
GGGAGATCACCATGTA_9_1_1	tumor	NA
CTCGTACCATATGGTC_9_1_1	tumor	NA
ATCTACTTCTCGTTTA_9_1_1	tumor	NA
TGTTCCGAGACATAAC_9_1_1	tumor	NA
CTGATCCGTTTAGCTG_9_1_1	tumor	NA
CAAGAAACACAGGCCT_9_1_1	tumor	NA
TTGGCAAAGTAACCCT_9_1_1	tumor	NA
TCAGCAAAGGACAGCT_9_1_1	tumor	NA
GCAAACTGTCACACGC_9_1_1	tumor	NA
CGAATGTGTGTTGAGG_9_1_1	tumor	NA
TGAGGGATCAACACCA_9_1_1	tumor	NA
TCACGAACACAGCGTC_9_1_1	tumor	NA
TTCCCAGAGATATGGT_9_1_1	tumor	NA
CTGTTTACATCATCCC_9_1_1	tumor	NA
CATATGGGTTCCACTC_9_1_1	tumor	NA
TCGGTAAAGTGCTGCC_9_1_1	tumor	NA
GTATCTTAGGTAGCTG_9_1_1	tumor	NA
ACTGAGTCAGTCCTTC_9_1_1	tumor	NA
TACTCGCTCACGAAGG_9_1_1	tumor	NA
TTCGGTCCACTCTGTC_9_1_1	tumor	NA
ATCCGAAGTATCGCAT_9_1_1	tumor	NA
CGAACATCAATGTTGC_9_1_1	tumor	NA
CTCTAATGTAACGCGA_9_1_1	tumor	NA
TGCGTGGTCTCCAACC_9_1_1	tumor	NA
CTGAAGTGTTACGACT_9_1_1	tumor	NA
TCAGCAAAGTATGACA_9_1_1	tumor	NA
CGGAGCTAGCTCTCGG_9_1_1	tumor	NA
TACTCGCTCGGCGCAT_9_1_1	tumor	NA
CCAGCGATCAGCATGT_9_1_1	tumor	NA
CGTTGGGGTAGCGTAG_9_1_1	tumor	NA
TACGGGCGTGAGTATA_9_1_1	tumor	NA
GTCATTTAGCTAACTC_9_1_1	tumor	NA
CTAATGGAGAATTGTG_9_1_1	tumor	NA
AGAATAGCAGCCTTTC_9_1_1	tumor	NA
TACTTACAGAATAGGG_9_1_1	tumor	NA
CATTCGCAGGCTAGAC_9_1_1	tumor	NA
AGTAGTCCAGGATTGG_9_1_1	tumor	NA
CAGCAGCCAGCTCCGA_9_1_1	tumor	NA
GCGGGTTTCGAGGTAG_9_1_1	tumor	NA
TAGACCATCGGCTACG_9_1_1	tumor	NA
AGTCTTTGTACTTAGC_9_1_1	tumor	NA
ACAGCCGCAGACTCGC_9_1_1	tumor	NA
GGATTACCAAGTCATC_9_1_1	tumor	NA
TCAACGACAGAAGCAC_9_1_1	tumor	NA
CACCAGGTCGAATGGG_9_1_1	tumor	NA
CCCATACGTGTGACCC_9_1_1	normal	NA
CTCATTACACCTCGGA_9_1_1	tumor	NA
GCATGCGTCGCACTCT_9_1_1	tumor	NA
CAGAGAGGTAAGAGGA_9_1_1	normal	NA
CTTAACTAGACTAGGC_9_1_1	tumor	NA
GACGTTAGTTACTGAC_9_1_1	tumor	NA
GGAACTTTCTTAGAGC_9_1_1	tumor	NA
CGATTGATCACGCATA_9_1_1	tumor	NA
TTAGGACCAGGCTCAC_9_1_1	tumor	NA
TGGGAAGAGTATCGAA_9_1_1	tumor	NA
GAAGCAGGTGCTTCTC_9_1_1	tumor	NA
AACCGCGTCGTACGGC_9_1_1	tumor	NA
CGTCACTAGCTGCGAA_9_1_1	tumor	NA
CAGTCCTCAATAACGA_9_1_1	tumor	NA
CAGTCCTAGGAGCGAG_9_1_1	tumor	NA
GCTGGGTAGACTGTAA_9_1_1	tumor	NA
TTCTACACACCAGGCT_9_1_1	tumor	NA
GGGAGATAGGTCATCT_9_1_1	normal	NA
GTGCTTCAGGAGTCTG_9_1_1	tumor	NA
GCGACCACATTCACTT_9_1_1	tumor	NA
CGCGTTTCAGCCAATT_9_1_1	tumor	NA
CCACCTACACACTGCG_9_1_1	tumor	NA
CGAATGTGTTAAGTAG_9_1_1	tumor	NA
GACACGCTCGCCTGTT_9_1_1	tumor	NA
ATCCACCTCATTTGGG_9_1_1	tumor	NA
GAATAAGCATCTATGG_9_1_1	normal	NA
TCATTACAGAAGGCCT_9_1_1	tumor	NA
GAATAAGTCAGTTAGC_9_1_1	tumor	NA
TACCTATTCGTCGTTC_9_1_1	tumor	NA
GCTGGGTGTCATGCAT_9_1_1	normal	NA
GTCATTTCACGAGGTA_9_1_1	tumor	NA
AACTCCCGTTAGATGA_9_1_1	tumor	NA
GTTCATTCATAGTAAG_9_1_1	tumor	NA
GGGACCTCACCATCCT_9_1_1	normal	NA
CCGTTCACAGTCCTTC_9_1_1	tumor	NA
TTGGCAATCCAAACAC_9_1_1	tumor	NA
TCGCGTTAGCGAAGGG_9_1_1	tumor	NA
TACGGGCCACCAGATT_9_1_1	tumor	NA
AGAGTGGCACCCAGTG_9_1_1	tumor	NA
CGTAGGCCAGCAGTTT_9_1_1	tumor	NA
TCAGGTAGTAGCCTAT_9_1_1	tumor	NA
GACCAATTCAACCAAC_9_1_1	tumor	NA
TAGACCAAGTCTCCTC_9_1_1	tumor	NA
TGAGGGATCCAAGCCG_9_1_1	tumor	NA
CAGCGACGTCTTGTCC_9_1_1	tumor	NA
ATCCGAAGTCATTAGC_9_1_1	tumor	NA
AACTTTCCACTTGGAT_9_1_1	tumor	NA
CTGTGCTGTTGATTGC_9_1_1	tumor	NA
TCACGAAGTTACGCGC_9_1_1	tumor	NA
TTTACTGAGACTAGGC_9_1_1	tumor	NA
GACTGCGAGTCATCCA_9_1_1	normal	NA
ACCTTTATCTCGTATT_9_1_1	tumor	NA
GAACCTAAGTACGACG_9_1_1	tumor	NA
GGACATTCAATAGCAA_9_1_1	tumor	NA
CAACCTCTCGCGTTTC_9_1_1	tumor	NA
ACATACGTCCACGACG_9_1_1	tumor	NA
CACATTTAGGAGTTGC_9_1_1	tumor	NA
AGTTGGTCACGCGAAA_9_1_1	tumor	NA
AGCCTAATCTGGTTCC_9_1_1	tumor	NA
AACGTTGAGTGGTAGC_9_1_1	tumor	NA
TTAGTTCCAGTCTTCC_9_1_1	tumor	NA
CTGCCTATCGAATGCT_9_1_1	tumor	NA
AAGGAGCCATCTGGTA_9_1_1	tumor	NA
ACTGAGTAGAGTACCG_9_1_1	normal	NA
GTCTTCGCACCAACCG_9_1_1	tumor	NA
AACCATGAGCGTGAGT_9_1_1	tumor	NA
GTATCTTGTTGAACTC_9_1_1	tumor	NA
ATTGGACCAGTTAACC_9_1_1	tumor	NA
CCTAAAGTCCCTAACC_9_1_1	tumor	NA
CTCGTCACAGCCAATT_9_1_1	tumor	NA
TTGGAACGTGGCAAAC_9_1_1	tumor	NA
TACTCGCCAAACGCGA_9_1_1	tumor	NA
TTTATGCGTGAGTATA_9_1_1	normal	NA
CACACCTCAAAGTCAA_9_1_1	tumor	NA
TGCCCATTCGTGACAT_9_1_1	tumor	NA
CAGAATCGTATTACCG_9_1_1	tumor	NA
AAGGAGCCACCGTTGG_9_1_1	tumor	NA
ATTATCCAGCGGCTTC_9_1_1	tumor	NA
TTTATGCGTTTCGCTC_9_1_1	tumor	NA
TCTTCGGTCCTGCAGG_9_1_1	tumor	NA
GCTCCTAAGCGGCTTC_9_1_1	tumor	NA
GCACTCTTCCCGACTT_9_1_1	tumor	NA
TACAGTGTCAAAGACA_9_1_1	tumor	NA
CTAAGACAGGTGTTAA_9_1_1	tumor	NA
CACAGGCAGTCGCCGT_9_1_1	tumor	NA
CACACCTAGTTATCGC_9_1_1	tumor	NA
CAGCTAAAGCTAGTTC_9_1_1	tumor	NA
TGCTACCCAAGCGTAG_9_1_1	tumor	NA
CCCAATCGTCTTTCAT_9_1_1	tumor	NA
CGAGCACAGGATCGCA_9_1_1	tumor	NA
TTAGGACAGCTATGCT_9_1_1	tumor	NA
TATTACCAGATCTGCT_9_1_1	tumor	NA
CCCTCCTGTTCTGAAC_9_1_1	tumor	NA
GCCTCTATCAACCAAC_9_1_1	tumor	NA
CAGAGAGTCTGTCAAG_9_1_1	normal	NA
TTAGGACCAGCGTAAG_9_1_1	tumor	NA
CCGGTAGTCTGCTGTC_9_1_1	tumor	NA
GACACGCTCCGCGGTA_9_1_1	tumor	NA
ACCGTAACAAAGTCAA_9_1_1	tumor	NA
TATCAGGAGAAGCCCA_9_1_1	tumor	NA
GCCTCTACAAGGACTG_9_1_1	tumor	NA
ACAGCTATCAACCATG_9_1_1	tumor	NA
TTCTCCTCAAGTCATC_9_1_1	tumor	NA
GGTGTTAAGGCTAGCA_9_1_1	tumor	NA
AGGGATGCAGATGGGT_9_1_1	normal	NA
CCATTCGAGAAGCCCA_9_1_1	tumor	NA
ATTATCCAGTTAAGTG_9_1_1	tumor	NA
ACCCACTGTCACACGC_9_1_1	tumor	NA
GTGGGTCTCGCAAGCC_9_1_1	tumor	NA
AAACGGGGTCGCATCG_9_1_1	tumor	NA
AACTCCCAGTGCGATG_9_1_1	tumor	NA
CAGATCACAAGCCATT_9_1_1	tumor	NA
CAACTAGGTACGACCC_9_1_1	tumor	NA
TCTGAGATCTGGAGCC_9_1_1	tumor	NA
CCCATACCAGTTTACG_9_1_1	normal	NA
CCGTACTAGGTGGGTT_9_1_1	tumor	NA
AACGTTGAGAAACCGC_9_1_1	tumor	NA
ATTACTCAGTTGTAGA_9_1_1	tumor	NA
CTCTGGTGTTCCAACA_9_1_1	normal	NA
CCTTCGACAATAGCGG_9_1_1	tumor	NA
GAGGTGACAATGTTGC_9_1_1	tumor	NA
TTGGAACTCGGAAACG_9_1_1	tumor	NA
CTAGTGAAGAGCCTAG_9_1_1	tumor	NA
AATCGGTCATACAGCT_9_1_1	tumor	NA
CGACTTCAGGACGAAA_9_1_1	tumor	NA
ACACCCTCATGGTCTA_9_1_1	tumor	NA
ATCTGCCCAGCTGCAC_9_1_1	tumor	NA
TGGTTAGGTGGTAACG_9_1_1	tumor	NA
ACGCCGAAGGCGCTCT_9_1_1	normal	NA
TCAGATGAGATTACCC_9_1_1	tumor	NA
AAGGTTCCACCACGTG_9_1_1	tumor	NA
ATCGAGTAGTGAATTG_9_1_1	tumor	NA
ATGCGATGTTGATTCG_9_1_1	tumor	NA
TCCACACTCTTTCCTC_9_1_1	tumor	NA
TCCACACGTGCATCTA_9_1_1	tumor	NA
CGGAGCTAGTGAAGAG_9_1_1	tumor	NA
TGTTCCGGTTAAAGAC_9_1_1	normal	NA
GGCGTGTTCACCTTAT_9_1_1	tumor	NA
GATGAAAAGTTAAGTG_9_1_1	tumor	NA
TCTCTAAGTGTGAATA_9_1_1	tumor	NA
CAGCATACACGAGAGT_9_1_1	normal	NA
GGACATTCAGGGTTAG_9_1_1	tumor	NA
GCCAAATGTCGGGTCT_9_1_1	tumor	NA
GCAATCAAGCGAAGGG_9_1_1	tumor	NA
CAGTCCTCAAGCTGAG_9_1_1	tumor	NA
ACGGGCTCAGCGTTCG_9_1_1	tumor	NA
GGGTCTGTCCGTAGGC_9_1_1	normal	NA
TAAGCGTCATTCTCAT_9_1_1	normal	NA
GACTGCGCAGGGTACA_9_1_1	tumor	NA
CGATTGAGTTCTGGTA_9_1_1	tumor	NA
TCTCATATCAATAAGG_9_1_1	tumor	NA
TGGCTGGAGTTAAGTG_9_1_1	tumor	NA
CAAGATCGTACAGTTC_9_1_1	tumor	NA
TGTATTCTCTCTGAGA_9_1_1	tumor	NA
ACACCAAGTACACCGC_9_1_1	normal	NA
AAGGTTCTCACATACG_9_1_1	tumor	NA
AACTTTCGTCAAACTC_9_1_1	tumor	NA
ATTTCTGCATTGGTAC_9_1_1	tumor	NA
TGCTACCGTGCAGTAG_9_1_1	tumor	NA
AGGGAGTCAATCAGAA_9_1_1	tumor	NA
AGGTCCGAGATCGGGT_9_1_1	tumor	NA
TCGAGGCGTCTCTCGT_9_1_1	tumor	NA
CTTCTCTCACTCTGTC_9_1_1	tumor	NA
CGAACATTCCCTTGTG_9_1_1	tumor	NA
GGCGTGTAGTGTTAGA_9_1_1	normal	NA
CAACTAGAGCGGCTTC_9_1_1	tumor	NA
GGTGTTACAACTGCGC_9_1_1	tumor	NA
ACGGGTCGTCCGACGT_9_1_1	tumor	NA
CGCGTTTGTACATCCA_9_1_1	tumor	NA
ACAGCCGCAGTCAGAG_9_1_1	tumor	NA
CGAGCACTCGGTGTCG_9_1_1	tumor	NA
ATTATCCCAGGAACGT_9_1_1	tumor	NA
CTTACCGGTTCGCTAA_9_1_1	tumor	NA
TCGCGAGAGAAACCAT_9_1_1	tumor	NA
CGGCTAGGTAGCTCCG_9_1_1	tumor	NA
AAGACCTTCATTGCGA_9_1_1	tumor	NA
GACGCGTGTCCGAATT_9_1_1	tumor	NA
GTGCAGCCATTGGTAC_9_1_1	tumor	NA
CTAGAGTCATCGTCGG_9_1_1	tumor	NA
TAAGCGTTCACAAACC_9_1_1	tumor	NA
CTCGAGGCAAGCTGTT_9_1_1	tumor	NA
ATCATCTCACTATCTT_9_1_1	tumor	NA
AGGTCATAGCGCTTAT_9_1_1	tumor	NA
AGAGCTTTCTGTTGAG_9_1_1	tumor	NA
GCTCCTAAGTACGATA_9_1_1	tumor	NA
GTCACAACACGTCTCT_9_1_1	tumor	NA
AGATTGCCAAACTGCT_9_1_1	tumor	NA
GATCGATGTGATGCCC_9_1_1	tumor	NA
GTCGTAAGTAGAAAGG_9_1_1	tumor	NA
ATTGGTGGTGTCGCTG_9_1_1	tumor	NA
AGAGCTTAGTGTTAGA_9_1_1	tumor	NA
ACACCGGGTCAAAGAT_9_1_1	tumor	NA
AACCATGAGGCCCTTG_9_1_1	normal	NA
CCAGCGAAGCTTATCG_9_1_1	tumor	NA
GAGGTGAGTAAGTTCC_9_1_1	tumor	NA
ATCATGGAGTTGTAGA_9_1_1	tumor	NA
GACGTGCCACATCTTT_9_1_1	tumor	NA
CACAGGCTCGGAGGTA_9_1_1	tumor	NA
ATTGGTGGTCGAGTTT_9_1_1	tumor	NA
CTGTGCTAGGAGTTGC_9_1_1	tumor	NA
TTAGTTCCACCAGCAC_9_1_1	tumor	NA
CCTTCCCGTAGCCTAT_9_1_1	tumor	NA
GGTGAAGTCAGCCTAA_9_1_1	tumor	NA
CAGCTAATCCATTCTA_9_1_1	tumor	NA
GACCAATGTTCCTCCA_9_1_1	tumor	NA
TACGGATTCGAGCCCA_9_1_1	tumor	NA
TTGACTTAGTGGAGAA_9_1_1	normal	NA
ACGTCAAGTATCAGTC_9_1_1	tumor	NA
CATCCACTCGAGCCCA_9_1_1	tumor	NA
GTGAAGGAGAAACGAG_9_1_1	tumor	NA
TTTCCTCTCGCGTAGC_9_1_1	tumor	NA
GCTCCTAAGGCTAGCA_9_1_1	tumor	NA
CCTACCATCTGAAAGA_9_1_1	tumor	NA
CGGACGTTCACCATAG_9_1_1	tumor	NA
TGGTTAGTCGGTGTTA_9_1_1	tumor	NA
TGGTTCCGTAATCGTC_9_1_1	tumor	NA
CCTTACGTCAGGTAAA_9_1_1	tumor	NA
CAGATCAAGCGGATCA_9_1_1	tumor	NA
GACGGCTTCGCATGGC_9_1_1	normal	NA
CCACGGATCTGCTGTC_9_1_1	tumor	NA
TTCTCCTAGTTGTAGA_9_1_1	tumor	NA
GTGAAGGGTTCCCTTG_9_1_1	tumor	NA
GGGCACTAGCTACCGC_9_1_1	tumor	NA
ACATCAGAGATGCCTT_9_1_1	tumor	NA
GGGTTGCAGCTCAACT_9_1_1	tumor	NA
TGGCTGGAGCAGATCG_9_1_1	tumor	NA
TCTGAGAAGGTGATAT_9_1_1	tumor	NA
CGGACACAGCTGCAAG_9_1_1	tumor	NA
TGAGGGATCGGAGCAA_9_1_1	tumor	NA
CTGTTTAAGCTTCGCG_9_1_1	tumor	NA
AGCATACCAGCTTCGG_9_1_1	tumor	NA
TCAGATGTCAAGCCTA_9_1_1	tumor	NA
TGCTGCTTCACTATTC_9_1_1	tumor	NA
GCGCAACCAAATCCGT_9_1_1	tumor	NA
TGATTTCCAGCCTTGG_9_1_1	tumor	NA
TACTCATTCGTGGTCG_9_1_1	tumor	NA
GTACTTTGTAGAAAGG_9_1_1	tumor	NA
AGGCCACCACTCTGTC_9_1_1	tumor	NA
GCAGCCATCGTCTGAA_9_1_1	tumor	NA
GGCGACTGTGTCAATC_9_1_1	tumor	NA
AAACGGGCACATTTCT_9_1_1	normal	NA
GCGGGTTCAACACGCC_9_1_1	tumor	NA
TTCCCAGGTCAGAGGT_9_1_1	tumor	NA
ACTTACTGTGCGCTTG_9_1_1	tumor	NA
GCGCAACGTTGCGTTA_9_1_1	tumor	NA
GCTGCAGCATCCTTGC_9_1_1	tumor	NA
GTTCTCGAGACACGAC_9_1_1	tumor	NA
GTCTCGTAGCGTTTAC_9_1_1	tumor	NA
ACTTGTTTCAGGCAAG_9_1_1	tumor	NA
CGGCTAGCAGATGGGT_9_1_1	tumor	NA
GAGCAGACATGCCACG_9_1_1	tumor	NA
CTGAAGTCACGGCGTT_9_1_1	tumor	NA
TGGTTAGTCCTGTACC_9_1_1	tumor	NA
TCGGTAATCCGAATGT_9_1_1	tumor	NA
CTCCTAGAGTCTCAAC_9_1_1	tumor	NA
GATCGATAGCCGATTT_9_1_1	tumor	NA
TCGCGTTTCTTCAACT_9_1_1	tumor	NA
GTCACAAGTACAGTGG_9_1_1	tumor	NA
AGAGTGGCAAAGCGGT_9_1_1	normal	NA
AGAATAGTCCAAACTG_9_1_1	tumor	NA
ACGGGCTTCTGATTCT_9_1_1	tumor	NA
CAACTAGCAATCAGAA_9_1_1	tumor	NA
GTTCTCGTCCGCAAGC_9_1_1	tumor	NA
CGATGGCCATCAGTAC_9_1_1	tumor	NA
TTAGGCAAGAACAACT_9_1_1	tumor	NA
CTGATCCTCACCTTAT_9_1_1	tumor	NA
CGTTAGACACCTGGTG_9_1_1	tumor	NA
GACAGAGAGGATATAC_9_1_1	tumor	NA
CAGTAACAGCTAACTC_9_1_1	tumor	NA
GTGCAGCGTTAGATGA_9_1_1	tumor	NA
AAGGCAGCAGGGTACA_9_1_1	tumor	NA
AGTGGGACATCCCATC_9_1_1	tumor	NA
AAAGCAAGTAGCGCAA_9_1_1	tumor	NA
GGGAGATTCATTGCCC_9_1_1	tumor	NA
ACTATCTCATCATCCC_9_1_1	tumor	NA
CACCTTGGTACTCAAC_9_1_1	tumor	NA
GGCAATTAGACAGGCT_9_1_1	tumor	NA
CTCGTACCAATAACGA_9_1_1	tumor	NA
ATCTGCCTCAACACCA_9_1_1	tumor	NA
TTGGCAAAGTTGAGTA_9_1_1	tumor	NA
TATCTCAGTCTACCTC_9_1_1	tumor	NA
CTACCCAAGTAGGCCA_9_1_1	tumor	NA
ACATACGGTCTCCATC_9_1_1	tumor	NA
CTCTAATGTACACCGC_9_1_1	tumor	NA
GTCGTAATCGGCATCG_9_1_1	tumor	NA
CTGCGGATCAGCTCTC_9_1_1	tumor	NA
AACACGTAGCACGCCT_9_1_1	tumor	NA
TGAAAGAGTAGCCTCG_9_1_1	tumor	NA
CACAAACGTTCAGCGC_9_1_1	tumor	NA
TGACTTTAGCAATCTC_9_1_1	tumor	NA
CTCTACGGTAGTAGTA_9_1_1	tumor	NA
GTGCATACAGCGAACA_9_1_1	tumor	NA
GTTTCTAAGGGATCTG_9_1_1	tumor	NA
AACTCCCAGGAGTTTA_9_1_1	tumor	NA
CGACCTTTCCTAAGTG_9_1_1	tumor	NA
GATGAAATCTCTGAGA_9_1_1	tumor	NA
GTTCATTTCTCTGCTG_9_1_1	tumor	NA
GATGAAACAATCAGAA_9_1_1	tumor	NA
CCCAATCGTCTAGCCG_9_1_1	tumor	NA
AGTCTTTCATGGTCTA_9_1_1	tumor	NA
TCTTCGGTCTGCTGTC_9_1_1	tumor	NA
GCAATCACACGGTGTC_9_1_1	tumor	NA
GATCTAGAGCTTATCG_9_1_1	tumor	NA
GCGCGATAGACAGGCT_9_1_1	tumor	NA
TATGCCCGTCATCCCT_9_1_1	tumor	NA
GAAACTCCATTACGAC_9_1_1	tumor	NA
CTCTAATCACTACAGT_9_1_1	tumor	NA
GGCCGATGTACAGCAG_9_1_1	tumor	NA
CTAATGGTCGTACCGG_9_1_1	tumor	NA
GTGAAGGCAATCCAAC_9_1_1	tumor	NA
AGTTGGTGTGCTTCTC_9_1_1	tumor	NA
GAATAAGAGACCCACC_9_1_1	tumor	NA
CCTTACGTCACCTCGT_9_1_1	tumor	NA
ACGAGGATCAACACAC_9_1_1	tumor	NA
GGTATTGAGGACGAAA_9_1_1	tumor	NA
AGTGAGGCACTGCCAG_9_1_1	tumor	NA
GTTTCTACATGTAGTC_9_1_1	tumor	NA
CAACCAAGTACTCTCC_9_1_1	tumor	NA
GGACAGACAACACCCG_9_1_1	tumor	NA
ACTGAGTTCACCCGAG_9_1_1	tumor	NA
TCAGATGAGGCCGAAT_9_1_1	tumor	NA
CTGTTTAAGGATGGTC_9_1_1	tumor	NA
GAGGTGAAGTCGCCGT_9_1_1	tumor	NA
CGTAGGCAGACCGGAT_9_1_1	tumor	NA
ACGGCCAAGGCATTGG_9_1_1	tumor	NA
GGCTCGAAGTGGTAAT_9_1_1	tumor	NA
CCTACACAGGAGTCTG_9_1_1	tumor	NA
ACTGCTCCACTATCTT_9_1_1	tumor	NA
GTCATTTGTATCAGTC_9_1_1	tumor	NA
CTCGGGAAGTCGTACT_9_1_1	tumor	NA
GAAACTCTCATGTCTT_9_1_1	tumor	NA
GCATGATCAAATCCGT_9_1_1	tumor	NA
ACTGAACAGAATGTGT_9_1_1	normal	NA
AGGTCCGGTCCAGTGC_9_1_1	tumor	NA
CAGCTAAAGCCGCCTA_9_1_1	tumor	NA
CAGTAACAGGTACTCT_9_1_1	tumor	NA
GCATGATTCAGGATCT_9_1_1	tumor	NA
GTTCGGGAGCTAGTGG_9_1_1	tumor	NA
CAACCAAGTTCAGACT_9_1_1	tumor	NA
ACGATGTCAACGCACC_9_1_1	tumor	NA
CCACCTAGTGTTTGGT_9_1_1	tumor	NA
ATTATCCGTCAAGCGA_9_1_1	tumor	NA
TCAGCAAAGCAACGGT_9_1_1	tumor	NA
CCACTACAGGGATGGG_9_1_1	tumor	NA
ATCGAGTAGTAGCGGT_9_1_1	tumor	NA
TTTGTCATCTTAGCCC_9_1_1	tumor	NA
CTGAAGTTCACTATTC_9_1_1	tumor	NA
CTCGAAACAGCGATCC_9_1_1	tumor	NA
TGACTAGTCAGTACGT_9_1_1	tumor	NA
CATATTCGTAGCTGCC_9_1_1	tumor	NA
TACTCGCAGCCAGTTT_9_1_1	tumor	NA
TTGCCGTGTTTGTTGG_9_1_1	tumor	NA
AGCAGCCGTTCAGCGC_9_1_1	normal	NA
CAGCGACCATAGGATA_9_1_1	normal	NA
GTACTCCCAATGGTCT_9_1_1	tumor	NA
CTTACCGTCCAAACAC_9_1_1	tumor	NA
AAAGATGAGGGCACTA_9_1_1	tumor	NA
GCTGCGAGTAGCGTGA_9_1_1	tumor	NA
CGTTGGGCAATCTGCA_9_1_1	tumor	NA
GCGCCAATCTGGTGTA_9_1_1	tumor	NA
GTACTCCCAAAGCAAT_9_1_1	tumor	NA
TCTGGAATCCGAAGAG_9_1_1	tumor	NA
GTGGGTCGTCAGAGGT_9_1_1	tumor	NA
ACGTCAACAACCGCCA_9_1_1	tumor	NA
ACCAGTAAGCGTTCCG_9_1_1	tumor	NA
CTTTGCGCAGCTTAAC_9_1_1	tumor	NA
ACTTTCAAGATAGCAT_9_1_1	tumor	NA
AAACCTGTCCTTCAAT_9_1_1	tumor	NA
GTAGTCATCACTTCAT_9_1_1	tumor	NA
AGCTCTCTCTGGTTCC_9_1_1	tumor	NA
TGTATTCGTTCCACTC_9_1_1	tumor	NA
AACTGGTCATCATCCC_9_1_1	tumor	NA
GAACATCTCTCACATT_9_1_1	tumor	NA
CTACACCCAGTCCTTC_9_1_1	tumor	NA
AGCTCCTAGTGGAGAA_9_1_1	tumor	NA
GACACGCTCGCCGTGA_9_1_1	tumor	NA
AGTCTTTAGTTGAGAT_9_1_1	tumor	NA
GGTGTTACAAATACAG_9_1_1	tumor	NA
GCATGATTCTTCTGGC_9_1_1	tumor	NA
CTTCTCTGTAAACCTC_9_1_1	tumor	NA
TTTGTCATCAGCACAT_9_1_1	tumor	NA
CAGCTAACATTCCTGC_9_1_1	tumor	NA
CCGTACTAGCCGGTAA_9_1_1	tumor	NA
TTGCCGTAGGACAGCT_9_1_1	tumor	NA
AAGCCGCGTTTGACTG_9_1_1	normal	NA
GAGCAGATCTTCTGGC_9_1_1	normal	NA
CACACTCTCGTTTAGG_9_1_1	tumor	NA
ATTACTCAGCAATCTC_9_1_1	tumor	NA
CCAATCCCATGCAACT_9_1_1	tumor	NA
AGCAGCCTCATCGGAT_9_1_1	tumor	NA
GATCTAGGTACAGTTC_9_1_1	tumor	NA
ACATACGGTGCACCAC_9_1_1	tumor	NA
TAGGCATCAGGTCCAC_9_1_1	tumor	NA
TGTGGTAGTACCGTTA_9_1_1	tumor	NA
CCGTTCAAGACCGGAT_9_1_1	tumor	NA
ACCAGTAGTAAACCTC_9_1_1	tumor	NA
GAGGTGAAGGGAAACA_9_1_1	tumor	NA
ACACCCTCATGTCCTC_9_1_1	tumor	NA
ACATGGTAGAATGTGT_9_1_1	tumor	NA
TGAGCATCAGGGAGAG_9_1_1	tumor	NA
GCGGGTTCACTCGACG_9_1_1	tumor	NA
TGTATTCAGGACAGAA_9_1_1	tumor	NA
GTGCTTCGTACAGCAG_9_1_1	tumor	NA
GTCACGGTCACGATGT_9_1_1	tumor	NA
GGAGCAAAGCCAGGAT_9_1_1	tumor	NA
TGCCCATCAATCAGAA_9_1_1	tumor	NA
GATGAGGAGAGTAATC_9_1_1	tumor	NA
AGAGTGGAGCAGGTCA_9_1_1	tumor	NA
CCGTGGAGTCCGTTAA_9_1_1	tumor	NA
ATGCGATAGTGGGCTA_9_1_1	normal	NA
CTCTACGCATCACCCT_9_1_1	tumor	NA
TACTCGCTCACAAACC_9_1_1	tumor	NA
CGTCTACAGATCTGCT_9_1_1	tumor	NA
TATCAGGCAAGCGAGT_9_1_1	tumor	NA
CCACTACCACTACAGT_9_1_1	normal	NA
TGGGAAGCATGGAATA_9_1_1	tumor	NA
TGTGGTAGTTATTCTC_9_1_1	tumor	NA
CGATCGGCACAGGCCT_9_1_1	tumor	NA
AGATCTGGTACCGTTA_9_1_1	tumor	NA
TGAGGGAGTGCGGTAA_9_1_1	tumor	NA
CTCCTAGTCATAAAGG_9_1_1	tumor	NA
ATTTCTGGTGAGGGAG_9_1_1	tumor	NA
GCGCAGTTCTTTACGT_9_1_1	tumor	NA
GCATGTATCTTCAACT_9_1_1	tumor	NA
CTGGTCTGTATATGAG_9_1_1	normal	NA
CAACTAGGTTTCCACC_9_1_1	tumor	NA
AGCGTCGGTGTCGCTG_9_1_1	tumor	NA
GTTAAGCGTCTACCTC_9_1_1	normal	NA
GCGCCAAGTCGAATCT_9_1_1	tumor	NA
TAAGAGATCTGCAGTA_9_1_1	tumor	NA
TACACGATCGTTTATC_9_1_1	tumor	NA
AGGTCATAGCTACCGC_9_1_1	normal	NA
GTACTCCGTTTGGCGC_9_1_1	normal	NA
CATGCCTGTTCACCTC_9_1_1	tumor	NA
GATCGCGCAACAACCT_9_1_1	tumor	NA
ACTGAGTCATTCGACA_9_1_1	normal	NA
TGACTAGAGAAGATTC_9_1_1	tumor	NA
TGGTTAGCATGACATC_9_1_1	tumor	NA
CAGTCCTAGGACAGAA_9_1_1	tumor	NA
CAGCCGAAGGATGGAA_9_1_1	tumor	NA
CGTCTACGTATCAGTC_9_1_1	normal	NA
CCTACACGTGAGTATA_9_1_1	tumor	NA
TACGGTATCATCTGCC_9_1_1	tumor	NA
ACATGGTCATGCCTAA_9_1_1	normal	NA
GATCAGTTCAGCACAT_9_1_1	tumor	NA
AAAGATGCAATGGTCT_9_1_1	tumor	NA
AAGCCGCGTGTCCTCT_9_1_1	tumor	NA
AACCATGCAATGCCAT_9_1_1	normal	NA
GCGAGAAAGACAATAC_9_1_1	tumor	NA
TTGACTTTCTGAAAGA_9_1_1	tumor	NA
CAGCAGCGTTGATTGC_9_1_1	normal	NA
ATGCGATTCCATGCTC_9_1_1	tumor	NA
CGTCTACTCTCTTGAT_9_1_1	tumor	NA
CATCAGAGTCGCCATG_9_1_1	tumor	NA
ACTGATGAGAACTGTA_9_1_1	tumor	NA
GACCTGGTCAGGCAAG_9_1_1	tumor	NA
CGGAGCTAGTGGGTTG_9_1_1	tumor	NA
TAGCCGGGTATATGAG_9_1_1	tumor	NA
GCATACACATTCCTGC_9_1_1	normal	NA
TTGCCGTCATTGCGGC_9_1_1	tumor	NA
CATCGGGAGCGATATA_9_1_1	tumor	NA
GACCAATTCTTGAGGT_9_1_1	tumor	NA
ACGGGTCTCCGCAAGC_9_1_1	tumor	NA
GTCAAGTAGAAAGTGG_9_1_1	tumor	NA
AAACGGGCACGCATCG_9_1_1	tumor	NA
CGGCTAGTCCAGAAGG_9_1_1	tumor	NA
AGTCTTTAGGATTCGG_9_1_1	tumor	NA
GCGCGATTCAACACGT_9_1_1	tumor	NA
CGGAGCTTCGATAGAA_9_1_1	tumor	NA
AACGTTGAGTGGTCCC_9_1_1	normal	NA
ACCAGTAAGATCTGAA_9_1_1	tumor	NA
AGCTCTCCATTCTTAC_9_1_1	tumor	NA
CCTCAGTCACCTGGTG_9_1_1	normal	NA
CAAGAAAGTTCGCGAC_9_1_1	tumor	NA
ACGGAGAAGAGCAATT_9_1_1	tumor	NA
GGGCACTAGGCTACGA_9_1_1	tumor	NA
ACTGAGTAGCTAGTTC_9_1_1	tumor	NA
GCTGCGAAGACGCTTT_9_1_1	tumor	NA
TCCACACTCAAGCCTA_9_1_1	tumor	NA
TCTTTCCAGTGGGTTG_9_1_1	tumor	NA
CAGCTGGTCACCTCGT_9_1_1	tumor	NA
AACCGCGAGGCATGTG_9_1_1	tumor	NA
TACACGAGTCTTCAAG_9_1_1	tumor	NA
AGTTGGTAGCTCCTTC_9_1_1	tumor	NA
TCATTTGAGTAAGTAC_9_1_1	normal	NA
AACCATGCAACGCACC_9_1_1	normal	NA
GTGCTTCTCCTTTCGG_9_1_1	tumor	NA
AGGTCATAGCAGCCTC_9_1_1	tumor	NA
TGAGGGACAAGGGTCA_9_1_1	tumor	NA
GCAGCCATCGCTAGCG_9_1_1	tumor	NA
ATGAGGGGTGATGTCT_9_1_1	tumor	NA
CCGTTCACAAGTCTAC_9_1_1	tumor	NA
AGGTCATAGGTGCTTT_9_1_1	tumor	NA
AGCTCCTTCGCAGGCT_9_1_1	tumor	NA
CTTAACTAGGACACCA_9_1_1	tumor	NA
TAGACCATCCTCAATT_9_1_1	tumor	NA
TCAGGATGTTTAAGCC_9_1_1	tumor	NA
TCGGGACAGTGTACCT_9_1_1	tumor	NA
TCTATTGCACGTTGGC_9_1_1	tumor	NA
TTAGTTCAGCCCAACC_9_1_1	tumor	NA
CGCGGTACAACGATGG_9_1_1	tumor	NA
TACGGATTCAACCATG_9_1_1	tumor	NA
TGCGTGGCAAGGGTCA_9_1_1	tumor	NA
TTAGGCAAGACCACGA_9_1_1	normal	NA
CGCGGTATCACCTCGT_9_1_1	tumor	NA
TATCTCAAGAACAATC_9_1_1	tumor	NA
GAACATCAGATCGGGT_9_1_1	tumor	NA
CGCTTCAGTTGGTGGA_9_1_1	tumor	NA
AGGGTGAAGGCCGAAT_9_1_1	tumor	NA
GGACAGATCGTTGACA_9_1_1	tumor	NA
ACTGTCCAGGCTAGCA_9_1_1	tumor	NA
TATGCCCCAGCCACCA_9_1_1	normal	NA
CACACAAAGGCGATAC_9_1_1	tumor	NA
CCTTTCTCAGATGAGC_9_1_1	tumor	NA
TATCTCAGTGCCTGGT_9_1_1	tumor	NA
GACCAATCACGTTGGC_9_1_1	tumor	NA
GGAGCAATCCATGCTC_9_1_1	tumor	NA
CAGCATATCACTCCTG_9_1_1	tumor	NA
GCAGCCACACAGCGTC_9_1_1	tumor	NA
GTCGTAAGTAGGACAC_9_1_1	tumor	NA
TAAGCGTCACGGTGTC_9_1_1	tumor	NA
CAGCATAGTATAATGG_9_1_1	normal	NA
CTACCCACATATGGTC_9_1_1	tumor	NA
ATCTGCCGTCTCCATC_9_1_1	tumor	NA
TGATTTCGTCAAACTC_9_1_1	tumor	NA
CGCGTTTCAAGAGTCG_9_1_1	tumor	NA
CTGCGGAAGCTAAACA_9_1_1	tumor	NA
TATGCCCAGAGATGAG_9_1_1	tumor	NA
GTGCATAGTTATGCGT_9_1_1	tumor	NA
GGTGCGTTCTCTTATG_9_1_1	tumor	NA
CTCGTCAAGTGGAGTC_9_1_1	tumor	NA
CACAAACTCGTCCAGG_9_1_1	tumor	NA
CTGATAGCATCATCCC_9_1_1	tumor	NA
TACTTGTGTAAATGTG_9_1_1	tumor	NA
CGGACGTAGAATTGTG_9_1_1	normal	NA
CGGCTAGTCTTAGAGC_9_1_1	tumor	NA
TATGCCCAGGCATGGT_9_1_1	tumor	NA
CCACTACTCTGAGTGT_9_1_1	normal	NA
CGAGCACCACTTCTGC_9_1_1	normal	NA
TACCTATTCCCGACTT_9_1_1	normal	NA
CACCAGGAGAAACCGC_9_1_1	tumor	NA
TACTTACAGTGTACCT_9_1_1	normal	NA
GGGAGATCAAAGCGGT_9_1_1	tumor	NA
ACGGAGAAGACTAGAT_9_1_1	tumor	NA
CGCCAAGGTAAACACA_9_1_1	tumor	NA
GTCACGGCACCAGGCT_9_1_1	tumor	NA
AAAGTAGAGATAGTCA_9_1_1	tumor	NA
GCTGGGTTCGAGAACG_9_1_1	tumor	NA
TAAGCGTTCATTTGGG_9_1_1	tumor	NA
CACAAACTCCTTGCCA_9_1_1	tumor	NA
GGGTCTGGTCAGAAGC_9_1_1	tumor	NA
TGACGGCGTCTAGCCG_9_1_1	tumor	NA
CTGAAACGTACTTGAC_9_1_1	tumor	NA
CTCTGGTAGCACGCCT_9_1_1	tumor	NA
CAGAGAGTCAACCATG_9_1_1	tumor	NA
CCACCTACAAGGGTCA_9_1_1	tumor	NA
GTGCAGCCATGACGGA_9_1_1	tumor	NA
TACGGGCTCTCCAGGG_9_1_1	tumor	NA
AGTCTTTTCACGATGT_9_1_1	tumor	NA
TTAGGACTCTTGTATC_9_1_1	tumor	NA
TACCTATAGTGGGATC_9_1_1	tumor	NA
CGAGAAGAGGCCGAAT_9_1_1	tumor	NA
TTTACTGAGTAGCGGT_9_1_1	tumor	NA
CTGAAGTGTAGTACCT_9_1_1	tumor	NA
TCATTTGAGATGTCGG_9_1_1	tumor	NA
GTCTTCGTCTCCGGTT_9_1_1	tumor	NA
TGGGCGTGTCTAGCCG_9_1_1	tumor	NA
CAACCTCCATCGATTG_9_1_1	tumor	NA
AACACGTCATAGACTC_9_1_1	tumor	NA
TACCTATAGCCACTAT_9_1_1	tumor	NA
GATCGTAAGTCATGCT_9_1_1	tumor	NA
CGGGTCACACTTCTGC_9_1_1	tumor	NA
CACACCTAGGTTCCTA_9_1_1	tumor	NA
ATCATGGGTTCGCGAC_9_1_1	tumor	NA
AAGCCGCAGGATGTAT_9_1_1	tumor	NA
CCACGGATCCATGCTC_9_1_1	tumor	NA
CAACCAAGTCGTGGCT_9_1_1	tumor	NA
GGGAGATGTCCGCTGA_9_1_1	tumor	NA
TCGTACCAGCCGCCTA_9_1_1	normal	NA
CGGTTAATCGCAGGCT_9_1_1	tumor	NA
CATCCACCAAACAACA_9_1_1	tumor	NA
ACTTTCAGTAGGCATG_9_1_1	tumor	NA
TTGTAGGTCACATAGC_9_1_1	tumor	NA
TTTATGCTCCAGTATG_9_1_1	tumor	NA
TACGGTAAGCACACAG_9_1_1	tumor	NA
TCCACACGTTAAGAAC_9_1_1	normal	NA
TCAGATGTCAATCACG_9_1_1	tumor	NA
TGATTTCGTTATCGGT_9_1_1	tumor	NA
CCTACACCAGCCTTTC_9_1_1	tumor	NA
GGACGTCTCCGTCATC_9_1_1	tumor	NA
GGGCACTTCTGCCAGG_9_1_1	tumor	NA
TGACTTTTCGGCGGTT_9_1_1	tumor	NA
CTCATTAAGACAGAGA_9_1_1	tumor	NA
GTGAAGGTCTCTTATG_9_1_1	tumor	NA
AACGTTGGTGACTCAT_9_1_1	tumor	NA
TGGTTCCGTACGCTGC_9_1_1	tumor	NA
AACTGGTGTTAGAACA_9_1_1	tumor	NA
GTAACTGAGACTTTCG_9_1_1	tumor	NA
GTATCTTTCTCAACTT_9_1_1	tumor	NA
GCATGCGTCTGTCTAT_9_1_1	tumor	NA
GGCAATTTCCGAGCCA_9_1_1	tumor	NA
CAGAATCCATTGCGGC_9_1_1	tumor	NA
AACTGGTGTCAGAGGT_9_1_1	tumor	NA
GGACATTAGATCCCAT_9_1_1	tumor	NA
ACTGATGAGTGGTAGC_9_1_1	tumor	NA
CAGAATCAGGAGTACC_9_1_1	tumor	NA
GCTGCGAAGGCTAGAC_9_1_1	tumor	NA
AACTTTCAGCCACTAT_9_1_1	tumor	NA
ACCCACTCAGCCAATT_9_1_1	tumor	NA
TGGTTAGCAGACGCTC_9_1_1	tumor	NA
TGCGTGGGTGTGGCTC_9_1_1	tumor	NA
TTAGGACAGGACAGAA_9_1_1	tumor	NA
CATGGCGAGTGGTAAT_9_1_1	tumor	NA
GCTGCAGCACATCTTT_9_1_1	tumor	NA
GTGCGGTGTCTAACGT_9_1_1	tumor	NA
GCGCGATCACAACGCC_9_1_1	tumor	NA
CTCCTAGAGCTAGTCT_9_1_1	tumor	NA
TAGTTGGTCTTAACCT_9_1_1	tumor	NA
TGAGCATTCCTTTCGG_9_1_1	tumor	NA
ATCCGAACACGACGAA_9_1_1	tumor	NA
CTTTGCGTCAGTGCAT_9_1_1	tumor	NA
CAGATCACATTGGGCC_9_1_1	tumor	NA
CACATAGAGAGGTAGA_9_1_1	tumor	NA
GACGGCTAGGGATACC_9_1_1	tumor	NA
CAAGGCCTCCGCATAA_9_1_1	tumor	NA
GCGCAGTTCGTCTGCT_9_1_1	tumor	NA
TTTACTGAGAACTCGG_9_1_1	tumor	NA
GCATGTATCGCCATAA_9_1_1	tumor	NA
TGGCGCAAGTAGGCCA_9_1_1	normal	NA
AAGACCTAGACAGGCT_9_1_1	tumor	NA
TTAGGCATCGAATGCT_9_1_1	tumor	NA
AGAGTGGTCTGGTTCC_9_1_1	tumor	NA
TAGACCAAGTGTTGAA_9_1_1	tumor	NA
GTTCATTTCACTTACT_9_1_1	tumor	NA
CCTTTCTAGCAGCCTC_9_1_1	tumor	NA
GGGAGATTCCAGGGCT_9_1_1	normal	NA
TCTCTAAGTGCCTGCA_9_1_1	tumor	NA
ACTGAACTCAGCAACT_9_1_1	normal	NA
ACTTACTCAAGGTGTG_9_1_1	tumor	NA
TTATGCTCACCACCAG_9_1_1	tumor	NA
CAGAGAGTCTTGCATT_9_1_1	tumor	NA
ACTATCTTCATCGGAT_9_1_1	tumor	NA
ATGCGATGTTGGGACA_9_1_1	tumor	NA
CTGCCTATCATACGGT_9_1_1	tumor	NA
GCGCAACGTAAGAGGA_9_1_1	tumor	NA
GCGCAGTAGGTAGCTG_9_1_1	tumor	NA
ATTGGTGTCCCTCAGT_9_1_1	tumor	NA
TACCTATTCGTGGACC_9_1_1	tumor	NA
CGATGGCTCACTCTTA_9_1_1	normal	NA
CGTGTAAGTTTGACAC_9_1_1	tumor	NA
TCGAGGCAGCTTCGCG_9_1_1	tumor	NA
TCAACGATCTGTCTCG_9_1_1	tumor	NA
GATGCTACAAGACGTG_9_1_1	tumor	NA
AGGGATGCAATAGAGT_9_1_1	tumor	NA
TAAGCGTTCTAACCGA_9_1_1	tumor	NA
CGAGAAGGTCTACCTC_9_1_1	tumor	NA
ACTGAACAGCGTTCCG_9_1_1	tumor	NA
ACACCGGCAATGGATA_9_1_1	tumor	NA
TAGTGGTGTAAGTAGT_9_1_1	tumor	NA
ACGGGTCCATCACAAC_9_1_1	tumor	NA
CTGCGGAAGCCCTAAT_9_1_1	tumor	NA
CCTCTGAAGGCATTGG_9_1_1	tumor	NA
TACTCATCACACGCTG_9_1_1	tumor	NA
CTGTTTACATGCAATC_9_1_1	tumor	NA
AAAGCAAAGACAGGCT_9_1_1	tumor	NA
ACACCGGAGCCTTGAT_9_1_1	normal	NA
GTGGGTCAGCTTCGCG_9_1_1	tumor	NA
CCCAGTTTCGTAGATC_9_1_1	tumor	NA
CGTGAGCGTACCGCTG_9_1_1	tumor	NA
CACACTCAGTTTCCTT_9_1_1	tumor	NA
CTCTAATGTACTCTCC_9_1_1	normal	NA
TCAGATGAGTCATGCT_9_1_1	tumor	NA
AGGGATGAGACAAGCC_9_1_1	tumor	NA
TACTCGCAGGAGTACC_9_1_1	tumor	NA
TACTTGTCAAAGGAAG_9_1_1	tumor	NA
TACTCGCTCATAACCG_9_1_1	tumor	NA
ACGAGCCTCCTCCTAG_9_1_1	tumor	NA
GTGCATAAGTATCGAA_9_1_1	tumor	NA
CATATTCCAAGTTAAG_9_1_1	tumor	NA
TACGGTAAGGTGCTAG_9_1_1	tumor	NA
AAAGCAAGTTTACTCT_9_1_1	tumor	NA
GAGCAGAAGTGGACGT_9_1_1	tumor	NA
TGAGAGGTCCAGAGGA_9_1_1	tumor	NA
AGACGTTAGACAGGCT_9_1_1	tumor	NA
CGCTTCAAGATCTGCT_9_1_1	tumor	NA
CATATGGTCGCACTCT_9_1_1	tumor	NA
TAGGCATCAGAGTGTG_9_1_1	tumor	NA
TTCGGTCAGCCACTAT_9_1_1	tumor	NA
TACAGTGGTAAGAGGA_9_1_1	tumor	NA
ACACTGATCTGCTTGC_9_1_1	tumor	NA
TAGTTGGCACTAAGTC_9_1_1	tumor	NA
GCATGATGTGGAAAGA_9_1_1	tumor	NA
CCACCTAAGATACACA_9_1_1	tumor	NA
GATCGCGCATATGCTG_9_1_1	tumor	NA
CTAGTGATCTGTTTGT_9_1_1	tumor	NA
CCGTTCACACATCTTT_9_1_1	tumor	NA
GAAGCAGTCTCACATT_9_1_1	tumor	NA
CGTCTACAGGAGCGAG_9_1_1	tumor	NA
GCGCGATCAAACCCAT_9_1_1	tumor	NA
TTAACTCAGAACAACT_9_1_1	tumor	NA
GGTATTGAGGGATACC_9_1_1	tumor	NA
GCATGATAGAGCAATT_9_1_1	tumor	NA
GTCCTCACACCGATAT_9_1_1	tumor	NA
TAGCCGGCAGTGGAGT_9_1_1	tumor	NA
GCAGTTACACTGTCGG_9_1_1	tumor	NA
GAGTCCGTCGCAAGCC_9_1_1	tumor	NA
CATGACAGTCTCATCC_9_1_1	tumor	NA
GCTGCAGCAAGTAATG_9_1_1	tumor	NA
AAGGCAGGTCGCGGTT_9_1_1	tumor	NA
AGAGCTTGTACCGTTA_9_1_1	tumor	NA
GAAGCAGGTCCAGTAT_9_1_1	tumor	NA
GGATGTTGTATAGGTA_9_1_1	tumor	NA
ACGTCAAGTTACAGAA_9_1_1	tumor	NA
ATCTACTGTGAGTGAC_9_1_1	tumor	NA
GAACGGAAGGCCATAG_9_1_1	tumor	NA
GAGGTGAAGGACATTA_9_1_1	tumor	NA
CGTTAGAGTTTGTTTC_9_1_1	tumor	NA
CATGCCTAGCTAGGCA_9_1_1	tumor	NA
TCTCATAGTAGTACCT_9_1_1	tumor	NA
GACTAACAGTCTCGGC_9_1_1	tumor	NA
AGTGGGATCAGTGCAT_9_1_1	tumor	NA
TCAGCAATCTGTCTCG_9_1_1	tumor	NA
CAAGGCCCACTGAAGG_9_1_1	tumor	NA
AACTCTTCAGTGACAG_9_1_1	normal	NA
GATCGCGTCTGGTGTA_9_1_1	tumor	NA
ACTTACTCACATTTCT_9_1_1	normal	NA
GCATGATTCCGAATGT_9_1_1	normal	NA
CACAAACTCGCATGAT_9_1_1	tumor	NA
CACTCCATCAACGCTA_9_1_1	tumor	NA
ACTGCTCCAAGAGGCT_9_1_1	tumor	NA
TCAGATGTCGTTTATC_9_1_1	tumor	NA
ACTTACTTCGGTGTCG_9_1_1	normal	NA
CACCAGGAGTTTAGGA_9_1_1	tumor	NA
TGACGGCAGACTAGAT_9_1_1	tumor	NA
TTGGCAAGTACTCTCC_9_1_1	tumor	NA
TGCTGCTGTGCTCTTC_9_1_1	tumor	NA
GACGCGTGTGCCTGTG_9_1_1	tumor	NA
CAAGAAAGTTGTACAC_9_1_1	tumor	NA
TGCGCAGTCCAACCAA_9_1_1	tumor	NA
TGTGGTAAGCTTCGCG_9_1_1	tumor	NA
TGCACCTTCCAAACTG_9_1_1	tumor	NA
GCGCAGTCATCCGCGA_9_1_1	tumor	NA
TTGGAACGTCTTCGTC_9_1_1	tumor	NA
AACTCTTAGTCACGCC_9_1_1	tumor	NA
GATCAGTTCAACACGT_9_1_1	tumor	NA
CGGACACCAATAGCGG_9_1_1	tumor	NA
ATTACTCAGAGGTTGC_9_1_1	tumor	NA
ACCGTAAGTAGAGCTG_9_1_1	normal	NA
TGCACCTAGACCTTTG_9_1_1	tumor	NA
GTTAAGCAGCCAGTAG_9_1_1	tumor	NA
CGAACATTCCACGTGG_9_1_1	normal	NA
CACACCTTCGGTCTAA_9_1_1	normal	NA
ACCCACTCACGCCAGT_9_1_1	tumor	NA
CACTCCAAGGGTCGAT_9_1_1	tumor	NA
TACTTGTCATTAACCG_9_1_1	tumor	NA
GTGAAGGTCCCAAGAT_9_1_1	tumor	NA
CGCTTCAGTCTCTCGT_9_1_1	tumor	NA
GTGAAGGTCCATTCTA_9_1_1	tumor	NA
CACCTTGTCGTTTGCC_9_1_1	tumor	NA
CGACTTCCAAGAAAGG_9_1_1	tumor	NA
AAGGAGCGTGCCTGTG_9_1_1	tumor	NA
CCCAATCCAATCCGAT_9_1_1	tumor	NA
CCCATACTCTGGGCCA_9_1_1	tumor	NA
CGATGTAGTGTGACCC_9_1_1	tumor	NA
GCATACAGTGCACCAC_9_1_1	tumor	NA
ACCTTTATCAGGCGAA_9_1_1	tumor	NA
TCCACACAGCTAACTC_9_1_1	tumor	NA
ACGAGCCCAGTATAAG_9_1_1	tumor	NA
CTTCTCTAGTAGCGGT_9_1_1	tumor	NA
CCTATTACAGACACTT_9_1_1	normal	NA
GTCAAGTCAATCAGAA_9_1_1	tumor	NA
TGCGCAGCACGGCGTT_9_1_1	tumor	NA
GATCTAGTCTTGTATC_9_1_1	tumor	NA
GGCTGGTGTAAGTGGC_9_1_1	tumor	NA
ATTATCCCACACATGT_9_1_1	tumor	NA
CATCAAGGTGTCGCTG_9_1_1	tumor	NA
GACAGAGTCAGATAAG_9_1_1	tumor	NA
GTCCTCATCTGCGTAA_9_1_1	tumor	NA
CGCTGGATCACAAACC_9_1_1	tumor	NA
GGGAATGTCAGTCCCT_9_1_1	tumor	NA
CTAGAGTGTAGCTAAA_9_1_1	normal	NA
AGGCCGTTCGCCATAA_9_1_1	tumor	NA
ACAGCTAAGGGTTCCC_9_1_1	tumor	NA
CACTCCAAGCTGATAA_9_1_1	tumor	NA
GGCTGGTAGGATTCGG_9_1_1	tumor	NA
CCCAATCGTGTCGCTG_9_1_1	tumor	NA
GAATGAAGTTATTCTC_9_1_1	tumor	NA
ATTGGTGAGTACACCT_9_1_1	tumor	NA
CGCTTCATCGGCTTGG_9_1_1	tumor	NA
ACGTCAAGTGCAACTT_9_1_1	tumor	NA
GACTACAAGACAGAGA_9_1_1	tumor	NA
ATTCTACTCCTTTACA_9_1_1	tumor	NA
GCATGTATCCCATTAT_9_1_1	tumor	NA
AGACGTTTCTACTTAC_9_1_1	normal	NA
GTGTGCGGTCTGCAAT_9_1_1	tumor	NA
ACTTGTTAGACCTAGG_9_1_1	tumor	NA
TACAGTGCACAGCCCA_9_1_1	tumor	NA
GTAGTCATCAGGCGAA_9_1_1	tumor	NA
TTGACTTGTTATCGGT_9_1_1	tumor	NA
AGAGTGGAGGCATTGG_9_1_1	tumor	NA
ACGCAGCTCTACCTGC_9_1_1	tumor	NA
CAACTAGGTCATGCCG_9_1_1	tumor	NA
TGGACGCGTTTGTTTC_9_1_1	tumor	NA
TCACGAAAGCAGGTCA_9_1_1	normal	NA
CTCTGGTGTAGTACCT_9_1_1	tumor	NA
TCATTACGTCTGCCAG_9_1_1	tumor	NA
ACTGTCCTCTAGAGTC_9_1_1	tumor	NA
GCTTGAAAGTGGAGTC_9_1_1	tumor	NA
ATAAGAGGTCCCTTGT_9_1_1	normal	NA
GCGAGAATCGGGAGTA_9_1_1	tumor	NA
AGACGTTAGACTAGGC_9_1_1	tumor	NA
CGACCTTCAGCATACT_9_1_1	tumor	NA
CCGTGGAGTTCCTCCA_9_1_1	tumor	NA
CTACCCACAGCCTTGG_9_1_1	tumor	NA
CGTCACTTCTCAACTT_9_1_1	tumor	NA
CACATAGAGTATCGAA_9_1_1	tumor	NA
GGATTACAGAGCTTCT_9_1_1	tumor	NA
GTAACGTAGCTAGTGG_9_1_1	tumor	NA
CAAGAAACAGATTGCT_9_1_1	tumor	NA
CTCGAAATCAATACCG_9_1_1	tumor	NA
TTGAACGAGGCTCAGA_9_1_1	tumor	NA
GGAAAGCCATTACGAC_9_1_1	normal	NA
TCATTTGCACTATCTT_9_1_1	tumor	NA
GGACAGACATATACGC_9_1_1	tumor	NA
CCCATACGTTTGGGCC_9_1_1	tumor	NA
GCGACCACACAAGCCC_9_1_1	tumor	NA
CCGGTAGTCCAAATGC_9_1_1	tumor	NA
ACGAGCCTCCGCAGTG_9_1_1	tumor	NA
TGCCCTAGTTCACCTC_9_1_1	tumor	NA
AAACCTGGTGGGTCAA_9_1_1	tumor	NA
AACTGGTCAAGCCATT_9_1_1	tumor	NA
CTCTGGTAGCAAATCA_9_1_1	tumor	NA
ATTATCCGTTGTTTGG_9_1_1	tumor	NA
CACCTTGAGTAGTGCG_9_1_1	tumor	NA
TGATTTCCATGTAGTC_9_1_1	tumor	NA
AAGGAGCGTAGGGACT_9_1_1	tumor	NA
GACCAATTCTGCGACG_9_1_1	tumor	NA
CTCGAGGCACTTGGAT_9_1_1	tumor	NA
GTACTTTAGGTAAACT_9_1_1	tumor	NA
TAGCCGGAGTTCGCGC_9_1_1	tumor	NA
ATTATCCAGAGTGAGA_9_1_1	tumor	NA
AGAGTGGTCCACGACG_9_1_1	tumor	NA
GCTGGGTTCCAGGGCT_9_1_1	tumor	NA
TGCCCATAGGTCGGAT_9_1_1	tumor	NA
GCGCAGTCATCGATGT_9_1_1	tumor	NA
GACTAACCAAGCGATG_9_1_1	tumor	NA
CCCTCCTAGCTGCGAA_9_1_1	tumor	NA
TAAGTGCCACAGAGGT_9_1_1	tumor	NA
CATCGAAGTATCAGTC_9_1_1	tumor	NA
ACGAGGAGTCGGCACT_9_1_1	tumor	NA
TTCTCCTTCCTTTCTC_9_1_1	tumor	NA
GAACCTATCAACTCTT_9_1_1	tumor	NA
AGTTGGTTCCGCATAA_9_1_1	tumor	NA
TAGCCGGTCCAGGGCT_9_1_1	tumor	NA
TAGAGCTAGATCCGAG_9_1_1	tumor	NA
AGCTTGAGTTCGTCTC_9_1_1	tumor	NA
GGGACCTGTACGACCC_9_1_1	tumor	NA
CATCGAACAACGATCT_9_1_1	tumor	NA
TGTGGTAAGGCCCGTT_9_1_1	tumor	NA
ACATCAGAGGGTTCCC_9_1_1	tumor	NA
CGATCGGAGACACTAA_9_1_1	tumor	NA
AAAGATGTCTGCTGTC_9_1_1	tumor	NA
CCAATCCAGGCATGGT_9_1_1	tumor	NA
TCGGTAATCCGTCAAA_9_1_1	tumor	NA
CTCTAATAGACATAAC_9_1_1	tumor	NA
CCACCTAAGGTCATCT_9_1_1	tumor	NA
TCGTAGAAGTCTTGCA_9_1_1	tumor	NA
TACGGTAAGTGAAGAG_9_1_1	normal	NA
TCTGAGACATCATCCC_9_1_1	normal	NA
GGGATGAGTCGAACAG_9_1_1	tumor	NA
CTGATCCTCCACGACG_9_1_1	tumor	NA
GTCGGGTCACCAGCAC_9_1_1	tumor	NA
CCTAAAGAGCCCGAAA_9_1_1	tumor	NA
TTTGGTTAGCGTGAGT_9_1_1	tumor	NA
ACACCCTCAGGCAGTA_9_1_1	tumor	NA
CGGACGTGTTATTCTC_9_1_1	normal	NA
GGCTGGTAGCTCAACT_9_1_1	tumor	NA
CAGATCATCGATCCCT_9_1_1	tumor	NA
GCGAGAATCTGGTTCC_9_1_1	tumor	NA
GGAGCAAGTCACTGGC_9_1_1	tumor	NA
GTCATTTTCGGCCGAT_9_1_1	tumor	NA
GAGTCCGAGACGCAAC_9_1_1	tumor	NA
TGGTTCCCAACGATGG_9_1_1	tumor	NA
TTCTCAATCCGCAGTG_9_1_1	tumor	NA
GATTCAGCACTTCTGC_9_1_1	tumor	NA
TACGGGCCAGTCAGCC_9_1_1	normal	NA
GCTGCTTCATCACGAT_9_1_1	tumor	NA
TTTCCTCGTGGTAACG_9_1_1	tumor	NA
CCTATTATCCAACCAA_9_1_1	tumor	NA
GGCTGGTGTAGCGTCC_9_1_1	tumor	NA
TCCACACAGGGTCTCC_9_1_1	normal	NA
AGAGTGGTCCCTAATT_9_1_1	tumor	NA
CTGCTGTTCTATCCCG_9_1_1	tumor	NA
TAAGCGTCACTATCTT_9_1_1	tumor	NA
AGTGTCAAGGGTCTCC_9_1_1	normal	NA
CAGCCGAAGAAGGCCT_9_1_1	tumor	NA
CGAGCCAAGCTAGCCC_9_1_1	tumor	NA
CCTTTCTTCAACGGCC_9_1_1	tumor	NA
ACGGGCTCAGTATCTG_9_1_1	tumor	NA
CACACTCAGCTAGTCT_9_1_1	tumor	NA
TTGACTTAGTTGAGAT_9_1_1	normal	NA
GCAGTTAGTTGGTAAA_9_1_1	tumor	NA
GACCTGGCAAGTACCT_9_1_1	tumor	NA
AACGTTGAGCAGATCG_9_1_1	normal	NA
CATATTCAGCTCAACT_9_1_1	tumor	NA
TCAATCTCACATTTCT_9_1_1	tumor	NA
CAGCCGATCTGCTGTC_9_1_1	tumor	NA
TCAATCTGTGAGTGAC_9_1_1	normal	NA
GTACTTTGTTGCGCAC_9_1_1	tumor	NA
CCGGGATGTTACTGAC_9_1_1	tumor	NA
TACAGTGCATCTGGTA_9_1_1	tumor	NA
CATCGGGCAGCTCGCA_9_1_1	normal	NA
CGGCTAGAGAATGTGT_9_1_1	normal	NA
ATCATCTGTATAAACG_9_1_1	tumor	NA
TGACTAGGTACCATCA_9_1_1	tumor	NA
CCACTACCACTTAACG_9_1_1	tumor	NA
TACGGATTCACTATTC_9_1_1	tumor	NA
TGGCCAGCAGACGTAG_9_1_1	normal	NA
TTGGAACCACTTCGAA_9_1_1	tumor	NA
TGCTGCTCAGGTGCCT_9_1_1	tumor	NA
ACATCAGCACTTAAGC_9_1_1	tumor	NA
AGCGGTCAGAAGGCCT_9_1_1	tumor	NA
CTGATAGCATGACGGA_9_1_1	tumor	NA
GGCGACTAGTTACCCA_9_1_1	tumor	NA
ACTGAGTGTATTACCG_9_1_1	normal	NA
TACACGAGTCGCATAT_9_1_1	normal	NA
TCATTTGCATGGTCAT_9_1_1	tumor	NA
AACGTTGCATGCATGT_9_1_1	tumor	NA
CTTCTCTCAGACAAGC_9_1_1	normal	NA
GTATTCTCAATACGCT_9_1_1	tumor	NA
CAAGGCCTCGTGACAT_9_1_1	tumor	NA
CTTCTCTTCCTATGTT_9_1_1	tumor	NA
GACCTGGTCGAGAACG_9_1_1	tumor	NA
CACAAACGTCTAGCGC_9_1_1	tumor	NA
AAAGATGTCTTATCTG_9_1_1	tumor	NA
GACTACAGTGTCTGAT_9_1_1	tumor	NA
ACCAGTACATGGTAGG_9_1_1	tumor	NA
CGCTGGATCTCAAGTG_9_1_1	tumor	NA
CGAACATGTCCATCCT_9_1_1	tumor	NA
GCTTGAATCGACAGCC_9_1_1	tumor	NA
TGGGAAGCATCCGCGA_9_1_1	tumor	NA
TCGGTAAAGCGACGTA_9_1_1	tumor	NA
CATGGCGGTGTATGGG_9_1_1	tumor	NA
TCTCATAAGCTCAACT_9_1_1	tumor	NA
TCTGGAACAAACTGTC_9_1_1	tumor	NA
AACACGTCACGAGAGT_9_1_1	tumor	NA
CGTCAGGCAAATTGCC_9_1_1	tumor	NA
GGCGACTTCCAATGGT_9_1_1	tumor	NA
TGCACCTGTCTGCCAG_9_1_1	tumor	NA
CATGACACACAAGCCC_9_1_1	tumor	NA
GGACAGAAGCGCTCCA_9_1_1	tumor	NA
CTCTAATTCTTTAGTC_9_1_1	tumor	NA
CTCGTACTCCATGAAC_9_1_1	tumor	NA
CCCAGTTAGATGTGTA_9_1_1	tumor	NA
CGAACATCAGCGATCC_9_1_1	tumor	NA
CTGCCTATCTCGAGTA_9_1_1	tumor	NA
GGCTGGTCAGGGCATA_9_1_1	tumor	NA
AACTCTTGTGTCAATC_9_1_1	tumor	NA
GTAACGTTCTTCAACT_9_1_1	tumor	NA
ACGATGTTCGGACAAG_9_1_1	tumor	NA
CACATAGGTATATCCG_9_1_1	tumor	NA
TCAGATGCAGGATTGG_9_1_1	tumor	NA
AAGTCTGCATTTCACT_9_1_1	tumor	NA
ATTACTCCATTCACTT_9_1_1	tumor	NA
TGGACGCCAGCCACCA_9_1_1	tumor	NA
CTACCCACACAGACTT_9_1_1	tumor	NA
CGACCTTTCCACTCCA_9_1_1	tumor	NA
ACCGTAATCACAGTAC_9_1_1	tumor	NA
GATGAGGTCTCGATGA_9_1_1	tumor	NA
TACTTACTCTCCAGGG_9_1_1	tumor	NA
CAGCTGGCAACACCTA_9_1_1	tumor	NA
ATCCACCCACATGGGA_9_1_1	tumor	NA
CCTAAAGCAGCTATTG_9_1_1	tumor	NA
GTTAAGCAGTCAAGCG_9_1_1	tumor	NA
CGGCTAGAGCAAATCA_9_1_1	tumor	NA
ACAGCTATCGGCGCAT_9_1_1	tumor	NA
AAATGCCGTAAACACA_9_1_1	tumor	NA
TTGGAACAGTCAATAG_9_1_1	tumor	NA
ATCTGCCAGCTCAACT_9_1_1	tumor	NA
CGAGAAGGTAAGGGAA_9_1_1	normal	NA
GTCATTTTCCGATATG_9_1_1	tumor	NA
CTCGTACAGCGATAGC_9_1_1	normal	NA
AATCCAGAGAAGATTC_9_1_1	normal	NA
TCTTCGGGTGAGGGAG_9_1_1	normal	NA
TAAGCGTGTTGCTCCT_9_1_1	tumor	NA
GACCAATCATCGGGTC_9_1_1	tumor	NA
TGACTAGTCAAGGTAA_9_1_1	tumor	NA
CGGAGCTTCTGTACGA_9_1_1	tumor	NA
GGTATTGCAATCCAAC_9_1_1	normal	NA
CGGCTAGAGTTGCAGG_9_1_1	tumor	NA
GCATGTACATTCCTCG_9_1_1	tumor	NA
CAGCATAAGATCGGGT_9_1_1	tumor	NA
CGTGTCTCAAGTCTAC_9_1_1	tumor	NA
TGATTTCTCGTTGACA_9_1_1	tumor	NA
CATGACATCATGGTCA_9_1_1	tumor	NA
AGTCTTTCATCCCACT_9_1_1	normal	NA
CACTCCAAGGTTACCT_9_1_1	tumor	NA
CCTTCCCGTAGCGATG_9_1_1	tumor	NA
GGTGCGTGTTCGGCAC_9_1_1	tumor	NA
GTCTCGTAGCTAGTGG_9_1_1	tumor	NA
ACGGGCTCAGTAACGG_9_1_1	tumor	NA
GGGTTGCTCATCTGTT_9_1_1	normal	NA
GTCTTCGCACGAAACG_9_1_1	tumor	NA
TGGTTCCGTAAGGGCT_9_1_1	tumor	NA
AACTGGTAGGGCTTGA_9_1_1	tumor	NA
AAACGGGCACCAACCG_9_1_1	tumor	NA
CACCTTGCACGTCTCT_9_1_1	tumor	NA
TAGACCAAGAGACGAA_9_1_1	normal	NA
ACATGGTCAGAAGCAC_9_1_1	tumor	NA
TCTTCGGTCAGAGACG_9_1_1	tumor	NA
TACACGATCGGAGGTA_9_1_1	tumor	NA
GGGCATCAGTGTACGG_9_1_1	tumor	NA
ACAGCCGCAGACACTT_9_1_1	tumor	NA
AGGTCCGAGATGCGAC_9_1_1	tumor	NA
CTGGTCTTCACCTTAT_9_1_1	tumor	NA
CCTTCGACATCAGTCA_9_1_1	tumor	NA
TCGAGGCGTTGAACTC_9_1_1	tumor	NA
ACGCCAGCATGCAATC_9_1_1	normal	NA
TCGGGACCACAACGCC_9_1_1	normal	NA
AGGCCACAGGCAATTA_9_1_1	tumor	NA
ATTTCTGCATAAGACA_9_1_1	tumor	NA
CTCGAAACAAGTTCTG_9_1_1	tumor	NA
AGCTCCTTCAAACCGT_9_1_1	tumor	NA
CGATGGCGTACAGTGG_9_1_1	tumor	NA
AGTCTTTCATCGTCGG_9_1_1	tumor	NA
GGACAAGCATGGGAAC_9_1_1	tumor	NA
CCGTGGAGTCGACTGC_9_1_1	tumor	NA
GCGCCAAAGCTGTCTA_9_1_1	tumor	NA
CGATGGCAGAAGGTGA_9_1_1	tumor	NA
GGGTCTGTCAAGATCC_9_1_1	normal	NA
CACCAGGTCTTAGAGC_9_1_1	tumor	NA
CTTAGGAAGAAGATTC_9_1_1	tumor	NA
AATCCAGAGGACATTA_9_1_1	tumor	NA
ATAGACCTCCTTGACC_9_1_1	normal	NA
GAATGAAAGTTAACGA_9_1_1	tumor	NA
GGATTACCAGGTGCCT_9_1_1	tumor	NA
TCGCGAGGTCTAGCCG_9_1_1	tumor	NA
TTTGCGCGTTAAGACA_9_1_1	tumor	NA
GGACGTCGTAATCACC_9_1_1	tumor	NA
AGTCTTTTCCTATTCA_9_1_1	tumor	NA
GGTGAAGTCCTCTAGC_9_1_1	tumor	NA
CACTCCACAGCTCCGA_9_1_1	tumor	NA
ACGATGTAGCCCAGCT_9_1_1	tumor	NA
ACCCACTAGGATGCGT_9_1_1	normal	NA
ACCAGTATCCCAACGG_9_1_1	tumor	NA
CCACCTAGTCCTCTTG_9_1_1	normal	NA
ACGGGCTCAAGGCTCC_9_1_1	tumor	NA
TTCGAAGAGGGATCTG_9_1_1	tumor	NA
TTGGAACCAGGGAGAG_9_1_1	tumor	NA
ATCTACTAGTTACCCA_9_1_1	tumor	NA
CGTTAGAAGTCTTGCA_9_1_1	tumor	NA
TCATTTGGTTAAAGTG_9_1_1	normal	NA
AGGGAGTTCCTTCAAT_9_1_1	tumor	NA
ACGGAGAAGTGGGTTG_9_1_1	tumor	NA
CCCAGTTGTAGCGTAG_9_1_1	normal	NA
TGTTCCGTCGCCTGAG_9_1_1	tumor	NA
GGAACTTCATGAGCGA_9_1_1	tumor	NA
CTGTTTATCTCACATT_9_1_1	tumor	NA
GATCGATCAGACTCGC_9_1_1	tumor	NA
CAGCGACTCCAAATGC_9_1_1	tumor	NA
CTGCGGAAGTGTACGG_9_1_1	tumor	NA
CATATTCCAGCGATCC_9_1_1	tumor	NA
GTAGGCCAGACGCTTT_9_1_1	tumor	NA
ATAAGAGGTGGGTATG_9_1_1	tumor	NA
GGAAAGCGTCCAGTGC_9_1_1	tumor	NA
ATTACTCCAGCTGGCT_9_1_1	tumor	NA
TGTCCCACAAACCCAT_9_1_1	tumor	NA
AAACCTGGTATATGAG_9_1_1	tumor	NA
TTAGGACCACAAGTAA_9_1_1	tumor	NA
CTTAGGAGTACCTACA_9_1_1	tumor	NA
TGAGGGACAATGCCAT_9_1_1	tumor	NA
CGTAGGCGTACCGTTA_9_1_1	tumor	NA
CACACAATCATGTCCC_9_1_1	tumor	NA
CCTTCGAGTTACCAGT_9_1_1	tumor	NA
TGCCAAACAGATCTGT_9_1_1	tumor	NA
CATATGGAGAATCTCC_9_1_1	tumor	NA
TTCTACATCGGTTCGG_9_1_1	tumor	NA
ACGGGTCCAGTGGAGT_9_1_1	normal	NA
CGCTATCGTCGAGTTT_9_1_1	tumor	NA
CCTACACCAGCTCGCA_9_1_1	tumor	NA
CCTTCCCCAGGACCCT_9_1_1	tumor	NA
CACCACTCAGTGGAGT_9_1_1	tumor	NA
CGATCGGCACGACGAA_9_1_1	normal	NA
TGAAAGACATCACAAC_9_1_1	tumor	NA
GACTGCGAGGAGTAGA_9_1_1	tumor	NA
GCGCAACGTTCCATGA_9_1_1	normal	NA
GCAGCCAGTCCAGTTA_9_1_1	tumor	NA
CAGCTGGCACCAGCAC_9_1_1	tumor	NA
TGCTGCTCAATGTTGC_9_1_1	tumor	NA
AGGCCGTCAAATACAG_9_1_1	tumor	NA
AGAGCGAAGAGAGCTC_9_1_1	tumor	NA
TACGGTAGTATCAGTC_9_1_1	tumor	NA
AACTCCCTCCTTAATC_9_1_1	tumor	NA
AGTGGGATCCAAACTG_9_1_1	tumor	NA
CAAGAAATCGGAAACG_9_1_1	tumor	NA
TCTTCGGAGATACACA_9_1_1	tumor	NA
GGTGCGTGTAGGGACT_9_1_1	tumor	NA
CATCGGGAGCACACAG_9_1_1	tumor	NA
TCTTTCCGTCACCTAA_9_1_1	tumor	NA
CGAGCCAAGATCGGGT_9_1_1	tumor	NA
ACGCCAGGTTACGACT_9_1_1	tumor	NA
TACCTATCATCGACGC_9_1_1	tumor	NA
AACTGGTTCAGTCAGT_9_1_1	tumor	NA
CAGCAGCGTCAAACTC_9_1_1	tumor	NA
ACATACGAGGGAGTAA_9_1_1	tumor	NA
ATTACTCGTACATGTC_9_1_1	normal	NA
CCACTACTCACATGCA_9_1_1	tumor	NA
AGCAGCCTCGAACGGA_9_1_1	tumor	NA
TGACAACAGGCTCAGA_9_1_1	tumor	NA
GATCGATTCTTACCTA_9_1_1	tumor	NA
GTTACAGAGACGACGT_9_1_1	tumor	NA
TTAGGCAGTCAGCTAT_9_1_1	tumor	NA
ACCTTTAAGCCAGAAC_9_1_1	tumor	NA
TCGGTAAGTAGCACGA_9_1_1	tumor	NA
CCTTCCCGTTTGACAC_9_1_1	tumor	NA
CGCGGTAGTGGCGAAT_9_1_1	tumor	NA
CGGAGCTAGTCATCCA_9_1_1	tumor	NA
CCTACACAGGCGCTCT_9_1_1	tumor	NA
GAACATCAGACAGAGA_9_1_1	tumor	NA
AGTAGTCAGACTTTCG_9_1_1	tumor	NA
CGGTTAATCATAACCG_9_1_1	tumor	NA
TTTACTGGTCTTGTCC_9_1_1	tumor	NA
AAAGATGGTTGTACAC_9_1_1	tumor	NA
ACCCACTCATTCTCAT_9_1_1	tumor	NA
CCAGCGAAGCTCCTCT_9_1_1	tumor	NA
CATGCCTTCACCTTAT_9_1_1	tumor	NA
GTTCTCGCAGCGTAAG_9_1_1	tumor	NA
TGAAAGAGTTAAGGGC_9_1_1	tumor	NA
GACGTGCGTACAGTTC_9_1_1	tumor	NA
GCACTCTGTTACTGAC_9_1_1	tumor	NA
GTTAAGCAGCGATGAC_9_1_1	tumor	NA
CGCGTTTGTTACGGAG_9_1_1	normal	NA
CAGGTGCCAACTTGAC_9_1_1	tumor	NA
GTTACAGTCCGAGCCA_9_1_1	tumor	NA
CGCTATCCACGAAGCA_9_1_1	tumor	NA
GAGTCCGAGACTCGGA_9_1_1	tumor	NA
TTAGGCAAGCGGCTTC_9_1_1	tumor	NA
AGCTCCTGTCTCGTTC_9_1_1	normal	NA
GACTAACTCCGTAGGC_9_1_1	tumor	NA
TGGTTCCCATCTGGTA_9_1_1	tumor	NA
CGGTTAAGTCGCTTCT_9_1_1	normal	NA
GGACAAGCACGGTAGA_9_1_1	tumor	NA
TGACGGCGTGATGTGG_9_1_1	tumor	NA
CTTGGCTGTCAAGCGA_9_1_1	tumor	NA
TCTTCGGGTCAGGACA_9_1_1	tumor	NA
GACTACAGTGCACGAA_9_1_1	tumor	NA
AGAGTGGTCAACCAAC_9_1_1	tumor	NA
CTGCCTACAACTGCGC_9_1_1	tumor	NA
CCGTACTGTGATGCCC_9_1_1	normal	NA
AAAGCAAGTGACCAAG_9_1_1	tumor	NA
CGATGTACACATCCGG_9_1_1	tumor	NA
TGACTTTTCAGGATCT_9_1_1	tumor	NA
CTCTAATGTGCTAGCC_9_1_1	tumor	NA
CCCAGTTCACGAAACG_9_1_1	tumor	NA
ACTGAACGTCGAAAGC_9_1_1	tumor	NA
CTCTAATCATCCGCGA_9_1_1	tumor	NA
GATCTAGCAAGTCTGT_9_1_1	tumor	NA
GATGAGGAGCTGGAAC_9_1_1	normal	NA
GCGCAGTTCATCGATG_9_1_1	tumor	NA
TGGCGCAAGTTAAGTG_9_1_1	tumor	NA
TCAGCTCCAGGACCCT_9_1_1	tumor	NA
CTCACACGTAGAAAGG_9_1_1	tumor	NA
TCATTTGCAGCTGCAC_9_1_1	tumor	NA
GTTTCTACAGGTTTCA_9_1_1	tumor	NA
TCTCATAGTAGGCATG_9_1_1	tumor	NA
TACTCATCAACGATCT_9_1_1	tumor	NA
CGTAGGCAGAGTAAGG_9_1_1	tumor	NA
CTCATTACAGCTGGCT_9_1_1	tumor	NA
ATCACGACATATGGTC_9_1_1	tumor	NA
CGGCTAGCATTAGCCA_9_1_1	tumor	NA
CAAGGCCTCTGTCCGT_9_1_1	tumor	NA
CCTCAGTAGGCAATTA_9_1_1	tumor	NA
ACTTTCAGTGATAAGT_9_1_1	tumor	NA
TCGCGAGTCTCTGTCG_9_1_1	tumor	NA
CTCGTACCACGCCAGT_9_1_1	tumor	NA
ATCGAGTAGTGGGCTA_9_1_1	tumor	NA
AGAATAGCAGTATGCT_9_1_1	tumor	NA
ACGCCAGTCAAAGTAG_9_1_1	tumor	NA
GCACATACACACGCTG_9_1_1	tumor	NA
ACGCCGATCCGTACAA_9_1_1	tumor	NA
GCGCAACTCGTGTAGT_9_1_1	tumor	NA
CGATGGCAGTGCGATG_9_1_1	tumor	NA
ATGAGGGAGACTACAA_9_1_1	normal	NA
CTCCTAGTCATGGTCA_9_1_1	tumor	NA
GACCAATTCGGACAAG_9_1_1	tumor	NA
GATGAAATCTCTTGAT_9_1_1	tumor	NA
AACTTTCGTGTTTGGT_9_1_1	tumor	NA
AGTCTTTGTTCGCGAC_9_1_1	tumor	NA
TTGGAACCATGTAGTC_9_1_1	tumor	NA
ATCTACTTCCACGACG_9_1_1	tumor	NA
TCAACGACAAAGTGCG_9_1_1	tumor	NA
GTGCGGTTCGGCGCAT_9_1_1	tumor	NA
GGACGTCTCCAGTAGT_9_1_1	tumor	NA
ACGGGCTGTCTCTTTA_9_1_1	tumor	NA
GTGCGGTAGTCGTACT_9_1_1	tumor	NA
ATTGGACTCATCTGCC_9_1_1	tumor	NA
CGTGTCTCAAACGTGG_9_1_1	tumor	NA
TCGGGACTCGCGATCG_9_1_1	tumor	NA
ATCCACCAGATCTGCT_9_1_1	tumor	NA
CTCATTAGTCCGAATT_9_1_1	tumor	NA
CTAGAGTCAACACCTA_9_1_1	tumor	NA
TAGGCATCACTAGTAC_9_1_1	tumor	NA
CCCAATCTCGGTGTCG_9_1_1	tumor	NA
TGGTTCCTCGGCTTGG_9_1_1	tumor	NA
TCTCTAAAGTTTAGGA_9_1_1	normal	NA
GTGCAGCTCGCCCTTA_9_1_1	tumor	NA
AACTTTCCAAAGGAAG_9_1_1	tumor	NA
ACACCAAAGAGTTGGC_9_1_1	tumor	NA
AACCATGCATCCGTGG_9_1_1	tumor	NA
GAAACTCGTGCAGTAG_9_1_1	tumor	NA
AGTGTCAAGGCGATAC_9_1_1	tumor	NA
GTACTTTCAAGACACG_9_1_1	tumor	NA
AAGGTTCGTGCTCTTC_9_1_1	normal	NA
GTGCATACATCTCCCA_9_1_1	tumor	NA
TGCTACCGTTCCACTC_9_1_1	tumor	NA
CGTCAGGGTTCCACGG_9_1_1	tumor	NA
CGGAGCTTCGCATGAT_9_1_1	tumor	NA
GAATAAGTCAAGATCC_9_1_1	tumor	NA
TCGCGTTAGCATCATC_9_1_1	tumor	NA
CTCGGGACACCTCGGA_9_1_1	tumor	NA
TCAGGTAAGCTGGAAC_9_1_1	tumor	NA
CGACCTTGTCGGGTCT_9_1_1	tumor	NA
ATCATCTAGTAGTGCG_9_1_1	tumor	NA
CCTCAGTAGAGAGCTC_9_1_1	tumor	NA
TGCTACCTCGCCCTTA_9_1_1	tumor	NA
GGAGCAAGTATAGTAG_9_1_1	tumor	NA
TCGGTAATCACCTTAT_9_1_1	tumor	NA
ACACCGGTCATGGTCA_9_1_1	tumor	NA
CGTTCTGTCAGTACGT_9_1_1	normal	NA
GTGCATAGTAGCACGA_9_1_1	tumor	NA
GCACTCTGTTCTGGTA_9_1_1	tumor	NA
GGCGTGTCAGCTTAAC_9_1_1	tumor	NA
TAAGTGCAGCGTGTCC_9_1_1	tumor	NA
TCTTCGGCATACGCTA_9_1_1	tumor	NA
GTTAAGCTCCGCGCAA_9_1_1	tumor	NA
ACTTACTGTCTCACCT_9_1_1	tumor	NA
TCATTTGCAGCTGCTG_9_1_1	tumor	NA
CGTAGCGGTTCCGGCA_9_1_1	tumor	NA
CGTCACTGTGGTCTCG_9_1_1	tumor	NA
TGTGGTAGTCGCATAT_9_1_1	normal	NA
CTCATTAGTATATGAG_9_1_1	tumor	NA
CATTCGCGTAAGGATT_9_1_1	tumor	NA
CTGATAGAGCAATATG_9_1_1	tumor	NA
CACAGGCCATATGCTG_9_1_1	tumor	NA
TTTACTGCACGTGAGA_9_1_1	normal	NA
CATTCGCCAAAGTCAA_11_1_1	normal	NA
GATCGCGTCTTCTGGC_11_1_1	normal	NA
CTAGTGACATATGAGA_11_1_1	normal	NA
TGGGAAGCACAGACAG_11_1_1	normal	NA
ACGTCAATCTGAGGGA_11_1_1	normal	NA
CTAACTTAGGAGCGTT_11_1_1	normal	NA
GTTACAGCATGACATC_11_1_1	normal	NA
CGCCAAGCATAGAAAC_11_1_1	normal	NA
CGGACTGTCCTCCTAG_11_1_1	tumor	NA
CACAAACGTAGCACGA_11_1_1	normal	NA
CCAGCGAGTACTTGAC_11_1_1	normal	NA
CCTTCCCGTACGAAAT_11_1_1	normal	NA
ATCATCTTCCTAAGTG_11_1_1	normal	NA
CCCAATCTCCGTAGTA_11_1_1	normal	NA
CGATTGATCCTCTAGC_11_1_1	normal	NA
CCTTCCCAGAAGCCCA_11_1_1	normal	NA
TGACTAGGTGTAATGA_11_1_1	normal	NA
GGACATTTCGACCAGC_11_1_1	normal	NA
CTCAGAACACTTAAGC_11_1_1	normal	NA
GACCTGGTCGACAGCC_11_1_1	normal	NA
TGTATTCGTATAGGGC_11_1_1	normal	NA
ACACTGACAATAGCAA_11_1_1	normal	NA
CACACAAGTAGCCTCG_11_1_1	normal	NA
CATCGGGTCTCTTGAT_11_1_1	normal	NA
TACGGTAAGGCGCTCT_11_1_1	normal	NA
AAATGCCAGGGATACC_11_1_1	normal	NA
GGCGTGTTCATTGCCC_11_1_1	normal	NA
CTGAAGTCAATGGAGC_11_1_1	normal	NA
TGGGCGTGTCCATCCT_11_1_1	normal	NA
CATGACACAACAACCT_11_1_1	normal	NA
GGTGCGTGTTAGATGA_11_1_1	normal	NA
GCGGGTTAGCCACGCT_11_1_1	normal	NA
CCCAGTTCAGTCAGCC_11_1_1	normal	NA
AAACGGGGTGTGACCC_11_1_1	normal	NA
AGCTCTCGTGCAGACA_11_1_1	normal	NA
CCCAATCCATTATCTC_11_1_1	normal	NA
ACTTTCACATGACATC_11_1_1	normal	NA
TTGGCAATCTTGTTTG_11_1_1	normal	NA
CGTTAGACAACTGCTA_11_1_1	normal	NA
AGCGGTCCAGCATGAG_11_1_1	normal	NA
TTATGCTTCAATAAGG_11_1_1	normal	NA
CCATTCGCATTGTGCA_11_1_1	normal	NA
GAGGTGAAGTAGATGT_11_1_1	normal	NA
ACATACGAGCTATGCT_11_1_1	normal	NA
AGAGTGGAGCGTTCCG_11_1_1	normal	NA
AAACGGGGTGCACTTA_11_1_1	normal	NA
GTCCTCACAATTCCTT_11_1_1	normal	NA
ACTGTCCGTTCGTGAT_11_1_1	normal	NA
CATGACAAGGTGACCA_11_1_1	normal	NA
CTCATTATCTGCCAGG_11_1_1	normal	NA
CCACGGACAGCCAGAA_11_1_1	normal	NA
AGGGTGACAAGAAGAG_11_1_1	normal	NA
TGATTTCTCGGTTAAC_11_1_1	normal	NA
TGGTTAGGTTCTGGTA_11_1_1	normal	NA
GGGATGACAGTTCCCT_11_1_1	normal	NA
CACAGTAAGGGCATGT_11_1_1	normal	NA
CTTGGCTTCAGCTCTC_11_1_1	normal	NA
CTACCCAGTATTACCG_11_1_1	normal	NA
TTCTCAACATAACCTG_11_1_1	normal	NA
TGCCCTAAGGGCTCTC_11_1_1	normal	NA
TGGCTGGGTTGTGGAG_11_1_1	normal	NA
CTACCCATCCTGCTTG_11_1_1	normal	NA
TACGGGCAGGGCTCTC_11_1_1	normal	NA
CAACCAATCATATCGG_11_1_1	normal	NA
TTCGGTCTCAGAGGTG_11_1_1	normal	NA
CTAAGACCACGTCAGC_11_1_1	normal	NA
CCAGCGAAGGTGATTA_11_1_1	normal	NA
GTCATTTTCCAGGGCT_11_1_1	normal	NA
CTTTGCGAGACGCACA_11_1_1	tumor	NA
CCACTACTCGGCGGTT_11_1_1	normal	NA
TGCTACCAGAATTCCC_11_1_1	normal	NA
ATCATCTAGTGGGATC_11_1_1	normal	NA
CCACTACAGTCCGTAT_11_1_1	normal	NA
AACTCAGCAATCGAAA_11_1_1	normal	NA
AGCGTATAGAGTAAGG_11_1_1	normal	NA
TCAGATGCAACACGCC_11_1_1	normal	NA
CAGTCCTAGGCATGGT_11_1_1	normal	NA
ACGATACAGCCCAATT_11_1_1	normal	NA
GTAACGTTCGAATGGG_11_1_1	normal	NA
AACTCTTCATTTCAGG_11_1_1	normal	NA
TCTTTCCCATGGTCAT_11_1_1	normal	NA
GCGCCAATCTAACTTC_11_1_1	normal	NA
AGCGTATTCCTTCAAT_11_1_1	normal	NA
TTGCCGTCAATAGCAA_11_1_1	normal	NA
CTCGTCACAGGCGATA_11_1_1	normal	NA
CGGGTCAGTAAGGGCT_11_1_1	normal	NA
TGCCAAAGTCTTCAAG_11_1_1	normal	NA
CGTCACTTCAACTCTT_11_1_1	normal	NA
ACGAGCCGTCTGGTCG_11_1_1	normal	NA
ACTGTCCTCAACGCTA_11_1_1	normal	NA
CAGAGAGAGATCTGCT_11_1_1	normal	NA
CCTCAGTGTCGATTGT_11_1_1	normal	NA
GCAAACTAGACCTTTG_11_1_1	normal	NA
AACGTTGAGACTTTCG_11_1_1	normal	NA
CCTATTATCGGTTCGG_11_1_1	normal	NA
GCACTCTTCTACGAGT_11_1_1	normal	NA
AGGGAGTGTCCAAGTT_11_1_1	normal	NA
ATCCGAACAAGCCTAT_11_1_1	normal	NA
CAACCTCCATCCAACA_11_1_1	normal	NA
ACTGCTCGTCTTGATG_11_1_1	normal	NA
TCCCGATCATCTATGG_11_1_1	normal	NA
GCTTCCAGTTAAAGTG_11_1_1	normal	NA
TCAGATGAGGTGACCA_11_1_1	normal	NA
CACAGTAAGTGGTAGC_11_1_1	normal	NA
CGGTTAACATACCATG_11_1_1	normal	NA
ACACCCTGTTTGGCGC_11_1_1	tumor	NA
CTAGTGAGTACATGTC_11_1_1	tumor	NA
GGGAATGGTGTGGCTC_11_1_1	normal	NA
ACGGGCTGTCGTCTTC_11_1_1	normal	NA
ACTTACTTCTTCGAGA_11_1_1	normal	NA
TCGCGTTAGTGGAGTC_11_1_1	normal	NA
AGTGAGGCACAACGTT_11_1_1	normal	NA
CTCGAGGTCTCGCTTG_11_1_1	normal	NA
CTGTGCTCACCGCTAG_11_1_1	normal	NA
GACGTTAGTGTTCGAT_11_1_1	normal	NA
CGTCACTAGTCCCACG_11_1_1	normal	NA
GTGCTTCTCTACCTGC_11_1_1	normal	NA
TCACAAGCATGCCTTC_11_1_1	normal	NA
AGACGTTGTCCGAACC_11_1_1	normal	NA
GACTACACAGGACGTA_11_1_1	normal	NA
ACTGTCCAGACTAAGT_11_1_1	normal	NA
AGTGGGACACGTCAGC_11_1_1	normal	NA
AGTTGGTAGAGCCTAG_11_1_1	normal	NA
CAGATCAGTTCGAATC_11_1_1	normal	NA
TCACAAGTCCCATTAT_11_1_1	normal	NA
CTCGAAATCCAAGTAC_11_1_1	normal	NA
TACTCATCATGTTCCC_11_1_1	normal	NA
CGGACACCACGAGAGT_11_1_1	normal	NA
CGATGGCCAGCTCCGA_11_1_1	normal	NA
GGGCACTCATGAACCT_11_1_1	normal	NA
ATAAGAGTCTCCAACC_11_1_1	normal	NA
CCTTACGGTCGGCATC_11_1_1	normal	NA
ACTATCTAGCCCTAAT_11_1_1	normal	NA
GGATTACTCGCCAAAT_11_1_1	normal	NA
CCTAAAGTCCTATTCA_11_1_1	normal	NA
CCTTCCCGTAGCCTAT_11_1_1	normal	NA
TTCTCCTTCATAACCG_11_1_1	normal	NA
AGCTTGACAATCTGCA_11_1_1	normal	NA
GGGAGATCACTTCGAA_11_1_1	normal	NA
GGAACTTAGTGTACGG_11_1_1	normal	NA
GTTACAGAGCTGCAAG_11_1_1	normal	NA
AGGGTGAAGGGTATCG_11_1_1	normal	NA
TGAGCATAGAATGTTG_11_1_1	normal	NA
CACATTTCAACTGGCC_11_1_1	normal	NA
TTGTAGGCACAACGCC_11_1_1	normal	NA
CTGCTGTCACCAACCG_11_1_1	normal	NA
AAGGAGCGTAGGGACT_11_1_1	normal	NA
AAGTCTGCATCAGTCA_11_1_1	normal	NA
GTCAAGTTCCGGCACA_11_1_1	normal	NA
CTCTGGTAGAAGCCCA_11_1_1	normal	NA
CAGTCCTTCGGCTTGG_11_1_1	normal	NA
CTCAGAACACTCAGGC_11_1_1	normal	NA
TAGGCATGTGACGCCT_11_1_1	normal	yes
ACTTGTTGTGGTCCGT_11_1_1	normal	NA
ATGCGATCACTTAAGC_11_1_1	normal	NA
TGACGGCGTCCGACGT_11_1_1	normal	NA
GACTGCGGTTCAACCA_11_1_1	normal	NA
TGGCTGGTCCACGACG_11_1_1	normal	NA
TGCGGGTTCTAGCACA_11_1_1	normal	NA
GTACGTACAGACACTT_11_1_1	normal	NA
GGATGTTTCGTTACGA_11_1_1	normal	NA
CTCTACGCAGACACTT_11_1_1	normal	NA
CGACCTTTCCACGTTC_11_1_1	tumor	NA
CGTTCTGTCACAATGC_11_1_1	normal	yes
TTGAACGTCTGGCGAC_11_1_1	normal	NA
TGACTAGAGAAACCTA_11_1_1	normal	NA
CCTTCCCAGTGGTAGC_11_1_1	normal	NA
CGATGGCAGCGCTCCA_11_1_1	normal	NA
ATTATCCCAGCTCGCA_11_1_1	normal	NA
GATGAAAAGAGCTTCT_11_1_1	normal	NA
GTGGGTCCAGGGTTAG_11_1_1	normal	NA
CGGTTAAGTTATCCGA_11_1_1	normal	NA
CAAGATCGTGAACCTT_11_1_1	normal	NA
CGTAGGCTCGAACTGT_11_1_1	normal	NA
GGCAATTGTAGCTAAA_11_1_1	normal	NA
CTGCTGTTCGCATGGC_11_1_1	normal	NA
GTACGTACAATTCCTT_11_1_1	normal	NA
GACCTGGGTCGTTGTA_11_1_1	normal	NA
GTACTCCGTGTAACGG_11_1_1	normal	NA
GTACGTATCTCAAGTG_11_1_1	normal	NA
CTCTACGAGGATTCGG_11_1_1	normal	NA
CCTCTGATCCCTTGCA_11_1_1	normal	NA
GAAGCAGCAAGAGGCT_11_1_1	normal	NA
CAACTAGTCTGACCTC_11_1_1	normal	NA
CTGTGCTTCCACTCCA_11_1_1	normal	NA
CGATCGGTCACTTACT_11_1_1	normal	NA
AGTTGGTGTATCAGTC_11_1_1	normal	NA
GATCTAGGTGGCTCCA_11_1_1	normal	NA
ACGGCCACAGGTCCAC_11_1_1	normal	NA
ACGGCCACATGGGAAC_11_1_1	normal	NA
GCTCCTAGTGAGTATA_11_1_1	normal	NA
GCAGCCACATCCGGGT_11_1_1	normal	NA
TTGACTTGTTAAGTAG_11_1_1	normal	NA
GCTTGAACACTATCTT_11_1_1	normal	NA
GTGAAGGTCCTATTCA_11_1_1	normal	NA
GTCATTTCAGGGATTG_11_1_1	normal	NA
GACTGCGGTGCACGAA_11_1_1	normal	NA
CGACTTCCACAGAGGT_11_1_1	normal	NA
AACCATGGTCTGCAAT_11_1_1	normal	NA
ACGATGTTCTCGGACG_11_1_1	normal	NA
CTGAAGTCATAGAAAC_11_1_1	normal	NA
GTACGTACATCGACGC_11_1_1	normal	NA
GCAGTTAAGTGACATA_11_1_1	normal	NA
TGCTACCGTAGCGTCC_11_1_1	normal	NA
GAGTCCGTCTTAGCCC_11_1_1	normal	NA
ACATGGTAGTTCGATC_11_1_1	normal	NA
ACACTGATCTACCTGC_11_1_1	normal	NA
GTCTTCGCACTAGTAC_11_1_1	normal	NA
TTTGTCACATGAACCT_11_1_1	normal	NA
TAAGTGCGTCCGAATT_11_1_1	normal	NA
CCTCAGTCACAACGCC_11_1_1	normal	NA
CCTTCCCCACCCATGG_11_1_1	normal	NA
TAGTTGGAGGTCGGAT_11_1_1	normal	yes
TCGGGACCACGTCTCT_11_1_1	normal	NA
ACACCCTTCGACAGCC_11_1_1	normal	NA
CATGCCTAGAAACCGC_11_1_1	normal	NA
GGCTGGTTCACTTCAT_11_1_1	normal	NA
CTGATAGAGTGGTAAT_11_1_1	normal	NA
GTCCTCATCTGCGACG_11_1_1	normal	NA
ACGCCAGAGCTGCCCA_11_1_1	normal	NA
GATGAGGGTGCTAGCC_11_1_1	normal	NA
AATCCAGAGTGAACAT_11_1_1	normal	NA
CTGTGCTGTAATCACC_11_1_1	normal	NA
CCACTACTCTTGTCAT_11_1_1	normal	yes
CTAGTGAAGTCTCAAC_11_1_1	normal	NA
TAGCCGGGTACTTGAC_11_1_1	normal	NA
TTCTTAGCATCACCCT_11_1_1	normal	NA
GTAACTGCACACGCTG_11_1_1	normal	NA
CTCCTAGTCTCATTCA_11_1_1	normal	NA
ACGTCAATCGCGATCG_11_1_1	normal	NA
CGCCAAGAGACTACAA_11_1_1	normal	NA
GAAGCAGCACAGCGTC_11_1_1	tumor	NA
GCCTCTATCGGCATCG_11_1_1	normal	NA
GCGCAACTCGCTAGCG_11_1_1	normal	NA
TGCGCAGTCATTGCGA_11_1_1	normal	NA
GCTGCAGAGTGCGTGA_11_1_1	normal	NA
AATCCAGCATTCGACA_11_1_1	normal	NA
CAGCTAATCAGGCGAA_11_1_1	normal	NA
CGTTAGATCTACCTGC_11_1_1	normal	NA
CCTAAAGAGAAGATTC_11_1_1	normal	NA
GAGCAGAAGTACGTTC_11_1_1	normal	NA
CGTAGGCGTCGACTGC_11_1_1	normal	NA
TGAGCCGAGTCGATAA_11_1_1	normal	NA
GTGAAGGGTCAAAGCG_11_1_1	normal	NA
CGCTATCTCACTATTC_11_1_1	normal	NA
AACCGCGCAGCCTTTC_11_1_1	normal	NA
GCGCCAAAGTAGTGCG_11_1_1	normal	NA
CCGGGATAGGAGTTGC_11_1_1	normal	NA
CGATGGCCACCAGTTA_11_1_1	normal	NA
TTTCCTCAGATAGCAT_11_1_1	normal	NA
ACGTCAACAATAGCGG_11_1_1	normal	NA
TCAGCAACACCGATAT_11_1_1	tumor	NA
GCACATAGTTAGGGTG_11_1_1	normal	NA
ATCATGGGTCTCTCGT_11_1_1	normal	NA
AGATCTGAGCCCAACC_11_1_1	normal	NA
GTCGTAACACATGACT_11_1_1	normal	NA
TACACGACAGAAGCAC_11_1_1	normal	NA
AGTCTTTGTAGAGCTG_11_1_1	normal	NA
GACTACATCTTTCCTC_11_1_1	normal	NA
GTCACGGTCTCATTCA_11_1_1	normal	NA
GCTTGAACACTAGTAC_11_1_1	normal	NA
GCCAAATTCCAACCAA_11_1_1	normal	NA
GGAGCAAAGGCCGAAT_11_1_1	normal	NA
CGAGCACTCCCTGACT_11_1_1	normal	NA
CGGCTAGAGATCCGAG_11_1_1	normal	NA
AACTCCCGTCTTCGTC_11_1_1	normal	NA
AGAGTGGAGACTAGGC_11_1_1	normal	NA
CGCTGGAGTAAACCTC_11_1_1	normal	NA
GCGACCATCTGCCAGG_11_1_1	normal	NA
CGGAGTCCACCGAATT_11_1_1	normal	NA
AAACCTGAGTGGAGTC_11_1_1	normal	NA
CGCTATCAGAAACCGC_11_1_1	normal	NA
TACACGAGTGGAAAGA_11_1_1	tumor	NA
CTCATTAGTGGCAAAC_11_1_1	normal	NA
CCGGGATGTATCTGCA_11_1_1	normal	NA
TAAGCGTAGCAATCTC_11_1_1	normal	NA
ATGAGGGCAGGTCCAC_11_1_1	normal	NA
CCTTCGACAGACAAAT_11_1_1	normal	NA
CTGATAGCATGCCTTC_11_1_1	normal	NA
GAATGAAAGCAGCCTC_11_1_1	normal	NA
AAGGCAGGTCAAAGAT_11_1_1	normal	NA
CGAGAAGCACTAAGTC_11_1_1	normal	NA
TACTCATTCGTTACAG_11_1_1	normal	NA
GATGAAAAGCCACTAT_11_1_1	normal	yes
AAGCCGCTCTTGACGA_11_1_1	normal	NA
CGTCTACCACACAGAG_11_1_1	tumor	NA
AGCATACAGATACACA_11_1_1	normal	NA
TCATTTGCAGCGAACA_11_1_1	normal	NA
TCGTACCAGGAATGGA_11_1_1	normal	NA
GCGCAACAGTGGGTTG_11_1_1	normal	NA
CATCCACAGATGGGTC_11_1_1	normal	NA
GAGGTGATCCGCTGTT_11_1_1	normal	NA
ACCAGTAGTACCGAGA_11_1_1	normal	NA
AGCGTATAGCTAACAA_11_1_1	normal	NA
TTTATGCAGCGATAGC_11_1_1	normal	NA
ACCGTAAAGGGAGTAA_11_1_1	normal	NA
CCTAAAGCACCGAAAG_11_1_1	normal	NA
TCTTCGGAGAGACTAT_11_1_1	normal	NA
GCGCGATTCTCAAACG_11_1_1	normal	NA
AGCGGTCAGGGAGTAA_11_1_1	normal	yes
CAACTAGCAATCCGAT_11_1_1	normal	NA
GACTACAGTCAACTGT_11_1_1	normal	NA
CGTCTACAGGATGGAA_11_1_1	normal	NA
GCGACCAGTGTCGCTG_11_1_1	normal	NA
TGACTTTTCATAAAGG_11_1_1	normal	NA
GGTGAAGCAAAGAATC_11_1_1	normal	NA
CAGGTGCTCGGATGTT_11_1_1	normal	NA
TAGCCGGGTAACGTTC_11_1_1	normal	NA
CTGCGGATCGCGTAGC_11_1_1	normal	NA
GATGCTATCAATACCG_11_1_1	normal	NA
TGACTTTAGTACTTGC_11_1_1	normal	NA
TGGCCAGAGTTGTAGA_11_1_1	normal	NA
TGGTTCCCAGGATCGA_11_1_1	normal	NA
CGTTAGAAGAGACTTA_11_1_1	normal	NA
GTGTGCGCATACTACG_11_1_1	normal	NA
TAGGCATAGCCACGCT_11_1_1	normal	NA
CGGACACGTGAAATCA_11_1_1	normal	NA
CACAGTACAAGTAATG_11_1_1	normal	NA
CAGGTGCCACAGGTTT_11_1_1	normal	NA
GTCTCGTAGATCGATA_11_1_1	normal	NA
GTGCAGCAGATGTCGG_11_1_1	normal	NA
TACACGAGTCCAGTTA_11_1_1	normal	NA
AACCATGTCATGTAGC_11_1_1	normal	NA
CTAGTGAAGTTACCCA_11_1_1	normal	NA
GAAGCAGCAAACAACA_11_1_1	normal	NA
GTACTTTGTGTAAGTA_11_1_1	normal	NA
ATCCGAACACAAGCCC_11_1_1	normal	NA
GCGCAGTCACAGGCCT_11_1_1	normal	NA
CATCGAACATCCGTGG_11_1_1	normal	NA
CAGCAGCTCAGGCGAA_11_1_1	normal	NA
ACTGAGTCAGCTGCAC_11_1_1	normal	NA
CGGGTCATCGCAAGCC_11_1_1	normal	NA
AGCGTCGAGCTGTTCA_11_1_1	normal	NA
TCGAGGCCAGCGATCC_11_1_1	normal	NA
GGAGCAAGTATAGTAG_11_1_1	normal	NA
ATAAGAGAGAAGGTTT_11_1_1	normal	NA
CTCGGAGGTAGCACGA_11_1_1	normal	NA
GCACATAAGTGGAGAA_11_1_1	normal	NA
ATCCGAATCTATCCTA_11_1_1	normal	NA
TGAGCCGTCGGCCGAT_11_1_1	normal	yes
CCTATTATCAGAAATG_11_1_1	normal	NA
ACAGCCGGTAGCTCCG_11_1_1	normal	NA
TCAGGTATCGCAAGCC_11_1_1	tumor	NA
ATCCGAAGTTCGGGCT_11_1_1	normal	NA
GCGAGAAGTTCGTTGA_11_1_1	normal	NA
AAGGTTCAGGGATCTG_11_1_1	normal	NA
CAAGTTGTCACTATTC_11_1_1	normal	NA
CGCTGGAGTAAAGTCA_11_1_1	tumor	NA
AGAGCTTAGACAGACC_11_1_1	normal	NA
GGTATTGAGTGAATTG_11_1_1	normal	NA
CGGACTGTCGTGGGAA_11_1_1	normal	NA
ACATGGTAGGATGGTC_11_1_1	normal	NA
TCTTCGGTCGAATGCT_11_1_1	normal	NA
CGACTTCGTTACGGAG_11_1_1	normal	NA
ATAAGAGTCGAGGTAG_11_1_1	normal	NA
CGACCTTGTCACCCAG_11_1_1	normal	NA
CCATGTCCATCATCCC_11_1_1	normal	NA
CAACCTCGTGGTAACG_11_1_1	normal	NA
AATCCAGAGACGCACA_11_1_1	normal	NA
GTTCATTGTGTAAGTA_11_1_1	normal	NA
TAGTTGGTCGTAGGTT_11_1_1	normal	NA
CGGACGTGTGCAACGA_11_1_1	normal	NA
CCTTACGGTAAGGGCT_11_1_1	normal	NA
AAGACCTCAGGTCCAC_11_1_1	normal	NA
TGGCTGGAGAAGGTGA_11_1_1	normal	NA
ACGAGGAGTAAGCACG_11_1_1	normal	NA
AAACCTGAGCGGCTTC_11_1_1	normal	NA
GCGAGAAAGGCACATG_11_1_1	normal	NA
ATTGGACGTACACCGC_11_1_1	normal	NA
AGGGAGTCAGTCTTCC_11_1_1	normal	NA
ACAGCTAGTTGGGACA_11_1_1	normal	NA
GTTACAGCATTTGCTT_11_1_1	normal	NA
AAAGTAGTCTTACCTA_11_1_1	normal	NA
CCTATTATCGCTGATA_11_1_1	normal	NA
CGTTGGGCATCGATGT_11_1_1	normal	NA
TACTTACAGAGGTACC_11_1_1	normal	NA
TCGCGAGCACGGCCAT_11_1_1	normal	NA
TCCCGATAGAGTACAT_11_1_1	normal	NA
AACCGCGGTAGCGTAG_11_1_1	normal	NA
ACTGAACAGCATGGCA_11_1_1	normal	NA
TTAACTCCAACCGCCA_11_1_1	normal	NA
GTATTCTGTGCGGTAA_11_1_1	normal	NA
CGGTTAATCTGGAGCC_11_1_1	tumor	NA
GGGCACTGTGAACCTT_11_1_1	normal	NA
GTCTTCGTCAGCGACC_11_1_1	normal	NA
GCTTGAAGTCTAGGTT_11_1_1	normal	NA
TTGCCGTGTCGCGAAA_11_1_1	normal	NA
TAGTGGTGTCATACTG_11_1_1	normal	NA
TTTGCGCAGCTGATAA_11_1_1	normal	NA
CCTATTATCAAGGCTT_11_1_1	normal	NA
CGGGTCAAGTTCCACA_11_1_1	normal	NA
AAATGCCTCGGATGGA_11_1_1	normal	NA
CAAGATCAGGGCTTGA_11_1_1	normal	NA
CATGCCTCAGACACTT_11_1_1	normal	NA
GATGAGGCACTTGGAT_11_1_1	normal	NA
TTAGGCACATCCCACT_11_1_1	normal	NA
TCAGCAAGTAAACGCG_11_1_1	normal	NA
AATCGGTCAAATACAG_11_1_1	normal	yes
TGACAACGTCAACTGT_11_1_1	normal	NA
GCGCCAACACAACGTT_11_1_1	normal	NA
TTCCCAGGTAAGGATT_11_1_1	normal	NA
TAGTGGTGTGGCGAAT_11_1_1	normal	NA
GCGCGATCACCGAATT_11_1_1	normal	NA
TTGACTTGTCAGAAGC_11_1_1	tumor	NA
ATCTGCCAGAGTGAGA_11_1_1	normal	NA
TGGCGCACACATCCAA_11_1_1	normal	NA
TTCCCAGAGAAGGTTT_11_1_1	normal	NA
AGTCTTTCATGCCTTC_11_1_1	normal	NA
AGCTTGAAGATACACA_11_1_1	normal	NA
CGATGGCCAGTACACT_11_1_1	normal	NA
GTTCATTCATTTGCTT_11_1_1	normal	yes
CTCTAATTCTCGAGTA_11_1_1	normal	NA
CATTATCGTACACCGC_11_1_1	normal	NA
GCACATAGTCTCATCC_11_1_1	normal	NA
CACAAACCACCCATTC_11_1_1	normal	NA
TACTTACTCCCAGGTG_11_1_1	normal	NA
ACGAGGACATCACCCT_11_1_1	normal	NA
CACACTCGTTACGGAG_11_1_1	normal	NA
TCATTACTCGCATGAT_11_1_1	normal	NA
TAGTGGTTCCTGTAGA_11_1_1	tumor	NA
ACACCCTAGACACTAA_11_1_1	normal	NA
GGCTCGAAGTCTCCTC_11_1_1	normal	NA
CGTTAGATCCGATATG_11_1_1	normal	NA
GGGTTGCAGGTGTTAA_11_1_1	normal	NA
GGAAAGCAGTGGTAAT_11_1_1	normal	NA
AGTCTTTGTTGTCGCG_11_1_1	normal	NA
AGCGTATCAACACCCG_11_1_1	normal	NA
CTCGAGGTCAGCGACC_11_1_1	normal	NA
GGCGACTTCCCTCTTT_11_1_1	normal	NA
AACCATGGTTAAGAAC_11_1_1	normal	NA
GACCAATTCGCAAGCC_11_1_1	normal	NA
GATCTAGAGAGGTACC_11_1_1	normal	NA
GGCTGGTTCGCCAGCA_11_1_1	normal	NA
CCTAAAGGTTGGACCC_11_1_1	normal	yes
GGAGCAAGTTTCGCTC_11_1_1	normal	NA
ACTGAACTCGAACTGT_11_1_1	normal	NA
AAACGGGCACGGTAAG_11_1_1	normal	NA
CATTCGCAGTGGAGTC_11_1_1	normal	NA
GGCCGATCACATGTGT_11_1_1	normal	NA
GACTAACAGAGACGAA_11_1_1	normal	NA
TTTACTGAGTCCTCCT_11_1_1	normal	NA
CAGCAGCAGGTGGGTT_11_1_1	normal	NA
TAAACCGCAACAACCT_11_1_1	normal	NA
AGTAGTCCAAAGTGCG_11_1_1	normal	NA
TCACAAGGTACGAAAT_11_1_1	normal	NA
TGCGTGGGTTAAGTAG_11_1_1	tumor	NA
GCGGGTTTCTACCTGC_11_1_1	normal	NA
ACATACGCACAGATTC_11_1_1	normal	NA
GAATAAGCAGCCAGAA_11_1_1	normal	NA
GGACATTAGCACACAG_11_1_1	normal	NA
TCGTAGATCTGTTTGT_11_1_1	normal	NA
TCCACACTCAACACCA_11_1_1	normal	NA
ACACCAACACCGTTGG_11_1_1	normal	NA
GTTTCTACACACAGAG_11_1_1	normal	NA
CCTCTGATCATGGTCA_11_1_1	normal	NA
TAAGTGCTCGTAGATC_11_1_1	normal	NA
CAACCTCGTAGCCTAT_11_1_1	normal	NA
CAGCTGGTCTTTAGTC_11_1_1	normal	NA
GTCATTTTCGCCGTGA_11_1_1	normal	NA
CTAGAGTCACGGCTAC_11_1_1	normal	NA
AATCCAGCACTCTGTC_11_1_1	normal	NA
GTGCATAGTTTACTCT_11_1_1	normal	NA
TATCAGGGTACCGGCT_11_1_1	normal	NA
ACAGCCGTCGATCCCT_11_1_1	normal	NA
GATGCTATCGAATGCT_11_1_1	normal	NA
ATGCGATCAACGCACC_11_1_1	normal	NA
CGTGTAATCGTAGGTT_11_1_1	normal	NA
TCGGGACAGGTGCACA_11_1_1	normal	NA
CGTAGGCAGAATTGTG_11_1_1	normal	NA
GTTCATTAGAGGTTAT_11_1_1	normal	NA
CACACAATCGTCTGAA_11_1_1	normal	NA
GTATTCTCAGATCCAT_11_1_1	normal	NA
GGGACCTGTGCAACTT_11_1_1	normal	NA
GATTCAGAGGCTCATT_11_1_1	normal	NA
GTCGTAACATCTCGCT_11_1_1	normal	NA
GTAGGCCGTCTAGCGC_11_1_1	normal	NA
TTCTACAAGTAGCGGT_11_1_1	normal	NA
TCCCGATCACGGTGTC_11_1_1	normal	NA
CGGGTCAAGTTATCGC_11_1_1	normal	NA
GGATTACTCAGGATCT_11_1_1	normal	NA
AGCCTAAGTTCGCGAC_11_1_1	normal	NA
AGGCCGTCAGATCTGT_11_1_1	normal	NA
CCACGGAGTTGTTTGG_11_1_1	normal	NA
TGAGGGACAAATCCGT_11_1_1	normal	NA
CTCATTAAGTGTTAGA_11_1_1	normal	NA
CATGACATCAGTTCGA_11_1_1	normal	NA
CCCTCCTAGCCAACAG_11_1_1	normal	yes
GACGGCTGTGTGGCTC_11_1_1	normal	NA
AGTTGGTCAGCCTATA_11_1_1	normal	NA
GCTGCGAAGCCCAATT_11_1_1	normal	NA
CGACCTTAGCTGCGAA_11_1_1	normal	NA
GTCACAAAGATCCCGC_11_1_1	normal	NA
ATTGGACCAGCTCCGA_11_1_1	normal	NA
GGGTCTGCAGATCGGA_11_1_1	normal	NA
GACGTGCTCGATCCCT_11_1_1	normal	NA
CGAATGTGTCCGTTAA_11_1_1	normal	NA
TCATTACGTTCCAACA_11_1_1	normal	NA
AGGGAGTCATGATCCA_11_1_1	normal	NA
CCCAATCAGGCGATAC_11_1_1	normal	NA
CTGCCTATCTAACGGT_11_1_1	normal	NA
GCGAGAATCCCGGATG_11_1_1	normal	NA
TCAACGACATGAGCGA_11_1_1	normal	NA
CAGCCGACAACGATCT_11_1_1	normal	NA
ACACCAATCCTTGGTC_11_1_1	normal	NA
AATCGGTAGCAGCCTC_11_1_1	normal	NA
CTCTACGTCAAGCCTA_11_1_1	normal	NA
AGTCTTTGTTCCCTTG_11_1_1	normal	NA
TGAGCCGTCTCACATT_11_1_1	normal	NA
CCTAGCTCATCCGCGA_11_1_1	normal	NA
GTCTCGTTCACAGGCC_11_1_1	normal	NA
TTCTCCTCAACTGGCC_11_1_1	normal	NA
TCACAAGAGTGGGATC_11_1_1	normal	NA
TCTCTAACAAGAGGCT_11_1_1	normal	NA
CGGACTGGTCTGCCAG_11_1_1	normal	yes
CTCACACAGGTCATCT_11_1_1	normal	NA
GCAATCATCCCTCTTT_11_1_1	normal	NA
CTACATTCACGGACAA_11_1_1	normal	NA
CTCATTAAGTCCAGGA_11_1_1	normal	NA
AACTGGTCAAGCGATG_11_1_1	normal	NA
GTATTCTAGAACTGTA_11_1_1	normal	NA
CTCATTAAGTCACGCC_11_1_1	normal	NA
GCTCTGTTCGGCTTGG_11_1_1	normal	NA
ACGGCCAAGGACACCA_11_1_1	normal	NA
CTCGGAGTCACATGCA_11_1_1	normal	NA
CACATTTTCAGCAACT_11_1_1	normal	NA
GTAGGCCTCGCGATCG_11_1_1	normal	NA
CATGACACACAACTGT_11_1_1	normal	NA
CACAAACGTAATTGGA_11_1_1	normal	NA
GGATTACCATACGCCG_11_1_1	normal	NA
TGAAAGATCCTAAGTG_11_1_1	normal	NA
TTTCCTCAGCGTTTAC_11_1_1	normal	NA
TGCTACCCAAGACACG_11_1_1	normal	NA
CTCTACGCACAGGCCT_11_1_1	normal	NA
CCAGCGAGTAACGACG_11_1_1	normal	NA
GAGGTGACAGGACCCT_11_1_1	normal	NA
GGGAGATTCCAGTATG_11_1_1	tumor	NA
CATGCCTTCAACCATG_11_1_1	normal	NA
CCCATACAGTGGGATC_11_1_1	normal	NA
TGTTCCGTCAATAAGG_11_1_1	normal	NA
CGATGTACAAGGTTTC_11_1_1	normal	NA
CAACTAGTCGAGGTAG_11_1_1	normal	NA
ATGGGAGCATTTGCTT_11_1_1	normal	NA
CAGCCGATCGCTTAGA_11_1_1	normal	NA
CACAGGCGTTGTTTGG_11_1_1	normal	NA
CTCACACTCACTTATC_11_1_1	normal	NA
TCGCGAGGTGGGTATG_11_1_1	normal	NA
GGCAATTAGTGGGTTG_11_1_1	normal	NA
TTGTAGGCAGGACCCT_11_1_1	normal	NA
CTTACCGAGTGTCCAT_11_1_1	normal	NA
CGGGTCACAGCCTATA_11_1_1	normal	NA
TCAGCAAGTGCAGACA_11_1_1	normal	NA
CACTCCAGTGTTGGGA_11_1_1	normal	NA
ATCTACTGTCTAGTCA_11_1_1	normal	NA
AACACGTAGTGTCCAT_11_1_1	normal	NA
TGCTGCTGTCGGCACT_11_1_1	normal	NA
CCCAGTTAGAGGACGG_11_1_1	normal	NA
TAAGCGTCACGGTAGA_11_1_1	normal	NA
CGTGTCTAGATGCGAC_11_1_1	normal	NA
ACTTGTTCAATGCCAT_11_1_1	normal	NA
ACATACGAGGTGGGTT_11_1_1	normal	NA
GGATGTTCACCGATAT_11_1_1	normal	NA
GCACTCTCAAGCCATT_11_1_1	normal	NA
AGCTCCTGTTCGGCAC_11_1_1	normal	NA
TGGGCGTCACCCAGTG_11_1_1	normal	NA
AACCGCGGTGGTTTCA_11_1_1	normal	NA
ATAAGAGAGGAACTGC_11_1_1	normal	NA
CGAGAAGAGGTGGGTT_11_1_1	normal	NA
ACTGTCCTCTCTAAGG_11_1_1	normal	NA
CTACACCTCACTATTC_11_1_1	normal	NA
GGGCACTCACCACCAG_11_1_1	normal	NA
CGGACGTCAAAGAATC_11_1_1	normal	NA
CTCGTCAGTACAGTGG_11_1_1	normal	NA
TTCGGTCTCCCAAGAT_11_1_1	normal	NA
GAACATCCACTCGACG_11_1_1	normal	NA
GTGAAGGCATCTATGG_11_1_1	normal	NA
TTGCGTCCAAGAGTCG_11_1_1	normal	NA
CGAGCACTCGCCTGAG_11_1_1	normal	NA
CAAGTTGAGTAAGTAC_11_1_1	normal	NA
TCACGAAGTCCGTGAC_11_1_1	normal	NA
GTTTCTATCTCTGTCG_11_1_1	normal	NA
GTATCTTCAGCTCGCA_11_1_1	normal	NA
TAGACCACACTTGGAT_11_1_1	normal	NA
CGACCTTAGATGTCGG_11_1_1	normal	NA
TGGTTCCTCGCCGTGA_11_1_1	normal	NA
GACGCGTCAGTTAACC_11_1_1	normal	NA
GCATACAAGCTGCCCA_11_1_1	normal	NA
TAGTGGTCAACTTGAC_11_1_1	normal	NA
AGGGAGTTCCACGAAT_11_1_1	normal	NA
TTAACTCCAATAGCGG_11_1_1	normal	NA
ACGGCCATCAACCAAC_11_1_1	normal	NA
GAGCAGATCCTAGGGC_11_1_1	normal	NA
GTCCTCACAATACGCT_11_1_1	normal	NA
ATAGACCTCAGTTTGG_11_1_1	normal	yes
CTCTAATTCGGCTACG_11_1_1	normal	NA
TCGCGTTTCTCCAACC_11_1_1	normal	NA
GCATGCGGTCAGTGGA_11_1_1	normal	NA
AACTGGTTCGCCAAAT_11_1_1	normal	NA
TCGAGGCAGCACAGGT_11_1_1	normal	NA
GAAATGACACACATGT_11_1_1	normal	NA
AATCCAGCAGCTTAAC_11_1_1	normal	NA
AATCGGTCAGTATCTG_11_1_1	normal	NA
TTGGAACTCTTACCGC_11_1_1	normal	NA
TAAGTGCAGCTCCTTC_11_1_1	normal	NA
TAGCCGGCAATCCAAC_11_1_1	normal	NA
CATTCGCTCAAACAAG_11_1_1	normal	NA
TCTGGAACATCCTTGC_11_1_1	normal	NA
GTACGTAAGTCTCCTC_11_1_1	normal	NA
CTCGGAGAGCCAACAG_11_1_1	normal	NA
TCAGCTCCATCGATGT_11_1_1	normal	NA
TCAACGAGTCGGCACT_11_1_1	normal	NA
AAGGAGCCAGCGTCCA_11_1_1	normal	NA
AAACGGGAGCTTCGCG_11_1_1	normal	NA
GGCCGATTCGTGACAT_11_1_1	normal	NA
GACCTGGGTGCAGACA_11_1_1	normal	NA
TCTGAGAAGGCTCTTA_11_1_1	normal	NA
CTCATTATCCTCATTA_11_1_1	normal	NA
GCAGCCAAGGTGCTTT_11_1_1	normal	NA
CCACTACTCGGTTAAC_11_1_1	normal	NA
ATCATGGGTTATGCGT_11_1_1	normal	NA
TCAACGACATTCTTAC_11_1_1	normal	NA
GTTCATTCAAAGAATC_11_1_1	normal	NA
TGCCCATAGCTAACTC_11_1_1	normal	NA
TGACTTTTCTCATTCA_11_1_1	normal	NA
AGCAGCCCATTACGAC_11_1_1	normal	NA
ACACCCTGTGTGAAAT_11_1_1	normal	NA
TACGGGCTCATAACCG_11_1_1	normal	NA
ATCATCTCATGAGCGA_11_1_1	normal	NA
TCTATTGGTGTGAAAT_11_1_1	normal	NA
CTCGAAACAAGCCGTC_11_1_1	normal	NA
GTCAAGTCACCAACCG_11_1_1	normal	NA
GTAACGTTCCCTAATT_11_1_1	normal	NA
GCTGCGATCAACGAAA_11_1_1	normal	NA
TGATTTCCAGTCTTCC_11_1_1	normal	NA
CAAGTTGCAGGTTTCA_11_1_1	normal	NA
ATGAGGGCAAGTTCTG_11_1_1	normal	NA
GTATCTTAGTGTCCCG_11_1_1	normal	NA
GACACGCAGCTGGAAC_11_1_1	normal	NA
GCATGATGTACGCTGC_11_1_1	normal	NA
GAAACTCAGAGCTGCA_11_1_1	normal	NA
AAGGAGCTCAAACCGT_11_1_1	normal	NA
GGTATTGAGGAGTACC_11_1_1	normal	NA
CTGAAGTGTATATGAG_11_1_1	normal	NA
GTTCTCGGTTCGTGAT_11_1_1	normal	NA
AGGGAGTGTTAGATGA_11_1_1	normal	NA
GCTTCCAAGTAGCCGA_11_1_1	normal	NA
ACTGCTCTCTAACTTC_11_1_1	normal	NA
CTGCTGTAGTGGACGT_11_1_1	normal	NA
CCAATCCAGCTCCTCT_11_1_1	normal	NA
CATATTCAGGAGTTTA_11_1_1	normal	NA
TTTATGCCATCCAACA_11_1_1	normal	NA
AACCGCGGTCCCTTGT_11_1_1	normal	NA
GCACATAAGGACACCA_11_1_1	normal	NA
ACTGAGTAGTATTGGA_11_1_1	normal	NA
TAGACCAAGACCTAGG_11_1_1	normal	NA
AGATCTGCATAGGATA_11_1_1	normal	NA
GCTGCAGCATGGAATA_11_1_1	normal	NA
CTCGAGGCATCCGCGA_11_1_1	normal	NA
CCTCAGTGTTACGGAG_11_1_1	tumor	NA
AATCGGTAGGGATGGG_11_1_1	normal	NA
AGTCTTTTCAGAAATG_11_1_1	normal	NA
GGGTCTGGTGGTAACG_11_1_1	normal	NA
CAACCAACATCCCATC_11_1_1	normal	NA
ACGGGTCTCATGTGGT_11_1_1	normal	NA
CTCGAGGTCTGGGCCA_11_1_1	normal	NA
GCTGCTTGTACTTCTT_11_1_1	normal	NA
AGTGGGAGTAATCACC_11_1_1	normal	NA
CCTACCATCCTCGCAT_11_1_1	normal	NA
ACGGGTCTCATATCGG_11_1_1	normal	NA
GCATGCGGTACGCACC_11_1_1	normal	NA
CTCTAATCAGCTGTTA_11_1_1	normal	NA
GCAATCAGTGACCAAG_11_1_1	normal	NA
TGGGAAGCATACTCTT_11_1_1	normal	NA
GCAGCCATCAATCACG_11_1_1	normal	NA
CTGCTGTGTGGACGAT_11_1_1	normal	NA
ACTGAGTTCACGACTA_11_1_1	normal	NA
ACACTGATCGCATGGC_11_1_1	normal	NA
GTTCGGGTCTGTTTGT_11_1_1	normal	NA
GACCTGGTCCTGCAGG_11_1_1	normal	NA
GCACATAGTACCGAGA_11_1_1	normal	NA
ACACCCTAGGCATTGG_11_1_1	normal	NA
GCGCCAACATGCTGGC_11_1_1	normal	NA
CTGGTCTCATCAGTCA_11_1_1	normal	NA
CGGAGTCCAGCCTTTC_11_1_1	normal	NA
GTAACTGCAGACGCCT_11_1_1	normal	NA
CTCAGAAGTCGGCACT_11_1_1	normal	NA
CTGATAGGTCTAGGTT_11_1_1	normal	NA
CCACCTATCGCGATCG_11_1_1	normal	NA
AGGCCACCACTGCCAG_11_1_1	normal	NA
TGGCGCAGTGCGCTTG_11_1_1	normal	NA
AGATTGCCACCTTGTC_11_1_1	normal	NA
GTCACGGAGCTCCCAG_11_1_1	normal	NA
TTTATGCGTCTGCGGT_11_1_1	normal	NA
GTCTTCGGTACAGCAG_11_1_1	normal	NA
CGAGCACGTGAAGGCT_11_1_1	normal	NA
CGAACATAGCACGCCT_11_1_1	normal	NA
TGGCCAGTCGGCATCG_11_1_1	normal	NA
AAACGGGGTCTAAAGA_11_1_1	normal	NA
ACATCAGGTAAGGGCT_11_1_1	normal	NA
ACAGCCGCAAGGTTCT_11_1_1	normal	NA
CGTCACTAGCAATCTC_11_1_1	normal	NA
GCTTGAAGTAAATACG_11_1_1	normal	NA
TGCCCATGTAAAGTCA_11_1_1	normal	NA
GCAGCCATCATGTCCC_11_1_1	normal	NA
CCCAATCCATACGCTA_11_1_1	normal	NA
ATTTCTGAGCGTGAAC_11_1_1	normal	NA
ACGCAGCAGTTGCAGG_11_1_1	normal	NA
GCTGCGAAGGCCGAAT_11_1_1	normal	NA
ATGAGGGGTCCTCCAT_11_1_1	normal	NA
CCTACCAAGGTGACCA_11_1_1	normal	NA
ACATCAGTCTGTCAAG_11_1_1	normal	NA
ACCAGTAAGCCCAGCT_11_1_1	normal	NA
GTAGTCATCGGCTTGG_11_1_1	normal	NA
CATGACAAGCTGTTCA_11_1_1	normal	NA
GTGTTAGCAAATTGCC_11_1_1	normal	NA
TGGCCAGAGAAACCTA_11_1_1	normal	NA
ACGAGGAGTTTGGGCC_11_1_1	normal	NA
AGATTGCCAGATCCAT_11_1_1	normal	NA
CTACGTCCAGTACACT_11_1_1	normal	NA
TGAGAGGGTTAAGACA_11_1_1	normal	NA
CGAGAAGGTTAAAGAC_11_1_1	normal	yes
TAGTGGTTCGGTGTCG_11_1_1	normal	NA
GAATAAGTCTGTGCAA_11_1_1	normal	NA
ACGTCAATCAGTCCCT_11_1_1	tumor	NA
CGCTATCTCGAACTGT_11_1_1	normal	NA
ACATCAGAGGTAGCTG_11_1_1	normal	NA
ATCTGCCCAACACCTA_11_1_1	normal	NA
TGAGCCGTCCAGAAGG_11_1_1	normal	NA
CAGTCCTAGATCTGAA_11_1_1	normal	NA
CGCTGGAAGTACGCCC_11_1_1	normal	NA
AGAGCGAGTAGCGATG_11_1_1	normal	NA
CCACCTATCATCACCC_11_1_1	normal	NA
AGGGAGTTCGACGGAA_11_1_1	normal	NA
TGACTTTCAATGGATA_11_1_1	normal	NA
CATCAAGGTCCAGTGC_11_1_1	normal	NA
CAACCAAAGACTACAA_11_1_1	normal	NA
CGTCCATGTTCTGAAC_11_1_1	normal	NA
CCGTGGACAAGGTTTC_11_1_1	normal	NA
CGTAGGCCAATAACGA_11_1_1	normal	NA
TCTTTCCAGGTAGCCA_11_1_1	normal	NA
CTGCCTACAAGCCGCT_11_1_1	normal	NA
CTCCTAGAGGCGCTCT_11_1_1	normal	NA
CTGAAGTAGAAAGTGG_11_1_1	normal	NA
ATCTACTAGTGGTAGC_11_1_1	normal	NA
GAGCAGACAATGAATG_11_1_1	normal	NA
TATTACCCAGACAAGC_11_1_1	normal	NA
AAACGGGGTTACAGAA_11_1_1	normal	NA
GTGGGTCCAGTATCTG_11_1_1	normal	NA
GCGCAACAGTAGTGCG_11_1_1	normal	NA
TACGGTATCGGAATCT_11_1_1	normal	NA
TTAACTCTCTGCGGCA_11_1_1	normal	NA
ACTTGTTCATGCCACG_11_1_1	normal	NA
GTCGGGTCATCTCGCT_11_1_1	normal	NA
CTCCTAGCAGCCTATA_11_1_1	normal	NA
CGACTTCTCCATTCTA_11_1_1	normal	NA
AGGTCATAGTGGCACA_11_1_1	normal	NA
TAAACCGGTATAATGG_11_1_1	normal	NA
TACTCATTCACATACG_11_1_1	normal	NA
ACCGTAACAAGAGTCG_11_1_1	normal	NA
AATCGGTAGAAAGTGG_11_1_1	normal	NA
CTGATAGCATATACCG_11_1_1	normal	NA
CCACCTACATGTCGAT_11_1_1	normal	yes
TTGAACGAGACAAAGG_11_1_1	normal	NA
GACTACACAAGGTTTC_11_1_1	normal	NA
GCATGTAGTGTTAAGA_11_1_1	normal	NA
AAACGGGTCTTGTCAT_11_1_1	normal	yes
TGCCCTACATAGAAAC_11_1_1	normal	NA
AAATGCCCACCAGGCT_11_1_1	normal	NA
CAGATCAAGTCGAGTG_11_1_1	normal	NA
CACACAAGTTCCGTCT_11_1_1	normal	NA
AGGGAGTTCTAACTGG_11_1_1	normal	NA
CATATTCGTTCCAACA_11_1_1	normal	NA
CCTAGCTTCAAACGGG_11_1_1	normal	NA
TGACGGCTCCTGCTTG_11_1_1	normal	NA
CGGTTAAGTATCGCAT_11_1_1	normal	NA
GGGTCTGGTACTCAAC_11_1_1	normal	NA
TCCACACAGAGTACCG_11_1_1	normal	NA
CTTAGGAAGCCAGAAC_11_1_1	normal	NA
GCAGCCACAGACGCCT_11_1_1	normal	NA
CGCTGGAAGGAGTAGA_11_1_1	normal	NA
CGGGTCACACGCATCG_11_1_1	normal	NA
AGTGAGGTCTAACCGA_11_1_1	normal	NA
ATCTACTGTCTAGCGC_11_1_1	normal	NA
TGACTAGTCCATGCTC_11_1_1	normal	NA
AGGCCACAGCGTTCCG_11_1_1	normal	NA
ACTGAACAGATTACCC_11_1_1	normal	NA
GTCCTCACATAGAAAC_11_1_1	normal	NA
CACCACTGTCCTCTTG_11_1_1	normal	NA
ATAACGCAGAAACGAG_11_1_1	normal	NA
TACTTACCACAGACTT_11_1_1	normal	NA
AGCTCCTGTAGTGAAT_11_1_1	normal	NA
ATCCGAAAGCGACGTA_11_1_1	tumor	NA
GAACATCAGTTCCACA_11_1_1	normal	NA
GAAATGAAGTTTCCTT_11_1_1	normal	NA
TTCTCCTGTTTGTGTG_11_1_1	normal	NA
CAACCTCAGCCATCGC_11_1_1	normal	NA
GTGGGTCCATTCTCAT_11_1_1	normal	NA
GCTTGAAGTTCATGGT_11_1_1	normal	NA
TTGGCAATCGAGGTAG_11_1_1	normal	NA
ACAGCCGGTGCTGTAT_11_1_1	normal	yes
CAGCATACATTTGCTT_11_1_1	normal	NA
TGGCGCAAGATGCGAC_11_1_1	normal	NA
CCCATACTCGTCTGCT_11_1_1	normal	NA
CGTCACTCAGGTTTCA_11_1_1	normal	NA
GTTTCTAGTATGAAAC_11_1_1	normal	NA
TGCGTGGCATATGAGA_11_1_1	normal	NA
GCGAGAATCCTAGGGC_11_1_1	normal	NA
TCGAGGCCATATGCTG_11_1_1	normal	NA
CGAGAAGAGATAGTCA_11_1_1	normal	NA
GGCGACTGTTAGAACA_11_1_1	normal	NA
GGGTCTGGTGCTGTAT_11_1_1	normal	NA
ACGATGTTCGGAAACG_11_1_1	normal	NA
TTCTCAAGTAGGGTAC_11_1_1	normal	NA
TGCCAAACACGTAAGG_11_1_1	normal	NA
GGTGCGTAGAACAACT_11_1_1	normal	NA
TCACAAGAGTACGTTC_11_1_1	normal	NA
ACAGCCGTCGCAAGCC_11_1_1	normal	NA
ACTGTCCGTTGCTCCT_11_1_1	normal	NA
ATGTGTGGTGTGTGCC_11_1_1	normal	NA
ACAGCTACAGACACTT_11_1_1	normal	NA
GTGAAGGGTCTGCGGT_11_1_1	normal	NA
CGCGGTAAGAAACGCC_11_1_1	normal	NA
TCAATCTCATGTCGAT_11_1_1	normal	NA
TCATTTGAGTACTTGC_11_1_1	normal	NA
GCGCCAATCAACACTG_11_1_1	normal	NA
TGCCAAAAGCAGGCTA_11_1_1	normal	NA
TGTATTCAGACTAAGT_11_1_1	normal	NA
AGAGCGAAGAGCCCAA_11_1_1	normal	NA
CATTATCGTTGCTCCT_11_1_1	normal	NA
TAGTGGTGTACGACCC_11_1_1	normal	NA
CTCGTCACAGCTGCAC_11_1_1	normal	NA
AATCCAGAGGGCTCTC_11_1_1	normal	NA
CATGGCGCAGGTCGTC_11_1_1	normal	NA
CAGAGAGTCACCACCT_11_1_1	normal	NA
CCGTTCAAGTGTGGCA_11_1_1	normal	NA
CTAGCCTTCAGTTGAC_11_1_1	normal	NA
GACCAATTCTAACTGG_11_1_1	normal	NA
CATCGAAGTAGATTAG_11_1_1	normal	NA
GGACAAGGTAAATACG_11_1_1	normal	NA
CTGTTTACAAAGGAAG_11_1_1	normal	NA
TCGGGACTCAGCGACC_11_1_1	normal	NA
CGGAGTCTCATGTAGC_11_1_1	normal	NA
AGGGATGAGAGGTTGC_11_1_1	normal	NA
CCGTTCATCTACTTAC_11_1_1	normal	NA
CTCCTAGCACGGTAAG_11_1_1	normal	NA
TCGGGACCAGATAATG_11_1_1	normal	NA
AAACCTGTCTTGTCAT_11_1_1	normal	NA
CAGAGAGTCGCAAACT_11_1_1	normal	NA
CTAAGACTCCGCGGTA_11_1_1	normal	NA
CGGACACTCGGCGGTT_11_1_1	normal	NA
TCTCATACAGACAGGT_11_1_1	normal	NA
CGTCAGGAGGAATGGA_11_1_1	normal	NA
TTCTACACACGGTTTA_11_1_1	normal	NA
TCGGGACAGCCAACAG_11_1_1	normal	NA
GGATTACTCTTTAGGG_11_1_1	normal	NA
GGAACTTTCGGCTACG_11_1_1	normal	NA
CACCAGGGTAGCGCAA_11_1_1	normal	NA
CAGAGAGCATGTCGAT_11_1_1	normal	NA
ATCATCTCATAAGACA_11_1_1	normal	NA
ATTACTCCACCATGTA_11_1_1	normal	NA
GTAGGCCAGTCATGCT_11_1_1	normal	NA
CTAGAGTTCTGGTGTA_11_1_1	normal	NA
TGTGTTTGTTACCAGT_11_1_1	normal	NA
TTTACTGTCGCCAGCA_11_1_1	tumor	NA
AAATGCCTCATATCGG_11_1_1	normal	NA
CGCTGGATCAAGATCC_11_1_1	normal	NA
TGAGCATAGGTGCTAG_11_1_1	normal	NA
TGAGCATCAGGTGGAT_11_1_1	normal	NA
CAACTAGAGTACGCCC_11_1_1	normal	NA
GCCAAATAGCTAGTCT_11_1_1	normal	NA
AAATGCCTCATGCATG_11_1_1	normal	NA
CGCTATCAGATAGGAG_11_1_1	normal	NA
GCGCAGTTCGAGAGCA_11_1_1	normal	NA
AATCCAGCATGGTAGG_11_1_1	normal	NA
CACCACTGTGCAGGTA_11_1_1	normal	NA
TCTGGAACAGGAATGC_11_1_1	normal	NA
CACCTTGAGTTACGGG_11_1_1	normal	NA
CGCTATCCAAAGAATC_11_1_1	normal	NA
ACATGGTCAGTCCTTC_11_1_1	normal	NA
AACGTTGCAATAACGA_11_1_1	normal	NA
AGGGATGAGCAGACTG_11_1_1	normal	NA
CTTGGCTAGTGTACCT_11_1_1	normal	NA
GATCGATGTAGTGAAT_11_1_1	normal	NA
TATCTCAGTTCCCTTG_11_1_1	normal	NA
CAGCAGCTCATTATCC_11_1_1	normal	NA
TCAGATGAGCTAGTGG_11_1_1	normal	NA
GTAGTCACACAGATTC_11_1_1	normal	NA
ATTGGTGCATATGAGA_11_1_1	normal	NA
CGCTTCAAGTGTACCT_11_1_1	normal	NA
TCAGGTAGTCCAGTTA_11_1_1	normal	NA
TCGTAGATCTCGATGA_11_1_1	normal	NA
GCGCAGTTCATCTGCC_11_1_1	normal	NA
AAAGATGAGCCAGAAC_11_1_1	normal	NA
ACCTTTATCTATCGCC_11_1_1	normal	NA
AGCCTAACAAGTAGTA_11_1_1	normal	NA
CGGACACTCGGATGTT_11_1_1	normal	NA
GGCAATTCATGTAGTC_11_1_1	normal	NA
AGCGTCGGTCATTAGC_11_1_1	normal	NA
TTTGCGCCACAGCCCA_11_1_1	normal	NA
GATGCTAAGTCAAGGC_11_1_1	normal	NA
GAAACTCGTTTAAGCC_11_1_1	normal	yes
CTGATAGTCGAGAGCA_11_1_1	normal	NA
GTTCTCGCAATGAAAC_11_1_1	normal	NA
TTTGGTTTCCTGTACC_11_1_1	normal	NA
AGTGGGAAGCAATCTC_11_1_1	normal	NA
GGGACCTGTTTAGCTG_11_1_1	normal	NA
CACACAAGTGTTAAGA_11_1_1	tumor	NA
CATCGGGTCATCTGCC_11_1_1	normal	NA
AGAATAGGTCCAACTA_11_1_1	normal	NA
GCTCCTAGTGCAGGTA_11_1_1	normal	NA
TATCAGGCATAACCTG_11_1_1	normal	NA
GACGGCTCATGCAACT_11_1_1	normal	NA
CTTTGCGCAGACAGGT_11_1_1	normal	NA
TACTTGTTCAAGCCTA_11_1_1	normal	NA
TTTGGTTCAGGTCCAC_11_1_1	normal	NA
GCGCAGTGTCTAACGT_11_1_1	normal	NA
GTGGGTCCAATCAGAA_11_1_1	normal	NA
ACGTCAAGTAAACCTC_11_1_1	tumor	NA
TGAGCATCACCCATTC_11_1_1	normal	NA
GTACGTAAGCTTATCG_11_1_1	normal	NA
AAATGCCTCAACCAAC_11_1_1	normal	NA
ACACCCTTCCGCAAGC_11_1_1	normal	NA
CAAGAAATCAAACGGG_11_1_1	normal	NA
TTCTACAGTCAACATC_11_1_1	normal	NA
GTTCTCGGTTGAGGTG_11_1_1	normal	NA
TCACGAAGTAGAGGAA_11_1_1	normal	NA
GTTCTCGAGGAACTGC_11_1_1	normal	NA
CATCAAGAGCTTTGGT_11_1_1	normal	NA
GGACAAGTCGAATGGG_11_1_1	normal	NA
TCGGGACCACAGATTC_11_1_1	normal	NA
CGTCCATTCTGCTGTC_11_1_1	normal	NA
TGGGCGTAGGACATTA_11_1_1	normal	NA
GCATGATGTACACCGC_11_1_1	normal	NA
CTCAGAAAGCCATCGC_11_1_1	normal	NA
TGTTCCGCACGAGGTA_11_1_1	normal	NA
TCTGGAACATCGGACC_11_1_1	normal	NA
TACTTACCAAGGTTCT_11_1_1	normal	NA
GTTCATTGTAGCACGA_11_1_1	normal	NA
ACATACGGTTTGTTTC_11_1_1	normal	NA
GGCGACTTCGTTGACA_11_1_1	normal	NA
ATTCTACGTTCCGGCA_11_1_1	normal	NA
AAGTCTGTCGCCAAAT_11_1_1	normal	NA
CGGACACAGACCGGAT_11_1_1	normal	NA
CATCCACGTGAGTGAC_11_1_1	normal	NA
GTTCTCGAGCTTTGGT_11_1_1	normal	NA
ACGGAGAGTTGGTAAA_11_1_1	normal	NA
CACAAACCACACATGT_11_1_1	normal	NA
CTGCGGATCGCCAGCA_11_1_1	normal	NA
TGACTAGCATATGCTG_11_1_1	normal	NA
ATCACGAAGCTACCGC_11_1_1	normal	NA
CCGTTCACATGACGGA_11_1_1	normal	NA
TCGTAGATCCTATGTT_11_1_1	normal	NA
CAGCTGGCAATGCCAT_11_1_1	normal	NA
AGAGCTTGTTATGTGC_11_1_1	normal	NA
TCCACACTCAACGGCC_11_1_1	normal	NA
AACTTTCAGAGTAATC_11_1_1	normal	NA
CACTCCAAGGTTACCT_11_1_1	normal	NA
AGAGCGACAGCTGTAT_11_1_1	normal	NA
TTCTACATCGTAGATC_11_1_1	normal	NA
TTGCCGTGTTAAGACA_11_1_1	normal	NA
ACCAGTATCTGAGGGA_11_1_1	normal	NA
TTCTTAGAGAATAGGG_11_1_1	normal	NA
GGATGTTCACCGCTAG_11_1_1	normal	NA
CATCAGATCCGTAGTA_11_1_1	normal	NA
ACATCAGTCTTGGGTA_11_1_1	normal	NA
AACCGCGCAGGAATCG_11_1_1	normal	NA
CGAACATTCGCAAGCC_11_1_1	normal	NA
GGTATTGGTCACAAGG_11_1_1	normal	NA
TTTATGCAGTCCGTAT_11_1_1	normal	NA
TTGGAACAGGAGTCTG_11_1_1	normal	NA
ACTTACTCACCAACCG_11_1_1	normal	NA
GGAGCAATCTTGAGGT_11_1_1	normal	NA
CGACCTTAGACACGAC_11_1_1	normal	NA
CGAGCCAAGATGTCGG_11_1_1	normal	NA
CTCTAATCAAACTGCT_11_1_1	normal	NA
CGTTCTGTCGACGGAA_11_1_1	normal	NA
CCAATCCCACAGAGGT_11_1_1	normal	NA
CCGTTCATCGCGTTTC_11_1_1	normal	NA
ATTGGTGGTCTAGCCG_11_1_1	normal	NA
GCTGGGTGTACGACCC_11_1_1	normal	NA
AGCCTAAGTGTGCCTG_11_1_1	normal	NA
GGGCACTCACAGTCGC_11_1_1	normal	NA
CAGGTGCGTTAGTGGG_11_1_1	normal	NA
CTCAGAATCTCAAACG_11_1_1	normal	NA
CCACTACAGAGTTGGC_11_1_1	normal	NA
TTCGGTCCAATGGTCT_11_1_1	normal	NA
GCGCAACCAGTGAGTG_11_1_1	normal	NA
CGTCCATTCGTGACAT_11_1_1	normal	NA
TTATGCTTCTGCCAGG_11_1_1	normal	yes
ACTTGTTAGAGTCTGG_11_1_1	normal	NA
GTCGGGTTCCTTTACA_11_1_1	normal	NA
GTGCTTCGTGGAAAGA_11_1_1	normal	NA
CTGTGCTGTGTGAAAT_11_1_1	normal	NA
GTTCATTCAGTAACGG_11_1_1	normal	NA
AAGCCGCCAGCTTAAC_11_1_1	normal	NA
TTTCCTCGTCTAGTCA_11_1_1	normal	NA
CACATAGGTCTTCAAG_11_1_1	normal	NA
TGCGGGTCAAATACAG_11_1_1	tumor	NA
CCCATACCAGTATCTG_11_1_1	normal	NA
CATCCACTCTTTCCTC_11_1_1	normal	NA
CATTCGCGTTAGATGA_11_1_1	normal	NA
TAGCCGGCACCGCTAG_11_1_1	normal	NA
GTTAAGCTCTGGAGCC_11_1_1	normal	NA
AAGCCGCCACACCGAC_11_1_1	normal	NA
CCCTCCTTCTGGTTCC_11_1_1	normal	NA
TGGTTAGGTCGATTGT_11_1_1	normal	NA
GCTTCCAGTAGCTTGT_11_1_1	normal	NA
AAACCTGCAAGGACAC_11_1_1	normal	NA
GTCCTCAGTGGTCCGT_11_1_1	normal	NA
ACTGATGGTGGCTCCA_11_1_1	normal	NA
CTACGTCGTATCTGCA_11_1_1	normal	NA
CACACAACAATACGCT_11_1_1	normal	NA
AAATGCCCAGCCAATT_11_1_1	normal	NA
CTCCTAGTCTCACATT_11_1_1	normal	NA
TGACGGCCATGTCCTC_11_1_1	normal	NA
CACTCCAGTCACTTCC_11_1_1	normal	NA
CTACATTCAAGGTGTG_11_1_1	normal	NA
AAACGGGAGAAACCAT_11_1_1	normal	NA
GATCTAGCAGGTGCCT_11_1_1	normal	NA
ACGAGCCGTTATCACG_11_1_1	normal	NA
TGAGCATCAGCGTCCA_11_1_1	normal	NA
TCGCGTTGTTTGGCGC_11_1_1	normal	NA
TGTGTTTGTACATCCA_11_1_1	normal	NA
CAACCAACAACTTGAC_11_1_1	normal	NA
TAGTGGTTCGTAGATC_11_1_1	normal	NA
CTCTAATGTGTGAATA_11_1_1	normal	NA
CGATGGCTCCTTTCGG_11_1_1	normal	NA
TCAGGATAGCCTATGT_11_1_1	normal	NA
AGAATAGAGTTCGCGC_11_1_1	tumor	NA
ATCCACCTCAGCTCTC_11_1_1	normal	NA
ACCAGTAAGATTACCC_11_1_1	tumor	NA
TCCACACCAAATCCGT_11_1_1	normal	NA
TTGGCAACACCGCTAG_11_1_1	normal	NA
CTAGAGTGTCTAGCGC_11_1_1	normal	NA
GCGCAGTCAGGTTTCA_11_1_1	normal	NA
CATCAGAAGGAGTAGA_11_1_1	normal	NA
GCTTCCAGTACAGTTC_11_1_1	normal	NA
TCTTTCCAGCCCAATT_11_1_1	normal	NA
CTCGTCATCCACGTTC_11_1_1	normal	NA
TCTTCGGTCCTAGAAC_11_1_1	normal	NA
ACCGTAAGTACAGTTC_11_1_1	normal	NA
CCTCTGATCAATACCG_11_1_1	normal	NA
ATTACTCGTGACAAAT_11_1_1	normal	NA
AACTCTTGTGCCTGTG_11_1_1	normal	NA
GTGTGCGAGCTGAAAT_11_1_1	normal	NA
GTACTCCAGTGGTAGC_11_1_1	normal	NA
TTCTACAGTGTTTGGT_11_1_1	normal	NA
CCATGTCGTCATACTG_11_1_1	tumor	NA
CTAATGGAGATGCCAG_11_1_1	normal	NA
GACGGCTCAGGAATCG_11_1_1	normal	NA
ACATCAGGTTAAAGAC_11_1_1	normal	NA
CAGCGACTCAACACGT_11_1_1	normal	NA
GTACTCCCACCCTATC_11_1_1	normal	NA
CACTCCAAGCTAACAA_11_1_1	normal	NA
TACCTATCAGCTGTGC_11_1_1	normal	NA
AGTTGGTAGCGGCTTC_11_1_1	normal	NA
CAACCTCGTGCATCTA_11_1_1	normal	NA
CACAGGCAGGCAATTA_11_1_1	normal	NA
CACTCCAAGGAATCGC_11_1_1	normal	NA
AAAGCAAAGGTGATTA_11_1_1	normal	NA
CACCACTTCGAATGCT_11_1_1	normal	NA
ACGGCCAGTGCTCTTC_11_1_1	normal	NA
TTGACTTAGGCTAGCA_11_1_1	normal	NA
CCCAGTTGTACCGAGA_11_1_1	normal	NA
ACATACGGTCCAAGTT_11_1_1	normal	NA
GACTAACCATCTCCCA_11_1_1	normal	NA
CACAGGCAGGGATGGG_11_1_1	normal	NA
TGAAAGATCAACGCTA_11_1_1	normal	NA
TACAGTGTCTTCCTTC_11_1_1	normal	NA
AACTCAGTCCTCGCAT_11_1_1	normal	NA
GTCCTCACAAGCCATT_11_1_1	normal	NA
CTCACACAGCTGCCCA_11_1_1	normal	NA
CATATTCGTCTAAACC_11_1_1	normal	NA
AACGTTGAGGGCACTA_11_1_1	normal	NA
CCTATTAGTCATATGC_11_1_1	normal	NA
CTTACCGTCGCCGTGA_11_1_1	normal	NA
ACGGGCTCATTCGACA_11_1_1	normal	NA
ATAAGAGCACTGTGTA_11_1_1	normal	NA
GACTGCGGTACTCTCC_11_1_1	normal	NA
GTCACAAAGAGAGCTC_11_1_1	normal	NA
CGTCAGGTCAGTTAGC_11_1_1	normal	NA
TCAGCTCTCGTCTGAA_11_1_1	normal	NA
GGCTGGTGTAGCTTGT_11_1_1	normal	NA
GATGCTAAGTCTCAAC_11_1_1	normal	NA
TCGCGTTTCAAGGTAA_11_1_1	normal	NA
ACGGCCAAGAGTCGGT_11_1_1	normal	NA
ACACCAATCCAACCAA_11_1_1	normal	NA
AGCATACGTGCATCTA_11_1_1	normal	NA
CGTGTCTGTAAACGCG_11_1_1	normal	NA
GGTGAAGTCCCACTTG_11_1_1	normal	NA
GGCAATTCACGTCAGC_11_1_1	normal	NA
CCACTACAGCCACGCT_11_1_1	normal	NA
GACGGCTCAGACACTT_11_1_1	normal	NA
GACTACAGTGAACCTT_11_1_1	normal	NA
ACGGGTCTCGTACGGC_11_1_1	normal	NA
AACACGTAGCGTTGCC_11_1_1	normal	NA
CTCATTAGTAGTAGTA_11_1_1	normal	NA
GTGCGGTTCCTAGTGA_11_1_1	normal	NA
TCAGCTCTCAGCTTAG_11_1_1	normal	NA
CGGCTAGGTAGAGTGC_11_1_1	normal	NA
TCGAGGCTCCTCAATT_11_1_1	normal	NA
TGCCAAACACATGGGA_11_1_1	normal	NA
CTACGTCTCCGATATG_11_1_1	normal	NA
CTTTGCGAGATGAGAG_11_1_1	normal	NA
ACTTGTTGTTCAGACT_11_1_1	normal	NA
TTTGCGCCAGATCGGA_11_1_1	normal	NA
AAGTCTGAGTACGTAA_11_1_1	normal	NA
GGGAATGGTGGTAACG_11_1_1	normal	NA
CTGCTGTAGTCCGGTC_11_1_1	normal	NA
CTGCCTATCGGCCGAT_11_1_1	normal	NA
CTAGCCTTCTCAAGTG_11_1_1	tumor	NA
CACACAATCACTATTC_11_1_1	normal	NA
GACTGCGGTACCGAGA_11_1_1	normal	NA
CGTTAGAGTACATCCA_11_1_1	normal	NA
TGGCCAGGTTGGTGGA_11_1_1	normal	NA
CTGCGGACATTGAGCT_11_1_1	normal	NA
GCTGCGAAGAGGGATA_11_1_1	normal	NA
ACGGCCAAGGGAAACA_11_1_1	normal	NA
ATAGACCAGTGATCGG_11_1_1	normal	NA
CTACGTCTCCTTTACA_11_1_1	normal	yes
GAATAAGAGTTCGCGC_11_1_1	normal	NA
CAGCAGCAGAATCTCC_11_1_1	normal	NA
GGTGCGTAGTCTCCTC_11_1_1	normal	NA
ACGGGTCGTATTACCG_11_1_1	normal	NA
AAGGTTCGTTGGACCC_11_1_1	normal	NA
GGCGACTTCAAGAAGT_11_1_1	normal	NA
ATCCGAACATCGGACC_11_1_1	normal	NA
CCAATCCTCTCGTATT_11_1_1	normal	NA
GAAGCAGGTCTTCTCG_11_1_1	normal	NA
GTTAAGCAGACATAAC_11_1_1	normal	NA
CTTCTCTGTACATCCA_11_1_1	normal	NA
CTAAGACCATTGAGCT_11_1_1	normal	NA
CCTTCCCCAGCTGCTG_11_1_1	normal	NA
GCGCAACGTAATCGTC_11_1_1	normal	NA
CGGACACCATTTGCCC_11_1_1	normal	NA
GCTCCTACACTCAGGC_11_1_1	normal	NA
CAGGTGCCAAAGCAAT_11_1_1	normal	NA
TTTGCGCCATCTACGA_11_1_1	normal	NA
CCAATCCTCGCCTGAG_11_1_1	normal	NA
GCATACATCAGTCCCT_11_1_1	normal	NA
TCAGCTCAGATCGGGT_11_1_1	normal	NA
CACATAGCACAGGAGT_11_1_1	normal	NA
TACTCATTCTGTTTGT_11_1_1	normal	NA
CTCTGGTTCCTAAGTG_11_1_1	normal	NA
CGCTTCACATAAAGGT_11_1_1	normal	NA
CCCTCCTCACCCAGTG_11_1_1	normal	NA
TAGAGCTAGCTTATCG_11_1_1	normal	NA
AAAGATGGTTTAGGAA_11_1_1	normal	NA
AGTTGGTCAGTAAGCG_11_1_1	normal	NA
CGATGTACAGGTCCAC_11_1_1	normal	NA
CGGACGTTCTAACTGG_11_1_1	normal	NA
TTTCCTCTCTTCTGGC_11_1_1	normal	NA
GACACGCGTAACGTTC_11_1_1	normal	NA
CTCACACTCCAAATGC_11_1_1	normal	NA
TCAGGTACACAGGTTT_11_1_1	normal	NA
TGGGAAGAGACTCGGA_11_1_1	normal	NA
GAAGCAGGTTCCCTTG_11_1_1	normal	NA
TCGTAGAAGTTATCGC_11_1_1	normal	NA
AGCTCCTGTTCCTCCA_11_1_1	normal	NA
CAAGATCTCTGTTTGT_11_1_1	normal	NA
TCTATTGAGGACAGCT_11_1_1	normal	NA
GTATCTTTCCTTGGTC_11_1_1	normal	NA
GCTGCGACAATCGGTT_11_1_1	normal	NA
TGGGAAGGTAGGCATG_11_1_1	normal	NA
GGGTCTGCACAGCGTC_11_1_1	normal	NA
GAACGGACAGTGGGAT_11_1_1	normal	NA
GTCGTAAGTGCCTTGG_11_1_1	normal	NA
TACACGATCTAACTTC_11_1_1	normal	NA
GTCACAAAGTGACATA_11_1_1	normal	yes
TCAGCTCTCCTTGACC_11_1_1	normal	NA
CTGAAGTCAGATGGCA_11_1_1	normal	NA
TGCCCATTCGTCGTTC_11_1_1	normal	NA
GCACATAAGGATTCGG_11_1_1	normal	NA
CTCGGAGGTGTCGCTG_11_1_1	normal	NA
CGTTAGATCTTCTGGC_11_1_1	normal	NA
CAGCAGCAGTGCTGCC_11_1_1	normal	NA
TCTATTGGTCTACCTC_11_1_1	normal	NA
GCGGGTTAGGTGCTAG_11_1_1	normal	NA
AACGTTGCAGCTGTTA_11_1_1	normal	NA
CTGATCCTCAGAAATG_11_1_1	normal	NA
TTGAACGCAGGGATTG_11_1_1	normal	NA
TGGGCGTAGGCTAGAC_11_1_1	normal	NA
GTTAAGCTCGACAGCC_11_1_1	normal	NA
AGCAGCCTCTATCCCG_11_1_1	normal	NA
GGGAATGTCATCGGAT_11_1_1	normal	NA
GGATTACGTTCCTCCA_11_1_1	normal	NA
CTCGGAGTCAGAGGTG_11_1_1	normal	NA
ACTGAACTCGAATCCA_11_1_1	normal	NA
TAGGCATAGGCGTACA_11_1_1	normal	NA
GGCGTGTTCACTTACT_11_1_1	normal	NA
CGTTGGGCACATTAGC_11_1_1	normal	NA
AACACGTCATGGTAGG_11_1_1	normal	NA
GACGGCTCAAACAACA_11_1_1	normal	NA
AACTTTCCAATGAAAC_11_1_1	normal	NA
GGTGCGTGTCACAAGG_11_1_1	normal	NA
CAGTCCTCAATCGAAA_11_1_1	normal	NA
CCTACACAGTGTACCT_11_1_1	normal	NA
CACACAAAGCCAGGAT_11_1_1	normal	NA
TCGGGACGTTCCAACA_11_1_1	normal	NA
TGCTGCTCATATGGTC_11_1_1	normal	NA
CAGCCGAAGCGGCTTC_11_1_1	normal	NA
CGAACATAGGTGCTAG_11_1_1	normal	NA
GTGCAGCCAATAGAGT_11_1_1	normal	NA
CCTCTGAAGACTGTAA_11_1_1	normal	NA
TGACTTTGTGCACGAA_11_1_1	normal	NA
CGCTTCATCTGGGCCA_11_1_1	normal	NA
TAGACCAAGGTGCACA_11_1_1	normal	NA
AACCATGGTGCAGTAG_11_1_1	normal	NA
CAACCTCCAAGAGGCT_11_1_1	normal	NA
AGCGTCGGTGTGAATA_11_1_1	normal	NA
TATCAGGAGTACGTAA_11_1_1	normal	NA
ACGGGTCGTAGCGCTC_11_1_1	normal	NA
GCGCAACTCCAAGCCG_11_1_1	normal	NA
GACCTGGGTATATCCG_11_1_1	normal	NA
CGCTATCAGGCAATTA_11_1_1	normal	NA
ACGGCCAGTCCGAGTC_11_1_1	normal	NA
CTACATTTCCGTAGGC_11_1_1	normal	NA
CTGAAACTCTTCGGTC_11_1_1	normal	NA
GCAATCAAGGACAGCT_11_1_1	normal	NA
AGCTTGACATCCTTGC_11_1_1	normal	NA
GTGTTAGCACTGTGTA_11_1_1	normal	NA
TACTTGTTCCAACCAA_11_1_1	normal	NA
ATCTACTAGCCACGTC_11_1_1	normal	NA
CTACATTAGACAAGCC_11_1_1	normal	NA
TACTTGTTCTGTCCGT_11_1_1	normal	NA
TGACTTTGTCGGCATC_11_1_1	normal	NA
CCTAGCTTCCAAGTAC_11_1_1	normal	NA
TGCTACCTCGGCTTGG_11_1_1	normal	NA
CCGTGGAAGTGAAGAG_11_1_1	normal	NA
GCGCGATCATCGTCGG_11_1_1	normal	yes
CGTAGCGAGTAATCCC_11_1_1	normal	NA
CGGCTAGTCCAAGCCG_11_1_1	normal	NA
GGGACCTCACTTAACG_11_1_1	normal	NA
CCATTCGGTCTGGTCG_11_1_1	normal	NA
CTCATTAAGTGTCCAT_11_1_1	normal	NA
CGTAGCGTCTGTCCGT_11_1_1	normal	yes
CATTCGCTCTCAACTT_11_1_1	normal	NA
ACGTCAAGTACAAGTA_11_1_1	normal	NA
GATGAGGAGCGTGTCC_11_1_1	normal	NA
CAACCAAGTCAAACTC_11_1_1	normal	NA
CACACCTAGTTAAGTG_11_1_1	normal	NA
ATAGACCGTGCGGTAA_11_1_1	tumor	NA
CACCACTAGCTAACTC_11_1_1	normal	NA
TAAGTGCCAGTCAGAG_11_1_1	normal	NA
GTTTCTAGTCGGATCC_11_1_1	normal	NA
AACTCCCTCGGCTTGG_11_1_1	normal	NA
GGAGCAAGTAGGAGTC_11_1_1	normal	NA
ACATACGTCCACGAAT_11_1_1	normal	NA
GTCCTCAAGTGTACTC_11_1_1	normal	NA
TCTTTCCGTTCGGGCT_11_1_1	normal	NA
TAAACCGAGTGTACTC_11_1_1	normal	NA
TACCTATGTAAGTAGT_11_1_1	normal	NA
AAAGCAATCATGTCCC_11_1_1	normal	NA
AAGTCTGTCGTCTGCT_11_1_1	normal	NA
GGGATGACAAGGTTCT_11_1_1	normal	NA
GCAAACTCACTCAGGC_11_1_1	normal	NA
GCATGTATCTCCAACC_11_1_1	normal	NA
GACTAACGTGTAACGG_11_1_1	normal	NA
CTACCCAAGTAGATGT_11_1_1	normal	NA
AACTCAGGTCCTGCTT_11_1_1	normal	NA
AGCATACGTCCTCCAT_11_1_1	normal	NA
AAGACCTGTCAGATAA_11_1_1	normal	NA
TGGCCAGAGCCAGTAG_11_1_1	normal	NA
GCAGTTAGTCGGCATC_11_1_1	normal	NA
GTTTCTACAGTTCCCT_11_1_1	normal	NA
CTGCCTAAGACATAAC_11_1_1	normal	NA
TAAGAGATCTGGTTCC_11_1_1	normal	NA
GTCTCGTCAAGCCTAT_11_1_1	normal	NA
GGGCACTCAGGATCGA_11_1_1	normal	NA
CGATCGGGTAATCGTC_11_1_1	normal	NA
TAGTGGTTCAACGCTA_11_1_1	normal	NA
GTAACTGCAACGCACC_11_1_1	normal	NA
ACTATCTTCCGGGTGT_11_1_1	normal	NA
CACCACTCATAGAAAC_11_1_1	normal	NA
CAAGAAAGTGGACGAT_11_1_1	normal	NA
AACTCAGTCACGACTA_11_1_1	normal	NA
GGAACTTGTCCATCCT_11_1_1	normal	NA
GTCACAAAGTGCGATG_11_1_1	normal	NA
CTCGTCAAGGACAGAA_11_1_1	normal	NA
CTCAGAACAGTGAGTG_11_1_1	normal	NA
CAGTCCTGTCTTCTCG_11_1_1	normal	NA
GTGCATAAGACGCTTT_11_1_1	normal	NA
TGCTGCTGTTGTTTGG_11_1_1	normal	NA
TACCTATCATAGAAAC_11_1_1	normal	NA
TACCTTATCCGTCATC_11_1_1	normal	NA
GACTAACCATTGGGCC_11_1_1	normal	NA
CCTTCGATCCGAAGAG_11_1_1	normal	NA
TACCTATTCAGAGGTG_11_1_1	normal	NA
TTCGAAGCAAAGTGCG_11_1_1	normal	NA
GGGATGACATGCAACT_11_1_1	normal	NA
GATCGCGGTTACCAGT_11_1_1	normal	NA
TGGCTGGCATTAGGCT_11_1_1	normal	NA
GATTCAGAGACCTTTG_11_1_1	normal	NA
ATCACGAAGCTAAGAT_11_1_1	normal	NA
ATCCGAAGTGCAACGA_11_1_1	normal	NA
GGCTGGTCACTTAAGC_11_1_1	normal	NA
CGGCTAGTCCGTCATC_11_1_1	normal	NA
AAGCCGCAGTCATGCT_11_1_1	normal	NA
TGGCTGGGTTGAGTTC_11_1_1	normal	NA
CGTCCATTCTCACATT_11_1_1	normal	NA
GTGCATACATCGGTTA_11_1_1	normal	NA
CCAGCGAGTGTTAAGA_11_1_1	normal	NA
TGGCCAGCACCGAAAG_11_1_1	normal	NA
TAGTGGTGTGTTGAGG_11_1_1	normal	NA
TTCGAAGAGGACAGAA_11_1_1	normal	NA
GTCGGGTCAGACAAAT_11_1_1	normal	NA
GTCACAACATATACGC_11_1_1	normal	NA
GACAGAGCAATGGATA_11_1_1	normal	NA
GGACGTCCACACCGAC_11_1_1	normal	NA
AGTGGGACAGTTAACC_11_1_1	normal	NA
TCTCTAAAGTGACATA_11_1_1	normal	NA
CGAACATTCGGAAACG_11_1_1	normal	NA
CTCACACAGAAACCGC_11_1_1	normal	NA
TGCGGGTTCTGTACGA_11_1_1	normal	NA
GACCTGGCACGAAATA_11_1_1	normal	NA
GAGTCCGTCTTGTTTG_11_1_1	normal	NA
CCCATACTCCCGACTT_11_1_1	normal	NA
ACCAGTAAGCTATGCT_11_1_1	normal	NA
TGACTTTTCGTATCAG_11_1_1	normal	NA
CACAAACAGAGTACCG_11_1_1	normal	NA
CGGAGTCTCCCAACGG_11_1_1	normal	NA
GCAAACTAGAAACGCC_11_1_1	normal	NA
GTCACGGGTCATATCG_11_1_1	normal	NA
GCGGGTTTCAGCTCGG_11_1_1	normal	NA
TCGTACCCAATGGATA_11_1_1	normal	NA
TCGGTAAGTTCAGGCC_11_1_1	normal	NA
ATAAGAGCACGGCGTT_11_1_1	normal	NA
CACATTTTCCTCAATT_11_1_1	normal	NA
AAGCCGCAGGAGTTGC_11_1_1	normal	NA
CGATCGGTCATCGATG_11_1_1	normal	NA
GTTAAGCTCCATGAAC_11_1_1	normal	NA
CTCTAATCAGTCCTTC_11_1_1	normal	NA
TCAGGATTCAGTTTGG_11_1_1	normal	NA
CACAGTAAGTGCTGCC_11_1_1	normal	NA
CACTCCATCCTTTCTC_11_1_1	normal	NA
TGGCGCACAAGGACAC_11_1_1	normal	NA
CGTAGGCGTCAGAATA_11_1_1	normal	NA
TCACAAGGTTCACCTC_11_1_1	tumor	NA
TTGGAACCAAGCGAGT_11_1_1	normal	NA
GTGCGGTCATTCTCAT_11_1_1	normal	NA
CCGGTAGAGACCGGAT_11_1_1	normal	NA
ACGATACGTCGGCACT_11_1_1	normal	NA
ATCCACCGTTCATGGT_11_1_1	normal	NA
GTCAAGTTCTTAACCT_11_1_1	normal	NA
GTTCGGGTCATTGCGA_11_1_1	normal	NA
CGGACACAGCCCAGCT_11_1_1	normal	NA
GCATACATCCGCGCAA_11_1_1	normal	NA
TGGTTCCCACAAGTAA_11_1_1	normal	NA
TCGGTAATCTCTTGAT_11_1_1	normal	NA
CACCACTAGATGCGAC_11_1_1	normal	NA
AAACGGGAGGAGTACC_11_1_1	normal	NA
GACGTTACATCTCGCT_11_1_1	normal	NA
AACTGGTGTAAGAGGA_11_1_1	normal	NA
GGAGCAACAGGACCCT_11_1_1	normal	NA
GCATACAAGCAGCCTC_11_1_1	normal	NA
CGCTATCGTATATGGA_11_1_1	normal	NA
TTGGCAATCTGGAGCC_11_1_1	normal	NA
CCTCAGTGTCCCTACT_11_1_1	normal	NA
TTGGCAAGTAGCGCAA_11_1_1	normal	NA
TGGTTAGTCACCGTAA_11_1_1	normal	NA
GCTTCCAAGATAGGAG_11_1_1	normal	NA
TATCAGGTCCCTCAGT_11_1_1	normal	NA
TTAGTTCCAAGCGCTC_11_1_1	normal	NA
ACGATGTGTGACGGTA_11_1_1	normal	NA
ACTGTCCAGGGATGGG_11_1_1	normal	NA
TAGTTGGAGACAAGCC_11_1_1	normal	NA
GGCGACTCACGCATCG_11_1_1	normal	NA
GATGCTAAGGGTTCCC_11_1_1	normal	NA
TACACGATCGAATGCT_11_1_1	normal	NA
CATCGGGTCAGAGGTG_11_1_1	normal	NA
GGGACCTTCCCTCTTT_11_1_1	normal	NA
GCATGATAGTGTTTGC_11_1_1	normal	NA
AACTCCCCATGGTAGG_11_1_1	normal	NA
CTCTAATGTTACCAGT_11_1_1	normal	NA
AGCCTAAAGTGACATA_11_1_1	normal	NA
TTCTCAATCCGTTGCT_11_1_1	normal	NA
GGGTTGCCATTACGAC_11_1_1	normal	NA
GTACTTTGTAGAGTGC_11_1_1	normal	NA
TACTTACGTGGCCCTA_11_1_1	normal	NA
GTCTCGTCACTATCTT_11_1_1	normal	NA
TATTACCGTTGTACAC_11_1_1	normal	NA
ACCCACTCAATGAAAC_11_1_1	normal	NA
TTAGGCATCTACGAGT_11_1_1	normal	yes
AACGTTGCATCACGTA_11_1_1	normal	NA
TCTCATACACGGCCAT_11_1_1	normal	NA
ATTTCTGGTAAGCACG_11_1_1	normal	NA
CCCAATCAGTGGGTTG_11_1_1	normal	NA
GGCGACTTCACAATGC_11_1_1	normal	NA
CGAGCACGTACCCAAT_11_1_1	normal	NA
AAACGGGCAAAGAATC_11_1_1	normal	NA
ATTGGACTCTACTCAT_11_1_1	normal	NA
ATCATGGCATGACATC_11_1_1	normal	NA
AGATCTGAGCGTCTAT_11_1_1	normal	NA
TACTCATAGGTGCTAG_11_1_1	normal	NA
CGAACATGTTGTTTGG_11_1_1	normal	NA
AGAGTGGCATTGGGCC_11_1_1	normal	NA
AGGCCACGTTAAGGGC_11_1_1	normal	NA
GCCAAATAGAGATGAG_11_1_1	normal	NA
TCTTTCCTCAGTTTGG_11_1_1	normal	NA
CATCGAAGTATGGTTC_11_1_1	normal	NA
GCTCCTAGTCTAGAGG_11_1_1	normal	NA
AAAGATGTCAACACAC_11_1_1	normal	NA
CTGAAACGTCTAGCGC_11_1_1	normal	NA
GAGCAGAAGACCGGAT_11_1_1	normal	NA
GCACATAAGGTGATAT_11_1_1	normal	NA
TTGGAACTCTACGAGT_11_1_1	normal	NA
GCACATACATTGAGCT_11_1_1	normal	NA
TCATTTGTCCACGTGG_11_1_1	normal	NA
TACTTACTCGCACTCT_11_1_1	normal	NA
AGCGTATTCAGTCCCT_11_1_1	normal	NA
ACTGTCCGTGAGGGAG_11_1_1	normal	NA
AGCTTGACAGTGACAG_11_1_1	normal	NA
CACACCTGTTTAGGAA_11_1_1	normal	NA
GGATGTTAGCGCTTAT_11_1_1	normal	NA
CCATTCGTCCCATTAT_11_1_1	normal	NA
GGTGCGTCAAGGTGTG_11_1_1	normal	NA
TAAGTGCCAAGTCTGT_11_1_1	normal	NA
GTCGGGTAGTGTACCT_11_1_1	normal	NA
TCATTACCAGGGTATG_11_1_1	normal	NA
ATCGAGTGTTCGGGCT_11_1_1	normal	NA
ACTATCTAGCGATGAC_11_1_1	normal	NA
CAGCGACGTAGTGAAT_11_1_1	normal	NA
TTTCCTCAGGATGGTC_11_1_1	normal	NA
AGCGGTCTCTTCAACT_11_1_1	normal	NA
GATGCTACACATTAGC_11_1_1	normal	NA
GGGACCTCACGGTGTC_11_1_1	normal	NA
ACGGGCTGTGATGTGG_11_1_1	normal	NA
TTGCGTCTCAGTACGT_11_1_1	normal	NA
CCTTCCCCATTGGGCC_11_1_1	normal	NA
CCTAGCTAGTGGGATC_11_1_1	normal	NA
CATGACACATCCTTGC_11_1_1	normal	NA
GTTCATTCAACTGCGC_11_1_1	normal	NA
AGCGGTCGTCACTGGC_11_1_1	normal	NA
CATCAAGGTAATCGTC_11_1_1	normal	NA
TAGTGGTCAAGCGTAG_11_1_1	normal	NA
CGACTTCCATTGGGCC_11_1_1	normal	NA
TTCTCCTTCTCTAAGG_11_1_1	normal	NA
TCGCGTTAGTTACGGG_11_1_1	normal	NA
ATAAGAGTCAAACAAG_11_1_1	normal	yes
ATAACGCAGGACAGCT_11_1_1	normal	NA
GGAACTTCAGGGCATA_11_1_1	normal	NA
TGCCAAAAGGTAGCTG_11_1_1	normal	NA
AGAGCTTCAGTGAGTG_11_1_1	normal	NA
TTGGCAAGTTTCGCTC_11_1_1	normal	NA
ACTGAACGTTCGGCAC_11_1_1	normal	NA
TCTCTAAGTGCAGTAG_11_1_1	normal	NA
GGGTTGCGTTCCTCCA_11_1_1	normal	NA
GTAACTGCACCGTTGG_11_1_1	normal	NA
CGACCTTTCTTGAGAC_11_1_1	normal	NA
CTAGCCTTCCGTCATC_11_1_1	normal	NA
CTCGTACAGACTAGAT_11_1_1	normal	NA
GTGCGGTGTTCTGAAC_11_1_1	normal	NA
CGTTCTGAGCTTTGGT_11_1_1	normal	NA
ACTATCTGTAAGCACG_11_1_1	normal	NA
CTGGTCTAGACGCTTT_11_1_1	normal	NA
GCCTCTAAGGATTCGG_11_1_1	normal	NA
GGGCATCAGACGCTTT_11_1_1	normal	NA
TATGCCCAGGTGCTTT_11_1_1	normal	NA
TGGGCGTCACGACTCG_11_1_1	normal	NA
ACCAGTAGTGCAACTT_11_1_1	normal	NA
ATTCTACCACGTGAGA_11_1_1	normal	NA
ATGAGGGTCTTCATGT_11_1_1	normal	NA
ATAAGAGCACTACAGT_11_1_1	normal	NA
GATCGCGGTATATCCG_11_1_1	normal	NA
TTCCCAGTCGTTACGA_11_1_1	normal	NA
CCGGGATTCGCGTAGC_11_1_1	normal	NA
GTGCGGTCATCAGTAC_11_1_1	normal	NA
TGACGGCGTAAGCACG_11_1_1	normal	yes
TATTACCAGATGTGTA_11_1_1	normal	NA
GTCTCGTTCTGGTGTA_11_1_1	normal	NA
TCATTACAGTAGATGT_11_1_1	normal	NA
GCGAGAAAGGTGACCA_11_1_1	normal	NA
CGAACATAGGAATTAC_11_1_1	normal	NA
TTGGAACCAATGCCAT_11_1_1	normal	NA
TGGGCGTGTGGTCTCG_11_1_1	normal	NA
AGGTCCGGTGCACCAC_11_1_1	normal	NA
CGATTGAGTTCGCGAC_11_1_1	normal	NA
GCTCTGTAGCTGATAA_11_1_1	normal	NA
AAGTCTGCACTAGTAC_11_1_1	normal	NA
AGACGTTTCGTTGACA_11_1_1	normal	NA
GTACTTTGTCTCGTTC_11_1_1	normal	NA
GAAATGAAGCGATTCT_11_1_1	normal	NA
GGCTCGAAGCCCAACC_11_1_1	normal	NA
TTCTCAAGTGCTGTAT_11_1_1	normal	NA
TGCCAAATCCTCGCAT_11_1_1	normal	NA
CTGCCTAGTAGCAAAT_11_1_1	normal	NA
CCGTGGAGTAATAGCA_11_1_1	normal	NA
TTCCCAGTCTGATACG_11_1_1	normal	NA
CGTTAGAAGACAGACC_11_1_1	normal	NA
TTAACTCAGCTTCGCG_11_1_1	normal	NA
AACTCCCGTTGCCTCT_11_1_1	normal	NA
CAGCATATCTGCGTAA_11_1_1	normal	NA
CCCATACAGGGTCTCC_11_1_1	normal	NA
GTACTTTTCCATTCTA_11_1_1	normal	NA
GAAGCAGGTGCCTGCA_11_1_1	tumor	NA
ATAACGCAGCTAGTCT_11_1_1	normal	NA
TTAGGACCATCATCCC_11_1_1	normal	NA
AGCAGCCTCGTTTAGG_11_1_1	normal	NA
CTAAGACTCCATGAGT_11_1_1	normal	NA
AAGACCTTCTACTATC_11_1_1	normal	NA
GAGTCCGGTTCAGCGC_11_1_1	normal	NA
CCTAAAGCAGGGCATA_11_1_1	normal	NA
TCGTACCGTTGAACTC_11_1_1	normal	NA
GGACAGACAGTCGATT_11_1_1	normal	NA
CATCAGACATCGATTG_11_1_1	normal	NA
CGTGAGCTCAACTCTT_11_1_1	normal	NA
CCACCTAGTGACTACT_11_1_1	normal	NA
ACACTGAGTGAAATCA_11_1_1	normal	NA
TGACGGCAGCCAGAAC_11_1_1	normal	NA
CCTTTCTAGTAGCGGT_11_1_1	normal	NA
CGGACGTTCAACCATG_11_1_1	normal	NA
TTTGCGCCATCCCATC_11_1_1	normal	NA
CGGACTGGTTGGTTTG_11_1_1	normal	NA
GTTCGGGAGACTTTCG_11_1_1	normal	NA
TTGCCGTGTTCAGCGC_11_1_1	normal	NA
TCTATTGGTCGAATCT_11_1_1	normal	NA
ACGTCAACACCTCGGA_11_1_1	normal	NA
GGTATTGAGTGGTAAT_11_1_1	normal	NA
ACATCAGAGACTAAGT_11_1_1	normal	NA
AGTTGGTAGACTAAGT_11_1_1	normal	NA
CACAGTAAGCCACCTG_11_1_1	normal	NA
ACTGAGTAGTCCTCCT_11_1_1	normal	NA
CTCTAATGTGCACCAC_11_1_1	normal	NA
AGCTCTCAGTGCAAGC_11_1_1	normal	NA
AGAGCTTCAGGTCCAC_11_1_1	normal	NA
TGCGTGGGTACCATCA_11_1_1	normal	NA
ATAACGCTCTGAAAGA_11_1_1	normal	NA
GTAGTCATCACTTATC_11_1_1	normal	NA
GGTGAAGCAAGTAATG_11_1_1	normal	NA
TCTGAGAGTAAGGGAA_11_1_1	normal	NA
CTTAACTCATCACCCT_11_1_1	normal	NA
TCAGGTAAGGCACATG_11_1_1	normal	NA
GACAGAGAGCTGCGAA_11_1_1	normal	NA
GCGGGTTGTTCAGCGC_11_1_1	normal	NA
CGGCTAGGTATAAACG_11_1_1	normal	NA
TGCACCTTCCGTAGTA_11_1_1	normal	NA
CGGACTGCAGACACTT_11_1_1	normal	NA
AAACCTGGTGAGGGTT_11_1_1	normal	NA
AGCTCTCAGTGGGTTG_11_1_1	normal	NA
CTTACCGAGCCTCGTG_11_1_1	normal	NA
CTGAAGTTCTCGAGTA_11_1_1	normal	NA
GCTTCCACAGTCTTCC_11_1_1	normal	NA
CCTATTACAGCCTGTG_11_1_1	normal	NA
TGACGGCAGCTGCAAG_11_1_1	normal	NA
CTGAAACCAACCGCCA_11_1_1	normal	NA
GGTATTGTCCAAATGC_11_1_1	normal	NA
TAAGTGCTCTGCAAGT_11_1_1	normal	NA
CGAGAAGGTTTGACTG_11_1_1	normal	NA
GGGTCTGAGAACAATC_11_1_1	normal	NA
CACACCTCAGGCGATA_11_1_1	normal	NA
AAACCTGAGTTCGATC_11_1_1	normal	NA
TACTTGTAGTGCGATG_11_1_1	normal	NA
GATCGATGTCAAAGAT_11_1_1	normal	NA
TATCAGGTCCCGGATG_11_1_1	normal	NA
GTGCTTCTCGTCACGG_11_1_1	normal	NA
GAATGAACATCCCACT_11_1_1	normal	NA
TATCTCAGTGTCGCTG_11_1_1	normal	NA
CTGCGGACACTCGACG_11_1_1	normal	NA
CGCTATCTCGGCTTGG_11_1_1	normal	NA
TGGTTCCTCCAAGTAC_11_1_1	normal	NA
CAGCTGGGTTCCCGAG_11_1_1	normal	NA
ATGAGGGCAAGCCGTC_11_1_1	normal	NA
CAGAGAGCATATGGTC_11_1_1	normal	NA
CTGAAGTCAGCTGTGC_11_1_1	normal	NA
TGAGCCGAGTAGATGT_11_1_1	normal	NA
GCGAGAATCAGGCCCA_11_1_1	normal	NA
GGAATAAAGCGAAGGG_11_1_1	normal	NA
CTAACTTGTCCGCTGA_11_1_1	normal	NA
CATCCACAGGAGTTGC_11_1_1	normal	NA
CTGATAGGTCAACATC_11_1_1	normal	NA
AGAATAGCAGGTCGTC_11_1_1	normal	NA
GAACCTACAAGTCTGT_11_1_1	normal	NA
GACCTGGTCTAACCGA_11_1_1	normal	NA
TGCACCTGTAAACCTC_11_1_1	normal	NA
CCCAATCCAGTGAGTG_11_1_1	normal	NA
GTCACAATCATCACCC_11_1_1	normal	NA
GGATGTTGTTCCACTC_11_1_1	normal	NA
ATCATCTGTCATACTG_11_1_1	normal	NA
GTATCTTCATCACGAT_11_1_1	normal	NA
CATATGGCACTACAGT_11_1_1	normal	NA
CACATAGTCCACTGGG_11_1_1	normal	NA
TCTGGAAAGGGTCTCC_11_1_1	normal	NA
ATAAGAGAGTGATCGG_11_1_1	normal	NA
TCTTTCCTCTCTGTCG_11_1_1	normal	NA
ATCATCTAGATCCGAG_11_1_1	normal	NA
TAAACCGTCTACTTAC_11_1_1	normal	NA
CACACCTTCATAACCG_11_1_1	normal	NA
ACGCAGCTCACCACCT_11_1_1	normal	NA
GTGTTAGAGGACAGAA_11_1_1	normal	NA
CTTACCGAGTTGCAGG_11_1_1	normal	NA
ACAGCCGTCTTCCTTC_11_1_1	normal	NA
TACAGTGCACCGGAAA_11_1_1	normal	NA
GGATGTTAGTGAAGAG_11_1_1	normal	NA
CTTAGGACAAGCCATT_11_1_1	normal	NA
AGCGTATGTTACGGAG_11_1_1	normal	NA
TATCTCACACACAGAG_11_1_1	normal	NA
ACATACGAGCTAGTCT_11_1_1	normal	NA
GGCAATTTCGTCGTTC_11_1_1	normal	NA
CGAATGTTCCAGAAGG_11_1_1	normal	NA
AAGGTTCGTAGGCATG_11_1_1	normal	NA
CGGACGTGTCCGTTAA_11_1_1	normal	NA
TGACTTTCAAGGACTG_11_1_1	normal	NA
CATGCCTAGGGAGTAA_11_1_1	normal	NA
GCGACCATCGTCTGAA_11_1_1	normal	NA
GGGATGATCTGCTGTC_11_1_1	normal	NA
CTACGTCAGTGCGATG_11_1_1	normal	NA
AGCATACCATACTCTT_11_1_1	normal	NA
TATTACCTCAGCCTAA_11_1_1	normal	NA
CTGATCCTCACTCCTG_11_1_1	normal	NA
TGCGGGTCATGTAGTC_11_1_1	normal	NA
GCGACCAAGTACACCT_11_1_1	normal	NA
TTCCCAGTCGTCCGTT_11_1_1	normal	NA
AGGGTGATCAAAGACA_11_1_1	normal	NA
CCTAGCTAGCTACCGC_11_1_1	normal	NA
TGGGAAGGTTACGGAG_11_1_1	normal	NA
TGTGGTAAGGTAGCTG_11_1_1	normal	NA
TACGGATGTAACGCGA_11_1_1	normal	NA
TTTGCGCGTGTAACGG_11_1_1	normal	NA
CACCACTTCAGGCCCA_11_1_1	normal	NA
GGTGCGTCACGAAAGC_11_1_1	normal	NA
GCGAGAAGTATGAAAC_11_1_1	normal	NA
GTACTTTTCACTGGGC_11_1_1	normal	NA
AACTCTTGTGCTTCTC_11_1_1	normal	NA
AACGTTGGTACCTACA_11_1_1	normal	yes
CTAGCCTAGGTAAACT_11_1_1	normal	NA
TTTATGCTCTTAACCT_11_1_1	normal	NA
CATGCCTTCTTACCTA_11_1_1	normal	NA
ACGCCAGAGAGCTATA_11_1_1	normal	NA
TACTCGCCATTGCGGC_11_1_1	normal	NA
ACCGTAATCAGCACAT_11_1_1	normal	NA
GCAATCAGTTAAGAAC_11_1_1	normal	NA
GTTAAGCCAGTATCTG_11_1_1	normal	NA
ACTTGTTCAGATGGCA_11_1_1	normal	NA
ACGAGCCGTCAGGACA_11_1_1	normal	NA
CAAGGCCTCCACGACG_11_1_1	normal	NA
CCGGGATCAAACCCAT_11_1_1	normal	NA
GAGGTGAAGCCAGAAC_11_1_1	normal	NA
CCTATTATCTTAGCCC_11_1_1	normal	NA
CATCGAACACATAACC_11_1_1	normal	NA
CATATTCCAACCGCCA_11_1_1	normal	NA
CAGCAGCCATCGGAAG_11_1_1	normal	NA
GACGGCTTCTAGAGTC_11_1_1	normal	NA
GAATAAGGTAGTAGTA_11_1_1	normal	NA
TGCCCATTCGCGGATC_11_1_1	normal	NA
CAACCTCTCTGTCTAT_11_1_1	normal	NA
GCACATAAGTCGAGTG_11_1_1	normal	NA
CCTCAGTCAGGCAGTA_11_1_1	normal	NA
CAAGATCCAGCTGTTA_11_1_1	normal	NA
GGACAAGAGATCCTGT_11_1_1	normal	yes
TCCCGATAGCGGCTTC_11_1_1	normal	NA
ATCCGAAAGTCAATAG_11_1_1	normal	NA
CTAATGGGTTAAAGTG_11_1_1	normal	NA
CACAGGCAGCAGGCTA_11_1_1	normal	NA
ATCGAGTAGAAGGTGA_11_1_1	normal	NA
TGACGGCCACGCATCG_11_1_1	normal	NA
ATCGAGTGTGAGTGAC_11_1_1	normal	NA
TTGCGTCTCGGCGGTT_11_1_1	normal	NA
TGAGCATAGGGAACGG_11_1_1	normal	NA
GATCGATAGCAATATG_11_1_1	normal	NA
CCTCTGACAACACCTA_11_1_1	normal	NA
ACTGTCCCAGGGAGAG_11_1_1	normal	NA
CCGTGGAAGAAACGCC_11_1_1	normal	NA
AGTCTTTGTTGCGTTA_11_1_1	normal	NA
CCAATCCCATATACGC_11_1_1	normal	NA
CAGCCGATCGCTGATA_11_1_1	normal	NA
TACGGTATCTCCGGTT_11_1_1	normal	NA
TGACGGCTCACCGGGT_11_1_1	normal	NA
CGTCAGGTCACCACCT_11_1_1	normal	NA
TCGCGTTCACCAGGCT_11_1_1	normal	NA
CCTTCGATCCTACAGA_11_1_1	normal	NA
GACTAACCATCGACGC_11_1_1	normal	NA
TCAGCTCCAACTGGCC_11_1_1	normal	NA
TTGGCAATCACCTCGT_11_1_1	normal	NA
GATCAGTGTGTGCCTG_11_1_1	normal	NA
CCTAAAGCATCAGTCA_11_1_1	normal	NA
AGTGTCACAAGCGAGT_11_1_1	normal	NA
ACTTACTCAAGCCATT_11_1_1	normal	NA
CGTCTACAGACATAAC_11_1_1	normal	NA
CATATGGTCTTGTCAT_11_1_1	normal	NA
TCGCGAGCACACCGAC_11_1_1	normal	NA
GATCAGTAGACACTAA_11_1_1	normal	NA
TCATTTGTCCTCGCAT_11_1_1	normal	NA
ACCGTAACAGACAGGT_11_1_1	normal	NA
GTTACAGGTCTCATCC_11_1_1	normal	NA
CACATAGAGAAGCCCA_11_1_1	normal	NA
CACAAACGTAGCAAAT_11_1_1	normal	NA
CAAGTTGGTCAGCTAT_11_1_1	normal	NA
TTTCCTCGTCCCTTGT_11_1_1	normal	NA
GACCAATCAGACAAAT_11_1_1	normal	NA
AAGGCAGCAGCGTCCA_11_1_1	normal	NA
GACGTTACACGAGAGT_11_1_1	normal	NA
GTGCAGCGTTGGTAAA_11_1_1	normal	NA
TTTATGCTCGTCCAGG_11_1_1	normal	NA
TTTGGTTCATGAAGTA_11_1_1	normal	NA
GCGCAGTGTCCTAGCG_11_1_1	normal	NA
GCCTCTATCAGTTCGA_11_1_1	normal	NA
GTGCTTCAGAGTCTGG_11_1_1	normal	NA
GATGCTATCAGTTCGA_11_1_1	normal	NA
GGCTGGTAGCGTGTCC_11_1_1	normal	NA
CGGCTAGCATCCGCGA_11_1_1	normal	NA
TTTACTGGTCACAAGG_11_1_1	normal	NA
CAGCGACGTTCGGGCT_11_1_1	normal	NA
TCGGGACTCCAAACTG_11_1_1	normal	NA
GAGCAGAAGGTTACCT_11_1_1	normal	NA
GTTCATTAGAGGTAGA_11_1_1	normal	NA
AACGTTGGTTTGTGTG_11_1_1	normal	NA
TTCGGTCTCACCAGGC_11_1_1	normal	NA
TGAGGGATCACTGGGC_11_1_1	normal	NA
CTGTGCTGTTGTTTGG_11_1_1	normal	NA
GAGTCCGGTTATCGGT_11_1_1	normal	NA
TTTGTCACACAGACAG_11_1_1	normal	NA
CCAATCCCAACTGGCC_11_1_1	normal	NA
ACCCACTGTCGCCATG_11_1_1	normal	NA
CACCAGGTCAGCGATT_11_1_1	normal	NA
TACGGTAAGCTGCCCA_11_1_1	normal	NA
GTAGGCCCATCGATTG_11_1_1	normal	NA
AGCTTGACATATACGC_11_1_1	tumor	NA
GTAGTCAAGATGTAAC_11_1_1	normal	NA
AACCATGAGAAACCTA_11_1_1	normal	NA
CTTAACTTCCACGCAG_11_1_1	normal	NA
GATCGCGGTAGCTGCC_11_1_1	normal	NA
CGTCAGGAGGTGCAAC_11_1_1	normal	NA
GAATGAAAGAGCAATT_11_1_1	normal	NA
CGAATGTCACACGCTG_11_1_1	normal	NA
CCATTCGGTACAGTTC_11_1_1	normal	NA
CGCGTTTCAAGGCTCC_11_1_1	normal	NA
AACCATGTCAGGTAAA_11_1_1	normal	NA
TTGACTTGTCTACCTC_11_1_1	normal	NA
GAGGTGACATGCTGGC_11_1_1	normal	NA
GCATGATGTCGATTGT_11_1_1	normal	NA
AAGCCGCTCAGCTGGC_11_1_1	normal	NA
GCCAAATCATCCCATC_11_1_1	normal	NA
TTAGTTCCAGCGTAAG_11_1_1	normal	NA
CGTTCTGCAGGAACGT_11_1_1	normal	NA
CACAAACGTCAACATC_11_1_1	normal	NA
GGGTTGCTCGACGGAA_11_1_1	normal	NA
TCGCGTTCAAAGAATC_11_1_1	normal	NA
AACTCCCTCTTGCATT_11_1_1	normal	NA
GAATGAATCGTTTAGG_11_1_1	normal	NA
ACACCAATCTTACCGC_11_1_1	normal	NA
TGTATTCTCGCCAGCA_11_1_1	normal	NA
TTGAACGAGGAGCGTT_11_1_1	normal	NA
CTCGGGACAAATTGCC_11_1_1	normal	NA
AGTAGTCTCCATGCTC_11_1_1	normal	NA
GTTCGGGAGCCCAACC_11_1_1	normal	NA
CGAGCCAAGCGTAATA_11_1_1	normal	NA
CACCTTGGTACCGTAT_11_1_1	normal	NA
CAGATCATCTCAACTT_11_1_1	normal	NA
AACTCTTGTTTCGCTC_11_1_1	normal	NA
ACACCCTTCTATCCCG_11_1_1	normal	NA
TGCGCAGGTCAACATC_11_1_1	normal	NA
GATGCTACACCATCCT_11_1_1	normal	NA
GCTGCTTTCGACCAGC_11_1_1	normal	NA
GGGTTGCCATCCTTGC_11_1_1	normal	NA
CTCTGGTCAACACCTA_11_1_1	normal	NA
TGCGCAGGTTAAGATG_11_1_1	normal	NA
TTTATGCTCAGCTGGC_11_1_1	normal	NA
AGAGTGGTCACGCGGT_11_1_1	normal	NA
CATATTCGTTACAGAA_11_1_1	normal	NA
GCGCCAATCGGCTTGG_11_1_1	normal	NA
CGACCTTAGAAAGTGG_11_1_1	normal	NA
TTCTACAGTGTCTGAT_11_1_1	normal	NA
CCACGGAGTGCATCTA_11_1_1	normal	yes
TGGGCGTCAAGTTAAG_11_1_1	normal	NA
CAGTCCTTCAGGATCT_11_1_1	normal	NA
AACACGTCAAAGGAAG_11_1_1	normal	NA
TCACGAAGTAGAGTGC_11_1_1	normal	NA
CATATGGGTATCAGTC_11_1_1	normal	NA
CTCAGAATCACTGGGC_11_1_1	tumor	NA
TTCGAAGGTAGTAGTA_11_1_1	normal	NA
ATAACGCTCTCTAAGG_11_1_1	normal	NA
