	class	confidentNormal
AAACCTGAGCCAGGAT_EBUS_28	normal	
AAACCTGAGCTAGGCA_EBUS_28	tumor	
AAACCTGCAAACTGTC_EBUS_28	tumor	
AAACCTGCATTAGCCA_EBUS_28	normal	
AAACCTGGTCGTGGCT_EBUS_28	normal	
AAACCTGGTCTGGAGA_EBUS_28	tumor	
AAACCTGGTTCTCATT_EBUS_28	tumor	
AAACCTGTCCGTTGTC_EBUS_28	tumor	
AAACCTGTCGTCACGG_EBUS_28	tumor	
AAACGGGAGACACGAC_EBUS_28	tumor	
AAACGGGCAAGTTCTG_EBUS_28	normal	
AAACGGGCACTAGTAC_EBUS_28	tumor	
AAACGGGCATGTCTCC_EBUS_28	normal	
AAACGGGGTAGAGGAA_EBUS_28	tumor	
AAACGGGGTGAGTGAC_EBUS_28	tumor	
AAACGGGGTGCAGACA_EBUS_28	tumor	
AAACGGGTCAACGGGA_EBUS_28	normal	
AAACGGGTCGTAGGTT_EBUS_28	tumor	
AAACGGGTCTCGATGA_EBUS_28	tumor	
AAACGGGTCTGGCGAC_EBUS_28	normal	
AAAGATGAGAATCTCC_EBUS_28	normal	
AAAGATGAGCTAGGCA_EBUS_28	tumor	
AAAGATGAGTACTTGC_EBUS_28	tumor	
AAAGATGCAAAGGTGC_EBUS_28	normal	
AAAGATGCAGTTCCCT_EBUS_28	tumor	
AAAGATGCATACCATG_EBUS_28	tumor	
AAAGATGGTCGACTAT_EBUS_28	tumor	
AAAGATGGTCGCGTGT_EBUS_28	normal	
AAAGATGTCACTATTC_EBUS_28	normal	
AAAGATGTCTCGTTTA_EBUS_28	tumor	
AAAGCAAAGAGGGATA_EBUS_28	tumor	
AAAGCAAAGCTAACAA_EBUS_28	tumor	
AAAGCAAAGCTGTCTA_EBUS_28	normal	
AAAGCAACAAACAACA_EBUS_28	normal	
AAAGCAACACCTCGTT_EBUS_28	normal	
AAAGCAACATCGATTG_EBUS_28	tumor	
AAAGCAATCAGTTTGG_EBUS_28	normal	
AAAGCAATCCTCCTAG_EBUS_28	normal	
AAAGCAATCGCGTAGC_EBUS_28	tumor	
AAAGTAGAGACCGGAT_EBUS_28	normal	
AAAGTAGAGGTGACCA_EBUS_28	tumor	
AAAGTAGCAGCGTAAG_EBUS_28	tumor	
AAAGTAGCAGTTCCCT_EBUS_28	tumor	
AAAGTAGGTGAGGGAG_EBUS_28	tumor	
AAAGTAGGTTCCACTC_EBUS_28	normal	
AAAGTAGTCCGTTGTC_EBUS_28	normal	
AAAGTAGTCTGCCCTA_EBUS_28	normal	
AAAGTAGTCTGTTTGT_EBUS_28	tumor	
AAATGCCAGTAGTGCG_EBUS_28	tumor	
AAATGCCCAATCTGCA_EBUS_28	tumor	
AAATGCCCACCTCGTT_EBUS_28	normal	
AAATGCCCATCTCGCT_EBUS_28	tumor	
AAATGCCCATTAGGCT_EBUS_28	tumor	
AAATGCCCATTTCAGG_EBUS_28	tumor	
AAATGCCGTGGTTTCA_EBUS_28	tumor	
AAATGCCTCAGGTTCA_EBUS_28	tumor	
AACACGTAGAGACTAT_EBUS_28	normal	
AACACGTAGGACTGGT_EBUS_28	tumor	
AACACGTAGTGCGATG_EBUS_28	tumor	
AACACGTAGTGTACTC_EBUS_28	tumor	
AACACGTAGTTCCACA_EBUS_28	tumor	
AACACGTCAAGCTGGA_EBUS_28	normal	
AACACGTCATAAAGGT_EBUS_28	normal	
AACACGTGTAAGTAGT_EBUS_28	normal	
AACACGTGTAGGGACT_EBUS_28	tumor	
AACACGTGTTAAAGAC_EBUS_28	normal	
AACACGTTCCGTAGGC_EBUS_28	normal	
AACACGTTCGCCAAAT_EBUS_28	normal	
AACCATGCACCGCTAG_EBUS_28	tumor	
AACCATGCACCTATCC_EBUS_28	tumor	
AACCATGCAGAAGCAC_EBUS_28	tumor	
AACCATGCATGCATGT_EBUS_28	tumor	
AACCATGGTAGGCTGA_EBUS_28	tumor	
AACCATGGTGCCTGCA_EBUS_28	normal	
AACCATGGTGGTTTCA_EBUS_28	tumor	
AACCATGTCACGATGT_EBUS_28	normal	
AACCATGTCTGTTTGT_EBUS_28	tumor	
AACCGCGAGGGTTTCT_EBUS_28	normal	
AACCGCGAGTCGTTTG_EBUS_28	normal	yes
AACCGCGGTCAGCTAT_EBUS_28	tumor	
AACCGCGTCAGAGCTT_EBUS_28	normal	
AACCGCGTCTTTACGT_EBUS_28	tumor	
AACCGCGTCTTTAGTC_EBUS_28	tumor	
AACGTTGAGCTGCAAG_EBUS_28	tumor	
AACGTTGAGGAGCGTT_EBUS_28	normal	
AACGTTGAGTTAACGA_EBUS_28	normal	
AACGTTGCAGTAACGG_EBUS_28	normal	
AACGTTGCATACCATG_EBUS_28	tumor	
AACGTTGGTCTAGGTT_EBUS_28	normal	
AACGTTGTCGGATGTT_EBUS_28	normal	
AACGTTGTCTTCATGT_EBUS_28	tumor	
AACTCAGAGACTTGAA_EBUS_28	tumor	
AACTCAGAGATACACA_EBUS_28	tumor	
AACTCAGAGATCTGCT_EBUS_28	tumor	
AACTCAGAGCTAGTCT_EBUS_28	tumor	
AACTCAGAGGTGCTAG_EBUS_28	normal	
AACTCAGAGTCCCACG_EBUS_28	tumor	
AACTCAGCAAGTACCT_EBUS_28	tumor	
AACTCAGCAGACGCCT_EBUS_28	tumor	
AACTCAGCATTTGCTT_EBUS_28	normal	
AACTCAGTCTCCTATA_EBUS_28	tumor	
AACTCAGTCTTGCATT_EBUS_28	tumor	
AACTCCCCACTAGTAC_EBUS_28	tumor	
AACTCCCCATCCTAGA_EBUS_28	tumor	
AACTCCCGTCGGATCC_EBUS_28	tumor	
AACTCCCGTTACGCGC_EBUS_28	tumor	
AACTCCCTCCTCTAGC_EBUS_28	normal	
AACTCCCTCGGTTCGG_EBUS_28	tumor	
AACTCTTAGCACCGCT_EBUS_28	tumor	
AACTCTTAGCCTTGAT_EBUS_28	tumor	
AACTCTTAGCTATGCT_EBUS_28	normal	
AACTCTTAGCTGCCCA_EBUS_28	tumor	
AACTCTTAGGCTAGAC_EBUS_28	normal	
AACTCTTAGGGTGTGT_EBUS_28	normal	
AACTCTTCAAATTGCC_EBUS_28	normal	
AACTCTTCACCAACCG_EBUS_28	tumor	
AACTCTTCATAGACTC_EBUS_28	tumor	
AACTCTTGTCACTTCC_EBUS_28	normal	
AACTCTTGTCCAACTA_EBUS_28	normal	
AACTCTTGTCGTTGTA_EBUS_28	normal	
AACTCTTGTCTGCCAG_EBUS_28	tumor	
AACTCTTGTGATAAGT_EBUS_28	tumor	
AACTCTTGTTCTGGTA_EBUS_28	tumor	
AACTGGTAGCCAGTTT_EBUS_28	normal	
AACTGGTAGGTCGGAT_EBUS_28	normal	
AACTGGTAGTTGCAGG_EBUS_28	normal	
AACTGGTGTCAATACC_EBUS_28	normal	
AACTGGTGTCACTGGC_EBUS_28	tumor	
AACTGGTGTCTGGTCG_EBUS_28	tumor	
AACTGGTGTGTTCTTT_EBUS_28	normal	
AACTGGTTCGTCGTTC_EBUS_28	normal	
AACTGGTTCTTTCCTC_EBUS_28	normal	
AACTTTCAGAATAGGG_EBUS_28	normal	
AACTTTCAGATTACCC_EBUS_28	normal	
AACTTTCAGCCACTAT_EBUS_28	normal	
AACTTTCCAGACACTT_EBUS_28	tumor	
AACTTTCGTAAGGGCT_EBUS_28	normal	
AACTTTCGTAGCTAAA_EBUS_28	normal	
AACTTTCTCACATACG_EBUS_28	normal	
AACTTTCTCCCTTGCA_EBUS_28	tumor	
AAGACCTAGATCCTGT_EBUS_28	normal	
AAGACCTAGCATCATC_EBUS_28	tumor	
AAGACCTAGTACGTTC_EBUS_28	tumor	
AAGACCTCACATCCGG_EBUS_28	tumor	
AAGACCTGTCATACTG_EBUS_28	normal	
AAGACCTGTCGCGTGT_EBUS_28	normal	
AAGACCTGTTGATTGC_EBUS_28	tumor	
AAGACCTTCCGCGGTA_EBUS_28	normal	
AAGACCTTCCTTGGTC_EBUS_28	normal	
AAGCCGCAGAATCTCC_EBUS_28	normal	
AAGCCGCAGAGTAAGG_EBUS_28	normal	
AAGCCGCAGCTAAACA_EBUS_28	tumor	
AAGCCGCAGTGGTCCC_EBUS_28	normal	
AAGCCGCCATATGCTG_EBUS_28	tumor	
AAGCCGCCATCACGTA_EBUS_28	normal	
AAGCCGCGTAGGGACT_EBUS_28	tumor	
AAGCCGCGTTACGTCA_EBUS_28	tumor	
AAGGAGCCATCACAAC_EBUS_28	normal	
AAGGAGCCATGTTGAC_EBUS_28	normal	
AAGGAGCGTTAAGATG_EBUS_28	tumor	
AAGGAGCGTTACCAGT_EBUS_28	tumor	
AAGGAGCTCGAGCCCA_EBUS_28	normal	
AAGGAGCTCTGATTCT_EBUS_28	normal	
AAGGCAGAGACAATAC_EBUS_28	tumor	
AAGGCAGAGCGTCTAT_EBUS_28	tumor	
AAGGCAGCAAAGGCGT_EBUS_28	normal	
AAGGCAGCAAGTCATC_EBUS_28	normal	
AAGGCAGCACTAGTAC_EBUS_28	tumor	
AAGGCAGGTTAGGGTG_EBUS_28	tumor	
AAGGCAGGTTGCGCAC_EBUS_28	normal	
AAGGCAGTCCCACTTG_EBUS_28	tumor	
AAGGCAGTCCCTTGTG_EBUS_28	tumor	
AAGGCAGTCGGCGCAT_EBUS_28	normal	
AAGGTTCAGAATGTGT_EBUS_28	tumor	
AAGGTTCAGACTTTCG_EBUS_28	normal	
AAGGTTCAGCTCAACT_EBUS_28	normal	
AAGGTTCAGCTCCCAG_EBUS_28	tumor	
AAGGTTCAGGCTCATT_EBUS_28	normal	
AAGGTTCCAGATCTGT_EBUS_28	normal	
AAGGTTCCAGCGTCCA_EBUS_28	normal	
AAGGTTCCATGTCGAT_EBUS_28	tumor	
AAGGTTCTCACATAGC_EBUS_28	tumor	
AAGGTTCTCCGGCACA_EBUS_28	normal	
AAGGTTCTCTGAAAGA_EBUS_28	tumor	
AAGTCTGAGATGGGTC_EBUS_28	tumor	
AAGTCTGAGTACGTAA_EBUS_28	normal	
AAGTCTGCACAGCGTC_EBUS_28	tumor	
AAGTCTGCACTCGACG_EBUS_28	tumor	
AAGTCTGCATACGCCG_EBUS_28	normal	
AAGTCTGCATCCGTGG_EBUS_28	normal	
AAGTCTGGTCAACATC_EBUS_28	tumor	
AAGTCTGTCATTATCC_EBUS_28	tumor	
AAGTCTGTCTGCAAGT_EBUS_28	normal	
AATCCAGAGCTAGTCT_EBUS_28	tumor	
AATCCAGAGCTGTCTA_EBUS_28	normal	
AATCCAGCAGACACTT_EBUS_28	tumor	
AATCCAGGTAATCGTC_EBUS_28	tumor	
AATCCAGGTCATGCAT_EBUS_28	normal	
AATCCAGGTGTTAAGA_EBUS_28	normal	
AATCCAGGTTTGGGCC_EBUS_28	tumor	
AATCCAGTCAAGGCTT_EBUS_28	tumor	
AATCCAGTCACTCCTG_EBUS_28	tumor	
AATCCAGTCAGAGACG_EBUS_28	tumor	
AATCCAGTCTAACTCT_EBUS_28	tumor	
AATCGGTAGAATGTGT_EBUS_28	normal	
AATCGGTAGAGGTACC_EBUS_28	tumor	
AATCGGTAGAGGTTAT_EBUS_28	tumor	
AATCGGTAGGGAAACA_EBUS_28	normal	
AATCGGTAGGGATGGG_EBUS_28	tumor	
AATCGGTCAGGGTACA_EBUS_28	tumor	
AATCGGTCATGTCGAT_EBUS_28	tumor	
AATCGGTGTCGCCATG_EBUS_28	tumor	
AATCGGTGTTGGTTTG_EBUS_28	normal	
AATCGGTTCCCTAACC_EBUS_28	normal	
AATCGGTTCGATAGAA_EBUS_28	tumor	
AATCGGTTCTCCAACC_EBUS_28	normal	
ACACCAAAGTTATCGC_EBUS_28	tumor	
ACACCAACAATGGTCT_EBUS_28	normal	
ACACCAACATCCGTGG_EBUS_28	tumor	
ACACCAACATTGTGCA_EBUS_28	normal	
ACACCAAGTGGAAAGA_EBUS_28	normal	
ACACCAATCCAAACAC_EBUS_28	tumor	
ACACCAATCCGAAGAG_EBUS_28	tumor	
ACACCAATCGAATCCA_EBUS_28	normal	
ACACCAATCTGCGACG_EBUS_28	tumor	
ACACCCTCACCCATGG_EBUS_28	tumor	
ACACCCTCACCGTTGG_EBUS_28	normal	
ACACCCTCACGCGAAA_EBUS_28	tumor	
ACACCCTCACTAAGTC_EBUS_28	normal	
ACACCCTCAGTGGAGT_EBUS_28	normal	
ACACCCTCATGTCCTC_EBUS_28	tumor	
ACACCCTGTCAGCTAT_EBUS_28	normal	
ACACCCTGTGAACCTT_EBUS_28	normal	
ACACCCTGTTGTCGCG_EBUS_28	normal	
ACACCCTTCCACTGGG_EBUS_28	tumor	
ACACCCTTCTCTAAGG_EBUS_28	tumor	
ACACCCTTCTTCCTTC_EBUS_28	tumor	
ACACCGGAGCACCGCT_EBUS_28	tumor	
ACACCGGAGGCTAGGT_EBUS_28	normal	
ACACCGGAGTCCAGGA_EBUS_28	tumor	
ACACCGGAGTTTAGGA_EBUS_28	normal	
ACACCGGCAAAGGCGT_EBUS_28	tumor	
ACACCGGCACACTGCG_EBUS_28	tumor	
ACACCGGCACAGACAG_EBUS_28	normal	
ACACCGGCACCAGGTC_EBUS_28	normal	
ACACCGGCAGTTCATG_EBUS_28	normal	
ACACCGGCATACTCTT_EBUS_28	tumor	
ACACCGGGTCTCGTTC_EBUS_28	normal	
ACACCGGGTCTGATCA_EBUS_28	normal	
ACACCGGTCGGTTAAC_EBUS_28	tumor	
ACACCGGTCTGCAAGT_EBUS_28	normal	
ACACTGAAGCGTTCCG_EBUS_28	tumor	
ACACTGAAGGAACTGC_EBUS_28	normal	
ACACTGACAAACGTGG_EBUS_28	tumor	
ACACTGACAAGAAGAG_EBUS_28	normal	
ACACTGACAAGTTAAG_EBUS_28	normal	
ACACTGACACCGATAT_EBUS_28	tumor	
ACACTGACACTAGTAC_EBUS_28	tumor	
ACACTGACATCAGTAC_EBUS_28	normal	
ACACTGAGTAGCGATG_EBUS_28	normal	
ACACTGAGTCAGGACA_EBUS_28	tumor	
ACACTGAGTGACTCAT_EBUS_28	tumor	
ACACTGATCAGGATCT_EBUS_28	tumor	
ACACTGATCTCGCTTG_EBUS_28	tumor	
ACACTGATCTGGAGCC_EBUS_28	tumor	
ACAGCCGAGGACACCA_EBUS_28	tumor	
ACAGCCGAGGTTACCT_EBUS_28	tumor	
ACAGCCGCAAATTGCC_EBUS_28	normal	
ACAGCCGCAGACAAAT_EBUS_28	tumor	
ACAGCCGGTAAACCTC_EBUS_28	tumor	
ACAGCCGGTCCCTACT_EBUS_28	normal	
ACAGCCGGTCTCAACA_EBUS_28	normal	
ACAGCCGGTTCTGTTT_EBUS_28	tumor	
ACAGCCGTCAAGGCTT_EBUS_28	tumor	
ACAGCCGTCTGGAGCC_EBUS_28	tumor	
ACAGCTAAGAGAACAG_EBUS_28	normal	
ACAGCTAAGCACACAG_EBUS_28	tumor	
ACAGCTAAGGATATAC_EBUS_28	normal	
ACAGCTAAGGCTATCT_EBUS_28	normal	
ACAGCTACAACACCCG_EBUS_28	normal	
ACAGCTACACGACTCG_EBUS_28	normal	
ACAGCTAGTAGAGTGC_EBUS_28	tumor	
ACAGCTAGTCCTCCAT_EBUS_28	tumor	
ACAGCTAGTGCTTCTC_EBUS_28	normal	
ACAGCTAGTGTAACGG_EBUS_28	tumor	
ACAGCTAGTTCCGTCT_EBUS_28	tumor	
ACAGCTATCAGCTCGG_EBUS_28	tumor	
ACAGCTATCCGCAGTG_EBUS_28	tumor	
ACAGCTATCCGCATCT_EBUS_28	tumor	
ACAGCTATCGGTCTAA_EBUS_28	tumor	
ACATACGAGGCTCATT_EBUS_28	normal	
ACATACGAGTAGCGGT_EBUS_28	normal	
ACATACGCAAACTGCT_EBUS_28	tumor	
ACATACGCAGCTATTG_EBUS_28	tumor	
ACATACGCATCTATGG_EBUS_28	tumor	
ACATACGGTACGCTGC_EBUS_28	tumor	
ACATACGGTCAGAAGC_EBUS_28	normal	
ACATACGGTTCATGGT_EBUS_28	tumor	
ACATACGTCCGATATG_EBUS_28	tumor	
ACATACGTCGGTTAAC_EBUS_28	normal	
ACATCAGAGCCCAATT_EBUS_28	tumor	
ACATCAGAGGTGTGGT_EBUS_28	normal	
ACATCAGCAACACCCG_EBUS_28	tumor	
ACATCAGCAAGTCATC_EBUS_28	normal	
ACATCAGCACATCTTT_EBUS_28	tumor	
ACATCAGCACCGAATT_EBUS_28	tumor	
ACATCAGGTCGGCTCA_EBUS_28	tumor	
ACATCAGGTCTAGCGC_EBUS_28	tumor	
ACATGGTAGGAGTTTA_EBUS_28	tumor	
ACATGGTAGTCGATAA_EBUS_28	normal	
ACATGGTAGTGACATA_EBUS_28	tumor	
ACATGGTCAATGGATA_EBUS_28	tumor	
ACATGGTCACAGGAGT_EBUS_28	normal	
ACATGGTGTATTAGCC_EBUS_28	normal	
ACATGGTGTCGCATAT_EBUS_28	tumor	
ACATGGTGTTTGTGTG_EBUS_28	tumor	
ACATGGTTCAAAGTAG_EBUS_28	tumor	
ACATGGTTCCCAACGG_EBUS_28	normal	
ACCAGTAAGAGCTGGT_EBUS_28	tumor	
ACCAGTAAGCTCCTCT_EBUS_28	tumor	
ACCAGTAAGCTGCCCA_EBUS_28	tumor	
ACCAGTACACATCTTT_EBUS_28	tumor	
ACCAGTACAGCTATTG_EBUS_28	normal	
ACCAGTAGTCTAACGT_EBUS_28	normal	
ACCAGTATCATGCTCC_EBUS_28	tumor	
ACCAGTATCCAAATGC_EBUS_28	tumor	
ACCAGTATCGGCCGAT_EBUS_28	tumor	
ACCCACTAGCAGGCTA_EBUS_28	normal	
ACCCACTAGCGTTTAC_EBUS_28	tumor	
ACCCACTAGCTGTCTA_EBUS_28	tumor	
ACCCACTAGTCGTTTG_EBUS_28	tumor	
ACCCACTCAAAGTGCG_EBUS_28	tumor	
ACCCACTCACTGTGTA_EBUS_28	normal	
ACCCACTGTCCGAACC_EBUS_28	tumor	
ACCCACTGTGGTACAG_EBUS_28	tumor	
ACCCACTGTTGGGACA_EBUS_28	tumor	
ACCCACTTCACGCGGT_EBUS_28	normal	
ACCGTAAAGAAGATTC_EBUS_28	tumor	
ACCGTAAAGCGATTCT_EBUS_28	normal	
ACCGTAAAGTTGAGTA_EBUS_28	normal	
ACCGTAACAAGTACCT_EBUS_28	normal	
ACCGTAACAGCGAACA_EBUS_28	normal	
ACCGTAACATCTCGCT_EBUS_28	tumor	
ACCGTAAGTAACGACG_EBUS_28	tumor	
ACCGTAAGTCCGAATT_EBUS_28	tumor	
ACCGTAAGTGAACCTT_EBUS_28	tumor	
ACCGTAAGTTACGTCA_EBUS_28	tumor	
ACCGTAATCACGACTA_EBUS_28	tumor	
ACCGTAATCAGTCCCT_EBUS_28	normal	
ACCGTAATCCAAGTAC_EBUS_28	tumor	
ACCGTAATCGCAAGCC_EBUS_28	normal	
ACCTTTACAACGCACC_EBUS_28	tumor	
ACCTTTACACCAGTTA_EBUS_28	normal	
ACCTTTACATCCAACA_EBUS_28	tumor	
ACCTTTACATTGCGGC_EBUS_28	tumor	
ACCTTTAGTGTGACCC_EBUS_28	tumor	
ACCTTTAGTTATCACG_EBUS_28	normal	
ACCTTTATCACAGTAC_EBUS_28	tumor	
ACCTTTATCTTGTATC_EBUS_28	tumor	
ACGAGCCAGACAAAGG_EBUS_28	tumor	
ACGAGCCAGACAGGCT_EBUS_28	normal	
ACGAGCCCATCTCCCA_EBUS_28	tumor	
ACGAGCCGTCCTCCAT_EBUS_28	tumor	
ACGAGCCGTGCTCTTC_EBUS_28	normal	
ACGAGCCTCAATAAGG_EBUS_28	normal	
ACGAGGAAGCGAGAAA_EBUS_28	normal	
ACGAGGACAATCCGAT_EBUS_28	tumor	
ACGAGGACACGAAGCA_EBUS_28	tumor	
ACGAGGAGTAAATACG_EBUS_28	tumor	
ACGAGGAGTAGATTAG_EBUS_28	normal	
ACGAGGAGTCTAGTCA_EBUS_28	tumor	
ACGAGGATCAAACGGG_EBUS_28	tumor	
ACGAGGATCAGGCGAA_EBUS_28	tumor	
ACGAGGATCCGCGGTA_EBUS_28	tumor	
ACGATACAGCGCTTAT_EBUS_28	normal	
ACGATACAGTAAGTAC_EBUS_28	tumor	
ACGATACAGTAATCCC_EBUS_28	normal	
ACGATACAGTACGACG_EBUS_28	normal	
ACGATACAGTCTCCTC_EBUS_28	tumor	
ACGATACCACGCGAAA_EBUS_28	tumor	
ACGATACCAGTATAAG_EBUS_28	normal	
ACGATACCATAGAAAC_EBUS_28	normal	
ACGATACGTACGCTGC_EBUS_28	normal	
ACGATACGTCGACTGC_EBUS_28	tumor	
ACGATACGTTTAAGCC_EBUS_28	normal	
ACGATACTCCTATGTT_EBUS_28	tumor	
ACGATGTAGGTAAACT_EBUS_28	normal	
ACGATGTCACCCATTC_EBUS_28	normal	
ACGATGTGTACCGTAT_EBUS_28	normal	
ACGATGTGTAGGGTAC_EBUS_28	tumor	
ACGATGTGTCTAGGTT_EBUS_28	normal	
ACGATGTGTTAGTGGG_EBUS_28	normal	
ACGATGTTCAAGGTAA_EBUS_28	normal	
ACGATGTTCTCAAACG_EBUS_28	tumor	
ACGCAGCAGCACCGCT_EBUS_28	tumor	
ACGCAGCCAAATACAG_EBUS_28	tumor	
ACGCAGCCAGGATCGA_EBUS_28	normal	
ACGCAGCGTACAGACG_EBUS_28	tumor	
ACGCAGCGTAGCGCAA_EBUS_28	normal	
ACGCAGCGTGCGCTTG_EBUS_28	tumor	
ACGCAGCTCAACGGCC_EBUS_28	normal	
ACGCAGCTCAGTGCAT_EBUS_28	tumor	
ACGCAGCTCGAATCCA_EBUS_28	tumor	
ACGCAGCTCGCCATAA_EBUS_28	tumor	
ACGCAGCTCTTTAGGG_EBUS_28	normal	
ACGCCAGAGACAGACC_EBUS_28	normal	yes
ACGCCAGAGAGCTTCT_EBUS_28	normal	
ACGCCAGAGCTCCTCT_EBUS_28	normal	
ACGCCAGAGTGTTAGA_EBUS_28	tumor	
ACGCCAGCAATCACAC_EBUS_28	normal	
ACGCCAGTCAGCTGGC_EBUS_28	tumor	
ACGCCGAAGGCCGAAT_EBUS_28	normal	
ACGCCGAAGGCTACGA_EBUS_28	tumor	
ACGCCGAAGTATCTCG_EBUS_28	normal	
ACGCCGACAATCCGAT_EBUS_28	tumor	
ACGCCGACACCAGATT_EBUS_28	tumor	
ACGCCGACAGCGAACA_EBUS_28	tumor	
ACGCCGAGTCCGTCAG_EBUS_28	tumor	
ACGCCGAGTGTCGCTG_EBUS_28	tumor	
ACGCCGAGTTCCACGG_EBUS_28	tumor	
ACGCCGATCAGAGCTT_EBUS_28	normal	
ACGCCGATCTTGAGGT_EBUS_28	tumor	
ACGGAGAAGGTGACCA_EBUS_28	normal	
ACGGAGAAGTAGGCCA_EBUS_28	normal	
ACGGAGAAGTTAGGTA_EBUS_28	tumor	
ACGGAGACAAACAACA_EBUS_28	tumor	
ACGGAGACAAGGGTCA_EBUS_28	tumor	
ACGGAGACACGTCTCT_EBUS_28	tumor	
ACGGAGAGTCTACCTC_EBUS_28	tumor	
ACGGAGATCCGTTGTC_EBUS_28	tumor	
ACGGCCAAGACTCGGA_EBUS_28	normal	
ACGGCCAAGGCGACAT_EBUS_28	normal	
ACGGCCACAATGAATG_EBUS_28	tumor	
ACGGCCACACCGATAT_EBUS_28	tumor	
ACGGCCAGTATGCTTG_EBUS_28	tumor	
ACGGCCAGTGCGGTAA_EBUS_28	normal	
ACGGCCAGTTAAAGTG_EBUS_28	tumor	
ACGGCCAGTTATGTGC_EBUS_28	tumor	
ACGGCCATCATGTCCC_EBUS_28	tumor	
ACGGCCATCCACGAAT_EBUS_28	tumor	
ACGGCCATCGAACGGA_EBUS_28	tumor	
ACGGGCTAGAATTCCC_EBUS_28	tumor	
ACGGGCTAGCGATGAC_EBUS_28	normal	
ACGGGCTAGGAGCGAG_EBUS_28	tumor	
ACGGGCTAGGTCGGAT_EBUS_28	normal	
ACGGGCTAGTGTACGG_EBUS_28	tumor	
ACGGGCTCAAAGGTGC_EBUS_28	tumor	
ACGGGCTCAATTGCTG_EBUS_28	normal	
ACGGGCTCACATTAGC_EBUS_28	normal	
ACGGGCTCATATGCTG_EBUS_28	tumor	
ACGGGCTGTCAGAATA_EBUS_28	normal	
ACGGGCTTCAGCAACT_EBUS_28	tumor	
ACGGGCTTCAGTTGAC_EBUS_28	tumor	
ACGGGCTTCATCTGCC_EBUS_28	tumor	
ACGGGTCAGGAATGGA_EBUS_28	tumor	
ACGGGTCAGGTTACCT_EBUS_28	tumor	
ACGGGTCCAATCTGCA_EBUS_28	normal	
ACGGGTCCATATGAGA_EBUS_28	normal	
ACGGGTCTCCTGCCAT_EBUS_28	normal	
ACGGGTCTCGTACGGC_EBUS_28	tumor	
ACGTCAAAGGATGCGT_EBUS_28	tumor	
ACGTCAAAGTTAACGA_EBUS_28	normal	
ACGTCAAAGTTGTCGT_EBUS_28	normal	
ACGTCAACAAGTCTAC_EBUS_28	normal	
ACGTCAACACCACCAG_EBUS_28	tumor	
ACGTCAAGTACAAGTA_EBUS_28	tumor	
ACTATCTAGATGGGTC_EBUS_28	tumor	
ACTATCTAGATGTGTA_EBUS_28	normal	
ACTATCTAGGACAGAA_EBUS_28	tumor	
ACTATCTAGGATGCGT_EBUS_28	normal	
ACTATCTAGTTCCACA_EBUS_28	normal	
ACTATCTCAATCCAAC_EBUS_28	normal	
ACTATCTCACGTTGGC_EBUS_28	normal	
ACTATCTCAGCCTTGG_EBUS_28	normal	
ACTATCTCATAAGACA_EBUS_28	tumor	
ACTATCTCATGGTCTA_EBUS_28	normal	
ACTATCTGTGCCTTGG_EBUS_28	tumor	
ACTATCTTCCGCATCT_EBUS_28	normal	
ACTGAACAGATATGCA_EBUS_28	tumor	
ACTGAACAGGACACCA_EBUS_28	normal	
ACTGAACAGGCTATCT_EBUS_28	tumor	
ACTGAACAGTATCGAA_EBUS_28	normal	
ACTGAACCACACATGT_EBUS_28	tumor	
ACTGAACGTGTTTGTG_EBUS_28	tumor	
ACTGAACGTTGATTCG_EBUS_28	tumor	
ACTGAACTCTGCCAGG_EBUS_28	normal	
ACTGAACTCTGTCTCG_EBUS_28	tumor	
ACTGAGTAGATCTGCT_EBUS_28	tumor	
ACTGAGTAGCATGGCA_EBUS_28	tumor	
ACTGAGTCAAGAAGAG_EBUS_28	normal	
ACTGAGTCAATTCCTT_EBUS_28	tumor	
ACTGAGTCACTTACGA_EBUS_28	tumor	
ACTGAGTCATACCATG_EBUS_28	normal	
ACTGAGTCATCGGGTC_EBUS_28	normal	
ACTGAGTGTAATTGGA_EBUS_28	tumor	
ACTGAGTGTATAGGTA_EBUS_28	tumor	
ACTGAGTGTCGCTTCT_EBUS_28	normal	
ACTGAGTGTTATCCGA_EBUS_28	tumor	
ACTGAGTGTTCAGACT_EBUS_28	tumor	
ACTGAGTGTTCGTGAT_EBUS_28	normal	
ACTGAGTTCCTAGAAC_EBUS_28	tumor	
ACTGAGTTCGACCAGC_EBUS_28	tumor	
ACTGAGTTCGCTTAGA_EBUS_28	tumor	
ACTGAGTTCGTCGTTC_EBUS_28	normal	
ACTGATGAGCGTCAAG_EBUS_28	tumor	
ACTGATGAGTTACGGG_EBUS_28	tumor	
ACTGATGAGTTTGCGT_EBUS_28	tumor	
ACTGATGCACAGTCGC_EBUS_28	tumor	
ACTGATGCATGTCTCC_EBUS_28	tumor	
ACTGATGGTCCAAGTT_EBUS_28	tumor	
ACTGATGGTGCCTGGT_EBUS_28	normal	
ACTGATGTCCAGTATG_EBUS_28	normal	
ACTGATGTCGAATGGG_EBUS_28	tumor	
ACTGATGTCGATGAGG_EBUS_28	tumor	
ACTGATGTCGTACGGC_EBUS_28	tumor	
ACTGCTCAGAGAGCTC_EBUS_28	normal	
ACTGCTCCAGCTCGCA_EBUS_28	normal	
ACTGCTCGTACCGTAT_EBUS_28	normal	
ACTGCTCGTATAGGGC_EBUS_28	tumor	
ACTGTCCAGCTGAAAT_EBUS_28	tumor	
ACTGTCCAGTACTTGC_EBUS_28	tumor	
ACTGTCCCAAGCTGAG_EBUS_28	tumor	
ACTGTCCCACAAGCCC_EBUS_28	tumor	
ACTGTCCCACAGACTT_EBUS_28	normal	
ACTGTCCGTCAAAGCG_EBUS_28	normal	
ACTGTCCGTCTAACGT_EBUS_28	tumor	
ACTGTCCTCAGCTGGC_EBUS_28	normal	
ACTTACTAGAATAGGG_EBUS_28	normal	
ACTTACTAGATCTGAA_EBUS_28	normal	
ACTTACTAGTGCTGCC_EBUS_28	tumor	
ACTTACTCAACTGCGC_EBUS_28	normal	
ACTTACTGTTCGCGAC_EBUS_28	normal	
ACTTACTTCCAAGTAC_EBUS_28	normal	
ACTTACTTCTACTCAT_EBUS_28	tumor	
ACTTGTTAGCTACCGC_EBUS_28	tumor	
ACTTGTTAGCTTTGGT_EBUS_28	tumor	
ACTTGTTAGGCTACGA_EBUS_28	tumor	
ACTTGTTAGGTACTCT_EBUS_28	tumor	
ACTTGTTCAGATCTGT_EBUS_28	tumor	
ACTTGTTCATCAGTCA_EBUS_28	normal	
ACTTGTTCATTAACCG_EBUS_28	normal	
ACTTGTTGTGGTAACG_EBUS_28	normal	
ACTTGTTGTGTTTGTG_EBUS_28	tumor	
ACTTGTTTCTGATTCT_EBUS_28	normal	
ACTTTCAAGCGGATCA_EBUS_28	tumor	
ACTTTCAAGGTAAACT_EBUS_28	tumor	
ACTTTCAAGTCAAGCG_EBUS_28	normal	
ACTTTCACAAAGGAAG_EBUS_28	normal	
ACTTTCACAGAGTGTG_EBUS_28	tumor	
ACTTTCACAGGTCGTC_EBUS_28	tumor	
ACTTTCAGTGTTGGGA_EBUS_28	tumor	
ACTTTCAGTTGAACTC_EBUS_28	normal	
ACTTTCATCCGTAGTA_EBUS_28	tumor	
ACTTTCATCGTCGTTC_EBUS_28	normal	
ACTTTCATCTACCTGC_EBUS_28	normal	
AGAATAGAGATATGCA_EBUS_28	tumor	
AGAATAGAGGGCATGT_EBUS_28	normal	
AGAATAGCAACTGCTA_EBUS_28	normal	
AGAATAGCATGGAATA_EBUS_28	tumor	
AGAATAGCATTACCTT_EBUS_28	tumor	
AGAATAGGTACACCGC_EBUS_28	tumor	
AGAATAGGTACATGTC_EBUS_28	normal	
AGAATAGGTCAGGACA_EBUS_28	tumor	
AGAATAGGTCCATGAT_EBUS_28	normal	
AGAATAGGTTCGGGCT_EBUS_28	tumor	
AGAATAGTCAACGAAA_EBUS_28	normal	
AGAATAGTCATGTGGT_EBUS_28	normal	
AGAATAGTCGAATCCA_EBUS_28	tumor	
AGACGTTAGCAAATCA_EBUS_28	tumor	
AGACGTTAGTACGCCC_EBUS_28	normal	
AGACGTTAGTAGGTGC_EBUS_28	tumor	
AGACGTTCAGACAAGC_EBUS_28	tumor	
AGACGTTGTTACAGAA_EBUS_28	normal	
AGACGTTTCAACACCA_EBUS_28	tumor	
AGACGTTTCAAGAAGT_EBUS_28	tumor	
AGACGTTTCCGCGTTT_EBUS_28	tumor	
AGAGCGAAGCGATGAC_EBUS_28	normal	
AGAGCGAAGGATTCGG_EBUS_28	tumor	
AGAGCGACACCTCGTT_EBUS_28	tumor	
AGAGCGACAGATGAGC_EBUS_28	tumor	
AGAGCGAGTCTTCGTC_EBUS_28	tumor	
AGAGCGAGTCTTTCAT_EBUS_28	normal	
AGAGCGAGTGAGTGAC_EBUS_28	normal	
AGAGCGAGTGCGCTTG_EBUS_28	tumor	
AGAGCGAGTTCCGTCT_EBUS_28	normal	
AGAGCGATCGACGGAA_EBUS_28	tumor	
AGAGCGATCGGAGCAA_EBUS_28	tumor	
AGAGCGATCGTTTAGG_EBUS_28	normal	
AGAGCGATCTCGTTTA_EBUS_28	tumor	
AGAGCTTAGCGATGAC_EBUS_28	normal	
AGAGCTTCACCGATAT_EBUS_28	normal	
AGAGCTTCACGACGAA_EBUS_28	tumor	
AGAGCTTCATGCCCGA_EBUS_28	tumor	
AGAGCTTGTCCAACTA_EBUS_28	tumor	
AGAGCTTGTCCATGAT_EBUS_28	normal	
AGAGCTTGTCCGTTAA_EBUS_28	tumor	
AGAGTGGAGTAGGCCA_EBUS_28	tumor	
AGAGTGGCACATCCGG_EBUS_28	normal	
AGAGTGGGTTATGTGC_EBUS_28	normal	
AGAGTGGTCCACGCAG_EBUS_28	tumor	
AGAGTGGTCCTTGCCA_EBUS_28	tumor	
AGAGTGGTCGCTGATA_EBUS_28	tumor	
AGAGTGGTCGGTTAAC_EBUS_28	normal	
AGAGTGGTCTGTCAAG_EBUS_28	normal	
AGATCTGAGAGACGAA_EBUS_28	tumor	
AGATCTGAGAGACTAT_EBUS_28	normal	
AGATCTGAGAGGTTAT_EBUS_28	tumor	
AGATCTGAGGCTAGAC_EBUS_28	normal	
AGATCTGCAACGATCT_EBUS_28	normal	
AGATCTGCATGCTAGT_EBUS_28	normal	
AGATCTGGTCTAGTCA_EBUS_28	normal	
AGATCTGTCTGATACG_EBUS_28	tumor	
AGATCTGTCTGGAGCC_EBUS_28	tumor	
AGATCTGTCTTTACGT_EBUS_28	normal	
AGATTGCAGAAACGCC_EBUS_28	normal	
AGATTGCAGGAATGGA_EBUS_28	normal	
AGATTGCCACCTTGTC_EBUS_28	normal	
AGATTGCCAGTGAGTG_EBUS_28	tumor	
AGATTGCGTACCAGTT_EBUS_28	tumor	
AGATTGCGTATGAAAC_EBUS_28	normal	
AGATTGCGTGGACGAT_EBUS_28	normal	
AGATTGCGTTCGCGAC_EBUS_28	normal	
AGATTGCTCCCAAGAT_EBUS_28	tumor	
AGATTGCTCCTATGTT_EBUS_28	normal	
AGCAGCCAGGATGGAA_EBUS_28	tumor	
AGCAGCCCAACGATGG_EBUS_28	normal	
AGCAGCCCAGCTGCAC_EBUS_28	tumor	
AGCAGCCGTCAAAGCG_EBUS_28	tumor	
AGCAGCCGTGCAGACA_EBUS_28	tumor	
AGCATACAGAGGGATA_EBUS_28	normal	
AGCATACCAAGCCGTC_EBUS_28	normal	
AGCATACGTACCGCTG_EBUS_28	tumor	
AGCATACGTTAAAGTG_EBUS_28	tumor	
AGCATACTCAGTTGAC_EBUS_28	tumor	
AGCCTAAAGAACAATC_EBUS_28	tumor	
AGCCTAAAGCGTGAAC_EBUS_28	normal	
AGCCTAAAGGGCACTA_EBUS_28	tumor	
AGCCTAAAGTAGGTGC_EBUS_28	tumor	
AGCCTAACAGCCTTTC_EBUS_28	tumor	
AGCCTAACATTAGCCA_EBUS_28	tumor	
AGCCTAACATTCGACA_EBUS_28	tumor	
AGCCTAAGTATTACCG_EBUS_28	tumor	
AGCCTAAGTTCGTGAT_EBUS_28	normal	
AGCGGTCAGCGATGAC_EBUS_28	tumor	
AGCGGTCAGGCCATAG_EBUS_28	normal	
AGCGGTCAGGCGACAT_EBUS_28	normal	
AGCGGTCAGGGTTTCT_EBUS_28	normal	
AGCGGTCAGTCCAGGA_EBUS_28	tumor	
AGCGGTCAGTGACATA_EBUS_28	normal	
AGCGGTCCACAACTGT_EBUS_28	normal	
AGCGGTCCATACTCTT_EBUS_28	tumor	
AGCGGTCGTACTTCTT_EBUS_28	tumor	
AGCGGTCGTAGATTAG_EBUS_28	normal	
AGCGGTCGTCAGAATA_EBUS_28	normal	
AGCGGTCTCAACGAAA_EBUS_28	normal	
AGCGGTCTCGCGATCG_EBUS_28	tumor	
AGCGGTCTCGTTTGCC_EBUS_28	normal	
AGCGTATAGACTAGGC_EBUS_28	tumor	
AGCGTATAGGCCGAAT_EBUS_28	normal	
AGCGTATCACAGATTC_EBUS_28	tumor	
AGCGTATCACATGACT_EBUS_28	normal	
AGCGTATCAGGGAGAG_EBUS_28	tumor	
AGCGTATCATTTGCTT_EBUS_28	normal	
AGCGTATGTAGCGATG_EBUS_28	tumor	
AGCGTATTCTTGCATT_EBUS_28	tumor	
AGCGTCGAGATGTGTA_EBUS_28	tumor	
AGCGTCGCAATCCGAT_EBUS_28	normal	
AGCGTCGCACGGTAGA_EBUS_28	normal	
AGCGTCGCAGGTCGTC_EBUS_28	tumor	
AGCGTCGGTCGCGTGT_EBUS_28	normal	
AGCGTCGGTGGTGTAG_EBUS_28	tumor	
AGCGTCGGTTTGTTTC_EBUS_28	normal	
AGCGTCGTCAAGATCC_EBUS_28	normal	
AGCGTCGTCACCCGAG_EBUS_28	tumor	
AGCGTCGTCATATCGG_EBUS_28	normal	
AGCGTCGTCCATGAGT_EBUS_28	tumor	
AGCGTCGTCCCATTAT_EBUS_28	normal	
AGCTCCTAGCGACGTA_EBUS_28	tumor	
AGCTCCTAGGAATGGA_EBUS_28	tumor	
AGCTCCTAGTAGGTGC_EBUS_28	tumor	
AGCTCCTCAAGTCTGT_EBUS_28	normal	
AGCTCCTCACGGACAA_EBUS_28	normal	
AGCTCCTGTACTTCTT_EBUS_28	normal	
AGCTCCTGTAGGGTAC_EBUS_28	normal	
AGCTCCTGTTGTTTGG_EBUS_28	normal	
AGCTCCTTCCTGCTTG_EBUS_28	tumor	
AGCTCCTTCGGTCCGA_EBUS_28	tumor	
AGCTCTCAGCACCGCT_EBUS_28	tumor	
AGCTCTCAGCCGATTT_EBUS_28	normal	
AGCTCTCAGCTGCGAA_EBUS_28	normal	
AGCTCTCAGTGTCTCA_EBUS_28	tumor	
AGCTCTCCAGCCACCA_EBUS_28	normal	
AGCTCTCCAGTAACGG_EBUS_28	normal	
AGCTCTCGTAGCCTAT_EBUS_28	tumor	
AGCTCTCGTCTAGTCA_EBUS_28	normal	
AGCTCTCGTCTCCCTA_EBUS_28	normal	
AGCTCTCTCTTGCAAG_EBUS_28	normal	
AGCTTGAAGATGTAAC_EBUS_28	tumor	
AGCTTGAAGCGTTGCC_EBUS_28	normal	
AGCTTGAAGTGGGTTG_EBUS_28	tumor	
AGCTTGACAATAAGCA_EBUS_28	tumor	
AGCTTGACAGATCCAT_EBUS_28	tumor	
AGCTTGACAGTCTTCC_EBUS_28	normal	
AGCTTGAGTAGTGAAT_EBUS_28	normal	
AGCTTGAGTTACTGAC_EBUS_28	tumor	
AGCTTGATCACAACGT_EBUS_28	tumor	
AGCTTGATCTGGCGTG_EBUS_28	tumor	
AGGCCACAGAGCTATA_EBUS_28	tumor	
AGGCCACAGCTAACAA_EBUS_28	normal	
AGGCCACCAAACAACA_EBUS_28	tumor	
AGGCCACCAAGAGTCG_EBUS_28	normal	
AGGCCACCACACCGCA_EBUS_28	tumor	
AGGCCACCACTAAGTC_EBUS_28	tumor	
AGGCCACCAGCTGTTA_EBUS_28	tumor	
AGGCCACCATAACCTG_EBUS_28	tumor	
AGGCCACGTAGCGTCC_EBUS_28	normal	
AGGCCACGTCCTGCTT_EBUS_28	tumor	
AGGCCGTAGCGAAGGG_EBUS_28	tumor	
AGGCCGTAGCGATGAC_EBUS_28	normal	
AGGCCGTGTACCGTTA_EBUS_28	tumor	
AGGCCGTGTACTTAGC_EBUS_28	tumor	
AGGCCGTGTCCGCTGA_EBUS_28	normal	
AGGCCGTGTCTCCACT_EBUS_28	normal	
AGGCCGTGTGTTGGGA_EBUS_28	normal	
AGGCCGTGTTAGAACA_EBUS_28	tumor	
AGGCCGTTCCAAACAC_EBUS_28	normal	
AGGGAGTAGAGATGAG_EBUS_28	tumor	
AGGGAGTAGGACATTA_EBUS_28	normal	
AGGGAGTAGTGCCAGA_EBUS_28	tumor	
AGGGAGTAGTTGAGAT_EBUS_28	tumor	
AGGGAGTGTGACGGTA_EBUS_28	tumor	
AGGGAGTGTTACGGAG_EBUS_28	normal	
AGGGAGTTCACATAGC_EBUS_28	normal	
AGGGAGTTCACCCGAG_EBUS_28	tumor	
AGGGAGTTCATCGCTC_EBUS_28	tumor	
AGGGATGAGGGTGTGT_EBUS_28	tumor	
AGGGATGAGTGAACAT_EBUS_28	normal	
AGGGATGAGTGACATA_EBUS_28	tumor	
AGGGATGAGTGTTGAA_EBUS_28	normal	
AGGGATGCAAATTGCC_EBUS_28	normal	
AGGGATGTCCAGAGGA_EBUS_28	normal	
AGGGATGTCTCATTCA_EBUS_28	tumor	
AGGGTGAAGATAGGAG_EBUS_28	normal	
AGGGTGACACATTAGC_EBUS_28	tumor	
AGGGTGACATGCCACG_EBUS_28	normal	
AGGGTGAGTTGATTGC_EBUS_28	normal	
AGGGTGATCTGCAAGT_EBUS_28	tumor	
AGGGTGATCTGTCCGT_EBUS_28	tumor	
AGGTCATAGCGAAGGG_EBUS_28	tumor	
AGGTCATCACATTTCT_EBUS_28	normal	
AGGTCATCATATGGTC_EBUS_28	tumor	
AGGTCATGTCATATCG_EBUS_28	normal	
AGGTCATTCAACGGCC_EBUS_28	normal	
AGGTCATTCCAAACTG_EBUS_28	tumor	
AGGTCATTCCCTCAGT_EBUS_28	normal	
AGGTCATTCGTATCAG_EBUS_28	normal	
AGGTCCGAGAGATGAG_EBUS_28	tumor	
AGGTCCGAGGAGTTGC_EBUS_28	tumor	
AGGTCCGAGGTGTGGT_EBUS_28	tumor	
AGGTCCGCACGGCCAT_EBUS_28	tumor	
AGGTCCGCACTATCTT_EBUS_28	normal	
AGGTCCGGTCCCTTGT_EBUS_28	normal	
AGGTCCGGTCTAGTGT_EBUS_28	tumor	
AGGTCCGGTGATAAAC_EBUS_28	tumor	
AGGTCCGGTTATCCGA_EBUS_28	tumor	
AGGTCCGTCAAGGCTT_EBUS_28	tumor	
AGGTCCGTCCTAAGTG_EBUS_28	tumor	
AGTAGTCAGTTAAGTG_EBUS_28	normal	
AGTAGTCCACAGGTTT_EBUS_28	tumor	
AGTAGTCCATCGTCGG_EBUS_28	normal	
AGTAGTCCATTTGCTT_EBUS_28	normal	
AGTAGTCGTAGAAAGG_EBUS_28	tumor	
AGTAGTCGTCTTCTCG_EBUS_28	normal	
AGTAGTCTCGTTACAG_EBUS_28	tumor	
AGTAGTCTCTCTAGGA_EBUS_28	normal	
AGTCTTTCAAAGGTGC_EBUS_28	normal	
AGTCTTTCAGACGCCT_EBUS_28	tumor	
AGTCTTTCAGCGTTCG_EBUS_28	tumor	
AGTCTTTGTAGGGTAC_EBUS_28	tumor	
AGTCTTTTCAAGAAGT_EBUS_28	normal	
AGTCTTTTCTATCGCC_EBUS_28	tumor	
AGTGAGGAGACGACGT_EBUS_28	normal	
AGTGAGGAGCGGCTTC_EBUS_28	normal	
AGTGAGGAGTACATGA_EBUS_28	tumor	
AGTGAGGCAAGGCTCC_EBUS_28	normal	
AGTGAGGCAATCAGAA_EBUS_28	normal	
AGTGAGGCACGGTAAG_EBUS_28	tumor	
AGTGAGGGTTACGGAG_EBUS_28	tumor	
AGTGAGGTCTTCGAGA_EBUS_28	tumor	
AGTGGGAAGATGCCTT_EBUS_28	tumor	
AGTGGGAAGGACGAAA_EBUS_28	normal	
AGTGGGAAGGCCGAAT_EBUS_28	normal	
AGTGGGACAAGGTTTC_EBUS_28	tumor	
AGTGGGACACATCTTT_EBUS_28	normal	
AGTGGGAGTAACGCGA_EBUS_28	normal	
AGTGGGAGTCTTCAAG_EBUS_28	tumor	
AGTGGGAGTGCAGTAG_EBUS_28	tumor	
AGTGGGATCCGCGTTT_EBUS_28	tumor	
AGTGGGATCCGTTGCT_EBUS_28	tumor	
AGTGGGATCTAAGCCA_EBUS_28	normal	
AGTGTCAAGAGAACAG_EBUS_28	tumor	
AGTGTCACACCACGTG_EBUS_28	normal	
AGTGTCACACCATCCT_EBUS_28	normal	
AGTGTCACACCTATCC_EBUS_28	tumor	
AGTGTCAGTCCCTACT_EBUS_28	tumor	
AGTGTCAGTCTCTCTG_EBUS_28	tumor	
AGTGTCAGTGTGACCC_EBUS_28	normal	
AGTGTCAGTTCGAATC_EBUS_28	normal	
AGTGTCATCAAACGGG_EBUS_28	tumor	
AGTGTCATCGCCATAA_EBUS_28	normal	
AGTTGGTAGAGATGAG_EBUS_28	normal	
AGTTGGTAGGGCATGT_EBUS_28	normal	
AGTTGGTAGTTAGGTA_EBUS_28	tumor	
AGTTGGTCATAACCTG_EBUS_28	tumor	
AGTTGGTCATTGGTAC_EBUS_28	tumor	
AGTTGGTGTATTAGCC_EBUS_28	normal	
AGTTGGTGTGACTCAT_EBUS_28	normal	
AGTTGGTGTGTGACGA_EBUS_28	tumor	
AGTTGGTGTTAAGACA_EBUS_28	tumor	
AGTTGGTGTTAAGGGC_EBUS_28	tumor	
AGTTGGTTCATTGCCC_EBUS_28	tumor	
AGTTGGTTCCATTCTA_EBUS_28	normal	
AGTTGGTTCGTGGTCG_EBUS_28	normal	
AGTTGGTTCTAACTGG_EBUS_28	tumor	
ATAACGCCACATAACC_EBUS_28	normal	
ATAACGCCACCCATTC_EBUS_28	tumor	
ATAACGCCACGAAATA_EBUS_28	tumor	
ATAACGCCATCCTTGC_EBUS_28	normal	
ATAACGCGTCATCCCT_EBUS_28	tumor	
ATAACGCGTTAAAGTG_EBUS_28	tumor	
ATAACGCTCATGGTCA_EBUS_28	tumor	
ATAACGCTCCAGTAGT_EBUS_28	tumor	
ATAACGCTCGAGAACG_EBUS_28	normal	
ATAAGAGCAGGAATGC_EBUS_28	normal	
ATAAGAGCATATGAGA_EBUS_28	normal	
ATAAGAGTCCATGAGT_EBUS_28	tumor	
ATAAGAGTCCTAAGTG_EBUS_28	normal	
ATAGACCAGATGGCGT_EBUS_28	normal	
ATAGACCAGATGTGGC_EBUS_28	tumor	
ATAGACCAGCCAGGAT_EBUS_28	tumor	
ATAGACCAGTCAAGGC_EBUS_28	tumor	
ATAGACCCAAACCCAT_EBUS_28	tumor	
ATAGACCCAAGACGTG_EBUS_28	tumor	
ATAGACCCAATGGAAT_EBUS_28	tumor	
ATAGACCCAATGGTCT_EBUS_28	tumor	
ATAGACCCACGTCAGC_EBUS_28	normal	
ATAGACCGTATATGGA_EBUS_28	tumor	
ATAGACCGTGTCGCTG_EBUS_28	tumor	
ATAGACCTCCAAACTG_EBUS_28	normal	
ATAGACCTCGTAGGAG_EBUS_28	normal	
ATAGACCTCTTGAGGT_EBUS_28	normal	
ATCACGAAGAGACTTA_EBUS_28	normal	
ATCACGAAGGGTTTCT_EBUS_28	tumor	
ATCACGACACTGTCGG_EBUS_28	tumor	
ATCACGAGTGGTAACG_EBUS_28	tumor	
ATCACGATCAAACAAG_EBUS_28	tumor	
ATCACGATCGCTAGCG_EBUS_28	tumor	
ATCATCTAGACAAAGG_EBUS_28	normal	
ATCATCTAGCAATATG_EBUS_28	tumor	
ATCATCTAGTCTCAAC_EBUS_28	tumor	
ATCATCTCATCGGGTC_EBUS_28	normal	
ATCATCTGTAGCACGA_EBUS_28	tumor	
ATCATCTGTCAGATAA_EBUS_28	normal	
ATCATCTGTGACTCAT_EBUS_28	tumor	
ATCATCTGTTAAGTAG_EBUS_28	normal	
ATCATCTGTTAGTGGG_EBUS_28	tumor	
ATCATCTTCAACACGT_EBUS_28	tumor	
ATCATGGAGTGACATA_EBUS_28	normal	
ATCATGGAGTGGTCCC_EBUS_28	tumor	
ATCATGGCAATCGGTT_EBUS_28	normal	
ATCATGGCAGACGCCT_EBUS_28	tumor	
ATCATGGCAGCATGAG_EBUS_28	normal	
ATCATGGCATACTACG_EBUS_28	normal	
ATCATGGCATGAAGTA_EBUS_28	tumor	
ATCATGGCATGATCCA_EBUS_28	tumor	
ATCATGGGTCGTTGTA_EBUS_28	tumor	
ATCATGGTCATGTGGT_EBUS_28	normal	
ATCATGGTCCGTAGGC_EBUS_28	normal	
ATCCACCAGATCACGG_EBUS_28	normal	
ATCCACCAGCTAAACA_EBUS_28	tumor	
ATCCACCCAACACCCG_EBUS_28	tumor	
ATCCACCCACAGCGTC_EBUS_28	tumor	
ATCCACCCATCACGAT_EBUS_28	tumor	
ATCCACCCATTAACCG_EBUS_28	normal	
ATCCACCGTAAGGGCT_EBUS_28	normal	
ATCCACCGTACCGTTA_EBUS_28	normal	
ATCCACCGTAGATTAG_EBUS_28	tumor	
ATCCACCGTGAACCTT_EBUS_28	normal	
ATCCACCGTGCACCAC_EBUS_28	normal	
ATCCGAACAGGATTGG_EBUS_28	tumor	
ATCCGAACAGGTCCAC_EBUS_28	tumor	
ATCCGAAGTAGTAGTA_EBUS_28	normal	
ATCCGAAGTCTTGTCC_EBUS_28	tumor	
ATCCGAAGTTACGGAG_EBUS_28	tumor	
ATCCGAAGTTCAGCGC_EBUS_28	normal	
ATCCGAATCTCGATGA_EBUS_28	tumor	
ATCGAGTAGCTGAAAT_EBUS_28	tumor	
ATCGAGTCACCACGTG_EBUS_28	tumor	
ATCGAGTCACCAGGTC_EBUS_28	tumor	
ATCGAGTCAGAGTGTG_EBUS_28	tumor	
ATCGAGTCAGCTGCTG_EBUS_28	normal	
ATCGAGTCAGCTGGCT_EBUS_28	normal	
ATCGAGTGTGTGAATA_EBUS_28	tumor	
ATCGAGTTCCAATGGT_EBUS_28	normal	
ATCGAGTTCCAGTAGT_EBUS_28	tumor	
ATCGAGTTCGTTACGA_EBUS_28	tumor	
ATCTACTAGACCACGA_EBUS_28	normal	
ATCTACTAGAGACTTA_EBUS_28	tumor	
ATCTACTAGTAGATGT_EBUS_28	tumor	
ATCTACTAGTCAAGGC_EBUS_28	normal	
ATCTACTAGTCCTCCT_EBUS_28	normal	
ATCTACTCAAGGACTG_EBUS_28	normal	
ATCTACTGTCTAGCGC_EBUS_28	tumor	
ATCTACTGTCTTCTCG_EBUS_28	normal	
ATCTACTTCTGAGGGA_EBUS_28	normal	
ATCTGCCAGAGTGAGA_EBUS_28	normal	
ATCTGCCAGCCAACAG_EBUS_28	normal	
ATCTGCCGTCTAGTCA_EBUS_28	normal	
ATCTGCCTCTCGGACG_EBUS_28	tumor	
ATGAGGGCAGGTGGAT_EBUS_28	normal	
ATGAGGGCATGCCCGA_EBUS_28	normal	
ATGAGGGGTAGCCTAT_EBUS_28	tumor	
ATGAGGGGTCGCATCG_EBUS_28	tumor	
ATGAGGGGTGCCTGCA_EBUS_28	tumor	
ATGAGGGGTTCCCTTG_EBUS_28	tumor	
ATGAGGGTCGTTTATC_EBUS_28	normal	
ATGCGATAGAGAGCTC_EBUS_28	normal	
ATGCGATAGATGTGGC_EBUS_28	tumor	
ATGCGATAGTGTCCCG_EBUS_28	tumor	
ATGCGATCAAGAAGAG_EBUS_28	tumor	
ATGCGATCAATCACAC_EBUS_28	normal	
ATGCGATCAGTCTTCC_EBUS_28	tumor	
ATGCGATCATCATCCC_EBUS_28	normal	
ATGCGATGTTCATGGT_EBUS_28	normal	
ATGCGATGTTTGTGTG_EBUS_28	normal	
ATGCGATTCAGCATGT_EBUS_28	normal	
ATGCGATTCATCGCTC_EBUS_28	normal	
ATGCGATTCGTTTAGG_EBUS_28	tumor	
ATGGGAGAGAGTGAGA_EBUS_28	tumor	
ATGGGAGAGCTTCGCG_EBUS_28	tumor	
ATGGGAGCAATTGCTG_EBUS_28	normal	
ATGGGAGCAGCCAGAA_EBUS_28	tumor	
ATGGGAGCATAAAGGT_EBUS_28	normal	
ATGGGAGCATATACGC_EBUS_28	tumor	
ATGGGAGGTCAACATC_EBUS_28	tumor	
ATGGGAGTCAACACCA_EBUS_28	normal	
ATGGGAGTCTACTCAT_EBUS_28	tumor	
ATGTGTGAGTCCATAC_EBUS_28	normal	
ATGTGTGAGTGGACGT_EBUS_28	tumor	
ATGTGTGAGTGTTAGA_EBUS_28	normal	
ATGTGTGCAACACGCC_EBUS_28	tumor	
ATGTGTGCATCCGCGA_EBUS_28	tumor	
ATGTGTGGTCAGGACA_EBUS_28	tumor	
ATGTGTGGTTACGCGC_EBUS_28	tumor	
ATTACTCAGTCGTTTG_EBUS_28	normal	
ATTACTCCAATGACCT_EBUS_28	tumor	
ATTACTCCACCTCGTT_EBUS_28	normal	
ATTACTCCAGGCGATA_EBUS_28	tumor	
ATTACTCCATAGTAAG_EBUS_28	tumor	
ATTACTCGTACCGGCT_EBUS_28	tumor	
ATTACTCGTATTAGCC_EBUS_28	normal	
ATTACTCGTGACGGTA_EBUS_28	normal	
ATTACTCTCGAATGCT_EBUS_28	tumor	
ATTATCCAGATCTGAA_EBUS_28	tumor	
ATTATCCAGCTAACTC_EBUS_28	tumor	
ATTATCCAGCTAGTGG_EBUS_28	normal	
ATTATCCAGGCTAGAC_EBUS_28	normal	
ATTATCCAGGTTCCTA_EBUS_28	tumor	
ATTATCCAGTCGTTTG_EBUS_28	normal	
ATTATCCAGTGCCATT_EBUS_28	tumor	
ATTATCCCATGCCCGA_EBUS_28	tumor	
ATTATCCGTGCACCAC_EBUS_28	normal	
ATTATCCGTGGAAAGA_EBUS_28	tumor	
ATTATCCTCTAACCGA_EBUS_28	normal	
ATTATCCTCTACTTAC_EBUS_28	normal	
ATTATCCTCTGTCCGT_EBUS_28	normal	
ATTATCCTCTTCATGT_EBUS_28	normal	
ATTCTACAGGGCACTA_EBUS_28	tumor	
ATTCTACAGTATGACA_EBUS_28	normal	
ATTCTACCAAGCGATG_EBUS_28	normal	
ATTCTACCAATCACAC_EBUS_28	normal	
ATTCTACCACACGCTG_EBUS_28	tumor	
ATTCTACCACGCCAGT_EBUS_28	normal	
ATTCTACCACTAGTAC_EBUS_28	normal	
ATTCTACGTAATAGCA_EBUS_28	tumor	
ATTCTACGTGCACTTA_EBUS_28	tumor	
ATTCTACTCTAACTCT_EBUS_28	tumor	
ATTGGACAGCAGCCTC_EBUS_28	tumor	
ATTGGACAGCGTAGTG_EBUS_28	tumor	
ATTGGACAGCTCAACT_EBUS_28	tumor	
ATTGGACCAAGCGATG_EBUS_28	tumor	
ATTGGACCAGACAGGT_EBUS_28	tumor	
ATTGGACCATTACGAC_EBUS_28	tumor	
ATTGGACGTAGCCTAT_EBUS_28	normal	
ATTGGACGTCAGAATA_EBUS_28	normal	
ATTGGACGTTTGACTG_EBUS_28	normal	
ATTGGACTCAGCAACT_EBUS_28	tumor	
ATTGGTGAGCGTGAGT_EBUS_28	tumor	
ATTGGTGAGTAGTGCG_EBUS_28	tumor	
ATTGGTGCAAGTCTGT_EBUS_28	normal	
ATTGGTGCACATGTGT_EBUS_28	tumor	
ATTGGTGCACTGTTAG_EBUS_28	normal	
ATTGGTGTCACCAGGC_EBUS_28	tumor	
ATTGGTGTCCTCTAGC_EBUS_28	normal	
ATTTCTGCAGATTGCT_EBUS_28	tumor	
ATTTCTGCATAAAGGT_EBUS_28	tumor	
ATTTCTGCATGAGCGA_EBUS_28	tumor	
ATTTCTGGTCGAGTTT_EBUS_28	tumor	
ATTTCTGGTTTAGGAA_EBUS_28	tumor	
ATTTCTGTCACAGGCC_EBUS_28	normal	
ATTTCTGTCACTTATC_EBUS_28	tumor	
CAACCAACACGTCAGC_EBUS_28	tumor	
CAACCAAGTCATATCG_EBUS_28	normal	
CAACCAAGTCCGAGTC_EBUS_28	tumor	
CAACCAAGTTCGTGAT_EBUS_28	tumor	
CAACCAATCACCTCGT_EBUS_28	normal	
CAACCTCAGGTAAACT_EBUS_28	tumor	
CAACCTCCAGACGCCT_EBUS_28	normal	
CAACCTCCAGTCAGCC_EBUS_28	normal	
CAACCTCGTACAGACG_EBUS_28	normal	
CAACCTCTCATTCACT_EBUS_28	normal	
CAACCTCTCGGCCGAT_EBUS_28	tumor	
CAACTAGCAATGAAAC_EBUS_28	tumor	
CAACTAGGTAAAGGAG_EBUS_28	tumor	
CAACTAGGTATAGTAG_EBUS_28	normal	
CAAGAAAAGGGAGTAA_EBUS_28	normal	
CAAGAAACAGCTGCAC_EBUS_28	tumor	
CAAGAAACAGTAAGCG_EBUS_28	tumor	
CAAGAAACATGCGCAC_EBUS_28	normal	
CAAGAAACATGCTAGT_EBUS_28	tumor	
CAAGAAACATTTGCTT_EBUS_28	tumor	
CAAGAAAGTACAGCAG_EBUS_28	normal	
CAAGAAAGTGTCGCTG_EBUS_28	tumor	
CAAGAAAGTTCAGACT_EBUS_28	normal	
CAAGAAAGTTCGTTGA_EBUS_28	tumor	
CAAGAAATCACTCTTA_EBUS_28	normal	
CAAGAAATCGGAGCAA_EBUS_28	tumor	
CAAGAAATCGTAGATC_EBUS_28	tumor	
CAAGAAATCTCTGCTG_EBUS_28	normal	
CAAGAAATCTTGCATT_EBUS_28	tumor	
CAAGATCAGCTAGCCC_EBUS_28	normal	
CAAGATCAGGAGCGTT_EBUS_28	normal	
CAAGATCAGTGCTGCC_EBUS_28	tumor	
CAAGATCCACTCAGGC_EBUS_28	tumor	
CAAGATCCAGTTTACG_EBUS_28	normal	
CAAGATCGTGAGGCTA_EBUS_28	tumor	
CAAGATCGTGTGAATA_EBUS_28	normal	
CAAGATCGTTTCGCTC_EBUS_28	tumor	
CAAGATCTCCTGCTTG_EBUS_28	tumor	
CAAGATCTCGTGACAT_EBUS_28	normal	
CAAGATCTCTATCCCG_EBUS_28	normal	
CAAGATCTCTGTCTAT_EBUS_28	normal	
CAAGGCCAGCTTCGCG_EBUS_28	tumor	
CAAGGCCGTTCGGGCT_EBUS_28	tumor	
CAAGGCCGTTGATTGC_EBUS_28	tumor	
CAAGGCCTCAGGCGAA_EBUS_28	tumor	
CAAGGCCTCCGCAGTG_EBUS_28	tumor	
CAAGTTGAGTTCGCGC_EBUS_28	tumor	
CAAGTTGCAAAGGCGT_EBUS_28	normal	
CAAGTTGCAAAGTGCG_EBUS_28	normal	
CAAGTTGCAAGCTGGA_EBUS_28	normal	
CAAGTTGCACTACAGT_EBUS_28	tumor	
CAAGTTGCAGTAAGCG_EBUS_28	tumor	
CAAGTTGCATCGGGTC_EBUS_28	normal	
CAAGTTGGTAGCACGA_EBUS_28	normal	
CAAGTTGGTCAATACC_EBUS_28	tumor	
CAAGTTGGTCCAGTGC_EBUS_28	tumor	
CAAGTTGGTGACCAAG_EBUS_28	normal	
CAAGTTGTCAGCTCGG_EBUS_28	tumor	
CAAGTTGTCATACGGT_EBUS_28	normal	
CAAGTTGTCCAAGCCG_EBUS_28	normal	
CAAGTTGTCCTGCTTG_EBUS_28	normal	
CAAGTTGTCGGCTTGG_EBUS_28	normal	
CACAAACAGATAGCAT_EBUS_28	normal	
CACAAACAGCAGCCTC_EBUS_28	normal	
CACAAACAGGAGTAGA_EBUS_28	tumor	
CACAAACAGGCCATAG_EBUS_28	normal	
CACAAACAGTTCGCAT_EBUS_28	tumor	
CACAAACCACATGACT_EBUS_28	tumor	
CACAAACCATCGGGTC_EBUS_28	normal	
CACAAACGTGATAAAC_EBUS_28	tumor	
CACAAACTCCAGGGCT_EBUS_28	tumor	
CACAAACTCCCTCAGT_EBUS_28	normal	
CACAAACTCGGGAGTA_EBUS_28	tumor	
CACACAAAGGCATTGG_EBUS_28	tumor	
CACACAAAGTGGTAGC_EBUS_28	normal	
CACACAAAGTTACCCA_EBUS_28	normal	
CACACAACAGACGCAA_EBUS_28	tumor	
CACACAACAGGAATCG_EBUS_28	tumor	
CACACAACAGGCTCAC_EBUS_28	tumor	
CACACAACATTGGGCC_EBUS_28	normal	
CACACAAGTACGCTGC_EBUS_28	normal	
CACACAAGTAGGCTGA_EBUS_28	tumor	
CACACAAGTCCGTTAA_EBUS_28	tumor	
CACACAAGTCTCAACA_EBUS_28	normal	
CACACAAGTGCACGAA_EBUS_28	normal	
CACACCTAGCAATATG_EBUS_28	normal	
CACACCTAGCTCTCGG_EBUS_28	tumor	
CACACCTCAATAAGCA_EBUS_28	tumor	
CACACCTCAATCGGTT_EBUS_28	normal	
CACACCTCACGTAAGG_EBUS_28	tumor	
CACACCTGTACCCAAT_EBUS_28	tumor	
CACACCTGTCTGATTG_EBUS_28	tumor	
CACACCTTCATCTGCC_EBUS_28	tumor	
CACACCTTCCACTCCA_EBUS_28	normal	
CACACCTTCCTGCTTG_EBUS_28	tumor	
CACACCTTCTTGCATT_EBUS_28	normal	yes
CACACTCCAGATGGCA_EBUS_28	normal	
CACACTCGTACAGCAG_EBUS_28	tumor	
CACACTCGTTCACGGC_EBUS_28	tumor	
CACACTCTCATACGGT_EBUS_28	normal	
CACACTCTCCGGCACA_EBUS_28	normal	
CACACTCTCTAACTTC_EBUS_28	tumor	
CACAGGCAGTGTGAAT_EBUS_28	tumor	
CACAGGCCAAGTACCT_EBUS_28	tumor	
CACAGGCCACTTACGA_EBUS_28	tumor	
CACAGGCCATGGTCTA_EBUS_28	tumor	
CACAGGCGTTACGCGC_EBUS_28	normal	
CACAGGCGTTGGGACA_EBUS_28	normal	
CACAGGCTCAGGTAAA_EBUS_28	tumor	
CACAGGCTCCCTGACT_EBUS_28	tumor	
CACAGGCTCGCCCTTA_EBUS_28	normal	
CACAGTAAGAAACGCC_EBUS_28	tumor	
CACAGTAAGGCGCTCT_EBUS_28	tumor	
CACAGTAAGTATTGGA_EBUS_28	tumor	
CACAGTACAATGGTCT_EBUS_28	tumor	
CACAGTACAGCTGCTG_EBUS_28	tumor	
CACAGTAGTCAAACTC_EBUS_28	normal	
CACAGTATCGTGTAGT_EBUS_28	tumor	
CACAGTATCTACTATC_EBUS_28	tumor	
CACATAGAGGCCATAG_EBUS_28	tumor	
CACATAGCAATGGAAT_EBUS_28	tumor	
CACATAGCACGCCAGT_EBUS_28	normal	
CACATAGCAGGCAGTA_EBUS_28	tumor	
CACATAGCATGAAGTA_EBUS_28	normal	
CACATAGCATTAGGCT_EBUS_28	tumor	
CACATAGGTGACTCAT_EBUS_28	tumor	
CACATAGTCGATCCCT_EBUS_28	normal	
CACATAGTCTGATACG_EBUS_28	normal	
CACATTTAGGTAGCTG_EBUS_28	tumor	
CACATTTGTGTGGCTC_EBUS_28	tumor	
CACATTTGTTAGATGA_EBUS_28	normal	
CACATTTTCAGATAAG_EBUS_28	tumor	
CACATTTTCCAATGGT_EBUS_28	tumor	
CACATTTTCCGTCATC_EBUS_28	tumor	
CACCACTCACCATGTA_EBUS_28	tumor	
CACCACTCACCCATGG_EBUS_28	tumor	
CACCACTCAGCTGCAC_EBUS_28	normal	
CACCACTGTGGTCCGT_EBUS_28	normal	
CACCACTGTTTGACTG_EBUS_28	tumor	
CACCACTTCCAACCAA_EBUS_28	tumor	
CACCACTTCGCATGAT_EBUS_28	tumor	
CACCACTTCGTCGTTC_EBUS_28	normal	
CACCACTTCTCCTATA_EBUS_28	normal	
CACCACTTCTGTACGA_EBUS_28	normal	
CACCAGGAGCAGCCTC_EBUS_28	tumor	
CACCAGGAGGTTCCTA_EBUS_28	tumor	
CACCAGGAGTAGCGGT_EBUS_28	tumor	
CACCAGGCACACTGCG_EBUS_28	tumor	
CACCAGGCACCGAATT_EBUS_28	normal	
CACCAGGGTAAACGCG_EBUS_28	normal	
CACCAGGTCACCCTCA_EBUS_28	normal	
CACCAGGTCATGGTCA_EBUS_28	tumor	
CACCAGGTCTGCAAGT_EBUS_28	tumor	
CACCTTGAGGGCACTA_EBUS_28	tumor	
CACCTTGAGGGTATCG_EBUS_28	tumor	
CACCTTGCACATGTGT_EBUS_28	tumor	
CACCTTGCACCTCGGA_EBUS_28	tumor	
CACCTTGCATAAGACA_EBUS_28	normal	
CACCTTGCATCGATGT_EBUS_28	tumor	
CACCTTGGTACAGTTC_EBUS_28	tumor	
CACCTTGGTCCGAAGA_EBUS_28	normal	
CACCTTGGTTGATTCG_EBUS_28	tumor	
CACCTTGTCCAATGGT_EBUS_28	normal	
CACCTTGTCCCTCTTT_EBUS_28	normal	
CACCTTGTCGACCAGC_EBUS_28	tumor	
CACCTTGTCGAGCCCA_EBUS_28	normal	
CACTCCAAGGACATTA_EBUS_28	normal	
CACTCCAAGTGTCCAT_EBUS_28	tumor	
CACTCCACAAGTCATC_EBUS_28	normal	
CACTCCACAGCCTATA_EBUS_28	tumor	
CACTCCATCCCAAGTA_EBUS_28	normal	
CACTCCATCCGGGTGT_EBUS_28	normal	
CAGAATCAGTGATCGG_EBUS_28	normal	
CAGAATCAGTGCAAGC_EBUS_28	normal	
CAGAATCCAGGGTTAG_EBUS_28	tumor	
CAGAATCCAGGTGGAT_EBUS_28	tumor	
CAGAATCGTATATGAG_EBUS_28	normal	
CAGAATCGTGTTTGTG_EBUS_28	tumor	
CAGAATCGTTCAGGCC_EBUS_28	normal	
CAGAGAGAGAGTACAT_EBUS_28	tumor	
CAGAGAGAGGACATTA_EBUS_28	tumor	
CAGAGAGAGTGGCACA_EBUS_28	tumor	
CAGAGAGAGTGTTTGC_EBUS_28	tumor	
CAGAGAGGTCCTCTTG_EBUS_28	normal	
CAGAGAGGTGCAACGA_EBUS_28	normal	
CAGAGAGGTTCGGGCT_EBUS_28	normal	
CAGAGAGTCAAGGCTT_EBUS_28	tumor	
CAGAGAGTCCAAACTG_EBUS_28	tumor	
CAGAGAGTCGGTTAAC_EBUS_28	normal	
CAGATCACAATGTAAG_EBUS_28	normal	
CAGATCACACAGGAGT_EBUS_28	normal	
CAGATCACACATCTTT_EBUS_28	normal	
CAGATCACACGGCCAT_EBUS_28	normal	
CAGATCACATGTAGTC_EBUS_28	tumor	
CAGATCACATGTCCTC_EBUS_28	normal	
CAGATCAGTCCTCCAT_EBUS_28	tumor	
CAGATCAGTTAAAGAC_EBUS_28	tumor	
CAGATCATCATTTGGG_EBUS_28	normal	
CAGCAGCAGTTCGCAT_EBUS_28	tumor	
CAGCAGCCACAACTGT_EBUS_28	tumor	
CAGCAGCCACGGATAG_EBUS_28	normal	
CAGCAGCCAGTATGCT_EBUS_28	normal	
CAGCAGCCATTTCACT_EBUS_28	normal	
CAGCAGCGTCCTCCAT_EBUS_28	normal	
CAGCAGCTCAGAGGTG_EBUS_28	normal	
CAGCAGCTCTCTGTCG_EBUS_28	normal	
CAGCATAAGCAGGCTA_EBUS_28	normal	
CAGCATAAGCCAGTAG_EBUS_28	tumor	
CAGCATACATGACATC_EBUS_28	tumor	
CAGCATACATGCCTTC_EBUS_28	tumor	
CAGCATACATTACGAC_EBUS_28	normal	
CAGCATAGTCCAGTTA_EBUS_28	normal	
CAGCATAGTTGGTGGA_EBUS_28	normal	
CAGCATATCAAGGTAA_EBUS_28	normal	
CAGCATATCGACCAGC_EBUS_28	normal	
CAGCATATCGCAAACT_EBUS_28	normal	
CAGCATATCGCCAAAT_EBUS_28	normal	
CAGCATATCTGTTGAG_EBUS_28	tumor	
CAGCCGACATCGTCGG_EBUS_28	tumor	
CAGCCGACATGGTCAT_EBUS_28	normal	
CAGCCGAGTGTCAATC_EBUS_28	tumor	
CAGCCGATCAAACCGT_EBUS_28	tumor	
CAGCCGATCAACGAAA_EBUS_28	tumor	
CAGCCGATCTTGTATC_EBUS_28	normal	
CAGCGACCACATTTCT_EBUS_28	normal	
CAGCGACGTCACACGC_EBUS_28	tumor	
CAGCGACTCACCTTAT_EBUS_28	normal	
CAGCGACTCAGGTAAA_EBUS_28	tumor	
CAGCGACTCAGTACGT_EBUS_28	tumor	
CAGCGACTCTACGAGT_EBUS_28	tumor	
CAGCTAAAGACAAGCC_EBUS_28	tumor	
CAGCTAAAGATCTGAA_EBUS_28	normal	
CAGCTAAAGTCTCCTC_EBUS_28	tumor	
CAGCTAACACAGACTT_EBUS_28	tumor	
CAGCTAACACCCATTC_EBUS_28	normal	
CAGCTAACACCTCGGA_EBUS_28	tumor	
CAGCTAACAGAGTGTG_EBUS_28	normal	
CAGCTAACATGCCCGA_EBUS_28	tumor	
CAGCTAAGTAAGGGAA_EBUS_28	normal	
CAGCTAAGTAAGTGTA_EBUS_28	tumor	
CAGCTAAGTGTCCTCT_EBUS_28	normal	
CAGCTGGAGTCCGTAT_EBUS_28	tumor	
CAGCTGGAGTTAACGA_EBUS_28	tumor	
CAGCTGGCATCGGGTC_EBUS_28	normal	
CAGCTGGCATTCGACA_EBUS_28	normal	
CAGCTGGCATTTGCTT_EBUS_28	tumor	
CAGCTGGGTAGCGCAA_EBUS_28	normal	
CAGCTGGGTCAGAGGT_EBUS_28	tumor	
CAGCTGGGTCTACCTC_EBUS_28	normal	
CAGCTGGTCGCGGATC_EBUS_28	tumor	
CAGGTGCCAGATGGCA_EBUS_28	normal	
CAGGTGCTCACGGTTA_EBUS_28	tumor	
CAGTAACAGCACAGGT_EBUS_28	normal	
CAGTAACAGCAGCGTA_EBUS_28	normal	
CAGTAACAGGCAATTA_EBUS_28	tumor	
CAGTAACCAAGCCTAT_EBUS_28	normal	
CAGTAACCAAGTTCTG_EBUS_28	normal	
CAGTAACTCATGTAGC_EBUS_28	tumor	
CAGTAACTCATGTCTT_EBUS_28	tumor	
CAGTAACTCGATCCCT_EBUS_28	tumor	
CAGTAACTCGGTGTTA_EBUS_28	tumor	
CAGTCCTAGCTCAACT_EBUS_28	normal	
CAGTCCTAGGTGATAT_EBUS_28	tumor	
CAGTCCTCATGCCTTC_EBUS_28	tumor	
CAGTCCTGTCTAAAGA_EBUS_28	normal	
CAGTCCTGTCTTGCGG_EBUS_28	tumor	
CAGTCCTGTGATGTGG_EBUS_28	tumor	
CAGTCCTGTTGGACCC_EBUS_28	normal	
CAGTCCTTCACCCTCA_EBUS_28	normal	
CAGTCCTTCTGCGGCA_EBUS_28	normal	
CATATGGAGCTTATCG_EBUS_28	normal	
CATATGGAGGGCTTCC_EBUS_28	tumor	
CATATGGAGTCATCCA_EBUS_28	tumor	
CATATGGCACAGATTC_EBUS_28	normal	
CATATGGCACGCCAGT_EBUS_28	normal	
CATATGGCACGGATAG_EBUS_28	tumor	
CATATGGCACGTGAGA_EBUS_28	tumor	
CATATGGCATCCGCGA_EBUS_28	normal	
CATATGGGTCGACTAT_EBUS_28	tumor	
CATATGGGTTGTGGCC_EBUS_28	tumor	
CATATGGTCCTGCCAT_EBUS_28	tumor	
CATATGGTCTACCAGA_EBUS_28	tumor	
CATATTCCAAACTGTC_EBUS_28	normal	
CATATTCCACCATCCT_EBUS_28	normal	
CATATTCCAGCTGCTG_EBUS_28	normal	
CATATTCCATACGCTA_EBUS_28	tumor	
CATATTCGTAGCGCAA_EBUS_28	normal	
CATATTCGTCCAAGTT_EBUS_28	normal	
CATATTCGTCCATGAT_EBUS_28	normal	
CATATTCTCCACGTTC_EBUS_28	tumor	
CATATTCTCGTCACGG_EBUS_28	normal	
CATCAAGAGTGCCAGA_EBUS_28	tumor	
CATCAAGCAAGCGATG_EBUS_28	normal	
CATCAAGCAATGCCAT_EBUS_28	normal	
CATCAAGGTCCAGTAT_EBUS_28	tumor	
CATCAAGTCACATAGC_EBUS_28	normal	
CATCAAGTCCAAACAC_EBUS_28	tumor	
CATCAGAAGGCTCATT_EBUS_28	normal	
CATCAGACAGCTGTTA_EBUS_28	tumor	
CATCAGAGTTCGCTAA_EBUS_28	tumor	
CATCAGATCAGGCCCA_EBUS_28	tumor	
CATCAGATCTCCAGGG_EBUS_28	normal	
CATCAGATCTTGACGA_EBUS_28	tumor	
CATCCACCAAGCCTAT_EBUS_28	normal	
CATCCACCAGTAACGG_EBUS_28	tumor	
CATCCACCATGTTGAC_EBUS_28	tumor	
CATCCACGTCTTGCGG_EBUS_28	tumor	
CATCCACGTGTGGCTC_EBUS_28	tumor	
CATCCACTCACCTCGT_EBUS_28	tumor	
CATCCACTCACTGGGC_EBUS_28	normal	
CATCCACTCATGGTCA_EBUS_28	tumor	
CATCCACTCTATCCTA_EBUS_28	tumor	
CATCGAAAGTTACGGG_EBUS_28	normal	
CATCGAACAATAGCGG_EBUS_28	tumor	
CATCGAACAGGATCGA_EBUS_28	tumor	
CATCGAAGTAAATGAC_EBUS_28	tumor	
CATCGAATCGCGGATC_EBUS_28	tumor	
CATCGGGAGAGCAATT_EBUS_28	normal	
CATCGGGAGCGGATCA_EBUS_28	tumor	
CATCGGGAGCGTTGCC_EBUS_28	normal	
CATCGGGAGTCCATAC_EBUS_28	normal	
CATCGGGCATAACCTG_EBUS_28	normal	
CATCGGGGTAAGTTCC_EBUS_28	tumor	
CATCGGGGTCGCGTGT_EBUS_28	normal	
CATCGGGTCATCGCTC_EBUS_28	normal	
CATCGGGTCTCCTATA_EBUS_28	normal	
CATGACAAGAAGAAGC_EBUS_28	normal	
CATGACAAGACATAAC_EBUS_28	tumor	
CATGACAAGTTGAGTA_EBUS_28	tumor	
CATGACACATTGCGGC_EBUS_28	normal	
CATGACAGTCATCCCT_EBUS_28	tumor	
CATGACAGTTTGGCGC_EBUS_28	tumor	
CATGACATCCGCAAGC_EBUS_28	tumor	
CATGCCTAGTACGTTC_EBUS_28	normal	
CATGCCTCACTAGTAC_EBUS_28	tumor	
CATGCCTCAGGAACGT_EBUS_28	normal	
CATGCCTCAGTTCATG_EBUS_28	normal	
CATGCCTCATGGGAAC_EBUS_28	normal	
CATGCCTGTCTTTCAT_EBUS_28	normal	
CATGCCTTCAGGCAAG_EBUS_28	tumor	
CATGCCTTCTGCAAGT_EBUS_28	tumor	
CATGGCGAGAGCTGCA_EBUS_28	normal	
CATGGCGCAGCTTCGG_EBUS_28	normal	
CATTATCAGCAGCCTC_EBUS_28	tumor	
CATTATCCAGCTCGCA_EBUS_28	tumor	
CATTATCCATCGTCGG_EBUS_28	tumor	
CATTATCCATCTCGCT_EBUS_28	tumor	
CATTATCGTAGCAAAT_EBUS_28	tumor	
CATTATCGTATAGGGC_EBUS_28	normal	
CATTATCGTGGTAACG_EBUS_28	tumor	
CATTATCGTTCCATGA_EBUS_28	normal	
CATTATCTCCAGTATG_EBUS_28	normal	
CATTATCTCCCTAACC_EBUS_28	tumor	
CATTCGCGTAAGGGCT_EBUS_28	tumor	
CATTCGCTCAGTACGT_EBUS_28	tumor	
CATTCGCTCCCTTGCA_EBUS_28	tumor	
CATTCGCTCGCACTCT_EBUS_28	tumor	
CATTCGCTCTCCTATA_EBUS_28	tumor	
CCAATCCAGAGTAAGG_EBUS_28	tumor	
CCAATCCAGGACGAAA_EBUS_28	tumor	
CCAATCCCACGCTTTC_EBUS_28	normal	
CCAATCCCAGACAAGC_EBUS_28	normal	
CCAATCCCATGCTGGC_EBUS_28	normal	
CCAATCCGTTATGTGC_EBUS_28	normal	
CCACCTAAGCAATCTC_EBUS_28	normal	
CCACCTAAGCCTATGT_EBUS_28	tumor	
CCACCTAAGTGTACCT_EBUS_28	normal	
CCACCTAAGTGTGGCA_EBUS_28	tumor	
CCACCTAAGTTGCAGG_EBUS_28	tumor	
CCACCTACAGCTCGAC_EBUS_28	normal	
CCACCTACAGTACACT_EBUS_28	normal	
CCACCTAGTACCGCTG_EBUS_28	normal	
CCACCTAGTCTGATCA_EBUS_28	tumor	
CCACCTAGTCTTGCGG_EBUS_28	tumor	
CCACCTATCACCTTAT_EBUS_28	normal	
CCACCTATCTCAAACG_EBUS_28	tumor	
CCACCTATCTGATACG_EBUS_28	tumor	
CCACGGAAGTAGATGT_EBUS_28	normal	
CCACGGAAGTCGTACT_EBUS_28	tumor	
CCACGGACAACGATGG_EBUS_28	tumor	
CCACGGACACAGACAG_EBUS_28	tumor	
CCACGGACAGATTGCT_EBUS_28	tumor	
CCACGGACATCGATTG_EBUS_28	tumor	
CCACGGATCACAGGCC_EBUS_28	tumor	
CCACGGATCCGCATCT_EBUS_28	tumor	
CCACGGATCGAGAACG_EBUS_28	tumor	
CCACGGATCGGCTTGG_EBUS_28	tumor	
CCACTACAGAGCTTCT_EBUS_28	tumor	
CCACTACAGGTGATTA_EBUS_28	tumor	
CCACTACAGTGAACGC_EBUS_28	normal	
CCACTACCAAGTTCTG_EBUS_28	tumor	
CCACTACCACACAGAG_EBUS_28	tumor	
CCACTACCACCAGGCT_EBUS_28	normal	
CCACTACGTAGAGCTG_EBUS_28	tumor	
CCACTACTCCTTGGTC_EBUS_28	tumor	
CCACTACTCTTTACGT_EBUS_28	tumor	
CCAGCGAAGATGTTAG_EBUS_28	tumor	
CCAGCGAAGGATTCGG_EBUS_28	tumor	
CCAGCGAAGGCTAGAC_EBUS_28	tumor	
CCAGCGACAAGTAGTA_EBUS_28	normal	
CCAGCGAGTAAATACG_EBUS_28	normal	
CCAGCGAGTGCGCTTG_EBUS_28	normal	
CCAGCGAGTGCTCTTC_EBUS_28	tumor	
CCAGCGATCATATCGG_EBUS_28	tumor	
CCAGCGATCCTTTACA_EBUS_28	tumor	
CCATGTCAGATATACG_EBUS_28	normal	
CCATGTCAGCGGCTTC_EBUS_28	normal	
CCATGTCAGTCGTACT_EBUS_28	tumor	
CCATGTCGTGGGTCAA_EBUS_28	tumor	
CCATGTCTCAACGGGA_EBUS_28	tumor	
CCATGTCTCACCGGGT_EBUS_28	normal	
CCATGTCTCGTCGTTC_EBUS_28	normal	
CCATGTCTCGTGGTCG_EBUS_28	tumor	
CCATTCGAGACGCAAC_EBUS_28	tumor	
CCATTCGAGGCTCATT_EBUS_28	normal	
CCATTCGAGTGAACAT_EBUS_28	normal	
CCATTCGCAAGTCTAC_EBUS_28	normal	
CCATTCGCAGCTTCGG_EBUS_28	normal	
CCATTCGCATCCTTGC_EBUS_28	normal	
CCATTCGGTAATTGGA_EBUS_28	normal	
CCATTCGGTCCAGTAT_EBUS_28	normal	
CCATTCGGTGACAAAT_EBUS_28	normal	
CCATTCGGTTAAGGGC_EBUS_28	normal	
CCATTCGGTTCGCTAA_EBUS_28	normal	
CCATTCGTCCATGAAC_EBUS_28	tumor	
CCCAATCCAAGACACG_EBUS_28	tumor	
CCCAATCCAATGGATA_EBUS_28	normal	
CCCAATCCAGGCAGTA_EBUS_28	normal	
CCCAATCGTACAGACG_EBUS_28	normal	
CCCAATCGTAGTACCT_EBUS_28	normal	
CCCAATCGTCTCGTTC_EBUS_28	tumor	
CCCAATCGTGATGTCT_EBUS_28	normal	
CCCAATCGTTCTCATT_EBUS_28	tumor	
CCCAATCTCATCACCC_EBUS_28	tumor	
CCCAATCTCGGCTTGG_EBUS_28	normal	
CCCAGTTAGCAACGGT_EBUS_28	tumor	
CCCAGTTAGTAGCCGA_EBUS_28	tumor	
CCCAGTTCATTAACCG_EBUS_28	tumor	
CCCAGTTCATTCCTCG_EBUS_28	tumor	
CCCAGTTGTCCAGTAT_EBUS_28	normal	
CCCAGTTGTCTCTTTA_EBUS_28	normal	
CCCAGTTGTGTGGCTC_EBUS_28	tumor	
CCCAGTTTCCAAAGTC_EBUS_28	tumor	
CCCATACAGACGCACA_EBUS_28	normal	
CCCATACCACAACGTT_EBUS_28	tumor	
CCCATACCACGCGAAA_EBUS_28	tumor	
CCCATACCATCCCATC_EBUS_28	normal	
CCCATACCATTTGCTT_EBUS_28	tumor	
CCCATACGTAAATGTG_EBUS_28	tumor	
CCCATACGTACGAAAT_EBUS_28	tumor	
CCCATACGTCTTCAAG_EBUS_28	normal	
CCCATACGTGGTGTAG_EBUS_28	tumor	
CCCATACGTTCGTGAT_EBUS_28	tumor	
CCCATACTCAGAGGTG_EBUS_28	tumor	
CCCATACTCTCCAGGG_EBUS_28	tumor	
CCCATACTCTGCCAGG_EBUS_28	tumor	
CCCTCCTAGCTGAAAT_EBUS_28	normal	
CCCTCCTAGTAGATGT_EBUS_28	normal	
CCCTCCTCACAGATTC_EBUS_28	normal	
CCCTCCTCATGGTTGT_EBUS_28	tumor	
CCCTCCTGTCGAATCT_EBUS_28	tumor	
CCCTCCTGTTCCACAA_EBUS_28	tumor	
CCCTCCTGTTTGTTTC_EBUS_28	tumor	
CCCTCCTTCAGCGACC_EBUS_28	normal	
CCCTCCTTCATAAAGG_EBUS_28	normal	
CCCTCCTTCCTTTCGG_EBUS_28	tumor	
CCCTCCTTCTCAAGTG_EBUS_28	normal	
CCCTCCTTCTGTCTAT_EBUS_28	tumor	
CCCTCCTTCTTACCGC_EBUS_28	normal	
CCGGGATAGAATAGGG_EBUS_28	normal	
CCGGGATAGCCACGCT_EBUS_28	normal	
CCGGGATCAATGGACG_EBUS_28	normal	
CCGGGATGTCCGACGT_EBUS_28	tumor	
CCGGGATTCACCCTCA_EBUS_28	tumor	
CCGGGATTCACGATGT_EBUS_28	tumor	
CCGGGATTCCATTCTA_EBUS_28	tumor	
CCGGTAGAGCTGAAAT_EBUS_28	normal	
CCGGTAGGTCGAGTTT_EBUS_28	normal	
CCGGTAGTCATACGGT_EBUS_28	tumor	
CCGTACTAGCCAGTTT_EBUS_28	normal	
CCGTACTCAGACGCCT_EBUS_28	normal	
CCGTACTCAGCTCCGA_EBUS_28	normal	
CCGTACTGTCTGCAAT_EBUS_28	tumor	
CCGTACTGTGCATCTA_EBUS_28	normal	
CCGTACTGTTAAGATG_EBUS_28	normal	
CCGTACTTCACATAGC_EBUS_28	tumor	
CCGTACTTCACTGGGC_EBUS_28	tumor	
CCGTACTTCAGTTTGG_EBUS_28	tumor	
CCGTACTTCCCTCTTT_EBUS_28	tumor	
CCGTACTTCTACCAGA_EBUS_28	normal	
CCGTACTTCTGCGTAA_EBUS_28	normal	
CCGTACTTCTTGGGTA_EBUS_28	normal	
CCGTGGAAGAGTACAT_EBUS_28	tumor	
CCGTGGAAGCGTAGTG_EBUS_28	normal	
CCGTGGAAGGTAGCCA_EBUS_28	normal	
CCGTGGAAGTTGTCGT_EBUS_28	tumor	
CCGTGGACACGCGAAA_EBUS_28	normal	
CCGTGGACATTCCTGC_EBUS_28	tumor	
CCGTGGAGTCCAGTGC_EBUS_28	normal	
CCGTGGAGTGTGGTTT_EBUS_28	tumor	
CCGTGGAGTTATCACG_EBUS_28	tumor	
CCGTGGATCACAGGCC_EBUS_28	normal	
CCGTGGATCTACCAGA_EBUS_28	tumor	
CCGTGGATCTGCGACG_EBUS_28	normal	
CCGTTCAAGCGCCTCA_EBUS_28	normal	
CCGTTCAAGGCATGTG_EBUS_28	tumor	
CCGTTCAAGTAGGTGC_EBUS_28	normal	
CCGTTCACACATTCGA_EBUS_28	normal	
CCGTTCATCCGCATCT_EBUS_28	normal	
CCTAAAGAGGGTGTGT_EBUS_28	tumor	
CCTAAAGAGTCTCCTC_EBUS_28	tumor	
CCTAAAGCAAGCCGCT_EBUS_28	tumor	
CCTAAAGCACGGTAAG_EBUS_28	tumor	
CCTAAAGCACTGCCAG_EBUS_28	tumor	
CCTAAAGCAGATAATG_EBUS_28	normal	
CCTAAAGCATGTAAGA_EBUS_28	tumor	
CCTAAAGGTTATCGGT_EBUS_28	normal	
CCTAAAGTCGTACCGG_EBUS_28	tumor	
CCTAAAGTCTACCTGC_EBUS_28	tumor	
CCTACACAGAAGGTTT_EBUS_28	normal	
CCTACACAGGGATGGG_EBUS_28	tumor	
CCTACACAGTGGCACA_EBUS_28	tumor	
CCTACACCACCAGGTC_EBUS_28	tumor	
CCTACACCACCTCGTT_EBUS_28	normal	
CCTACACCATATGGTC_EBUS_28	normal	
CCTACACCATTAGGCT_EBUS_28	tumor	
CCTACACGTCCATGAT_EBUS_28	tumor	
CCTACACGTGTAATGA_EBUS_28	normal	
CCTACACGTTAAGGGC_EBUS_28	tumor	
CCTACACGTTTAGGAA_EBUS_28	normal	
CCTACACTCAACGAAA_EBUS_28	normal	
CCTACACTCAGGCAAG_EBUS_28	normal	
CCTACACTCTGACCTC_EBUS_28	tumor	
CCTACACTCTGTCTCG_EBUS_28	normal	
CCTACCAAGACCCACC_EBUS_28	tumor	
CCTACCAAGTACGACG_EBUS_28	normal	
CCTACCAAGTGAAGTT_EBUS_28	tumor	
CCTACCAAGTTACGGG_EBUS_28	tumor	
CCTACCACACATGGGA_EBUS_28	normal	
CCTACCAGTCACACGC_EBUS_28	tumor	
CCTACCAGTGTTAAGA_EBUS_28	normal	
CCTACCATCAACGGGA_EBUS_28	normal	
CCTACCATCGGAGGTA_EBUS_28	tumor	
CCTAGCTAGCTACCTA_EBUS_28	normal	
CCTAGCTAGTACGTAA_EBUS_28	tumor	
CCTAGCTCACATCTTT_EBUS_28	normal	
CCTAGCTCAGCCAATT_EBUS_28	tumor	
CCTAGCTGTCGTGGCT_EBUS_28	normal	
CCTAGCTTCAGCATGT_EBUS_28	normal	
CCTAGCTTCGTGACAT_EBUS_28	normal	
CCTAGCTTCGTTGACA_EBUS_28	tumor	
CCTAGCTTCTCGGACG_EBUS_28	normal	
CCTATTAAGCAGATCG_EBUS_28	tumor	
CCTATTAAGCTAGTGG_EBUS_28	normal	
CCTATTAAGGCATGGT_EBUS_28	tumor	
CCTATTACAAGTTCTG_EBUS_28	tumor	
CCTATTACACGCGAAA_EBUS_28	tumor	
CCTATTAGTACGACCC_EBUS_28	tumor	
CCTATTAGTCCAGTAT_EBUS_28	tumor	
CCTATTAGTCTGCCAG_EBUS_28	tumor	
CCTCAGTAGGTCATCT_EBUS_28	normal	
CCTCAGTAGTCGATAA_EBUS_28	normal	
CCTCAGTCAAGGTTTC_EBUS_28	normal	
CCTCAGTCAGACGTAG_EBUS_28	normal	
CCTCAGTCATGCTAGT_EBUS_28	normal	
CCTCAGTGTGTTTGGT_EBUS_28	normal	
CCTCAGTGTTCTGAAC_EBUS_28	tumor	
CCTCTGAAGAATGTTG_EBUS_28	tumor	
CCTCTGAAGCATGGCA_EBUS_28	normal	
CCTCTGAAGGCTCATT_EBUS_28	tumor	
CCTCTGAAGGGCTTCC_EBUS_28	tumor	
CCTCTGAAGGGTTTCT_EBUS_28	normal	
CCTCTGAAGGTGCTTT_EBUS_28	normal	
CCTCTGAAGTTAGGTA_EBUS_28	normal	
CCTCTGACAAGGTGTG_EBUS_28	normal	
CCTCTGACACATGGGA_EBUS_28	tumor	
CCTCTGACATACGCCG_EBUS_28	normal	
CCTCTGAGTACGCTGC_EBUS_28	normal	
CCTCTGAGTTAAGGGC_EBUS_28	tumor	
CCTCTGAGTTGCGTTA_EBUS_28	tumor	
CCTCTGATCAGAAATG_EBUS_28	normal	
CCTCTGATCCCAGGTG_EBUS_28	tumor	
CCTCTGATCGGCGGTT_EBUS_28	tumor	
CCTCTGATCTATCCCG_EBUS_28	tumor	
CCTCTGATCTATCCTA_EBUS_28	normal	
CCTCTGATCTCGCATC_EBUS_28	normal	
CCTCTGATCTGGCGAC_EBUS_28	normal	
CCTCTGATCTGGTGTA_EBUS_28	normal	
CCTTACGAGGCACATG_EBUS_28	normal	
CCTTACGCAACTTGAC_EBUS_28	normal	
CCTTACGCATCGATTG_EBUS_28	tumor	
CCTTACGGTAGGACAC_EBUS_28	normal	
CCTTACGTCTGTCAAG_EBUS_28	normal	
CCTTCCCAGACTCGGA_EBUS_28	normal	
CCTTCCCAGGTGCTTT_EBUS_28	normal	
CCTTCCCCACAACGTT_EBUS_28	normal	
CCTTCCCCACTGAAGG_EBUS_28	normal	
CCTTCCCCAGTAAGAT_EBUS_28	normal	
CCTTCCCGTCGAACAG_EBUS_28	tumor	
CCTTCCCGTCGCGAAA_EBUS_28	normal	
CCTTCCCGTTAAGATG_EBUS_28	tumor	
CCTTCCCGTTGGGACA_EBUS_28	normal	
CCTTCCCTCATGTCCC_EBUS_28	tumor	
CCTTCCCTCCAGTATG_EBUS_28	normal	
CCTTCCCTCTGGCGTG_EBUS_28	tumor	
CCTTCGAAGTTTGCGT_EBUS_28	tumor	
CCTTCGACAAGCGTAG_EBUS_28	tumor	
CCTTCGACAAGGTTCT_EBUS_28	tumor	
CCTTCGACACTGAAGG_EBUS_28	normal	
CCTTCGAGTCGAGATG_EBUS_28	normal	
CCTTCGAGTCTTGATG_EBUS_28	tumor	
CCTTCGAGTGCAACGA_EBUS_28	normal	
CCTTCGAGTTCCCGAG_EBUS_28	tumor	
CCTTCGAGTTGCGCAC_EBUS_28	tumor	
CCTTCGATCCGTCATC_EBUS_28	normal	
CCTTTCTCAATAGCGG_EBUS_28	normal	
CCTTTCTCAGTTCCCT_EBUS_28	tumor	
CCTTTCTGTAGCCTCG_EBUS_28	tumor	
CCTTTCTGTTAGTGGG_EBUS_28	tumor	
CCTTTCTGTTCTCATT_EBUS_28	tumor	
CGAACATAGGAACTGC_EBUS_28	tumor	
CGAACATAGGCCCTTG_EBUS_28	tumor	
CGAACATCATCTCCCA_EBUS_28	normal	
CGAACATGTATAGGTA_EBUS_28	tumor	
CGAACATGTCATCGGC_EBUS_28	tumor	
CGAACATGTTACCGAT_EBUS_28	tumor	
CGAACATGTTACGGAG_EBUS_28	normal	
CGAACATTCAGTACGT_EBUS_28	tumor	
CGAACATTCAGTTAGC_EBUS_28	normal	
CGAACATTCATATCGG_EBUS_28	normal	
CGAACATTCCAACCAA_EBUS_28	normal	
CGAACATTCGCATGAT_EBUS_28	normal	
CGAATGTAGACTCGGA_EBUS_28	normal	
CGAATGTAGATCCGAG_EBUS_28	normal	
CGAATGTCAAACTGCT_EBUS_28	tumor	
CGAATGTCACACGCTG_EBUS_28	normal	
CGAATGTCAGTTCCCT_EBUS_28	tumor	
CGAATGTCATCGATGT_EBUS_28	tumor	
CGAATGTGTCACAAGG_EBUS_28	normal	
CGAATGTGTCCCTACT_EBUS_28	normal	
CGAATGTTCGCATGGC_EBUS_28	normal	
CGAATGTTCGTAGGTT_EBUS_28	tumor	
CGACCTTAGACTCGGA_EBUS_28	tumor	
CGACCTTAGATCCCAT_EBUS_28	tumor	
CGACCTTCATATACGC_EBUS_28	tumor	
CGACCTTCATCACGAT_EBUS_28	tumor	
CGACCTTTCAAGCCTA_EBUS_28	tumor	
CGACTTCAGAACTGTA_EBUS_28	normal	
CGACTTCAGACAGAGA_EBUS_28	normal	
CGACTTCCAAGGTGTG_EBUS_28	normal	
CGACTTCCAGATGAGC_EBUS_28	tumor	
CGACTTCCAGCCTGTG_EBUS_28	tumor	
CGACTTCCATTATCTC_EBUS_28	tumor	
CGACTTCGTGCTAGCC_EBUS_28	normal	
CGACTTCTCCCTAACC_EBUS_28	tumor	
CGACTTCTCGTCGTTC_EBUS_28	normal	
CGACTTCTCTGCGACG_EBUS_28	tumor	
CGAGAAGAGGATTCGG_EBUS_28	tumor	
CGAGAAGAGGCAGTCA_EBUS_28	tumor	
CGAGAAGAGGCTCATT_EBUS_28	tumor	
CGAGAAGCACCAGGCT_EBUS_28	normal	
CGAGAAGCACCGAATT_EBUS_28	tumor	
CGAGAAGGTCAATACC_EBUS_28	tumor	
CGAGAAGGTCGCGTGT_EBUS_28	tumor	
CGAGAAGGTGCTTCTC_EBUS_28	normal	
CGAGAAGTCGTAGGAG_EBUS_28	tumor	
CGAGAAGTCTCGAGTA_EBUS_28	normal	
CGAGCACAGCGCCTCA_EBUS_28	tumor	
CGAGCACCACTTAACG_EBUS_28	tumor	
CGAGCACCAGTCTTCC_EBUS_28	normal	
CGAGCACGTACTCAAC_EBUS_28	tumor	
CGAGCACGTAGAGTGC_EBUS_28	tumor	
CGAGCACGTTGTACAC_EBUS_28	normal	
CGAGCACTCATTCACT_EBUS_28	normal	
CGAGCCAAGTAGCCGA_EBUS_28	normal	
CGAGCCAAGTGGACGT_EBUS_28	tumor	
CGAGCCAGTATAGGTA_EBUS_28	tumor	
CGAGCCAGTCCAGTGC_EBUS_28	tumor	
CGAGCCAGTCGAGTTT_EBUS_28	normal	
CGAGCCAGTCGGATCC_EBUS_28	tumor	
CGAGCCAGTTCGCGAC_EBUS_28	normal	
CGAGCCAGTTGAGGTG_EBUS_28	tumor	
CGAGCCATCAAGGCTT_EBUS_28	tumor	
CGAGCCATCATCGATG_EBUS_28	tumor	
CGAGCCATCTGTGCAA_EBUS_28	tumor	
CGATCGGAGACTTGAA_EBUS_28	normal	
CGATCGGAGATGAGAG_EBUS_28	normal	
CGATCGGCAAGTTCTG_EBUS_28	normal	
CGATCGGCACTTAACG_EBUS_28	tumor	
CGATCGGGTACCAGTT_EBUS_28	tumor	
CGATCGGGTCCTGCTT_EBUS_28	normal	
CGATCGGTCCCTTGCA_EBUS_28	tumor	
CGATCGGTCTTCGGTC_EBUS_28	tumor	
CGATGGCAGCGAGAAA_EBUS_28	normal	
CGATGGCAGGTAGCTG_EBUS_28	normal	
CGATGGCAGTTGAGTA_EBUS_28	tumor	
CGATGGCCAAGTTAAG_EBUS_28	normal	
CGATGGCCACGCCAGT_EBUS_28	tumor	
CGATGGCGTCCGAACC_EBUS_28	normal	
CGATGGCGTCTTGCGG_EBUS_28	tumor	
CGATGGCGTTTGTTTC_EBUS_28	tumor	
CGATGGCTCAAACCGT_EBUS_28	tumor	
CGATGGCTCACATGCA_EBUS_28	tumor	
CGATGGCTCGCGGATC_EBUS_28	tumor	
CGATGGCTCGCGTTTC_EBUS_28	tumor	
CGATGTAAGATGCGAC_EBUS_28	tumor	
CGATGTAAGCCCAGCT_EBUS_28	normal	
CGATGTAAGCGTGAAC_EBUS_28	tumor	
CGATGTACACATCCGG_EBUS_28	tumor	
CGATGTAGTACAGACG_EBUS_28	normal	
CGATGTAGTCAGGACA_EBUS_28	tumor	
CGATGTAGTCGAAAGC_EBUS_28	tumor	
CGATGTAGTCGGCATC_EBUS_28	tumor	
CGATGTAGTGGTCCGT_EBUS_28	normal	
CGATGTAGTTACTGAC_EBUS_28	normal	
CGATTGAAGATCCGAG_EBUS_28	normal	
CGATTGAAGGCAAAGA_EBUS_28	tumor	
CGATTGAAGTGGTAGC_EBUS_28	normal	
CGATTGACAACACCTA_EBUS_28	tumor	
CGATTGACAGGTCCAC_EBUS_28	tumor	
CGATTGAGTAGCGCTC_EBUS_28	tumor	
CGATTGAGTATAGGTA_EBUS_28	tumor	
CGCCAAGAGCTAACTC_EBUS_28	tumor	
CGCCAAGCACGAAGCA_EBUS_28	normal	
CGCCAAGCATCTATGG_EBUS_28	tumor	
CGCCAAGCATTAACCG_EBUS_28	tumor	
CGCCAAGGTATTCGTG_EBUS_28	normal	
CGCCAAGGTCAAAGCG_EBUS_28	tumor	
CGCCAAGGTTCAGTAC_EBUS_28	normal	
CGCCAAGGTTCCACGG_EBUS_28	tumor	
CGCCAAGGTTCCGGCA_EBUS_28	normal	
CGCCAAGTCTTAGCCC_EBUS_28	normal	
CGCGGTAAGAAGGTGA_EBUS_28	normal	
CGCGGTAAGCAGCCTC_EBUS_28	tumor	
CGCGGTAAGCTCCTTC_EBUS_28	tumor	
CGCGGTAAGGAATTAC_EBUS_28	tumor	
CGCGGTAAGGGTGTGT_EBUS_28	tumor	
CGCGGTAAGTGAAGTT_EBUS_28	tumor	
CGCGGTAAGTGGTAAT_EBUS_28	normal	
CGCGGTAAGTTTCCTT_EBUS_28	normal	
CGCGGTACACAGACAG_EBUS_28	normal	
CGCGGTACAGGAACGT_EBUS_28	tumor	
CGCGGTACAGTTCATG_EBUS_28	normal	
CGCGGTATCGCGTAGC_EBUS_28	tumor	
CGCGTTTCAAGCCGTC_EBUS_28	tumor	
CGCGTTTCACCGATAT_EBUS_28	normal	
CGCGTTTGTAAGGATT_EBUS_28	tumor	
CGCGTTTGTGGCGAAT_EBUS_28	normal	
CGCGTTTGTGTAATGA_EBUS_28	normal	
CGCGTTTTCAACGAAA_EBUS_28	normal	
CGCGTTTTCAGCTGGC_EBUS_28	tumor	
CGCGTTTTCTGGCGTG_EBUS_28	normal	
CGCTATCAGAAGGCCT_EBUS_28	tumor	
CGCTATCAGGGTTCCC_EBUS_28	tumor	
CGCTATCAGTACTTGC_EBUS_28	tumor	
CGCTATCAGTATCTCG_EBUS_28	normal	
CGCTATCAGTATGACA_EBUS_28	tumor	
CGCTATCAGTTAGGTA_EBUS_28	tumor	
CGCTATCCAAGTTCTG_EBUS_28	normal	
CGCTATCCATCGATGT_EBUS_28	tumor	
CGCTATCTCAAGAAGT_EBUS_28	tumor	
CGCTGGAAGATGAGAG_EBUS_28	tumor	
CGCTGGACACGACTCG_EBUS_28	normal	
CGCTGGACATAGAAAC_EBUS_28	tumor	
CGCTGGAGTCACAAGG_EBUS_28	tumor	
CGCTGGAGTCCGACGT_EBUS_28	tumor	
CGCTGGAGTGGGTATG_EBUS_28	normal	
CGCTGGAGTGTCAATC_EBUS_28	tumor	
CGCTGGAGTTCGGGCT_EBUS_28	tumor	
CGCTGGATCACAGTAC_EBUS_28	tumor	
CGCTGGATCACCATAG_EBUS_28	tumor	
CGCTGGATCAGTTCGA_EBUS_28	tumor	
CGCTGGATCATAACCG_EBUS_28	tumor	
CGCTGGATCATGTCTT_EBUS_28	tumor	
CGCTGGATCATTATCC_EBUS_28	normal	
CGCTGGATCTATCCCG_EBUS_28	tumor	
CGCTTCAAGAGACGAA_EBUS_28	normal	
CGCTTCAAGATCGATA_EBUS_28	normal	
CGCTTCAAGTTAACGA_EBUS_28	tumor	
CGCTTCACAAGTTGTC_EBUS_28	normal	
CGCTTCACAATGGTCT_EBUS_28	tumor	
CGCTTCACATGTTCCC_EBUS_28	tumor	
CGCTTCAGTAAACCTC_EBUS_28	tumor	
CGCTTCAGTCGACTGC_EBUS_28	tumor	
CGCTTCAGTCGGCACT_EBUS_28	tumor	
CGCTTCATCAAAGACA_EBUS_28	normal	
CGCTTCATCAACCAAC_EBUS_28	tumor	
CGCTTCATCGGAGCAA_EBUS_28	tumor	
CGCTTCATCTATCCCG_EBUS_28	tumor	
CGGACACCAAGGACTG_EBUS_28	tumor	
CGGACACCAGATGGGT_EBUS_28	normal	
CGGACACGTCGAGATG_EBUS_28	normal	
CGGACACTCACTATTC_EBUS_28	tumor	
CGGACACTCAGGCGAA_EBUS_28	tumor	
CGGACACTCATACGGT_EBUS_28	normal	
CGGACACTCTAGAGTC_EBUS_28	normal	
CGGACACTCTATCGCC_EBUS_28	normal	
CGGACGTCACAGGAGT_EBUS_28	tumor	
CGGACGTCAGTCACTA_EBUS_28	normal	
CGGACGTGTCAGTGGA_EBUS_28	tumor	
CGGACGTGTCTGATCA_EBUS_28	tumor	
CGGACGTGTTGACGTT_EBUS_28	normal	
CGGACGTTCCCTTGCA_EBUS_28	tumor	
CGGACGTTCTGCGGCA_EBUS_28	normal	
CGGACTGAGCAGCCTC_EBUS_28	normal	
CGGACTGCAGATAATG_EBUS_28	tumor	
CGGACTGGTATATCCG_EBUS_28	normal	
CGGACTGGTCGCTTCT_EBUS_28	normal	
CGGACTGGTCTGCAAT_EBUS_28	tumor	
CGGACTGGTGGCCCTA_EBUS_28	tumor	
CGGACTGTCCTGTAGA_EBUS_28	tumor	
CGGACTGTCCTTTACA_EBUS_28	tumor	
CGGAGCTAGACTTGAA_EBUS_28	normal	
CGGAGCTAGGGTTCCC_EBUS_28	normal	
CGGAGCTCAGATCTGT_EBUS_28	normal	
CGGAGCTCAGCAGTTT_EBUS_28	normal	
CGGAGCTCATGTAGTC_EBUS_28	normal	
CGGAGCTGTAGGACAC_EBUS_28	normal	
CGGAGCTGTGACTCAT_EBUS_28	normal	
CGGAGCTTCACAGTAC_EBUS_28	tumor	
CGGAGCTTCACTTACT_EBUS_28	tumor	
CGGAGCTTCATAGCAC_EBUS_28	normal	
CGGAGCTTCCTGCCAT_EBUS_28	tumor	
CGGAGCTTCGTCTGCT_EBUS_28	tumor	
CGGAGCTTCGTTTAGG_EBUS_28	tumor	
CGGAGTCAGAAGCCCA_EBUS_28	normal	
CGGAGTCAGATGAGAG_EBUS_28	normal	
CGGAGTCCAATAAGCA_EBUS_28	tumor	
CGGAGTCCACGCATCG_EBUS_28	tumor	
CGGAGTCCATCACGAT_EBUS_28	normal	
CGGAGTCCATTAGGCT_EBUS_28	tumor	
CGGAGTCGTCTCGTTC_EBUS_28	normal	
CGGAGTCGTCTCTCTG_EBUS_28	tumor	
CGGAGTCTCTCTAAGG_EBUS_28	tumor	
CGGCTAGAGCAATCTC_EBUS_28	tumor	
CGGCTAGAGGAGTTGC_EBUS_28	normal	
CGGCTAGAGTCCGGTC_EBUS_28	tumor	
CGGCTAGCATACGCCG_EBUS_28	normal	
CGGCTAGGTAAAGTCA_EBUS_28	normal	
CGGCTAGGTAGAAAGG_EBUS_28	normal	
CGGCTAGGTCGCCATG_EBUS_28	normal	
CGGCTAGGTCGGCTCA_EBUS_28	tumor	
CGGCTAGGTTGATTGC_EBUS_28	tumor	
CGGCTAGTCCAAAGTC_EBUS_28	normal	
CGGGTCACAGGGTACA_EBUS_28	normal	
CGGGTCACAGTAACGG_EBUS_28	normal	
CGGGTCACATGTAGTC_EBUS_28	tumor	
CGGGTCAGTGTCCTCT_EBUS_28	tumor	
CGGGTCAGTTGGTAAA_EBUS_28	normal	
CGGGTCATCAGCCTAA_EBUS_28	normal	
CGGGTCATCGCCCTTA_EBUS_28	tumor	
CGGTTAAAGCACCGTC_EBUS_28	normal	
CGGTTAACACGTAAGG_EBUS_28	normal	
CGGTTAACATAAAGGT_EBUS_28	tumor	
CGGTTAACATCCGGGT_EBUS_28	normal	
CGGTTAACATTGGTAC_EBUS_28	tumor	
CGGTTAAGTGCAACTT_EBUS_28	tumor	
CGGTTAATCAACGGCC_EBUS_28	normal	
CGGTTAATCTCGGACG_EBUS_28	normal	
CGTAGCGAGCGTGTCC_EBUS_28	tumor	
CGTAGCGAGGGATCTG_EBUS_28	normal	
CGTAGCGAGGTGATAT_EBUS_28	normal	
CGTAGCGAGTGGAGAA_EBUS_28	tumor	
CGTAGCGCAGGTGCCT_EBUS_28	normal	
CGTAGCGGTAAAGGAG_EBUS_28	tumor	
CGTAGCGGTGGGTCAA_EBUS_28	tumor	
CGTAGCGTCCTGCCAT_EBUS_28	tumor	
CGTAGGCAGTGGGTTG_EBUS_28	tumor	
CGTAGGCAGTTATCGC_EBUS_28	normal	
CGTAGGCCACATTAGC_EBUS_28	tumor	
CGTAGGCCATGCTAGT_EBUS_28	tumor	
CGTAGGCCATTCCTCG_EBUS_28	tumor	
CGTAGGCGTAGTACCT_EBUS_28	normal	
CGTAGGCGTCTAGCGC_EBUS_28	normal	
CGTAGGCGTCTAGTCA_EBUS_28	tumor	
CGTAGGCGTCTCAACA_EBUS_28	normal	
CGTAGGCTCACAACGT_EBUS_28	tumor	
CGTAGGCTCAGCCTAA_EBUS_28	tumor	
CGTCACTAGACTGTAA_EBUS_28	tumor	
CGTCACTAGAGGTACC_EBUS_28	tumor	
CGTCACTCAGCTATTG_EBUS_28	normal	
CGTCACTGTCGCGGTT_EBUS_28	tumor	
CGTCACTGTGATAAGT_EBUS_28	tumor	
CGTCACTGTTATCACG_EBUS_28	tumor	
CGTCACTTCATACGGT_EBUS_28	normal	
CGTCACTTCTCGCTTG_EBUS_28	normal	
CGTCACTTCTTCAACT_EBUS_28	tumor	
CGTCAGGAGCACAGGT_EBUS_28	tumor	
CGTCAGGAGCCACCTG_EBUS_28	tumor	
CGTCAGGAGCTGCGAA_EBUS_28	normal	
CGTCAGGAGTGTCTCA_EBUS_28	tumor	
CGTCAGGTCAAGGTAA_EBUS_28	tumor	
CGTCAGGTCTATGTGG_EBUS_28	normal	
CGTCCATAGACACTAA_EBUS_28	normal	
CGTCCATAGAGTAAGG_EBUS_28	tumor	
CGTCCATAGCAGACTG_EBUS_28	tumor	
CGTCCATAGTACATGA_EBUS_28	normal	
CGTCCATAGTGAACGC_EBUS_28	normal	
CGTCCATCACAGGAGT_EBUS_28	tumor	
CGTCCATGTACACCGC_EBUS_28	normal	
CGTCCATGTCATTAGC_EBUS_28	tumor	
CGTCCATGTCTCACCT_EBUS_28	normal	
CGTCCATGTGAAATCA_EBUS_28	tumor	
CGTCCATGTGGGTATG_EBUS_28	tumor	
CGTCCATGTTACGCGC_EBUS_28	tumor	
CGTCCATTCCTCATTA_EBUS_28	tumor	
CGTCTACAGCTAGTTC_EBUS_28	normal	
CGTCTACAGGCTCAGA_EBUS_28	normal	
CGTCTACCACATTTCT_EBUS_28	tumor	
CGTCTACCACGAGGTA_EBUS_28	normal	
CGTCTACCATCCTAGA_EBUS_28	tumor	
CGTCTACGTAAGTGGC_EBUS_28	tumor	
CGTCTACGTATAATGG_EBUS_28	tumor	
CGTCTACTCATAAAGG_EBUS_28	normal	
CGTGAGCAGCCGATTT_EBUS_28	normal	
CGTGAGCAGCTAGTTC_EBUS_28	normal	
CGTGAGCAGGTGATTA_EBUS_28	normal	
CGTGAGCCAAGCCATT_EBUS_28	tumor	
CGTGAGCCAATGTAAG_EBUS_28	tumor	
CGTGAGCCACAAGTAA_EBUS_28	normal	
CGTGAGCGTGATGATA_EBUS_28	normal	
CGTGTAAAGAAGGTGA_EBUS_28	tumor	
CGTGTAAAGCACCGTC_EBUS_28	normal	
CGTGTAAAGCTAACAA_EBUS_28	tumor	
CGTGTAAAGCTGCAAG_EBUS_28	normal	
CGTGTAAAGGTCATCT_EBUS_28	normal	
CGTGTAACAATGGTCT_EBUS_28	normal	
CGTGTAACAGGAATCG_EBUS_28	normal	
CGTGTAACATGATCCA_EBUS_28	tumor	
CGTGTAAGTCCGTTAA_EBUS_28	normal	
CGTGTAAGTGCAGGTA_EBUS_28	tumor	
CGTGTAATCAGAAATG_EBUS_28	tumor	
CGTGTCTAGCGACGTA_EBUS_28	normal	
CGTGTCTAGTTCGCGC_EBUS_28	tumor	
CGTGTCTCAAAGCAAT_EBUS_28	normal	
CGTGTCTCACCGCTAG_EBUS_28	tumor	
CGTGTCTCACTACAGT_EBUS_28	tumor	
CGTGTCTCACTGTCGG_EBUS_28	tumor	
CGTGTCTGTAGAGTGC_EBUS_28	tumor	
CGTGTCTTCAGTCAGT_EBUS_28	normal	
CGTGTCTTCGTTGACA_EBUS_28	normal	
CGTGTCTTCTGCAGTA_EBUS_28	normal	
CGTTAGAAGAGTCGGT_EBUS_28	normal	
CGTTAGAAGCAGCGTA_EBUS_28	tumor	
CGTTAGAAGGCAGTCA_EBUS_28	normal	
CGTTAGAAGGCTAGGT_EBUS_28	tumor	
CGTTAGACACATGACT_EBUS_28	normal	
CGTTAGACAGTAAGCG_EBUS_28	tumor	
CGTTAGACATGAACCT_EBUS_28	tumor	
CGTTAGACATTAACCG_EBUS_28	tumor	
CGTTAGAGTTAAGATG_EBUS_28	tumor	
CGTTAGAGTTCAGTAC_EBUS_28	tumor	
CGTTAGATCTGATTCT_EBUS_28	normal	
CGTTCTGAGAGCTATA_EBUS_28	normal	
CGTTCTGCAATTCCTT_EBUS_28	normal	
CGTTCTGCACGAAACG_EBUS_28	tumor	
CGTTCTGCACGGATAG_EBUS_28	tumor	
CGTTCTGGTGTCGCTG_EBUS_28	normal	
CGTTCTGGTTCGCTAA_EBUS_28	normal	
CGTTCTGTCGGATGGA_EBUS_28	tumor	
CGTTCTGTCGTGACAT_EBUS_28	normal	
CGTTCTGTCTGATACG_EBUS_28	normal	
CGTTCTGTCTTACCTA_EBUS_28	tumor	
CGTTGGGAGCAGGTCA_EBUS_28	tumor	
CGTTGGGAGCTAGTGG_EBUS_28	normal	
CGTTGGGAGGCCATAG_EBUS_28	tumor	
CGTTGGGAGTGTGGCA_EBUS_28	normal	
CGTTGGGCAAAGCAAT_EBUS_28	tumor	
CGTTGGGTCACAATGC_EBUS_28	normal	
CGTTGGGTCAGATAAG_EBUS_28	normal	
CTAACTTAGCCACGTC_EBUS_28	tumor	
CTAACTTCACCAGTTA_EBUS_28	tumor	
CTAACTTCATGTCTCC_EBUS_28	tumor	
CTAACTTGTTATCCGA_EBUS_28	tumor	
CTAACTTTCAAGCCTA_EBUS_28	tumor	
CTAACTTTCCGGCACA_EBUS_28	normal	
CTAACTTTCCTTGCCA_EBUS_28	tumor	
CTAACTTTCTGGCGAC_EBUS_28	tumor	
CTAAGACAGATCCCAT_EBUS_28	normal	
CTAAGACAGGAGTTTA_EBUS_28	normal	
CTAAGACCAGGACGTA_EBUS_28	tumor	
CTAAGACCATCACAAC_EBUS_28	tumor	
CTAAGACGTACCGGCT_EBUS_28	normal	
CTAAGACGTGGTCCGT_EBUS_28	tumor	
CTAAGACTCAGCAACT_EBUS_28	tumor	
CTAATGGAGGCAATTA_EBUS_28	tumor	
CTAATGGAGTTCGCGC_EBUS_28	tumor	
CTAATGGCAAGTTGTC_EBUS_28	tumor	
CTAATGGCATCACGAT_EBUS_28	tumor	
CTAATGGGTCGACTGC_EBUS_28	tumor	
CTAATGGGTCTCGTTC_EBUS_28	tumor	
CTAATGGGTGCTGTAT_EBUS_28	tumor	
CTAATGGGTTTAGGAA_EBUS_28	tumor	
CTAATGGTCCTATTCA_EBUS_28	normal	
CTACACCAGACTGTAA_EBUS_28	tumor	
CTACACCAGAGTTGGC_EBUS_28	normal	
CTACACCAGGGTATCG_EBUS_28	tumor	
CTACACCAGTGGTAAT_EBUS_28	tumor	
CTACACCCACATGTGT_EBUS_28	tumor	
CTACACCCAGCATACT_EBUS_28	normal	
CTACACCGTACCGGCT_EBUS_28	tumor	
CTACACCGTATGGTTC_EBUS_28	tumor	
CTACACCGTCAGGACA_EBUS_28	normal	
CTACACCGTCCAGTAT_EBUS_28	normal	
CTACACCGTGTTGGGA_EBUS_28	tumor	
CTACACCTCACCATAG_EBUS_28	normal	
CTACACCTCCTTTACA_EBUS_28	normal	
CTACACCTCTACTCAT_EBUS_28	tumor	
CTACACCTCTCTAGGA_EBUS_28	tumor	
CTACACCTCTCTGAGA_EBUS_28	normal	
CTACACCTCTCTGTCG_EBUS_28	normal	
CTACATTAGACTTTCG_EBUS_28	tumor	
CTACATTAGATCCCGC_EBUS_28	tumor	
CTACATTAGCGAGAAA_EBUS_28	tumor	
CTACATTAGTAGGCCA_EBUS_28	tumor	
CTACATTAGTCTTGCA_EBUS_28	tumor	
CTACATTCAGACACTT_EBUS_28	tumor	
CTACATTCAGGCAGTA_EBUS_28	normal	
CTACATTGTATGCTTG_EBUS_28	normal	
CTACATTTCACATACG_EBUS_28	tumor	
CTACATTTCTCTGCTG_EBUS_28	tumor	
CTACATTTCTTGGGTA_EBUS_28	tumor	
CTACCCACAGAGCCAA_EBUS_28	tumor	
CTACCCAGTACAGTGG_EBUS_28	normal	
CTACCCAGTCGAGTTT_EBUS_28	normal	
CTACCCATCCACGAAT_EBUS_28	tumor	
CTACCCATCTCGAGTA_EBUS_28	normal	
CTACGTCAGACGACGT_EBUS_28	tumor	
CTACGTCAGATGTGTA_EBUS_28	tumor	
CTACGTCCACTTACGA_EBUS_28	tumor	
CTACGTCCAGACGTAG_EBUS_28	tumor	
CTACGTCGTATCGCAT_EBUS_28	tumor	
CTACGTCGTCATATCG_EBUS_28	tumor	
CTACGTCTCCAGTATG_EBUS_28	tumor	
CTACGTCTCTGTCTAT_EBUS_28	normal	
CTACGTCTCTTAACCT_EBUS_28	normal	
CTAGAGTAGACAGGCT_EBUS_28	tumor	
CTAGAGTCAATCAGAA_EBUS_28	normal	
CTAGAGTCAATCGGTT_EBUS_28	tumor	
CTAGAGTCACCCATGG_EBUS_28	tumor	
CTAGAGTCAGGCTGAA_EBUS_28	tumor	
CTAGAGTCATATGCTG_EBUS_28	normal	
CTAGAGTGTATCACCA_EBUS_28	tumor	
CTAGAGTGTCGCATAT_EBUS_28	tumor	
CTAGAGTGTTAGTGGG_EBUS_28	tumor	
CTAGAGTTCGCGGATC_EBUS_28	tumor	
CTAGCCTGTCCATGAT_EBUS_28	tumor	
CTAGTGAAGAGGTTAT_EBUS_28	tumor	
CTAGTGAAGGCAAAGA_EBUS_28	tumor	
CTAGTGAGTCACAAGG_EBUS_28	tumor	
CTAGTGAGTGCGGTAA_EBUS_28	tumor	
CTAGTGAGTGTGGCTC_EBUS_28	normal	
CTAGTGAGTTCGAATC_EBUS_28	tumor	
CTAGTGATCTCGTTTA_EBUS_28	tumor	
CTAGTGATCTTAGAGC_EBUS_28	tumor	
CTCACACAGAAGCCCA_EBUS_28	normal	
CTCACACAGAGTTGGC_EBUS_28	tumor	
CTCACACCAAGAAGAG_EBUS_28	tumor	
CTCACACCAGTGGAGT_EBUS_28	normal	
CTCACACGTTCCACGG_EBUS_28	normal	
CTCACACTCCGCATAA_EBUS_28	tumor	
CTCACACTCTCTAAGG_EBUS_28	normal	
CTCAGAAAGACAGGCT_EBUS_28	tumor	
CTCAGAACACGTCTCT_EBUS_28	tumor	
CTCAGAAGTCACTGGC_EBUS_28	tumor	
CTCAGAAGTGAGGGAG_EBUS_28	tumor	
CTCAGAAGTGATAAAC_EBUS_28	normal	
CTCAGAAGTTACGGAG_EBUS_28	normal	
CTCAGAATCCAAGCCG_EBUS_28	tumor	
CTCAGAATCCAGTAGT_EBUS_28	normal	
CTCAGAATCCATGAGT_EBUS_28	tumor	
CTCAGAATCGGCGCTA_EBUS_28	tumor	
CTCATTAAGATCTGCT_EBUS_28	tumor	
CTCATTAAGATGTGTA_EBUS_28	normal	
CTCATTAAGGGCTTGA_EBUS_28	normal	
CTCATTACACCACCAG_EBUS_28	normal	
CTCATTACACGAAACG_EBUS_28	normal	
CTCATTACACTACAGT_EBUS_28	tumor	
CTCATTAGTTGTCTTT_EBUS_28	normal	
CTCATTATCATCGATG_EBUS_28	tumor	
CTCATTATCATCGCTC_EBUS_28	normal	
CTCATTATCCATTCTA_EBUS_28	tumor	
CTCCTAGAGACTGGGT_EBUS_28	tumor	
CTCCTAGAGGTTCCTA_EBUS_28	tumor	
CTCCTAGCAGGAATCG_EBUS_28	tumor	
CTCCTAGGTAAATACG_EBUS_28	normal	
CTCCTAGGTGATGCCC_EBUS_28	normal	
CTCCTAGTCACCGTAA_EBUS_28	tumor	
CTCCTAGTCGGAAACG_EBUS_28	normal	
CTCCTAGTCTTTAGGG_EBUS_28	normal	
CTCGAAAAGTGTGGCA_EBUS_28	normal	
CTCGAAACACATGGGA_EBUS_28	tumor	
CTCGAAACATTACGAC_EBUS_28	tumor	
CTCGAAAGTAAGGATT_EBUS_28	tumor	
CTCGAAAGTATGAATG_EBUS_28	tumor	
CTCGAAAGTCTAGCCG_EBUS_28	normal	
CTCGAAATCATTGCGA_EBUS_28	tumor	
CTCGAGGCAATGGACG_EBUS_28	normal	
CTCGAGGGTAGAAGGA_EBUS_28	normal	
CTCGAGGGTCCAGTGC_EBUS_28	normal	
CTCGAGGGTCGAACAG_EBUS_28	normal	
CTCGAGGGTGCCTGGT_EBUS_28	tumor	
CTCGAGGTCACTTACT_EBUS_28	normal	
CTCGAGGTCCTGCAGG_EBUS_28	normal	
CTCGAGGTCCTTGACC_EBUS_28	normal	
CTCGAGGTCTGATTCT_EBUS_28	normal	
CTCGGAGAGACTGTAA_EBUS_28	tumor	
CTCGGAGAGCAGATCG_EBUS_28	normal	
CTCGGAGCAAACGCGA_EBUS_28	tumor	
CTCGGAGCACTCTGTC_EBUS_28	normal	
CTCGGAGGTAGCGATG_EBUS_28	tumor	
CTCGGAGGTTGATTGC_EBUS_28	tumor	
CTCGGAGTCGCGATCG_EBUS_28	normal	
CTCGGGAAGAACAACT_EBUS_28	normal	
CTCGGGAAGACACTAA_EBUS_28	tumor	
CTCGGGAAGCAGATCG_EBUS_28	tumor	
CTCGGGAAGTCCTCCT_EBUS_28	tumor	
CTCGGGACAAGTCTGT_EBUS_28	normal	
CTCGGGACATGAGCGA_EBUS_28	tumor	
CTCGGGACATTACCTT_EBUS_28	tumor	
CTCGGGAGTACTCGCG_EBUS_28	tumor	
CTCGGGAGTATAAACG_EBUS_28	normal	
CTCGGGAGTCTGGTCG_EBUS_28	tumor	
CTCGGGAGTTAAAGAC_EBUS_28	normal	
CTCGGGAGTTGCCTCT_EBUS_28	tumor	
CTCGGGATCTCGGACG_EBUS_28	normal	
CTCGGGATCTGACCTC_EBUS_28	normal	
CTCGTACAGGGAGTAA_EBUS_28	tumor	
CTCGTACAGTGTTTGC_EBUS_28	tumor	
CTCGTACCACGTCTCT_EBUS_28	tumor	
CTCGTACCATACTACG_EBUS_28	tumor	
CTCGTACCATGACGGA_EBUS_28	tumor	
CTCGTACGTAGCTGCC_EBUS_28	normal	
CTCGTACGTGTCTGAT_EBUS_28	tumor	
CTCGTACGTTCCCGAG_EBUS_28	normal	
CTCGTACGTTGGAGGT_EBUS_28	normal	
CTCGTACTCACAGGCC_EBUS_28	normal	
CTCGTACTCGACAGCC_EBUS_28	tumor	
CTCGTACTCTCCTATA_EBUS_28	tumor	
CTCGTACTCTGCCAGG_EBUS_28	tumor	
CTCGTCAAGCCATCGC_EBUS_28	normal	
CTCGTCAAGCTGCGAA_EBUS_28	tumor	
CTCGTCAAGGCTACGA_EBUS_28	tumor	
CTCGTCAAGGGAACGG_EBUS_28	normal	
CTCGTCACAGTAACGG_EBUS_28	tumor	
CTCGTCACATCGGTTA_EBUS_28	normal	
CTCGTCACATGCCCGA_EBUS_28	tumor	
CTCGTCACATGTCTCC_EBUS_28	tumor	
CTCGTCATCTAGCACA_EBUS_28	normal	
CTCTAATAGAGTACCG_EBUS_28	normal	
CTCTAATAGTCATGCT_EBUS_28	tumor	
CTCTAATCAGGCAGTA_EBUS_28	tumor	
CTCTAATCATTCTTAC_EBUS_28	normal	
CTCTAATGTCCCGACA_EBUS_28	normal	
CTCTAATGTCTTGATG_EBUS_28	normal	
CTCTACGAGAGGACGG_EBUS_28	normal	
CTCTACGAGCCACTAT_EBUS_28	normal	
CTCTACGCAAACGCGA_EBUS_28	normal	
CTCTACGCAAACTGTC_EBUS_28	tumor	
CTCTACGCAACGATGG_EBUS_28	normal	
CTCTACGCAATCTGCA_EBUS_28	normal	
CTCTACGGTACCCAAT_EBUS_28	tumor	
CTCTACGGTGTGCGTC_EBUS_28	tumor	
CTCTACGGTTGTGGAG_EBUS_28	tumor	
CTCTACGTCCAAACAC_EBUS_28	normal	
CTCTACGTCTGATACG_EBUS_28	tumor	
CTCTGGTAGGGTTCCC_EBUS_28	tumor	
CTCTGGTCAACTGCTA_EBUS_28	normal	
CTCTGGTCACTCAGGC_EBUS_28	normal	
CTCTGGTGTCTGCAAT_EBUS_28	tumor	
CTCTGGTGTGCCTTGG_EBUS_28	normal	
CTCTGGTGTTGTCTTT_EBUS_28	tumor	
CTCTGGTTCATGTGGT_EBUS_28	normal	
CTCTGGTTCTCATTCA_EBUS_28	tumor	
CTGAAACAGAATCTCC_EBUS_28	tumor	
CTGAAACAGGCAGGTT_EBUS_28	tumor	
CTGAAACAGTGTCTCA_EBUS_28	tumor	
CTGAAACCACATCTTT_EBUS_28	normal	
CTGAAACCATCTATGG_EBUS_28	tumor	
CTGAAACGTCCAAGTT_EBUS_28	tumor	
CTGAAACGTCCAGTAT_EBUS_28	tumor	
CTGAAACGTCGAACAG_EBUS_28	tumor	
CTGAAACGTCTCCACT_EBUS_28	tumor	
CTGAAACGTGTTGAGG_EBUS_28	tumor	
CTGAAACTCCGCTGTT_EBUS_28	normal	
CTGAAACTCCTTGGTC_EBUS_28	normal	
CTGAAGTAGACTAAGT_EBUS_28	tumor	
CTGAAGTAGAGAACAG_EBUS_28	tumor	
CTGAAGTAGAGTACAT_EBUS_28	normal	
CTGAAGTAGATGTTAG_EBUS_28	tumor	
CTGAAGTGTACGAAAT_EBUS_28	normal	
CTGAAGTGTCGGATCC_EBUS_28	tumor	
CTGAAGTGTGACGCCT_EBUS_28	normal	
CTGAAGTTCGTCTGCT_EBUS_28	normal	
CTGAAGTTCTCACATT_EBUS_28	normal	
CTGATAGAGGGATCTG_EBUS_28	tumor	
CTGATAGCAATGGAGC_EBUS_28	tumor	
CTGATAGCACCCATGG_EBUS_28	normal	
CTGATAGTCACATGCA_EBUS_28	tumor	
CTGATCCAGCAAATCA_EBUS_28	normal	
CTGATCCCAAGCGATG_EBUS_28	tumor	
CTGATCCCACTCGACG_EBUS_28	normal	
CTGATCCCAGCGTAAG_EBUS_28	normal	
CTGATCCCAGTAAGAT_EBUS_28	tumor	
CTGATCCGTAATTGGA_EBUS_28	tumor	
CTGATCCGTACCTACA_EBUS_28	tumor	
CTGATCCGTCGAGTTT_EBUS_28	tumor	
CTGATCCGTCTAAAGA_EBUS_28	tumor	
CTGATCCTCCCAAGTA_EBUS_28	normal	
CTGCCTAAGAGCCCAA_EBUS_28	tumor	
CTGCCTAAGGTGATTA_EBUS_28	normal	
CTGCCTACAAGGACAC_EBUS_28	tumor	
CTGCCTACACCAGGCT_EBUS_28	tumor	
CTGCCTACACTGTCGG_EBUS_28	tumor	
CTGCCTAGTAGCCTCG_EBUS_28	tumor	
CTGCCTAGTCCGAACC_EBUS_28	tumor	
CTGCCTATCAGCACAT_EBUS_28	normal	
CTGCCTATCTCTAGGA_EBUS_28	normal	
CTGCCTATCTCTTATG_EBUS_28	tumor	
CTGCGGACAAGCCGTC_EBUS_28	normal	
CTGCGGACAAGGACAC_EBUS_28	tumor	
CTGCGGACACACCGAC_EBUS_28	tumor	
CTGCGGACACATGACT_EBUS_28	tumor	
CTGCGGACATACTCTT_EBUS_28	tumor	
CTGCGGACATGTAAGA_EBUS_28	tumor	
CTGCGGAGTGCCTTGG_EBUS_28	normal	
CTGCGGAGTTCGTTGA_EBUS_28	normal	
CTGCGGAGTTTGTTTC_EBUS_28	normal	
CTGCGGATCGAGAGCA_EBUS_28	normal	
CTGCTGTAGGCAGTCA_EBUS_28	normal	
CTGCTGTCAAACCTAC_EBUS_28	tumor	
CTGCTGTCAACTGCGC_EBUS_28	tumor	
CTGCTGTGTGCCTGTG_EBUS_28	normal	
CTGCTGTGTTGGGACA_EBUS_28	normal	
CTGCTGTTCCAAACAC_EBUS_28	normal	
CTGCTGTTCCTTGGTC_EBUS_28	normal	
CTGGTCTAGGCATGTG_EBUS_28	tumor	
CTGGTCTAGTCACGCC_EBUS_28	tumor	
CTGGTCTAGTGATCGG_EBUS_28	normal	
CTGGTCTAGTGTACGG_EBUS_28	tumor	
CTGGTCTCAGACGCTC_EBUS_28	tumor	
CTGGTCTGTAGCGTAG_EBUS_28	normal	
CTGGTCTGTCGCGTGT_EBUS_28	normal	
CTGGTCTGTCTCTTTA_EBUS_28	tumor	
CTGGTCTGTTCCACAA_EBUS_28	tumor	
CTGGTCTTCCGCATCT_EBUS_28	normal	
CTGGTCTTCTTCGGTC_EBUS_28	normal	
CTGTGCTAGGAGTACC_EBUS_28	tumor	
CTGTGCTCAGCAGTTT_EBUS_28	normal	
CTGTGCTGTTCCACTC_EBUS_28	normal	
CTGTGCTTCCCGGATG_EBUS_28	tumor	
CTGTGCTTCCGTACAA_EBUS_28	normal	
CTGTGCTTCGGCGCTA_EBUS_28	tumor	
CTGTGCTTCTGGGCCA_EBUS_28	tumor	
CTGTTTAAGAATTGTG_EBUS_28	tumor	
CTGTTTAAGACAAAGG_EBUS_28	tumor	
CTGTTTACAAGACGTG_EBUS_28	normal	
CTGTTTACACTGTCGG_EBUS_28	tumor	
CTGTTTACAGGAATCG_EBUS_28	tumor	
CTGTTTACATTGCGGC_EBUS_28	normal	
CTGTTTAGTTACGTCA_EBUS_28	normal	
CTGTTTATCGAATCCA_EBUS_28	normal	
CTGTTTATCGCAGGCT_EBUS_28	tumor	
CTGTTTATCGGAGGTA_EBUS_28	normal	
CTTAACTAGAAACCTA_EBUS_28	tumor	
CTTAACTAGACTGTAA_EBUS_28	tumor	
CTTAACTAGGGATACC_EBUS_28	tumor	
CTTAACTCACAACGCC_EBUS_28	tumor	
CTTAACTCAGCATACT_EBUS_28	normal	
CTTAACTTCTCAAGTG_EBUS_28	normal	
CTTACCGCAAGCTGAG_EBUS_28	normal	
CTTACCGGTTGCGCAC_EBUS_28	normal	
CTTACCGTCAGGTAAA_EBUS_28	tumor	
CTTAGGAAGCAGGTCA_EBUS_28	normal	
CTTAGGAAGGGTCTCC_EBUS_28	normal	
CTTAGGACACAACGTT_EBUS_28	tumor	
CTTAGGACACGCATCG_EBUS_28	normal	
CTTAGGACAGACGCCT_EBUS_28	normal	
CTTAGGACAGCGTAAG_EBUS_28	normal	
CTTAGGACAGTAACGG_EBUS_28	normal	
CTTAGGACATCTATGG_EBUS_28	tumor	
CTTAGGACATTATCTC_EBUS_28	tumor	
CTTAGGAGTCAAGCGA_EBUS_28	tumor	
CTTAGGAGTCGCGAAA_EBUS_28	tumor	
CTTAGGAGTGCCTGTG_EBUS_28	normal	
CTTAGGATCCCGACTT_EBUS_28	tumor	
CTTAGGATCGGCTACG_EBUS_28	tumor	
CTTCTCTAGAGCTATA_EBUS_28	normal	
CTTCTCTAGTGGACGT_EBUS_28	tumor	
CTTCTCTAGTTCGCAT_EBUS_28	normal	
CTTCTCTCATTAACCG_EBUS_28	tumor	
CTTCTCTCATTACGAC_EBUS_28	normal	
CTTCTCTGTCCGAATT_EBUS_28	normal	
CTTCTCTTCAAACGGG_EBUS_28	normal	
CTTCTCTTCAGGTAAA_EBUS_28	normal	
CTTCTCTTCCCATTTA_EBUS_28	tumor	
CTTCTCTTCCTTTCGG_EBUS_28	tumor	
CTTCTCTTCGGAATCT_EBUS_28	tumor	
CTTGGCTAGACTGTAA_EBUS_28	normal	
CTTGGCTAGCCTCGTG_EBUS_28	normal	
CTTGGCTCAGTCAGCC_EBUS_28	tumor	
CTTGGCTCAGTGACAG_EBUS_28	normal	
CTTGGCTCATGCAATC_EBUS_28	tumor	
CTTGGCTCATTGCGGC_EBUS_28	tumor	
CTTGGCTGTCTCTCGT_EBUS_28	tumor	
CTTGGCTGTTCAGACT_EBUS_28	tumor	
CTTGGCTTCGAATGCT_EBUS_28	tumor	
CTTTGCGAGACATAAC_EBUS_28	normal	
CTTTGCGAGGGCTCTC_EBUS_28	normal	
CTTTGCGAGGGCTTCC_EBUS_28	tumor	
CTTTGCGAGGTGATAT_EBUS_28	tumor	
CTTTGCGCACATGACT_EBUS_28	normal	
CTTTGCGCAGTTAACC_EBUS_28	tumor	
CTTTGCGCATTCACTT_EBUS_28	tumor	
CTTTGCGGTTACAGAA_EBUS_28	normal	
CTTTGCGTCAGGCGAA_EBUS_28	tumor	
CTTTGCGTCAGTCAGT_EBUS_28	tumor	
CTTTGCGTCCACGTGG_EBUS_28	tumor	
CTTTGCGTCTACCAGA_EBUS_28	normal	
CTTTGCGTCTTAGAGC_EBUS_28	tumor	
GAAACTCAGCTAGTTC_EBUS_28	tumor	
GAAACTCAGTGAATTG_EBUS_28	tumor	
GAAACTCAGTGTGAAT_EBUS_28	normal	
GAAACTCCAAGGTTCT_EBUS_28	normal	
GAAACTCCAGCTCGCA_EBUS_28	tumor	
GAAACTCGTCTGATTG_EBUS_28	tumor	
GAAACTCGTGGCTCCA_EBUS_28	tumor	
GAAACTCTCAACTCTT_EBUS_28	tumor	
GAAACTCTCAAGAAGT_EBUS_28	tumor	
GAAACTCTCAAGGCTT_EBUS_28	tumor	
GAAACTCTCCTTGCCA_EBUS_28	normal	
GAAATGAAGAGGGATA_EBUS_28	tumor	
GAAATGAAGATAGGAG_EBUS_28	normal	
GAAATGAAGGGCTTCC_EBUS_28	normal	
GAAATGAAGTTGCAGG_EBUS_28	tumor	
GAAATGACACTTAAGC_EBUS_28	normal	
GAAATGAGTACCGAGA_EBUS_28	tumor	
GAAATGAGTAGTGAAT_EBUS_28	normal	
GAAATGAGTCGGCACT_EBUS_28	tumor	
GAAATGATCACTCCTG_EBUS_28	normal	
GAAATGATCGCTTAGA_EBUS_28	normal	
GAAATGATCTGCGACG_EBUS_28	tumor	
GAACATCCAAGTTCTG_EBUS_28	normal	
GAACATCCATTTGCTT_EBUS_28	tumor	
GAACATCGTGGACGAT_EBUS_28	tumor	
GAACATCTCACATACG_EBUS_28	normal	
GAACATCTCCAAATGC_EBUS_28	normal	
GAACATCTCCACTGGG_EBUS_28	normal	
GAACATCTCCAGAGGA_EBUS_28	normal	
GAACATCTCGTCGTTC_EBUS_28	tumor	
GAACCTAAGGAATGGA_EBUS_28	tumor	
GAACCTACAACGATGG_EBUS_28	normal	
GAACCTAGTCAGATAA_EBUS_28	tumor	
GAACCTAGTCATCGGC_EBUS_28	normal	
GAACCTAGTTGGACCC_EBUS_28	tumor	
GAACCTAGTTGTACAC_EBUS_28	normal	
GAACCTATCGCCTGTT_EBUS_28	tumor	
GAACCTATCTCAAGTG_EBUS_28	tumor	
GAACGGAAGAGATGAG_EBUS_28	tumor	
GAACGGAAGCGATAGC_EBUS_28	normal	
GAACGGACACTTCGAA_EBUS_28	normal	
GAACGGAGTATAGGGC_EBUS_28	normal	
GAACGGATCCAATGGT_EBUS_28	tumor	
GAAGCAGAGAAGGCCT_EBUS_28	normal	
GAAGCAGAGACACTAA_EBUS_28	normal	
GAAGCAGAGATAGTCA_EBUS_28	tumor	
GAAGCAGAGATCTGAA_EBUS_28	tumor	
GAAGCAGAGCAGGCTA_EBUS_28	tumor	
GAAGCAGAGGATGGTC_EBUS_28	tumor	
GAAGCAGCACGGTAGA_EBUS_28	normal	
GAAGCAGCAGACTCGC_EBUS_28	normal	
GAAGCAGGTACAGACG_EBUS_28	normal	
GAAGCAGGTCGCATAT_EBUS_28	tumor	
GAAGCAGGTTCGGCAC_EBUS_28	tumor	
GAAGCAGGTTGGTTTG_EBUS_28	normal	
GAAGCAGTCACATACG_EBUS_28	normal	
GAAGCAGTCACTTATC_EBUS_28	normal	
GAAGCAGTCAGAGGTG_EBUS_28	normal	
GAAGCAGTCATCACCC_EBUS_28	tumor	
GAAGCAGTCCCTAATT_EBUS_28	tumor	
GAATAAGAGATTACCC_EBUS_28	tumor	
GAATAAGAGGCTAGAC_EBUS_28	tumor	
GAATAAGCACATCCAA_EBUS_28	normal	
GAATAAGCACATTTCT_EBUS_28	tumor	
GAATAAGCAGTCGTGC_EBUS_28	tumor	
GAATAAGCATTATCTC_EBUS_28	tumor	
GAATAAGGTAAATGTG_EBUS_28	normal	
GAATAAGGTCAATGTC_EBUS_28	tumor	
GAATAAGGTCAGTGGA_EBUS_28	normal	
GAATAAGGTCGCGGTT_EBUS_28	normal	
GAATAAGGTCTCTCTG_EBUS_28	normal	
GAATAAGGTTAAAGTG_EBUS_28	normal	
GAATAAGTCAACCAAC_EBUS_28	normal	
GAATAAGTCAGCGACC_EBUS_28	tumor	
GAATAAGTCGTAGGTT_EBUS_28	tumor	
GAATAAGTCTTCATGT_EBUS_28	normal	
GAATGAAAGCGTCAAG_EBUS_28	tumor	
GAATGAAAGTGCTGCC_EBUS_28	normal	
GAATGAACACTGCCAG_EBUS_28	normal	
GAATGAAGTCCGTTAA_EBUS_28	tumor	
GACACGCAGATCCCGC_EBUS_28	tumor	
GACACGCAGCTAGTGG_EBUS_28	tumor	
GACACGCAGTAAGTAC_EBUS_28	tumor	
GACACGCAGTACGACG_EBUS_28	normal	
GACACGCAGTGTGAAT_EBUS_28	normal	
GACACGCCACGTAAGG_EBUS_28	tumor	
GACACGCCAGCCAGAA_EBUS_28	normal	
GACACGCCATAAAGGT_EBUS_28	normal	
GACACGCGTCGATTGT_EBUS_28	normal	
GACACGCGTCGCGGTT_EBUS_28	tumor	
GACACGCGTCTTCTCG_EBUS_28	normal	
GACACGCGTTGGTTTG_EBUS_28	normal	
GACACGCGTTGTACAC_EBUS_28	normal	
GACACGCGTTTAGGAA_EBUS_28	tumor	
GACACGCTCCACTCCA_EBUS_28	normal	
GACACGCTCCGAAGAG_EBUS_28	tumor	
GACACGCTCGCTGATA_EBUS_28	normal	
GACAGAGAGACGCACA_EBUS_28	normal	
GACAGAGCAAACTGTC_EBUS_28	tumor	
GACAGAGCAACGATGG_EBUS_28	normal	
GACAGAGCAGGGTACA_EBUS_28	normal	
GACAGAGGTCAAGCGA_EBUS_28	normal	
GACAGAGGTCGGCACT_EBUS_28	tumor	
GACAGAGTCCTTAATC_EBUS_28	tumor	
GACAGAGTCGACAGCC_EBUS_28	tumor	
GACAGAGTCTCAAACG_EBUS_28	normal	
GACCAATAGCTAACAA_EBUS_28	normal	
GACCAATAGCTAGCCC_EBUS_28	normal	
GACCAATAGTCTCGGC_EBUS_28	tumor	
GACCAATCACTTCTGC_EBUS_28	tumor	
GACCAATCATTGGTAC_EBUS_28	normal	
GACCAATGTAAGTAGT_EBUS_28	tumor	
GACCAATGTAGCTGCC_EBUS_28	tumor	
GACCAATGTATGGTTC_EBUS_28	normal	
GACCAATGTCATATGC_EBUS_28	normal	
GACCAATTCAATCACG_EBUS_28	normal	
GACCAATTCAGCAACT_EBUS_28	tumor	
GACCAATTCAGGTAAA_EBUS_28	tumor	
GACCTGGAGCCAACAG_EBUS_28	normal	
GACCTGGAGGAGTTGC_EBUS_28	normal	
GACCTGGAGGTACTCT_EBUS_28	normal	
GACCTGGCAATAACGA_EBUS_28	normal	
GACCTGGCACAAGTAA_EBUS_28	tumor	
GACCTGGCACAGACTT_EBUS_28	normal	
GACCTGGCACTTAAGC_EBUS_28	tumor	
GACCTGGCATGTTCCC_EBUS_28	tumor	
GACCTGGGTCATATGC_EBUS_28	tumor	
GACCTGGGTGTATGGG_EBUS_28	normal	
GACCTGGTCACGCATA_EBUS_28	normal	
GACCTGGTCAGTCCCT_EBUS_28	normal	
GACGCGTAGAGCTATA_EBUS_28	tumor	
GACGCGTAGAGTCGGT_EBUS_28	normal	
GACGCGTAGGATCGCA_EBUS_28	tumor	
GACGCGTAGGTGCAAC_EBUS_28	tumor	
GACGCGTGTGCGAAAC_EBUS_28	tumor	
GACGCGTGTGGTAACG_EBUS_28	tumor	
GACGGCTAGTGTCCAT_EBUS_28	tumor	
GACGGCTCAGGATCGA_EBUS_28	normal	
GACGGCTCAGGTGGAT_EBUS_28	tumor	
GACGGCTCATAACCTG_EBUS_28	tumor	
GACGGCTGTCAGGACA_EBUS_28	tumor	
GACGGCTGTGATGATA_EBUS_28	tumor	
GACGGCTTCCTACAGA_EBUS_28	normal	
GACGGCTTCCTCAACC_EBUS_28	tumor	
GACGTGCAGGAGTACC_EBUS_28	tumor	
GACGTGCAGTACCGGA_EBUS_28	normal	
GACGTGCCAGACGCTC_EBUS_28	normal	
GACGTGCGTAAATGTG_EBUS_28	normal	
GACGTGCGTAGCGTCC_EBUS_28	tumor	
GACGTGCGTTTAAGCC_EBUS_28	tumor	
GACGTGCTCTATCCTA_EBUS_28	normal	
GACGTGCTCTCTTATG_EBUS_28	tumor	
GACGTTAAGAATTCCC_EBUS_28	normal	
GACGTTAAGCAAATCA_EBUS_28	normal	
GACGTTAAGTCAATAG_EBUS_28	tumor	
GACGTTACAATGGAAT_EBUS_28	normal	
GACGTTAGTAGCCTAT_EBUS_28	tumor	
GACGTTAGTGTTCTTT_EBUS_28	normal	
GACGTTAGTTCCCGAG_EBUS_28	normal	
GACGTTATCAGTTCGA_EBUS_28	normal	
GACGTTATCCGATATG_EBUS_28	tumor	
GACTAACAGATAGTCA_EBUS_28	normal	
GACTAACAGCTCCTTC_EBUS_28	tumor	
GACTAACAGGAGTCTG_EBUS_28	tumor	
GACTAACAGGTGCACA_EBUS_28	tumor	
GACTAACCACGACGAA_EBUS_28	tumor	
GACTAACCAGCCTTGG_EBUS_28	tumor	
GACTAACCAGCGTTCG_EBUS_28	tumor	
GACTAACGTAAAGGAG_EBUS_28	tumor	
GACTAACGTAGCCTCG_EBUS_28	tumor	
GACTAACGTATATGAG_EBUS_28	tumor	
GACTAACGTATTACCG_EBUS_28	normal	
GACTAACGTGACGCCT_EBUS_28	tumor	
GACTAACGTTGAGGTG_EBUS_28	normal	
GACTAACTCCACTGGG_EBUS_28	normal	
GACTAACTCCTGTACC_EBUS_28	tumor	
GACTAACTCCTTGCCA_EBUS_28	tumor	
GACTACAAGCCACTAT_EBUS_28	normal	
GACTACAAGCCGATTT_EBUS_28	tumor	
GACTACAAGCTAACAA_EBUS_28	normal	
GACTACAAGCTCCTCT_EBUS_28	tumor	
GACTACAAGGCTCTTA_EBUS_28	tumor	
GACTACACAAACTGCT_EBUS_28	normal	
GACTACACACATCCGG_EBUS_28	tumor	
GACTACACAGCTCGAC_EBUS_28	normal	
GACTACACATACGCTA_EBUS_28	tumor	
GACTACACATGGGAAC_EBUS_28	normal	
GACTACAGTTGGACCC_EBUS_28	normal	
GACTACAGTTTGGCGC_EBUS_28	normal	
GACTACATCACTCCTG_EBUS_28	tumor	
GACTACATCAGCTCTC_EBUS_28	normal	
GACTACATCATGCATG_EBUS_28	tumor	
GACTACATCCTGCTTG_EBUS_28	normal	
GACTACATCTTCGAGA_EBUS_28	tumor	
GACTGCGAGATGTAAC_EBUS_28	normal	
GACTGCGAGTGCGATG_EBUS_28	tumor	
GACTGCGCAAGCCCAC_EBUS_28	normal	
GACTGCGCACTACAGT_EBUS_28	normal	
GACTGCGCAGCTGGCT_EBUS_28	normal	
GACTGCGGTCACCTAA_EBUS_28	tumor	
GACTGCGGTGTTCGAT_EBUS_28	tumor	
GACTGCGGTGTTCTTT_EBUS_28	tumor	
GAGCAGAAGCAGACTG_EBUS_28	normal	
GAGCAGAAGGCGATAC_EBUS_28	normal	
GAGCAGAAGTGTTTGC_EBUS_28	normal	
GAGCAGACACCATCCT_EBUS_28	normal	
GAGCAGACATTTCACT_EBUS_28	tumor	
GAGCAGAGTACTTAGC_EBUS_28	normal	
GAGCAGAGTTTAGGAA_EBUS_28	tumor	
GAGCAGATCCGCGTTT_EBUS_28	normal	
GAGCAGATCGACGGAA_EBUS_28	normal	
GAGCAGATCGCGTTTC_EBUS_28	normal	
GAGCAGATCGCTTGTC_EBUS_28	tumor	
GAGCAGATCTCTGAGA_EBUS_28	normal	
GAGGTGAAGCGTCAAG_EBUS_28	normal	
GAGGTGACAATGGATA_EBUS_28	normal	
GAGGTGACAGCTGTGC_EBUS_28	normal	
GAGGTGAGTACGACCC_EBUS_28	normal	
GAGGTGAGTCCGACGT_EBUS_28	tumor	
GAGGTGAGTCTTCGTC_EBUS_28	normal	
GAGGTGAGTTGGGACA_EBUS_28	tumor	
GAGGTGATCGACAGCC_EBUS_28	tumor	
GAGTCCGAGAAGATTC_EBUS_28	tumor	
GAGTCCGAGAATGTGT_EBUS_28	normal	
GAGTCCGCAAAGAATC_EBUS_28	normal	
GAGTCCGCATATGAGA_EBUS_28	normal	
GAGTCCGGTAGGGTAC_EBUS_28	tumor	
GAGTCCGGTCTAGGTT_EBUS_28	normal	
GAGTCCGGTTAGTGGG_EBUS_28	normal	
GAGTCCGTCAGCATGT_EBUS_28	normal	
GATCAGTAGCCAGGAT_EBUS_28	normal	
GATCAGTAGTGAATTG_EBUS_28	normal	yes
GATCAGTCAAGTCTAC_EBUS_28	normal	
GATCAGTCACCGGAAA_EBUS_28	tumor	
GATCAGTGTCCGAGTC_EBUS_28	normal	
GATCAGTTCTGTACGA_EBUS_28	tumor	
GATCGATAGATGTTAG_EBUS_28	tumor	
GATCGATAGGAGTTGC_EBUS_28	tumor	
GATCGATAGGAGTTTA_EBUS_28	tumor	
GATCGATAGTTTCCTT_EBUS_28	tumor	
GATCGATGTCCGAAGA_EBUS_28	normal	
GATCGATGTCGCTTTC_EBUS_28	tumor	
GATCGATGTGAAAGAG_EBUS_28	tumor	
GATCGATTCAAGGTAA_EBUS_28	tumor	
GATCGATTCTATCGCC_EBUS_28	tumor	
GATCGATTCTCACATT_EBUS_28	tumor	
GATCGCGAGCGATGAC_EBUS_28	normal	
GATCGCGAGTACATGA_EBUS_28	tumor	
GATCGCGAGTACTTGC_EBUS_28	normal	
GATCGCGAGTTAGCGG_EBUS_28	normal	
GATCGCGCACCTTGTC_EBUS_28	tumor	
GATCGCGCAGCATACT_EBUS_28	normal	
GATCGCGCAGCATGAG_EBUS_28	normal	
GATCGCGCAGCTGCTG_EBUS_28	normal	
GATCGCGCAGCTGTAT_EBUS_28	tumor	
GATCGCGCAGGCAGTA_EBUS_28	tumor	
GATCGCGCAGTCAGCC_EBUS_28	tumor	
GATCGCGCATCGGAAG_EBUS_28	tumor	
GATCGCGCATGTTGAC_EBUS_28	normal	
GATCGCGGTAGGGTAC_EBUS_28	normal	
GATCGCGGTCAGAAGC_EBUS_28	normal	
GATCGCGGTTCAACCA_EBUS_28	normal	
GATCGCGTCCAAACTG_EBUS_28	tumor	
GATCGTAAGAGTCGGT_EBUS_28	tumor	
GATCGTAAGATAGTCA_EBUS_28	tumor	
GATCGTAAGCCACTAT_EBUS_28	tumor	
GATCGTAAGCGGATCA_EBUS_28	tumor	
GATCGTACATCTGGTA_EBUS_28	tumor	
GATCGTATCCCTAATT_EBUS_28	normal	
GATCTAGAGCTCCCAG_EBUS_28	normal	
GATCTAGAGTCCAGGA_EBUS_28	tumor	
GATCTAGAGTGCGATG_EBUS_28	tumor	
GATCTAGCAAAGGCGT_EBUS_28	normal	
GATCTAGCAAGACACG_EBUS_28	tumor	
GATCTAGCACAAGACG_EBUS_28	normal	
GATCTAGCACGGTGTC_EBUS_28	tumor	
GATCTAGCAGGACCCT_EBUS_28	normal	
GATCTAGGTAGCGCTC_EBUS_28	normal	
GATCTAGGTCTGATTG_EBUS_28	normal	
GATCTAGGTGTGACCC_EBUS_28	normal	
GATCTAGGTTCAGCGC_EBUS_28	normal	
GATCTAGTCAGTTAGC_EBUS_28	tumor	
GATGAAAAGCTTTGGT_EBUS_28	tumor	
GATGAAACAACTGGCC_EBUS_28	tumor	
GATGAAACACATAACC_EBUS_28	tumor	
GATGAAACAGTTCATG_EBUS_28	tumor	
GATGAAAGTGCAACGA_EBUS_28	tumor	
GATGAAAGTGTTGGGA_EBUS_28	normal	
GATGAAAGTTTGGCGC_EBUS_28	normal	
GATGAAATCACAACGT_EBUS_28	tumor	
GATGAAATCAGCTGGC_EBUS_28	tumor	
GATGAAATCAGTTAGC_EBUS_28	tumor	
GATGAAATCGCAAGCC_EBUS_28	tumor	
GATGAGGAGATGTCGG_EBUS_28	tumor	
GATGAGGAGGATTCGG_EBUS_28	tumor	
GATGAGGAGGCCCTTG_EBUS_28	tumor	
GATGAGGCAAGCCTAT_EBUS_28	normal	
GATGAGGCAGCGAACA_EBUS_28	tumor	
GATGAGGCATGTTGAC_EBUS_28	normal	
GATGAGGGTCTAGCCG_EBUS_28	tumor	
GATGAGGGTCTAGTCA_EBUS_28	tumor	
GATGAGGTCCCAAGTA_EBUS_28	tumor	
GATGAGGTCCCGACTT_EBUS_28	tumor	
GATGAGGTCTCGCATC_EBUS_28	normal	
GATGCTAAGGTGCACA_EBUS_28	normal	
GATGCTAAGTACATGA_EBUS_28	normal	
GATGCTACAAACTGTC_EBUS_28	normal	
GATGCTACATTGGGCC_EBUS_28	tumor	
GATGCTAGTACTTAGC_EBUS_28	tumor	
GATGCTAGTCTCCATC_EBUS_28	tumor	
GATGCTAGTCTGATTG_EBUS_28	normal	
GATGCTATCAGAGGTG_EBUS_28	tumor	
GATGCTATCCAAACTG_EBUS_28	normal	
GATGCTATCCCTCTTT_EBUS_28	tumor	
GATGCTATCTCGTATT_EBUS_28	normal	
GATTCAGAGACAAAGG_EBUS_28	tumor	
GATTCAGAGTATTGGA_EBUS_28	tumor	
GATTCAGCACGGTAAG_EBUS_28	tumor	
GATTCAGCATCGACGC_EBUS_28	normal	
GATTCAGCATTGGGCC_EBUS_28	tumor	
GATTCAGGTTCCCGAG_EBUS_28	normal	
GATTCAGGTTGGGACA_EBUS_28	normal	
GATTCAGTCGGCGCAT_EBUS_28	normal	
GATTCAGTCGTGGTCG_EBUS_28	normal	
GATTCAGTCTCCCTGA_EBUS_28	normal	
GATTCAGTCTGCAAGT_EBUS_28	tumor	
GCAAACTCACAGCGTC_EBUS_28	normal	
GCAAACTCACCTCGGA_EBUS_28	normal	
GCAAACTTCAGTACGT_EBUS_28	tumor	
GCAAACTTCTAAGCCA_EBUS_28	tumor	
GCAAACTTCTGGTGTA_EBUS_28	tumor	
GCAATCAAGCTCCCAG_EBUS_28	normal	
GCAATCAAGTCTCAAC_EBUS_28	normal	
GCAATCAGTCAGTGGA_EBUS_28	tumor	
GCAATCAGTGCCTGGT_EBUS_28	normal	
GCAATCAGTGGTACAG_EBUS_28	tumor	
GCAATCAGTTCAGGCC_EBUS_28	normal	
GCAATCATCAACACTG_EBUS_28	normal	
GCAATCATCGGCTTGG_EBUS_28	tumor	
GCAATCATCTAACTCT_EBUS_28	normal	
GCACATAAGGCGCTCT_EBUS_28	normal	
GCACATAAGGGTTTCT_EBUS_28	normal	
GCACATAGTAAAGGAG_EBUS_28	tumor	
GCACATAGTAGCGCTC_EBUS_28	normal	
GCACATAGTATTAGCC_EBUS_28	normal	
GCACATAGTCCAAGTT_EBUS_28	tumor	
GCACATAGTGGTAACG_EBUS_28	tumor	
GCACATATCCAGAAGG_EBUS_28	tumor	
GCACATATCGCCGTGA_EBUS_28	normal	
GCACATATCGCTTAGA_EBUS_28	tumor	
GCACTCTAGACCACGA_EBUS_28	normal	
GCACTCTAGTCTTGCA_EBUS_28	normal	
GCACTCTCAAGCCCAC_EBUS_28	normal	
GCACTCTCACGTAAGG_EBUS_28	tumor	
GCACTCTCAGACAAGC_EBUS_28	normal	
GCACTCTCAGGTCCAC_EBUS_28	normal	
GCACTCTGTACGCACC_EBUS_28	tumor	
GCACTCTGTATTAGCC_EBUS_28	normal	
GCACTCTTCACCATAG_EBUS_28	normal	
GCACTCTTCAGCTTAG_EBUS_28	tumor	
GCACTCTTCATGCAAC_EBUS_28	tumor	
GCAGCCAAGGAATGGA_EBUS_28	tumor	
GCAGCCAAGTGTACTC_EBUS_28	normal	
GCAGCCACACGAAGCA_EBUS_28	tumor	
GCAGCCACAGTATAAG_EBUS_28	normal	
GCAGCCACATGGTCTA_EBUS_28	tumor	
GCAGCCAGTACTCAAC_EBUS_28	tumor	
GCAGCCAGTCTCTCTG_EBUS_28	normal	
GCAGCCAGTGTGGTTT_EBUS_28	tumor	
GCAGCCATCCACGTGG_EBUS_28	tumor	
GCAGCCATCCTTGCCA_EBUS_28	tumor	
GCAGCCATCGGGAGTA_EBUS_28	tumor	
GCAGCCATCTCCTATA_EBUS_28	tumor	
GCAGTTAAGATGTCGG_EBUS_28	normal	
GCAGTTAAGCCACGTC_EBUS_28	tumor	
GCAGTTAAGCGCCTCA_EBUS_28	tumor	
GCAGTTAAGCTAACAA_EBUS_28	normal	
GCAGTTAAGTCTTGCA_EBUS_28	normal	
GCAGTTACACCAACCG_EBUS_28	tumor	
GCAGTTAGTATAGTAG_EBUS_28	normal	
GCAGTTAGTATATGAG_EBUS_28	normal	
GCAGTTAGTCAGAGGT_EBUS_28	normal	
GCAGTTATCATACGGT_EBUS_28	normal	
GCAGTTATCATAGCAC_EBUS_28	tumor	
GCAGTTATCGACGGAA_EBUS_28	normal	
GCAGTTATCTGTACGA_EBUS_28	normal	
GCATACAAGAGGTACC_EBUS_28	tumor	
GCATACAAGTGCTGCC_EBUS_28	normal	
GCATACACAAGGTTCT_EBUS_28	tumor	
GCATACACAAGTCTGT_EBUS_28	normal	
GCATACAGTGCACTTA_EBUS_28	tumor	
GCATACATCACCAGGC_EBUS_28	tumor	
GCATACATCTGGGCCA_EBUS_28	tumor	
GCATGATAGACTCGGA_EBUS_28	tumor	
GCATGATCAACTGCTA_EBUS_28	normal	
GCATGATCAAGTAGTA_EBUS_28	normal	
GCATGATCACAAGACG_EBUS_28	tumor	
GCATGATCATCCCACT_EBUS_28	normal	
GCATGATCATGACATC_EBUS_28	normal	
GCATGATGTAGTGAAT_EBUS_28	tumor	
GCATGATGTCCAAGTT_EBUS_28	tumor	
GCATGATGTCTACCTC_EBUS_28	tumor	
GCATGATTCTGTACGA_EBUS_28	tumor	
GCATGCGAGACTTTCG_EBUS_28	tumor	
GCATGCGAGATATGCA_EBUS_28	tumor	
GCATGCGAGATCCCGC_EBUS_28	normal	
GCATGCGAGATCCGAG_EBUS_28	tumor	
GCATGCGAGTGTACTC_EBUS_28	tumor	
GCATGCGAGTTGTCGT_EBUS_28	tumor	
GCATGCGCACGTTGGC_EBUS_28	tumor	
GCATGCGCATTGGTAC_EBUS_28	normal	
GCATGCGGTCTAGTCA_EBUS_28	tumor	
GCATGCGGTGGTCCGT_EBUS_28	normal	
GCATGCGGTTCAGCGC_EBUS_28	tumor	
GCATGCGGTTCCACGG_EBUS_28	tumor	
GCATGCGTCAGATAAG_EBUS_28	tumor	
GCATGCGTCATCTGTT_EBUS_28	tumor	
GCATGCGTCGCTTAGA_EBUS_28	normal	
GCATGCGTCTCGTATT_EBUS_28	tumor	
GCATGTAAGAAACCTA_EBUS_28	tumor	
GCATGTAAGGCCGAAT_EBUS_28	normal	
GCATGTAAGGCTCAGA_EBUS_28	tumor	
GCATGTAAGTGGCACA_EBUS_28	normal	
GCATGTAAGTTCGCGC_EBUS_28	tumor	
GCATGTACAGCTTAAC_EBUS_28	tumor	
GCATGTACAGTATCTG_EBUS_28	tumor	
GCATGTACATGGTTGT_EBUS_28	tumor	
GCATGTAGTGTAAGTA_EBUS_28	normal	
GCATGTATCAACACAC_EBUS_28	normal	
GCATGTATCGATGAGG_EBUS_28	tumor	
GCATGTATCTGCAGTA_EBUS_28	tumor	
GCCAAATAGGACAGCT_EBUS_28	normal	
GCCAAATGTACTTAGC_EBUS_28	normal	
GCCAAATGTGATGATA_EBUS_28	tumor	
GCCAAATGTGATGCCC_EBUS_28	tumor	
GCCAAATGTTCGGGCT_EBUS_28	tumor	
GCCAAATTCAGGTAAA_EBUS_28	normal	
GCCAAATTCTATGTGG_EBUS_28	tumor	
GCCTCTAAGATTACCC_EBUS_28	normal	
GCCTCTAAGCAACGGT_EBUS_28	tumor	
GCCTCTAAGTCATCCA_EBUS_28	normal	
GCCTCTACACCGGAAA_EBUS_28	normal	
GCCTCTACAGGGTATG_EBUS_28	tumor	
GCCTCTACATTTCAGG_EBUS_28	tumor	
GCCTCTAGTCAAAGCG_EBUS_28	tumor	
GCCTCTAGTCAATGTC_EBUS_28	tumor	
GCCTCTAGTCAGGACA_EBUS_28	tumor	
GCCTCTAGTCGCATCG_EBUS_28	tumor	
GCCTCTAGTGTTTGGT_EBUS_28	tumor	
GCCTCTAGTTCCCGAG_EBUS_28	tumor	
GCCTCTAGTTCCGTCT_EBUS_28	normal	
GCCTCTATCAGCTGGC_EBUS_28	normal	
GCCTCTATCATTGCCC_EBUS_28	tumor	
GCCTCTATCTACCTGC_EBUS_28	tumor	
GCGACCAAGTGGGATC_EBUS_28	normal	
GCGACCACACACCGAC_EBUS_28	tumor	
GCGACCACAGGTCTCG_EBUS_28	tumor	
GCGACCACAGTACACT_EBUS_28	normal	
GCGACCACAGTTAACC_EBUS_28	tumor	
GCGACCAGTCTTGATG_EBUS_28	tumor	
GCGACCAGTGTCCTCT_EBUS_28	tumor	
GCGACCATCATGTAGC_EBUS_28	tumor	
GCGACCATCTGTTGAG_EBUS_28	normal	
GCGAGAAAGCCGGTAA_EBUS_28	normal	
GCGAGAACACAGATTC_EBUS_28	normal	
GCGAGAAGTACAGACG_EBUS_28	normal	
GCGAGAAGTCGGCACT_EBUS_28	normal	
GCGAGAAGTGTGGTTT_EBUS_28	tumor	
GCGAGAATCACAGTAC_EBUS_28	normal	
GCGAGAATCACGATGT_EBUS_28	tumor	
GCGAGAATCAGCCTAA_EBUS_28	normal	
GCGAGAATCCCTAACC_EBUS_28	normal	yes
GCGCAACAGCTAACTC_EBUS_28	normal	
GCGCAACAGTTGAGAT_EBUS_28	normal	
GCGCAACCAGCCTGTG_EBUS_28	tumor	
GCGCAACGTATATCCG_EBUS_28	normal	
GCGCAACTCAACTCTT_EBUS_28	tumor	
GCGCAACTCCCTAACC_EBUS_28	normal	
GCGCAACTCTGGGCCA_EBUS_28	normal	
GCGCAGTAGAGACTTA_EBUS_28	normal	
GCGCAGTTCCTGTAGA_EBUS_28	normal	
GCGCCAAAGAGACTTA_EBUS_28	tumor	
GCGCCAAAGGAACTGC_EBUS_28	tumor	
GCGCCAAAGTCAAGCG_EBUS_28	tumor	
GCGCCAACAAGCGAGT_EBUS_28	normal	
GCGCCAACATGCCCGA_EBUS_28	normal	
GCGCCAAGTAGCTGCC_EBUS_28	tumor	
GCGCCAAGTGAGCGAT_EBUS_28	normal	
GCGCCAATCGCCCTTA_EBUS_28	tumor	
GCGCCAATCGTACGGC_EBUS_28	tumor	
GCGCGATAGCGATCCC_EBUS_28	tumor	
GCGCGATAGTACGTTC_EBUS_28	tumor	
GCGCGATCATCTGGTA_EBUS_28	tumor	
GCGCGATCATGCTAGT_EBUS_28	tumor	
GCGCGATCATTGGTAC_EBUS_28	normal	
GCGCGATGTCTGGAGA_EBUS_28	tumor	
GCGCGATGTTACCGAT_EBUS_28	tumor	
GCGCGATTCTTGAGGT_EBUS_28	normal	
GCGGGTTAGCCCAATT_EBUS_28	tumor	
GCGGGTTAGGACATTA_EBUS_28	tumor	
GCGGGTTAGGCATGTG_EBUS_28	normal	
GCGGGTTCACCAGTTA_EBUS_28	tumor	
GCGGGTTCAGATCTGT_EBUS_28	normal	
GCGGGTTCAGCCTTTC_EBUS_28	tumor	
GCGGGTTCATCCGCGA_EBUS_28	tumor	
GCGGGTTGTACTTGAC_EBUS_28	normal	
GCGGGTTGTCAACATC_EBUS_28	tumor	
GCGGGTTGTCTCCCTA_EBUS_28	tumor	
GCGGGTTGTTCCGGCA_EBUS_28	normal	
GCGGGTTTCCAAACTG_EBUS_28	normal	
GCTCCTAAGACCTTTG_EBUS_28	tumor	
GCTCCTAAGCCCGAAA_EBUS_28	tumor	
GCTCCTAAGGCGACAT_EBUS_28	normal	
GCTCCTACAAGCTGTT_EBUS_28	tumor	
GCTCCTACACCAGGTC_EBUS_28	tumor	
GCTCCTACAGTTTACG_EBUS_28	normal	
GCTCCTAGTCGACTGC_EBUS_28	tumor	
GCTCCTAGTGTGTGCC_EBUS_28	tumor	
GCTCCTATCATCGGAT_EBUS_28	normal	
GCTCCTATCCAGGGCT_EBUS_28	normal	
GCTCCTATCCCTTGCA_EBUS_28	normal	
GCTCTGTAGCTAAGAT_EBUS_28	normal	
GCTCTGTCAATGTTGC_EBUS_28	tumor	
GCTCTGTCAGGGTATG_EBUS_28	normal	
GCTCTGTTCCAGTAGT_EBUS_28	tumor	
GCTCTGTTCTGCCCTA_EBUS_28	normal	
GCTGCAGCATAAGACA_EBUS_28	tumor	
GCTGCAGCATTGAGCT_EBUS_28	normal	
GCTGCAGTCATTTGGG_EBUS_28	tumor	
GCTGCAGTCCTCGCAT_EBUS_28	normal	
GCTGCGACAAAGGTGC_EBUS_28	normal	
GCTGCGACACGGTAAG_EBUS_28	normal	
GCTGCGACAGTATGCT_EBUS_28	tumor	
GCTGCGACATCCTTGC_EBUS_28	tumor	
GCTGCGACATTGGGCC_EBUS_28	normal	
GCTGCGAGTCTAGCGC_EBUS_28	normal	
GCTGCGAGTGATAAGT_EBUS_28	normal	
GCTGCGAGTGCACTTA_EBUS_28	tumor	
GCTGCGAGTTCAGCGC_EBUS_28	normal	
GCTGCGAGTTTGCATG_EBUS_28	tumor	
GCTGCGATCTTGTATC_EBUS_28	tumor	
GCTGCTTCAAGGTTCT_EBUS_28	normal	
GCTGCTTCACCTATCC_EBUS_28	tumor	
GCTGCTTCATACTACG_EBUS_28	normal	
GCTGCTTGTCCTCCAT_EBUS_28	tumor	
GCTGGGTAGAAACCTA_EBUS_28	tumor	
GCTGGGTAGCAGCGTA_EBUS_28	normal	
GCTGGGTAGGTTCCTA_EBUS_28	normal	
GCTGGGTAGTACGTAA_EBUS_28	normal	
GCTGGGTCACTAGTAC_EBUS_28	normal	
GCTGGGTCAGGATCGA_EBUS_28	tumor	
GCTGGGTCATACAGCT_EBUS_28	normal	
GCTGGGTGTCTTCAAG_EBUS_28	tumor	
GCTGGGTGTTTAGCTG_EBUS_28	normal	
GCTGGGTTCCGCGGTA_EBUS_28	normal	
GCTGGGTTCGGCGCTA_EBUS_28	tumor	
GCTGGGTTCTTTAGGG_EBUS_28	tumor	
GCTTCCAAGAAACCAT_EBUS_28	tumor	
GCTTCCAAGCCGTCGT_EBUS_28	tumor	
GCTTCCAAGCGCTCCA_EBUS_28	normal	
GCTTCCAAGGTGTGGT_EBUS_28	tumor	
GCTTCCAAGTTACCCA_EBUS_28	tumor	
GCTTCCACAGCAGTTT_EBUS_28	normal	
GCTTCCACAGCGATCC_EBUS_28	tumor	
GCTTCCAGTAGGCTGA_EBUS_28	normal	
GCTTCCAGTGCACCAC_EBUS_28	tumor	
GCTTCCAGTTCAGGCC_EBUS_28	normal	
GCTTCCAGTTGGTGGA_EBUS_28	tumor	
GCTTCCAGTTTAGCTG_EBUS_28	normal	
GCTTCCAGTTTAGGAA_EBUS_28	tumor	
GCTTCCATCTAACCGA_EBUS_28	normal	
GCTTGAAGTATCAGTC_EBUS_28	tumor	
GGAAAGCAGAATTCCC_EBUS_28	tumor	
GGAAAGCCAAGAAAGG_EBUS_28	tumor	
GGAAAGCCACAAGACG_EBUS_28	tumor	
GGAAAGCGTCAAGCGA_EBUS_28	tumor	
GGAAAGCTCTTCCTTC_EBUS_28	normal	
GGAACTTAGCGCTTAT_EBUS_28	tumor	
GGAACTTAGCGTCTAT_EBUS_28	tumor	
GGAACTTAGTAGCCGA_EBUS_28	normal	
GGAACTTCACCGAATT_EBUS_28	tumor	
GGAACTTCAGATGAGC_EBUS_28	tumor	
GGAACTTGTCTCCACT_EBUS_28	normal	
GGAACTTGTGTGAATA_EBUS_28	normal	
GGAACTTTCTGGAGCC_EBUS_28	normal	
GGAATAAAGAGTAAGG_EBUS_28	normal	
GGAATAAAGCGATTCT_EBUS_28	normal	
GGAATAACATAAGACA_EBUS_28	tumor	
GGAATAAGTGACGCCT_EBUS_28	normal	
GGAATAAGTGGAAAGA_EBUS_28	tumor	
GGAATAATCCAGATCA_EBUS_28	tumor	
GGAATAATCGTACCGG_EBUS_28	normal	
GGACAAGAGCGCCTCA_EBUS_28	tumor	
GGACAAGCAAACCCAT_EBUS_28	tumor	
GGACAAGCAACACGCC_EBUS_28	tumor	
GGACAAGGTTTGACTG_EBUS_28	tumor	
GGACAAGTCAACCAAC_EBUS_28	tumor	
GGACAAGTCCAAGCCG_EBUS_28	normal	
GGACAAGTCCCTGACT_EBUS_28	normal	
GGACAAGTCTGCTGCT_EBUS_28	normal	
GGACAAGTCTGTTGAG_EBUS_28	tumor	
GGACAGAAGATAGTCA_EBUS_28	normal	
GGACAGAAGGAGTTGC_EBUS_28	normal	
GGACAGACAAGTTAAG_EBUS_28	normal	
GGACAGAGTGTAACGG_EBUS_28	normal	
GGACAGAGTTCAGCGC_EBUS_28	normal	
GGACAGATCATCGGAT_EBUS_28	tumor	
GGACAGATCTTGGGTA_EBUS_28	tumor	
GGACATTAGATCACGG_EBUS_28	normal	
GGACATTAGCCACTAT_EBUS_28	tumor	
GGACATTAGTCACGCC_EBUS_28	tumor	
GGACATTAGTGTCCCG_EBUS_28	normal	
GGACATTAGTTAGGTA_EBUS_28	tumor	
GGACATTCATAGACTC_EBUS_28	normal	
GGACATTGTAAGAGAG_EBUS_28	tumor	
GGACATTGTACCTACA_EBUS_28	normal	
GGACATTGTAGGCTGA_EBUS_28	normal	
GGACATTGTATTCTCT_EBUS_28	normal	
GGACATTTCCAGTAGT_EBUS_28	normal	
GGACGTCAGAACAACT_EBUS_28	tumor	
GGACGTCAGCCCAATT_EBUS_28	tumor	
GGACGTCAGTAGGCCA_EBUS_28	tumor	
GGACGTCGTAGTACCT_EBUS_28	tumor	
GGACGTCGTCGCGGTT_EBUS_28	tumor	
GGACGTCGTTCCTCCA_EBUS_28	normal	
GGACGTCTCAGGCCCA_EBUS_28	tumor	
GGACGTCTCCAAACTG_EBUS_28	tumor	
GGACGTCTCGCAAACT_EBUS_28	tumor	
GGACGTCTCTGGTATG_EBUS_28	normal	
GGAGCAAAGAAGGCCT_EBUS_28	normal	
GGAGCAACAAGCGATG_EBUS_28	tumor	
GGAGCAACAAGGTTTC_EBUS_28	tumor	
GGAGCAACACGGTGTC_EBUS_28	normal	
GGAGCAACAGCGTTCG_EBUS_28	normal	
GGAGCAAGTCTGGTCG_EBUS_28	normal	
GGAGCAATCAGTCCCT_EBUS_28	tumor	
GGAGCAATCATGCTCC_EBUS_28	normal	
GGAGCAATCCTGCCAT_EBUS_28	normal	
GGAGCAATCTCACATT_EBUS_28	normal	
GGAGCAATCTTTAGTC_EBUS_28	normal	
GGATGTTAGACTGTAA_EBUS_28	normal	
GGATGTTAGATGGCGT_EBUS_28	tumor	
GGATGTTAGGATGGTC_EBUS_28	tumor	
GGATGTTCAAAGTGCG_EBUS_28	tumor	
GGATGTTCAGCTTCGG_EBUS_28	tumor	
GGATGTTCAGTCAGAG_EBUS_28	normal	
GGATGTTGTTCTCATT_EBUS_28	normal	
GGATGTTTCACCCGAG_EBUS_28	normal	
GGATGTTTCCAGTATG_EBUS_28	tumor	
GGATTACAGCGCCTTG_EBUS_28	tumor	
GGATTACAGCTTATCG_EBUS_28	tumor	
GGATTACAGTTGCAGG_EBUS_28	normal	
GGATTACCAAAGCGGT_EBUS_28	tumor	
GGATTACGTAGCACGA_EBUS_28	normal	
GGATTACGTAGGAGTC_EBUS_28	normal	
GGATTACGTATCGCAT_EBUS_28	normal	
GGATTACGTCCGTCAG_EBUS_28	tumor	
GGATTACTCAGCTCTC_EBUS_28	normal	
GGATTACTCCACGACG_EBUS_28	tumor	
GGATTACTCGCACTCT_EBUS_28	normal	
GGATTACTCTCAAGTG_EBUS_28	tumor	
GGCAATTAGACTAAGT_EBUS_28	normal	
GGCAATTAGAGAACAG_EBUS_28	tumor	
GGCAATTAGCGTAGTG_EBUS_28	tumor	
GGCAATTCAACTGGCC_EBUS_28	normal	
GGCAATTCAATCTACG_EBUS_28	normal	
GGCAATTCAGACGTAG_EBUS_28	normal	
GGCAATTGTAGCGCAA_EBUS_28	normal	
GGCAATTGTCAACTGT_EBUS_28	normal	
GGCAATTGTCCTGCTT_EBUS_28	normal	
GGCAATTTCCCAGGTG_EBUS_28	tumor	
GGCAATTTCCTAGAAC_EBUS_28	tumor	
GGCCGATAGGTTACCT_EBUS_28	tumor	
GGCCGATCAATGGTCT_EBUS_28	normal	
GGCCGATGTCCAAGTT_EBUS_28	tumor	
GGCCGATGTGGCGAAT_EBUS_28	tumor	
GGCCGATTCAACCATG_EBUS_28	tumor	
GGCCGATTCTTTAGGG_EBUS_28	normal	
GGCGACTAGCCCAACC_EBUS_28	tumor	
GGCGACTAGGTGATAT_EBUS_28	tumor	
GGCGACTAGTAGTGCG_EBUS_28	normal	
GGCGACTCAAGCGTAG_EBUS_28	normal	
GGCGACTCAATACGCT_EBUS_28	tumor	
GGCGACTCAGCCAGAA_EBUS_28	tumor	
GGCGACTCATTCTCAT_EBUS_28	tumor	
GGCGACTGTGTTCTTT_EBUS_28	tumor	
GGCGACTTCATGCAAC_EBUS_28	normal	
GGCGACTTCCTGCTTG_EBUS_28	normal	
GGCGTGTCAGGTCCAC_EBUS_28	normal	
GGCGTGTGTCCGTCAG_EBUS_28	normal	
GGCGTGTTCGACCAGC_EBUS_28	tumor	
GGCGTGTTCTGTGCAA_EBUS_28	normal	
GGCTCGAAGGCCATAG_EBUS_28	tumor	
GGCTCGAAGTATCGAA_EBUS_28	normal	
GGCTCGAAGTGCCAGA_EBUS_28	tumor	
GGCTCGACAGCATACT_EBUS_28	normal	
GGCTCGACATCACGAT_EBUS_28	tumor	
GGCTCGAGTTGGACCC_EBUS_28	tumor	
GGCTGGTAGGAACTGC_EBUS_28	tumor	
GGCTGGTAGGGCTCTC_EBUS_28	tumor	
GGCTGGTCAAGGCTCC_EBUS_28	normal	
GGCTGGTCACACATGT_EBUS_28	normal	
GGCTGGTCATAGACTC_EBUS_28	tumor	
GGCTGGTCATCCCATC_EBUS_28	normal	
GGCTGGTGTAGCTCCG_EBUS_28	tumor	
GGCTGGTGTCATATGC_EBUS_28	normal	
GGCTGGTGTCCGAAGA_EBUS_28	tumor	
GGCTGGTGTTCCAACA_EBUS_28	normal	
GGCTGGTTCACCACCT_EBUS_28	tumor	
GGCTGGTTCCATGAAC_EBUS_28	tumor	
GGCTGGTTCGTCTGAA_EBUS_28	normal	
GGCTGGTTCTTTACGT_EBUS_28	tumor	
GGGAATGAGCAGACTG_EBUS_28	normal	
GGGAATGAGTGGAGAA_EBUS_28	tumor	
GGGAATGCACAACTGT_EBUS_28	normal	
GGGAATGCACCAGTTA_EBUS_28	normal	
GGGAATGCACTGAAGG_EBUS_28	tumor	
GGGAATGCATCCTTGC_EBUS_28	tumor	
GGGAATGGTAGCGTAG_EBUS_28	normal	
GGGAATGGTTGGACCC_EBUS_28	tumor	
GGGAATGTCGACGGAA_EBUS_28	normal	
GGGAATGTCGCCCTTA_EBUS_28	normal	
GGGACCTAGACTTTCG_EBUS_28	normal	
GGGACCTAGGAGTCTG_EBUS_28	normal	
GGGACCTCAGATAATG_EBUS_28	tumor	
GGGACCTCAGGACCCT_EBUS_28	normal	
GGGACCTGTGATGTCT_EBUS_28	tumor	
GGGACCTTCATGCAAC_EBUS_28	tumor	
GGGACCTTCGAACTGT_EBUS_28	normal	
GGGAGATAGAAGCCCA_EBUS_28	normal	
GGGAGATAGCACACAG_EBUS_28	tumor	
GGGAGATAGGCCATAG_EBUS_28	tumor	
GGGAGATAGTACGTAA_EBUS_28	normal	
GGGAGATCATCAGTAC_EBUS_28	normal	
GGGAGATCATGCCCGA_EBUS_28	tumor	
GGGAGATTCATCTGTT_EBUS_28	normal	
GGGAGATTCCAGTATG_EBUS_28	tumor	
GGGATGAAGACTAAGT_EBUS_28	tumor	
GGGATGAAGCGTTGCC_EBUS_28	tumor	
GGGATGACAGGAATCG_EBUS_28	tumor	
GGGATGACATAAAGGT_EBUS_28	tumor	
GGGATGAGTGACTACT_EBUS_28	tumor	
GGGATGAGTGGTACAG_EBUS_28	tumor	
GGGATGATCAGCTGGC_EBUS_28	tumor	
GGGATGATCATGTCTT_EBUS_28	tumor	
GGGATGATCGAACGGA_EBUS_28	normal	
GGGATGATCGAGAGCA_EBUS_28	normal	
GGGCACTAGAACAATC_EBUS_28	tumor	
GGGCACTAGAGACGAA_EBUS_28	tumor	
GGGCACTAGGGCTTGA_EBUS_28	tumor	
GGGCACTCAATGAAAC_EBUS_28	tumor	
GGGCACTCATATACGC_EBUS_28	normal	
GGGCACTGTCAGCTAT_EBUS_28	tumor	
GGGCACTGTCGGCTCA_EBUS_28	tumor	
GGGCACTTCACTTATC_EBUS_28	tumor	
GGGCACTTCCCTAACC_EBUS_28	normal	
GGGCACTTCTAGAGTC_EBUS_28	tumor	
GGGCATCAGGCTAGAC_EBUS_28	tumor	
GGGCATCCATGACATC_EBUS_28	normal	
GGGCATCGTCAGAAGC_EBUS_28	normal	
GGGCATCGTGAAATCA_EBUS_28	tumor	
GGGCATCGTGGTACAG_EBUS_28	tumor	
GGGCATCGTTATGCGT_EBUS_28	normal	
GGGCATCTCGTGTAGT_EBUS_28	normal	
GGGTCTGAGAAGCCCA_EBUS_28	tumor	
GGGTCTGAGCACAGGT_EBUS_28	tumor	
GGGTCTGAGCTGCGAA_EBUS_28	tumor	
GGGTCTGCAAGTAATG_EBUS_28	tumor	
GGGTCTGCAGCCTTGG_EBUS_28	tumor	
GGGTCTGGTCAACATC_EBUS_28	normal	
GGGTCTGGTCTCTTAT_EBUS_28	tumor	
GGGTCTGGTGGTCTCG_EBUS_28	tumor	
GGGTCTGTCGCTTGTC_EBUS_28	tumor	
GGGTTGCAGAAGGCCT_EBUS_28	tumor	
GGGTTGCAGACCCACC_EBUS_28	tumor	
GGGTTGCAGCTGATAA_EBUS_28	normal	
GGGTTGCAGGCCCTTG_EBUS_28	tumor	
GGGTTGCAGTTGTAGA_EBUS_28	tumor	
GGGTTGCCACGAGGTA_EBUS_28	normal	
GGGTTGCCATCACGAT_EBUS_28	tumor	
GGGTTGCTCCTGTACC_EBUS_28	normal	
GGGTTGCTCGTCGTTC_EBUS_28	tumor	
GGTATTGCACCGGAAA_EBUS_28	tumor	
GGTATTGCAGCATACT_EBUS_28	tumor	
GGTATTGCAGCTCGCA_EBUS_28	normal	
GGTATTGTCCAAAGTC_EBUS_28	tumor	
GGTATTGTCTGAAAGA_EBUS_28	tumor	
GGTATTGTCTGACCTC_EBUS_28	tumor	
GGTATTGTCTGGGCCA_EBUS_28	tumor	
GGTATTGTCTGTTTGT_EBUS_28	tumor	
GGTATTGTCTTCCTTC_EBUS_28	normal	
GGTGAAGAGAACAATC_EBUS_28	tumor	
GGTGAAGAGCTGCAAG_EBUS_28	normal	
GGTGAAGCAATTGCTG_EBUS_28	normal	
GGTGAAGGTCCGACGT_EBUS_28	tumor	
GGTGAAGGTCTTGCGG_EBUS_28	normal	
GGTGAAGTCAAACAAG_EBUS_28	tumor	
GGTGAAGTCAAACGGG_EBUS_28	normal	
GGTGAAGTCAGTACGT_EBUS_28	tumor	
GGTGCGTAGGCAAAGA_EBUS_28	tumor	
GGTGCGTAGTTGAGAT_EBUS_28	tumor	
GGTGCGTCACGACTCG_EBUS_28	tumor	
GGTGCGTGTCCTAGCG_EBUS_28	tumor	
GGTGCGTGTCGCTTCT_EBUS_28	normal	
GGTGCGTTCACCAGGC_EBUS_28	tumor	
GGTGCGTTCACGCGGT_EBUS_28	normal	
GGTGCGTTCAGCGACC_EBUS_28	tumor	
GGTGCGTTCATTGCCC_EBUS_28	tumor	
GGTGCGTTCTTCAACT_EBUS_28	tumor	
GGTGTTAAGAGGGCTT_EBUS_28	normal	
GGTGTTAAGCGAAGGG_EBUS_28	normal	
GGTGTTAAGCTGTTCA_EBUS_28	tumor	
GGTGTTAAGTATGACA_EBUS_28	normal	
GGTGTTACAAGTCTGT_EBUS_28	tumor	
GGTGTTACAGCATGAG_EBUS_28	tumor	
GGTGTTACAGGAACGT_EBUS_28	normal	
GGTGTTACATATGAGA_EBUS_28	tumor	
GGTGTTACATTACGAC_EBUS_28	tumor	
GGTGTTAGTAAATACG_EBUS_28	tumor	
GGTGTTAGTACATGTC_EBUS_28	tumor	
GGTGTTAGTATAAACG_EBUS_28	tumor	
GGTGTTAGTCCTGCTT_EBUS_28	tumor	
GGTGTTAGTCTAGAGG_EBUS_28	normal	
GGTGTTATCTGCAAGT_EBUS_28	tumor	
GTAACGTAGCTCCCAG_EBUS_28	tumor	
GTAACGTCAGTCACTA_EBUS_28	normal	
GTAACGTCATGAGCGA_EBUS_28	normal	
GTAACGTCATGATCCA_EBUS_28	tumor	
GTAACGTGTACAGTGG_EBUS_28	normal	
GTAACGTGTCCAACTA_EBUS_28	tumor	
GTAACGTGTGTGGCTC_EBUS_28	normal	
GTAACGTGTTACTGAC_EBUS_28	normal	
GTAACGTGTTGAGTTC_EBUS_28	tumor	
GTAACGTTCAAGATCC_EBUS_28	normal	
GTAACGTTCCGAACGC_EBUS_28	tumor	
GTAACGTTCGTGGACC_EBUS_28	normal	
GTAACTGAGATGTTAG_EBUS_28	normal	
GTAACTGAGGGATCTG_EBUS_28	tumor	
GTAACTGCATCAGTCA_EBUS_28	tumor	
GTAACTGCATCTCGCT_EBUS_28	tumor	
GTAACTGGTAACGTTC_EBUS_28	tumor	
GTAACTGTCCATGCTC_EBUS_28	tumor	
GTAACTGTCTCGCTTG_EBUS_28	tumor	
GTACGTAAGAGTGAGA_EBUS_28	tumor	
GTACGTAAGCTAGTCT_EBUS_28	normal	
GTACGTACACTCGACG_EBUS_28	normal	
GTACGTAGTCGCTTCT_EBUS_28	normal	
GTACGTAGTCTCCACT_EBUS_28	normal	
GTACGTAGTGTCGCTG_EBUS_28	tumor	
GTACGTATCACGCGGT_EBUS_28	normal	
GTACGTATCAGCCTAA_EBUS_28	tumor	
GTACGTATCGGCGCTA_EBUS_28	normal	
GTACTCCAGATATGGT_EBUS_28	normal	
GTACTCCAGCCCAACC_EBUS_28	tumor	
GTACTCCAGGTCGGAT_EBUS_28	normal	
GTACTCCCATTCCTGC_EBUS_28	normal	
GTACTCCGTAGTGAAT_EBUS_28	tumor	
GTACTCCGTATAATGG_EBUS_28	normal	
GTACTCCTCTTGTACT_EBUS_28	tumor	
GTACTTTAGAATTCCC_EBUS_28	tumor	
GTACTTTAGATGTGTA_EBUS_28	tumor	
GTACTTTAGCCAGTAG_EBUS_28	normal	
GTACTTTAGCCTTGAT_EBUS_28	tumor	
GTACTTTAGGAGCGTT_EBUS_28	tumor	
GTACTTTAGTACATGA_EBUS_28	tumor	
GTACTTTCAACAACCT_EBUS_28	tumor	
GTACTTTCATCCCACT_EBUS_28	tumor	
GTACTTTCATGCAACT_EBUS_28	tumor	
GTACTTTGTAGCCTAT_EBUS_28	tumor	
GTACTTTGTCATCCCT_EBUS_28	tumor	
GTACTTTGTGTTAAGA_EBUS_28	tumor	yes
GTACTTTTCCCGACTT_EBUS_28	tumor	
GTACTTTTCGCGCCAA_EBUS_28	tumor	
GTAGGCCAGAAACCGC_EBUS_28	normal	
GTAGGCCAGCCACTAT_EBUS_28	tumor	
GTAGGCCAGCTATGCT_EBUS_28	tumor	
GTAGGCCCATACGCCG_EBUS_28	normal	
GTAGGCCGTCGTTGTA_EBUS_28	tumor	
GTAGGCCTCAGTTCGA_EBUS_28	normal	
GTAGGCCTCATTCACT_EBUS_28	normal	
GTAGGCCTCCGAAGAG_EBUS_28	tumor	
GTAGTCAAGGCTCTTA_EBUS_28	tumor	
GTAGTCAAGGGATGGG_EBUS_28	tumor	
GTAGTCAAGGGCTTCC_EBUS_28	normal	
GTAGTCACAAGGTTCT_EBUS_28	tumor	
GTAGTCACATTAGGCT_EBUS_28	normal	
GTAGTCAGTACAGACG_EBUS_28	normal	
GTAGTCAGTTAAGGGC_EBUS_28	normal	
GTAGTCAGTTCTCATT_EBUS_28	normal	
GTAGTCATCCTTGACC_EBUS_28	tumor	
GTAGTCATCGATAGAA_EBUS_28	normal	
GTAGTCATCGCGCCAA_EBUS_28	normal	
GTAGTCATCTGCGACG_EBUS_28	tumor	
GTAGTCATCTTTAGTC_EBUS_28	normal	
GTATCTTAGAAGGTTT_EBUS_28	tumor	
GTATCTTAGCTCTCGG_EBUS_28	tumor	
GTATCTTCAAACGTGG_EBUS_28	tumor	
GTATCTTCACATGGGA_EBUS_28	tumor	
GTATCTTCACGGCCAT_EBUS_28	tumor	
GTATCTTGTTCAGGCC_EBUS_28	tumor	
GTATCTTTCCACTCCA_EBUS_28	tumor	
GTATTCTAGCTAAACA_EBUS_28	tumor	
GTATTCTCAATAACGA_EBUS_28	tumor	
GTATTCTCAGAGCCAA_EBUS_28	normal	
GTATTCTCATTTGCCC_EBUS_28	normal	
GTATTCTGTCCATGAT_EBUS_28	tumor	
GTATTCTGTCCGTGAC_EBUS_28	tumor	
GTATTCTTCCATGAGT_EBUS_28	tumor	
GTCAAGTAGCTACCTA_EBUS_28	normal	
GTCAAGTGTCATATCG_EBUS_28	tumor	
GTCAAGTGTTAAGGGC_EBUS_28	normal	
GTCAAGTTCACCCGAG_EBUS_28	tumor	
GTCAAGTTCAGTTCGA_EBUS_28	tumor	
GTCAAGTTCGTAGGTT_EBUS_28	normal	
GTCACAAAGTGCCATT_EBUS_28	tumor	
GTCACAACAACTGGCC_EBUS_28	tumor	
GTCACAACACAGAGGT_EBUS_28	normal	
GTCACAACACGCATCG_EBUS_28	tumor	
GTCACAACATGCTAGT_EBUS_28	normal	
GTCACAAGTAGTACCT_EBUS_28	tumor	
GTCACAAGTCTGGAGA_EBUS_28	tumor	
GTCACAATCACCACCT_EBUS_28	tumor	
GTCACAATCTGGAGCC_EBUS_28	normal	
GTCACGGAGCGATCCC_EBUS_28	normal	
GTCACGGAGCGATGAC_EBUS_28	normal	
GTCACGGCAGGGTATG_EBUS_28	normal	
GTCACGGCAGGTCGTC_EBUS_28	normal	
GTCACGGGTAACGACG_EBUS_28	normal	
GTCACGGGTACAGTTC_EBUS_28	tumor	
GTCACGGGTGAAAGAG_EBUS_28	tumor	
GTCACGGGTTGAGTTC_EBUS_28	tumor	
GTCACGGTCAGCTCTC_EBUS_28	tumor	
GTCACGGTCGACGGAA_EBUS_28	tumor	
GTCACGGTCGAGGTAG_EBUS_28	tumor	
GTCACGGTCGATAGAA_EBUS_28	tumor	
GTCATTTAGCACAGGT_EBUS_28	normal	
GTCATTTAGCCTCGTG_EBUS_28	normal	
GTCATTTAGGTGATTA_EBUS_28	normal	
GTCATTTAGTACGTAA_EBUS_28	tumor	
GTCATTTAGTGTTGAA_EBUS_28	normal	
GTCATTTCACTACAGT_EBUS_28	normal	
GTCATTTGTGCAACTT_EBUS_28	tumor	
GTCATTTGTTCTGTTT_EBUS_28	tumor	
GTCCTCAGTGACGCCT_EBUS_28	normal	
GTCCTCATCACAACGT_EBUS_28	normal	
GTCCTCATCCTGCCAT_EBUS_28	tumor	
GTCGGGTAGCTAGTCT_EBUS_28	tumor	
GTCGGGTCAAGCCCAC_EBUS_28	tumor	
GTCGGGTCAGTAAGAT_EBUS_28	normal	
GTCGGGTCATCCGTGG_EBUS_28	tumor	
GTCGGGTGTCTAGTGT_EBUS_28	tumor	
GTCGGGTGTGCAGTAG_EBUS_28	normal	
GTCGGGTTCAACACAC_EBUS_28	tumor	
GTCGGGTTCACGCATA_EBUS_28	normal	
GTCGTAAAGAATTCCC_EBUS_28	tumor	
GTCGTAAAGAGTCTGG_EBUS_28	tumor	
GTCGTAAAGTAAGTAC_EBUS_28	normal	
GTCGTAAAGTGAACAT_EBUS_28	normal	
GTCGTAACAATACGCT_EBUS_28	normal	
GTCGTAACACATCCGG_EBUS_28	normal	
GTCGTAAGTAGCAAAT_EBUS_28	normal	
GTCGTAAGTTCCATGA_EBUS_28	normal	
GTCGTAAGTTGTCTTT_EBUS_28	tumor	
GTCGTAATCATGGTCA_EBUS_28	normal	
GTCGTAATCCAAATGC_EBUS_28	normal	
GTCTCGTAGCGCTCCA_EBUS_28	normal	
GTCTCGTAGCGTTTAC_EBUS_28	tumor	
GTCTCGTAGGATATAC_EBUS_28	normal	
GTCTCGTAGGGCACTA_EBUS_28	tumor	
GTCTCGTAGGTCATCT_EBUS_28	tumor	
GTCTCGTCACATTAGC_EBUS_28	tumor	
GTCTCGTGTAAGTAGT_EBUS_28	tumor	
GTCTCGTGTACTTGAC_EBUS_28	tumor	
GTCTCGTTCACGACTA_EBUS_28	normal	
GTCTTCGAGGGCTTCC_EBUS_28	tumor	
GTCTTCGCAATGAAAC_EBUS_28	tumor	
GTCTTCGCATGCAACT_EBUS_28	normal	
GTCTTCGGTGTGACCC_EBUS_28	normal	
GTCTTCGGTTGTGGAG_EBUS_28	normal	
GTCTTCGTCAGTTGAC_EBUS_28	normal	
GTCTTCGTCGCACTCT_EBUS_28	normal	
GTGAAGGAGCCCTAAT_EBUS_28	normal	
GTGAAGGAGGAATCGC_EBUS_28	tumor	
GTGAAGGAGGTGCTAG_EBUS_28	normal	
GTGAAGGCAGTATCTG_EBUS_28	tumor	
GTGAAGGGTAGCACGA_EBUS_28	normal	
GTGAAGGTCGCGATCG_EBUS_28	tumor	
GTGAAGGTCTGAAAGA_EBUS_28	tumor	
GTGCAGCAGACCCACC_EBUS_28	normal	
GTGCAGCAGACTCGGA_EBUS_28	tumor	
GTGCAGCAGGAATTAC_EBUS_28	tumor	
GTGCAGCAGGTGCTTT_EBUS_28	normal	
GTGCAGCCACACCGAC_EBUS_28	tumor	
GTGCAGCGTCAGCTAT_EBUS_28	normal	
GTGCAGCGTCGCGTGT_EBUS_28	normal	
GTGCAGCGTTAAGTAG_EBUS_28	tumor	
GTGCAGCGTTTGACTG_EBUS_28	normal	
GTGCAGCTCAAGATCC_EBUS_28	normal	
GTGCAGCTCCCAGGTG_EBUS_28	normal	
GTGCAGCTCGCAAGCC_EBUS_28	tumor	
GTGCAGCTCGCGCCAA_EBUS_28	tumor	
GTGCATAAGAGGGCTT_EBUS_28	tumor	
GTGCATAAGCTGAAAT_EBUS_28	tumor	
GTGCATACAATCACAC_EBUS_28	tumor	
GTGCATACATCACCCT_EBUS_28	tumor	
GTGCATACATGACATC_EBUS_28	tumor	
GTGCATAGTCATATGC_EBUS_28	tumor	
GTGCATATCGGTCCGA_EBUS_28	tumor	
GTGCATATCGTGACAT_EBUS_28	tumor	
GTGCGGTAGAGCTTCT_EBUS_28	tumor	
GTGCGGTAGATGTCGG_EBUS_28	normal	
GTGCGGTAGGCACATG_EBUS_28	tumor	
GTGCGGTAGGGAAACA_EBUS_28	normal	
GTGCGGTCAAGCGAGT_EBUS_28	tumor	
GTGCGGTCACGGTAGA_EBUS_28	normal	
GTGCGGTCATTCGACA_EBUS_28	tumor	
GTGCGGTGTTACGGAG_EBUS_28	tumor	
GTGCGGTTCAACGAAA_EBUS_28	normal	
GTGCGGTTCAGGTAAA_EBUS_28	normal	
GTGCGGTTCATAAAGG_EBUS_28	tumor	
GTGCGGTTCTATGTGG_EBUS_28	normal	
GTGCTTCAGGCATTGG_EBUS_28	normal	
GTGCTTCAGGGTGTGT_EBUS_28	tumor	
GTGCTTCAGGTCATCT_EBUS_28	normal	
GTGCTTCCAAAGTGCG_EBUS_28	normal	
GTGCTTCCAATGTAAG_EBUS_28	tumor	
GTGCTTCCACGGTTTA_EBUS_28	normal	
GTGCTTCCAGCGTTCG_EBUS_28	normal	
GTGCTTCCAGGAATCG_EBUS_28	normal	
GTGCTTCGTAGGACAC_EBUS_28	tumor	
GTGCTTCGTGTCCTCT_EBUS_28	normal	
GTGCTTCTCGAGAACG_EBUS_28	normal	
GTGGGTCAGAACTGTA_EBUS_28	tumor	
GTGGGTCAGACGCACA_EBUS_28	tumor	
GTGGGTCAGAGCCCAA_EBUS_28	tumor	
GTGGGTCAGGAATGGA_EBUS_28	tumor	
GTGGGTCAGGCCCTTG_EBUS_28	tumor	
GTGGGTCAGGGAGTAA_EBUS_28	tumor	
GTGGGTCCATACTACG_EBUS_28	normal	
GTGGGTCGTCCTGCTT_EBUS_28	tumor	
GTGGGTCGTGGTCCGT_EBUS_28	normal	
GTGGGTCTCGATAGAA_EBUS_28	tumor	
GTGGGTCTCGGAAACG_EBUS_28	tumor	
GTGTGCGAGGGTGTTG_EBUS_28	tumor	
GTGTGCGCACGGCTAC_EBUS_28	tumor	
GTGTGCGCATAGTAAG_EBUS_28	tumor	
GTGTGCGCATCGATTG_EBUS_28	tumor	
GTGTGCGGTACCATCA_EBUS_28	tumor	
GTGTGCGGTTATCACG_EBUS_28	normal	
GTGTTAGAGACAGGCT_EBUS_28	tumor	
GTGTTAGCAGATGAGC_EBUS_28	tumor	
GTGTTAGCATCCTAGA_EBUS_28	tumor	
GTGTTAGGTGACTACT_EBUS_28	normal	
GTGTTAGGTTAAAGTG_EBUS_28	normal	
GTGTTAGTCCAGATCA_EBUS_28	tumor	
GTGTTAGTCCCTTGCA_EBUS_28	normal	
GTGTTAGTCGGAAACG_EBUS_28	tumor	
GTGTTAGTCGGCCGAT_EBUS_28	tumor	
GTTAAGCAGAACAATC_EBUS_28	normal	
GTTAAGCAGCCACCTG_EBUS_28	normal	
GTTAAGCCAAGAAGAG_EBUS_28	normal	
GTTAAGCCACAACGTT_EBUS_28	tumor	
GTTAAGCCACATGTGT_EBUS_28	tumor	
GTTAAGCCACTTAAGC_EBUS_28	normal	
GTTAAGCCAGGGATTG_EBUS_28	normal	
GTTAAGCGTGAGGGAG_EBUS_28	normal	
GTTAAGCGTTAAGTAG_EBUS_28	tumor	
GTTAAGCGTTCTGTTT_EBUS_28	tumor	
GTTACAGAGATCTGCT_EBUS_28	tumor	
GTTACAGAGCACCGTC_EBUS_28	normal	
GTTACAGAGCCAACAG_EBUS_28	normal	
GTTACAGAGCGTAATA_EBUS_28	tumor	
GTTACAGCAAGGGTCA_EBUS_28	tumor	
GTTACAGCACGAAATA_EBUS_28	normal	
GTTACAGCATCTACGA_EBUS_28	tumor	
GTTACAGTCACGCGGT_EBUS_28	tumor	
GTTACAGTCATAACCG_EBUS_28	normal	
GTTACAGTCGAACGGA_EBUS_28	tumor	
GTTCATTAGAAGCCCA_EBUS_28	normal	
GTTCATTAGAAGGACA_EBUS_28	tumor	
GTTCATTAGGCTCAGA_EBUS_28	tumor	
GTTCATTGTTCTGGTA_EBUS_28	normal	
GTTCATTTCCGTAGTA_EBUS_28	tumor	
GTTCGGGAGATAGTCA_EBUS_28	tumor	
GTTCGGGCAAACCTAC_EBUS_28	normal	
GTTCGGGCAAGGACAC_EBUS_28	normal	
GTTCGGGCACTGCCAG_EBUS_28	normal	
GTTCGGGTCAACGGGA_EBUS_28	tumor	
GTTCGGGTCAGCTTAG_EBUS_28	normal	
GTTCGGGTCTGGTGTA_EBUS_28	normal	
GTTCTCGAGACGCAAC_EBUS_28	tumor	
GTTCTCGAGCTCCTCT_EBUS_28	normal	
GTTCTCGCATTTGCTT_EBUS_28	normal	
GTTCTCGTCAGTGTTG_EBUS_28	tumor	
GTTCTCGTCCGTAGTA_EBUS_28	normal	
GTTCTCGTCTGATTCT_EBUS_28	normal	
GTTCTCGTCTGCGACG_EBUS_28	normal	
GTTTCTAAGAAAGTGG_EBUS_28	tumor	
GTTTCTAAGACAATAC_EBUS_28	tumor	
GTTTCTAAGTACGATA_EBUS_28	normal	yes
GTTTCTATCAGCAACT_EBUS_28	tumor	
GTTTCTATCCGGCACA_EBUS_28	tumor	
GTTTCTATCGAACGGA_EBUS_28	tumor	
GTTTCTATCGCTTAGA_EBUS_28	normal	
GTTTCTATCTGTGCAA_EBUS_28	normal	
TAAACCGAGAGTAAGG_EBUS_28	normal	
TAAACCGAGAGTGACC_EBUS_28	normal	
TAAACCGAGATCACGG_EBUS_28	normal	
TAAACCGCAAGAAGAG_EBUS_28	normal	
TAAACCGGTAGGAGTC_EBUS_28	tumor	
TAAACCGGTGATGATA_EBUS_28	normal	
TAAACCGGTGCTTCTC_EBUS_28	normal	
TAAACCGGTTGATTGC_EBUS_28	tumor	
TAAACCGTCTCAAACG_EBUS_28	tumor	
TAAACCGTCTCGTATT_EBUS_28	tumor	
TAAGAGAAGCAGCCTC_EBUS_28	normal	
TAAGAGAAGCGCCTTG_EBUS_28	normal	
TAAGAGAAGGCTACGA_EBUS_28	tumor	
TAAGAGACAATGTTGC_EBUS_28	tumor	
TAAGAGACAGATGGCA_EBUS_28	tumor	
TAAGAGACATCGGACC_EBUS_28	normal	
TAAGAGACATCTGGTA_EBUS_28	tumor	
TAAGAGAGTACAGTGG_EBUS_28	normal	
TAAGAGAGTTCGCGAC_EBUS_28	normal	
TAAGAGATCCCTGACT_EBUS_28	normal	
TAAGAGATCGTAGATC_EBUS_28	tumor	
TAAGCGTAGTAATCCC_EBUS_28	tumor	
TAAGCGTCAGTTCATG_EBUS_28	normal	
TAAGCGTGTACTTCTT_EBUS_28	tumor	
TAAGCGTGTCCATGAT_EBUS_28	tumor	
TAAGCGTGTTACGCGC_EBUS_28	normal	
TAAGCGTTCATAGCAC_EBUS_28	tumor	
TAAGCGTTCGCTTAGA_EBUS_28	tumor	
TAAGCGTTCTTCGGTC_EBUS_28	normal	
TAAGTGCAGGTTACCT_EBUS_28	normal	
TAAGTGCCAGGGTATG_EBUS_28	normal	
TAAGTGCCATCACGTA_EBUS_28	tumor	
TAAGTGCGTATAGGGC_EBUS_28	normal	
TAAGTGCTCCGAACGC_EBUS_28	normal	
TAAGTGCTCCTAAGTG_EBUS_28	normal	
TACACGAAGAGCTGCA_EBUS_28	normal	
TACACGAAGGAATCGC_EBUS_28	tumor	
TACACGAAGGCGACAT_EBUS_28	normal	
TACACGAAGGTACTCT_EBUS_28	normal	
TACACGACAATCCAAC_EBUS_28	tumor	
TACACGACACGTAAGG_EBUS_28	tumor	
TACACGACAGACGCCT_EBUS_28	tumor	
TACACGACAGCCTTGG_EBUS_28	tumor	
TACACGACATGGTTGT_EBUS_28	tumor	
TACACGAGTACTCGCG_EBUS_28	tumor	
TACACGAGTACTTGAC_EBUS_28	tumor	
TACACGAGTGCGATAG_EBUS_28	normal	
TACACGAGTTACGGAG_EBUS_28	tumor	
TACACGATCTAACGGT_EBUS_28	normal	
TACACGATCTCAAGTG_EBUS_28	tumor	
TACACGATCTCTGAGA_EBUS_28	tumor	
TACAGTGAGACTTGAA_EBUS_28	normal	
TACAGTGAGCGATAGC_EBUS_28	tumor	
TACAGTGAGCGATATA_EBUS_28	tumor	
TACAGTGAGTGTTTGC_EBUS_28	tumor	
TACAGTGCAAGAGTCG_EBUS_28	tumor	
TACAGTGCAATCTACG_EBUS_28	normal	
TACAGTGCACAACTGT_EBUS_28	normal	
TACAGTGGTTAAAGAC_EBUS_28	normal	
TACAGTGTCGCGCCAA_EBUS_28	normal	
TACCTATAGAGCTATA_EBUS_28	normal	
TACCTATAGCTCAACT_EBUS_28	normal	
TACCTATAGCTGCAAG_EBUS_28	tumor	
TACCTATAGGGTATCG_EBUS_28	normal	
TACCTATAGTGGGATC_EBUS_28	tumor	
TACCTATCAATAGAGT_EBUS_28	tumor	
TACCTATCACATCCGG_EBUS_28	tumor	
TACCTATCATGGAATA_EBUS_28	normal	
TACCTATGTCCTCCAT_EBUS_28	tumor	
TACCTATGTCTAGCCG_EBUS_28	normal	
TACCTATTCAGTGTTG_EBUS_28	tumor	
TACCTATTCGCTTGTC_EBUS_28	normal	
TACCTTACAAACAACA_EBUS_28	tumor	
TACCTTACAGCTGTGC_EBUS_28	normal	
TACCTTACATCGATTG_EBUS_28	normal	
TACCTTACATGGTCTA_EBUS_28	normal	
TACCTTACATTACGAC_EBUS_28	tumor	
TACCTTAGTTCGTCTC_EBUS_28	tumor	
TACCTTATCATGTCTT_EBUS_28	tumor	
TACCTTATCCACGCAG_EBUS_28	normal	
TACGGATAGTACTTGC_EBUS_28	tumor	
TACGGATGTCTAGTCA_EBUS_28	tumor	
TACGGATGTTGTTTGG_EBUS_28	tumor	
TACGGATTCGGTGTCG_EBUS_28	tumor	
TACGGATTCTCTTATG_EBUS_28	tumor	
TACGGGCAGCCTTGAT_EBUS_28	normal	
TACGGGCAGGCAGTCA_EBUS_28	normal	
TACGGGCAGGTGATAT_EBUS_28	tumor	
TACGGGCAGTCGATAA_EBUS_28	normal	
TACGGGCAGTGTGAAT_EBUS_28	tumor	
TACGGGCGTCCATGAT_EBUS_28	tumor	
TACGGGCGTCTCTTAT_EBUS_28	normal	
TACGGGCGTTCGTCTC_EBUS_28	normal	
TACGGGCGTTTAAGCC_EBUS_28	tumor	
TACGGGCTCCTGTACC_EBUS_28	tumor	
TACGGGCTCGGCATCG_EBUS_28	tumor	
TACGGTAAGGCCCTTG_EBUS_28	normal	
TACGGTAAGGCTATCT_EBUS_28	tumor	
TACGGTACATGGGACA_EBUS_28	normal	
TACGGTAGTATGGTTC_EBUS_28	normal	
TACGGTAGTTCGCGAC_EBUS_28	tumor	
TACGGTATCAGTGTTG_EBUS_28	tumor	
TACGGTATCCATGCTC_EBUS_28	normal	
TACGGTATCCGTTGTC_EBUS_28	tumor	
TACTCATAGAACTGTA_EBUS_28	normal	
TACTCATAGACAGACC_EBUS_28	tumor	
TACTCATAGGGTTTCT_EBUS_28	tumor	
TACTCATAGTGTCTCA_EBUS_28	tumor	
TACTCATGTAACGCGA_EBUS_28	tumor	
TACTCATGTACTTGAC_EBUS_28	tumor	
TACTCATGTCGTCTTC_EBUS_28	tumor	
TACTCATTCGGCTACG_EBUS_28	tumor	
TACTCATTCTCCTATA_EBUS_28	tumor	
TACTCGCAGAGTTGGC_EBUS_28	tumor	
TACTCGCAGGCTCAGA_EBUS_28	normal	
TACTCGCAGTACGATA_EBUS_28	tumor	
TACTCGCCAAGCTGTT_EBUS_28	normal	
TACTCGCGTCACAAGG_EBUS_28	tumor	
TACTCGCGTCCCGACA_EBUS_28	normal	
TACTCGCGTGCAGACA_EBUS_28	tumor	
TACTCGCGTTACGGAG_EBUS_28	tumor	
TACTCGCGTTGGTGGA_EBUS_28	normal	
TACTCGCTCGCGGATC_EBUS_28	normal	
TACTTACAGAATTCCC_EBUS_28	normal	
TACTTACAGGCATGGT_EBUS_28	normal	
TACTTACCAAAGGCGT_EBUS_28	normal	
TACTTACCATCATCCC_EBUS_28	normal	
TACTTACCATCCAACA_EBUS_28	normal	
TACTTACGTGACCAAG_EBUS_28	normal	
TACTTACGTTCGAATC_EBUS_28	normal	
TACTTACGTTTGACAC_EBUS_28	tumor	
TACTTACTCAGCTTAG_EBUS_28	tumor	
TACTTACTCTGGCGTG_EBUS_28	tumor	
TACTTGTAGGACAGAA_EBUS_28	tumor	
TACTTGTAGGTGTTAA_EBUS_28	tumor	
TACTTGTAGTAGGTGC_EBUS_28	tumor	
TACTTGTCACATCTTT_EBUS_28	tumor	
TACTTGTCAGATGAGC_EBUS_28	tumor	
TACTTGTGTTATTCTC_EBUS_28	normal	
TACTTGTTCAACACCA_EBUS_28	tumor	
TACTTGTTCACCACCT_EBUS_28	normal	
TACTTGTTCATCACCC_EBUS_28	normal	
TACTTGTTCATGGTCA_EBUS_28	tumor	
TACTTGTTCCATTCTA_EBUS_28	normal	
TACTTGTTCTATCCTA_EBUS_28	tumor	
TAGACCAAGGTCATCT_EBUS_28	tumor	
TAGACCACAAGCCCAC_EBUS_28	tumor	
TAGACCACAGACGCAA_EBUS_28	tumor	
TAGACCAGTACCGCTG_EBUS_28	normal	
TAGACCAGTTACGCGC_EBUS_28	tumor	
TAGACCATCGTTTGCC_EBUS_28	tumor	
TAGAGCTAGATATACG_EBUS_28	normal	
TAGAGCTCACAGGAGT_EBUS_28	tumor	
TAGAGCTCACATTCGA_EBUS_28	normal	
TAGAGCTCACCATGTA_EBUS_28	normal	
TAGAGCTCATAACCTG_EBUS_28	tumor	
TAGAGCTGTGTTAAGA_EBUS_28	tumor	
TAGAGCTGTGTTTGGT_EBUS_28	tumor	
TAGAGCTGTTATTCTC_EBUS_28	normal	
TAGAGCTTCGTGGGAA_EBUS_28	tumor	
TAGCCGGAGGAATCGC_EBUS_28	normal	
TAGCCGGAGGTCGGAT_EBUS_28	tumor	
TAGCCGGAGTGACTCT_EBUS_28	tumor	
TAGCCGGCAAGGTGTG_EBUS_28	normal	
TAGCCGGCACGGTGTC_EBUS_28	normal	
TAGCCGGGTAAGTGTA_EBUS_28	tumor	
TAGCCGGGTCCAAGTT_EBUS_28	normal	
TAGCCGGGTTGTGGAG_EBUS_28	tumor	
TAGCCGGTCCTGCAGG_EBUS_28	tumor	
TAGCCGGTCGGACAAG_EBUS_28	tumor	
TAGGCATAGACGACGT_EBUS_28	normal	
TAGGCATAGCACCGTC_EBUS_28	tumor	
TAGGCATAGCTAAACA_EBUS_28	tumor	
TAGGCATCAAAGCGGT_EBUS_28	tumor	
TAGGCATCATTCGACA_EBUS_28	normal	
TAGGCATGTAATTGGA_EBUS_28	normal	
TAGGCATGTCTAACGT_EBUS_28	tumor	
TAGGCATGTGAGTGAC_EBUS_28	tumor	
TAGGCATGTTATCCGA_EBUS_28	tumor	
TAGTGGTAGCCACCTG_EBUS_28	tumor	
TAGTGGTAGCTATGCT_EBUS_28	tumor	
TAGTGGTAGGATGTAT_EBUS_28	tumor	
TAGTGGTCACCGAAAG_EBUS_28	tumor	
TAGTGGTCAGGGCATA_EBUS_28	tumor	
TAGTGGTCATCGATGT_EBUS_28	tumor	
TAGTGGTGTGTTTGTG_EBUS_28	tumor	
TAGTGGTGTTGATTGC_EBUS_28	tumor	
TAGTGGTTCATCTGTT_EBUS_28	normal	
TAGTGGTTCGCGCCAA_EBUS_28	tumor	
TAGTGGTTCTACTTAC_EBUS_28	normal	
TAGTTGGCAATAGCGG_EBUS_28	normal	
TAGTTGGCAATTCCTT_EBUS_28	tumor	
TAGTTGGCATCCGGGT_EBUS_28	tumor	
TAGTTGGGTAATCACC_EBUS_28	normal	
TAGTTGGGTACGCACC_EBUS_28	tumor	
TAGTTGGGTAGTAGTA_EBUS_28	tumor	
TAGTTGGGTGACTCAT_EBUS_28	normal	
TAGTTGGGTGCTGTAT_EBUS_28	tumor	
TAGTTGGTCTCCGGTT_EBUS_28	tumor	
TATCAGGAGCTAACTC_EBUS_28	normal	
TATCAGGAGGTCATCT_EBUS_28	tumor	
TATCAGGCACCAGATT_EBUS_28	normal	
TATCAGGGTCTAGCCG_EBUS_28	normal	
TATCAGGGTCTCTCTG_EBUS_28	normal	
TATCAGGGTTGGTGGA_EBUS_28	normal	
TATCAGGTCATCGCTC_EBUS_28	tumor	
TATCTCAAGAAGGTTT_EBUS_28	normal	
TATCTCAAGACCACGA_EBUS_28	normal	
TATCTCACACGTGAGA_EBUS_28	tumor	
TATCTCACATATGCTG_EBUS_28	tumor	
TATCTCAGTCACACGC_EBUS_28	tumor	
TATCTCAGTCCATCCT_EBUS_28	normal	
TATCTCAGTGGTCTCG_EBUS_28	tumor	
TATCTCAGTTTCGCTC_EBUS_28	tumor	
TATCTCATCTTCCTTC_EBUS_28	tumor	
TATGCCCAGCGAGAAA_EBUS_28	tumor	
TATGCCCCACGGTGTC_EBUS_28	tumor	
TATGCCCGTCGAGATG_EBUS_28	normal	
TATGCCCGTCTCCATC_EBUS_28	normal	
TATGCCCGTTAAAGAC_EBUS_28	normal	
TATGCCCTCACTCCTG_EBUS_28	tumor	
TATGCCCTCGCTTAGA_EBUS_28	tumor	
TATGCCCTCTTTACAC_EBUS_28	tumor	
TATTACCAGATAGGAG_EBUS_28	tumor	
TATTACCAGTGTCCCG_EBUS_28	normal	
TATTACCCAGGGAGAG_EBUS_28	tumor	
TATTACCCAGTTAACC_EBUS_28	normal	
TATTACCTCTTACCTA_EBUS_28	tumor	
TCAACGAAGCATCATC_EBUS_28	tumor	
TCAACGACACAACGCC_EBUS_28	tumor	
TCAACGACACGTCAGC_EBUS_28	normal	
TCAACGACATCCGCGA_EBUS_28	normal	
TCAACGAGTAAATGTG_EBUS_28	tumor	
TCAACGATCAAAGTAG_EBUS_28	normal	
TCAACGATCACAAACC_EBUS_28	tumor	
TCAACGATCCTCAATT_EBUS_28	tumor	
TCAATCTCAATTGCTG_EBUS_28	normal	
TCAATCTGTATTCTCT_EBUS_28	tumor	
TCAATCTTCACAGTAC_EBUS_28	tumor	
TCAATCTTCCGAAGAG_EBUS_28	tumor	
TCACAAGAGGGCTCTC_EBUS_28	normal	
TCACAAGCAAGTAATG_EBUS_28	tumor	
TCACAAGCAGATTGCT_EBUS_28	normal	
TCACAAGCAGCTATTG_EBUS_28	tumor	
TCACAAGGTAGAAAGG_EBUS_28	normal	
TCACAAGTCTAACCGA_EBUS_28	normal	
TCACAAGTCTAGCACA_EBUS_28	tumor	
TCACGAAAGACAGACC_EBUS_28	normal	
TCACGAAAGATCCTGT_EBUS_28	normal	
TCACGAAAGATGAGAG_EBUS_28	tumor	
TCACGAACAAGTTCTG_EBUS_28	tumor	
TCACGAACACATGTGT_EBUS_28	tumor	
TCACGAACAGTACACT_EBUS_28	tumor	
TCACGAACAGTCAGAG_EBUS_28	normal	
TCACGAACATGGTAGG_EBUS_28	normal	
TCACGAAGTCCCGACA_EBUS_28	normal	
TCACGAAGTTGAACTC_EBUS_28	tumor	
TCACGAATCCTTTCTC_EBUS_28	tumor	
TCAGATGAGAACTGTA_EBUS_28	tumor	
TCAGATGAGCCCTAAT_EBUS_28	normal	
TCAGATGAGCTGAAAT_EBUS_28	normal	
TCAGATGAGGAATTAC_EBUS_28	tumor	
TCAGATGCACATCCGG_EBUS_28	tumor	
TCAGATGCAGGTGGAT_EBUS_28	normal	
TCAGATGCATGATCCA_EBUS_28	tumor	
TCAGATGGTCCCTACT_EBUS_28	normal	
TCAGATGGTCTGATCA_EBUS_28	tumor	
TCAGATGGTGACTCAT_EBUS_28	tumor	
TCAGATGGTGAGGGTT_EBUS_28	normal	
TCAGATGGTTACAGAA_EBUS_28	normal	
TCAGATGTCAAACGGG_EBUS_28	tumor	
TCAGATGTCAAGGTAA_EBUS_28	normal	
TCAGATGTCAGGTTCA_EBUS_28	normal	
TCAGCAAAGGACGAAA_EBUS_28	normal	
TCAGCAAAGGTTACCT_EBUS_28	tumor	
TCAGCAACACAGACTT_EBUS_28	tumor	
TCAGCAACAGTTTACG_EBUS_28	normal	
TCAGCAACATCCGGGT_EBUS_28	tumor	
TCAGCAACATGCAACT_EBUS_28	normal	
TCAGCAACATTGTGCA_EBUS_28	tumor	
TCAGCAAGTACAGCAG_EBUS_28	normal	
TCAGCAAGTAGCTAAA_EBUS_28	tumor	
TCAGCAATCAGGCAAG_EBUS_28	normal	
TCAGCAATCGCAAACT_EBUS_28	normal	
TCAGCTCAGACCACGA_EBUS_28	tumor	
TCAGCTCAGCGTCAAG_EBUS_28	tumor	
TCAGCTCAGCTAACAA_EBUS_28	tumor	
TCAGCTCAGTAGGTGC_EBUS_28	normal	
TCAGCTCCAACACCTA_EBUS_28	tumor	
TCAGCTCCAATGTTGC_EBUS_28	normal	
TCAGCTCCACAACTGT_EBUS_28	normal	
TCAGCTCCAGACGCAA_EBUS_28	tumor	
TCAGCTCCAGTTCATG_EBUS_28	normal	
TCAGCTCGTAGAGTGC_EBUS_28	normal	
TCAGCTCGTCTTCTCG_EBUS_28	tumor	
TCAGCTCGTTGAGTTC_EBUS_28	normal	
TCAGCTCTCGAATGGG_EBUS_28	tumor	
TCAGCTCTCTTTCCTC_EBUS_28	normal	
TCAGGATAGATCCTGT_EBUS_28	normal	
TCAGGATAGATGCCAG_EBUS_28	tumor	
TCAGGATAGGAGCGTT_EBUS_28	normal	
TCAGGATAGGGCTTGA_EBUS_28	tumor	
TCAGGATAGTGCGATG_EBUS_28	normal	
TCAGGATCAGCTCGCA_EBUS_28	normal	
TCAGGATCAGTGAGTG_EBUS_28	tumor	
TCAGGATCATCGGACC_EBUS_28	tumor	
TCAGGATGTTCACCTC_EBUS_28	normal	
TCAGGATGTTCCGGCA_EBUS_28	normal	
TCAGGATTCATTCACT_EBUS_28	normal	
TCAGGATTCCGAAGAG_EBUS_28	tumor	
TCAGGATTCGACGGAA_EBUS_28	tumor	
TCAGGATTCGGTCCGA_EBUS_28	normal	
TCAGGATTCTGCAAGT_EBUS_28	tumor	
TCAGGTACAAACTGTC_EBUS_28	normal	
TCAGGTACAAAGGCGT_EBUS_28	normal	
TCAGGTACAAGCCCAC_EBUS_28	normal	
TCAGGTACATTGGTAC_EBUS_28	tumor	
TCAGGTAGTCTCAACA_EBUS_28	tumor	
TCAGGTAGTGACGCCT_EBUS_28	normal	
TCAGGTAGTGGTCTCG_EBUS_28	tumor	
TCAGGTATCAAGAAGT_EBUS_28	normal	
TCAGGTATCTCCCTGA_EBUS_28	tumor	
TCATTACCAACGCACC_EBUS_28	tumor	
TCATTACCAAGACACG_EBUS_28	tumor	
TCATTACGTCTCGTTC_EBUS_28	tumor	
TCATTACGTTTACTCT_EBUS_28	normal	
TCATTACTCACTCCTG_EBUS_28	normal	
TCATTACTCCAGGGCT_EBUS_28	tumor	
TCATTACTCCGATATG_EBUS_28	normal	
TCATTACTCCGTAGTA_EBUS_28	tumor	
TCATTTGAGGCAGTCA_EBUS_28	normal	
TCATTTGGTAATCACC_EBUS_28	normal	
TCATTTGGTCGGCACT_EBUS_28	tumor	
TCATTTGGTTTGTTGG_EBUS_28	normal	
TCATTTGTCATGTAGC_EBUS_28	normal	
TCATTTGTCGGACAAG_EBUS_28	tumor	
TCCACACAGACACTAA_EBUS_28	normal	
TCCACACAGATCCCAT_EBUS_28	tumor	
TCCACACAGTTAGGTA_EBUS_28	tumor	
TCCACACTCAAGGTAA_EBUS_28	tumor	
TCCACACTCTGCAGTA_EBUS_28	normal	
TCCACACTCTTGAGGT_EBUS_28	tumor	
TCCCGATAGATCCGAG_EBUS_28	normal	
TCCCGATAGGTGCAAC_EBUS_28	tumor	
TCCCGATAGTATGACA_EBUS_28	normal	
TCCCGATAGTTATCGC_EBUS_28	normal	
TCCCGATCACTCAGGC_EBUS_28	normal	
TCCCGATCATAAGACA_EBUS_28	normal	
TCCCGATCATCCGGGT_EBUS_28	normal	
TCCCGATCATGGTAGG_EBUS_28	normal	
TCCCGATGTAGCGATG_EBUS_28	tumor	
TCCCGATGTCCGAACC_EBUS_28	normal	
TCCCGATGTGACCAAG_EBUS_28	normal	
TCCCGATGTGCCTGGT_EBUS_28	tumor	
TCCCGATGTTAGAACA_EBUS_28	tumor	
TCCCGATTCAAGGCTT_EBUS_28	tumor	
TCCCGATTCCGCAAGC_EBUS_28	tumor	
TCCCGATTCTAAGCCA_EBUS_28	tumor	
TCGAGGCCACTTAAGC_EBUS_28	tumor	
TCGAGGCCATGTAGTC_EBUS_28	tumor	
TCGAGGCGTAGGCATG_EBUS_28	tumor	
TCGAGGCGTGAGGCTA_EBUS_28	normal	
TCGAGGCGTGTTCTTT_EBUS_28	tumor	
TCGAGGCTCCCATTAT_EBUS_28	tumor	
TCGAGGCTCTACTATC_EBUS_28	tumor	
TCGCGAGCAATGAAAC_EBUS_28	tumor	
TCGCGAGCACAGACAG_EBUS_28	tumor	
TCGCGAGCATGAGCGA_EBUS_28	normal	
TCGCGAGGTCACCCAG_EBUS_28	tumor	
TCGCGAGGTTACCGAT_EBUS_28	tumor	
TCGCGAGTCGACAGCC_EBUS_28	tumor	
TCGCGAGTCTCATTCA_EBUS_28	tumor	
TCGCGTTAGAGGGATA_EBUS_28	normal	
TCGCGTTCAACCGCCA_EBUS_28	normal	
TCGCGTTCAATCGGTT_EBUS_28	normal	
TCGCGTTCACGGCGTT_EBUS_28	tumor	
TCGCGTTCATTATCTC_EBUS_28	tumor	
TCGCGTTGTTAGGGTG_EBUS_28	normal	
TCGCGTTGTTTAGGAA_EBUS_28	tumor	
TCGCGTTTCAAAGACA_EBUS_28	tumor	
TCGCGTTTCTGGTTCC_EBUS_28	normal	
TCGGGACAGACAGACC_EBUS_28	tumor	
TCGGGACAGACAGGCT_EBUS_28	tumor	
TCGGGACAGCACCGCT_EBUS_28	normal	
TCGGGACAGCCGCCTA_EBUS_28	tumor	
TCGGGACAGTACTTGC_EBUS_28	normal	
TCGGGACCAAAGAATC_EBUS_28	normal	
TCGGGACCACATGGGA_EBUS_28	tumor	
TCGGGACCAGCCACCA_EBUS_28	tumor	
TCGGGACCAGCTGGCT_EBUS_28	tumor	
TCGGGACGTCCAAGTT_EBUS_28	normal	
TCGGGACTCATTTGGG_EBUS_28	tumor	
TCGGGACTCGAACGGA_EBUS_28	tumor	
TCGGGACTCGAGAACG_EBUS_28	tumor	
TCGGTAAAGAATGTTG_EBUS_28	normal	
TCGGTAAAGGGTATCG_EBUS_28	normal	
TCGGTAACAAAGTGCG_EBUS_28	tumor	
TCGGTAACAGCCAATT_EBUS_28	tumor	
TCGGTAACATCACGTA_EBUS_28	tumor	
TCGGTAACATGTAAGA_EBUS_28	tumor	
TCGGTAAGTCGAATCT_EBUS_28	tumor	
TCGGTAAGTGAGTGAC_EBUS_28	tumor	
TCGGTAAGTGGAAAGA_EBUS_28	normal	
TCGGTAATCATAGCAC_EBUS_28	tumor	
TCGGTAATCGTGACAT_EBUS_28	normal	
TCGTACCAGACTCGGA_EBUS_28	normal	
TCGTACCAGATCTGCT_EBUS_28	normal	
TCGTACCCAAGCGAGT_EBUS_28	normal	
TCGTACCCAATGAATG_EBUS_28	tumor	
TCGTACCCACCGATAT_EBUS_28	tumor	
TCGTACCCAGTAGAGC_EBUS_28	normal	
TCGTACCTCAATCACG_EBUS_28	tumor	
TCGTACCTCAGTTAGC_EBUS_28	tumor	
TCGTACCTCCAAGTAC_EBUS_28	tumor	
TCGTACCTCCGCATAA_EBUS_28	normal	
TCGTACCTCGGAAACG_EBUS_28	tumor	
TCGTACCTCGTCGTTC_EBUS_28	normal	
TCGTACCTCTGGTTCC_EBUS_28	normal	
TCGTAGAAGTCCTCCT_EBUS_28	tumor	
TCGTAGACACCCATGG_EBUS_28	tumor	
TCGTAGACAGCTGTTA_EBUS_28	tumor	
TCGTAGACATCGGAAG_EBUS_28	tumor	
TCGTAGAGTATAGGGC_EBUS_28	normal	
TCGTAGAGTCATACTG_EBUS_28	tumor	
TCGTAGAGTGGTCTCG_EBUS_28	normal	
TCGTAGAGTTATCACG_EBUS_28	tumor	
TCGTAGATCATGTCTT_EBUS_28	tumor	
TCGTAGATCGCGCCAA_EBUS_28	normal	
TCGTAGATCTAACTTC_EBUS_28	tumor	
TCTATTGAGCACCGCT_EBUS_28	tumor	
TCTATTGAGTGCAAGC_EBUS_28	normal	
TCTATTGAGTTGCAGG_EBUS_28	tumor	
TCTATTGAGTTTCCTT_EBUS_28	normal	
TCTATTGCACGAAATA_EBUS_28	tumor	
TCTATTGCAGGTCCAC_EBUS_28	normal	
TCTATTGGTCTTGCGG_EBUS_28	tumor	
TCTATTGGTGCAACTT_EBUS_28	normal	
TCTATTGTCGCCAGCA_EBUS_28	normal	
TCTATTGTCTCGAGTA_EBUS_28	tumor	
TCTCATAAGCCAGTAG_EBUS_28	normal	
TCTCATAAGCCGTCGT_EBUS_28	tumor	
TCTCATACAACGATCT_EBUS_28	normal	
TCTCATACACCAGGCT_EBUS_28	tumor	
TCTCATACAGTATAAG_EBUS_28	tumor	
TCTCATACATGGTTGT_EBUS_28	tumor	
TCTCATACATGTAAGA_EBUS_28	tumor	
TCTCATAGTAGTGAAT_EBUS_28	tumor	
TCTCATAGTATGAAAC_EBUS_28	tumor	
TCTCATAGTCCAGTGC_EBUS_28	normal	
TCTCATAGTCTAGAGG_EBUS_28	tumor	
TCTCATATCAACCATG_EBUS_28	tumor	
TCTCATATCCGATATG_EBUS_28	normal	
TCTCATATCCTCAACC_EBUS_28	normal	
TCTCATATCGCTTGTC_EBUS_28	tumor	
TCTCATATCTGGTATG_EBUS_28	normal	
TCTCTAAAGTCCAGGA_EBUS_28	tumor	
TCTCTAACAATGGAAT_EBUS_28	tumor	
TCTCTAAGTAACGCGA_EBUS_28	tumor	
TCTCTAAGTACAGTGG_EBUS_28	normal	
TCTCTAATCACAGGCC_EBUS_28	tumor	
TCTCTAATCCTGTACC_EBUS_28	tumor	
TCTCTAATCTCAAACG_EBUS_28	tumor	
TCTCTAATCTGAGTGT_EBUS_28	tumor	
TCTGAGAAGATCTGCT_EBUS_28	tumor	
TCTGAGAAGCCATCGC_EBUS_28	normal	
TCTGAGAAGCGCTCCA_EBUS_28	tumor	
TCTGAGAAGGTCATCT_EBUS_28	tumor	
TCTGAGACATTAGGCT_EBUS_28	tumor	
TCTGAGAGTGCATCTA_EBUS_28	normal	
TCTGAGAGTGTGACGA_EBUS_28	tumor	
TCTGAGAGTTGCCTCT_EBUS_28	tumor	
TCTGAGATCAAGGCTT_EBUS_28	tumor	
TCTGGAAAGAGACTTA_EBUS_28	normal	
TCTGGAAAGTGTTTGC_EBUS_28	tumor	
TCTGGAACAATGACCT_EBUS_28	normal	
TCTGGAACACCACGTG_EBUS_28	tumor	
TCTGGAACAGTCACTA_EBUS_28	normal	
TCTGGAACATCGATTG_EBUS_28	normal	
TCTGGAACATTTCACT_EBUS_28	normal	
TCTGGAAGTACTCAAC_EBUS_28	normal	
TCTGGAAGTTCCATGA_EBUS_28	tumor	
TCTGGAAGTTGGGACA_EBUS_28	normal	
TCTGGAATCAGGCGAA_EBUS_28	normal	
TCTGGAATCCAAGTAC_EBUS_28	normal	
TCTGGAATCTGGCGTG_EBUS_28	normal	
TCTGGAATCTTGAGGT_EBUS_28	tumor	
TCTTCGGCAATGGAAT_EBUS_28	tumor	
TCTTCGGGTGTCGCTG_EBUS_28	normal	
TCTTCGGGTTTGACTG_EBUS_28	tumor	
TCTTCGGTCGCCAAAT_EBUS_28	normal	
TCTTCGGTCGGCTACG_EBUS_28	normal	
TCTTCGGTCTATCCTA_EBUS_28	normal	
TCTTTCCAGTTCGCAT_EBUS_28	normal	
TCTTTCCCACAACTGT_EBUS_28	normal	
TCTTTCCCAGGAATGC_EBUS_28	normal	
TCTTTCCGTCCAGTGC_EBUS_28	normal	
TCTTTCCGTCCTGCTT_EBUS_28	normal	
TCTTTCCGTCGCGTGT_EBUS_28	normal	
TCTTTCCTCGGAAACG_EBUS_28	tumor	
TCTTTCCTCGGCGGTT_EBUS_28	normal	
TGAAAGAAGCGACGTA_EBUS_28	tumor	
TGAAAGAAGGATTCGG_EBUS_28	tumor	
TGAAAGAAGTACCGGA_EBUS_28	normal	
TGAAAGACAAGGGTCA_EBUS_28	normal	
TGAAAGACATCTCCCA_EBUS_28	tumor	
TGAAAGAGTAAACCTC_EBUS_28	tumor	
TGAAAGAGTCAAAGCG_EBUS_28	tumor	
TGAAAGAGTCAGAATA_EBUS_28	tumor	
TGAAAGAGTCGCTTCT_EBUS_28	normal	
TGAAAGATCAGAGCTT_EBUS_28	tumor	
TGAAAGATCATGTGGT_EBUS_28	normal	
TGAAAGATCTTGTTTG_EBUS_28	normal	
TGACAACAGACCCACC_EBUS_28	tumor	
TGACAACCACAGAGGT_EBUS_28	tumor	
TGACAACCAGTTTACG_EBUS_28	tumor	
TGACAACCATGACATC_EBUS_28	normal	
TGACAACGTAGTAGTA_EBUS_28	normal	
TGACAACGTATAGTAG_EBUS_28	tumor	
TGACAACTCCTCATTA_EBUS_28	tumor	
TGACAACTCTGCGACG_EBUS_28	normal	
TGACGGCAGTCACGCC_EBUS_28	tumor	
TGACGGCAGTTCCACA_EBUS_28	normal	
TGACGGCCAACGATGG_EBUS_28	tumor	
TGACGGCCAGACAAGC_EBUS_28	tumor	
TGACGGCCATTAACCG_EBUS_28	normal	
TGACGGCGTGCAACGA_EBUS_28	tumor	
TGACGGCGTTATTCTC_EBUS_28	normal	
TGACGGCTCTAGCACA_EBUS_28	normal	
TGACTAGAGTGAATTG_EBUS_28	tumor	
TGACTAGCAACTTGAC_EBUS_28	tumor	
TGACTAGCATCACGTA_EBUS_28	tumor	
TGACTAGGTAGTACCT_EBUS_28	tumor	
TGACTAGTCAGCTGGC_EBUS_28	tumor	
TGACTAGTCGCAAACT_EBUS_28	tumor	
TGACTAGTCTAACCGA_EBUS_28	tumor	
TGACTTTAGCAGACTG_EBUS_28	tumor	
TGACTTTAGGCTAGAC_EBUS_28	normal	
TGACTTTCAAGGTTCT_EBUS_28	tumor	
TGACTTTCACCAGGCT_EBUS_28	tumor	
TGACTTTCATGTCTCC_EBUS_28	tumor	
TGACTTTGTCCGTCAG_EBUS_28	normal	
TGACTTTTCAACCAAC_EBUS_28	normal	
TGACTTTTCGTAGGTT_EBUS_28	tumor	
TGACTTTTCTCCTATA_EBUS_28	tumor	
TGAGAGGAGCATCATC_EBUS_28	tumor	
TGAGAGGAGCCTCGTG_EBUS_28	normal	
TGAGAGGAGTGGCACA_EBUS_28	normal	
TGAGAGGCACGTCAGC_EBUS_28	tumor	
TGAGAGGCATGGTTGT_EBUS_28	tumor	
TGAGAGGGTAAGTAGT_EBUS_28	tumor	
TGAGAGGGTCTAAAGA_EBUS_28	tumor	
TGAGAGGGTTGGGACA_EBUS_28	tumor	
TGAGAGGTCCTGTAGA_EBUS_28	tumor	
TGAGCATAGACTGGGT_EBUS_28	normal	
TGAGCATAGATCCCGC_EBUS_28	tumor	
TGAGCATAGCCTATGT_EBUS_28	normal	
TGAGCATCACACTGCG_EBUS_28	tumor	
TGAGCATCATTAGCCA_EBUS_28	tumor	
TGAGCATGTACAGCAG_EBUS_28	normal	
TGAGCATGTCATGCAT_EBUS_28	tumor	
TGAGCATGTGTTAAGA_EBUS_28	normal	
TGAGCATGTTAGGGTG_EBUS_28	tumor	
TGAGCATTCAGTCAGT_EBUS_28	tumor	
TGAGCCGAGAGCCTAG_EBUS_28	tumor	
TGAGCCGAGGCGACAT_EBUS_28	tumor	
TGAGCCGAGTGCAAGC_EBUS_28	tumor	
TGAGCCGCAAATACAG_EBUS_28	normal	
TGAGCCGCAAGTTGTC_EBUS_28	tumor	
TGAGCCGCACAACGCC_EBUS_28	normal	
TGAGCCGCACGAAATA_EBUS_28	normal	
TGAGCCGCAGCGTTCG_EBUS_28	normal	
TGAGCCGCATGGTAGG_EBUS_28	tumor	
TGAGCCGCATGGTCTA_EBUS_28	normal	
TGAGCCGCATGGTTGT_EBUS_28	normal	
TGAGCCGGTCACCCAG_EBUS_28	normal	
TGAGCCGGTGAGTGAC_EBUS_28	tumor	
TGAGCCGTCACCAGGC_EBUS_28	normal	
TGAGCCGTCCCAAGTA_EBUS_28	normal	
TGAGCCGTCGGTTAAC_EBUS_28	normal	
TGAGGGAAGGACACCA_EBUS_28	normal	
TGAGGGAAGGCTAGAC_EBUS_28	tumor	
TGAGGGACAAGCCCAC_EBUS_28	normal	
TGAGGGACATCCGCGA_EBUS_28	normal	
TGAGGGAGTTCGTTGA_EBUS_28	tumor	
TGAGGGATCCAGTATG_EBUS_28	tumor	
TGAGGGATCGCCATAA_EBUS_28	tumor	
TGATTTCAGCGATGAC_EBUS_28	normal	
TGATTTCCAATCCGAT_EBUS_28	tumor	
TGATTTCCACCAGGCT_EBUS_28	normal	
TGATTTCTCCAAGCCG_EBUS_28	tumor	
TGCACCTAGAAGATTC_EBUS_28	tumor	
TGCACCTAGTTGAGAT_EBUS_28	normal	
TGCACCTCACTTCGAA_EBUS_28	tumor	
TGCACCTCAGACTCGC_EBUS_28	normal	
TGCACCTCAGGTTTCA_EBUS_28	normal	
TGCACCTGTAATAGCA_EBUS_28	normal	
TGCACCTGTACACCGC_EBUS_28	tumor	
TGCACCTGTAGCGCAA_EBUS_28	tumor	
TGCACCTGTGGACGAT_EBUS_28	tumor	
TGCACCTTCCAACCAA_EBUS_28	tumor	
TGCACCTTCCCAAGTA_EBUS_28	tumor	
TGCACCTTCGCCTGTT_EBUS_28	tumor	
TGCACCTTCGTCCAGG_EBUS_28	tumor	
TGCCAAAAGACTACAA_EBUS_28	normal	
TGCCAAAAGCACACAG_EBUS_28	normal	
TGCCAAAAGGTCGGAT_EBUS_28	normal	
TGCCAAAAGTATCTCG_EBUS_28	tumor	
TGCCAAACAAGCGCTC_EBUS_28	tumor	
TGCCAAACACGCCAGT_EBUS_28	tumor	
TGCCAAACAGCTATTG_EBUS_28	normal	
TGCCAAACATGCTAGT_EBUS_28	tumor	
TGCCAAAGTTACAGAA_EBUS_28	tumor	
TGCCAAAGTTATCCGA_EBUS_28	tumor	
TGCCAAATCTGGTGTA_EBUS_28	normal	
TGCCCATCACAGACTT_EBUS_28	normal	
TGCCCATCAGGCTCAC_EBUS_28	tumor	
TGCCCATCATATACGC_EBUS_28	tumor	
TGCCCATGTCTAGTGT_EBUS_28	normal	
TGCCCATGTGTGGTTT_EBUS_28	normal	
TGCCCATTCAACACCA_EBUS_28	tumor	
TGCCCATTCACCAGGC_EBUS_28	tumor	
TGCCCATTCATCGATG_EBUS_28	normal	
TGCCCATTCCTTGGTC_EBUS_28	tumor	
TGCCCATTCGGCGCTA_EBUS_28	tumor	
TGCCCTAAGCCCGAAA_EBUS_28	tumor	
TGCCCTACAATGCCAT_EBUS_28	normal	
TGCCCTACAGCGTAAG_EBUS_28	tumor	
TGCCCTACAGGCTCAC_EBUS_28	tumor	
TGCCCTACATCGACGC_EBUS_28	tumor	
TGCCCTAGTCCGAACC_EBUS_28	normal	
TGCCCTAGTCTGGTCG_EBUS_28	normal	
TGCCCTATCACTTCAT_EBUS_28	tumor	
TGCCCTATCGCTAGCG_EBUS_28	tumor	
TGCGCAGAGACACTAA_EBUS_28	tumor	
TGCGCAGAGCTTATCG_EBUS_28	tumor	
TGCGCAGCACAGCGTC_EBUS_28	normal	
TGCGCAGCATGGATGG_EBUS_28	tumor	
TGCGCAGTCGAACTGT_EBUS_28	normal	
TGCGGGTAGGGCACTA_EBUS_28	normal	
TGCGGGTCAAAGGTGC_EBUS_28	normal	
TGCGGGTCAGCGTAAG_EBUS_28	tumor	
TGCGGGTCATCAGTCA_EBUS_28	normal	
TGCGGGTGTACAGTGG_EBUS_28	tumor	
TGCGGGTGTTCGGCAC_EBUS_28	tumor	
TGCGGGTTCAGAGCTT_EBUS_28	normal	
TGCGGGTTCGCCAGCA_EBUS_28	normal	
TGCGTGGGTAACGACG_EBUS_28	normal	
TGCGTGGGTCAGATAA_EBUS_28	tumor	
TGCGTGGTCATATCGG_EBUS_28	normal	
TGCGTGGTCTCGCTTG_EBUS_28	tumor	
TGCGTGGTCTCGTATT_EBUS_28	tumor	
TGCTACCAGAGCTATA_EBUS_28	tumor	
TGCTACCCACATCCGG_EBUS_28	normal	
TGCTACCGTACACCGC_EBUS_28	normal	
TGCTACCGTTCGAATC_EBUS_28	normal	
TGCTACCGTTCTGGTA_EBUS_28	tumor	
TGCTACCTCCTCAACC_EBUS_28	normal	
TGCTACCTCGCGCCAA_EBUS_28	normal	
TGCTACCTCGGTCCGA_EBUS_28	tumor	
TGCTACCTCGTTTATC_EBUS_28	normal	
TGCTACCTCTCGGACG_EBUS_28	normal	
TGCTGCTAGGAATTAC_EBUS_28	normal	
TGCTGCTCACGTAAGG_EBUS_28	tumor	
TGCTGCTCACTGTTAG_EBUS_28	tumor	
TGCTGCTCAGCTTCGG_EBUS_28	normal	
TGCTGCTGTATATCCG_EBUS_28	tumor	
TGCTGCTGTCAACATC_EBUS_28	tumor	
TGCTGCTGTCTAAACC_EBUS_28	normal	
TGCTGCTTCACCTTAT_EBUS_28	tumor	
TGCTGCTTCGCGGATC_EBUS_28	tumor	
TGGACGCAGCCCTAAT_EBUS_28	tumor	
TGGACGCAGTCATGCT_EBUS_28	tumor	
TGGACGCCAATTGCTG_EBUS_28	tumor	
TGGACGCCATACCATG_EBUS_28	tumor	
TGGACGCGTAGCGTCC_EBUS_28	normal	
TGGACGCTCTGACCTC_EBUS_28	normal	
TGGACGCTCTTTACAC_EBUS_28	normal	
TGGCCAGAGTCCCACG_EBUS_28	tumor	
TGGCCAGCACTGAAGG_EBUS_28	tumor	
TGGCCAGTCAAACCAC_EBUS_28	normal	
TGGCCAGTCAACACCA_EBUS_28	normal	
TGGCGCAAGCGATCCC_EBUS_28	normal	
TGGCGCAAGTAGATGT_EBUS_28	normal	
TGGCGCAAGTAGTGCG_EBUS_28	tumor	
TGGCGCACACCAGCAC_EBUS_28	tumor	
TGGCGCACACGGTAGA_EBUS_28	normal	
TGGCGCATCACCGGGT_EBUS_28	tumor	
TGGCGCATCGATCCCT_EBUS_28	tumor	
TGGCGCATCTGATTCT_EBUS_28	normal	
TGGCTGGAGGTTACCT_EBUS_28	tumor	
TGGCTGGAGTCTCCTC_EBUS_28	tumor	
TGGCTGGCAAGTAATG_EBUS_28	tumor	
TGGCTGGCATTAACCG_EBUS_28	tumor	
TGGCTGGCATTATCTC_EBUS_28	tumor	
TGGCTGGGTAAGGATT_EBUS_28	normal	
TGGCTGGGTGCAGTAG_EBUS_28	normal	
TGGCTGGTCAACGGCC_EBUS_28	tumor	
TGGCTGGTCAGTGTTG_EBUS_28	tumor	
TGGCTGGTCGAATCCA_EBUS_28	tumor	
TGGCTGGTCGTTTGCC_EBUS_28	normal	
TGGCTGGTCTTTAGTC_EBUS_28	tumor	
TGGGAAGAGACCCACC_EBUS_28	normal	
TGGGAAGAGAGCTGCA_EBUS_28	tumor	
TGGGAAGAGCTCAACT_EBUS_28	tumor	
TGGGAAGAGGGTTTCT_EBUS_28	normal	
TGGGAAGAGGTAGCTG_EBUS_28	tumor	
TGGGAAGAGTGAATTG_EBUS_28	tumor	
TGGGAAGAGTTCCACA_EBUS_28	tumor	
TGGGAAGCAAGAGTCG_EBUS_28	tumor	
TGGGAAGCAGTCTTCC_EBUS_28	normal	
TGGGAAGGTGTGCCTG_EBUS_28	normal	
TGGGAAGTCAACCATG_EBUS_28	normal	
TGGGAAGTCACCATAG_EBUS_28	tumor	
TGGGAAGTCACGAAGG_EBUS_28	normal	
TGGGAAGTCAGCTCGG_EBUS_28	tumor	
TGGGAAGTCAGGTAAA_EBUS_28	normal	
TGGGAAGTCCGTTGTC_EBUS_28	normal	
TGGGCGTAGAGGTTGC_EBUS_28	tumor	
TGGGCGTAGATCCGAG_EBUS_28	normal	
TGGGCGTAGGACCACA_EBUS_28	tumor	
TGGGCGTAGTTGTCGT_EBUS_28	tumor	
TGGGCGTCAGTATAAG_EBUS_28	normal	
TGGGCGTCATCACGTA_EBUS_28	normal	
TGGGCGTGTGTTGGGA_EBUS_28	normal	
TGGGCGTGTTCAACCA_EBUS_28	tumor	
TGGGCGTTCCCTAACC_EBUS_28	tumor	
TGGGCGTTCTTGACGA_EBUS_28	normal	
TGGTTAGCAACTTGAC_EBUS_28	tumor	
TGGTTAGGTCCGAACC_EBUS_28	normal	
TGGTTAGGTCGAATCT_EBUS_28	normal	
TGGTTAGGTCTCTCGT_EBUS_28	tumor	
TGGTTAGGTCTCTTAT_EBUS_28	tumor	
TGGTTAGGTTCAGTAC_EBUS_28	tumor	
TGGTTAGTCAAACGGG_EBUS_28	tumor	
TGGTTAGTCACGATGT_EBUS_28	tumor	
TGGTTCCAGGGTCGAT_EBUS_28	tumor	
TGGTTCCAGGTGATTA_EBUS_28	tumor	
TGGTTCCCACGACGAA_EBUS_28	normal	
TGGTTCCCATAACCTG_EBUS_28	normal	
TGGTTCCGTCGCTTTC_EBUS_28	normal	
TGGTTCCTCACAAACC_EBUS_28	normal	
TGGTTCCTCACTTACT_EBUS_28	tumor	
TGGTTCCTCAGAGGTG_EBUS_28	tumor	
TGGTTCCTCATCACCC_EBUS_28	tumor	
TGGTTCCTCCTCAATT_EBUS_28	normal	
TGGTTCCTCGTGGTCG_EBUS_28	tumor	
TGTATTCAGATGCGAC_EBUS_28	tumor	
TGTATTCAGCGTTTAC_EBUS_28	normal	
TGTATTCAGGATGGTC_EBUS_28	normal	
TGTATTCCAGTTCATG_EBUS_28	tumor	
TGTATTCGTACACCGC_EBUS_28	tumor	
TGTATTCGTCATCCCT_EBUS_28	normal	
TGTATTCGTTCGTCTC_EBUS_28	normal	
TGTATTCGTTTGTGTG_EBUS_28	normal	
TGTATTCTCGAATCCA_EBUS_28	normal	
TGTATTCTCGCTTGTC_EBUS_28	tumor	
TGTCCCAAGAGTGACC_EBUS_28	tumor	
TGTCCCAAGCTGTCTA_EBUS_28	tumor	
TGTCCCACACCAGGTC_EBUS_28	normal	
TGTCCCACAGCTTAAC_EBUS_28	tumor	
TGTCCCACAGTCGTGC_EBUS_28	tumor	
TGTCCCACATCGGGTC_EBUS_28	normal	
TGTCCCAGTATTAGCC_EBUS_28	tumor	
TGTCCCAGTCATACTG_EBUS_28	normal	
TGTCCCAGTGTATGGG_EBUS_28	tumor	
TGTCCCATCCGAGCCA_EBUS_28	tumor	
TGTCCCATCTTAGCCC_EBUS_28	tumor	
TGTCCCATCTTCGGTC_EBUS_28	normal	
TGTGGTAAGATAGCAT_EBUS_28	normal	
TGTGGTAAGCTGATAA_EBUS_28	tumor	
TGTGGTAAGTGTACTC_EBUS_28	normal	
TGTGGTACAGTAAGAT_EBUS_28	tumor	
TGTGGTACAGTGGAGT_EBUS_28	normal	
TGTGGTAGTACCTACA_EBUS_28	tumor	
TGTGGTAGTCAATGTC_EBUS_28	tumor	
TGTGGTATCACGCGGT_EBUS_28	tumor	
TGTGGTATCCTGCCAT_EBUS_28	tumor	
TGTGGTATCTGATACG_EBUS_28	normal	
TGTGTTTCAGACACTT_EBUS_28	normal	
TGTGTTTCATTGGCGC_EBUS_28	normal	
TGTGTTTGTGAACCTT_EBUS_28	normal	
TGTGTTTGTGAGTATA_EBUS_28	normal	
TGTGTTTGTGCAGGTA_EBUS_28	normal	
TGTGTTTGTTCCATGA_EBUS_28	tumor	
TGTGTTTTCCGTTGCT_EBUS_28	tumor	
TGTGTTTTCTGGCGAC_EBUS_28	normal	
TGTTCCGAGACGCTTT_EBUS_28	normal	
TGTTCCGAGAGTAAGG_EBUS_28	normal	
TGTTCCGAGATGCCAG_EBUS_28	tumor	
TGTTCCGCATCCGTGG_EBUS_28	normal	
TGTTCCGTCCGTACAA_EBUS_28	tumor	
TTAACTCAGTAAGTAC_EBUS_28	tumor	
TTAACTCAGTCGTACT_EBUS_28	tumor	
TTAACTCGTAGCTTGT_EBUS_28	tumor	
TTAACTCGTGGCAAAC_EBUS_28	tumor	
TTAACTCTCAACGGGA_EBUS_28	normal	
TTAACTCTCAGCTCGG_EBUS_28	tumor	
TTAACTCTCATCGATG_EBUS_28	normal	
TTAACTCTCGCCAGCA_EBUS_28	tumor	
TTAACTCTCGTACCGG_EBUS_28	normal	
TTAACTCTCTCAACTT_EBUS_28	normal	
TTAGGACAGATGGCGT_EBUS_28	tumor	
TTAGGACAGCGATGAC_EBUS_28	normal	
TTAGGACCAAAGTCAA_EBUS_28	tumor	
TTAGGACCACATCCAA_EBUS_28	normal	
TTAGGACGTCTGCAAT_EBUS_28	normal	
TTAGGACTCCAATGGT_EBUS_28	tumor	
TTAGGACTCGAATGGG_EBUS_28	tumor	
TTAGGACTCGGAAACG_EBUS_28	normal	
TTAGGACTCTAACTGG_EBUS_28	tumor	
TTAGGACTCTGGAGCC_EBUS_28	tumor	
TTAGGACTCTTAACCT_EBUS_28	normal	
TTAGGACTCTTCGGTC_EBUS_28	tumor	
TTAGGCAAGACCGGAT_EBUS_28	tumor	
TTAGGCAAGCCAGAAC_EBUS_28	tumor	
TTAGGCAAGCGTTCCG_EBUS_28	normal	
TTAGGCAAGCTGAAAT_EBUS_28	tumor	
TTAGGCACATAACCTG_EBUS_28	tumor	
TTAGGCAGTAGGACAC_EBUS_28	tumor	
TTAGGCAGTCATCCCT_EBUS_28	normal	
TTAGGCAGTCATCGGC_EBUS_28	normal	
TTAGGCAGTGCACGAA_EBUS_28	tumor	
TTAGTTCAGAACTGTA_EBUS_28	tumor	
TTAGTTCAGTCTCGGC_EBUS_28	tumor	
TTAGTTCAGTTATCGC_EBUS_28	tumor	
TTAGTTCCAAGTTCTG_EBUS_28	normal	
TTAGTTCCACCAGCAC_EBUS_28	tumor	
TTAGTTCCATGCCACG_EBUS_28	tumor	
TTAGTTCCATTCGACA_EBUS_28	tumor	
TTAGTTCGTACTTGAC_EBUS_28	tumor	
TTAGTTCGTCGAGTTT_EBUS_28	tumor	
TTATGCTAGCCCTAAT_EBUS_28	tumor	
TTATGCTAGGCTATCT_EBUS_28	tumor	
TTATGCTCACACGCTG_EBUS_28	tumor	
TTATGCTGTCACAAGG_EBUS_28	tumor	
TTATGCTGTCCGTGAC_EBUS_28	normal	
TTATGCTTCCAGTATG_EBUS_28	tumor	
TTCCCAGAGACGCTTT_EBUS_28	tumor	
TTCCCAGAGATATGCA_EBUS_28	normal	
TTCCCAGCATTACCTT_EBUS_28	normal	
TTCCCAGGTGTTGAGG_EBUS_28	tumor	
TTCCCAGGTTCCCTTG_EBUS_28	tumor	
TTCCCAGGTTCTGAAC_EBUS_28	normal	
TTCCCAGTCACAGGCC_EBUS_28	normal	
TTCCCAGTCCCAAGTA_EBUS_28	tumor	
TTCCCAGTCGGCGGTT_EBUS_28	tumor	
TTCCCAGTCGGTTCGG_EBUS_28	tumor	
TTCCCAGTCTTCTGGC_EBUS_28	normal	
TTCGAAGCAACGATGG_EBUS_28	normal	
TTCGAAGCAGATCTGT_EBUS_28	normal	
TTCGAAGCAGCGTTCG_EBUS_28	tumor	
TTCGAAGCATCAGTCA_EBUS_28	normal	
TTCGAAGGTTCCGGCA_EBUS_28	tumor	
TTCGAAGGTTCTGGTA_EBUS_28	tumor	
TTCGAAGTCTGGCGTG_EBUS_28	normal	
TTCGAAGTCTGTACGA_EBUS_28	tumor	
TTCGGTCAGCTAACAA_EBUS_28	normal	
TTCGGTCCACGGTTTA_EBUS_28	tumor	
TTCGGTCCAGGGCATA_EBUS_28	normal	
TTCGGTCCATTCGACA_EBUS_28	normal	
TTCGGTCGTCGCATAT_EBUS_28	tumor	
TTCGGTCTCCGCAAGC_EBUS_28	normal	
TTCGGTCTCCGGGTGT_EBUS_28	tumor	
TTCGGTCTCTCGCTTG_EBUS_28	normal	
TTCGGTCTCTCTGTCG_EBUS_28	normal	
TTCTACAAGTGCAAGC_EBUS_28	tumor	
TTCTACACAAACGTGG_EBUS_28	tumor	
TTCTACAGTGGTGTAG_EBUS_28	tumor	
TTCTACATCACTTATC_EBUS_28	normal	
TTCTACATCATCTGTT_EBUS_28	normal	
TTCTACATCGAGGTAG_EBUS_28	tumor	
TTCTACATCTACCAGA_EBUS_28	tumor	
TTCTCAAAGATGCGAC_EBUS_28	tumor	
TTCTCAAAGATGTGTA_EBUS_28	tumor	
TTCTCAACAATACGCT_EBUS_28	tumor	
TTCTCAACACCATGTA_EBUS_28	tumor	
TTCTCAAGTAACGTTC_EBUS_28	tumor	
TTCTCAAGTGTTAAGA_EBUS_28	normal	
TTCTCAATCCTCAACC_EBUS_28	normal	
TTCTCAATCGTAGATC_EBUS_28	tumor	
TTCTCCTAGAATGTTG_EBUS_28	normal	
TTCTCCTAGTCCAGGA_EBUS_28	tumor	
TTCTCCTCAACACCTA_EBUS_28	normal	
TTCTCCTCACCCAGTG_EBUS_28	tumor	
TTCTCCTCATAACCTG_EBUS_28	normal	
TTCTCCTCATACTCTT_EBUS_28	normal	
TTCTCCTTCACCCGAG_EBUS_28	tumor	
TTCTCCTTCCCTGACT_EBUS_28	normal	
TTCTTAGAGATAGTCA_EBUS_28	tumor	
TTCTTAGAGCCAGGAT_EBUS_28	normal	
TTCTTAGAGCCATCGC_EBUS_28	tumor	
TTCTTAGAGGATTCGG_EBUS_28	tumor	
TTCTTAGCAAACTGCT_EBUS_28	normal	
TTCTTAGCAAGCTGGA_EBUS_28	tumor	
TTCTTAGGTCTCATCC_EBUS_28	tumor	
TTCTTAGTCCAGAGGA_EBUS_28	tumor	
TTGAACGAGATGCCAG_EBUS_28	normal	
TTGAACGAGTAATCCC_EBUS_28	tumor	
TTGAACGCAAGCTGGA_EBUS_28	tumor	
TTGAACGCAGCTCGAC_EBUS_28	tumor	
TTGAACGCAGTTCATG_EBUS_28	normal	
TTGAACGGTAATCGTC_EBUS_28	normal	
TTGAACGGTCATCGGC_EBUS_28	tumor	
TTGAACGGTTGAACTC_EBUS_28	normal	
TTGAACGGTTTGACAC_EBUS_28	tumor	
TTGAACGTCAGATAAG_EBUS_28	tumor	
TTGAACGTCTCTTGAT_EBUS_28	normal	
TTGACTTAGAAGCCCA_EBUS_28	tumor	
TTGACTTAGCGCCTCA_EBUS_28	tumor	
TTGACTTAGGTGCTTT_EBUS_28	normal	
TTGACTTAGTGGCACA_EBUS_28	tumor	
TTGACTTCAGGTGCCT_EBUS_28	normal	
TTGACTTCATAAGACA_EBUS_28	normal	
TTGACTTCATGGGAAC_EBUS_28	tumor	
TTGACTTCATGTTGAC_EBUS_28	tumor	
TTGACTTGTAAGGGCT_EBUS_28	tumor	
TTGACTTGTTCCTCCA_EBUS_28	normal	
TTGACTTTCATGTAGC_EBUS_28	normal	
TTGCCGTAGAAGGCCT_EBUS_28	tumor	
TTGCCGTGTCATGCAT_EBUS_28	normal	
TTGCCGTTCAGCCTAA_EBUS_28	normal	
TTGCCGTTCATAAAGG_EBUS_28	tumor	
TTGCGTCAGACACGAC_EBUS_28	tumor	
TTGCGTCAGAGGGCTT_EBUS_28	tumor	
TTGCGTCAGTCAATAG_EBUS_28	tumor	
TTGCGTCAGTTGAGTA_EBUS_28	tumor	
TTGCGTCGTTAGATGA_EBUS_28	normal	
TTGCGTCTCAGAGGTG_EBUS_28	normal	
TTGCGTCTCATAACCG_EBUS_28	tumor	
TTGCGTCTCATCTGTT_EBUS_28	tumor	
TTGCGTCTCATGTCTT_EBUS_28	tumor	
TTGCGTCTCCCGGATG_EBUS_28	tumor	
TTGCGTCTCCTCTAGC_EBUS_28	tumor	
TTGGAACAGAGCTGCA_EBUS_28	tumor	
TTGGAACCAAGCCGCT_EBUS_28	normal	
TTGGAACCACACCGAC_EBUS_28	tumor	
TTGGCAAAGACAGACC_EBUS_28	tumor	
TTGGCAAAGCCACGCT_EBUS_28	normal	
TTGGCAAAGGAGCGTT_EBUS_28	tumor	
TTGGCAAAGGATATAC_EBUS_28	normal	
TTGGCAACATCGTCGG_EBUS_28	normal	
TTGGCAAGTCCTAGCG_EBUS_28	normal	
TTGGCAAGTGAGCGAT_EBUS_28	normal	
TTGGCAATCAAAGACA_EBUS_28	normal	
TTGGCAATCCTCCTAG_EBUS_28	normal	
TTGTAGGAGACAGGCT_EBUS_28	tumor	
TTGTAGGAGTATTGGA_EBUS_28	normal	
TTGTAGGCACGAAAGC_EBUS_28	normal	
TTGTAGGCAGCCAATT_EBUS_28	tumor	
TTGTAGGCAGGGATTG_EBUS_28	tumor	
TTGTAGGCATCCTAGA_EBUS_28	normal	
TTGTAGGGTAAAGGAG_EBUS_28	tumor	
TTGTAGGGTACGCACC_EBUS_28	tumor	
TTGTAGGGTGACGGTA_EBUS_28	tumor	
TTGTAGGGTTCTCATT_EBUS_28	tumor	
TTGTAGGTCAACCATG_EBUS_28	tumor	
TTGTAGGTCACAAACC_EBUS_28	tumor	
TTGTAGGTCCTAAGTG_EBUS_28	tumor	
TTTACTGAGTGTCCAT_EBUS_28	tumor	
TTTACTGCAAGTCATC_EBUS_28	normal	
TTTACTGCACGACTCG_EBUS_28	tumor	
TTTACTGCAGCTGTGC_EBUS_28	tumor	
TTTACTGCATGCAACT_EBUS_28	tumor	
TTTACTGGTCGGCATC_EBUS_28	tumor	
TTTATGCAGAGTACCG_EBUS_28	tumor	
TTTATGCAGTGTACGG_EBUS_28	normal	
TTTATGCCAATCCGAT_EBUS_28	tumor	
TTTATGCCAGGTGGAT_EBUS_28	tumor	
TTTATGCGTAATTGGA_EBUS_28	tumor	
TTTATGCGTCTAGGTT_EBUS_28	tumor	
TTTATGCTCACGGTTA_EBUS_28	tumor	
TTTATGCTCACTATTC_EBUS_28	normal	
TTTATGCTCCTTAATC_EBUS_28	tumor	
TTTATGCTCTTGGGTA_EBUS_28	normal	
TTTCCTCAGATCCTGT_EBUS_28	normal	
TTTCCTCAGTCGTTTG_EBUS_28	normal	
TTTCCTCCAAGTAGTA_EBUS_28	tumor	
TTTCCTCCAGTCGTGC_EBUS_28	normal	
TTTCCTCTCGAATCCA_EBUS_28	tumor	
TTTGCGCAGAAGGTTT_EBUS_28	normal	
TTTGCGCAGCTCCTTC_EBUS_28	tumor	
TTTGCGCAGGATGTAT_EBUS_28	normal	
TTTGCGCGTAGCTGCC_EBUS_28	normal	
TTTGCGCGTGAGGGTT_EBUS_28	normal	
TTTGCGCTCAATCTCT_EBUS_28	normal	
TTTGCGCTCCTTAATC_EBUS_28	normal	
TTTGGTTAGTACGACG_EBUS_28	normal	
TTTGGTTCAGTAAGAT_EBUS_28	tumor	
TTTGGTTCATTCCTGC_EBUS_28	tumor	
TTTGGTTGTCTTCAAG_EBUS_28	tumor	
TTTGGTTGTTGGACCC_EBUS_28	normal	
TTTGGTTTCCCAAGAT_EBUS_28	normal	
TTTGGTTTCGCTAGCG_EBUS_28	tumor	
TTTGGTTTCTCTGCTG_EBUS_28	tumor	
TTTGTCACAAAGAATC_EBUS_28	tumor	
TTTGTCACACTGTGTA_EBUS_28	normal	
TTTGTCACATCGATTG_EBUS_28	tumor	
TTTGTCACATTGGGCC_EBUS_28	tumor	
TTTGTCAGTCAAAGCG_EBUS_28	normal	
TTTGTCAGTGCAACTT_EBUS_28	normal	
TTTGTCAGTGCTCTTC_EBUS_28	normal	
TTTGTCATCCACGTGG_EBUS_28	normal	
TTTGTCATCCCTGACT_EBUS_28	tumor	
