	class	confidentNormal
scrSOL004_AAACCTGAGAATAGGG	tumor	
scrSOL004_AAACCTGCAAGCTGTT	tumor	
scrSOL004_AAACCTGCAATGAATG	tumor	
scrSOL004_AAACCTGCACGAAACG	tumor	
scrSOL004_AAACCTGCAGCTGCTG	tumor	
scrSOL004_AAACCTGCATGGGAAC	tumor	
scrSOL004_AAACCTGGTAAGTTCC	tumor	
scrSOL004_AAACCTGGTGTGTGCC	tumor	
scrSOL004_AAACCTGGTTCAGTAC	tumor	
scrSOL004_AAACCTGGTTCTGTTT	normal	
scrSOL004_AAACCTGTCATTATCC	tumor	
scrSOL004_AAACCTGTCGTTGCCT	tumor	
scrSOL004_AAACCTGTCTGCTTGC	tumor	
scrSOL004_AAACGGGAGATGCCAG	tumor	
scrSOL004_AAACGGGCACTGTCGG	tumor	
scrSOL004_AAACGGGTCACCAGGC	tumor	
scrSOL004_AAACGGGTCATGCAAC	tumor	
scrSOL004_AAACGGGTCTGAGGGA	tumor	
scrSOL004_AAAGATGAGACTAAGT	normal	
scrSOL004_AAAGATGAGAGTACCG	normal	
scrSOL004_AAAGATGAGGGTATCG	normal	
scrSOL004_AAAGATGAGGTAAACT	normal	
scrSOL004_AAAGATGCAAACCCAT	tumor	
scrSOL004_AAAGATGCACTTACGA	tumor	
scrSOL004_AAAGATGCAGCCACCA	normal	
scrSOL004_AAAGATGCATAAGACA	tumor	
scrSOL004_AAAGATGCATGCCACG	normal	
scrSOL004_AAAGATGGTACCGCTG	tumor	
scrSOL004_AAAGATGGTAGGGTAC	tumor	
scrSOL004_AAAGATGGTATATGGA	tumor	
scrSOL004_AAAGATGGTGAGGGAG	tumor	
scrSOL004_AAAGATGGTGGCAAAC	tumor	
scrSOL004_AAAGATGTCATTATCC	tumor	
scrSOL004_AAAGATGTCTTACCTA	normal	
scrSOL004_AAAGATGTCTTGAGAC	tumor	
scrSOL004_AAAGCAAAGATCGATA	normal	yes
scrSOL004_AAAGCAAAGATGCGAC	tumor	
scrSOL004_AAAGCAAAGGCTATCT	tumor	
scrSOL004_AAAGCAAAGTGTACGG	tumor	
scrSOL004_AAAGCAACATCTACGA	tumor	
scrSOL004_AAAGCAAGTACTCGCG	tumor	
scrSOL004_AAAGCAAGTCCAGTAT	tumor	
scrSOL004_AAAGCAAGTCCTGCTT	tumor	
scrSOL004_AAAGCAAGTCGTTGTA	tumor	
scrSOL004_AAAGCAAGTTCCAACA	tumor	
scrSOL004_AAAGCAATCACATAGC	tumor	
scrSOL004_AAAGCAATCGTCGTTC	tumor	
scrSOL004_AAAGTAGAGCCCGAAA	normal	
scrSOL004_AAAGTAGAGGTACTCT	normal	
scrSOL004_AAAGTAGAGTCCGGTC	tumor	
scrSOL004_AAAGTAGAGTGGAGTC	tumor	
scrSOL004_AAAGTAGAGTGTGAAT	tumor	
scrSOL004_AAAGTAGCAAGCGAGT	tumor	
scrSOL004_AAAGTAGCACCAGGTC	tumor	
scrSOL004_AAAGTAGGTAGCGTAG	tumor	
scrSOL004_AAAGTAGGTGCTGTAT	tumor	
scrSOL004_AAAGTAGGTTTGTGTG	tumor	
scrSOL004_AAAGTAGTCAGTTAGC	tumor	
scrSOL004_AAAGTAGTCTAACTCT	tumor	
scrSOL004_AAATGCCAGCGCTTAT	tumor	
scrSOL004_AAATGCCAGGCGCTCT	tumor	
scrSOL004_AAATGCCCAAGTTAAG	tumor	
scrSOL004_AAATGCCCAATCACAC	tumor	
scrSOL004_AAATGCCCAGGGTACA	tumor	
scrSOL004_AAATGCCCATCTATGG	tumor	
scrSOL004_AAATGCCGTTACAGAA	tumor	
scrSOL004_AAATGCCTCCTCGCAT	tumor	
scrSOL004_AAATGCCTCGAACGGA	tumor	
scrSOL004_AAATGCCTCGAATGCT	tumor	
scrSOL004_AAATGCCTCGCTTAGA	normal	
scrSOL004_AAATGCCTCGGCGCTA	tumor	
scrSOL004_AAATGCCTCTCGTATT	tumor	
scrSOL004_AACACGTAGATGTGGC	tumor	
scrSOL004_AACACGTAGTACGTTC	tumor	
scrSOL004_AACACGTAGTCAATAG	tumor	
scrSOL004_AACACGTCAATGAATG	normal	
scrSOL004_AACACGTCAGCTCGAC	tumor	
scrSOL004_AACACGTCAGGTTTCA	normal	
scrSOL004_AACACGTCATCACCCT	tumor	
scrSOL004_AACACGTCATGGATGG	tumor	
scrSOL004_AACACGTGTGCAACGA	tumor	
scrSOL004_AACACGTGTGTTGAGG	tumor	
scrSOL004_AACACGTGTTACGTCA	tumor	
scrSOL004_AACACGTGTTACTGAC	tumor	
scrSOL004_AACACGTTCCGTTGTC	normal	
scrSOL004_AACCATGAGTACGACG	tumor	
scrSOL004_AACCATGCAAGAGGCT	tumor	
scrSOL004_AACCATGCACCGCTAG	tumor	
scrSOL004_AACCATGCAGGTCGTC	tumor	
scrSOL004_AACCATGGTCAGAATA	tumor	
scrSOL004_AACCATGGTGCAGACA	tumor	
scrSOL004_AACCATGTCACCATAG	tumor	
scrSOL004_AACCATGTCCCTAACC	normal	
scrSOL004_AACCGCGAGCCACGCT	tumor	
scrSOL004_AACCGCGAGGATGTAT	tumor	
scrSOL004_AACCGCGAGTACTTGC	tumor	
scrSOL004_AACCGCGCAAAGGAAG	normal	
scrSOL004_AACCGCGCAGGTCTCG	normal	
scrSOL004_AACCGCGCATCGACGC	tumor	
scrSOL004_AACCGCGCATGACATC	tumor	
scrSOL004_AACCGCGGTCTGATCA	tumor	
scrSOL004_AACCGCGGTGGAAAGA	tumor	
scrSOL004_AACCGCGTCGATGAGG	tumor	
scrSOL004_AACGTTGAGCGAAGGG	tumor	
scrSOL004_AACGTTGAGGCGACAT	tumor	
scrSOL004_AACGTTGAGTCATGCT	tumor	
scrSOL004_AACGTTGGTGCTAGCC	tumor	
scrSOL004_AACGTTGGTGTGAAAT	tumor	
scrSOL004_AACGTTGTCCGTTGTC	tumor	
scrSOL004_AACGTTGTCCTTGCCA	tumor	
scrSOL004_AACTCAGAGTGGAGTC	tumor	
scrSOL004_AACTCAGAGTGGTAGC	tumor	
scrSOL004_AACTCAGCAAGGACTG	tumor	
scrSOL004_AACTCAGCAATAACGA	tumor	
scrSOL004_AACTCAGCACCAGATT	tumor	
scrSOL004_AACTCAGCAGACGCAA	tumor	
scrSOL004_AACTCAGCATCACGTA	tumor	
scrSOL004_AACTCAGCATGAAGTA	normal	
scrSOL004_AACTCAGGTACCGTTA	normal	
scrSOL004_AACTCAGGTCTTGCGG	tumor	
scrSOL004_AACTCAGGTTGACGTT	tumor	
scrSOL004_AACTCAGTCACTTCAT	tumor	
scrSOL004_AACTCAGTCCGTTGCT	tumor	
scrSOL004_AACTCAGTCGCAGGCT	tumor	
scrSOL004_AACTCCCAGAGGTACC	normal	
scrSOL004_AACTCCCAGAGTCGGT	tumor	
scrSOL004_AACTCCCAGATCGATA	tumor	
scrSOL004_AACTCCCAGGCACATG	tumor	
scrSOL004_AACTCCCCAATGAAAC	normal	
scrSOL004_AACTCCCCACACGCTG	tumor	
scrSOL004_AACTCCCCACCAGATT	tumor	
scrSOL004_AACTCCCCAGATGGGT	normal	
scrSOL004_AACTCCCCAGGGATTG	tumor	
scrSOL004_AACTCCCCATAGGATA	tumor	
scrSOL004_AACTCCCGTAAATGAC	tumor	
scrSOL004_AACTCCCGTATTACCG	normal	yes
scrSOL004_AACTCCCTCAGCATGT	tumor	
scrSOL004_AACTCCCTCGCCAGCA	tumor	
scrSOL004_AACTCTTAGTCCTCCT	normal	
scrSOL004_AACTCTTCAATGGTCT	tumor	
scrSOL004_AACTCTTCATCATCCC	tumor	
scrSOL004_AACTCTTGTACGCACC	normal	
scrSOL004_AACTCTTGTAGGGACT	tumor	
scrSOL004_AACTCTTGTGCTAGCC	tumor	
scrSOL004_AACTCTTTCCGTCAAA	tumor	
scrSOL004_AACTCTTTCCTCATTA	tumor	
scrSOL004_AACTCTTTCGATAGAA	tumor	
scrSOL004_AACTCTTTCTGGTTCC	tumor	
scrSOL004_AACTGGTAGGAGCGTT	normal	
scrSOL004_AACTGGTAGTACCGGA	tumor	
scrSOL004_AACTGGTAGTGGTAAT	tumor	
scrSOL004_AACTGGTCACCAACCG	tumor	
scrSOL004_AACTGGTGTCTGATCA	normal	
scrSOL004_AACTGGTGTTCTGAAC	normal	
scrSOL004_AACTGGTTCGTGGACC	normal	
scrSOL004_AACTTTCAGGTAGCTG	tumor	
scrSOL004_AACTTTCCACCAGCAC	tumor	
scrSOL004_AACTTTCGTCAGAGGT	normal	
scrSOL004_AAGACCTAGGTGACCA	normal	
scrSOL004_AAGACCTAGGTTCCTA	tumor	
scrSOL004_AAGACCTAGTCCTCCT	tumor	
scrSOL004_AAGACCTCACTCAGGC	tumor	
scrSOL004_AAGACCTCAGTACACT	tumor	
scrSOL004_AAGACCTGTCATCGGC	tumor	
scrSOL004_AAGACCTGTGATAAAC	tumor	
scrSOL004_AAGACCTTCAGAAATG	normal	
scrSOL004_AAGACCTTCCCAGGTG	tumor	
scrSOL004_AAGACCTTCTCGATGA	tumor	
scrSOL004_AAGCCGCAGACCTAGG	tumor	
scrSOL004_AAGCCGCAGCTCTCGG	tumor	
scrSOL004_AAGCCGCCAAAGGAAG	tumor	
scrSOL004_AAGCCGCCATGCCACG	tumor	
scrSOL004_AAGCCGCGTACCGGCT	tumor	
scrSOL004_AAGCCGCGTGAAATCA	tumor	
scrSOL004_AAGCCGCTCAGCATGT	tumor	
scrSOL004_AAGCCGCTCCAGTATG	tumor	
scrSOL004_AAGCCGCTCTACCTGC	normal	
scrSOL004_AAGGAGCAGTCATCCA	tumor	
scrSOL004_AAGGAGCCAGACGTAG	tumor	
scrSOL004_AAGGAGCGTGCGAAAC	normal	
scrSOL004_AAGGAGCGTTGGTTTG	tumor	
scrSOL004_AAGGAGCTCCTCAATT	tumor	
scrSOL004_AAGGCAGAGACTGTAA	tumor	
scrSOL004_AAGGCAGAGAGTCGGT	tumor	
scrSOL004_AAGGCAGAGTCACGCC	tumor	
scrSOL004_AAGGCAGCAATCAGAA	tumor	
scrSOL004_AAGGCAGCACCGATAT	tumor	
scrSOL004_AAGGCAGCACTATCTT	tumor	
scrSOL004_AAGGCAGCATCCTTGC	tumor	
scrSOL004_AAGGCAGGTCAAACTC	tumor	
scrSOL004_AAGGCAGGTGTCAATC	tumor	
scrSOL004_AAGGCAGGTTAAAGAC	normal	
scrSOL004_AAGGCAGTCAGAGACG	tumor	
scrSOL004_AAGGCAGTCCTACAGA	tumor	
scrSOL004_AAGGCAGTCGCCCTTA	tumor	
scrSOL004_AAGGTTCGTAAGAGAG	normal	
scrSOL004_AAGTCTGAGACTGTAA	tumor	
scrSOL004_AAGTCTGAGATAGTCA	tumor	
scrSOL004_AAGTCTGCAAAGCGGT	normal	
scrSOL004_AAGTCTGCACATAACC	tumor	
scrSOL004_AAGTCTGGTACGAAAT	normal	
scrSOL004_AAGTCTGGTAGCGCTC	normal	
scrSOL004_AAGTCTGGTCATCGGC	tumor	
scrSOL004_AAGTCTGGTTTGTTTC	tumor	
scrSOL004_AAGTCTGTCCAAACAC	tumor	
scrSOL004_AAGTCTGTCCGTAGGC	tumor	
scrSOL004_AATCCAGAGAATTCCC	tumor	
scrSOL004_AATCCAGAGAGGTACC	normal	
scrSOL004_AATCCAGAGATCTGAA	tumor	
scrSOL004_AATCCAGAGGGTATCG	tumor	
scrSOL004_AATCCAGCAAAGCAAT	tumor	
scrSOL004_AATCCAGCAAGCGATG	tumor	
scrSOL004_AATCCAGGTACTTAGC	normal	
scrSOL004_AATCCAGGTCGGCTCA	tumor	
scrSOL004_AATCCAGGTCTCTCGT	tumor	
scrSOL004_AATCCAGGTCTTGATG	tumor	
scrSOL004_AATCCAGGTTAGTGGG	tumor	
scrSOL004_AATCCAGGTTGATTCG	tumor	
scrSOL004_AATCCAGTCAGATAAG	normal	
scrSOL004_AATCCAGTCCACGAAT	tumor	
scrSOL004_AATCCAGTCCCTGACT	tumor	
scrSOL004_AATCCAGTCTAACTGG	tumor	
scrSOL004_AATCGGTAGAAGCCCA	tumor	
scrSOL004_AATCGGTAGAGGACGG	tumor	
scrSOL004_AATCGGTCAAACTGTC	tumor	
scrSOL004_AATCGGTCACGGTAGA	tumor	
scrSOL004_AATCGGTCATGTAAGA	tumor	
scrSOL004_AATCGGTGTAGAGGAA	tumor	
scrSOL004_AATCGGTGTCATTAGC	tumor	
scrSOL004_AATCGGTGTCGACTAT	tumor	
scrSOL004_AATCGGTGTCGTGGCT	tumor	
scrSOL004_AATCGGTGTCTAGAGG	tumor	
scrSOL004_AATCGGTTCAAACCAC	normal	
scrSOL004_ACACCAAAGACGCACA	tumor	
scrSOL004_ACACCAAAGACTTTCG	tumor	
scrSOL004_ACACCAAAGGCAAAGA	tumor	
scrSOL004_ACACCAACAAGAGGCT	tumor	
scrSOL004_ACACCAACAGCTCGCA	tumor	
scrSOL004_ACACCAAGTAGCGCAA	tumor	
scrSOL004_ACACCAAGTTGATTCG	tumor	
scrSOL004_ACACCAAGTTGTACAC	tumor	
scrSOL004_ACACCAATCGGTTCGG	tumor	
scrSOL004_ACACCCTAGTGCCATT	tumor	
scrSOL004_ACACCCTAGTTTAGGA	tumor	
scrSOL004_ACACCCTCACCTTGTC	tumor	
scrSOL004_ACACCCTCATAAAGGT	tumor	
scrSOL004_ACACCCTCATCGATTG	tumor	
scrSOL004_ACACCCTGTCTGCAAT	tumor	
scrSOL004_ACACCCTGTTGATTCG	tumor	
scrSOL004_ACACCCTTCAAAGTAG	tumor	
scrSOL004_ACACCCTTCCATGCTC	tumor	
scrSOL004_ACACCCTTCTACTCAT	normal	
scrSOL004_ACACCGGAGTGTGGCA	tumor	
scrSOL004_ACACCGGCAATCCGAT	tumor	
scrSOL004_ACACCGGGTCATTAGC	normal	yes
scrSOL004_ACACCGGGTCGCTTCT	tumor	
scrSOL004_ACACCGGGTCTTTCAT	tumor	
scrSOL004_ACACTGAAGAGACTTA	tumor	
scrSOL004_ACACTGAAGAGGGATA	tumor	
scrSOL004_ACACTGACAGGGTTAG	tumor	
scrSOL004_ACACTGACATACAGCT	normal	
scrSOL004_ACAGCCGAGGAATGGA	normal	
scrSOL004_ACAGCCGAGGTAAACT	tumor	
scrSOL004_ACAGCCGCAGCTGTTA	normal	
scrSOL004_ACAGCCGCAGTCAGAG	tumor	
scrSOL004_ACAGCCGGTAGTACCT	tumor	
scrSOL004_ACAGCCGGTGAGGGTT	tumor	
scrSOL004_ACAGCCGGTGCACTTA	tumor	
scrSOL004_ACAGCCGTCACGGTTA	normal	
scrSOL004_ACAGCCGTCCTAGTGA	tumor	
scrSOL004_ACAGCCGTCTTCGGTC	normal	
scrSOL004_ACAGCTAAGGGTGTGT	tumor	
scrSOL004_ACAGCTACAATAGAGT	tumor	
scrSOL004_ACAGCTAGTCTTGATG	tumor	
scrSOL004_ACAGCTAGTGTGAATA	tumor	
scrSOL004_ACATACGAGCTCCTCT	tumor	
scrSOL004_ACATACGAGTATCTCG	normal	
scrSOL004_ACATACGCAATGAATG	normal	
scrSOL004_ACATACGGTGCTTCTC	normal	
scrSOL004_ACATACGTCAGCGACC	tumor	
scrSOL004_ACATCAGAGATCCGAG	tumor	
scrSOL004_ACATCAGAGTAATCCC	tumor	
scrSOL004_ACATCAGAGTTGTAGA	tumor	
scrSOL004_ACATCAGGTCGCCATG	tumor	
scrSOL004_ACATCAGGTGTTAAGA	tumor	
scrSOL004_ACATCAGGTTGACGTT	tumor	
scrSOL004_ACATCAGGTTTCGCTC	tumor	
scrSOL004_ACATCAGTCAGGTTCA	tumor	
scrSOL004_ACATCAGTCCAATGGT	tumor	
scrSOL004_ACATCAGTCGTACCGG	tumor	
scrSOL004_ACATGGTAGATACACA	tumor	
scrSOL004_ACATGGTAGCAGCCTC	normal	
scrSOL004_ACATGGTAGCCTCGTG	tumor	
scrSOL004_ACATGGTAGTCAAGCG	normal	
scrSOL004_ACATGGTAGTGGACGT	tumor	
scrSOL004_ACATGGTCAACGATGG	tumor	
scrSOL004_ACATGGTCAGACGCTC	normal	
scrSOL004_ACATGGTGTCGAATCT	normal	
scrSOL004_ACATGGTGTGAGTATA	normal	
scrSOL004_ACATGGTTCCGCGTTT	tumor	
scrSOL004_ACCAGTAAGATTACCC	normal	
scrSOL004_ACCAGTAAGTTATCGC	tumor	
scrSOL004_ACCAGTAGTGGACGAT	tumor	
scrSOL004_ACCAGTAGTTAAGAAC	tumor	
scrSOL004_ACCAGTAGTTACGTCA	normal	
scrSOL004_ACCAGTAGTTCAGTAC	tumor	
scrSOL004_ACCAGTAGTTGTACAC	tumor	
scrSOL004_ACCAGTATCAACACTG	tumor	
scrSOL004_ACCAGTATCAAGGCTT	tumor	
scrSOL004_ACCAGTATCATACGGT	tumor	
scrSOL004_ACCAGTATCCCTTGTG	tumor	
scrSOL004_ACCAGTATCGTGTAGT	tumor	
scrSOL004_ACCCACTAGAAGGTGA	tumor	
scrSOL004_ACCCACTCACATAACC	tumor	
scrSOL004_ACCCACTCACCTCGTT	tumor	
scrSOL004_ACCCACTCAGACGCAA	tumor	
scrSOL004_ACCCACTGTAGCAAAT	tumor	
scrSOL004_ACCCACTGTTAAAGTG	tumor	
scrSOL004_ACCCACTTCACGCATA	tumor	
scrSOL004_ACCCACTTCGTTTAGG	normal	
scrSOL004_ACCGTAAAGATCGATA	tumor	
scrSOL004_ACCGTAACAATACGCT	tumor	
scrSOL004_ACCGTAACAGACAAAT	tumor	
scrSOL004_ACCGTAACAGGCTGAA	tumor	
scrSOL004_ACCGTAACAGTACACT	tumor	
scrSOL004_ACCGTAAGTATAAACG	tumor	
scrSOL004_ACCGTAAGTATTAGCC	normal	
scrSOL004_ACCGTAAGTCACTTCC	tumor	
scrSOL004_ACCGTAAGTCTAGTCA	tumor	
scrSOL004_ACCGTAAGTGTCAATC	tumor	
scrSOL004_ACCGTAATCCTAGTGA	normal	
scrSOL004_ACCGTAATCGAGCCCA	tumor	
scrSOL004_ACCGTAATCTTTACAC	tumor	
scrSOL004_ACCTTTAAGCTCTCGG	tumor	
scrSOL004_ACCTTTAAGGCTATCT	tumor	
scrSOL004_ACCTTTACACGTCTCT	normal	
scrSOL004_ACCTTTACACTCTGTC	tumor	
scrSOL004_ACCTTTACAGCCTTTC	tumor	
scrSOL004_ACCTTTACATTCTCAT	tumor	
scrSOL004_ACCTTTAGTACAGACG	tumor	
scrSOL004_ACCTTTAGTAGGACAC	tumor	
scrSOL004_ACCTTTATCATAGCAC	tumor	
scrSOL004_ACCTTTATCCGCGTTT	tumor	
scrSOL004_ACCTTTATCTCAAACG	tumor	
scrSOL004_ACGAGCCAGACTGGGT	normal	
scrSOL004_ACGAGCCAGATCCCAT	tumor	
scrSOL004_ACGAGCCCACAGGTTT	tumor	
scrSOL004_ACGAGCCGTCAGAAGC	tumor	
scrSOL004_ACGAGCCGTTCGCGAC	tumor	
scrSOL004_ACGAGCCTCATTCACT	tumor	
scrSOL004_ACGAGGAAGAGGTTGC	normal	
scrSOL004_ACGAGGAAGTCCTCCT	tumor	
scrSOL004_ACGAGGAAGTGCCAGA	tumor	
scrSOL004_ACGAGGACACGACGAA	normal	
scrSOL004_ACGAGGAGTGATAAGT	normal	
scrSOL004_ACGAGGATCGTCTGAA	normal	
scrSOL004_ACGATACAGCCAGTTT	tumor	
scrSOL004_ACGATACAGGCTCATT	tumor	
scrSOL004_ACGATACCAACGCACC	tumor	
scrSOL004_ACGATACCAATTCCTT	normal	
scrSOL004_ACGATACCAGACGCAA	tumor	
scrSOL004_ACGATACCAGGGTATG	tumor	
scrSOL004_ACGATACGTACAGTTC	tumor	
scrSOL004_ACGATACGTCCCGACA	tumor	
scrSOL004_ACGATACGTTTCGCTC	tumor	
scrSOL004_ACGATACTCCTATTCA	tumor	
scrSOL004_ACGATACTCGCTGATA	normal	
scrSOL004_ACGATACTCTACTATC	tumor	
scrSOL004_ACGATACTCTCTAGGA	normal	
scrSOL004_ACGATGTAGACAAGCC	tumor	
scrSOL004_ACGATGTAGAGCCTAG	tumor	
scrSOL004_ACGATGTAGCTGTCTA	tumor	
scrSOL004_ACGATGTAGGAATGGA	tumor	
scrSOL004_ACGATGTAGTACACCT	tumor	
scrSOL004_ACGATGTAGTACGCCC	normal	
scrSOL004_ACGATGTCAAAGCAAT	tumor	
scrSOL004_ACGATGTCACGAAAGC	tumor	
scrSOL004_ACGATGTCACTTAACG	tumor	
scrSOL004_ACGATGTCAGGGTTAG	tumor	
scrSOL004_ACGATGTGTCACACGC	tumor	
scrSOL004_ACGATGTGTCCCTACT	tumor	
scrSOL004_ACGATGTTCATCGGAT	tumor	
scrSOL004_ACGATGTTCCTAGTGA	tumor	
scrSOL004_ACGATGTTCTGCGGCA	tumor	
scrSOL004_ACGATGTTCTTGCCGT	tumor	
scrSOL004_ACGCAGCAGAACAACT	tumor	
scrSOL004_ACGCAGCAGATATGGT	tumor	
scrSOL004_ACGCAGCAGCGAGAAA	normal	
scrSOL004_ACGCAGCCAGACACTT	tumor	
scrSOL004_ACGCAGCCAGCATGAG	normal	
scrSOL004_ACGCAGCGTTCAACCA	tumor	
scrSOL004_ACGCAGCTCAGCTCTC	tumor	
scrSOL004_ACGCAGCTCTTCCTTC	tumor	
scrSOL004_ACGCCAGAGAATTGTG	normal	yes
scrSOL004_ACGCCAGAGACACTAA	normal	
scrSOL004_ACGCCAGAGATATGCA	tumor	
scrSOL004_ACGCCAGCAAGCTGTT	tumor	
scrSOL004_ACGCCAGGTACTTCTT	tumor	
scrSOL004_ACGCCAGTCCAGATCA	normal	
scrSOL004_ACGCCAGTCGCATGGC	tumor	
scrSOL004_ACGCCAGTCGGTGTTA	tumor	
scrSOL004_ACGCCAGTCGTACCGG	tumor	
scrSOL004_ACGCCAGTCTTATCTG	tumor	
scrSOL004_ACGCCGAAGGCGATAC	tumor	
scrSOL004_ACGCCGAAGGCTACGA	normal	
scrSOL004_ACGCCGAAGGCTCAGA	tumor	
scrSOL004_ACGCCGACATAGACTC	tumor	
scrSOL004_ACGCCGACATCGACGC	tumor	
scrSOL004_ACGCCGATCCGTAGGC	tumor	
scrSOL004_ACGCCGATCTGGAGCC	tumor	
scrSOL004_ACGCCGATCTGTTGAG	tumor	
scrSOL004_ACGGAGAAGAACAACT	tumor	
scrSOL004_ACGGAGAAGCCGGTAA	tumor	
scrSOL004_ACGGAGAAGCGTAGTG	tumor	
scrSOL004_ACGGAGAAGCTAAACA	tumor	
scrSOL004_ACGGAGAAGGGTATCG	normal	
scrSOL004_ACGGAGAAGGTGTGGT	tumor	
scrSOL004_ACGGAGACAATGGATA	normal	
scrSOL004_ACGGAGACATGCGCAC	tumor	
scrSOL004_ACGGAGATCCATGAGT	normal	
scrSOL004_ACGGCCAAGAGCTTCT	tumor	
scrSOL004_ACGGCCAAGCCACCTG	normal	
scrSOL004_ACGGCCAAGCGCTTAT	tumor	
scrSOL004_ACGGCCAAGGGTTTCT	tumor	
scrSOL004_ACGGCCACAACTTGAC	normal	
scrSOL004_ACGGCCACACGTCAGC	tumor	
scrSOL004_ACGGCCATCCGCAAGC	tumor	
scrSOL004_ACGGCCATCCGCTGTT	tumor	
scrSOL004_ACGGCCATCCTTAATC	normal	
scrSOL004_ACGGCCATCTCTGAGA	normal	
scrSOL004_ACGGCCATCTGCCAGG	tumor	
scrSOL004_ACGGCCATCTGCGGCA	normal	
scrSOL004_ACGGGCTAGGCTCAGA	tumor	
scrSOL004_ACGGGCTAGTGCGTGA	tumor	
scrSOL004_ACGGGCTCACACATGT	tumor	
scrSOL004_ACGGGCTGTAGCGCTC	tumor	
scrSOL004_ACGGGCTGTCGTGGCT	tumor	
scrSOL004_ACGGGCTGTGCTCTTC	tumor	
scrSOL004_ACGGGCTGTGCTGTAT	tumor	
scrSOL004_ACGGGCTTCAGGCAAG	tumor	
scrSOL004_ACGGGCTTCCCTGACT	tumor	
scrSOL004_ACGGGCTTCGGAAATA	tumor	
scrSOL004_ACGGGCTTCTGGCGAC	tumor	
scrSOL004_ACGGGTCAGCATGGCA	normal	
scrSOL004_ACGGGTCAGGACAGAA	tumor	
scrSOL004_ACGGGTCAGGCCCGTT	tumor	
scrSOL004_ACGGGTCAGTGCTGCC	tumor	
scrSOL004_ACGGGTCAGTGGGATC	tumor	
scrSOL004_ACGGGTCAGTTGCAGG	tumor	
scrSOL004_ACGGGTCCACATCCGG	tumor	
scrSOL004_ACGGGTCCACGAAACG	tumor	
scrSOL004_ACGGGTCCAGACTCGC	tumor	
scrSOL004_ACGGGTCGTGTCCTCT	tumor	
scrSOL004_ACGGGTCTCCAATGGT	normal	
scrSOL004_ACGGGTCTCTGCCCTA	tumor	
scrSOL004_ACGTCAAAGAAACGAG	tumor	
scrSOL004_ACGTCAACAAATACAG	normal	
scrSOL004_ACGTCAACAACGATCT	tumor	
scrSOL004_ACGTCAACAACTGCGC	normal	yes
scrSOL004_ACGTCAACACCTGGTG	normal	
scrSOL004_ACGTCAACATGACGGA	tumor	
scrSOL004_ACGTCAACATGTCTCC	tumor	
scrSOL004_ACGTCAAGTAAGGGAA	tumor	
scrSOL004_ACGTCAAGTCAACTGT	tumor	
scrSOL004_ACGTCAAGTGACGCCT	tumor	
scrSOL004_ACGTCAAGTGCAACTT	tumor	
scrSOL004_ACGTCAATCCACGACG	tumor	
scrSOL004_ACTATCTAGACCCACC	tumor	
scrSOL004_ACTATCTAGACGACGT	tumor	
scrSOL004_ACTATCTAGAGGTTGC	tumor	
scrSOL004_ACTATCTAGTGAACGC	tumor	
scrSOL004_ACTATCTCAAGCGATG	normal	
scrSOL004_ACTATCTCAAGCTGAG	normal	
scrSOL004_ACTATCTCAAGTAGTA	tumor	
scrSOL004_ACTATCTCACCGAAAG	tumor	
scrSOL004_ACTATCTCACTAGTAC	normal	
scrSOL004_ACTATCTCATTGGCGC	tumor	
scrSOL004_ACTATCTGTCCATGAT	tumor	
scrSOL004_ACTATCTGTTCCTCCA	tumor	
scrSOL004_ACTATCTTCCGTCATC	tumor	
scrSOL004_ACTATCTTCGCTGATA	normal	
scrSOL004_ACTGAACAGCGATCCC	tumor	
scrSOL004_ACTGAACAGGGAAACA	tumor	
scrSOL004_ACTGAACCACGGATAG	tumor	
scrSOL004_ACTGAACCATGACGGA	tumor	
scrSOL004_ACTGAACGTACCTACA	tumor	
scrSOL004_ACTGAACGTATCACCA	tumor	
scrSOL004_ACTGAACGTGAAGGCT	normal	
scrSOL004_ACTGAACTCAGTCCCT	normal	
scrSOL004_ACTGAGTAGACCTAGG	tumor	
scrSOL004_ACTGAGTAGATCCGAG	normal	
scrSOL004_ACTGAGTAGCTTATCG	tumor	
scrSOL004_ACTGAGTAGGCATGTG	tumor	
scrSOL004_ACTGAGTCATCACGAT	tumor	
scrSOL004_ACTGAGTGTAGATTAG	tumor	
scrSOL004_ACTGAGTGTGTTTGTG	tumor	
scrSOL004_ACTGAGTGTTACGGAG	tumor	
scrSOL004_ACTGAGTGTTGTACAC	tumor	
scrSOL004_ACTGAGTTCCAACCAA	tumor	
scrSOL004_ACTGAGTTCGTCTGAA	normal	
scrSOL004_ACTGAGTTCTCAACTT	tumor	
scrSOL004_ACTGATGAGTACGATA	tumor	
scrSOL004_ACTGATGAGTGCAAGC	normal	
scrSOL004_ACTGATGCAAGTTCTG	tumor	
scrSOL004_ACTGATGCACACATGT	tumor	
scrSOL004_ACTGATGCACCATCCT	tumor	
scrSOL004_ACTGATGCACCGCTAG	tumor	
scrSOL004_ACTGATGCACGGACAA	tumor	
scrSOL004_ACTGATGCAGACTCGC	tumor	
scrSOL004_ACTGATGCATGGGAAC	tumor	
scrSOL004_ACTGATGGTAAACGCG	normal	
scrSOL004_ACTGCTCAGAGAACAG	tumor	
scrSOL004_ACTGCTCAGCCACTAT	tumor	
scrSOL004_ACTGCTCAGTGTTAGA	tumor	
scrSOL004_ACTGCTCCACGGCCAT	normal	
scrSOL004_ACTGCTCCAGAAGCAC	normal	yes
scrSOL004_ACTGCTCCAGACAAAT	normal	
scrSOL004_ACTGCTCCAGGATCGA	tumor	
scrSOL004_ACTGCTCGTACCGTTA	tumor	
scrSOL004_ACTGCTCGTCGAGATG	tumor	
scrSOL004_ACTGCTCGTGTTTGTG	tumor	
scrSOL004_ACTGCTCTCATCTGTT	tumor	
scrSOL004_ACTGTCCAGGTGATTA	normal	
scrSOL004_ACTGTCCAGTGGGTTG	tumor	
scrSOL004_ACTGTCCAGTGTCTCA	tumor	
scrSOL004_ACTGTCCCACGGATAG	tumor	
scrSOL004_ACTGTCCCATGCATGT	normal	
scrSOL004_ACTGTCCGTCCGTCAG	tumor	
scrSOL004_ACTGTCCGTCTAAAGA	tumor	
scrSOL004_ACTGTCCGTTGAGGTG	tumor	
scrSOL004_ACTGTCCTCCAAGCCG	tumor	
scrSOL004_ACTGTCCTCCATGCTC	tumor	
scrSOL004_ACTTACTAGGGTCGAT	tumor	
scrSOL004_ACTTACTAGGTTCCTA	tumor	
scrSOL004_ACTTACTAGTCGTACT	tumor	
scrSOL004_ACTTACTCATACGCTA	tumor	
scrSOL004_ACTTACTTCACCGGGT	tumor	
scrSOL004_ACTTACTTCACTTATC	tumor	
scrSOL004_ACTTACTTCTTACCGC	normal	
scrSOL004_ACTTGTTAGGCATGGT	tumor	
scrSOL004_ACTTGTTAGGGCTTGA	tumor	
scrSOL004_ACTTGTTCAATGGAAT	tumor	
scrSOL004_ACTTGTTCACTTACGA	tumor	
scrSOL004_ACTTGTTTCTGAAAGA	tumor	
scrSOL004_ACTTTCAAGAGCCCAA	tumor	
scrSOL004_ACTTTCAAGGTAGCTG	tumor	
scrSOL004_ACTTTCACATCTATGG	tumor	
scrSOL004_ACTTTCAGTACACCGC	tumor	
scrSOL004_ACTTTCAGTATATGGA	normal	
scrSOL004_ACTTTCAGTTCCGTCT	tumor	
scrSOL004_ACTTTCATCCTGTACC	tumor	
scrSOL004_ACTTTCATCTGAAAGA	tumor	
scrSOL004_AGAATAGAGCACACAG	tumor	
scrSOL004_AGAATAGCACAAGCCC	normal	
scrSOL004_AGAATAGCACTTCTGC	tumor	
scrSOL004_AGAATAGGTAAATGTG	tumor	
scrSOL004_AGAATAGGTTAGAACA	tumor	
scrSOL004_AGAATAGTCAAAGTAG	tumor	
scrSOL004_AGAATAGTCAACGGGA	normal	
scrSOL004_AGACGTTAGGAGTAGA	tumor	
scrSOL004_AGACGTTAGGTTCCTA	tumor	
scrSOL004_AGACGTTAGTTACGGG	normal	
scrSOL004_AGACGTTCAAACAACA	tumor	
scrSOL004_AGACGTTCAGCTTCGG	normal	
scrSOL004_AGACGTTCATAAGACA	tumor	
scrSOL004_AGACGTTCATGATCCA	tumor	
scrSOL004_AGACGTTCATGCAACT	tumor	
scrSOL004_AGACGTTGTACCGTAT	tumor	
scrSOL004_AGACGTTGTTTAGGAA	normal	
scrSOL004_AGACGTTTCAACCAAC	normal	
scrSOL004_AGACGTTTCGTTGCCT	tumor	
scrSOL004_AGAGCGAAGCGTGAGT	normal	
scrSOL004_AGAGCGACAGGAATCG	tumor	
scrSOL004_AGAGCGACATGTCTCC	normal	
scrSOL004_AGAGCGAGTGAAGGCT	normal	
scrSOL004_AGAGCGAGTGCACTTA	tumor	
scrSOL004_AGAGCGAGTGCGGTAA	tumor	
scrSOL004_AGAGCGAGTTTAGCTG	tumor	
scrSOL004_AGAGCGATCACGCATA	normal	
scrSOL004_AGAGCGATCCTTGACC	normal	
scrSOL004_AGAGCTTCAATAACGA	tumor	
scrSOL004_AGAGCTTCATCGGAAG	tumor	
scrSOL004_AGAGCTTCATGACATC	tumor	
scrSOL004_AGAGCTTGTATTCTCT	tumor	
scrSOL004_AGAGCTTGTCTGCAAT	tumor	
scrSOL004_AGAGCTTTCAGTCCCT	tumor	
scrSOL004_AGAGCTTTCCAGAGGA	normal	
scrSOL004_AGAGTGGAGGTGTGGT	tumor	
scrSOL004_AGAGTGGAGTATCTCG	tumor	
scrSOL004_AGAGTGGCATGGGACA	tumor	
scrSOL004_AGAGTGGGTAGCTTGT	tumor	
scrSOL004_AGAGTGGTCCAGTAGT	tumor	
scrSOL004_AGAGTGGTCCATGAGT	tumor	
scrSOL004_AGAGTGGTCGGTCCGA	tumor	
scrSOL004_AGATCTGCAAACTGTC	tumor	
scrSOL004_AGATCTGCAATAACGA	normal	
scrSOL004_AGATCTGCAGCCACCA	tumor	
scrSOL004_AGATCTGCAGGTCTCG	normal	
scrSOL004_AGATCTGGTAATCACC	tumor	
scrSOL004_AGATCTGGTCATCCCT	normal	
scrSOL004_AGATCTGGTCCAGTAT	tumor	
scrSOL004_AGATCTGGTCCTGCTT	tumor	
scrSOL004_AGATCTGGTTAGTGGG	tumor	
scrSOL004_AGATCTGTCATCGCTC	tumor	
scrSOL004_AGATCTGTCATGTGGT	tumor	
scrSOL004_AGATCTGTCTATGTGG	tumor	
scrSOL004_AGATCTGTCTGGCGAC	tumor	
scrSOL004_AGATCTGTCTTTCCTC	tumor	
scrSOL004_AGATTGCAGCTAGTCT	tumor	
scrSOL004_AGATTGCAGTGGCACA	tumor	
scrSOL004_AGATTGCCACGCATCG	tumor	
scrSOL004_AGATTGCCATGAAGTA	tumor	
scrSOL004_AGATTGCGTATTAGCC	tumor	
scrSOL004_AGATTGCGTCATATGC	tumor	
scrSOL004_AGATTGCGTTACTGAC	tumor	
scrSOL004_AGATTGCTCAGGCGAA	tumor	
scrSOL004_AGATTGCTCCCTTGCA	tumor	
scrSOL004_AGATTGCTCTTGCATT	tumor	
scrSOL004_AGCAGCCAGTGTTTGC	normal	
scrSOL004_AGCAGCCAGTTTAGGA	tumor	
scrSOL004_AGCAGCCCAACGATGG	tumor	
scrSOL004_AGCAGCCCAAGGTGTG	tumor	
scrSOL004_AGCAGCCCACAACGTT	tumor	
scrSOL004_AGCAGCCCACCTCGGA	tumor	
scrSOL004_AGCAGCCGTCAGAAGC	normal	
scrSOL004_AGCAGCCGTGCGATAG	tumor	
scrSOL004_AGCAGCCGTTATTCTC	tumor	
scrSOL004_AGCATACAGCGCTCCA	tumor	
scrSOL004_AGCATACAGCTAGGCA	normal	
scrSOL004_AGCATACAGCTAGTCT	tumor	
scrSOL004_AGCATACAGTAGCGGT	tumor	
scrSOL004_AGCATACCACGCGAAA	normal	yes
scrSOL004_AGCATACCAGGATTGG	tumor	
scrSOL004_AGCATACGTGTTGGGA	tumor	
scrSOL004_AGCATACGTTCGGCAC	normal	
scrSOL004_AGCATACTCAAACAAG	normal	
scrSOL004_AGCATACTCAATCACG	tumor	
scrSOL004_AGCATACTCACTATTC	tumor	
scrSOL004_AGCATACTCCGCTGTT	tumor	
scrSOL004_AGCCTAAAGACTCGGA	tumor	
scrSOL004_AGCCTAAAGAGGGATA	tumor	
scrSOL004_AGCCTAAAGAGGTTAT	normal	yes
scrSOL004_AGCCTAAGTTACGACT	tumor	
scrSOL004_AGCCTAATCAGTGTTG	tumor	
scrSOL004_AGCCTAATCTACCTGC	tumor	
scrSOL004_AGCCTAATCTTTAGTC	tumor	
scrSOL004_AGCCTAATCTTTCCTC	normal	
scrSOL004_AGCGGTCAGGCTAGGT	tumor	
scrSOL004_AGCGGTCAGTGGTAGC	tumor	
scrSOL004_AGCGGTCGTTCTGAAC	normal	
scrSOL004_AGCGTATAGAGACTTA	tumor	
scrSOL004_AGCGTATCAAGCCTAT	tumor	
scrSOL004_AGCGTATCAATGGACG	tumor	
scrSOL004_AGCGTATCACTCAGGC	tumor	
scrSOL004_AGCGTATCATAGTAAG	normal	
scrSOL004_AGCGTATGTATAGGTA	tumor	
scrSOL004_AGCGTATGTGTATGGG	tumor	
scrSOL004_AGCGTATGTTCAGACT	normal	
scrSOL004_AGCGTATGTTTCCACC	normal	
scrSOL004_AGCGTATTCAATACCG	tumor	
scrSOL004_AGCGTATTCACTCTTA	tumor	
scrSOL004_AGCGTCGAGCTAGTTC	tumor	
scrSOL004_AGCGTCGAGCTCTCGG	tumor	
scrSOL004_AGCGTCGAGGCTATCT	tumor	
scrSOL004_AGCGTCGCATGGGAAC	normal	
scrSOL004_AGCGTCGGTATCACCA	tumor	
scrSOL004_AGCGTCGGTCTAAACC	normal	
scrSOL004_AGCGTCGTCCCTGACT	tumor	
scrSOL004_AGCGTCGTCGGGAGTA	tumor	
scrSOL004_AGCTCCTAGCTGTCTA	tumor	
scrSOL004_AGCTCCTAGTTAGCGG	normal	
scrSOL004_AGCTCCTAGTTGCAGG	normal	
scrSOL004_AGCTCCTCACACTGCG	tumor	
scrSOL004_AGCTCCTCACGAAACG	tumor	
scrSOL004_AGCTCCTCATGCATGT	tumor	
scrSOL004_AGCTCCTGTCCTCCAT	tumor	
scrSOL004_AGCTCCTTCGTACCGG	tumor	
scrSOL004_AGCTCTCAGAATTGTG	tumor	
scrSOL004_AGCTCTCAGACAAGCC	tumor	
scrSOL004_AGCTCTCAGCTGTCTA	tumor	
scrSOL004_AGCTCTCAGGGAAACA	tumor	
scrSOL004_AGCTCTCCAAGCCGCT	tumor	
scrSOL004_AGCTCTCCATATACCG	tumor	
scrSOL004_AGCTCTCCATTAACCG	tumor	
scrSOL004_AGCTCTCGTAGCGTAG	normal	
scrSOL004_AGCTCTCTCACCTCGT	tumor	
scrSOL004_AGCTCTCTCCATGCTC	tumor	
scrSOL004_AGCTCTCTCCCGGATG	tumor	
scrSOL004_AGCTCTCTCTTCGGTC	tumor	
scrSOL004_AGCTTGACAATCTACG	tumor	
scrSOL004_AGCTTGACACATGTGT	tumor	
scrSOL004_AGCTTGACACGTCAGC	normal	
scrSOL004_AGCTTGACACTACAGT	tumor	
scrSOL004_AGCTTGATCTTGCATT	tumor	
scrSOL004_AGGCCACAGATCCTGT	tumor	
scrSOL004_AGGCCACCACCACCAG	normal	
scrSOL004_AGGCCACCACGGACAA	tumor	
scrSOL004_AGGCCACCATGTTCCC	tumor	
scrSOL004_AGGCCACGTAGAGCTG	normal	
scrSOL004_AGGCCACGTATATGGA	tumor	
scrSOL004_AGGCCACTCAAACCAC	tumor	
scrSOL004_AGGCCGTAGCTAGTGG	tumor	
scrSOL004_AGGCCGTCAAACGTGG	tumor	
scrSOL004_AGGCCGTCAAGTAGTA	normal	yes
scrSOL004_AGGCCGTGTCTGCCAG	normal	
scrSOL004_AGGCCGTTCGCTTAGA	tumor	
scrSOL004_AGGGAGTGTAACGACG	tumor	
scrSOL004_AGGGAGTGTCCGCTGA	normal	
scrSOL004_AGGGAGTGTGCGATAG	normal	
scrSOL004_AGGGAGTGTGCTAGCC	normal	
scrSOL004_AGGGAGTTCCCATTTA	normal	
scrSOL004_AGGGAGTTCGCTAGCG	tumor	
scrSOL004_AGGGAGTTCGTAGGAG	tumor	
scrSOL004_AGGGAGTTCTATCCCG	tumor	
scrSOL004_AGGGATGAGAAACCTA	tumor	
scrSOL004_AGGGATGAGACAAGCC	normal	
scrSOL004_AGGGATGAGATAGTCA	tumor	
scrSOL004_AGGGATGCAATCCGAT	tumor	
scrSOL004_AGGGATGCAGCTGGCT	tumor	
scrSOL004_AGGGATGGTTTGGGCC	normal	
scrSOL004_AGGGATGTCCAAGTAC	tumor	
scrSOL004_AGGGTGAAGAATTCCC	tumor	
scrSOL004_AGGGTGAAGCATCATC	tumor	
scrSOL004_AGGGTGAAGTAGGTGC	tumor	
scrSOL004_AGGGTGACAGCTCGCA	normal	
scrSOL004_AGGGTGAGTCACTGGC	tumor	
scrSOL004_AGGGTGAGTCTCAACA	tumor	
scrSOL004_AGGGTGATCCACTGGG	normal	
scrSOL004_AGGTCATAGTGGACGT	tumor	
scrSOL004_AGGTCATCAACACCCG	tumor	
scrSOL004_AGGTCATCAATCACAC	normal	
scrSOL004_AGGTCATTCACATAGC	tumor	
scrSOL004_AGGTCATTCAGGATCT	tumor	
scrSOL004_AGGTCATTCTGTACGA	normal	
scrSOL004_AGGTCCGAGAATTCCC	tumor	
scrSOL004_AGGTCCGAGATGGCGT	normal	
scrSOL004_AGGTCCGAGATTACCC	tumor	
scrSOL004_AGGTCCGAGCTGAAAT	tumor	
scrSOL004_AGGTCCGAGCTTCGCG	tumor	
scrSOL004_AGGTCCGAGGGTCGAT	tumor	
scrSOL004_AGGTCCGCAAACGTGG	tumor	
scrSOL004_AGGTCCGCAAGTCTGT	tumor	
scrSOL004_AGGTCCGCACAGACTT	tumor	
scrSOL004_AGGTCCGCAGTAACGG	tumor	
scrSOL004_AGGTCCGGTCTCTTAT	tumor	
scrSOL004_AGGTCCGGTTGACGTT	tumor	
scrSOL004_AGGTCCGGTTGATTGC	tumor	
scrSOL004_AGGTCCGGTTTGGGCC	tumor	
scrSOL004_AGGTCCGTCACGACTA	tumor	
scrSOL004_AGTAGTCAGAGGGATA	tumor	
scrSOL004_AGTAGTCAGAGTCTGG	tumor	
scrSOL004_AGTAGTCAGCTATGCT	tumor	
scrSOL004_AGTAGTCAGGTGATTA	tumor	
scrSOL004_AGTAGTCGTAAAGTCA	tumor	
scrSOL004_AGTAGTCGTTTCGCTC	tumor	
scrSOL004_AGTAGTCTCACCCGAG	tumor	
scrSOL004_AGTAGTCTCACTGGGC	tumor	
scrSOL004_AGTAGTCTCCTTTCTC	normal	
scrSOL004_AGTAGTCTCTGCTTGC	tumor	
scrSOL004_AGTCTTTAGGCGACAT	tumor	
scrSOL004_AGTCTTTAGGGCTTGA	tumor	
scrSOL004_AGTCTTTCAAGCCGTC	tumor	
scrSOL004_AGTCTTTCAATAACGA	normal	
scrSOL004_AGTCTTTCACACGCTG	tumor	
scrSOL004_AGTCTTTGTCGCATAT	tumor	
scrSOL004_AGTCTTTTCACTGGGC	tumor	
scrSOL004_AGTCTTTTCGGTCTAA	tumor	
scrSOL004_AGTGAGGAGCAACGGT	tumor	
scrSOL004_AGTGAGGCACTCAGGC	normal	
scrSOL004_AGTGAGGCAGACGTAG	tumor	
scrSOL004_AGTGAGGCAGTGGAGT	tumor	
scrSOL004_AGTGAGGCATTCTCAT	tumor	
scrSOL004_AGTGAGGCATTGGCGC	normal	
scrSOL004_AGTGAGGGTAAGTTCC	tumor	
scrSOL004_AGTGAGGGTATCACCA	tumor	
scrSOL004_AGTGAGGGTCCGTTAA	tumor	
scrSOL004_AGTGAGGGTTTAGCTG	tumor	
scrSOL004_AGTGAGGTCTTGTTTG	tumor	
scrSOL004_AGTGGGAAGGACCACA	tumor	
scrSOL004_AGTGGGACAGTCGATT	tumor	
scrSOL004_AGTGGGAGTAGCGCAA	tumor	
scrSOL004_AGTGGGAGTCTAGCCG	tumor	
scrSOL004_AGTGGGAGTGCTTCTC	tumor	
scrSOL004_AGTGGGAGTGTTGGGA	normal	
scrSOL004_AGTGGGAGTTTCCACC	tumor	
scrSOL004_AGTGGGAGTTTGACAC	tumor	
scrSOL004_AGTGTCAAGAACTGTA	tumor	
scrSOL004_AGTGTCACACTCTGTC	tumor	
scrSOL004_AGTGTCACAGGACGTA	tumor	
scrSOL004_AGTGTCAGTCCAGTGC	tumor	
scrSOL004_AGTGTCAGTCTTCTCG	tumor	
scrSOL004_AGTGTCATCAAAGTAG	normal	
scrSOL004_AGTTGGTGTATCTGCA	tumor	
scrSOL004_AGTTGGTGTGGACGAT	normal	
scrSOL004_AGTTGGTGTTCCATGA	tumor	
scrSOL004_AGTTGGTTCAAACCAC	tumor	
scrSOL004_AGTTGGTTCGTCACGG	tumor	
scrSOL004_AGTTGGTTCTACCAGA	tumor	
scrSOL004_AGTTGGTTCTTAGAGC	tumor	
scrSOL004_ATAACGCAGAATCTCC	tumor	
scrSOL004_ATAACGCGTCAAACTC	tumor	
scrSOL004_ATAACGCGTTATCCGA	tumor	
scrSOL004_ATAACGCGTTGGGACA	tumor	
scrSOL004_ATAACGCTCCCTCTTT	tumor	
scrSOL004_ATAACGCTCCTAAGTG	normal	
scrSOL004_ATAACGCTCTCCGGTT	tumor	
scrSOL004_ATAAGAGAGCAGATCG	tumor	
scrSOL004_ATAAGAGAGCTAGTGG	tumor	
scrSOL004_ATAAGAGCACGGCTAC	normal	
scrSOL004_ATAAGAGGTAAGGGCT	normal	
scrSOL004_ATAAGAGTCCCAACGG	tumor	
scrSOL004_ATAAGAGTCGCGATCG	tumor	
scrSOL004_ATAGACCAGAAAGTGG	tumor	
scrSOL004_ATAGACCAGATATGGT	tumor	
scrSOL004_ATAGACCCACTTCGAA	tumor	
scrSOL004_ATAGACCCATCAGTCA	tumor	
scrSOL004_ATAGACCGTAAGAGAG	tumor	
scrSOL004_ATAGACCGTAGCAAAT	normal	
scrSOL004_ATAGACCTCAGCTTAG	tumor	
scrSOL004_ATAGACCTCGGTTCGG	tumor	
scrSOL004_ATCACGAAGATAGCAT	tumor	
scrSOL004_ATCACGAAGGAGTCTG	tumor	
scrSOL004_ATCACGAAGTGTCCCG	normal	
scrSOL004_ATCACGAAGTTGAGTA	normal	
scrSOL004_ATCACGACAGGTGCCT	tumor	
scrSOL004_ATCACGAGTGGTACAG	tumor	
scrSOL004_ATCACGAGTGTGCGTC	tumor	
scrSOL004_ATCACGAGTTCCTCCA	tumor	
scrSOL004_ATCACGATCAACCATG	tumor	
scrSOL004_ATCATCTAGCCATCGC	normal	
scrSOL004_ATCATCTCACAAGTAA	tumor	
scrSOL004_ATCATCTCAGCCAATT	tumor	
scrSOL004_ATCATCTCAGTTCATG	normal	
scrSOL004_ATCATCTGTAAGGGCT	tumor	
scrSOL004_ATCATCTGTAGCCTAT	tumor	
scrSOL004_ATCATGGAGCAGCCTC	normal	
scrSOL004_ATCATGGAGCGCCTCA	tumor	
scrSOL004_ATCATGGCAATAAGCA	tumor	
scrSOL004_ATCATGGCACGTTGGC	tumor	
scrSOL004_ATCATGGCACTAAGTC	tumor	
scrSOL004_ATCATGGCACTTACGA	tumor	
scrSOL004_ATCATGGTCGCGATCG	normal	
scrSOL004_ATCATGGTCTCCGGTT	tumor	
scrSOL004_ATCCACCAGTACGCGA	tumor	
scrSOL004_ATCCACCAGTAGTGCG	normal	
scrSOL004_ATCCACCCACCAGGCT	normal	
scrSOL004_ATCCACCCACTGTTAG	normal	
scrSOL004_ATCCACCCAGTTAACC	tumor	
scrSOL004_ATCCACCGTCTAACGT	tumor	
scrSOL004_ATCCACCGTGAACCTT	tumor	
scrSOL004_ATCCACCGTTACTGAC	normal	
scrSOL004_ATCCACCTCACCGTAA	tumor	
scrSOL004_ATCCGAAAGAGGTACC	normal	
scrSOL004_ATCCGAAAGTGTGGCA	tumor	
scrSOL004_ATCCGAAGTGAAGGCT	normal	
scrSOL004_ATCCGAAGTTCGTGAT	tumor	
scrSOL004_ATCCGAAGTTGGTGGA	normal	
scrSOL004_ATCCGAATCAACGGGA	tumor	
scrSOL004_ATCCGAATCAGCACAT	tumor	
scrSOL004_ATCGAGTAGAGTTGGC	tumor	
scrSOL004_ATCGAGTCAAACAACA	tumor	
scrSOL004_ATCGAGTCAACGATCT	tumor	
scrSOL004_ATCGAGTCACATCCAA	tumor	
scrSOL004_ATCGAGTCACCGGAAA	normal	
scrSOL004_ATCGAGTCACTGCCAG	tumor	
scrSOL004_ATCGAGTCAGCCTTGG	tumor	
scrSOL004_ATCGAGTGTAAACACA	normal	
scrSOL004_ATCGAGTGTAAATGTG	tumor	
scrSOL004_ATCGAGTGTAGCACGA	tumor	
scrSOL004_ATCGAGTGTAGGACAC	tumor	
scrSOL004_ATCGAGTGTGTGCGTC	normal	
scrSOL004_ATCGAGTTCGTGTAGT	tumor	
scrSOL004_ATCTACTCAATTCCTT	tumor	
scrSOL004_ATCTACTCACGCGAAA	tumor	
scrSOL004_ATCTACTGTCCGCTGA	tumor	
scrSOL004_ATCTACTGTGGTTTCA	tumor	
scrSOL004_ATCTACTTCCGCGTTT	tumor	
scrSOL004_ATCTACTTCGCATGGC	normal	
scrSOL004_ATCTACTTCTTTACAC	tumor	
scrSOL004_ATCTGCCAGGGATCTG	tumor	
scrSOL004_ATCTGCCAGTCGATAA	tumor	
scrSOL004_ATCTGCCAGTTCGATC	tumor	
scrSOL004_ATCTGCCCACATTAGC	tumor	
scrSOL004_ATCTGCCCATGTCCTC	tumor	
scrSOL004_ATCTGCCGTACCGGCT	tumor	
scrSOL004_ATCTGCCTCCCGGATG	normal	
scrSOL004_ATCTGCCTCCTTCAAT	tumor	
scrSOL004_ATGAGGGTCGAGAACG	tumor	
scrSOL004_ATGAGGGTCTCTTGAT	tumor	
scrSOL004_ATGAGGGTCTGCTTGC	normal	
scrSOL004_ATGCGATAGACCTAGG	tumor	
scrSOL004_ATGCGATAGGCCATAG	tumor	
scrSOL004_ATGCGATCAAAGGCGT	tumor	
scrSOL004_ATGCGATCACCCATGG	tumor	
scrSOL004_ATGCGATGTGTAATGA	tumor	
scrSOL004_ATGCGATGTTCTGAAC	tumor	
scrSOL004_ATGCGATTCAGGCAAG	tumor	
scrSOL004_ATGCGATTCCAAGCCG	tumor	
scrSOL004_ATGCGATTCCTTGCCA	tumor	
scrSOL004_ATGCGATTCGCACTCT	tumor	
scrSOL004_ATGGGAGAGCTGCAAG	tumor	
scrSOL004_ATGGGAGAGGCAATTA	tumor	
scrSOL004_ATGGGAGGTCTGCAAT	tumor	
scrSOL004_ATGGGAGGTTAAGATG	tumor	
scrSOL004_ATGGGAGTCCGCATAA	tumor	
scrSOL004_ATGTGTGAGAGATGAG	tumor	
scrSOL004_ATGTGTGAGATATACG	tumor	
scrSOL004_ATGTGTGAGGCGTACA	tumor	
scrSOL004_ATGTGTGAGGGAACGG	tumor	
scrSOL004_ATGTGTGCATTCCTGC	normal	
scrSOL004_ATGTGTGGTCTAGCCG	tumor	
scrSOL004_ATGTGTGGTTTGCATG	tumor	
scrSOL004_ATGTGTGTCAAGGCTT	tumor	
scrSOL004_ATGTGTGTCGCCATAA	tumor	
scrSOL004_ATGTGTGTCGCCTGTT	tumor	
scrSOL004_ATGTGTGTCTACTTAC	normal	
scrSOL004_ATTACTCAGAATGTGT	tumor	
scrSOL004_ATTACTCAGCCAACAG	tumor	
scrSOL004_ATTACTCAGGAATCGC	tumor	
scrSOL004_ATTACTCAGTCATGCT	tumor	
scrSOL004_ATTACTCCAGACAAAT	normal	
scrSOL004_ATTACTCGTTATCCGA	tumor	
scrSOL004_ATTACTCGTTTGCATG	tumor	
scrSOL004_ATTACTCTCTGCGACG	tumor	
scrSOL004_ATTACTCTCTGTGCAA	tumor	
scrSOL004_ATTACTCTCTTGTACT	tumor	
scrSOL004_ATTATCCAGACGCACA	tumor	
scrSOL004_ATTATCCAGGCGACAT	tumor	
scrSOL004_ATTATCCAGTGTACCT	tumor	
scrSOL004_ATTATCCAGTTTCCTT	tumor	
scrSOL004_ATTATCCCAAGCTGAG	tumor	
scrSOL004_ATTATCCCAATGCCAT	tumor	
scrSOL004_ATTATCCCAGGAATGC	normal	
scrSOL004_ATTATCCCATCTGGTA	tumor	
scrSOL004_ATTATCCGTACCGGCT	tumor	
scrSOL004_ATTATCCGTAGTAGTA	tumor	
scrSOL004_ATTATCCGTATAGGGC	tumor	
scrSOL004_ATTATCCGTCTGATTG	normal	
scrSOL004_ATTATCCGTCTGGTCG	tumor	
scrSOL004_ATTATCCGTGATGATA	normal	yes
scrSOL004_ATTATCCGTGTGCGTC	tumor	
scrSOL004_ATTATCCTCACCTCGT	tumor	
scrSOL004_ATTCTACAGGTGCACA	tumor	
scrSOL004_ATTCTACAGTACGACG	normal	
scrSOL004_ATTCTACAGTGCCATT	normal	
scrSOL004_ATTCTACCAGACTCGC	tumor	
scrSOL004_ATTCTACCAGGACGTA	tumor	
scrSOL004_ATTCTACGTCAAAGAT	tumor	
scrSOL004_ATTCTACGTCGCATCG	tumor	
scrSOL004_ATTCTACGTCGCGGTT	tumor	
scrSOL004_ATTCTACTCCAGGGCT	tumor	
scrSOL004_ATTCTACTCTAGCACA	tumor	
scrSOL004_ATTGGACAGGGCTTGA	tumor	
scrSOL004_ATTGGACCAAGGTTTC	tumor	
scrSOL004_ATTGGACCACGAAACG	tumor	
scrSOL004_ATTGGACCATGACATC	normal	
scrSOL004_ATTGGACGTAGTGAAT	normal	
scrSOL004_ATTGGACGTGACTACT	tumor	
scrSOL004_ATTGGACGTGTCGCTG	tumor	
scrSOL004_ATTGGACTCTCCAACC	tumor	
scrSOL004_ATTGGTGAGTAAGTAC	tumor	
scrSOL004_ATTGGTGCACAAGACG	tumor	
scrSOL004_ATTGGTGGTACCGGCT	tumor	
scrSOL004_ATTGGTGGTGACGCCT	tumor	
scrSOL004_ATTGGTGGTTGTTTGG	tumor	
scrSOL004_ATTGGTGTCAGAGGTG	tumor	
scrSOL004_ATTGGTGTCCAAAGTC	tumor	
scrSOL004_ATTGGTGTCTCCTATA	tumor	
scrSOL004_ATTGGTGTCTGGAGCC	tumor	
scrSOL004_ATTTCTGAGCCAGAAC	tumor	
scrSOL004_ATTTCTGAGGACATTA	tumor	
scrSOL004_ATTTCTGAGTGGGATC	tumor	
scrSOL004_ATTTCTGCACCGATAT	tumor	
scrSOL004_ATTTCTGCACGCTTTC	tumor	
scrSOL004_ATTTCTGGTCAATGTC	tumor	
scrSOL004_ATTTCTGGTCACTTCC	tumor	
scrSOL004_ATTTCTGGTTCGCGAC	tumor	
scrSOL004_ATTTCTGTCAGAGGTG	tumor	
scrSOL004_ATTTCTGTCCTTTCGG	tumor	
scrSOL004_ATTTCTGTCGACCAGC	tumor	
scrSOL004_ATTTCTGTCGGTTAAC	tumor	
scrSOL004_CAACCAAAGAAAGTGG	normal	
scrSOL004_CAACCAAAGAAGAAGC	normal	
scrSOL004_CAACCAAAGAGTGACC	tumor	
scrSOL004_CAACCAAAGCTAGTTC	tumor	
scrSOL004_CAACCAAAGGCTCAGA	tumor	
scrSOL004_CAACCAACAAGTTAAG	tumor	
scrSOL004_CAACCAACACAAGCCC	tumor	
scrSOL004_CAACCAACAGTTAACC	tumor	
scrSOL004_CAACCAAGTCATACTG	tumor	
scrSOL004_CAACCAAGTTAAAGTG	tumor	
scrSOL004_CAACCTCAGTGGGATC	tumor	
scrSOL004_CAACCTCCAACACCCG	tumor	
scrSOL004_CAACCTCGTCCATGAT	tumor	
scrSOL004_CAACCTCGTTACGCGC	tumor	
scrSOL004_CAACCTCTCCTAAGTG	normal	
scrSOL004_CAACCTCTCCTCGCAT	tumor	
scrSOL004_CAACTAGAGAAGGACA	tumor	
scrSOL004_CAACTAGAGCTAGCCC	tumor	
scrSOL004_CAACTAGAGTGGTAGC	normal	
scrSOL004_CAACTAGCATCACAAC	tumor	
scrSOL004_CAACTAGCATCCGTGG	tumor	
scrSOL004_CAACTAGGTGGACGAT	tumor	
scrSOL004_CAACTAGGTTAGATGA	tumor	
scrSOL004_CAACTAGGTTCAACCA	tumor	
scrSOL004_CAACTAGTCACAGTAC	tumor	
scrSOL004_CAACTAGTCACTTCAT	tumor	
scrSOL004_CAACTAGTCCTCCTAG	tumor	
scrSOL004_CAAGAAAAGGACACCA	normal	
scrSOL004_CAAGAAAAGTCTCGGC	tumor	
scrSOL004_CAAGAAACAATGTTGC	tumor	
scrSOL004_CAAGAAAGTCGGATCC	tumor	
scrSOL004_CAAGAAAGTGAAAGAG	normal	
scrSOL004_CAAGAAAGTTATCGGT	tumor	
scrSOL004_CAAGAAAGTTGAGGTG	normal	
scrSOL004_CAAGAAATCCTCAACC	normal	yes
scrSOL004_CAAGATCAGAGGTTAT	normal	
scrSOL004_CAAGATCAGCTAAACA	tumor	
scrSOL004_CAAGATCAGCTGGAAC	tumor	
scrSOL004_CAAGATCAGTGTGAAT	tumor	
scrSOL004_CAAGATCCAGGACCCT	normal	
scrSOL004_CAAGATCGTAACGACG	tumor	
scrSOL004_CAAGATCGTACACCGC	normal	
scrSOL004_CAAGATCTCTACTTAC	tumor	
scrSOL004_CAAGATCTCTCCAGGG	tumor	
scrSOL004_CAAGATCTCTCGTTTA	tumor	
scrSOL004_CAAGATCTCTTCCTTC	tumor	
scrSOL004_CAAGGCCGTAAACCTC	tumor	
scrSOL004_CAAGGCCGTACCGGCT	tumor	
scrSOL004_CAAGGCCGTTATCGGT	normal	
scrSOL004_CAAGGCCGTTTGCATG	normal	
scrSOL004_CAAGGCCTCTGGGCCA	tumor	
scrSOL004_CAAGGCCTCTTAGCCC	tumor	
scrSOL004_CAAGTTGAGACATAAC	normal	
scrSOL004_CAAGTTGAGCGATGAC	normal	
scrSOL004_CAAGTTGAGTGACATA	normal	
scrSOL004_CAAGTTGCAGACAAGC	tumor	
scrSOL004_CAAGTTGGTATCGCAT	tumor	
scrSOL004_CAAGTTGGTCCGTCAG	tumor	
scrSOL004_CAAGTTGTCGGCCGAT	tumor	
scrSOL004_CACAAACAGTGTCCAT	tumor	
scrSOL004_CACAAACCAACTGCTA	normal	
scrSOL004_CACAAACCACACTGCG	tumor	
scrSOL004_CACAAACCAGACGCTC	tumor	
scrSOL004_CACAAACCAGCCTGTG	tumor	
scrSOL004_CACAAACCAGTCAGAG	tumor	
scrSOL004_CACAAACGTCAGAATA	tumor	
scrSOL004_CACAAACGTGGACGAT	tumor	
scrSOL004_CACAAACTCCGCGGTA	tumor	
scrSOL004_CACAAACTCCTGCCAT	tumor	
scrSOL004_CACAAACTCTGATACG	tumor	
scrSOL004_CACACAAAGTACTTGC	tumor	
scrSOL004_CACACAAAGTCCTCCT	tumor	
scrSOL004_CACACAACAAAGTGCG	tumor	
scrSOL004_CACACAACACATGTGT	tumor	
scrSOL004_CACACAACACATTAGC	normal	
scrSOL004_CACACAACACCGAATT	normal	
scrSOL004_CACACAAGTCTTCGTC	tumor	
scrSOL004_CACACAAGTTTAAGCC	tumor	
scrSOL004_CACACCTAGAAACCAT	normal	
scrSOL004_CACACCTAGACAGGCT	tumor	
scrSOL004_CACACCTAGACTTGAA	normal	
scrSOL004_CACACCTAGCCACGTC	tumor	
scrSOL004_CACACCTAGGCGACAT	tumor	
scrSOL004_CACACCTCACGTTGGC	normal	
scrSOL004_CACACCTGTAGGACAC	tumor	
scrSOL004_CACACCTGTCTAACGT	tumor	
scrSOL004_CACACCTGTTCCCTTG	normal	
scrSOL004_CACACTCAGTGCGATG	tumor	
scrSOL004_CACACTCCAATCACAC	normal	
scrSOL004_CACACTCCACGGTAAG	tumor	
scrSOL004_CACACTCGTAAACCTC	normal	
scrSOL004_CACACTCGTCTTTCAT	normal	yes
scrSOL004_CACAGGCAGCCAGAAC	tumor	
scrSOL004_CACAGGCAGCCGTCGT	tumor	
scrSOL004_CACAGGCAGGGATACC	tumor	
scrSOL004_CACAGGCAGGGTTTCT	tumor	
scrSOL004_CACAGGCCAGGCAGTA	tumor	
scrSOL004_CACAGGCCAGTCAGAG	tumor	
scrSOL004_CACAGGCTCGACCAGC	tumor	
scrSOL004_CACAGTAAGCGTTCCG	tumor	
scrSOL004_CACAGTAAGCTAAGAT	normal	
scrSOL004_CACAGTAAGGCCGAAT	tumor	
scrSOL004_CACAGTAAGTTATCGC	tumor	
scrSOL004_CACAGTACACTAGTAC	normal	
scrSOL004_CACAGTACAGTATCTG	tumor	
scrSOL004_CACAGTACATGTAGTC	tumor	
scrSOL004_CACATAGAGTGTCCCG	tumor	
scrSOL004_CACATAGCACGAAACG	tumor	
scrSOL004_CACATAGCATTCCTCG	tumor	
scrSOL004_CACATAGTCGCTGATA	tumor	
scrSOL004_CACATTTAGTGCTGCC	tumor	
scrSOL004_CACATTTCATAGTAAG	tumor	
scrSOL004_CACATTTGTAGTGAAT	tumor	
scrSOL004_CACATTTGTTCTGTTT	normal	yes
scrSOL004_CACATTTTCAGTTGAC	tumor	
scrSOL004_CACATTTTCTGGAGCC	tumor	
scrSOL004_CACCACTAGTCATGCT	tumor	
scrSOL004_CACCACTCAAAGGTGC	tumor	
scrSOL004_CACCACTCATATACCG	normal	
scrSOL004_CACCACTCATCTCGCT	normal	
scrSOL004_CACCACTGTAAAGGAG	tumor	
scrSOL004_CACCACTGTCACCTAA	tumor	
scrSOL004_CACCACTGTCCTCCAT	tumor	
scrSOL004_CACCACTGTCGCGAAA	tumor	
scrSOL004_CACCACTGTCTCTTAT	tumor	
scrSOL004_CACCACTGTGACTACT	tumor	
scrSOL004_CACCACTTCGAGAACG	tumor	
scrSOL004_CACCACTTCTCTTGAT	tumor	
scrSOL004_CACCAGGAGGGCTTGA	normal	
scrSOL004_CACCAGGAGTGTTGAA	tumor	
scrSOL004_CACCAGGCAACTGGCC	tumor	
scrSOL004_CACCAGGCATTAACCG	normal	
scrSOL004_CACCAGGGTGCTAGCC	tumor	
scrSOL004_CACCAGGTCAAGCCTA	tumor	
scrSOL004_CACCAGGTCGTCCGTT	tumor	
scrSOL004_CACCTTGCAAGACGTG	tumor	
scrSOL004_CACCTTGCACATGTGT	tumor	
scrSOL004_CACCTTGCACTCGACG	tumor	
scrSOL004_CACCTTGGTCGTCTTC	tumor	
scrSOL004_CACCTTGGTTGGACCC	normal	
scrSOL004_CACCTTGGTTGGTGGA	tumor	
scrSOL004_CACCTTGTCCGAACGC	tumor	
scrSOL004_CACCTTGTCCGTACAA	tumor	
scrSOL004_CACTCCAAGCCAGGAT	tumor	
scrSOL004_CACTCCAAGCCGTCGT	tumor	
scrSOL004_CACTCCAAGGGATCTG	tumor	
scrSOL004_CACTCCAAGTATCTCG	tumor	
scrSOL004_CACTCCAAGTTATCGC	normal	
scrSOL004_CACTCCACAAAGCAAT	tumor	
scrSOL004_CACTCCACAAGTAGTA	tumor	
scrSOL004_CACTCCACAATAAGCA	tumor	
scrSOL004_CACTCCAGTGATAAGT	tumor	
scrSOL004_CACTCCAGTTCGGCAC	tumor	
scrSOL004_CACTCCATCGCCAAAT	tumor	
scrSOL004_CAGAATCAGATCGATA	tumor	
scrSOL004_CAGAATCAGCCCAATT	normal	
scrSOL004_CAGAATCAGCTAGTGG	tumor	
scrSOL004_CAGAATCCAAGACACG	tumor	
scrSOL004_CAGAATCCAATGAATG	tumor	
scrSOL004_CAGAATCCACATTCGA	tumor	
scrSOL004_CAGAATCCAGCTGTAT	normal	yes
scrSOL004_CAGAATCCAGGGTACA	normal	
scrSOL004_CAGAATCGTACGACCC	tumor	
scrSOL004_CAGAATCGTCTTGTCC	tumor	
scrSOL004_CAGAATCGTTCACCTC	tumor	
scrSOL004_CAGAATCGTTCGTCTC	normal	
scrSOL004_CAGAATCTCAGCTGGC	tumor	
scrSOL004_CAGAATCTCCAACCAA	normal	
scrSOL004_CAGAATCTCGGTGTCG	tumor	
scrSOL004_CAGAGAGAGATCTGCT	tumor	
scrSOL004_CAGAGAGAGGGAACGG	tumor	
scrSOL004_CAGAGAGGTATTCGTG	tumor	
scrSOL004_CAGAGAGGTTGTGGCC	tumor	
scrSOL004_CAGAGAGTCATGCTCC	tumor	
scrSOL004_CAGAGAGTCGTATCAG	tumor	
scrSOL004_CAGATCAAGGCAAAGA	normal	
scrSOL004_CAGATCACAAGTCATC	tumor	
scrSOL004_CAGATCACAATAGCGG	tumor	
scrSOL004_CAGATCACAGGGTTAG	tumor	
scrSOL004_CAGATCACATGCATGT	normal	
scrSOL004_CAGATCAGTGCTTCTC	tumor	
scrSOL004_CAGATCAGTTGGGACA	tumor	
scrSOL004_CAGATCATCCAGAAGG	tumor	
scrSOL004_CAGATCATCTGTTGAG	tumor	
scrSOL004_CAGATCATCTTGTACT	normal	yes
scrSOL004_CAGCAGCAGAAGGACA	tumor	
scrSOL004_CAGCAGCAGCTAAGAT	normal	
scrSOL004_CAGCAGCGTCAGAAGC	tumor	
scrSOL004_CAGCAGCTCAGCTCGG	tumor	
scrSOL004_CAGCAGCTCCCAACGG	tumor	
scrSOL004_CAGCATAAGAGGTAGA	tumor	
scrSOL004_CAGCATAAGATACACA	tumor	
scrSOL004_CAGCATAAGCTGGAAC	tumor	
scrSOL004_CAGCATACACGGTGTC	tumor	
scrSOL004_CAGCATAGTAGCGCAA	tumor	
scrSOL004_CAGCATAGTGTTCGAT	tumor	
scrSOL004_CAGCATAGTTACGGAG	tumor	
scrSOL004_CAGCATATCCTCAACC	tumor	
scrSOL004_CAGCCGAGTCTCGTTC	normal	
scrSOL004_CAGCCGAGTTGGTAAA	tumor	
scrSOL004_CAGCCGATCAGGCCCA	tumor	
scrSOL004_CAGCCGATCCTGTACC	tumor	
scrSOL004_CAGCGACAGAAGGGTA	tumor	
scrSOL004_CAGCGACAGAATAGGG	normal	
scrSOL004_CAGCGACAGAGCTGGT	tumor	
scrSOL004_CAGCGACAGTTAAGTG	tumor	
scrSOL004_CAGCGACCAGTCAGAG	tumor	
scrSOL004_CAGCGACCATCACGAT	tumor	
scrSOL004_CAGCGACGTCACACGC	tumor	
scrSOL004_CAGCGACGTCAGGACA	normal	
scrSOL004_CAGCGACGTCGAAAGC	normal	
scrSOL004_CAGCGACGTTGACGTT	tumor	
scrSOL004_CAGCGACTCGCCTGAG	normal	
scrSOL004_CAGCTAAAGGCTATCT	tumor	
scrSOL004_CAGCTAAAGTTACCCA	tumor	
scrSOL004_CAGCTAACAGCATGAG	tumor	
scrSOL004_CAGCTAACAGCCTTGG	tumor	
scrSOL004_CAGCTAAGTAGAAGGA	tumor	
scrSOL004_CAGCTAAGTCAGAGGT	tumor	
scrSOL004_CAGCTAAGTTATCGGT	tumor	
scrSOL004_CAGCTAAGTTCCACAA	tumor	
scrSOL004_CAGCTAAGTTCCGTCT	tumor	
scrSOL004_CAGCTAAGTTGCGCAC	tumor	
scrSOL004_CAGCTAATCGCCATAA	tumor	
scrSOL004_CAGCTGGAGAAACCGC	tumor	
scrSOL004_CAGCTGGAGAAGCCCA	tumor	
scrSOL004_CAGCTGGAGACCCACC	tumor	
scrSOL004_CAGCTGGAGGACGAAA	normal	
scrSOL004_CAGCTGGAGGTGCTAG	normal	
scrSOL004_CAGCTGGAGTAGCGGT	tumor	
scrSOL004_CAGCTGGCATCCTAGA	tumor	
scrSOL004_CAGCTGGCATTCTTAC	tumor	
scrSOL004_CAGCTGGGTCGATTGT	tumor	
scrSOL004_CAGCTGGGTGTAACGG	tumor	
scrSOL004_CAGCTGGGTTCAGGCC	tumor	
scrSOL004_CAGCTGGTCACCCTCA	tumor	
scrSOL004_CAGCTGGTCACGATGT	tumor	
scrSOL004_CAGCTGGTCCTATGTT	tumor	
scrSOL004_CAGCTGGTCGTCGTTC	tumor	
scrSOL004_CAGGTGCAGCACCGTC	tumor	
scrSOL004_CAGGTGCAGGCTAGGT	normal	
scrSOL004_CAGGTGCAGGGCACTA	tumor	
scrSOL004_CAGGTGCGTCTAGAGG	normal	
scrSOL004_CAGGTGCGTGTAACGG	tumor	
scrSOL004_CAGGTGCGTGTGGCTC	tumor	
scrSOL004_CAGGTGCTCAATACCG	tumor	
scrSOL004_CAGGTGCTCTTGTACT	tumor	
scrSOL004_CAGTAACAGGAGTCTG	tumor	
scrSOL004_CAGTAACAGGTGATAT	normal	
scrSOL004_CAGTAACCAATCTGCA	tumor	
scrSOL004_CAGTAACCAGCGATCC	tumor	
scrSOL004_CAGTAACGTCCGCTGA	tumor	
scrSOL004_CAGTAACGTGGGTCAA	tumor	
scrSOL004_CAGTAACTCAAGGCTT	tumor	
scrSOL004_CAGTCCTAGACACGAC	normal	
scrSOL004_CAGTCCTAGTCGTACT	tumor	
scrSOL004_CAGTCCTCAATGGAGC	tumor	
scrSOL004_CAGTCCTCACACCGCA	tumor	
scrSOL004_CAGTCCTCAGGATTGG	tumor	
scrSOL004_CAGTCCTCAGGGTACA	tumor	
scrSOL004_CAGTCCTCATGGTCAT	normal	
scrSOL004_CAGTCCTGTACCGTTA	tumor	
scrSOL004_CAGTCCTGTGAGTGAC	tumor	
scrSOL004_CAGTCCTGTGTTAAGA	tumor	
scrSOL004_CAGTCCTGTTCCCTTG	tumor	
scrSOL004_CAGTCCTTCCCTTGCA	tumor	
scrSOL004_CAGTCCTTCCGTAGGC	tumor	
scrSOL004_CAGTCCTTCGCCTGAG	tumor	
scrSOL004_CATATGGAGCCACGCT	normal	
scrSOL004_CATATGGAGCTTCGCG	normal	
scrSOL004_CATATGGAGGGCACTA	tumor	
scrSOL004_CATATGGCATACGCTA	normal	
scrSOL004_CATATGGCATCAGTCA	tumor	
scrSOL004_CATATGGCATCGATTG	normal	
scrSOL004_CATATGGGTCTGATCA	tumor	
scrSOL004_CATATGGGTTCGTTGA	tumor	
scrSOL004_CATATGGGTTTCCACC	tumor	
scrSOL004_CATATGGTCTCAACTT	tumor	
scrSOL004_CATATTCAGCTGAAAT	normal	
scrSOL004_CATATTCAGTCCCACG	tumor	
scrSOL004_CATATTCAGTGCTGCC	tumor	
scrSOL004_CATATTCGTCGGCACT	tumor	
scrSOL004_CATATTCGTTTCGCTC	tumor	
scrSOL004_CATATTCTCCAACCAA	normal	
scrSOL004_CATCAAGAGTGAACGC	tumor	
scrSOL004_CATCAAGCAGCGATCC	tumor	
scrSOL004_CATCAAGGTAAATGTG	tumor	
scrSOL004_CATCAAGGTCTAAAGA	normal	
scrSOL004_CATCAAGGTGATGTGG	tumor	
scrSOL004_CATCAAGGTTCCCTTG	normal	
scrSOL004_CATCAGAAGCTGGAAC	tumor	
scrSOL004_CATCAGACAACTGGCC	tumor	
scrSOL004_CATCAGACAAGTCATC	tumor	
scrSOL004_CATCAGACACTGTCGG	normal	
scrSOL004_CATCAGACAGTAAGAT	tumor	
scrSOL004_CATCAGACATGTTCCC	tumor	
scrSOL004_CATCAGAGTCAACTGT	tumor	
scrSOL004_CATCAGAGTCGTGGCT	tumor	
scrSOL004_CATCAGATCTTACCTA	tumor	
scrSOL004_CATCCACCACCAACCG	tumor	
scrSOL004_CATCCACCACTACAGT	normal	
scrSOL004_CATCCACCAGCGAACA	tumor	
scrSOL004_CATCCACCAGCTGTTA	tumor	
scrSOL004_CATCCACCAGGTGGAT	tumor	
scrSOL004_CATCCACGTCGAGTTT	normal	
scrSOL004_CATCCACGTGACTACT	tumor	
scrSOL004_CATCCACGTGGACGAT	tumor	
scrSOL004_CATCCACTCACGAAGG	tumor	
scrSOL004_CATCGAAAGCCAACAG	tumor	
scrSOL004_CATCGAACATATGAGA	normal	
scrSOL004_CATCGAACATCGACGC	tumor	
scrSOL004_CATCGAAGTCTAACGT	tumor	
scrSOL004_CATCGAAGTGACTCAT	tumor	
scrSOL004_CATCGAAGTTAAGAAC	tumor	
scrSOL004_CATCGAAGTTATGCGT	tumor	
scrSOL004_CATCGAATCTGAAAGA	tumor	
scrSOL004_CATCGGGAGAAGATTC	tumor	
scrSOL004_CATCGGGAGACTGGGT	normal	
scrSOL004_CATCGGGAGAGGTACC	tumor	
scrSOL004_CATCGGGAGCCAACAG	tumor	
scrSOL004_CATCGGGAGCGTGAGT	normal	yes
scrSOL004_CATCGGGCAACGCACC	tumor	
scrSOL004_CATCGGGTCAATACCG	tumor	
scrSOL004_CATCGGGTCATCACCC	tumor	
scrSOL004_CATCGGGTCTGTTTGT	tumor	
scrSOL004_CATGACAAGATCCTGT	tumor	
scrSOL004_CATGACAAGCGATATA	tumor	
scrSOL004_CATGACACACCGAATT	tumor	
scrSOL004_CATGACACACCGGAAA	normal	
scrSOL004_CATGACACACCTCGGA	tumor	
scrSOL004_CATGACACACGGCCAT	tumor	
scrSOL004_CATGACATCGTCTGCT	normal	
scrSOL004_CATGACATCGTTTATC	normal	
scrSOL004_CATGCCTAGTTATCGC	tumor	
scrSOL004_CATGCCTCAACTGCGC	tumor	
scrSOL004_CATGCCTCAGCATGAG	normal	
scrSOL004_CATGCCTCATGCTAGT	tumor	
scrSOL004_CATGCCTGTCCCGACA	tumor	
scrSOL004_CATGCCTTCGAATGGG	tumor	
scrSOL004_CATGCCTTCGGTTCGG	normal	
scrSOL004_CATGGCGAGAAACGCC	normal	
scrSOL004_CATGGCGAGAGTACAT	tumor	
scrSOL004_CATGGCGAGCCATCGC	tumor	
scrSOL004_CATGGCGCAAGCCGTC	tumor	
scrSOL004_CATGGCGCAGCTTAAC	tumor	
scrSOL004_CATGGCGGTACAAGTA	tumor	
scrSOL004_CATGGCGGTAGAAGGA	normal	
scrSOL004_CATGGCGTCAGTCCCT	tumor	
scrSOL004_CATGGCGTCGCGCCAA	tumor	
scrSOL004_CATGGCGTCTGAAAGA	tumor	
scrSOL004_CATTATCAGAGTACCG	tumor	
scrSOL004_CATTATCAGCTAGGCA	tumor	
scrSOL004_CATTATCAGTGGGCTA	normal	
scrSOL004_CATTATCAGTGTTTGC	tumor	
scrSOL004_CATTATCCACAGATTC	tumor	
scrSOL004_CATTATCCATCCTAGA	tumor	
scrSOL004_CATTATCCATTGAGCT	tumor	
scrSOL004_CATTATCGTACGAAAT	tumor	
scrSOL004_CATTATCGTTAAAGTG	tumor	
scrSOL004_CATTATCTCGATAGAA	tumor	
scrSOL004_CATTATCTCTCGATGA	tumor	
scrSOL004_CATTATCTCTGCTGCT	tumor	
scrSOL004_CATTCGCAGATCTGAA	tumor	
scrSOL004_CATTCGCAGGATGCGT	tumor	
scrSOL004_CATTCGCCACAGATTC	tumor	
scrSOL004_CATTCGCCATTGCGGC	tumor	
scrSOL004_CATTCGCGTCGAAAGC	tumor	
scrSOL004_CATTCGCGTCGAATCT	tumor	
scrSOL004_CATTCGCGTCGGCATC	tumor	
scrSOL004_CATTCGCTCAATCTCT	tumor	
scrSOL004_CATTCGCTCCGAAGAG	tumor	
scrSOL004_CATTCGCTCGCTTAGA	normal	
scrSOL004_CCAATCCAGCTAACAA	tumor	
scrSOL004_CCAATCCAGGCTAGGT	tumor	
scrSOL004_CCAATCCCAAGACGTG	normal	
scrSOL004_CCAATCCCACATGACT	tumor	
scrSOL004_CCAATCCCAGCCAATT	tumor	
scrSOL004_CCAATCCGTATAGGTA	normal	
scrSOL004_CCAATCCTCATTGCCC	tumor	
scrSOL004_CCACCTAAGGAATCGC	normal	
scrSOL004_CCACCTACAAAGTGCG	tumor	
scrSOL004_CCACCTACAGCGAACA	normal	
scrSOL004_CCACCTACAGGAACGT	normal	
scrSOL004_CCACCTACATATACCG	tumor	
scrSOL004_CCACCTAGTAACGACG	tumor	
scrSOL004_CCACCTAGTCCGACGT	tumor	
scrSOL004_CCACCTATCGACGGAA	tumor	
scrSOL004_CCACGGAAGGAGTCTG	tumor	
scrSOL004_CCACGGAGTCAGTGGA	normal	
scrSOL004_CCACGGAGTTAAAGAC	normal	
scrSOL004_CCACGGAGTTGCGCAC	tumor	
scrSOL004_CCACTACAGAGGTAGA	normal	
scrSOL004_CCACTACCATCCCATC	tumor	
scrSOL004_CCACTACCATCTATGG	tumor	
scrSOL004_CCACTACCATTTGCTT	tumor	
scrSOL004_CCACTACGTACGCACC	tumor	
scrSOL004_CCACTACGTCATACTG	normal	
scrSOL004_CCACTACGTTATGTGC	tumor	
scrSOL004_CCACTACTCAGCGATT	tumor	
scrSOL004_CCACTACTCTAAGCCA	tumor	
scrSOL004_CCAGCGAAGAGTCTGG	tumor	
scrSOL004_CCAGCGAAGCCGATTT	tumor	
scrSOL004_CCAGCGACAATGGAAT	normal	
scrSOL004_CCAGCGACACCGTTGG	tumor	
scrSOL004_CCAGCGAGTAGAGGAA	normal	
scrSOL004_CCAGCGAGTCGAAAGC	tumor	
scrSOL004_CCAGCGAGTCGGCATC	tumor	
scrSOL004_CCAGCGAGTGTTTGGT	tumor	
scrSOL004_CCAGCGATCATATCGG	tumor	
scrSOL004_CCAGCGATCATGTCCC	tumor	
scrSOL004_CCAGCGATCCCTAATT	tumor	
scrSOL004_CCATGTCAGAGACTAT	tumor	
scrSOL004_CCATGTCAGGGAACGG	tumor	
scrSOL004_CCATGTCGTAAGTAGT	normal	
scrSOL004_CCATGTCGTCCGAATT	tumor	
scrSOL004_CCATGTCGTTGATTCG	tumor	
scrSOL004_CCATGTCTCACCTTAT	tumor	
scrSOL004_CCATGTCTCTGCTGCT	tumor	
scrSOL004_CCATGTCTCTTGCAAG	tumor	
scrSOL004_CCATTCGAGCGTAGTG	normal	
scrSOL004_CCATTCGCAATAGAGT	tumor	
scrSOL004_CCATTCGCACCGATAT	tumor	
scrSOL004_CCATTCGCAGCGATCC	tumor	
scrSOL004_CCATTCGCATTACGAC	tumor	
scrSOL004_CCATTCGGTTCATGGT	tumor	
scrSOL004_CCATTCGTCCTTGACC	tumor	
scrSOL004_CCCAATCCAGCTCCGA	tumor	
scrSOL004_CCCAATCGTTGCTCCT	normal	
scrSOL004_CCCAATCTCGGAATCT	tumor	
scrSOL004_CCCAGTTAGGCCCGTT	tumor	
scrSOL004_CCCAGTTAGGCTAGAC	tumor	
scrSOL004_CCCAGTTAGTCAAGGC	tumor	
scrSOL004_CCCAGTTCAAGCCGCT	tumor	
scrSOL004_CCCAGTTCAATTCCTT	tumor	
scrSOL004_CCCAGTTCACATAACC	tumor	
scrSOL004_CCCAGTTCAGCCTATA	tumor	
scrSOL004_CCCAGTTGTATAGGTA	tumor	
scrSOL004_CCCAGTTTCCGTTGTC	normal	
scrSOL004_CCCAGTTTCCTTTCGG	tumor	
scrSOL004_CCCAGTTTCGTGGGAA	normal	
scrSOL004_CCCAGTTTCTCCAACC	tumor	
scrSOL004_CCCATACAGTTTCCTT	tumor	
scrSOL004_CCCATACCATCTCGCT	tumor	
scrSOL004_CCCATACGTTGCCTCT	tumor	
scrSOL004_CCCATACTCACTTATC	normal	
scrSOL004_CCCTCCTCAAGGACAC	tumor	
scrSOL004_CCCTCCTCAATAGCGG	normal	
scrSOL004_CCCTCCTCAGGTCCAC	tumor	
scrSOL004_CCCTCCTGTAAATGTG	tumor	
scrSOL004_CCGGGATAGCTAGTTC	normal	
scrSOL004_CCGGGATAGGCCCTTG	normal	
scrSOL004_CCGGGATAGGCTAGCA	normal	
scrSOL004_CCGGGATCAAGCCGTC	tumor	
scrSOL004_CCGGGATCAATGAAAC	tumor	
scrSOL004_CCGGGATCACGACGAA	tumor	
scrSOL004_CCGGGATCATCTATGG	normal	
scrSOL004_CCGGGATGTGACTCAT	tumor	
scrSOL004_CCGGGATTCACGGTTA	tumor	
scrSOL004_CCGGGATTCATCTGCC	normal	
scrSOL004_CCGGGATTCTTGAGGT	tumor	
scrSOL004_CCGGTAGAGGATGCGT	normal	
scrSOL004_CCGGTAGAGTACTTGC	tumor	
scrSOL004_CCGGTAGCATCGGACC	tumor	
scrSOL004_CCGGTAGGTCATATGC	tumor	
scrSOL004_CCGGTAGGTGCAGTAG	tumor	
scrSOL004_CCGGTAGGTTCGTTGA	normal	
scrSOL004_CCGGTAGGTTGCGCAC	tumor	
scrSOL004_CCGGTAGTCGCAAACT	tumor	
scrSOL004_CCGGTAGTCTATCCCG	normal	
scrSOL004_CCGTACTGTCGCGAAA	tumor	
scrSOL004_CCGTACTGTCTAGAGG	tumor	
scrSOL004_CCGTACTTCCCTTGCA	tumor	
scrSOL004_CCGTACTTCGACCAGC	tumor	
scrSOL004_CCGTACTTCGCGTTTC	tumor	
scrSOL004_CCGTGGAAGATCTGAA	tumor	
scrSOL004_CCGTGGAAGCGTGAAC	normal	
scrSOL004_CCGTGGAAGGACAGAA	tumor	
scrSOL004_CCGTGGAAGGCATGGT	tumor	
scrSOL004_CCGTGGACACAAGTAA	tumor	
scrSOL004_CCGTGGACATCGTCGG	normal	
scrSOL004_CCGTGGAGTAGCGTCC	normal	
scrSOL004_CCGTGGAGTATATCCG	normal	
scrSOL004_CCGTGGAGTCACCTAA	normal	
scrSOL004_CCGTGGAGTCAGTGGA	tumor	
scrSOL004_CCGTGGAGTGCTCTTC	tumor	
scrSOL004_CCGTTCAAGCCCAACC	tumor	
scrSOL004_CCGTTCACAAGAAGAG	tumor	
scrSOL004_CCGTTCACATCACGAT	tumor	
scrSOL004_CCGTTCAGTCGACTAT	tumor	
scrSOL004_CCTAAAGAGAGCCCAA	tumor	
scrSOL004_CCTAAAGGTCGCTTTC	tumor	
scrSOL004_CCTAAAGGTGACCAAG	tumor	
scrSOL004_CCTAAAGGTTAGTGGG	tumor	
scrSOL004_CCTAAAGTCACTCCTG	tumor	
scrSOL004_CCTAAAGTCTTGCATT	tumor	
scrSOL004_CCTACACAGGAGTAGA	tumor	
scrSOL004_CCTACACCACAGACAG	tumor	
scrSOL004_CCTACACCACCAGTTA	tumor	
scrSOL004_CCTACACCATTCTCAT	tumor	
scrSOL004_CCTACACTCAAACCAC	tumor	
scrSOL004_CCTACACTCCAGATCA	tumor	
scrSOL004_CCTACCAAGATCGGGT	tumor	
scrSOL004_CCTACCAAGCAGGTCA	tumor	
scrSOL004_CCTACCAAGGAGTAGA	tumor	
scrSOL004_CCTACCAAGGCAAAGA	normal	
scrSOL004_CCTACCAAGTCACGCC	normal	
scrSOL004_CCTACCAAGTTACGGG	normal	
scrSOL004_CCTACCACACAGGTTT	tumor	
scrSOL004_CCTACCAGTGCCTTGG	normal	
scrSOL004_CCTACCAGTTATCGGT	tumor	
scrSOL004_CCTACCATCGCTTAGA	tumor	
scrSOL004_CCTAGCTAGAACAACT	tumor	
scrSOL004_CCTAGCTAGCTATGCT	tumor	
scrSOL004_CCTAGCTAGGACGAAA	tumor	
scrSOL004_CCTAGCTAGTGCCATT	tumor	
scrSOL004_CCTAGCTAGTGTTTGC	tumor	
scrSOL004_CCTAGCTAGTTCGCAT	tumor	
scrSOL004_CCTAGCTCAGGAATCG	tumor	
scrSOL004_CCTAGCTGTAGATTAG	normal	
scrSOL004_CCTAGCTTCTAACTCT	tumor	
scrSOL004_CCTAGCTTCTGCTGTC	tumor	
scrSOL004_CCTATTAGTCAACATC	tumor	
scrSOL004_CCTATTAGTCCGTGAC	tumor	
scrSOL004_CCTATTATCACGACTA	tumor	
scrSOL004_CCTATTATCCCTTGCA	tumor	
scrSOL004_CCTCAGTAGAAGCCCA	tumor	
scrSOL004_CCTCAGTAGTGGTAAT	tumor	
scrSOL004_CCTCAGTCAGACGCTC	tumor	
scrSOL004_CCTCAGTCAGTTCATG	tumor	
scrSOL004_CCTCAGTCATGTAAGA	normal	
scrSOL004_CCTCAGTGTCTAAACC	tumor	
scrSOL004_CCTCAGTGTGGGTATG	tumor	
scrSOL004_CCTCAGTTCAGTGCAT	tumor	
scrSOL004_CCTCAGTTCCTGCAGG	tumor	
scrSOL004_CCTCAGTTCTGGCGTG	tumor	
scrSOL004_CCTCAGTTCTTCTGGC	tumor	
scrSOL004_CCTCTGAAGCGCTCCA	normal	
scrSOL004_CCTCTGAAGGCCCGTT	normal	
scrSOL004_CCTCTGACAAGTCTGT	normal	
scrSOL004_CCTCTGACAAGTTGTC	tumor	
scrSOL004_CCTCTGACACGCCAGT	tumor	
scrSOL004_CCTCTGACACGTGAGA	tumor	
scrSOL004_CCTCTGACAGCTCGCA	tumor	
scrSOL004_CCTCTGACAGTAACGG	tumor	
scrSOL004_CCTCTGAGTGAGGCTA	tumor	
scrSOL004_CCTCTGATCAAAGACA	tumor	
scrSOL004_CCTCTGATCATCACCC	tumor	
scrSOL004_CCTCTGATCCTAGGGC	tumor	
scrSOL004_CCTCTGATCGCCATAA	normal	
scrSOL004_CCTCTGATCTTCCTTC	tumor	
scrSOL004_CCTTACGAGAAGAAGC	tumor	
scrSOL004_CCTTACGAGCTACCGC	tumor	
scrSOL004_CCTTACGCAACTGGCC	tumor	
scrSOL004_CCTTACGCAGGAATCG	tumor	
scrSOL004_CCTTACGCAGGCAGTA	tumor	
scrSOL004_CCTTACGGTAATCACC	normal	
scrSOL004_CCTTACGGTACCTACA	tumor	
scrSOL004_CCTTACGGTCAAAGCG	tumor	
scrSOL004_CCTTACGGTCATGCCG	tumor	
scrSOL004_CCTTACGTCAGTACGT	normal	
scrSOL004_CCTTCCCAGACTTTCG	normal	
scrSOL004_CCTTCCCAGCGATATA	tumor	
scrSOL004_CCTTCCCCAAAGGAAG	tumor	
scrSOL004_CCTTCCCCACACAGAG	tumor	
scrSOL004_CCTTCCCCATCTCGCT	tumor	
scrSOL004_CCTTCCCGTATATGGA	normal	
scrSOL004_CCTTCCCGTTATCCGA	tumor	
scrSOL004_CCTTCCCTCAAACCAC	normal	
scrSOL004_CCTTCCCTCTAACTCT	normal	
scrSOL004_CCTTCCCTCTCGCATC	tumor	
scrSOL004_CCTTCGACATGCTGGC	tumor	
scrSOL004_CCTTCGAGTGATGTCT	tumor	
scrSOL004_CCTTCGAGTTACCGAT	tumor	
scrSOL004_CCTTCGAGTTCCACGG	tumor	
scrSOL004_CCTTCGATCGCCTGAG	tumor	
scrSOL004_CCTTCGATCGCGCCAA	tumor	
scrSOL004_CCTTTCTAGCAGACTG	normal	
scrSOL004_CCTTTCTAGTGGGCTA	tumor	
scrSOL004_CCTTTCTCAAAGGCGT	normal	
scrSOL004_CCTTTCTCACAGGAGT	tumor	
scrSOL004_CCTTTCTCAGGTGCCT	tumor	
scrSOL004_CCTTTCTCATTAGGCT	tumor	
scrSOL004_CCTTTCTCATTCACTT	tumor	
scrSOL004_CCTTTCTGTGACAAAT	tumor	
scrSOL004_CCTTTCTGTGCAACGA	normal	
scrSOL004_CCTTTCTGTGGTGTAG	tumor	
scrSOL004_CCTTTCTGTTACGACT	tumor	
scrSOL004_CCTTTCTTCATCTGCC	normal	
scrSOL004_CCTTTCTTCATGCATG	tumor	
scrSOL004_CCTTTCTTCGGCGCTA	tumor	
scrSOL004_CCTTTCTTCTACTCAT	tumor	
scrSOL004_CCTTTCTTCTTCTGGC	tumor	
scrSOL004_CGAACATAGCCCAGCT	tumor	
scrSOL004_CGAACATAGTCCCACG	tumor	
scrSOL004_CGAACATAGTCCGGTC	tumor	
scrSOL004_CGAACATAGTTAGCGG	normal	
scrSOL004_CGAACATCAATCACAC	tumor	
scrSOL004_CGAACATCAGACAAGC	tumor	
scrSOL004_CGAACATGTGGAAAGA	normal	
scrSOL004_CGAACATGTTCCACAA	tumor	
scrSOL004_CGAACATTCCCACTTG	tumor	
scrSOL004_CGAACATTCTCACATT	tumor	
scrSOL004_CGAATGTAGCCAGTTT	tumor	
scrSOL004_CGAATGTAGCTAGGCA	tumor	
scrSOL004_CGAATGTCAGCCTTTC	tumor	
scrSOL004_CGAATGTGTAAGTAGT	normal	
scrSOL004_CGAATGTGTAATAGCA	tumor	
scrSOL004_CGAATGTGTCCGTGAC	tumor	
scrSOL004_CGAATGTTCAGCACAT	tumor	
scrSOL004_CGACCTTAGGCGACAT	tumor	
scrSOL004_CGACCTTCAATTCCTT	tumor	
scrSOL004_CGACCTTCACTCAGGC	normal	
scrSOL004_CGACCTTCAGTCCTTC	tumor	
scrSOL004_CGACCTTGTCTGATCA	tumor	
scrSOL004_CGACCTTGTGCACTTA	tumor	
scrSOL004_CGACCTTTCCGTACAA	normal	
scrSOL004_CGACCTTTCCTAGTGA	normal	
scrSOL004_CGACCTTTCGCCTGAG	tumor	
scrSOL004_CGACTTCAGACTAAGT	tumor	
scrSOL004_CGACTTCAGAGACGAA	tumor	
scrSOL004_CGACTTCCAGTGAGTG	tumor	
scrSOL004_CGACTTCCAGTGGAGT	tumor	
scrSOL004_CGACTTCGTCCAGTTA	tumor	
scrSOL004_CGACTTCGTGCACGAA	tumor	
scrSOL004_CGACTTCTCCGCGTTT	tumor	
scrSOL004_CGACTTCTCGCCAAAT	tumor	
scrSOL004_CGACTTCTCGCCTGAG	tumor	
scrSOL004_CGACTTCTCTAGAGTC	tumor	
scrSOL004_CGACTTCTCTTTAGTC	tumor	
scrSOL004_CGAGAAGAGCTGCCCA	tumor	
scrSOL004_CGAGAAGAGGGAACGG	tumor	
scrSOL004_CGAGAAGCATATGGTC	tumor	
scrSOL004_CGAGAAGTCAGATAAG	tumor	
scrSOL004_CGAGAAGTCTCCTATA	tumor	
scrSOL004_CGAGAAGTCTCTGCTG	tumor	
scrSOL004_CGAGCACAGACGCTTT	tumor	
scrSOL004_CGAGCACAGCTGAACG	tumor	
scrSOL004_CGAGCACAGTAATCCC	tumor	
scrSOL004_CGAGCACCAAGCCTAT	tumor	
scrSOL004_CGAGCACCAGCCAGAA	normal	
scrSOL004_CGAGCACCAGCGTAAG	normal	
scrSOL004_CGAGCACCATCGATTG	tumor	
scrSOL004_CGAGCACCATGATCCA	tumor	
scrSOL004_CGAGCACGTCAGGACA	tumor	
scrSOL004_CGAGCACGTGCACCAC	tumor	
scrSOL004_CGAGCACTCAAACCAC	tumor	
scrSOL004_CGAGCACTCATCGGAT	tumor	
scrSOL004_CGAGCACTCGACGGAA	tumor	
scrSOL004_CGAGCACTCGAGCCCA	tumor	
scrSOL004_CGAGCACTCGGAGCAA	tumor	
scrSOL004_CGAGCACTCTCCCTGA	normal	
scrSOL004_CGAGCACTCTCCGGTT	tumor	
scrSOL004_CGAGCACTCTGGTATG	tumor	
scrSOL004_CGAGCCAAGCCTATGT	normal	
scrSOL004_CGAGCCAAGTGGAGTC	tumor	
scrSOL004_CGAGCCACAGCTTCGG	tumor	
scrSOL004_CGAGCCAGTACCTACA	tumor	
scrSOL004_CGAGCCATCAACGCTA	tumor	
scrSOL004_CGATCGGAGCGATCCC	tumor	
scrSOL004_CGATCGGAGTCCAGGA	tumor	
scrSOL004_CGATCGGAGTGGTCCC	tumor	
scrSOL004_CGATCGGAGTGTTAGA	normal	
scrSOL004_CGATCGGCAAGTAGTA	tumor	
scrSOL004_CGATCGGGTAAGTTCC	tumor	
scrSOL004_CGATCGGGTGATGATA	normal	
scrSOL004_CGATCGGGTGTTAAGA	tumor	
scrSOL004_CGATCGGGTTCGTTGA	normal	
scrSOL004_CGATCGGTCACTCCTG	normal	
scrSOL004_CGATCGGTCTAACTGG	normal	
scrSOL004_CGATGGCCAGAAGCAC	tumor	
scrSOL004_CGATGGCCAGAGCCAA	tumor	
scrSOL004_CGATGGCGTAGGGTAC	tumor	
scrSOL004_CGATGGCGTGACGGTA	tumor	
scrSOL004_CGATGGCGTGATGTCT	tumor	
scrSOL004_CGATGGCGTGGTCCGT	tumor	
scrSOL004_CGATGGCGTTCAACCA	tumor	
scrSOL004_CGATGGCTCAGGCAAG	tumor	
scrSOL004_CGATGGCTCATCGATG	tumor	
scrSOL004_CGATGTACAACTTGAC	tumor	
scrSOL004_CGATGTACAGGGCATA	tumor	
scrSOL004_CGATGTAGTAAATGAC	tumor	
scrSOL004_CGATGTAGTAGCAAAT	tumor	
scrSOL004_CGATGTAGTCTGGAGA	tumor	
scrSOL004_CGATGTATCATCGCTC	tumor	
scrSOL004_CGATTGAAGACCACGA	tumor	
scrSOL004_CGATTGAAGATGTCGG	tumor	
scrSOL004_CGATTGAAGGGTATCG	normal	
scrSOL004_CGATTGAAGGTGCAAC	normal	
scrSOL004_CGATTGAAGTAACCCT	normal	
scrSOL004_CGATTGACAGTATCTG	normal	
scrSOL004_CGATTGACATATACCG	tumor	
scrSOL004_CGATTGACATCGATGT	tumor	
scrSOL004_CGATTGACATGAGCGA	tumor	
scrSOL004_CGATTGAGTCGCCATG	normal	
scrSOL004_CGATTGAGTGGCCCTA	tumor	
scrSOL004_CGATTGATCAACACTG	tumor	
scrSOL004_CGATTGATCGAGAGCA	tumor	
scrSOL004_CGCCAAGAGCAGCGTA	tumor	
scrSOL004_CGCCAAGCAAGGTGTG	normal	
scrSOL004_CGCCAAGCACCAGGCT	tumor	
scrSOL004_CGCCAAGCAGACGCTC	tumor	
scrSOL004_CGCCAAGGTACAGCAG	tumor	
scrSOL004_CGCCAAGGTCTGGTCG	tumor	
scrSOL004_CGCCAAGGTGACGGTA	tumor	
scrSOL004_CGCCAAGGTGCTAGCC	tumor	
scrSOL004_CGCCAAGTCACGACTA	tumor	
scrSOL004_CGCCAAGTCATGCAAC	tumor	
scrSOL004_CGCCAAGTCCCTAATT	normal	
scrSOL004_CGCGGTAAGCCTCGTG	tumor	
scrSOL004_CGCGGTAAGCGATATA	tumor	
scrSOL004_CGCGGTAAGGCATGTG	tumor	
scrSOL004_CGCGGTAAGTTGTAGA	tumor	
scrSOL004_CGCGGTACAGATTGCT	normal	
scrSOL004_CGCGGTACATTCCTGC	tumor	
scrSOL004_CGCGGTAGTACTCTCC	tumor	
scrSOL004_CGCGGTAGTCAAACTC	tumor	
scrSOL004_CGCGGTAGTTGGAGGT	tumor	
scrSOL004_CGCGGTATCCTGTAGA	tumor	
scrSOL004_CGCGGTATCTACTCAT	tumor	
scrSOL004_CGCGTTTAGAATCTCC	tumor	
scrSOL004_CGCGTTTAGACGACGT	tumor	
scrSOL004_CGCGTTTAGATGTGGC	tumor	
scrSOL004_CGCGTTTCACGGTAAG	tumor	
scrSOL004_CGCGTTTCAGACAAGC	normal	
scrSOL004_CGCGTTTGTCTTGATG	normal	
scrSOL004_CGCGTTTGTGAAATCA	tumor	
scrSOL004_CGCGTTTGTTAAAGAC	tumor	
scrSOL004_CGCGTTTGTTCCATGA	tumor	
scrSOL004_CGCGTTTTCACGATGT	tumor	
scrSOL004_CGCGTTTTCAGTGTTG	tumor	
scrSOL004_CGCGTTTTCCTTTCGG	tumor	
scrSOL004_CGCGTTTTCTATCCCG	tumor	
scrSOL004_CGCTATCAGCTGAACG	tumor	
scrSOL004_CGCTATCAGTGGTCCC	normal	
scrSOL004_CGCTATCCAAATACAG	tumor	
scrSOL004_CGCTATCCAAGAAGAG	tumor	
scrSOL004_CGCTATCCAGACAAGC	tumor	
scrSOL004_CGCTATCCAGTCACTA	tumor	
scrSOL004_CGCTATCGTGGTTTCA	tumor	
scrSOL004_CGCTATCTCAGCTCGG	tumor	
scrSOL004_CGCTATCTCGACCAGC	tumor	
scrSOL004_CGCTATCTCGTTTGCC	tumor	
scrSOL004_CGCTATCTCTAAGCCA	tumor	
scrSOL004_CGCTGGAAGCCACGCT	tumor	
scrSOL004_CGCTGGAAGCGAAGGG	tumor	
scrSOL004_CGCTGGAAGCTAAGAT	tumor	
scrSOL004_CGCTGGAGTGGGTATG	normal	
scrSOL004_CGCTGGATCAGGTAAA	normal	
scrSOL004_CGCTGGATCATTTGGG	tumor	
scrSOL004_CGCTGGATCCACTCCA	tumor	
scrSOL004_CGCTTCAAGGTAGCCA	tumor	
scrSOL004_CGCTTCAAGTCTTGCA	normal	
scrSOL004_CGCTTCAGTCATGCCG	tumor	
scrSOL004_CGCTTCAGTGTTGAGG	normal	
scrSOL004_CGCTTCAGTTAGAACA	tumor	
scrSOL004_CGCTTCATCACAACGT	normal	
scrSOL004_CGCTTCATCACCCTCA	normal	
scrSOL004_CGCTTCATCCTGTACC	tumor	
scrSOL004_CGGACACAGCTACCTA	tumor	
scrSOL004_CGGACACAGTTCGATC	tumor	
scrSOL004_CGGACACCAATTGCTG	tumor	
scrSOL004_CGGACACCAGCATACT	tumor	
scrSOL004_CGGACACGTCCGAATT	tumor	
scrSOL004_CGGACACGTCCTAGCG	normal	
scrSOL004_CGGACACGTGTCTGAT	tumor	
scrSOL004_CGGACACGTTAAGATG	tumor	
scrSOL004_CGGACACGTTACGGAG	normal	
scrSOL004_CGGACGTAGCGATCCC	tumor	
scrSOL004_CGGACGTAGTCACGCC	tumor	
scrSOL004_CGGACGTCACGCGAAA	tumor	
scrSOL004_CGGACGTCACGTAAGG	tumor	
scrSOL004_CGGACGTGTGGTACAG	normal	
scrSOL004_CGGACGTTCCGTCATC	tumor	
scrSOL004_CGGACGTTCGGCATCG	tumor	
scrSOL004_CGGACTGAGCTCTCGG	tumor	
scrSOL004_CGGACTGAGGTGCACA	tumor	
scrSOL004_CGGACTGAGTAAGTAC	tumor	
scrSOL004_CGGACTGCACAGATTC	tumor	
scrSOL004_CGGACTGCACCGATAT	tumor	
scrSOL004_CGGACTGCAGATTGCT	tumor	
scrSOL004_CGGACTGCAGGTCCAC	normal	
scrSOL004_CGGACTGCAGTTCATG	tumor	
scrSOL004_CGGACTGCATGCTGGC	tumor	
scrSOL004_CGGACTGGTGGCGAAT	normal	
scrSOL004_CGGACTGTCCTGCCAT	tumor	
scrSOL004_CGGACTGTCGAACGGA	tumor	
scrSOL004_CGGACTGTCGTACGGC	normal	
scrSOL004_CGGAGCTAGAGACGAA	tumor	
scrSOL004_CGGAGCTCAATTGCTG	tumor	
scrSOL004_CGGAGCTCACAGCCCA	normal	
scrSOL004_CGGAGCTGTGATGTCT	tumor	
scrSOL004_CGGAGCTTCTATCCTA	tumor	
scrSOL004_CGGAGTCAGTACATGA	normal	
scrSOL004_CGGAGTCAGTGTACCT	normal	
scrSOL004_CGGAGTCCAGTAAGAT	tumor	
scrSOL004_CGGAGTCTCCTTTCGG	tumor	
scrSOL004_CGGAGTCTCGAGAACG	tumor	
scrSOL004_CGGAGTCTCGAGGTAG	tumor	
scrSOL004_CGGAGTCTCGCAGGCT	tumor	
scrSOL004_CGGAGTCTCTACGAGT	tumor	
scrSOL004_CGGAGTCTCTCAAGTG	tumor	
scrSOL004_CGGAGTCTCTGGGCCA	normal	
scrSOL004_CGGCTAGAGACTGTAA	tumor	
scrSOL004_CGGCTAGAGTACGTAA	tumor	
scrSOL004_CGGCTAGCATGTAAGA	tumor	
scrSOL004_CGGCTAGTCAAAGTAG	tumor	
scrSOL004_CGGCTAGTCAGTTGAC	tumor	
scrSOL004_CGGGTCAAGAACAATC	tumor	
scrSOL004_CGGGTCAAGACTAGAT	tumor	
scrSOL004_CGGGTCAAGTAGGTGC	tumor	
scrSOL004_CGGGTCACAAGTCTAC	tumor	
scrSOL004_CGGGTCACACTTGGAT	normal	
scrSOL004_CGGGTCACAGCAGTTT	tumor	
scrSOL004_CGGGTCACAGTCAGCC	tumor	
scrSOL004_CGGGTCACAGTCCTTC	tumor	
scrSOL004_CGGGTCAGTATTACCG	tumor	
scrSOL004_CGGGTCAGTCTGCGGT	normal	
scrSOL004_CGGGTCATCAAGATCC	tumor	
scrSOL004_CGGGTCATCCACGCAG	tumor	
scrSOL004_CGGGTCATCGACAGCC	tumor	
scrSOL004_CGGGTCATCGCTGATA	tumor	
scrSOL004_CGGTTAAAGCGATATA	tumor	
scrSOL004_CGGTTAAAGTAAGTAC	tumor	
scrSOL004_CGGTTAACAGATTGCT	tumor	
scrSOL004_CGGTTAACATTGGTAC	normal	
scrSOL004_CGGTTAAGTAGCAAAT	tumor	
scrSOL004_CGGTTAATCATGCATG	tumor	
scrSOL004_CGGTTAATCTGGTGTA	tumor	
scrSOL004_CGTAGCGAGCGAAGGG	normal	
scrSOL004_CGTAGCGAGTTGAGAT	tumor	
scrSOL004_CGTAGCGCATGTTCCC	tumor	
scrSOL004_CGTAGCGGTGCACTTA	tumor	
scrSOL004_CGTAGCGTCAGCTTAG	normal	yes
scrSOL004_CGTAGCGTCGCAAACT	tumor	
scrSOL004_CGTAGGCAGCCACTAT	tumor	
scrSOL004_CGTAGGCAGTGGGCTA	tumor	
scrSOL004_CGTAGGCGTAATCACC	tumor	
scrSOL004_CGTAGGCGTGTATGGG	normal	
scrSOL004_CGTAGGCGTTCTGAAC	tumor	
scrSOL004_CGTCACTAGTACGTAA	tumor	
scrSOL004_CGTCACTCAGTTAACC	tumor	
scrSOL004_CGTCACTGTAAAGGAG	normal	
scrSOL004_CGTCACTGTCAGCTAT	tumor	
scrSOL004_CGTCACTGTGCCTGGT	tumor	
scrSOL004_CGTCACTGTGTAACGG	tumor	
scrSOL004_CGTCACTTCCCATTAT	tumor	
scrSOL004_CGTCACTTCCGAACGC	normal	
scrSOL004_CGTCAGGAGGACACCA	tumor	
scrSOL004_CGTCAGGAGTCCGTAT	tumor	
scrSOL004_CGTCAGGCACGAAGCA	tumor	
scrSOL004_CGTCAGGCACGGCGTT	tumor	
scrSOL004_CGTCAGGGTCAACATC	tumor	
scrSOL004_CGTCAGGGTGTCGCTG	tumor	
scrSOL004_CGTCCATAGCGATATA	tumor	
scrSOL004_CGTCCATAGGCATGGT	normal	
scrSOL004_CGTCCATCAACGATCT	tumor	
scrSOL004_CGTCCATCACCAGTTA	normal	
scrSOL004_CGTCCATCACGTTGGC	tumor	
scrSOL004_CGTCCATCAGGCTCAC	tumor	
scrSOL004_CGTCCATCATGCAATC	tumor	
scrSOL004_CGTCCATCATTCTTAC	tumor	
scrSOL004_CGTCTACAGACACTAA	tumor	
scrSOL004_CGTCTACAGCCAGTAG	tumor	
scrSOL004_CGTCTACAGGCCATAG	tumor	
scrSOL004_CGTCTACAGTGGCACA	tumor	
scrSOL004_CGTCTACCAGGAATCG	tumor	
scrSOL004_CGTCTACCATTTCAGG	normal	
scrSOL004_CGTCTACTCGGCTACG	normal	
scrSOL004_CGTGAGCAGGGTGTGT	normal	
scrSOL004_CGTGAGCAGTACGTTC	tumor	
scrSOL004_CGTGAGCAGTTATCGC	tumor	
scrSOL004_CGTGAGCCAAACCTAC	tumor	
scrSOL004_CGTGAGCCAATCGAAA	tumor	
scrSOL004_CGTGAGCCAGACACTT	normal	
scrSOL004_CGTGAGCGTACTCGCG	tumor	
scrSOL004_CGTGAGCTCAATAAGG	tumor	
scrSOL004_CGTGAGCTCACGCATA	tumor	
scrSOL004_CGTGAGCTCGTAGATC	tumor	
scrSOL004_CGTGAGCTCTACCAGA	tumor	
scrSOL004_CGTGTAACACAGACTT	tumor	
scrSOL004_CGTGTAACACGCATCG	tumor	
scrSOL004_CGTGTAACACGGACAA	normal	
scrSOL004_CGTGTAACAGCTGCAC	tumor	
scrSOL004_CGTGTAAGTAAGAGGA	tumor	
scrSOL004_CGTGTAAGTGCCTGTG	tumor	
scrSOL004_CGTGTAATCACCCTCA	tumor	
scrSOL004_CGTGTAATCCGCATAA	tumor	
scrSOL004_CGTGTAATCCGTAGTA	tumor	
scrSOL004_CGTGTAATCGGATGTT	tumor	
scrSOL004_CGTGTCTAGCCGCCTA	tumor	
scrSOL004_CGTGTCTAGGTTACCT	tumor	
scrSOL004_CGTGTCTAGTACCGGA	normal	
scrSOL004_CGTGTCTGTCATATGC	tumor	
scrSOL004_CGTGTCTGTTGTCGCG	normal	
scrSOL004_CGTGTCTTCGGCCGAT	tumor	
scrSOL004_CGTTAGAAGACAGGCT	tumor	
scrSOL004_CGTTAGAAGACGCAAC	tumor	
scrSOL004_CGTTAGAAGATGGGTC	tumor	
scrSOL004_CGTTAGAAGCACGCCT	tumor	
scrSOL004_CGTTAGACATGAACCT	tumor	
scrSOL004_CGTTAGAGTCACCTAA	tumor	
scrSOL004_CGTTAGAGTGAGCGAT	tumor	
scrSOL004_CGTTAGAGTGCCTTGG	tumor	
scrSOL004_CGTTAGATCAATCTCT	normal	
scrSOL004_CGTTAGATCACGATGT	tumor	
scrSOL004_CGTTAGATCGATGAGG	normal	
scrSOL004_CGTTCTGAGACTGGGT	normal	
scrSOL004_CGTTCTGAGTCGCCGT	normal	
scrSOL004_CGTTCTGGTTACCGAT	tumor	
scrSOL004_CGTTCTGTCGGAGGTA	tumor	
scrSOL004_CGTTCTGTCTGTCTAT	tumor	
scrSOL004_CGTTGGGAGGGTCTCC	tumor	
scrSOL004_CGTTGGGCAGGGTACA	tumor	
scrSOL004_CGTTGGGCATTTCAGG	tumor	
scrSOL004_CGTTGGGGTGATGTGG	tumor	
scrSOL004_CGTTGGGGTTCTGTTT	normal	
scrSOL004_CGTTGGGTCTGCGACG	tumor	
scrSOL004_CTAACTTAGAGTGAGA	tumor	
scrSOL004_CTAACTTCAACCGCCA	normal	
scrSOL004_CTAACTTCACACATGT	normal	
scrSOL004_CTAACTTCAGGTGGAT	normal	
scrSOL004_CTAACTTCATCGTCGG	normal	
scrSOL004_CTAACTTGTCACACGC	tumor	
scrSOL004_CTAACTTGTCTGATCA	tumor	
scrSOL004_CTAACTTGTTTAGGAA	normal	
scrSOL004_CTAACTTTCTCCCTGA	tumor	
scrSOL004_CTAAGACAGCAATCTC	normal	
scrSOL004_CTAAGACAGCTAGCCC	normal	
scrSOL004_CTAAGACCACAGACAG	tumor	
scrSOL004_CTAAGACCACTCAGGC	normal	
scrSOL004_CTAAGACCAGTAAGAT	tumor	
scrSOL004_CTAAGACCATGCGCAC	tumor	
scrSOL004_CTAAGACGTAGCCTCG	tumor	
scrSOL004_CTAAGACGTCATTAGC	tumor	
scrSOL004_CTAAGACGTGAAGGCT	tumor	
scrSOL004_CTAAGACGTGTCTGAT	tumor	
scrSOL004_CTAAGACTCACCGGGT	tumor	
scrSOL004_CTAAGACTCGTATCAG	tumor	
scrSOL004_CTAAGACTCTCAAGTG	tumor	
scrSOL004_CTAAGACTCTTTAGGG	tumor	
scrSOL004_CTAATGGAGCCTATGT	normal	
scrSOL004_CTAATGGCACGTGAGA	tumor	
scrSOL004_CTAATGGCATGTCCTC	tumor	
scrSOL004_CTAATGGCATTAGCCA	tumor	
scrSOL004_CTAATGGGTCGGCATC	tumor	
scrSOL004_CTAATGGGTGCTCTTC	tumor	
scrSOL004_CTAATGGTCACTCCTG	tumor	
scrSOL004_CTACACCAGCGTAATA	tumor	
scrSOL004_CTACACCAGTGGGCTA	normal	
scrSOL004_CTACACCGTTTGCATG	normal	
scrSOL004_CTACACCTCAAACCGT	tumor	
scrSOL004_CTACACCTCCACGTTC	normal	
scrSOL004_CTACACCTCTACTATC	normal	
scrSOL004_CTACATTCAATGGACG	normal	
scrSOL004_CTACATTCACAAGACG	tumor	
scrSOL004_CTACATTGTACCGGCT	normal	
scrSOL004_CTACATTGTGTTTGGT	tumor	
scrSOL004_CTACATTGTTAAGACA	tumor	
scrSOL004_CTACATTGTTCCACGG	tumor	
scrSOL004_CTACATTGTTCGTTGA	tumor	
scrSOL004_CTACATTTCGACCAGC	normal	
scrSOL004_CTACATTTCGGTTCGG	normal	
scrSOL004_CTACCCAAGACTGGGT	normal	
scrSOL004_CTACCCAAGCGTAGTG	tumor	
scrSOL004_CTACCCAAGTCTCCTC	tumor	
scrSOL004_CTACCCACACAACTGT	tumor	
scrSOL004_CTACCCACAGATCGGA	tumor	
scrSOL004_CTACCCAGTATGGTTC	tumor	
scrSOL004_CTACCCAGTGCCTGCA	tumor	
scrSOL004_CTACCCAGTGTGTGCC	tumor	
scrSOL004_CTACCCAGTTGGTTTG	tumor	
scrSOL004_CTACCCATCCGCATAA	tumor	
scrSOL004_CTACCCATCGAATGGG	tumor	
scrSOL004_CTACGTCAGGGCACTA	tumor	
scrSOL004_CTACGTCAGGTCATCT	tumor	
scrSOL004_CTACGTCCAAACCCAT	tumor	
scrSOL004_CTACGTCCAAACGCGA	tumor	
scrSOL004_CTACGTCCACATGTGT	tumor	
scrSOL004_CTACGTCCACTGCCAG	tumor	
scrSOL004_CTACGTCCATCTCCCA	tumor	
scrSOL004_CTACGTCGTATAGTAG	normal	
scrSOL004_CTACGTCGTCCCGACA	tumor	
scrSOL004_CTACGTCGTCTGATCA	tumor	
scrSOL004_CTACGTCTCAAACCAC	tumor	
scrSOL004_CTACGTCTCGTCCGTT	tumor	
scrSOL004_CTACGTCTCTGGTTCC	tumor	
scrSOL004_CTACGTCTCTTCAACT	tumor	
scrSOL004_CTAGAGTAGAAGAAGC	tumor	
scrSOL004_CTAGAGTAGACAGACC	tumor	
scrSOL004_CTAGAGTAGGCCATAG	tumor	
scrSOL004_CTAGAGTAGTGTACCT	tumor	
scrSOL004_CTAGAGTCAATGTTGC	normal	
scrSOL004_CTAGAGTCACAGGTTT	tumor	
scrSOL004_CTAGAGTCACATCTTT	normal	
scrSOL004_CTAGAGTCAGACACTT	tumor	
scrSOL004_CTAGAGTGTAAGTTCC	normal	
scrSOL004_CTAGAGTGTATATGGA	tumor	
scrSOL004_CTAGAGTGTGTGCCTG	tumor	
scrSOL004_CTAGAGTGTTTGTTGG	tumor	
scrSOL004_CTAGAGTTCAGCTCTC	tumor	
scrSOL004_CTAGAGTTCATTATCC	tumor	
scrSOL004_CTAGAGTTCGCTGATA	tumor	
scrSOL004_CTAGCCTAGAGGGCTT	tumor	
scrSOL004_CTAGCCTAGATAGCAT	tumor	
scrSOL004_CTAGCCTAGGCATGGT	tumor	
scrSOL004_CTAGCCTAGTAGCGGT	tumor	
scrSOL004_CTAGCCTCACAACGTT	normal	
scrSOL004_CTAGCCTCATCCTTGC	tumor	
scrSOL004_CTAGCCTGTAACGCGA	tumor	
scrSOL004_CTAGCCTGTAGGGACT	normal	
scrSOL004_CTAGCCTGTCAACTGT	tumor	
scrSOL004_CTAGCCTGTGACGGTA	normal	
scrSOL004_CTAGCCTGTTGATTCG	tumor	
scrSOL004_CTAGCCTTCAGCGATT	tumor	
scrSOL004_CTAGTGAAGATCCGAG	normal	
scrSOL004_CTAGTGAAGCTAGCCC	tumor	
scrSOL004_CTAGTGAAGTTCGCAT	normal	
scrSOL004_CTAGTGACATGACATC	tumor	
scrSOL004_CTAGTGACATGGTCAT	tumor	
scrSOL004_CTAGTGAGTAATAGCA	tumor	
scrSOL004_CTAGTGAGTATAATGG	tumor	
scrSOL004_CTAGTGAGTCGAATCT	tumor	
scrSOL004_CTAGTGAGTGTGAAAT	tumor	
scrSOL004_CTAGTGATCGGGAGTA	tumor	
scrSOL004_CTCACACAGCGTTCCG	tumor	
scrSOL004_CTCACACAGGTGCTAG	tumor	
scrSOL004_CTCACACAGTCGAGTG	tumor	
scrSOL004_CTCACACAGTGGGATC	tumor	
scrSOL004_CTCACACCACGGTGTC	tumor	
scrSOL004_CTCACACCAGCATGAG	tumor	
scrSOL004_CTCACACGTAGGCATG	tumor	
scrSOL004_CTCACACGTCTAAACC	tumor	
scrSOL004_CTCACACTCAGTCAGT	tumor	
scrSOL004_CTCACACTCGTGGTCG	tumor	
scrSOL004_CTCACACTCGTTACAG	tumor	
scrSOL004_CTCACACTCTACCAGA	tumor	
scrSOL004_CTCAGAAAGAGAACAG	tumor	
scrSOL004_CTCAGAAAGGACATTA	normal	
scrSOL004_CTCAGAAAGTACGTAA	tumor	
scrSOL004_CTCAGAAGTACTCAAC	tumor	
scrSOL004_CTCAGAAGTCCATCCT	tumor	
scrSOL004_CTCAGAATCATGTCCC	tumor	
scrSOL004_CTCAGAATCCTGCAGG	tumor	
scrSOL004_CTCAGAATCTAAGCCA	tumor	
scrSOL004_CTCAGAATCTTGTACT	tumor	
scrSOL004_CTCATTAAGTCCAGGA	normal	
scrSOL004_CTCATTACACATTTCT	tumor	
scrSOL004_CTCATTACACGTTGGC	normal	
scrSOL004_CTCATTACATTCTTAC	tumor	
scrSOL004_CTCATTAGTCCTAGCG	normal	
scrSOL004_CTCATTATCTAACGGT	tumor	
scrSOL004_CTCCTAGAGAAACGCC	tumor	
scrSOL004_CTCCTAGAGATCCTGT	normal	
scrSOL004_CTCCTAGCAGGTCGTC	tumor	
scrSOL004_CTCCTAGGTAGTAGTA	tumor	
scrSOL004_CTCCTAGGTATAGTAG	tumor	
scrSOL004_CTCCTAGGTCGCATCG	tumor	
scrSOL004_CTCCTAGGTGCAGACA	tumor	
scrSOL004_CTCCTAGGTTAAGATG	tumor	
scrSOL004_CTCGAAAAGCGCCTCA	tumor	
scrSOL004_CTCGAAAAGGATCGCA	tumor	
scrSOL004_CTCGAAAAGTTACGGG	normal	
scrSOL004_CTCGAAACAGAGTGTG	tumor	
scrSOL004_CTCGAAACAGATCGGA	tumor	
scrSOL004_CTCGAAACATTCCTGC	tumor	
scrSOL004_CTCGAAAGTATGAATG	tumor	
scrSOL004_CTCGAGGCAATCGGTT	tumor	
scrSOL004_CTCGAGGCAATGTTGC	tumor	
scrSOL004_CTCGAGGCACATGTGT	tumor	
scrSOL004_CTCGAGGCATACGCCG	normal	
scrSOL004_CTCGAGGGTAGAAGGA	tumor	
scrSOL004_CTCGAGGGTCTCCATC	tumor	
scrSOL004_CTCGGAGAGTATGACA	tumor	
scrSOL004_CTCGGAGCAAACAACA	tumor	
scrSOL004_CTCGGAGCACCAACCG	normal	
scrSOL004_CTCGGAGGTACGCTGC	normal	
scrSOL004_CTCGGAGTCACCATAG	tumor	
scrSOL004_CTCGGAGTCAGAGCTT	tumor	
scrSOL004_CTCGGGAAGATCTGAA	tumor	
scrSOL004_CTCGGGACAATCCAAC	tumor	
scrSOL004_CTCGGGACACAGCCCA	tumor	
scrSOL004_CTCGGGACACGGCCAT	tumor	
scrSOL004_CTCGGGAGTGAGGCTA	tumor	
scrSOL004_CTCGGGAGTGTGAATA	tumor	
scrSOL004_CTCGGGATCACAATGC	tumor	
scrSOL004_CTCGGGATCCGTCAAA	tumor	
scrSOL004_CTCGTACAGAGAACAG	tumor	
scrSOL004_CTCGTACAGTGAAGTT	tumor	
scrSOL004_CTCGTACAGTGGAGTC	tumor	
scrSOL004_CTCGTACAGTGTTAGA	tumor	
scrSOL004_CTCGTACCAAGAGGCT	tumor	
scrSOL004_CTCGTACCAATTCCTT	tumor	
scrSOL004_CTCGTACCACGGTAAG	tumor	
scrSOL004_CTCGTACCACTGAAGG	tumor	
scrSOL004_CTCGTACCATAGGATA	tumor	
scrSOL004_CTCGTACGTCAGAAGC	normal	
scrSOL004_CTCGTACGTTGTCGCG	tumor	
scrSOL004_CTCGTCAAGACTAGAT	tumor	
scrSOL004_CTCGTCAAGAGCCTAG	tumor	
scrSOL004_CTCGTCAAGCCACCTG	tumor	
scrSOL004_CTCGTCAAGGTGATAT	tumor	
scrSOL004_CTCGTCAAGTGTCCCG	tumor	
scrSOL004_CTCGTCAAGTGTGGCA	tumor	
scrSOL004_CTCGTCACAGCTCCGA	tumor	
scrSOL004_CTCGTCACATGCTAGT	normal	
scrSOL004_CTCGTCAGTAACGTTC	normal	
scrSOL004_CTCGTCAGTCCTCTTG	tumor	
scrSOL004_CTCGTCAGTTAAGATG	normal	
scrSOL004_CTCGTCATCAGCTTAG	normal	
scrSOL004_CTCGTCATCATCGATG	normal	
scrSOL004_CTCTAATAGAAGAAGC	tumor	
scrSOL004_CTCTAATAGGGTCGAT	normal	
scrSOL004_CTCTAATCAAACCTAC	tumor	
scrSOL004_CTCTAATCAAGAAAGG	tumor	
scrSOL004_CTCTAATCAGTCCTTC	tumor	
scrSOL004_CTCTACGAGCAGACTG	tumor	
scrSOL004_CTCTACGAGCCGATTT	tumor	
scrSOL004_CTCTACGAGGTGTTAA	tumor	
scrSOL004_CTCTACGCAGACAGGT	normal	
scrSOL004_CTCTACGCATGATCCA	tumor	
scrSOL004_CTCTACGCATTGGCGC	tumor	
scrSOL004_CTCTACGGTAATCGTC	tumor	
scrSOL004_CTCTACGGTACTTGAC	tumor	
scrSOL004_CTCTACGGTAGAAGGA	tumor	
scrSOL004_CTCTACGGTCGGCATC	tumor	
scrSOL004_CTCTACGGTTAAAGTG	normal	
scrSOL004_CTCTACGGTTCTGTTT	tumor	
scrSOL004_CTCTACGGTTTAAGCC	normal	
scrSOL004_CTCTACGTCACAATGC	tumor	
scrSOL004_CTCTGGTAGTGAAGAG	tumor	
scrSOL004_CTCTGGTAGTTATCGC	tumor	
scrSOL004_CTCTGGTCAAGCCGCT	tumor	
scrSOL004_CTCTGGTCATCTCCCA	tumor	
scrSOL004_CTCTGGTTCACGATGT	tumor	
scrSOL004_CTCTGGTTCGAACGGA	tumor	
scrSOL004_CTCTGGTTCTACTTAC	normal	
scrSOL004_CTCTGGTTCTGTTGAG	tumor	
scrSOL004_CTGAAACAGAAAGTGG	tumor	
scrSOL004_CTGAAACAGACTACAA	normal	
scrSOL004_CTGAAACAGCGGATCA	tumor	
scrSOL004_CTGAAACCAACACCTA	normal	
scrSOL004_CTGAAACCAAGTCTAC	tumor	
scrSOL004_CTGAAACCAGCGATCC	tumor	
scrSOL004_CTGAAACGTAGCAAAT	tumor	
scrSOL004_CTGAAACGTAGGGACT	tumor	
scrSOL004_CTGAAACGTCGAATCT	tumor	
scrSOL004_CTGAAACGTGCACGAA	tumor	
scrSOL004_CTGAAACGTTCGGGCT	tumor	
scrSOL004_CTGAAACTCGGATGTT	tumor	
scrSOL004_CTGAAGTAGAACAACT	tumor	
scrSOL004_CTGAAGTAGGACACCA	tumor	
scrSOL004_CTGAAGTAGTGCAAGC	tumor	
scrSOL004_CTGAAGTAGTGGAGAA	tumor	
scrSOL004_CTGAAGTAGTTGTCGT	normal	
scrSOL004_CTGAAGTCAAGCCGCT	normal	
scrSOL004_CTGAAGTCACAGCCCA	tumor	
scrSOL004_CTGAAGTCAGATGGCA	tumor	
scrSOL004_CTGAAGTCATACAGCT	normal	
scrSOL004_CTGAAGTCATCCGTGG	tumor	
scrSOL004_CTGAAGTGTAAGTAGT	tumor	
scrSOL004_CTGAAGTGTAAGTGGC	tumor	
scrSOL004_CTGAAGTGTATGGTTC	tumor	
scrSOL004_CTGAAGTTCCGCATAA	tumor	
scrSOL004_CTGAAGTTCTGCAAGT	tumor	
scrSOL004_CTGATAGAGAAACCGC	tumor	
scrSOL004_CTGATAGAGAGGGCTT	tumor	
scrSOL004_CTGATAGAGATAGTCA	tumor	
scrSOL004_CTGATAGCAGCTGGCT	tumor	
scrSOL004_CTGATAGGTCGCGAAA	tumor	
scrSOL004_CTGATAGTCATCGGAT	tumor	
scrSOL004_CTGATAGTCTCTGCTG	tumor	
scrSOL004_CTGATCCAGAAACCAT	normal	
scrSOL004_CTGATCCAGGCAGTCA	tumor	
scrSOL004_CTGATCCAGTGAACGC	normal	
scrSOL004_CTGATCCCAAGCGATG	normal	
scrSOL004_CTGATCCGTGATGATA	normal	
scrSOL004_CTGATCCTCACTATTC	tumor	
scrSOL004_CTGCCTAAGAAGGGTA	tumor	
scrSOL004_CTGCCTAAGACAGACC	tumor	
scrSOL004_CTGCCTAAGATCTGCT	tumor	
scrSOL004_CTGCCTAAGGGCTTGA	tumor	
scrSOL004_CTGCCTAAGTGGCACA	tumor	
scrSOL004_CTGCCTACACATCCAA	tumor	
scrSOL004_CTGCCTACATCTCGCT	tumor	
scrSOL004_CTGCCTACATGCCTAA	tumor	
scrSOL004_CTGCCTACATTCACTT	tumor	
scrSOL004_CTGCCTAGTACCTACA	normal	
scrSOL004_CTGCCTATCACTGGGC	tumor	
scrSOL004_CTGCCTATCCCAAGAT	tumor	
scrSOL004_CTGCCTATCGTAGGTT	tumor	
scrSOL004_CTGCCTATCTGGGCCA	tumor	
scrSOL004_CTGCGGAAGAATGTTG	tumor	
scrSOL004_CTGCGGAAGACGCTTT	tumor	
scrSOL004_CTGCGGACACTATCTT	tumor	
scrSOL004_CTGCGGACATGAACCT	tumor	
scrSOL004_CTGCGGAGTCCATGAT	normal	
scrSOL004_CTGCGGATCCATGAAC	tumor	
scrSOL004_CTGCGGATCGATAGAA	tumor	
scrSOL004_CTGCTGTAGATCCCGC	tumor	
scrSOL004_CTGCTGTAGCCTTGAT	tumor	
scrSOL004_CTGCTGTAGCGATCCC	tumor	
scrSOL004_CTGCTGTAGGGAAACA	tumor	
scrSOL004_CTGCTGTCACCTGGTG	tumor	
scrSOL004_CTGCTGTGTCTGATCA	tumor	
scrSOL004_CTGGTCTCAATGGAGC	normal	
scrSOL004_CTGGTCTCACCAGATT	tumor	
scrSOL004_CTGGTCTCAGAAGCAC	tumor	
scrSOL004_CTGGTCTCATCAGTAC	tumor	
scrSOL004_CTGGTCTCATTAGCCA	tumor	
scrSOL004_CTGGTCTGTGTTCGAT	tumor	
scrSOL004_CTGGTCTGTGTTTGTG	tumor	
scrSOL004_CTGGTCTGTTCCAACA	tumor	
scrSOL004_CTGGTCTTCCACGACG	tumor	
scrSOL004_CTGGTCTTCTTGCAAG	tumor	
scrSOL004_CTGTGCTAGAACAACT	tumor	
scrSOL004_CTGTGCTAGAATCTCC	tumor	
scrSOL004_CTGTGCTAGATCCCGC	normal	
scrSOL004_CTGTGCTAGGATGGAA	tumor	
scrSOL004_CTGTGCTCAGCGTAAG	tumor	
scrSOL004_CTGTGCTGTAGCGCTC	tumor	
scrSOL004_CTGTGCTGTTGGGACA	normal	
scrSOL004_CTGTTTAAGACTTTCG	normal	
scrSOL004_CTGTTTACAAGGGTCA	tumor	
scrSOL004_CTGTTTACACAGACTT	tumor	
scrSOL004_CTGTTTACAGATGGCA	tumor	
scrSOL004_CTGTTTACATTCACTT	tumor	
scrSOL004_CTGTTTAGTCAACTGT	tumor	
scrSOL004_CTGTTTAGTCACAAGG	normal	
scrSOL004_CTGTTTAGTGCAGACA	tumor	
scrSOL004_CTGTTTAGTGTTCTTT	normal	
scrSOL004_CTGTTTATCACGCATA	normal	
scrSOL004_CTGTTTATCCCATTAT	normal	
scrSOL004_CTGTTTATCCGGGTGT	tumor	
scrSOL004_CTGTTTATCTGTCCGT	tumor	
scrSOL004_CTTAACTAGATCTGCT	tumor	
scrSOL004_CTTAACTAGGATGTAT	tumor	
scrSOL004_CTTAACTAGTTGCAGG	normal	
scrSOL004_CTTAACTCACCTATCC	tumor	
scrSOL004_CTTAACTCACGGCGTT	tumor	
scrSOL004_CTTAACTCAGGTCTCG	tumor	
scrSOL004_CTTAACTCAGTCACTA	normal	
scrSOL004_CTTAACTCATATGGTC	tumor	
scrSOL004_CTTAACTCATCACCCT	tumor	
scrSOL004_CTTAACTGTCAGAATA	tumor	
scrSOL004_CTTAACTGTCCAGTGC	tumor	
scrSOL004_CTTAACTGTCTAGTCA	tumor	
scrSOL004_CTTAACTGTGCGCTTG	tumor	
scrSOL004_CTTAACTGTGGTAACG	normal	
scrSOL004_CTTAACTGTTGGTAAA	tumor	
scrSOL004_CTTAACTTCAACACAC	normal	
scrSOL004_CTTAACTTCAGCTCGG	tumor	
scrSOL004_CTTACCGAGACTGTAA	normal	
scrSOL004_CTTACCGAGAGGTAGA	normal	
scrSOL004_CTTACCGAGAGGTTGC	tumor	
scrSOL004_CTTACCGAGATACACA	tumor	
scrSOL004_CTTACCGAGCCCGAAA	tumor	
scrSOL004_CTTACCGCAAAGGTGC	tumor	
scrSOL004_CTTACCGCACAAGTAA	tumor	
scrSOL004_CTTACCGCACATCTTT	tumor	
scrSOL004_CTTACCGCATTGGGCC	tumor	
scrSOL004_CTTACCGGTACTCGCG	tumor	
scrSOL004_CTTACCGGTCCGTGAC	normal	
scrSOL004_CTTACCGGTCGGCACT	tumor	
scrSOL004_CTTACCGGTTGAGGTG	tumor	
scrSOL004_CTTACCGGTTGTCTTT	tumor	
scrSOL004_CTTACCGTCAGTTAGC	normal	
scrSOL004_CTTAGGAAGGCACATG	tumor	
scrSOL004_CTTAGGACAAGTTGTC	tumor	
scrSOL004_CTTAGGACAGACACTT	tumor	
scrSOL004_CTTAGGACATTGCGGC	tumor	
scrSOL004_CTTAGGAGTCCATGAT	tumor	
scrSOL004_CTTAGGAGTCTCTTAT	tumor	
scrSOL004_CTTAGGAGTTGTCGCG	tumor	
scrSOL004_CTTAGGATCTACGAGT	normal	
scrSOL004_CTTCTCTAGGACATTA	tumor	
scrSOL004_CTTCTCTAGTTGAGAT	tumor	
scrSOL004_CTTCTCTCAAAGGAAG	tumor	
scrSOL004_CTTCTCTCACGGCTAC	tumor	
scrSOL004_CTTCTCTCACTTCTGC	tumor	
scrSOL004_CTTCTCTGTGAGTATA	normal	
scrSOL004_CTTCTCTTCAGCGACC	tumor	
scrSOL004_CTTCTCTTCTTCATGT	tumor	
scrSOL004_CTTGGCTAGCAGCCTC	tumor	
scrSOL004_CTTGGCTAGCGACGTA	tumor	
scrSOL004_CTTGGCTCAGCGATCC	normal	
scrSOL004_CTTGGCTCAGGTTTCA	tumor	
scrSOL004_CTTGGCTCATATGGTC	tumor	
scrSOL004_CTTGGCTCATCTCGCT	tumor	
scrSOL004_CTTGGCTTCGACGGAA	normal	
scrSOL004_CTTTGCGAGAACAACT	tumor	
scrSOL004_CTTTGCGAGCTAACTC	tumor	
scrSOL004_CTTTGCGGTACGCTGC	normal	
scrSOL004_CTTTGCGTCATAAAGG	tumor	
scrSOL004_CTTTGCGTCCAGTAGT	normal	
scrSOL004_CTTTGCGTCTGACCTC	tumor	
scrSOL004_GAAACTCAGACCTTTG	tumor	
scrSOL004_GAAACTCAGGCTAGAC	tumor	
scrSOL004_GAAACTCAGTAGTGCG	tumor	
scrSOL004_GAAACTCGTACCGTTA	tumor	
scrSOL004_GAAACTCGTCGCATCG	tumor	
scrSOL004_GAAACTCGTCTGGAGA	tumor	
scrSOL004_GAAACTCTCCCATTAT	tumor	
scrSOL004_GAAACTCTCCCTTGCA	tumor	
scrSOL004_GAAACTCTCTCTAGGA	tumor	
scrSOL004_GAAATGAAGACATAAC	tumor	
scrSOL004_GAAATGAAGGGCTCTC	normal	
scrSOL004_GAAATGAAGGGTCTCC	tumor	
scrSOL004_GAAATGAAGGTGTGGT	tumor	
scrSOL004_GAAATGAAGTTACCCA	tumor	
scrSOL004_GAAATGAGTAAGTAGT	tumor	
scrSOL004_GAAATGAGTGGTAACG	tumor	
scrSOL004_GAAATGATCAACTCTT	tumor	
scrSOL004_GAACATCAGAGCTGCA	tumor	
scrSOL004_GAACATCAGCCCAATT	tumor	
scrSOL004_GAACATCAGCTAACTC	tumor	
scrSOL004_GAACATCAGGAGCGAG	tumor	
scrSOL004_GAACATCAGGAGTACC	tumor	
scrSOL004_GAACATCAGTAGTGCG	tumor	
scrSOL004_GAACATCCACGAAAGC	tumor	
scrSOL004_GAACATCCAGCCAGAA	tumor	
scrSOL004_GAACATCCATAGAAAC	tumor	
scrSOL004_GAACATCGTCCGAACC	tumor	
scrSOL004_GAACATCGTCGCATAT	tumor	
scrSOL004_GAACATCTCGTCTGAA	tumor	
scrSOL004_GAACATCTCTGCGACG	tumor	
scrSOL004_GAACCTAAGCTAACTC	tumor	
scrSOL004_GAACCTAAGTAGATGT	tumor	
scrSOL004_GAACCTAAGTAGGCCA	tumor	
scrSOL004_GAACCTACAACGATGG	tumor	
scrSOL004_GAACCTACAGTATCTG	normal	
scrSOL004_GAACCTACATGTAGTC	normal	
scrSOL004_GAACCTACATGTCCTC	tumor	
scrSOL004_GAACCTATCGCCTGAG	tumor	
scrSOL004_GAACGGAAGCCCGAAA	tumor	
scrSOL004_GAACGGAAGCCTTGAT	tumor	
scrSOL004_GAACGGACAGACAGGT	tumor	
scrSOL004_GAACGGATCATCGCTC	tumor	
scrSOL004_GAAGCAGAGACACTAA	tumor	
scrSOL004_GAAGCAGCAAAGGAAG	tumor	
scrSOL004_GAAGCAGCACAGACAG	tumor	
scrSOL004_GAAGCAGCAGCGTTCG	tumor	
scrSOL004_GAAGCAGCAGTGGGAT	tumor	
scrSOL004_GAAGCAGGTAAGAGGA	tumor	
scrSOL004_GAAGCAGGTACGCACC	tumor	
scrSOL004_GAAGCAGGTAGAGTGC	normal	
scrSOL004_GAAGCAGGTCATATCG	tumor	
scrSOL004_GAAGCAGGTGTGGCTC	tumor	
scrSOL004_GAAGCAGGTTCAACCA	tumor	
scrSOL004_GAAGCAGTCACTGGGC	tumor	
scrSOL004_GAAGCAGTCCAAATGC	tumor	
scrSOL004_GAAGCAGTCTCGCATC	tumor	
scrSOL004_GAATAAGAGACCACGA	tumor	
scrSOL004_GAATAAGAGGCCCGTT	tumor	
scrSOL004_GAATAAGAGTTCCACA	tumor	
scrSOL004_GAATAAGCAATCCGAT	tumor	
scrSOL004_GAATAAGCACTAAGTC	tumor	
scrSOL004_GAATAAGCACTGTCGG	tumor	
scrSOL004_GAATAAGCATGTTGAC	tumor	
scrSOL004_GAATAAGGTACGAAAT	normal	
scrSOL004_GAATAAGGTGAGCGAT	normal	
scrSOL004_GAATAAGGTGTGAAAT	tumor	
scrSOL004_GAATAAGTCAGGTAAA	tumor	
scrSOL004_GAATAAGTCGGAGGTA	tumor	
scrSOL004_GAATGAACAAGCTGGA	tumor	
scrSOL004_GAATGAATCTGAGGGA	tumor	
scrSOL004_GAATGAATCTTCCTTC	tumor	
scrSOL004_GACACGCCACAACTGT	normal	
scrSOL004_GACACGCCACGCCAGT	tumor	
scrSOL004_GACACGCGTAAGTAGT	tumor	
scrSOL004_GACACGCGTCAATGTC	tumor	
scrSOL004_GACACGCTCTAACGGT	tumor	
scrSOL004_GACACGCTCTGATACG	tumor	
scrSOL004_GACAGAGCAAGCCGTC	normal	
scrSOL004_GACAGAGCACAGTCGC	tumor	
scrSOL004_GACAGAGCACCAGTTA	tumor	
scrSOL004_GACAGAGGTAATCACC	tumor	
scrSOL004_GACAGAGGTACCTACA	normal	
scrSOL004_GACAGAGGTCAAACTC	tumor	
scrSOL004_GACAGAGGTCTGCCAG	tumor	
scrSOL004_GACAGAGGTGAAAGAG	tumor	
scrSOL004_GACAGAGGTGAAATCA	normal	
scrSOL004_GACAGAGGTTGAGTTC	tumor	
scrSOL004_GACAGAGTCCTAGAAC	tumor	
scrSOL004_GACAGAGTCGAATCCA	tumor	
scrSOL004_GACCAATAGCAGCGTA	tumor	
scrSOL004_GACCAATAGCCAGGAT	normal	
scrSOL004_GACCAATAGCGTTTAC	tumor	
scrSOL004_GACCAATAGGCTACGA	tumor	
scrSOL004_GACCAATCAAGTTGTC	tumor	
scrSOL004_GACCAATCACGCCAGT	normal	
scrSOL004_GACCAATCAGGTTTCA	tumor	
scrSOL004_GACCAATCATCACCCT	tumor	
scrSOL004_GACCAATGTGAAGGCT	normal	
scrSOL004_GACCTGGAGCAATATG	tumor	
scrSOL004_GACCTGGAGTTAGGTA	tumor	
scrSOL004_GACCTGGCAGGGTTAG	tumor	
scrSOL004_GACCTGGTCACTTACT	tumor	
scrSOL004_GACCTGGTCATCTGCC	normal	
scrSOL004_GACCTGGTCCGTACAA	tumor	
scrSOL004_GACCTGGTCCTGCAGG	tumor	
scrSOL004_GACCTGGTCGTGGGAA	tumor	
scrSOL004_GACGCGTAGCCCGAAA	tumor	
scrSOL004_GACGCGTAGCGCTCCA	tumor	
scrSOL004_GACGCGTAGTATTGGA	normal	
scrSOL004_GACGCGTAGTGGAGAA	tumor	
scrSOL004_GACGCGTCACTGCCAG	tumor	
scrSOL004_GACGCGTCATCTACGA	tumor	
scrSOL004_GACGCGTGTAAATGAC	tumor	
scrSOL004_GACGCGTGTAATCACC	tumor	
scrSOL004_GACGCGTGTACAGCAG	tumor	
scrSOL004_GACGCGTTCAGGATCT	normal	
scrSOL004_GACGCGTTCCTTTCGG	normal	
scrSOL004_GACGCGTTCGATAGAA	tumor	
scrSOL004_GACGCGTTCTGAGGGA	tumor	
scrSOL004_GACGGCTAGGAGTAGA	tumor	
scrSOL004_GACGGCTCACTTCGAA	tumor	
scrSOL004_GACGGCTCATCTATGG	tumor	
scrSOL004_GACGGCTGTCAATACC	normal	
scrSOL004_GACGGCTGTCTTGATG	tumor	
scrSOL004_GACGGCTGTTATCACG	tumor	
scrSOL004_GACGGCTGTTCAGGCC	normal	
scrSOL004_GACGGCTTCCTCCTAG	normal	
scrSOL004_GACGGCTTCTACCAGA	tumor	
scrSOL004_GACGGCTTCTACTCAT	tumor	
scrSOL004_GACGTGCCACTAGTAC	tumor	
scrSOL004_GACGTGCCACTTGGAT	tumor	
scrSOL004_GACGTGCGTACCGTTA	tumor	
scrSOL004_GACGTGCGTGGCGAAT	tumor	
scrSOL004_GACGTTAAGATCACGG	tumor	
scrSOL004_GACGTTACAAATTGCC	tumor	
scrSOL004_GACGTTACAACGATCT	tumor	
scrSOL004_GACGTTACACGTTGGC	tumor	
scrSOL004_GACGTTACAGCGATCC	tumor	
scrSOL004_GACGTTAGTAGCCTCG	normal	
scrSOL004_GACGTTAGTGAGTATA	tumor	
scrSOL004_GACGTTATCGTCCGTT	tumor	
scrSOL004_GACGTTATCTGGGCCA	tumor	
scrSOL004_GACTAACAGCTAGGCA	tumor	
scrSOL004_GACTAACAGTGTCCCG	normal	
scrSOL004_GACTAACCAAAGTGCG	tumor	
scrSOL004_GACTAACCAAGAAAGG	tumor	
scrSOL004_GACTAACGTCATATCG	tumor	
scrSOL004_GACTAACGTGTGGCTC	tumor	
scrSOL004_GACTAACGTTCAGACT	normal	
scrSOL004_GACTAACTCAAAGACA	tumor	
scrSOL004_GACTACAAGCTGAAAT	normal	
scrSOL004_GACTACACAAGGTTCT	normal	
scrSOL004_GACTACACACCGAAAG	tumor	
scrSOL004_GACTACACATAGACTC	tumor	
scrSOL004_GACTACAGTCCGAATT	tumor	
scrSOL004_GACTACAGTGCTGTAT	normal	
scrSOL004_GACTACAGTTTAGGAA	normal	
scrSOL004_GACTACATCAAACCAC	tumor	
scrSOL004_GACTACATCCACTGGG	tumor	
scrSOL004_GACTACATCCGTAGGC	normal	
scrSOL004_GACTGCGAGGACAGCT	tumor	
scrSOL004_GACTGCGGTAGCTCCG	tumor	
scrSOL004_GACTGCGGTCGGATCC	tumor	
scrSOL004_GACTGCGGTTTGGGCC	normal	
scrSOL004_GACTGCGTCAAACCGT	tumor	
scrSOL004_GACTGCGTCAACGAAA	tumor	
scrSOL004_GACTGCGTCAACTCTT	tumor	
scrSOL004_GACTGCGTCATAACCG	tumor	
scrSOL004_GACTGCGTCCAAACTG	tumor	
scrSOL004_GACTGCGTCCTGTACC	tumor	
scrSOL004_GACTGCGTCGAGAACG	normal	
scrSOL004_GAGCAGAAGCCACCTG	normal	
scrSOL004_GAGCAGAAGCTGCCCA	tumor	
scrSOL004_GAGCAGAAGGCAATTA	tumor	
scrSOL004_GAGCAGACAATACGCT	tumor	
scrSOL004_GAGCAGACACCGAAAG	tumor	
scrSOL004_GAGCAGAGTCCCTACT	normal	
scrSOL004_GAGGTGAAGGATGGAA	tumor	
scrSOL004_GAGGTGAAGGATGTAT	tumor	
scrSOL004_GAGGTGACACGTCAGC	tumor	
scrSOL004_GAGGTGACAGGCTGAA	normal	
scrSOL004_GAGGTGACATAAAGGT	tumor	
scrSOL004_GAGGTGACATCTCGCT	tumor	
scrSOL004_GAGGTGAGTAAGGATT	tumor	
scrSOL004_GAGGTGAGTAGCTTGT	tumor	
scrSOL004_GAGGTGAGTGTCTGAT	normal	
scrSOL004_GAGGTGATCATTCACT	tumor	
scrSOL004_GAGTCCGAGCAATCTC	tumor	
scrSOL004_GAGTCCGAGCCGGTAA	tumor	
scrSOL004_GAGTCCGAGCTGAAAT	tumor	
scrSOL004_GAGTCCGAGGATATAC	tumor	
scrSOL004_GAGTCCGAGTGCCATT	tumor	
scrSOL004_GAGTCCGAGTGGAGAA	tumor	
scrSOL004_GAGTCCGCAATAGCGG	tumor	
scrSOL004_GAGTCCGCACGCATCG	tumor	
scrSOL004_GAGTCCGCATGCTAGT	tumor	
scrSOL004_GAGTCCGGTAGGAGTC	tumor	
scrSOL004_GAGTCCGGTATTACCG	tumor	
scrSOL004_GAGTCCGTCTGCGACG	tumor	
scrSOL004_GAGTCCGTCTTTACGT	normal	
scrSOL004_GATCAGTCAACTGGCC	tumor	
scrSOL004_GATCAGTCACGTCAGC	tumor	
scrSOL004_GATCAGTGTCTCACCT	tumor	
scrSOL004_GATCAGTTCCAGAAGG	tumor	
scrSOL004_GATCAGTTCTCTTATG	tumor	
scrSOL004_GATCGATAGGATGTAT	tumor	
scrSOL004_GATCGATAGTAAGTAC	tumor	
scrSOL004_GATCGATCATTCGACA	tumor	
scrSOL004_GATCGATGTCAGAGGT	tumor	
scrSOL004_GATCGATGTCTCACCT	tumor	
scrSOL004_GATCGATGTGCAGGTA	tumor	
scrSOL004_GATCGATTCATCTGCC	normal	
scrSOL004_GATCGCGAGAAACCAT	tumor	
scrSOL004_GATCGCGAGACTGGGT	normal	
scrSOL004_GATCGCGAGATCCCGC	tumor	
scrSOL004_GATCGCGAGCCCAATT	tumor	
scrSOL004_GATCGCGAGGAGTTGC	tumor	
scrSOL004_GATCGCGCAATGGAAT	tumor	
scrSOL004_GATCGCGCAATGGACG	normal	
scrSOL004_GATCGCGCACCAGTTA	tumor	
scrSOL004_GATCGCGCACGAAAGC	normal	
scrSOL004_GATCGCGGTAACGACG	normal	
scrSOL004_GATCGCGGTCGCATAT	tumor	
scrSOL004_GATCGCGGTCTCGTTC	tumor	
scrSOL004_GATCGCGGTTCAGCGC	tumor	
scrSOL004_GATCGCGTCCCAGGTG	tumor	
scrSOL004_GATCGTAAGATATGCA	normal	
scrSOL004_GATCGTAAGTCTCGGC	tumor	
scrSOL004_GATCGTAAGTGACTCT	tumor	
scrSOL004_GATCGTACACGGTTTA	tumor	
scrSOL004_GATCGTACACTCAGGC	tumor	
scrSOL004_GATCGTACAGCCAGAA	normal	
scrSOL004_GATCGTACAGTCTTCC	normal	
scrSOL004_GATCGTACATCGGAAG	tumor	
scrSOL004_GATCGTAGTATTACCG	tumor	
scrSOL004_GATCGTAGTCTAGTGT	normal	yes
scrSOL004_GATCGTATCGTATCAG	normal	
scrSOL004_GATCTAGAGCGCCTCA	tumor	
scrSOL004_GATCTAGAGCTGAAAT	tumor	
scrSOL004_GATCTAGAGTGGGTTG	tumor	
scrSOL004_GATCTAGGTCCGAACC	normal	
scrSOL004_GATCTAGGTTACGACT	normal	
scrSOL004_GATCTAGTCTCCCTGA	tumor	
scrSOL004_GATCTAGTCTTAGAGC	tumor	
scrSOL004_GATGAAACACTCTGTC	tumor	
scrSOL004_GATGAAACAGATGGCA	tumor	
scrSOL004_GATGAAAGTAGTAGTA	tumor	
scrSOL004_GATGAAAGTGACGGTA	tumor	
scrSOL004_GATGAAAGTTCCCTTG	tumor	
scrSOL004_GATGAAAGTTCGGCAC	normal	
scrSOL004_GATGAAATCCATGCTC	tumor	
scrSOL004_GATGAAATCGGTTCGG	normal	
scrSOL004_GATGAGGAGACGCACA	tumor	
scrSOL004_GATGAGGAGACTTTCG	tumor	
scrSOL004_GATGAGGAGCCATCGC	tumor	
scrSOL004_GATGAGGAGTAGGCCA	tumor	
scrSOL004_GATGAGGGTACCTACA	tumor	
scrSOL004_GATGAGGGTCAGAAGC	normal	
scrSOL004_GATGAGGTCCAGATCA	tumor	
scrSOL004_GATGAGGTCTCTTATG	tumor	
scrSOL004_GATGCTAAGAACAACT	tumor	
scrSOL004_GATGCTAAGCTGCGAA	tumor	
scrSOL004_GATGCTAAGTTCGATC	tumor	
scrSOL004_GATGCTACAAGGTGTG	tumor	
scrSOL004_GATGCTAGTCTGCAAT	tumor	
scrSOL004_GATGCTATCAGGCAAG	tumor	
scrSOL004_GATGCTATCCAAACAC	tumor	
scrSOL004_GATTCAGAGTAGGCCA	normal	
scrSOL004_GATTCAGAGTGCAAGC	tumor	
scrSOL004_GATTCAGTCTTCCTTC	tumor	
scrSOL004_GCAAACTGTCAGAATA	tumor	
scrSOL004_GCAAACTGTCCCTTGT	tumor	
scrSOL004_GCAAACTGTGCAGTAG	tumor	
scrSOL004_GCAAACTGTTACCAGT	tumor	
scrSOL004_GCAAACTGTTCGCGAC	tumor	
scrSOL004_GCAATCAAGATCCGAG	tumor	
scrSOL004_GCAATCAAGCCTCGTG	tumor	
scrSOL004_GCAATCAAGCGATGAC	tumor	
scrSOL004_GCAATCAAGGCGTACA	tumor	
scrSOL004_GCAATCACAAACGTGG	normal	
scrSOL004_GCAATCACACAGCGTC	tumor	
scrSOL004_GCAATCAGTCATGCCG	normal	
scrSOL004_GCAATCAGTCCCTTGT	tumor	
scrSOL004_GCAATCAGTCTCGTTC	tumor	
scrSOL004_GCAATCAGTGCTGTAT	tumor	
scrSOL004_GCAATCAGTGGCGAAT	normal	
scrSOL004_GCAATCATCCTGCCAT	tumor	
scrSOL004_GCAATCATCGGAAATA	tumor	
scrSOL004_GCACATAAGCAATCTC	tumor	
scrSOL004_GCACATAAGGACCACA	normal	
scrSOL004_GCACATAAGTATTGGA	tumor	
scrSOL004_GCACATACAATGGAAT	tumor	
scrSOL004_GCACATACACGGCCAT	tumor	
scrSOL004_GCACATACATAGACTC	normal	
scrSOL004_GCACATACATGCTGGC	tumor	
scrSOL004_GCACATAGTAGAGTGC	tumor	
scrSOL004_GCACATAGTAGCGCAA	tumor	
scrSOL004_GCACATATCTACTATC	tumor	
scrSOL004_GCACTCTAGAAACGAG	tumor	
scrSOL004_GCACTCTAGTCCAGGA	tumor	
scrSOL004_GCACTCTCAAGCGAGT	tumor	
scrSOL004_GCACTCTCAGGTCGTC	tumor	
scrSOL004_GCACTCTCATGGATGG	tumor	
scrSOL004_GCACTCTGTCCGAACC	tumor	
scrSOL004_GCACTCTGTCTCATCC	normal	
scrSOL004_GCACTCTTCCAGATCA	tumor	
scrSOL004_GCACTCTTCCGCGTTT	tumor	
scrSOL004_GCACTCTTCTGGGCCA	tumor	
scrSOL004_GCACTCTTCTTGTTTG	normal	
scrSOL004_GCAGCCACACAACTGT	tumor	
scrSOL004_GCAGCCACACCTGGTG	tumor	
scrSOL004_GCAGCCACAGTCAGAG	tumor	
scrSOL004_GCAGCCAGTACCCAAT	tumor	
scrSOL004_GCAGCCATCCAAAGTC	tumor	
scrSOL004_GCAGCCATCCCTTGCA	tumor	
scrSOL004_GCAGCCATCTGAGGGA	normal	
scrSOL004_GCAGTTAAGAGTAAGG	tumor	
scrSOL004_GCAGTTAAGATATGCA	tumor	
scrSOL004_GCAGTTAAGGAGTCTG	tumor	
scrSOL004_GCAGTTACAAACAACA	tumor	
scrSOL004_GCAGTTACAAAGCGGT	tumor	
scrSOL004_GCAGTTAGTAACGCGA	tumor	
scrSOL004_GCAGTTAGTAGCTGCC	tumor	
scrSOL004_GCAGTTAGTATTCGTG	tumor	
scrSOL004_GCAGTTAGTGTAACGG	tumor	
scrSOL004_GCAGTTATCCCAAGAT	tumor	
scrSOL004_GCATACAAGAGGTTGC	tumor	
scrSOL004_GCATACAAGGTAGCTG	normal	
scrSOL004_GCATACAAGGTGTTAA	tumor	
scrSOL004_GCATACAAGTGGGTTG	tumor	
scrSOL004_GCATACACACCGAATT	tumor	
scrSOL004_GCATACACAGCCAATT	tumor	
scrSOL004_GCATACACAGCTTAAC	tumor	
scrSOL004_GCATACACAGTTCCCT	normal	
scrSOL004_GCATACAGTAGCGCAA	normal	yes
scrSOL004_GCATACAGTATATCCG	tumor	
scrSOL004_GCATACAGTGCCTGCA	normal	
scrSOL004_GCATACATCGCGCCAA	tumor	
scrSOL004_GCATGATAGTGAATTG	tumor	
scrSOL004_GCATGATGTAGGGACT	tumor	
scrSOL004_GCATGCGAGACACGAC	normal	
scrSOL004_GCATGCGAGATGGCGT	tumor	
scrSOL004_GCATGCGAGCAATCTC	tumor	
scrSOL004_GCATGCGAGGCCGAAT	tumor	
scrSOL004_GCATGCGCAACACCCG	tumor	
scrSOL004_GCATGCGCACGAGGTA	tumor	
scrSOL004_GCATGCGCATATACCG	tumor	
scrSOL004_GCATGCGGTAGGCATG	tumor	
scrSOL004_GCATGTAAGAATTGTG	tumor	
scrSOL004_GCATGTACAAAGGAAG	tumor	
scrSOL004_GCATGTACAAGTCTGT	tumor	
scrSOL004_GCATGTACAGATCTGT	tumor	
scrSOL004_GCATGTAGTCATGCAT	tumor	
scrSOL004_GCATGTAGTCGGCATC	tumor	
scrSOL004_GCATGTAGTGTCGCTG	tumor	
scrSOL004_GCATGTATCTAACTTC	normal	
scrSOL004_GCATGTATCTCACATT	tumor	
scrSOL004_GCATGTATCTTGTTTG	tumor	
scrSOL004_GCCAAATAGCGTGTCC	normal	
scrSOL004_GCCAAATAGGTGGGTT	tumor	
scrSOL004_GCCAAATAGTCGAGTG	tumor	
scrSOL004_GCCAAATCAAGGCTCC	normal	
scrSOL004_GCCAAATCAGTCTTCC	tumor	
scrSOL004_GCCAAATGTAGCTCCG	tumor	
scrSOL004_GCCAAATGTGTTTGGT	tumor	
scrSOL004_GCCAAATTCATTGCCC	tumor	
scrSOL004_GCCAAATTCTGGTATG	normal	
scrSOL004_GCCAAATTCTTCGAGA	tumor	
scrSOL004_GCCTCTAAGACCTAGG	tumor	
scrSOL004_GCCTCTAAGCGTTTAC	tumor	
scrSOL004_GCCTCTACAGAAGCAC	tumor	
scrSOL004_GCCTCTACAGACGCTC	normal	
scrSOL004_GCCTCTAGTATAATGG	tumor	
scrSOL004_GCCTCTAGTCAAGCGA	tumor	
scrSOL004_GCCTCTAGTTCCCGAG	tumor	
scrSOL004_GCCTCTATCACCACCT	normal	yes
scrSOL004_GCCTCTATCAGCACAT	tumor	
scrSOL004_GCCTCTATCAGTGCAT	tumor	
scrSOL004_GCCTCTATCCAGAGGA	normal	
scrSOL004_GCCTCTATCCCTCTTT	tumor	
scrSOL004_GCCTCTATCGAGGTAG	tumor	
scrSOL004_GCCTCTATCGGGAGTA	tumor	
scrSOL004_GCGACCAAGCATCATC	tumor	
scrSOL004_GCGACCAAGTGTTTGC	normal	
scrSOL004_GCGACCACATTGGTAC	tumor	
scrSOL004_GCGACCAGTATGGTTC	normal	
scrSOL004_GCGACCAGTCAGATAA	normal	
scrSOL004_GCGACCAGTCTTGCGG	tumor	
scrSOL004_GCGACCAGTTGACGTT	normal	
scrSOL004_GCGACCATCACCTTAT	tumor	
scrSOL004_GCGACCATCACGAAGG	normal	
scrSOL004_GCGAGAAAGGGCACTA	tumor	
scrSOL004_GCGAGAACACTACAGT	tumor	
scrSOL004_GCGAGAAGTCCAACTA	tumor	
scrSOL004_GCGAGAAGTCTGGTCG	normal	
scrSOL004_GCGAGAAGTGCGCTTG	tumor	
scrSOL004_GCGAGAATCAACGGCC	tumor	
scrSOL004_GCGAGAATCACAGGCC	tumor	
scrSOL004_GCGCAACAGGCACATG	tumor	
scrSOL004_GCGCAACCAAGAAGAG	normal	
scrSOL004_GCGCAACCACACTGCG	normal	
scrSOL004_GCGCAACCATCACAAC	normal	
scrSOL004_GCGCAACGTCGCTTCT	tumor	
scrSOL004_GCGCAACGTCTGATCA	normal	
scrSOL004_GCGCAACGTTCGTGAT	tumor	
scrSOL004_GCGCAACTCCGTTGTC	tumor	
scrSOL004_GCGCAACTCCTTGCCA	tumor	
scrSOL004_GCGCAGTAGAGCCCAA	tumor	
scrSOL004_GCGCAGTAGGTGACCA	tumor	
scrSOL004_GCGCAGTAGTCAAGCG	tumor	
scrSOL004_GCGCAGTCAAGCTGAG	tumor	
scrSOL004_GCGCAGTCACGTTGGC	tumor	
scrSOL004_GCGCAGTCATATGAGA	tumor	
scrSOL004_GCGCAGTCATCCAACA	normal	yes
scrSOL004_GCGCAGTTCAGTGTTG	tumor	
scrSOL004_GCGCAGTTCAGTTCGA	tumor	
scrSOL004_GCGCCAAAGACTAGGC	tumor	
scrSOL004_GCGCCAAAGATGGCGT	tumor	
scrSOL004_GCGCCAAAGTAGGTGC	tumor	
scrSOL004_GCGCCAACAATTGCTG	normal	
scrSOL004_GCGCCAACATCACGAT	normal	
scrSOL004_GCGCCAAGTGCTCTTC	tumor	
scrSOL004_GCGCCAAGTGTAAGTA	tumor	
scrSOL004_GCGCCAATCGCAAACT	tumor	
scrSOL004_GCGCGATAGAAGGCCT	tumor	
scrSOL004_GCGCGATAGCCACCTG	tumor	
scrSOL004_GCGCGATAGTACCGGA	tumor	
scrSOL004_GCGCGATAGTAGTGCG	tumor	
scrSOL004_GCGCGATCACGACGAA	tumor	
scrSOL004_GCGCGATTCAAAGTAG	tumor	
scrSOL004_GCGCGATTCCTGCAGG	tumor	
scrSOL004_GCGGGTTAGAGCTTCT	normal	
scrSOL004_GCGGGTTAGGCCCTTG	tumor	
scrSOL004_GCGGGTTAGTGTCTCA	tumor	
scrSOL004_GCGGGTTCAAGGTGTG	tumor	
scrSOL004_GCGGGTTGTACTCTCC	tumor	
scrSOL004_GCGGGTTGTCTCTTTA	tumor	
scrSOL004_GCGGGTTGTGTTAAGA	tumor	
scrSOL004_GCGGGTTTCCGTTGCT	tumor	
scrSOL004_GCTCCTAAGACGCTTT	tumor	
scrSOL004_GCTCCTACAGGAACGT	tumor	
scrSOL004_GCTCCTACAGTCGTGC	tumor	
scrSOL004_GCTCCTAGTAAGTGGC	normal	
scrSOL004_GCTCCTAGTATAGGGC	tumor	
scrSOL004_GCTCCTAGTTAAGTAG	tumor	
scrSOL004_GCTCCTAGTTACGACT	tumor	
scrSOL004_GCTCCTATCACCTTAT	normal	
scrSOL004_GCTCCTATCATTCACT	tumor	
scrSOL004_GCTCCTATCCAAGTAC	tumor	
scrSOL004_GCTCCTATCCAGTATG	normal	
scrSOL004_GCTCTGTAGAGTTGGC	tumor	
scrSOL004_GCTCTGTAGTGTTAGA	normal	
scrSOL004_GCTCTGTCAAGCTGTT	tumor	
scrSOL004_GCTCTGTCACGCGAAA	tumor	
scrSOL004_GCTCTGTGTGAAGGCT	tumor	
scrSOL004_GCTCTGTGTGCACCAC	tumor	
scrSOL004_GCTCTGTTCGAATGCT	tumor	
scrSOL004_GCTGCAGAGAACAATC	normal	
scrSOL004_GCTGCAGAGATGCCAG	tumor	
scrSOL004_GCTGCAGAGGAGTACC	tumor	
scrSOL004_GCTGCAGAGTCAAGCG	tumor	
scrSOL004_GCTGCAGAGTTACCCA	tumor	
scrSOL004_GCTGCAGCAAGTCTGT	tumor	
scrSOL004_GCTGCAGCAGTCCTTC	tumor	
scrSOL004_GCTGCAGGTGCCTGTG	tumor	
scrSOL004_GCTGCAGGTGTGAATA	normal	
scrSOL004_GCTGCAGTCCATTCTA	tumor	
scrSOL004_GCTGCAGTCCCTTGTG	tumor	
scrSOL004_GCTGCGAAGAGGTACC	normal	
scrSOL004_GCTGCGAAGATGCCAG	normal	
scrSOL004_GCTGCGAAGCTGATAA	tumor	
scrSOL004_GCTGCGACAACGCACC	normal	
scrSOL004_GCTGCGAGTAAGTTCC	tumor	
scrSOL004_GCTGCGAGTCAAACTC	tumor	
scrSOL004_GCTGCGATCACCGTAA	normal	
scrSOL004_GCTGCGATCGTTGACA	tumor	
scrSOL004_GCTGCTTAGCTGATAA	tumor	
scrSOL004_GCTGCTTAGGACAGAA	tumor	
scrSOL004_GCTGCTTAGGCTATCT	tumor	
scrSOL004_GCTGCTTCACAGGAGT	tumor	
scrSOL004_GCTGCTTGTAAATACG	normal	
scrSOL004_GCTGCTTGTACCGTAT	tumor	
scrSOL004_GCTGCTTGTAGCACGA	normal	
scrSOL004_GCTGCTTGTGAACCTT	normal	
scrSOL004_GCTGCTTGTGATGATA	tumor	
scrSOL004_GCTGCTTGTGTTGGGA	tumor	
scrSOL004_GCTGCTTTCTTCGAGA	tumor	
scrSOL004_GCTGGGTAGAAACCTA	tumor	
scrSOL004_GCTGGGTAGCGCCTCA	tumor	
scrSOL004_GCTGGGTAGTCGCCGT	tumor	
scrSOL004_GCTGGGTCAAGCGATG	tumor	
scrSOL004_GCTGGGTGTCAGAATA	tumor	
scrSOL004_GCTGGGTGTCGGCACT	tumor	
scrSOL004_GCTGGGTGTGGGTATG	normal	
scrSOL004_GCTGGGTGTGTTGAGG	tumor	
scrSOL004_GCTGGGTTCCCATTTA	tumor	
scrSOL004_GCTGGGTTCCTAGGGC	tumor	
scrSOL004_GCTGGGTTCGAATCCA	normal	
scrSOL004_GCTTCCAAGCAATATG	tumor	
scrSOL004_GCTTCCAAGTGGTAAT	normal	
scrSOL004_GCTTCCACATTTGCCC	normal	
scrSOL004_GCTTCCAGTCCTAGCG	tumor	
scrSOL004_GCTTCCAGTGATGATA	normal	
scrSOL004_GCTTCCAGTTCAGGCC	tumor	
scrSOL004_GCTTCCAGTTCCCGAG	tumor	
scrSOL004_GCTTCCATCAAACCAC	tumor	
scrSOL004_GCTTCCATCCAGTATG	tumor	
scrSOL004_GCTTCCATCGGATGGA	tumor	
scrSOL004_GCTTCCATCTGATTCT	tumor	
scrSOL004_GCTTCCATCTGGAGCC	normal	
scrSOL004_GCTTGAAAGATTACCC	tumor	
scrSOL004_GCTTGAAAGTACGTAA	normal	
scrSOL004_GCTTGAAAGTCTCCTC	tumor	
scrSOL004_GCTTGAAAGTGGTAGC	tumor	
scrSOL004_GCTTGAACACCAGCAC	tumor	
scrSOL004_GCTTGAAGTGTGAATA	normal	
scrSOL004_GCTTGAATCAGCGACC	tumor	
scrSOL004_GCTTGAATCCGGCACA	normal	
scrSOL004_GGAAAGCAGCACACAG	tumor	
scrSOL004_GGAAAGCAGGCCCTCA	tumor	
scrSOL004_GGAAAGCGTACACCGC	normal	
scrSOL004_GGAAAGCGTACTTAGC	normal	
scrSOL004_GGAAAGCGTCTAGCGC	tumor	
scrSOL004_GGAAAGCGTGCGGTAA	tumor	
scrSOL004_GGAAAGCTCGGCGCAT	tumor	
scrSOL004_GGAAAGCTCGTTTGCC	tumor	
scrSOL004_GGAAAGCTCTAGCACA	tumor	
scrSOL004_GGAAAGCTCTGTTGAG	normal	
scrSOL004_GGAACTTAGGGAGTAA	tumor	
scrSOL004_GGAACTTAGTACCGGA	normal	
scrSOL004_GGAACTTAGTGTCTCA	tumor	
scrSOL004_GGAACTTCAACAACCT	tumor	
scrSOL004_GGAACTTCAAGGCTCC	tumor	
scrSOL004_GGAACTTCAGACAAAT	tumor	
scrSOL004_GGAACTTCAGTAAGAT	tumor	
scrSOL004_GGAACTTGTCAGAGGT	tumor	
scrSOL004_GGAACTTGTTTGACAC	normal	
scrSOL004_GGAACTTTCCTTGCCA	tumor	
scrSOL004_GGAACTTTCTGTCTAT	tumor	
scrSOL004_GGAATAAAGAAGGGTA	tumor	
scrSOL004_GGAATAAAGCCCAATT	tumor	
scrSOL004_GGAATAACAGATCTGT	tumor	
scrSOL004_GGAATAAGTGGAAAGA	tumor	
scrSOL004_GGAATAATCAGTGTTG	tumor	
scrSOL004_GGACAAGCATGTAGTC	tumor	
scrSOL004_GGACAAGGTATGGTTC	tumor	
scrSOL004_GGACAAGTCACTTACT	tumor	
scrSOL004_GGACAAGTCCTTAATC	tumor	
scrSOL004_GGACAAGTCTAAGCCA	tumor	
scrSOL004_GGACAAGTCTCTGCTG	tumor	
scrSOL004_GGACAGAAGAGTACCG	tumor	
scrSOL004_GGACAGAAGTGGGCTA	tumor	
scrSOL004_GGACAGACAAGCCGTC	tumor	
scrSOL004_GGACAGAGTATATGGA	tumor	
scrSOL004_GGACAGATCGGAATCT	tumor	
scrSOL004_GGACATTAGAATCTCC	normal	
scrSOL004_GGACATTAGCACCGCT	tumor	
scrSOL004_GGACATTAGTCCGGTC	tumor	
scrSOL004_GGACATTAGTCTTGCA	tumor	
scrSOL004_GGACATTGTCAGCTAT	tumor	
scrSOL004_GGACATTGTGATAAAC	tumor	
scrSOL004_GGACATTGTTATTCTC	tumor	
scrSOL004_GGACATTTCAAACCAC	tumor	
scrSOL004_GGACGTCAGCCAACAG	tumor	
scrSOL004_GGACGTCCACTTAAGC	tumor	
scrSOL004_GGACGTCGTGCTCTTC	tumor	
scrSOL004_GGACGTCTCTGATACG	tumor	
scrSOL004_GGAGCAAAGACTTTCG	tumor	
scrSOL004_GGAGCAACAGCTGTGC	tumor	
scrSOL004_GGAGCAATCAGTCCCT	tumor	
scrSOL004_GGAGCAATCCTCAACC	tumor	
scrSOL004_GGATGTTAGAAGAAGC	tumor	
scrSOL004_GGATGTTAGACATAAC	tumor	
scrSOL004_GGATGTTAGAGCTGGT	tumor	
scrSOL004_GGATGTTAGCAACGGT	tumor	
scrSOL004_GGATGTTAGGCTCTTA	tumor	
scrSOL004_GGATGTTCATCGATTG	tumor	
scrSOL004_GGATGTTGTTCTGAAC	tumor	
scrSOL004_GGATGTTGTTGGGACA	tumor	
scrSOL004_GGATGTTGTTTCGCTC	normal	
scrSOL004_GGATGTTTCCGATATG	tumor	
scrSOL004_GGATGTTTCTCGAGTA	tumor	
scrSOL004_GGATGTTTCTCTGTCG	tumor	
scrSOL004_GGATTACCAAACTGTC	tumor	
scrSOL004_GGATTACCAAGACACG	tumor	
scrSOL004_GGATTACCAAGCCATT	normal	
scrSOL004_GGATTACCACGGCTAC	tumor	
scrSOL004_GGATTACCAGCAGTTT	tumor	
scrSOL004_GGATTACCATGCGCAC	tumor	
scrSOL004_GGATTACGTAGAGCTG	tumor	
scrSOL004_GGATTACGTCCCTTGT	tumor	
scrSOL004_GGATTACGTCTTGCGG	tumor	
scrSOL004_GGATTACTCACGCATA	tumor	
scrSOL004_GGATTACTCTCTAGGA	tumor	
scrSOL004_GGCAATTAGACACGAC	tumor	
scrSOL004_GGCAATTAGCAGGTCA	tumor	
scrSOL004_GGCAATTAGCGTCAAG	tumor	
scrSOL004_GGCAATTAGGAGTACC	tumor	
scrSOL004_GGCAATTAGGTGGGTT	tumor	
scrSOL004_GGCAATTAGTGTGAAT	tumor	
scrSOL004_GGCAATTCAACGATCT	normal	
scrSOL004_GGCAATTCAATAACGA	tumor	
scrSOL004_GGCAATTCAGACGTAG	tumor	
scrSOL004_GGCAATTCAGCTGTAT	normal	
scrSOL004_GGCAATTCATATGAGA	tumor	
scrSOL004_GGCAATTCATCGGAAG	normal	
scrSOL004_GGCAATTGTGTGAATA	tumor	
scrSOL004_GGCAATTGTTGCCTCT	tumor	
scrSOL004_GGCAATTTCAGCTGGC	tumor	
scrSOL004_GGCAATTTCATACGGT	tumor	
scrSOL004_GGCAATTTCGATAGAA	tumor	
scrSOL004_GGCCGATAGATGCGAC	tumor	
scrSOL004_GGCCGATAGGAATTAC	normal	
scrSOL004_GGCCGATAGTGTGAAT	tumor	
scrSOL004_GGCCGATCATAAGACA	tumor	
scrSOL004_GGCCGATCATATACCG	tumor	
scrSOL004_GGCCGATCATGAGCGA	normal	
scrSOL004_GGCCGATTCAGCCTAA	normal	
scrSOL004_GGCCGATTCCACGTGG	tumor	
scrSOL004_GGCCGATTCGGTCTAA	tumor	
scrSOL004_GGCCGATTCTGGTATG	tumor	
scrSOL004_GGCGACTAGCTTATCG	tumor	
scrSOL004_GGCGACTCATACGCCG	tumor	
scrSOL004_GGCGACTCATGCATGT	tumor	
scrSOL004_GGCGACTGTACAAGTA	tumor	
scrSOL004_GGCGACTGTACTCTCC	tumor	
scrSOL004_GGCGACTTCGCATGAT	tumor	
scrSOL004_GGCGACTTCTCTAGGA	tumor	
scrSOL004_GGCGTGTAGATCGGGT	tumor	
scrSOL004_GGCGTGTCAGAAGCAC	tumor	
scrSOL004_GGCGTGTCAGACAGGT	tumor	
scrSOL004_GGCGTGTGTGTCGCTG	tumor	
scrSOL004_GGCGTGTGTTCCGTCT	tumor	
scrSOL004_GGCGTGTTCAACACCA	normal	
scrSOL004_GGCGTGTTCAGGCGAA	normal	
scrSOL004_GGCGTGTTCCCAACGG	normal	
scrSOL004_GGCGTGTTCCGTAGTA	tumor	
scrSOL004_GGCTCGAAGAGTGAGA	tumor	
scrSOL004_GGCTCGAAGGGCATGT	tumor	
scrSOL004_GGCTCGAGTGCATCTA	tumor	
scrSOL004_GGCTCGATCATGTCCC	tumor	
scrSOL004_GGCTCGATCCGTTGTC	tumor	
scrSOL004_GGCTGGTCAAGCCATT	tumor	
scrSOL004_GGCTGGTCATACAGCT	tumor	
scrSOL004_GGCTGGTCATTATCTC	tumor	
scrSOL004_GGCTGGTGTTCACCTC	tumor	
scrSOL004_GGCTGGTTCACATACG	tumor	
scrSOL004_GGCTGGTTCATCGGAT	tumor	
scrSOL004_GGCTGGTTCTACGAGT	tumor	
scrSOL004_GGGAATGAGTCATGCT	tumor	
scrSOL004_GGGAATGCACCGATAT	tumor	
scrSOL004_GGGAATGCACTCTGTC	tumor	
scrSOL004_GGGAATGCAGTATCTG	tumor	
scrSOL004_GGGAATGCAGTTCCCT	tumor	
scrSOL004_GGGAATGCATCTATGG	normal	
scrSOL004_GGGAATGGTATTAGCC	tumor	
scrSOL004_GGGAATGGTGCAGGTA	tumor	
scrSOL004_GGGAATGGTTAGAACA	tumor	
scrSOL004_GGGAATGTCATCATTC	tumor	
scrSOL004_GGGAATGTCGTCCAGG	tumor	
scrSOL004_GGGACCTAGGTGATAT	tumor	
scrSOL004_GGGACCTCATAGGATA	normal	
scrSOL004_GGGACCTGTCAATGTC	tumor	
scrSOL004_GGGACCTGTCATACTG	tumor	
scrSOL004_GGGACCTTCCTACAGA	tumor	
scrSOL004_GGGACCTTCCTAGGGC	normal	
scrSOL004_GGGACCTTCCTCAACC	normal	
scrSOL004_GGGACCTTCGTTACGA	tumor	
scrSOL004_GGGAGATAGCGCTCCA	tumor	
scrSOL004_GGGAGATCAGCCTGTG	tumor	
scrSOL004_GGGAGATCATTCGACA	tumor	
scrSOL004_GGGAGATGTCTGCCAG	tumor	
scrSOL004_GGGAGATGTTGACGTT	tumor	
scrSOL004_GGGAGATTCTGAGTGT	tumor	
scrSOL004_GGGATGAAGGTCGGAT	tumor	
scrSOL004_GGGATGACAACTTGAC	tumor	
scrSOL004_GGGATGACACGGCCAT	tumor	
scrSOL004_GGGATGACATCCGCGA	tumor	
scrSOL004_GGGATGACATTGGGCC	tumor	
scrSOL004_GGGATGAGTCCCGACA	normal	
scrSOL004_GGGATGATCACCATAG	tumor	
scrSOL004_GGGATGATCCCTTGTG	tumor	
scrSOL004_GGGATGATCCTCCTAG	tumor	
scrSOL004_GGGATGATCCTTAATC	tumor	
scrSOL004_GGGATGATCGCCTGAG	normal	
scrSOL004_GGGCACTAGCCTCGTG	tumor	
scrSOL004_GGGCACTAGGCAGGTT	tumor	
scrSOL004_GGGCACTCATATACGC	tumor	
scrSOL004_GGGCACTCATATGGTC	normal	
scrSOL004_GGGCACTTCCCTAACC	tumor	
scrSOL004_GGGCACTTCCCTAATT	tumor	
scrSOL004_GGGCATCAGCTGATAA	tumor	
scrSOL004_GGGCATCCAATCTGCA	tumor	
scrSOL004_GGGCATCCAGCTTAAC	tumor	
scrSOL004_GGGCATCCATGCGCAC	tumor	
scrSOL004_GGGCATCGTTCACCTC	tumor	
scrSOL004_GGGCATCTCGTGGGAA	tumor	
scrSOL004_GGGCATCTCTTCGGTC	normal	
scrSOL004_GGGTCTGTCGTGGGAA	tumor	
scrSOL004_GGGTTGCAGCTTTGGT	tumor	
scrSOL004_GGGTTGCCAATCCAAC	tumor	
scrSOL004_GGGTTGCCACCATCCT	tumor	
scrSOL004_GGGTTGCGTAGCTGCC	tumor	
scrSOL004_GGGTTGCGTCCGAACC	tumor	
scrSOL004_GGGTTGCGTGTCAATC	tumor	
scrSOL004_GGGTTGCGTTATGCGT	tumor	
scrSOL004_GGGTTGCTCCGTCATC	tumor	
scrSOL004_GGTATTGAGACACTAA	tumor	
scrSOL004_GGTATTGAGCTGTTCA	tumor	
scrSOL004_GGTATTGAGGCGATAC	tumor	
scrSOL004_GGTATTGAGTCCCACG	tumor	
scrSOL004_GGTATTGAGTGGCACA	normal	
scrSOL004_GGTATTGCATGTCCTC	tumor	
scrSOL004_GGTATTGGTACTTAGC	tumor	
scrSOL004_GGTATTGGTCAGCTAT	tumor	
scrSOL004_GGTATTGTCCAGATCA	tumor	
scrSOL004_GGTGAAGAGTGTTAGA	tumor	
scrSOL004_GGTGAAGTCTGGAGCC	tumor	
scrSOL004_GGTGCGTAGCGATCCC	tumor	
scrSOL004_GGTGCGTAGCTAAACA	tumor	
scrSOL004_GGTGCGTAGGACAGCT	tumor	
scrSOL004_GGTGCGTAGGAGCGAG	tumor	
scrSOL004_GGTGCGTCACGGACAA	tumor	
scrSOL004_GGTGCGTGTTTGACTG	tumor	
scrSOL004_GGTGCGTTCCCTGACT	tumor	
scrSOL004_GGTGCGTTCTGCTTGC	tumor	
scrSOL004_GGTGCGTTCTTGCAAG	tumor	
scrSOL004_GGTGTTAAGTCTCGGC	tumor	
scrSOL004_GGTGTTACATTGGCGC	tumor	
scrSOL004_GGTGTTAGTAAGTGTA	tumor	
scrSOL004_GGTGTTATCAAACAAG	tumor	
scrSOL004_GGTGTTATCAGAGACG	tumor	
scrSOL004_GGTGTTATCCTGTAGA	tumor	
scrSOL004_GGTGTTATCCTTTCTC	tumor	
scrSOL004_GTAACGTAGCATGGCA	normal	
scrSOL004_GTAACGTCAAACGTGG	tumor	
scrSOL004_GTAACGTGTACAGTGG	tumor	
scrSOL004_GTAACGTGTAGGGTAC	tumor	
scrSOL004_GTAACGTGTCTAAAGA	normal	
scrSOL004_GTAACGTTCTGCGACG	tumor	
scrSOL004_GTAACTGAGGCTCATT	tumor	
scrSOL004_GTAACTGCAGGTGGAT	normal	
scrSOL004_GTAACTGCATAACCTG	tumor	
scrSOL004_GTAACTGCATGAGCGA	tumor	
scrSOL004_GTAACTGGTGCGGTAA	tumor	
scrSOL004_GTAACTGGTGGACGAT	tumor	
scrSOL004_GTAACTGGTTCCATGA	tumor	
scrSOL004_GTAACTGGTTCGGCAC	tumor	
scrSOL004_GTAACTGTCATGTCCC	tumor	
scrSOL004_GTACGTAAGGTAGCCA	tumor	
scrSOL004_GTACGTAAGTGGTCCC	tumor	
scrSOL004_GTACGTACAATTGCTG	tumor	
scrSOL004_GTACGTACAGTAAGAT	tumor	
scrSOL004_GTACGTATCCAAGTAC	tumor	
scrSOL004_GTACTCCAGAGACGAA	tumor	
scrSOL004_GTACTCCCAAGCCCAC	tumor	
scrSOL004_GTACTCCCACTCGACG	tumor	
scrSOL004_GTACTCCCATGACATC	tumor	
scrSOL004_GTACTCCTCACGCGGT	tumor	
scrSOL004_GTACTCCTCCGCAAGC	tumor	
scrSOL004_GTACTTTAGACAGGCT	tumor	
scrSOL004_GTACTTTAGCTAAGAT	tumor	
scrSOL004_GTACTTTAGGATGGTC	tumor	
scrSOL004_GTACTTTAGGTAAACT	tumor	
scrSOL004_GTACTTTAGTTGAGTA	tumor	
scrSOL004_GTACTTTCAATAGCAA	tumor	
scrSOL004_GTACTTTCAATGAATG	tumor	
scrSOL004_GTACTTTGTACAGACG	tumor	
scrSOL004_GTACTTTTCCTAGGGC	tumor	
scrSOL004_GTACTTTTCGGCGCTA	tumor	
scrSOL004_GTAGGCCAGAAACCTA	tumor	
scrSOL004_GTAGGCCAGCTCCTCT	tumor	
scrSOL004_GTAGGCCAGCTTCGCG	tumor	
scrSOL004_GTAGGCCTCAGGTAAA	tumor	
scrSOL004_GTAGTCAAGACCTTTG	tumor	
scrSOL004_GTAGTCACAAGCTGTT	tumor	
scrSOL004_GTAGTCACACATCCAA	tumor	
scrSOL004_GTAGTCACACGAGGTA	tumor	
scrSOL004_GTAGTCACACTGTTAG	tumor	
scrSOL004_GTAGTCACAGCGTTCG	tumor	
scrSOL004_GTAGTCAGTAGCGTGA	tumor	
scrSOL004_GTAGTCAGTGGACGAT	tumor	
scrSOL004_GTAGTCATCTATCCTA	tumor	
scrSOL004_GTATCTTAGAAGAAGC	normal	
scrSOL004_GTATCTTAGAGGGATA	tumor	
scrSOL004_GTATCTTAGCAATATG	tumor	
scrSOL004_GTATCTTAGCGTTCCG	tumor	
scrSOL004_GTATCTTAGCTGTCTA	normal	
scrSOL004_GTATCTTCAGACTCGC	normal	
scrSOL004_GTATCTTGTAGCGTAG	tumor	
scrSOL004_GTATCTTGTGTGCCTG	normal	
scrSOL004_GTATCTTTCCAAGTAC	tumor	
scrSOL004_GTATCTTTCCACGCAG	tumor	
scrSOL004_GTATCTTTCTGGTATG	tumor	
scrSOL004_GTATCTTTCTTAACCT	tumor	
scrSOL004_GTATTCTAGAATCTCC	tumor	
scrSOL004_GTATTCTAGACAAAGG	tumor	
scrSOL004_GTATTCTCAATAGCAA	tumor	
scrSOL004_GTATTCTCACGTGAGA	normal	
scrSOL004_GTATTCTGTCTCCACT	normal	
scrSOL004_GTCAAGTAGCGCTTAT	tumor	
scrSOL004_GTCAAGTGTAAGAGGA	tumor	
scrSOL004_GTCAAGTGTATAATGG	tumor	
scrSOL004_GTCAAGTGTGGTTTCA	tumor	
scrSOL004_GTCACAAAGAACAACT	tumor	
scrSOL004_GTCACAAAGGATCGCA	tumor	
scrSOL004_GTCACAACAATCGAAA	tumor	
scrSOL004_GTCACAACACCGCTAG	tumor	
scrSOL004_GTCACAAGTAAATGTG	tumor	
scrSOL004_GTCACAAGTTCCCTTG	tumor	
scrSOL004_GTCACAATCACTATTC	tumor	
scrSOL004_GTCACGGCACAGGAGT	tumor	
scrSOL004_GTCACGGCACTGTTAG	tumor	
scrSOL004_GTCACGGCAGTGGGAT	tumor	
scrSOL004_GTCACGGCATAAAGGT	tumor	
scrSOL004_GTCACGGGTGGAAAGA	tumor	
scrSOL004_GTCACGGGTTGATTGC	tumor	
scrSOL004_GTCACGGTCTCTGTCG	normal	
scrSOL004_GTCACGGTCTGATTCT	tumor	
scrSOL004_GTCACGGTCTGGCGAC	tumor	
scrSOL004_GTCATTTAGACTTTCG	tumor	
scrSOL004_GTCATTTAGCACACAG	tumor	
scrSOL004_GTCATTTAGCAGCGTA	tumor	
scrSOL004_GTCATTTGTACCGCTG	tumor	
scrSOL004_GTCATTTGTCTAGCGC	tumor	
scrSOL004_GTCATTTGTTCCCGAG	tumor	
scrSOL004_GTCATTTTCCTTAATC	tumor	
scrSOL004_GTCCTCAAGGACAGCT	tumor	
scrSOL004_GTCCTCAAGGCATGTG	tumor	
scrSOL004_GTCCTCAAGGGAGTAA	tumor	
scrSOL004_GTCCTCACAAGCTGAG	normal	
scrSOL004_GTCCTCACACATTTCT	tumor	
scrSOL004_GTCCTCACATCAGTCA	normal	
scrSOL004_GTCCTCAGTCGCATAT	tumor	
scrSOL004_GTCCTCATCCGATATG	tumor	
scrSOL004_GTCCTCATCCTATTCA	normal	
scrSOL004_GTCGGGTAGCCACTAT	tumor	
scrSOL004_GTCGGGTCAAGCTGTT	tumor	
scrSOL004_GTCGGGTCAGGTTTCA	normal	
scrSOL004_GTCGGGTCAGTACACT	tumor	
scrSOL004_GTCGGGTTCATTCACT	tumor	
scrSOL004_GTCGGGTTCTAACTTC	tumor	
scrSOL004_GTCGTAAAGAAGGCCT	normal	
scrSOL004_GTCGTAAAGCGTGAGT	tumor	
scrSOL004_GTCGTAAAGTACTTGC	tumor	
scrSOL004_GTCGTAACACCCAGTG	tumor	
scrSOL004_GTCGTAACATACGCCG	normal	
scrSOL004_GTCGTAAGTCGCATCG	tumor	
scrSOL004_GTCGTAAGTTTACTCT	tumor	
scrSOL004_GTCGTAATCGGAATCT	tumor	
scrSOL004_GTCTCGTAGGAATGGA	tumor	
scrSOL004_GTCTCGTAGTCGTACT	tumor	
scrSOL004_GTCTCGTCACAGCCCA	normal	
scrSOL004_GTCTCGTCACAGGAGT	tumor	
scrSOL004_GTCTCGTCACATTTCT	tumor	
scrSOL004_GTCTCGTCACCGTTGG	tumor	
scrSOL004_GTCTCGTCAGGTGGAT	tumor	
scrSOL004_GTCTCGTCATTCTTAC	tumor	
scrSOL004_GTCTCGTGTGATGTGG	normal	
scrSOL004_GTCTCGTGTGTGGTTT	tumor	
scrSOL004_GTCTCGTTCGACGGAA	tumor	
scrSOL004_GTCTTCGAGAGTACCG	tumor	
scrSOL004_GTCTTCGAGCGCTTAT	normal	
scrSOL004_GTCTTCGAGGTTCCTA	tumor	
scrSOL004_GTCTTCGAGTAACCCT	tumor	
scrSOL004_GTCTTCGAGTGACTCT	normal	
scrSOL004_GTCTTCGCAGACGCTC	tumor	
scrSOL004_GTCTTCGCAGCTCGAC	tumor	
scrSOL004_GTCTTCGCAGGACCCT	normal	
scrSOL004_GTCTTCGCATCTCGCT	tumor	
scrSOL004_GTCTTCGGTCCAGTGC	normal	
scrSOL004_GTCTTCGGTCCGTCAG	normal	
scrSOL004_GTCTTCGGTTCATGGT	tumor	
scrSOL004_GTCTTCGTCAGTTCGA	tumor	
scrSOL004_GTCTTCGTCATATCGG	tumor	
scrSOL004_GTCTTCGTCCGCAGTG	tumor	
scrSOL004_GTCTTCGTCCGTTGTC	tumor	
scrSOL004_GTCTTCGTCCTCTAGC	normal	
scrSOL004_GTGAAGGAGTTAGGTA	tumor	
scrSOL004_GTGAAGGCAACTGCTA	tumor	
scrSOL004_GTGAAGGCACGAAAGC	tumor	
scrSOL004_GTGAAGGCACGGCCAT	tumor	
scrSOL004_GTGAAGGCATCTCCCA	tumor	
scrSOL004_GTGAAGGGTACCGTAT	tumor	
scrSOL004_GTGAAGGGTAGCCTAT	tumor	
scrSOL004_GTGAAGGGTTATCCGA	tumor	
scrSOL004_GTGCAGCAGACCTTTG	tumor	
scrSOL004_GTGCAGCAGGTGACCA	tumor	
scrSOL004_GTGCAGCCAATCCGAT	tumor	
scrSOL004_GTGCAGCGTCGCTTCT	tumor	
scrSOL004_GTGCAGCGTTCAGTAC	normal	
scrSOL004_GTGCAGCTCATAGCAC	normal	
scrSOL004_GTGCAGCTCCATGAAC	tumor	
scrSOL004_GTGCAGCTCCGAACGC	normal	yes
scrSOL004_GTGCAGCTCGTTACGA	normal	
scrSOL004_GTGCAGCTCTTAGCCC	normal	
scrSOL004_GTGCATAAGATAGGAG	tumor	
scrSOL004_GTGCATAAGCACACAG	normal	
scrSOL004_GTGCATAAGTGAAGTT	tumor	
scrSOL004_GTGCATACACAGGCCT	tumor	
scrSOL004_GTGCATACAGTCCTTC	tumor	
scrSOL004_GTGCATAGTCGGGTCT	normal	
scrSOL004_GTGCATATCTAGAGTC	normal	
scrSOL004_GTGCGGTCATGTCGAT	tumor	
scrSOL004_GTGCGGTGTTGAGTTC	tumor	
scrSOL004_GTGCGGTTCTCAAACG	tumor	
scrSOL004_GTGCTTCAGGACCACA	tumor	
scrSOL004_GTGCTTCCACCCTATC	tumor	
scrSOL004_GTGCTTCGTATAAACG	tumor	
scrSOL004_GTGCTTCGTCCTGCTT	tumor	
scrSOL004_GTGCTTCGTTAAGGGC	tumor	
scrSOL004_GTGCTTCTCAGTGCAT	normal	
scrSOL004_GTGCTTCTCTTTACGT	tumor	
scrSOL004_GTGGGTCCACGGCGTT	tumor	
scrSOL004_GTGGGTCCAGGGTTAG	normal	
scrSOL004_GTGGGTCCAGTTAACC	tumor	
scrSOL004_GTGGGTCCATGGAATA	tumor	
scrSOL004_GTGGGTCGTCCGTTAA	tumor	
scrSOL004_GTGGGTCTCAACACCA	normal	
scrSOL004_GTGGGTCTCCTTTACA	tumor	
scrSOL004_GTGGGTCTCGATCCCT	tumor	
scrSOL004_GTGGGTCTCGGAATCT	tumor	
scrSOL004_GTGGGTCTCGGCATCG	tumor	
scrSOL004_GTGTGCGAGACTAAGT	tumor	
scrSOL004_GTGTGCGAGTGTTGAA	normal	
scrSOL004_GTGTGCGCAAGTTAAG	normal	yes
scrSOL004_GTGTGCGCATCAGTCA	normal	
scrSOL004_GTGTGCGGTAGAAAGG	tumor	
scrSOL004_GTGTGCGTCCCATTTA	tumor	
scrSOL004_GTGTGCGTCCTGCCAT	tumor	
scrSOL004_GTGTGCGTCGGCTTGG	tumor	
scrSOL004_GTGTTAGAGTACGACG	tumor	
scrSOL004_GTGTTAGAGTTAAGTG	normal	
scrSOL004_GTGTTAGCATAACCTG	normal	
scrSOL004_GTGTTAGGTACCCAAT	tumor	
scrSOL004_GTGTTAGGTACGCACC	normal	
scrSOL004_GTGTTAGGTATGCTTG	tumor	
scrSOL004_GTGTTAGTCCAATGGT	tumor	
scrSOL004_GTTAAGCAGTGAATTG	tumor	
scrSOL004_GTTAAGCAGTGCGTGA	normal	
scrSOL004_GTTAAGCCAGACGTAG	normal	
scrSOL004_GTTAAGCCAGTCTTCC	tumor	
scrSOL004_GTTAAGCGTGTTAAGA	tumor	
scrSOL004_GTTAAGCTCACGGTTA	tumor	
scrSOL004_GTTAAGCTCGGATGTT	normal	
scrSOL004_GTTACAGCAAACTGCT	normal	
scrSOL004_GTTACAGCACCGAATT	tumor	
scrSOL004_GTTACAGGTACCGCTG	tumor	
scrSOL004_GTTACAGGTCGGCTCA	normal	
scrSOL004_GTTACAGGTGTGACGA	tumor	
scrSOL004_GTTACAGGTTACGCGC	tumor	
scrSOL004_GTTACAGGTTCCCGAG	tumor	
scrSOL004_GTTACAGTCTGCAGTA	tumor	
scrSOL004_GTTCATTAGACTGTAA	tumor	
scrSOL004_GTTCATTAGCAGCGTA	normal	
scrSOL004_GTTCATTCAGGTGGAT	tumor	
scrSOL004_GTTCATTTCGCGTTTC	normal	
scrSOL004_GTTCGGGAGAGCCTAG	normal	
scrSOL004_GTTCGGGAGCATGGCA	tumor	
scrSOL004_GTTCGGGAGCGGCTTC	tumor	
scrSOL004_GTTCGGGAGCGTTCCG	tumor	
scrSOL004_GTTCGGGAGTACGCCC	tumor	
scrSOL004_GTTCGGGAGTGGGATC	tumor	
scrSOL004_GTTCGGGCACTGTCGG	tumor	
scrSOL004_GTTCGGGGTTAAGTAG	tumor	
scrSOL004_GTTCGGGTCACGACTA	tumor	
scrSOL004_GTTCGGGTCCAGTAGT	normal	
scrSOL004_GTTCGGGTCGTCGTTC	tumor	
scrSOL004_GTTCTCGAGAAACCTA	tumor	
scrSOL004_GTTCTCGAGACCACGA	tumor	
scrSOL004_GTTCTCGAGATGCCAG	tumor	
scrSOL004_GTTCTCGAGCACACAG	tumor	
scrSOL004_GTTCTCGGTAAAGTCA	tumor	
scrSOL004_GTTCTCGTCCACGAAT	tumor	
scrSOL004_GTTCTCGTCTCGTATT	tumor	
scrSOL004_GTTTCTAAGACAATAC	tumor	
scrSOL004_GTTTCTAAGCTAGTCT	tumor	
scrSOL004_GTTTCTACAAGCGCTC	tumor	
scrSOL004_GTTTCTACACAGTCGC	normal	
scrSOL004_GTTTCTACACCCATTC	normal	yes
scrSOL004_GTTTCTAGTCATGCAT	tumor	
scrSOL004_GTTTCTATCCCATTAT	tumor	
scrSOL004_GTTTCTATCGAGGTAG	tumor	
scrSOL004_GTTTCTATCTGATTCT	normal	
scrSOL004_GTTTCTATCTTATCTG	tumor	
scrSOL004_TAAACCGAGGCAGGTT	normal	
scrSOL004_TAAACCGAGGCCCTCA	tumor	
scrSOL004_TAAACCGAGGCCGAAT	tumor	
scrSOL004_TAAACCGCACGCCAGT	tumor	
scrSOL004_TAAACCGCAGCTTAAC	tumor	
scrSOL004_TAAACCGCAGTACACT	tumor	
scrSOL004_TAAACCGGTGTGGTTT	normal	
scrSOL004_TAAACCGGTTAAGAAC	tumor	
scrSOL004_TAAACCGGTTACCGAT	normal	
scrSOL004_TAAACCGTCAACACTG	tumor	
scrSOL004_TAAACCGTCATAACCG	tumor	
scrSOL004_TAAACCGTCCTAGTGA	tumor	
scrSOL004_TAAACCGTCTCGGACG	tumor	
scrSOL004_TAAGAGACACTGAAGG	tumor	
scrSOL004_TAAGAGACATAGACTC	tumor	
scrSOL004_TAAGAGAGTAAGTGTA	tumor	
scrSOL004_TAAGAGAGTACTCAAC	tumor	
scrSOL004_TAAGAGAGTCCGAATT	tumor	
scrSOL004_TAAGAGAGTCTTGCGG	tumor	
scrSOL004_TAAGAGATCCAAGCCG	tumor	
scrSOL004_TAAGAGATCCTGCTTG	normal	
scrSOL004_TAAGAGATCGACGGAA	tumor	
scrSOL004_TAAGCGTAGCACCGCT	tumor	
scrSOL004_TAAGCGTAGGGATCTG	tumor	
scrSOL004_TAAGCGTAGTGACATA	tumor	
scrSOL004_TAAGCGTCAGTAACGG	tumor	
scrSOL004_TAAGCGTGTAGCGATG	normal	
scrSOL004_TAAGCGTGTATGAATG	tumor	
scrSOL004_TAAGCGTGTCAGGACA	tumor	
scrSOL004_TAAGCGTGTGGTAACG	normal	
scrSOL004_TAAGCGTTCACCGTAA	normal	
scrSOL004_TAAGTGCAGATCGATA	tumor	
scrSOL004_TAAGTGCAGCCAGTAG	normal	
scrSOL004_TAAGTGCAGTCCCACG	tumor	
scrSOL004_TAAGTGCCAAGCCTAT	tumor	
scrSOL004_TAAGTGCCACTCAGGC	tumor	
scrSOL004_TAAGTGCCACTTAACG	normal	
scrSOL004_TAAGTGCTCATTTGGG	tumor	
scrSOL004_TACACGAAGATATACG	tumor	
scrSOL004_TACACGAAGTCTCGGC	tumor	
scrSOL004_TACACGACAGTCACTA	normal	
scrSOL004_TACACGAGTCTGGTCG	tumor	
scrSOL004_TACACGAGTTGTACAC	tumor	
scrSOL004_TACACGATCATCTGCC	normal	
scrSOL004_TACAGTGAGCCCGAAA	tumor	
scrSOL004_TACAGTGCAGACACTT	normal	
scrSOL004_TACAGTGGTCGACTAT	tumor	
scrSOL004_TACAGTGGTGATAAAC	tumor	
scrSOL004_TACAGTGTCCAGAAGG	tumor	
scrSOL004_TACCTATAGTACATGA	tumor	
scrSOL004_TACCTATCAGCTTAAC	tumor	
scrSOL004_TACCTATGTATATCCG	tumor	
scrSOL004_TACCTATGTCCCTACT	tumor	
scrSOL004_TACCTATGTCTGGTCG	normal	
scrSOL004_TACCTATGTTCCATGA	tumor	
scrSOL004_TACCTATTCAGCTGGC	tumor	
scrSOL004_TACCTATTCCTTAATC	tumor	
scrSOL004_TACCTATTCTCTAAGG	tumor	
scrSOL004_TACCTTAAGTCAAGCG	tumor	
scrSOL004_TACCTTACAAAGGCGT	tumor	
scrSOL004_TACCTTACACGACTCG	tumor	
scrSOL004_TACCTTACATGGTTGT	tumor	
scrSOL004_TACCTTAGTCGCGGTT	tumor	
scrSOL004_TACCTTAGTTCGCTAA	tumor	
scrSOL004_TACCTTATCGTTTAGG	tumor	
scrSOL004_TACGGATAGCCAGTAG	tumor	
scrSOL004_TACGGATAGTGATCGG	tumor	
scrSOL004_TACGGATCACGGTAGA	tumor	
scrSOL004_TACGGATCATTTCAGG	tumor	
scrSOL004_TACGGATTCTAGAGTC	tumor	
scrSOL004_TACGGGCAGCGTGAAC	tumor	
scrSOL004_TACGGGCCACATTCGA	tumor	
scrSOL004_TACGGGCCAGGTCGTC	normal	
scrSOL004_TACGGGCCATCCGTGG	tumor	
scrSOL004_TACGGGCCATGCCCGA	normal	
scrSOL004_TACGGGCGTCCAGTAT	tumor	
scrSOL004_TACGGGCGTCTAGGTT	normal	
scrSOL004_TACGGGCTCAGGATCT	tumor	
scrSOL004_TACGGGCTCTAACTTC	normal	
scrSOL004_TACGGGCTCTTACCGC	tumor	
scrSOL004_TACGGGCTCTTGCAAG	tumor	
scrSOL004_TACGGTAAGAGCTGGT	tumor	
scrSOL004_TACGGTACAAGAAAGG	tumor	
scrSOL004_TACGGTAGTATAGGTA	tumor	
scrSOL004_TACGGTAGTGAGTATA	normal	
scrSOL004_TACTCATAGCGGATCA	tumor	
scrSOL004_TACTCATAGGCAATTA	tumor	
scrSOL004_TACTCATAGGTGCTTT	tumor	
scrSOL004_TACTCATAGTTACGGG	tumor	
scrSOL004_TACTCATAGTTGTCGT	tumor	
scrSOL004_TACTCATCACAGGCCT	tumor	
scrSOL004_TACTCATGTCCGTGAC	tumor	
scrSOL004_TACTCATGTGGCTCCA	tumor	
scrSOL004_TACTCATGTGGTAACG	tumor	
scrSOL004_TACTCATGTTCGCGAC	tumor	
scrSOL004_TACTCATTCTCCAGGG	tumor	
scrSOL004_TACTCATTCTTTCCTC	normal	
scrSOL004_TACTCGCAGCCGGTAA	tumor	
scrSOL004_TACTCGCAGGTGTGGT	tumor	
scrSOL004_TACTCGCAGGTTCCTA	tumor	
scrSOL004_TACTCGCCATGCCCGA	tumor	
scrSOL004_TACTCGCGTGTCGCTG	tumor	
scrSOL004_TACTCGCGTTCTGTTT	tumor	
scrSOL004_TACTCGCTCATGCATG	tumor	
scrSOL004_TACTCGCTCGTGGGAA	normal	
scrSOL004_TACTTACAGAGTAAGG	normal	yes
scrSOL004_TACTTACAGATCTGAA	tumor	
scrSOL004_TACTTACAGTATCTCG	tumor	
scrSOL004_TACTTACAGTCATGCT	tumor	
scrSOL004_TACTTACGTCAACATC	tumor	
scrSOL004_TACTTACGTGCGAAAC	normal	
scrSOL004_TACTTACGTTAGGGTG	tumor	
scrSOL004_TACTTACTCAACGAAA	tumor	
scrSOL004_TACTTACTCAAGGTAA	normal	
scrSOL004_TACTTACTCATCTGTT	tumor	
scrSOL004_TACTTACTCCAAGCCG	tumor	
scrSOL004_TACTTACTCCAGTATG	normal	
scrSOL004_TACTTACTCGGCGGTT	tumor	
scrSOL004_TACTTGTAGATATGGT	tumor	
scrSOL004_TACTTGTAGCTCCTTC	tumor	
scrSOL004_TACTTGTCAAATTGCC	normal	
scrSOL004_TACTTGTCACATTCGA	normal	
scrSOL004_TACTTGTCAGCCTATA	tumor	
scrSOL004_TACTTGTCATATGAGA	tumor	
scrSOL004_TACTTGTGTAGCTTGT	tumor	
scrSOL004_TACTTGTGTCTAGAGG	tumor	
scrSOL004_TACTTGTTCCAGAAGG	tumor	
scrSOL004_TACTTGTTCTGATTCT	tumor	
scrSOL004_TAGACCAAGGAATCGC	tumor	
scrSOL004_TAGACCAAGTGTACGG	normal	
scrSOL004_TAGACCAAGTGTCTCA	tumor	
scrSOL004_TAGACCAAGTGTTTGC	tumor	
scrSOL004_TAGACCACACTAGTAC	tumor	
scrSOL004_TAGACCACAGCTCCGA	tumor	
scrSOL004_TAGACCACATAGGATA	tumor	
scrSOL004_TAGACCAGTCTAAAGA	tumor	
scrSOL004_TAGACCAGTCTTCAAG	normal	
scrSOL004_TAGACCATCAACGGCC	tumor	
scrSOL004_TAGAGCTAGGCATGTG	tumor	
scrSOL004_TAGAGCTCACCAACCG	tumor	
scrSOL004_TAGAGCTGTCCCTACT	tumor	
scrSOL004_TAGAGCTTCCTACAGA	tumor	
scrSOL004_TAGAGCTTCGCAAACT	tumor	
scrSOL004_TAGAGCTTCTTACCGC	tumor	
scrSOL004_TAGCCGGCATGGAATA	tumor	
scrSOL004_TAGCCGGGTCACCCAG	tumor	
scrSOL004_TAGCCGGGTGCCTGGT	tumor	
scrSOL004_TAGCCGGTCACAGGCC	tumor	
scrSOL004_TAGCCGGTCCCTAACC	tumor	
scrSOL004_TAGCCGGTCCTACAGA	tumor	
scrSOL004_TAGCCGGTCTATGTGG	normal	
scrSOL004_TAGGCATCATGGTAGG	tumor	
scrSOL004_TAGGCATGTGTTGAGG	tumor	
scrSOL004_TAGGCATGTTATCACG	tumor	
scrSOL004_TAGGCATTCGTGACAT	tumor	
scrSOL004_TAGTGGTAGTCCATAC	tumor	
scrSOL004_TAGTGGTAGTCTCCTC	tumor	
scrSOL004_TAGTGGTCAAGCGATG	tumor	
scrSOL004_TAGTGGTCAGGTCGTC	tumor	
scrSOL004_TAGTGGTGTAATTGGA	normal	
scrSOL004_TAGTGGTGTCAAGCGA	tumor	
scrSOL004_TAGTGGTGTTGCCTCT	tumor	
scrSOL004_TAGTGGTTCACATAGC	tumor	
scrSOL004_TAGTGGTTCTGGTGTA	tumor	
scrSOL004_TAGTTGGAGCCAGGAT	tumor	
scrSOL004_TAGTTGGAGCCGCCTA	tumor	
scrSOL004_TAGTTGGAGGAGTCTG	tumor	
scrSOL004_TAGTTGGAGGATTCGG	tumor	
scrSOL004_TAGTTGGCAAACCTAC	tumor	
scrSOL004_TAGTTGGCACTAGTAC	tumor	
scrSOL004_TAGTTGGCATTTCAGG	tumor	
scrSOL004_TAGTTGGTCAGTCAGT	normal	
scrSOL004_TATCAGGAGATCGGGT	tumor	
scrSOL004_TATCAGGGTGCAGGTA	normal	yes
scrSOL004_TATCAGGGTGCCTGTG	tumor	
scrSOL004_TATCAGGTCACTTACT	normal	yes
scrSOL004_TATCAGGTCGAATGCT	tumor	
scrSOL004_TATCTCAAGAAACCTA	normal	
scrSOL004_TATCTCAAGAAGCCCA	tumor	
scrSOL004_TATCTCAAGAAGGCCT	tumor	
scrSOL004_TATCTCACACCGAAAG	tumor	
scrSOL004_TATCTCACAGGGAGAG	tumor	
scrSOL004_TATCTCAGTAGGCATG	tumor	
scrSOL004_TATCTCATCGCGTTTC	tumor	
scrSOL004_TATCTCATCGTCACGG	tumor	
scrSOL004_TATGCCCAGGAGTTGC	normal	
scrSOL004_TATGCCCAGTAATCCC	tumor	
scrSOL004_TATGCCCCAAAGAATC	tumor	
scrSOL004_TATGCCCCAATGAATG	tumor	
scrSOL004_TATGCCCCACCACCAG	normal	
scrSOL004_TATGCCCCAGGCTCAC	tumor	
scrSOL004_TATGCCCCAGTTTACG	tumor	
scrSOL004_TATGCCCCATGGTAGG	tumor	
scrSOL004_TATGCCCGTAGCTTGT	tumor	
scrSOL004_TATGCCCGTATATCCG	tumor	
scrSOL004_TATGCCCGTATGAATG	normal	
scrSOL004_TATGCCCGTCTTCAAG	tumor	
scrSOL004_TATGCCCTCTAGCACA	tumor	
scrSOL004_TATTACCAGAAGCCCA	normal	
scrSOL004_TATTACCAGAGCCCAA	tumor	
scrSOL004_TATTACCAGTACATGA	tumor	
scrSOL004_TATTACCAGTGGTCCC	tumor	
scrSOL004_TATTACCGTCTCCACT	tumor	
scrSOL004_TATTACCGTGAAGGCT	tumor	
scrSOL004_TATTACCTCTACCAGA	normal	
scrSOL004_TCAACGAAGCTTATCG	tumor	
scrSOL004_TCAACGAAGGGTTCCC	tumor	
scrSOL004_TCAACGAAGTAGGCCA	tumor	
scrSOL004_TCAACGACAGGGTACA	tumor	
scrSOL004_TCAACGACATCAGTAC	tumor	
scrSOL004_TCAACGAGTCACTTCC	tumor	
scrSOL004_TCAACGAGTCTTCGTC	tumor	
scrSOL004_TCAACGAGTGCGAAAC	tumor	
scrSOL004_TCAACGATCATAAAGG	tumor	
scrSOL004_TCAACGATCCCAAGAT	tumor	
scrSOL004_TCAATCTCAAACTGTC	tumor	
scrSOL004_TCAATCTCATATGAGA	tumor	
scrSOL004_TCAATCTGTCAAGCGA	tumor	
scrSOL004_TCAATCTGTCGCGTGT	normal	
scrSOL004_TCAATCTGTTACGTCA	tumor	
scrSOL004_TCAATCTGTTCCAACA	tumor	
scrSOL004_TCACAAGAGATCACGG	normal	
scrSOL004_TCACAAGAGATGGCGT	tumor	
scrSOL004_TCACAAGAGTCTCAAC	tumor	
scrSOL004_TCACAAGAGTTGCAGG	tumor	
scrSOL004_TCACAAGCAAGGTTCT	tumor	
scrSOL004_TCACAAGCACATGGGA	tumor	
scrSOL004_TCACAAGGTGACAAAT	tumor	
scrSOL004_TCACAAGGTTAGGGTG	tumor	
scrSOL004_TCACAAGGTTATGCGT	normal	
scrSOL004_TCACAAGTCAGCCTAA	tumor	
scrSOL004_TCACGAAAGAGTACAT	tumor	
scrSOL004_TCACGAAAGCCTTGAT	tumor	
scrSOL004_TCACGAAAGCGAAGGG	tumor	
scrSOL004_TCACGAAAGCGAGAAA	tumor	
scrSOL004_TCACGAAGTTCAGCGC	tumor	
scrSOL004_TCACGAATCAGCCTAA	tumor	
scrSOL004_TCACGAATCCCACTTG	tumor	
scrSOL004_TCAGATGAGCACCGCT	tumor	
scrSOL004_TCAGATGGTAGCTGCC	tumor	
scrSOL004_TCAGATGGTCACACGC	tumor	
scrSOL004_TCAGATGGTTTCCACC	normal	
scrSOL004_TCAGATGTCAATCTCT	normal	
scrSOL004_TCAGATGTCGCACTCT	normal	
scrSOL004_TCAGCAAAGGATGCGT	tumor	
scrSOL004_TCAGCAAGTCTTGTCC	normal	
scrSOL004_TCAGCAAGTTCCGTCT	tumor	
scrSOL004_TCAGCAATCAAACCGT	tumor	
scrSOL004_TCAGCAATCAGTGTTG	tumor	
scrSOL004_TCAGCAATCATCACCC	tumor	
scrSOL004_TCAGCAATCATTTGGG	normal	
scrSOL004_TCAGCAATCCGGGTGT	tumor	
scrSOL004_TCAGCTCAGAAGGCCT	tumor	
scrSOL004_TCAGCTCAGCTAAGAT	tumor	
scrSOL004_TCAGCTCAGCTCCTCT	tumor	
scrSOL004_TCAGCTCAGGTGCTAG	tumor	
scrSOL004_TCAGCTCCACGACGAA	normal	
scrSOL004_TCAGCTCCACTCGACG	tumor	
scrSOL004_TCAGCTCCAGGTCCAC	tumor	
scrSOL004_TCAGCTCCAGGTGCCT	tumor	
scrSOL004_TCAGCTCCAGTGGAGT	tumor	
scrSOL004_TCAGCTCCATGACGGA	tumor	
scrSOL004_TCAGCTCCATTTCACT	tumor	
scrSOL004_TCAGCTCGTAGCTTGT	tumor	
scrSOL004_TCAGCTCGTCACACGC	tumor	
scrSOL004_TCAGCTCTCACTCCTG	normal	
scrSOL004_TCAGCTCTCCTAAGTG	tumor	
scrSOL004_TCAGGATAGATAGGAG	tumor	
scrSOL004_TCAGGATCAATGAATG	tumor	
scrSOL004_TCAGGATCACTCTGTC	tumor	
scrSOL004_TCAGGATGTGCGATAG	tumor	
scrSOL004_TCAGGATTCCATTCTA	tumor	
scrSOL004_TCAGGTAAGTAAGTAC	normal	
scrSOL004_TCAGGTACAGCTGCAC	normal	
scrSOL004_TCAGGTACAGCTGGCT	tumor	
scrSOL004_TCAGGTAGTCAATACC	tumor	
scrSOL004_TCAGGTAGTGTGGCTC	tumor	
scrSOL004_TCAGGTATCGTCGTTC	tumor	
scrSOL004_TCAGGTATCTTCATGT	tumor	
scrSOL004_TCATTACAGATATGGT	tumor	
scrSOL004_TCATTACAGGTGTTAA	tumor	
scrSOL004_TCATTACCAGCTCGCA	tumor	
scrSOL004_TCATTACCATGCCACG	tumor	
scrSOL004_TCATTACGTAGGAGTC	tumor	
scrSOL004_TCATTACGTCTTCAAG	tumor	
scrSOL004_TCATTACGTGGTCTCG	normal	
scrSOL004_TCATTACGTTGAGTTC	tumor	
scrSOL004_TCATTACTCAGCGATT	tumor	
scrSOL004_TCATTTGAGCGTCTAT	tumor	
scrSOL004_TCATTTGAGGACAGCT	tumor	
scrSOL004_TCATTTGAGGCAATTA	tumor	
scrSOL004_TCATTTGAGGTTACCT	tumor	
scrSOL004_TCATTTGCAAACTGTC	tumor	
scrSOL004_TCATTTGCAAGCTGAG	tumor	
scrSOL004_TCATTTGGTAGGGACT	tumor	
scrSOL004_TCATTTGGTCATTAGC	tumor	
scrSOL004_TCATTTGGTCCTGCTT	tumor	
scrSOL004_TCATTTGGTGTGTGCC	normal	
scrSOL004_TCATTTGTCAAACCAC	normal	
scrSOL004_TCATTTGTCACGCATA	tumor	
scrSOL004_TCATTTGTCGATGAGG	tumor	
scrSOL004_TCATTTGTCGCAAGCC	tumor	
scrSOL004_TCCACACAGCTCTCGG	tumor	
scrSOL004_TCCACACAGGATGCGT	tumor	
scrSOL004_TCCACACAGTGTGAAT	normal	
scrSOL004_TCCACACCACACGCTG	tumor	
scrSOL004_TCCACACCAGCTGTTA	tumor	
scrSOL004_TCCACACCATTGGGCC	tumor	
scrSOL004_TCCACACGTAAAGTCA	tumor	
scrSOL004_TCCACACGTAAGTGTA	tumor	
scrSOL004_TCCACACGTACATCCA	tumor	
scrSOL004_TCCACACGTTACGTCA	normal	
scrSOL004_TCCACACTCATTGCGA	tumor	
scrSOL004_TCCACACTCTAACTCT	tumor	
scrSOL004_TCCCGATAGGTAGCCA	tumor	
scrSOL004_TCCCGATCAATCGGTT	tumor	
scrSOL004_TCCCGATCACACGCTG	tumor	
scrSOL004_TCCCGATGTACCTACA	tumor	
scrSOL004_TCCCGATGTGACCAAG	tumor	
scrSOL004_TCCCGATTCAGCACAT	tumor	
scrSOL004_TCGAGGCAGACAGGCT	normal	
scrSOL004_TCGAGGCAGTTCCACA	tumor	
scrSOL004_TCGAGGCCAATCGGTT	normal	
scrSOL004_TCGAGGCCACAGTCGC	normal	
scrSOL004_TCGAGGCCACTCGACG	tumor	
scrSOL004_TCGAGGCCAGAAGCAC	tumor	
scrSOL004_TCGAGGCCAGCTGTGC	tumor	
scrSOL004_TCGAGGCGTAAGGATT	tumor	
scrSOL004_TCGAGGCGTACCGTAT	tumor	
scrSOL004_TCGAGGCGTACCTACA	normal	
scrSOL004_TCGAGGCGTACGAAAT	tumor	
scrSOL004_TCGAGGCTCCCTTGTG	normal	
scrSOL004_TCGAGGCTCCGAAGAG	tumor	
scrSOL004_TCGCGAGAGCCATCGC	tumor	
scrSOL004_TCGCGAGAGTAGATGT	normal	
scrSOL004_TCGCGAGAGTATCTCG	tumor	
scrSOL004_TCGCGAGCAAGCGCTC	tumor	
scrSOL004_TCGCGAGGTAAGTGTA	tumor	
scrSOL004_TCGCGAGGTAGGAGTC	tumor	
scrSOL004_TCGCGAGGTAGGGTAC	tumor	
scrSOL004_TCGCGAGGTCTAGTCA	tumor	
scrSOL004_TCGCGAGTCCCACTTG	tumor	
scrSOL004_TCGCGTTAGGCCCTCA	tumor	
scrSOL004_TCGCGTTCACATCTTT	tumor	
scrSOL004_TCGCGTTCACCGCTAG	normal	
scrSOL004_TCGCGTTCATTCTCAT	tumor	
scrSOL004_TCGCGTTGTATCAGTC	tumor	
scrSOL004_TCGCGTTGTCAGATAA	tumor	
scrSOL004_TCGCGTTGTTGTTTGG	normal	
scrSOL004_TCGCGTTTCAACCAAC	tumor	
scrSOL004_TCGCGTTTCACGAAGG	tumor	
scrSOL004_TCGGGACAGATCCTGT	tumor	
scrSOL004_TCGGGACAGCCTATGT	tumor	
scrSOL004_TCGGGACAGCGATAGC	tumor	
scrSOL004_TCGGGACAGCGTTTAC	tumor	
scrSOL004_TCGGGACCACGGCGTT	tumor	
scrSOL004_TCGGGACGTCATACTG	tumor	
scrSOL004_TCGGGACTCAGAGGTG	tumor	
scrSOL004_TCGGTAAAGAATAGGG	tumor	
scrSOL004_TCGGTAAAGAGGTTGC	tumor	
scrSOL004_TCGGTAAAGATCCTGT	tumor	
scrSOL004_TCGGTAACAAATTGCC	tumor	
scrSOL004_TCGGTAACAAGCGATG	tumor	
scrSOL004_TCGGTAACACGAGGTA	tumor	
scrSOL004_TCGGTAACAGATGGCA	tumor	
scrSOL004_TCGGTAAGTATCGCAT	tumor	
scrSOL004_TCGGTAATCCGAACGC	tumor	
scrSOL004_TCGGTAATCGTCGTTC	tumor	
scrSOL004_TCGTACCAGCTAGTGG	tumor	
scrSOL004_TCGTACCAGCTGTTCA	tumor	
scrSOL004_TCGTACCAGTGGGCTA	tumor	
scrSOL004_TCGTACCCAAGAGGCT	tumor	
scrSOL004_TCGTACCCACCAACCG	tumor	
scrSOL004_TCGTACCCAGACAAAT	tumor	
scrSOL004_TCGTACCGTTTCCACC	tumor	
scrSOL004_TCGTACCGTTTGTTGG	tumor	
scrSOL004_TCGTACCTCCAATGGT	tumor	
scrSOL004_TCGTAGAAGCGATATA	tumor	
scrSOL004_TCGTAGACAGTACACT	tumor	
scrSOL004_TCGTAGAGTAGCAAAT	tumor	
scrSOL004_TCGTAGAGTCAACATC	normal	
scrSOL004_TCGTAGATCAGTTTGG	normal	
scrSOL004_TCGTAGATCTTAGCCC	tumor	
scrSOL004_TCTATTGAGAAGGACA	tumor	
scrSOL004_TCTATTGAGACAGACC	tumor	
scrSOL004_TCTATTGAGATACACA	normal	
scrSOL004_TCTATTGAGCGATCCC	tumor	
scrSOL004_TCTATTGAGCGCTTAT	normal	
scrSOL004_TCTATTGAGGAGTTGC	tumor	
scrSOL004_TCTATTGAGGCCCTCA	tumor	
scrSOL004_TCTATTGAGTCTCAAC	tumor	
scrSOL004_TCTATTGCAATCAGAA	tumor	
scrSOL004_TCTATTGCACCTATCC	tumor	
scrSOL004_TCTATTGCAGTCTTCC	tumor	
scrSOL004_TCTATTGCATTGGTAC	tumor	
scrSOL004_TCTATTGGTAACGCGA	tumor	
scrSOL004_TCTATTGGTGAGGGAG	tumor	
scrSOL004_TCTATTGTCCACGCAG	tumor	
scrSOL004_TCTATTGTCGGTGTTA	tumor	
scrSOL004_TCTCATAAGAGGTTAT	tumor	
scrSOL004_TCTCATAAGATGTCGG	normal	
scrSOL004_TCTCATAAGCGTAGTG	tumor	
scrSOL004_TCTCATAAGGCCCTTG	tumor	
scrSOL004_TCTCATAAGTGCCATT	normal	
scrSOL004_TCTCATACAAGCCATT	tumor	
scrSOL004_TCTCATAGTGATAAAC	tumor	
scrSOL004_TCTCATAGTGCATCTA	tumor	
scrSOL004_TCTCATATCCCAAGAT	tumor	
scrSOL004_TCTCATATCTTAGCCC	normal	
scrSOL004_TCTCTAAAGCCGTCGT	tumor	
scrSOL004_TCTCTAAAGGCATGTG	tumor	
scrSOL004_TCTCTAAAGTCCATAC	tumor	
scrSOL004_TCTCTAAAGTGGAGAA	normal	
scrSOL004_TCTCTAAAGTTACCCA	tumor	
scrSOL004_TCTCTAACAAGCCGTC	tumor	
scrSOL004_TCTCTAACAAGCGTAG	tumor	
scrSOL004_TCTCTAACAATCCAAC	tumor	
scrSOL004_TCTCTAACATGACGGA	normal	
scrSOL004_TCTCTAAGTCGGCTCA	tumor	
scrSOL004_TCTCTAAGTGCTAGCC	tumor	
scrSOL004_TCTCTAAGTGGGTATG	tumor	
scrSOL004_TCTCTAATCGAGAACG	tumor	
scrSOL004_TCTCTAATCGTGACAT	normal	
scrSOL004_TCTCTAATCGTGGGAA	tumor	
scrSOL004_TCTGAGAAGGTAAACT	normal	
scrSOL004_TCTGAGAAGTTGCAGG	tumor	
scrSOL004_TCTGAGACAATCGGTT	normal	
scrSOL004_TCTGAGACAGCTGCTG	tumor	
scrSOL004_TCTGAGAGTACGACCC	normal	
scrSOL004_TCTGAGAGTAGGCTGA	tumor	
scrSOL004_TCTGAGAGTCTCTCTG	tumor	
scrSOL004_TCTGAGAGTGGCGAAT	tumor	
scrSOL004_TCTGAGAGTTATCGGT	normal	
scrSOL004_TCTGGAAAGAATTGTG	normal	
scrSOL004_TCTGGAAAGGTAGCCA	normal	
scrSOL004_TCTGGAACACTTAAGC	tumor	
scrSOL004_TCTGGAACATGCCTTC	tumor	
scrSOL004_TCTGGAAGTACCGAGA	tumor	
scrSOL004_TCTGGAAGTCATATCG	tumor	
scrSOL004_TCTGGAAGTCCAACTA	tumor	
scrSOL004_TCTGGAAGTCGCATAT	tumor	
scrSOL004_TCTGGAAGTGCTTCTC	tumor	
scrSOL004_TCTGGAAGTTCATGGT	tumor	
scrSOL004_TCTGGAATCGTCTGCT	tumor	
scrSOL004_TCTGGAATCTGAGTGT	tumor	
scrSOL004_TCTTCGGAGCCAACAG	tumor	
scrSOL004_TCTTCGGAGCTACCGC	tumor	
scrSOL004_TCTTCGGGTGCCTGTG	tumor	
scrSOL004_TCTTCGGTCAAAGACA	normal	
scrSOL004_TCTTTCCAGACCACGA	tumor	
scrSOL004_TCTTTCCAGCGTTTAC	tumor	
scrSOL004_TCTTTCCCATATGGTC	tumor	
scrSOL004_TCTTTCCGTTAAGACA	tumor	
scrSOL004_TCTTTCCTCCGCAAGC	tumor	
scrSOL004_TCTTTCCTCTGTTGAG	normal	
scrSOL004_TGAAAGACACGTTGGC	tumor	
scrSOL004_TGAAAGACATCACAAC	tumor	
scrSOL004_TGAAAGAGTGACGCCT	tumor	
scrSOL004_TGAAAGAGTGACGGTA	tumor	
scrSOL004_TGAAAGAGTGCACGAA	tumor	
scrSOL004_TGAAAGAGTTACGTCA	tumor	
scrSOL004_TGAAAGATCACCACCT	normal	
scrSOL004_TGAAAGATCATGTAGC	tumor	
scrSOL004_TGAAAGATCCTTTCGG	normal	
scrSOL004_TGAAAGATCTGTCAAG	tumor	
scrSOL004_TGACAACCATGCTGGC	tumor	
scrSOL004_TGACAACGTCCAACTA	tumor	
scrSOL004_TGACAACGTGAGGGAG	tumor	
scrSOL004_TGACAACGTGTGAATA	tumor	
scrSOL004_TGACAACTCCTATGTT	normal	
scrSOL004_TGACAACTCGATAGAA	tumor	
scrSOL004_TGACGGCGTCAGGACA	tumor	
scrSOL004_TGACGGCTCGTCTGAA	tumor	
scrSOL004_TGACTAGAGAAACCTA	tumor	
scrSOL004_TGACTAGCAATGAATG	tumor	
scrSOL004_TGACTAGCACAGTCGC	normal	
scrSOL004_TGACTAGTCAACACCA	tumor	
scrSOL004_TGACTAGTCGCAAGCC	tumor	
scrSOL004_TGACTTTAGGACAGAA	tumor	
scrSOL004_TGACTTTAGTTCGCGC	tumor	
scrSOL004_TGACTTTCATAGGATA	tumor	
scrSOL004_TGACTTTCATGACATC	tumor	
scrSOL004_TGACTTTGTACATGTC	tumor	
scrSOL004_TGACTTTGTGTCAATC	tumor	
scrSOL004_TGACTTTGTTAAAGAC	tumor	
scrSOL004_TGACTTTTCGCACTCT	tumor	
scrSOL004_TGAGAGGAGAAACCTA	tumor	
scrSOL004_TGAGAGGAGAGCAATT	tumor	
scrSOL004_TGAGAGGAGGGTTTCT	tumor	
scrSOL004_TGAGAGGCAACTTGAC	tumor	
scrSOL004_TGAGAGGCACGGTTTA	tumor	
scrSOL004_TGAGAGGCAGGCGATA	tumor	
scrSOL004_TGAGAGGCAGTATAAG	tumor	
scrSOL004_TGAGAGGGTGATGTGG	tumor	
scrSOL004_TGAGAGGTCATCTGTT	tumor	
scrSOL004_TGAGCATAGAAACCAT	normal	
scrSOL004_TGAGCATAGACCCACC	tumor	
scrSOL004_TGAGCATAGTACGTTC	tumor	
scrSOL004_TGAGCATCAAAGGTGC	tumor	
scrSOL004_TGAGCATCAAATACAG	tumor	
scrSOL004_TGAGCATCAGGCGATA	tumor	
scrSOL004_TGAGCATGTAGCGATG	tumor	
scrSOL004_TGAGCATGTAGCTAAA	tumor	
scrSOL004_TGAGCATGTCCGTCAG	tumor	
scrSOL004_TGAGCATGTGATGCCC	normal	
scrSOL004_TGAGCATGTTCTGAAC	normal	
scrSOL004_TGAGCATGTTGTCTTT	tumor	
scrSOL004_TGAGCATGTTGTTTGG	normal	
scrSOL004_TGAGCATTCTTTAGGG	tumor	
scrSOL004_TGAGCCGAGAATGTTG	tumor	
scrSOL004_TGAGCCGAGACGACGT	normal	
scrSOL004_TGAGCCGAGCGTTCCG	tumor	
scrSOL004_TGAGCCGCACACCGAC	tumor	
scrSOL004_TGAGCCGCAGGCTGAA	tumor	
scrSOL004_TGAGCCGCATCGATTG	tumor	
scrSOL004_TGAGCCGGTCTAGCGC	normal	
scrSOL004_TGAGGGAAGAGACGAA	tumor	
scrSOL004_TGAGGGAAGATGCCAG	normal	
scrSOL004_TGAGGGAAGGAACTGC	tumor	
scrSOL004_TGAGGGACAGATCCAT	tumor	
scrSOL004_TGAGGGACATACTCTT	tumor	
scrSOL004_TGAGGGAGTAGTGAAT	normal	
scrSOL004_TGAGGGAGTGGCAAAC	tumor	
scrSOL004_TGAGGGAGTTCCGGCA	tumor	
scrSOL004_TGAGGGATCAACACAC	tumor	
scrSOL004_TGAGGGATCATCGATG	tumor	
scrSOL004_TGAGGGATCTACGAGT	tumor	
scrSOL004_TGATTTCAGAGCTATA	normal	
scrSOL004_TGATTTCAGCTAGTGG	tumor	
scrSOL004_TGATTTCAGGGATGGG	tumor	
scrSOL004_TGATTTCAGTGCGTGA	tumor	
scrSOL004_TGATTTCCAGTCCTTC	tumor	
scrSOL004_TGATTTCGTCCGCTGA	tumor	
scrSOL004_TGATTTCGTTCCACAA	normal	
scrSOL004_TGATTTCTCATGTCCC	tumor	
scrSOL004_TGATTTCTCATTCACT	tumor	
scrSOL004_TGATTTCTCGTACCGG	normal	
scrSOL004_TGATTTCTCTGTACGA	tumor	
scrSOL004_TGCACCTAGAGTTGGC	tumor	
scrSOL004_TGCACCTCAATCTGCA	normal	
scrSOL004_TGCACCTCAATGCCAT	tumor	
scrSOL004_TGCACCTCACCACGTG	tumor	
scrSOL004_TGCACCTCACCAGGCT	tumor	
scrSOL004_TGCACCTCACCGATAT	tumor	
scrSOL004_TGCACCTCATTCCTCG	tumor	
scrSOL004_TGCACCTGTACCTACA	tumor	
scrSOL004_TGCACCTGTCGCGAAA	tumor	
scrSOL004_TGCACCTGTGCCTGTG	tumor	
scrSOL004_TGCACCTTCAGCATGT	tumor	
scrSOL004_TGCACCTTCTGTGCAA	tumor	
scrSOL004_TGCCAAAAGAAGGGTA	tumor	
scrSOL004_TGCCAAAAGCCATCGC	tumor	
scrSOL004_TGCCAAAAGTGGAGAA	tumor	
scrSOL004_TGCCAAAAGTTGTAGA	tumor	
scrSOL004_TGCCAAACAAGTTAAG	tumor	
scrSOL004_TGCCAAACACTATCTT	tumor	
scrSOL004_TGCCAAACAGGCTGAA	normal	
scrSOL004_TGCCAAACATAACCTG	tumor	
scrSOL004_TGCCAAACATTGGCGC	tumor	
scrSOL004_TGCCAAATCGAATGCT	tumor	
scrSOL004_TGCCAAATCGGAATCT	normal	
scrSOL004_TGCCAAATCTGCCAGG	tumor	
scrSOL004_TGCCCATAGAATTGTG	tumor	
scrSOL004_TGCCCATCACTACAGT	tumor	
scrSOL004_TGCCCATGTATAGGGC	tumor	
scrSOL004_TGCCCATGTATGGTTC	tumor	
scrSOL004_TGCCCATTCTCTTATG	tumor	
scrSOL004_TGCCCTAAGAAACCAT	normal	
scrSOL004_TGCCCTAAGACAGACC	tumor	
scrSOL004_TGCCCTAAGACCCACC	tumor	
scrSOL004_TGCCCTAAGTCGATAA	normal	
scrSOL004_TGCCCTACAAAGTCAA	tumor	
scrSOL004_TGCCCTAGTCGCTTCT	tumor	
scrSOL004_TGCCCTAGTTACCGAT	normal	
scrSOL004_TGCCCTAGTTGCGCAC	tumor	
scrSOL004_TGCCCTAGTTGGGACA	tumor	
scrSOL004_TGCCCTATCAACACAC	tumor	
scrSOL004_TGCCCTATCACTCTTA	normal	
scrSOL004_TGCCCTATCTATCCCG	tumor	
scrSOL004_TGCGCAGAGCCGTCGT	tumor	
scrSOL004_TGCGCAGAGGACCACA	tumor	
scrSOL004_TGCGCAGCACATTAGC	tumor	
scrSOL004_TGCGCAGGTCTCCATC	tumor	
scrSOL004_TGCGCAGTCACTTCAT	tumor	
scrSOL004_TGCGCAGTCATCATTC	tumor	
scrSOL004_TGCGGGTAGAGCTATA	tumor	
scrSOL004_TGCGGGTAGTCCCACG	tumor	
scrSOL004_TGCGGGTCACGTTGGC	tumor	
scrSOL004_TGCGGGTCATGCCTTC	tumor	
scrSOL004_TGCGGGTGTGCGAAAC	tumor	
scrSOL004_TGCGGGTGTTACGTCA	tumor	
scrSOL004_TGCGGGTGTTGCGCAC	tumor	
scrSOL004_TGCGGGTTCAGTTTGG	tumor	
scrSOL004_TGCGGGTTCTGCAGTA	tumor	
scrSOL004_TGCGGGTTCTTTCCTC	tumor	
scrSOL004_TGCGTGGAGCGCTTAT	tumor	
scrSOL004_TGCGTGGAGCTAAACA	tumor	
scrSOL004_TGCGTGGCAGCCAGAA	normal	
scrSOL004_TGCGTGGGTTAAGGGC	tumor	
scrSOL004_TGCGTGGTCCGTTGTC	normal	
scrSOL004_TGCTACCAGATGTCGG	tumor	
scrSOL004_TGCTACCAGCTTTGGT	tumor	
scrSOL004_TGCTACCAGTGGGCTA	tumor	
scrSOL004_TGCTACCCAATAACGA	tumor	
scrSOL004_TGCTACCCAATGTAAG	normal	
scrSOL004_TGCTACCCAGGAACGT	tumor	
scrSOL004_TGCTACCGTATGCTTG	tumor	
scrSOL004_TGCTACCTCCACGTGG	tumor	
scrSOL004_TGCTGCTAGAGACGAA	normal	
scrSOL004_TGCTGCTAGATATGGT	tumor	
scrSOL004_TGCTGCTAGCTCCCAG	tumor	
scrSOL004_TGCTGCTCAAACTGCT	normal	
scrSOL004_TGCTGCTCAAGTCATC	normal	
scrSOL004_TGCTGCTCACATAACC	normal	
scrSOL004_TGCTGCTCAGCCTATA	tumor	
scrSOL004_TGCTGCTCAGTCAGAG	tumor	
scrSOL004_TGCTGCTCATTGGGCC	normal	
scrSOL004_TGCTGCTCATTTCAGG	tumor	
scrSOL004_TGCTGCTGTAAACCTC	tumor	
scrSOL004_TGCTGCTGTGCCTGCA	normal	
scrSOL004_TGCTGCTGTGGTCCGT	tumor	
scrSOL004_TGCTGCTTCAGGCGAA	normal	
scrSOL004_TGCTGCTTCTGCGGCA	normal	
scrSOL004_TGCTGCTTCTTCTGGC	tumor	
scrSOL004_TGGACGCCAAAGGAAG	tumor	
scrSOL004_TGGACGCCAAGTCTGT	tumor	
scrSOL004_TGGACGCCACTGCCAG	normal	
scrSOL004_TGGACGCCATCCGCGA	normal	
scrSOL004_TGGACGCGTAAGAGGA	tumor	
scrSOL004_TGGACGCGTTGGTTTG	tumor	
scrSOL004_TGGACGCTCTGTCTCG	normal	
scrSOL004_TGGACGCTCTTGACGA	tumor	
scrSOL004_TGGCCAGAGACGACGT	tumor	
scrSOL004_TGGCCAGAGCTAGCCC	tumor	
scrSOL004_TGGCCAGAGTACATGA	tumor	
scrSOL004_TGGCCAGAGTGCCAGA	tumor	
scrSOL004_TGGCCAGCATGTCCTC	tumor	
scrSOL004_TGGCCAGTCTGTACGA	normal	
scrSOL004_TGGCGCAAGTTCGCAT	tumor	
scrSOL004_TGGCGCACAAACAACA	tumor	
scrSOL004_TGGCGCACAGTTCATG	tumor	
scrSOL004_TGGCGCACATATGAGA	tumor	
scrSOL004_TGGCGCAGTCTCCATC	tumor	
scrSOL004_TGGCGCATCAGTTGAC	tumor	
scrSOL004_TGGCGCATCATCGCTC	tumor	
scrSOL004_TGGCGCATCTATCCTA	tumor	
scrSOL004_TGGCGCATCTGTTTGT	normal	yes
scrSOL004_TGGCGCATCTTGAGAC	tumor	
scrSOL004_TGGCTGGAGAGGACGG	tumor	
scrSOL004_TGGCTGGAGGAGTCTG	normal	
scrSOL004_TGGCTGGAGTCACGCC	tumor	
scrSOL004_TGGCTGGCAATCCGAT	tumor	
scrSOL004_TGGCTGGCACACATGT	tumor	
scrSOL004_TGGCTGGCATCGTCGG	normal	
scrSOL004_TGGCTGGCATGACGGA	tumor	
scrSOL004_TGGCTGGCATTGAGCT	normal	
scrSOL004_TGGCTGGGTCTCTCTG	tumor	
scrSOL004_TGGCTGGGTGGTAACG	tumor	
scrSOL004_TGGCTGGGTTCGCGAC	normal	
scrSOL004_TGGCTGGGTTGGACCC	tumor	
scrSOL004_TGGCTGGTCAAACAAG	tumor	
scrSOL004_TGGCTGGTCACCTTAT	tumor	
scrSOL004_TGGCTGGTCAGGCAAG	tumor	
scrSOL004_TGGCTGGTCTCGCTTG	tumor	
scrSOL004_TGGCTGGTCTTGTCAT	normal	
scrSOL004_TGGGAAGAGACTACAA	tumor	
scrSOL004_TGGGAAGAGATATACG	tumor	
scrSOL004_TGGGAAGCAAGTACCT	tumor	
scrSOL004_TGGGAAGGTAGCGTCC	normal	
scrSOL004_TGGGAAGGTTCCACAA	normal	
scrSOL004_TGGGAAGGTTTAGGAA	tumor	
scrSOL004_TGGGAAGTCCTTCAAT	normal	
scrSOL004_TGGGAAGTCTTAGAGC	tumor	
scrSOL004_TGGGCGTAGATGGGTC	tumor	
scrSOL004_TGGGCGTAGTGTTGAA	tumor	
scrSOL004_TGGGCGTGTCTTTCAT	normal	yes
scrSOL004_TGGGCGTTCCATGCTC	tumor	
scrSOL004_TGGTTAGAGATATACG	tumor	
scrSOL004_TGGTTAGCACTACAGT	tumor	
scrSOL004_TGGTTAGCAGCTATTG	tumor	
scrSOL004_TGGTTAGCATTTGCCC	tumor	
scrSOL004_TGGTTAGTCAAAGACA	tumor	
scrSOL004_TGGTTAGTCGCAAGCC	tumor	
scrSOL004_TGGTTAGTCTCGCATC	tumor	
scrSOL004_TGGTTCCAGCGTAGTG	tumor	
scrSOL004_TGGTTCCAGTGGAGTC	tumor	
scrSOL004_TGGTTCCCAACCGCCA	tumor	
scrSOL004_TGGTTCCCAGAGTGTG	tumor	
scrSOL004_TGGTTCCCATCTCCCA	normal	
scrSOL004_TGGTTCCGTACCGCTG	tumor	
scrSOL004_TGGTTCCGTGGGTCAA	tumor	
scrSOL004_TGGTTCCTCAACTCTT	tumor	
scrSOL004_TGGTTCCTCTAACTGG	tumor	
scrSOL004_TGTATTCAGAAGGTTT	normal	
scrSOL004_TGTATTCAGACCTTTG	tumor	
scrSOL004_TGTATTCAGTTGTCGT	tumor	
scrSOL004_TGTATTCCACCTCGTT	tumor	
scrSOL004_TGTATTCCACGCCAGT	tumor	
scrSOL004_TGTATTCCACGGTGTC	tumor	
scrSOL004_TGTATTCCAGCTGGCT	tumor	
scrSOL004_TGTATTCTCTTAACCT	tumor	
scrSOL004_TGTCCCAAGATAGTCA	normal	
scrSOL004_TGTCCCAAGCGTCAAG	tumor	
scrSOL004_TGTCCCAAGTTAAGTG	normal	
scrSOL004_TGTCCCAAGTTCGATC	tumor	
scrSOL004_TGTCCCACAGACTCGC	normal	
scrSOL004_TGTCCCACATGTAGTC	normal	
scrSOL004_TGTCCCACATTTCAGG	normal	
scrSOL004_TGTCCCAGTCGAGATG	tumor	
scrSOL004_TGTCCCAGTCGATTGT	tumor	
scrSOL004_TGTCCCATCGTAGGAG	tumor	
scrSOL004_TGTCCCATCTACTCAT	tumor	
scrSOL004_TGTGGTACAATAGCAA	tumor	
scrSOL004_TGTGGTACATCTCCCA	normal	
scrSOL004_TGTGGTATCAGCTCTC	tumor	
scrSOL004_TGTGGTATCCTTCAAT	tumor	
scrSOL004_TGTGTTTAGAGTGAGA	tumor	
scrSOL004_TGTGTTTCAAAGTCAA	tumor	
scrSOL004_TGTGTTTCATATGAGA	tumor	
scrSOL004_TGTGTTTCATATGCTG	tumor	
scrSOL004_TGTGTTTGTACTCGCG	normal	
scrSOL004_TGTGTTTGTTGCGCAC	tumor	
scrSOL004_TGTGTTTTCTTCAACT	normal	
scrSOL004_TGTTCCGAGCACCGTC	normal	
scrSOL004_TGTTCCGAGGTAGCCA	tumor	
scrSOL004_TGTTCCGAGTGTTTGC	tumor	
scrSOL004_TGTTCCGCAAGAAGAG	tumor	
scrSOL004_TGTTCCGCAGACGTAG	tumor	
scrSOL004_TGTTCCGCAGGGTTAG	tumor	
scrSOL004_TGTTCCGCATCTGGTA	tumor	
scrSOL004_TGTTCCGGTAGCAAAT	tumor	
scrSOL004_TGTTCCGGTCTGATCA	tumor	
scrSOL004_TGTTCCGTCCTCAACC	tumor	
scrSOL004_TGTTCCGTCTCCAACC	normal	
scrSOL004_TGTTCCGTCTCCCTGA	tumor	
scrSOL004_TGTTCCGTCTTCGAGA	tumor	
scrSOL004_TTAACTCAGTCGAGTG	tumor	
scrSOL004_TTAACTCCAATCCGAT	tumor	
scrSOL004_TTAACTCCACCTCGTT	tumor	
scrSOL004_TTAACTCGTATAGGGC	tumor	
scrSOL004_TTAACTCGTCATCCCT	normal	
scrSOL004_TTAACTCTCATCGGAT	tumor	
scrSOL004_TTAACTCTCCTAGGGC	tumor	
scrSOL004_TTAACTCTCTTATCTG	tumor	
scrSOL004_TTAGGACAGACAATAC	tumor	
scrSOL004_TTAGGACCAACGATCT	tumor	
scrSOL004_TTAGGACCACACTGCG	tumor	
scrSOL004_TTAGGACGTGACGGTA	tumor	
scrSOL004_TTAGGACTCACTATTC	tumor	
scrSOL004_TTAGGACTCATGTGGT	tumor	
scrSOL004_TTAGGCAAGACTTTCG	tumor	
scrSOL004_TTAGGCAAGGACATTA	tumor	
scrSOL004_TTAGGCAAGGGTTTCT	tumor	
scrSOL004_TTAGGCAAGTACGATA	tumor	
scrSOL004_TTAGGCAAGTTTAGGA	tumor	
scrSOL004_TTAGGCACAAGTCATC	tumor	
scrSOL004_TTAGGCAGTCGGCATC	tumor	
scrSOL004_TTAGGCAGTGCACCAC	tumor	
scrSOL004_TTAGGCAGTTGTGGCC	tumor	
scrSOL004_TTAGGCAGTTTGACTG	tumor	
scrSOL004_TTAGGCATCGTTTGCC	normal	
scrSOL004_TTAGTTCAGCGTAATA	tumor	
scrSOL004_TTAGTTCCAGACACTT	tumor	
scrSOL004_TTAGTTCCATATGCTG	tumor	
scrSOL004_TTAGTTCGTAATCGTC	tumor	
scrSOL004_TTAGTTCGTCGCTTTC	tumor	
scrSOL004_TTAGTTCTCCAAGCCG	normal	
scrSOL004_TTATGCTAGCTAACAA	tumor	
scrSOL004_TTATGCTAGCTACCTA	tumor	
scrSOL004_TTATGCTAGTACGTAA	tumor	
scrSOL004_TTATGCTAGTAGGTGC	tumor	
scrSOL004_TTATGCTCAAACGTGG	tumor	
scrSOL004_TTATGCTCAAGTAGTA	normal	
scrSOL004_TTATGCTCAATGGAAT	tumor	
scrSOL004_TTATGCTCATTCTCAT	tumor	
scrSOL004_TTATGCTGTACCATCA	normal	
scrSOL004_TTATGCTGTTATGTGC	tumor	
scrSOL004_TTATGCTGTTGCGCAC	tumor	
scrSOL004_TTATGCTTCCAGGGCT	tumor	
scrSOL004_TTATGCTTCGCAAACT	tumor	
scrSOL004_TTCCCAGAGACGCAAC	tumor	
scrSOL004_TTCCCAGCACGAGAGT	tumor	
scrSOL004_TTCCCAGCATGAAGTA	tumor	
scrSOL004_TTCCCAGCATGTCTCC	tumor	
scrSOL004_TTCCCAGGTCCGAAGA	normal	
scrSOL004_TTCCCAGGTTATCACG	tumor	
scrSOL004_TTCCCAGTCAACCATG	tumor	
scrSOL004_TTCGAAGAGTACGTAA	tumor	
scrSOL004_TTCGAAGAGTCGTACT	tumor	
scrSOL004_TTCGAAGAGTTCGCAT	tumor	
scrSOL004_TTCGAAGCACCAGATT	tumor	
scrSOL004_TTCGAAGGTTATTCTC	tumor	
scrSOL004_TTCGAAGTCGTTTGCC	tumor	
scrSOL004_TTCGAAGTCTTGGGTA	tumor	
scrSOL004_TTCGGTCAGATGTGTA	tumor	
scrSOL004_TTCGGTCAGCATCATC	tumor	
scrSOL004_TTCGGTCAGCTAGTTC	tumor	
scrSOL004_TTCGGTCAGGGCTTGA	normal	
scrSOL004_TTCGGTCCAATAACGA	tumor	
scrSOL004_TTCGGTCCACCCTATC	tumor	
scrSOL004_TTCGGTCCACGAGGTA	tumor	
scrSOL004_TTCGGTCGTAGGAGTC	tumor	
scrSOL004_TTCGGTCGTCTAGCCG	tumor	
scrSOL004_TTCGGTCGTCTGGTCG	normal	
scrSOL004_TTCGGTCGTTACCGAT	tumor	
scrSOL004_TTCGGTCTCAATCACG	tumor	
scrSOL004_TTCGGTCTCCGTCAAA	tumor	
scrSOL004_TTCGGTCTCTAACTTC	normal	
scrSOL004_TTCTACAAGGGTGTGT	tumor	
scrSOL004_TTCTACATCGGCGCAT	tumor	
scrSOL004_TTCTCAAAGGCTAGCA	tumor	
scrSOL004_TTCTCAACATCGACGC	tumor	
scrSOL004_TTCTCAACATTACCTT	tumor	
scrSOL004_TTCTCAATCACTTACT	normal	
scrSOL004_TTCTCAATCCACGCAG	tumor	
scrSOL004_TTCTCCTAGAGCTATA	tumor	
scrSOL004_TTCTCCTCAAGCTGGA	tumor	
scrSOL004_TTCTCCTGTAAGCACG	tumor	
scrSOL004_TTCTCCTGTTAGTGGG	tumor	
scrSOL004_TTCTCCTTCGCGCCAA	tumor	
scrSOL004_TTCTTAGCACCCATTC	tumor	
scrSOL004_TTCTTAGCACTGAAGG	tumor	
scrSOL004_TTCTTAGCATGGTCAT	tumor	
scrSOL004_TTCTTAGGTCAACATC	tumor	
scrSOL004_TTGAACGAGACTCGGA	tumor	
scrSOL004_TTGAACGAGGAGTCTG	tumor	
scrSOL004_TTGAACGAGTGTCTCA	tumor	
scrSOL004_TTGAACGGTAAAGGAG	tumor	
scrSOL004_TTGAACGGTCTAGTCA	tumor	
scrSOL004_TTGAACGGTGTATGGG	tumor	
scrSOL004_TTGAACGTCGCAAACT	tumor	
scrSOL004_TTGACTTAGTATGACA	tumor	
scrSOL004_TTGACTTCACAGGTTT	tumor	
scrSOL004_TTGACTTCACTTCGAA	normal	
scrSOL004_TTGACTTCATCACGAT	tumor	
scrSOL004_TTGACTTCATTGGCGC	tumor	
scrSOL004_TTGACTTGTACCCAAT	tumor	
scrSOL004_TTGACTTGTACCGCTG	tumor	
scrSOL004_TTGACTTGTGTCGCTG	tumor	
scrSOL004_TTGACTTTCGTCGTTC	tumor	
scrSOL004_TTGACTTTCGTTTAGG	tumor	
scrSOL004_TTGACTTTCTACCTGC	tumor	
scrSOL004_TTGCCGTAGGGTGTGT	tumor	
scrSOL004_TTGCCGTAGTCAAGGC	tumor	
scrSOL004_TTGCCGTAGTGGTCCC	tumor	
scrSOL004_TTGCCGTCAGCGAACA	tumor	
scrSOL004_TTGCCGTCATGAGCGA	tumor	
scrSOL004_TTGCCGTGTACGACCC	tumor	
scrSOL004_TTGCCGTGTCCAGTTA	tumor	
scrSOL004_TTGCCGTGTCGCGAAA	tumor	
scrSOL004_TTGCCGTGTCTCATCC	normal	
scrSOL004_TTGCCGTGTCTGATCA	normal	
scrSOL004_TTGCCGTGTTATCACG	normal	
scrSOL004_TTGCCGTTCCAAGCCG	normal	
scrSOL004_TTGCCGTTCGGCATCG	normal	
scrSOL004_TTGCCGTTCTCCTATA	tumor	
scrSOL004_TTGCCGTTCTGGAGCC	tumor	
scrSOL004_TTGCGTCAGTTGAGTA	tumor	
scrSOL004_TTGCGTCCACGTCAGC	tumor	
scrSOL004_TTGCGTCCACTGAAGG	tumor	
scrSOL004_TTGCGTCCAGCTTAAC	normal	
scrSOL004_TTGCGTCTCATTATCC	tumor	
scrSOL004_TTGCGTCTCTCCGGTT	tumor	
scrSOL004_TTGGAACAGACCACGA	tumor	
scrSOL004_TTGGAACAGCACAGGT	tumor	
scrSOL004_TTGGAACAGCCCGAAA	normal	
scrSOL004_TTGGAACAGCGTCAAG	tumor	
scrSOL004_TTGGAACAGTTTAGGA	tumor	
scrSOL004_TTGGAACCACCCATGG	tumor	
scrSOL004_TTGGAACCATGAGCGA	tumor	
scrSOL004_TTGGAACGTCAAAGAT	tumor	
scrSOL004_TTGGAACGTCAGAAGC	tumor	
scrSOL004_TTGGAACGTCCCTACT	tumor	
scrSOL004_TTGGAACGTGTTAAGA	tumor	
scrSOL004_TTGGAACTCAGTTCGA	tumor	
scrSOL004_TTGGAACTCTAACTTC	tumor	
scrSOL004_TTGGCAAAGTACGACG	tumor	
scrSOL004_TTGGCAACACCGTTGG	tumor	
scrSOL004_TTGGCAACATGCAATC	tumor	
scrSOL004_TTGGCAAGTGCCTTGG	tumor	
scrSOL004_TTGGCAAGTGGTCCGT	normal	
scrSOL004_TTGGCAATCAACACCA	normal	
scrSOL004_TTGGCAATCCATGAGT	normal	yes
scrSOL004_TTGGCAATCTGCGTAA	tumor	
scrSOL004_TTGTAGGAGCGTTCCG	tumor	
scrSOL004_TTGTAGGAGGGTGTTG	tumor	
scrSOL004_TTGTAGGGTGACCAAG	tumor	
scrSOL004_TTGTAGGTCAAGCCTA	tumor	
scrSOL004_TTGTAGGTCGGCCGAT	tumor	
scrSOL004_TTGTAGGTCGTAGGAG	normal	
scrSOL004_TTTACTGAGTCGTTTG	tumor	
scrSOL004_TTTACTGCACATCCGG	tumor	
scrSOL004_TTTACTGCACGGTAAG	tumor	
scrSOL004_TTTACTGCAGATCTGT	tumor	
scrSOL004_TTTACTGCATCAGTAC	tumor	
scrSOL004_TTTACTGGTCAATGTC	tumor	
scrSOL004_TTTACTGGTTACCGAT	tumor	
scrSOL004_TTTACTGTCCCTCAGT	tumor	
scrSOL004_TTTACTGTCGCTTAGA	tumor	
scrSOL004_TTTACTGTCGTCACGG	tumor	
scrSOL004_TTTATGCAGCTGATAA	normal	
scrSOL004_TTTATGCCAGCCTTGG	normal	
scrSOL004_TTTATGCCAGTCAGCC	tumor	
scrSOL004_TTTATGCGTACAGACG	tumor	
scrSOL004_TTTATGCGTAGCTGCC	tumor	
scrSOL004_TTTATGCGTGATGTGG	tumor	
scrSOL004_TTTATGCGTTGTCGCG	normal	
scrSOL004_TTTATGCTCAGATAAG	tumor	
scrSOL004_TTTATGCTCCTGCTTG	tumor	
scrSOL004_TTTCCTCAGGCTCATT	tumor	
scrSOL004_TTTCCTCCAAGGTGTG	tumor	
scrSOL004_TTTCCTCCAGCGATCC	tumor	
scrSOL004_TTTCCTCCATGTTCCC	tumor	
scrSOL004_TTTCCTCCATTCACTT	tumor	
scrSOL004_TTTCCTCGTAGAAGGA	tumor	
scrSOL004_TTTCCTCGTTAAGATG	tumor	
scrSOL004_TTTCCTCTCGTCTGCT	tumor	
scrSOL004_TTTCCTCTCTGGAGCC	tumor	
scrSOL004_TTTCCTCTCTGTCTCG	tumor	
scrSOL004_TTTGCGCAGCTAACTC	tumor	
scrSOL004_TTTGCGCAGCTGATAA	normal	
scrSOL004_TTTGCGCAGGACCACA	tumor	
scrSOL004_TTTGCGCAGGGTGTGT	tumor	
scrSOL004_TTTGCGCCAGGTCCAC	tumor	
scrSOL004_TTTGCGCCATAGGATA	tumor	
scrSOL004_TTTGCGCCATTAGGCT	normal	
scrSOL004_TTTGCGCGTACCGAGA	normal	
scrSOL004_TTTGCGCGTGTATGGG	tumor	
scrSOL004_TTTGCGCTCCGTACAA	normal	
scrSOL004_TTTGCGCTCGAACGGA	tumor	
scrSOL004_TTTGCGCTCGCTTGTC	tumor	
scrSOL004_TTTGGTTAGGCCCTTG	tumor	
scrSOL004_TTTGGTTAGTACCGGA	tumor	
scrSOL004_TTTGGTTAGTGTTAGA	tumor	
scrSOL004_TTTGGTTAGTTAGGTA	tumor	
scrSOL004_TTTGGTTGTTCGAATC	tumor	
scrSOL004_TTTGGTTTCAGGTTCA	tumor	
scrSOL004_TTTGGTTTCCTCAACC	tumor	
scrSOL004_TTTGTCACAAACCTAC	normal	
scrSOL004_TTTGTCACAATCTGCA	tumor	
scrSOL004_TTTGTCACACGAAGCA	tumor	
scrSOL004_TTTGTCACAGTACACT	tumor	
scrSOL004_TTTGTCAGTTCGCGAC	tumor	
scrSOL004_TTTGTCATCACGAAGG	tumor	
scrSOL004_TTTGTCATCCAACCAA	tumor	
scrSOL004_TTTGTCATCCGAACGC	normal	
scrSOL004_TTTGTCATCGCAAACT	tumor	
