	class	confidentNormal
scrSOL001_AAACCTGAGCAACGGT	normal	
scrSOL001_AAACCTGAGCGATCCC	normal	
scrSOL001_AAACCTGGTAGCGTGA	normal	
scrSOL001_AAACCTGTCATCGCTC	normal	
scrSOL001_AAACCTGTCCGCATAA	normal	
scrSOL001_AAACCTGTCCTCATTA	normal	
scrSOL001_AAACCTGTCTGCAAGT	normal	
scrSOL001_AAACGGGAGCAATCTC	normal	
scrSOL001_AAACGGGGTCTTGATG	normal	
scrSOL001_AAACGGGTCATGTCTT	normal	
scrSOL001_AAACGGGTCGAATCCA	tumor	
scrSOL001_AAAGATGAGCTACCTA	normal	
scrSOL001_AAAGATGGTATTCGTG	tumor	
scrSOL001_AAAGATGGTGATGCCC	normal	
scrSOL001_AAAGATGGTTGGAGGT	normal	
scrSOL001_AAAGCAAAGAAACCAT	normal	
scrSOL001_AAAGCAAAGTACGTAA	tumor	
scrSOL001_AAAGCAACAATCGGTT	normal	
scrSOL001_AAAGCAACATGTTCCC	tumor	
scrSOL001_AAAGCAAGTATAATGG	normal	
scrSOL001_AAAGCAATCAAGATCC	normal	
scrSOL001_AAAGCAATCTCTTATG	tumor	
scrSOL001_AAAGTAGAGTATCGAA	normal	
scrSOL001_AAAGTAGCAGATGGCA	tumor	
scrSOL001_AAAGTAGGTTCGAATC	normal	
scrSOL001_AAAGTAGTCAGGCGAA	tumor	
scrSOL001_AAATGCCAGATATGGT	normal	
scrSOL001_AAATGCCAGGACATTA	tumor	
scrSOL001_AAATGCCCACAGCCCA	normal	
scrSOL001_AAATGCCCATTGTGCA	tumor	
scrSOL001_AAATGCCGTACTTCTT	normal	
scrSOL001_AAATGCCTCCGAATGT	normal	
scrSOL001_AAATGCCTCCGTAGTA	tumor	
scrSOL001_AAATGCCTCCTTGACC	normal	yes
scrSOL001_AACACGTAGATGGGTC	tumor	
scrSOL001_AACACGTCAATCACAC	tumor	
scrSOL001_AACACGTCACGAGAGT	tumor	
scrSOL001_AACACGTCAGATAATG	normal	
scrSOL001_AACACGTCATTCCTGC	normal	
scrSOL001_AACACGTGTCCAAGTT	tumor	
scrSOL001_AACACGTGTGAAGGCT	tumor	
scrSOL001_AACACGTTCATACGGT	normal	
scrSOL001_AACACGTTCCTACAGA	tumor	
scrSOL001_AACACGTTCGTTTAGG	normal	
scrSOL001_AACCATGGTGACAAAT	normal	
scrSOL001_AACCATGTCCCAACGG	tumor	
scrSOL001_AACCATGTCTGTTGAG	normal	
scrSOL001_AACCGCGCAAACTGCT	normal	
scrSOL001_AACCGCGCAGCCTGTG	normal	
scrSOL001_AACCGCGTCCAGTATG	normal	
scrSOL001_AACGTTGAGTCAAGCG	tumor	
scrSOL001_AACGTTGGTAAGGGCT	tumor	
scrSOL001_AACGTTGGTAGCGCAA	tumor	
scrSOL001_AACGTTGTCGCCTGAG	tumor	
scrSOL001_AACTCAGAGCTGAACG	normal	
scrSOL001_AACTCAGAGGATATAC	tumor	
scrSOL001_AACTCAGAGTGCGTGA	normal	
scrSOL001_AACTCAGGTACGCACC	tumor	
scrSOL001_AACTCAGGTTAAGAAC	tumor	
scrSOL001_AACTCAGTCAGGTTCA	tumor	
scrSOL001_AACTCAGTCTACCTGC	normal	
scrSOL001_AACTCCCAGCAGGTCA	tumor	
scrSOL001_AACTCCCAGCCGGTAA	tumor	
scrSOL001_AACTCCCAGGTGCAAC	normal	
scrSOL001_AACTCCCCACTGAAGG	tumor	
scrSOL001_AACTCCCCATGCTGGC	normal	
scrSOL001_AACTCCCGTAGAAGGA	normal	
scrSOL001_AACTCCCGTGCCTGTG	normal	
scrSOL001_AACTCCCGTTAAAGAC	normal	
scrSOL001_AACTCTTCACCGAATT	normal	
scrSOL001_AACTCTTCATAGAAAC	normal	
scrSOL001_AACTCTTGTTAAGTAG	normal	
scrSOL001_AACTCTTTCAACCAAC	normal	
scrSOL001_AACTCTTTCGAATCCA	normal	
scrSOL001_AACTGGTAGCCCGAAA	tumor	
scrSOL001_AACTGGTAGGCGATAC	tumor	
scrSOL001_AACTGGTAGTGGAGAA	normal	
scrSOL001_AACTGGTTCCTCAATT	tumor	
scrSOL001_AACTTTCAGTTTGCGT	normal	
scrSOL001_AACTTTCCAGGGTTAG	tumor	
scrSOL001_AACTTTCGTAGCGTAG	normal	
scrSOL001_AACTTTCGTGGTACAG	tumor	
scrSOL001_AACTTTCTCGGAGGTA	normal	
scrSOL001_AACTTTCTCTCTTATG	normal	
scrSOL001_AACTTTCTCTGTCCGT	normal	
scrSOL001_AAGACCTAGATAGCAT	normal	
scrSOL001_AAGACCTAGCTCCTTC	normal	
scrSOL001_AAGACCTAGTACGACG	tumor	
scrSOL001_AAGACCTCACGGTAAG	normal	
scrSOL001_AAGACCTCATATACCG	normal	
scrSOL001_AAGACCTGTTAGATGA	normal	
scrSOL001_AAGCCGCAGAGGTTGC	normal	
scrSOL001_AAGCCGCAGCCCAACC	normal	
scrSOL001_AAGCCGCAGGCTAGGT	tumor	
scrSOL001_AAGCCGCAGTACACCT	normal	
scrSOL001_AAGCCGCCAATCCGAT	normal	
scrSOL001_AAGCCGCCACACCGAC	tumor	
scrSOL001_AAGCCGCCAGACAAAT	normal	
scrSOL001_AAGCCGCTCCGCGTTT	normal	
scrSOL001_AAGCCGCTCGTTTGCC	tumor	
scrSOL001_AAGGAGCAGTGTCCCG	normal	
scrSOL001_AAGGAGCCAGCTCCGA	normal	
scrSOL001_AAGGAGCCAGTTCCCT	tumor	
scrSOL001_AAGGAGCGTAACGTTC	normal	
scrSOL001_AAGGAGCGTGACCAAG	tumor	
scrSOL001_AAGGAGCGTGTGACCC	normal	
scrSOL001_AAGGAGCTCAGTACGT	tumor	
scrSOL001_AAGGCAGAGCCACGTC	normal	
scrSOL001_AAGGCAGAGGTGCTAG	normal	
scrSOL001_AAGGCAGCAATCGAAA	tumor	
scrSOL001_AAGGCAGCACAAGTAA	tumor	
scrSOL001_AAGGCAGCACATCCGG	tumor	
scrSOL001_AAGGCAGCATGGTCAT	tumor	
scrSOL001_AAGGCAGGTCATTAGC	normal	
scrSOL001_AAGGCAGTCCTATTCA	normal	
scrSOL001_AAGGCAGTCGTCCAGG	tumor	
scrSOL001_AAGGTTCCATCAGTCA	normal	
scrSOL001_AAGGTTCGTTCAGGCC	normal	
scrSOL001_AAGGTTCTCCCGGATG	normal	
scrSOL001_AAGGTTCTCTGTGCAA	normal	
scrSOL001_AAGGTTCTCTTCGAGA	normal	
scrSOL001_AAGTCTGAGTCAAGGC	normal	
scrSOL001_AAGTCTGCAAGCGAGT	normal	
scrSOL001_AAGTCTGCACTGTGTA	tumor	
scrSOL001_AAGTCTGCATGAACCT	normal	
scrSOL001_AAGTCTGTCCGTCAAA	normal	
scrSOL001_AAGTCTGTCTGCAAGT	tumor	
scrSOL001_AATCCAGAGACTGGGT	normal	
scrSOL001_AATCCAGAGGGATACC	normal	
scrSOL001_AATCCAGCAATGAAAC	normal	yes
scrSOL001_AATCCAGCACACGCTG	normal	
scrSOL001_AATCCAGCATGTAGTC	normal	
scrSOL001_AATCCAGGTCTTGTCC	tumor	
scrSOL001_AATCCAGTCCTGCAGG	normal	
scrSOL001_AATCGGTAGTTCCACA	normal	
scrSOL001_AATCGGTCAGCTCGAC	normal	
scrSOL001_AATCGGTGTAATCGTC	normal	
scrSOL001_AATCGGTTCCATGAGT	tumor	
scrSOL001_ACACCAAAGCCCGAAA	tumor	
scrSOL001_ACACCAACAATAACGA	tumor	
scrSOL001_ACACCAACACTATCTT	normal	
scrSOL001_ACACCAACAGGGTTAG	tumor	
scrSOL001_ACACCCTCAGCGAACA	tumor	
scrSOL001_ACACCCTCATCAGTCA	tumor	
scrSOL001_ACACCCTCATCGACGC	tumor	
scrSOL001_ACACCCTTCAATCTCT	normal	
scrSOL001_ACACCCTTCATCGCTC	normal	
scrSOL001_ACACCCTTCGTTGACA	normal	
scrSOL001_ACACCGGAGGAGTCTG	normal	
scrSOL001_ACACCGGAGTGGCACA	tumor	
scrSOL001_ACACCGGCAGCATGAG	normal	
scrSOL001_ACACCGGGTACCGTAT	normal	yes
scrSOL001_ACACCGGGTCGCGTGT	normal	
scrSOL001_ACACCGGGTGCAGGTA	tumor	
scrSOL001_ACACCGGTCCAAGTAC	tumor	
scrSOL001_ACACCGGTCGCCGTGA	normal	
scrSOL001_ACACTGAAGTAGTGCG	tumor	
scrSOL001_ACACTGACATCGGTTA	normal	
scrSOL001_ACACTGAGTTGGAGGT	normal	
scrSOL001_ACACTGATCTCTTATG	normal	
scrSOL001_ACAGCCGAGATCGGGT	tumor	
scrSOL001_ACAGCCGAGGAATCGC	normal	
scrSOL001_ACAGCCGCAAAGTGCG	tumor	
scrSOL001_ACAGCCGCACAACGCC	normal	
scrSOL001_ACAGCCGCATTATCTC	tumor	
scrSOL001_ACAGCCGGTTTGGGCC	tumor	
scrSOL001_ACAGCCGTCTTTACAC	tumor	
scrSOL001_ACAGCTAAGACCGGAT	normal	yes
scrSOL001_ACAGCTAAGCAGGCTA	normal	
scrSOL001_ACAGCTAGTTCCTCCA	normal	
scrSOL001_ACAGCTATCTCAAACG	normal	
scrSOL001_ACATACGAGTCGATAA	tumor	
scrSOL001_ACATACGCATTATCTC	normal	
scrSOL001_ACATACGGTCGGCTCA	normal	
scrSOL001_ACATACGGTGATGTCT	tumor	
scrSOL001_ACATACGGTTCTCATT	normal	
scrSOL001_ACATACGTCGCCATAA	normal	
scrSOL001_ACATCAGAGAAACGAG	tumor	
scrSOL001_ACATCAGAGCTATGCT	tumor	
scrSOL001_ACATCAGCAATGAAAC	normal	
scrSOL001_ACATCAGCAATGTAAG	normal	
scrSOL001_ACATCAGGTCCCTTGT	normal	
scrSOL001_ACATCAGTCTGCGGCA	tumor	
scrSOL001_ACATGGTAGGACTGGT	tumor	
scrSOL001_ACATGGTCAGCTGTAT	tumor	
scrSOL001_ACATGGTGTAAACGCG	normal	
scrSOL001_ACATGGTTCAGGCCCA	tumor	
scrSOL001_ACCAGTAAGCTAGTCT	tumor	
scrSOL001_ACCAGTACAGACAGGT	normal	
scrSOL001_ACCAGTAGTCGGCATC	normal	
scrSOL001_ACCAGTAGTCTAGCGC	tumor	
scrSOL001_ACCAGTAGTCTCATCC	normal	
scrSOL001_ACCAGTAGTTGATTGC	tumor	
scrSOL001_ACCAGTATCTTGCCGT	normal	
scrSOL001_ACCCACTAGAAGATTC	normal	
scrSOL001_ACCCACTAGAGCTATA	tumor	
scrSOL001_ACCCACTAGATGGCGT	tumor	
scrSOL001_ACCCACTCACAAGCCC	tumor	
scrSOL001_ACCCACTTCAAACAAG	normal	
scrSOL001_ACCCACTTCAGTTCGA	tumor	
scrSOL001_ACCCACTTCTTCTGGC	normal	
scrSOL001_ACCGTAAAGTCTTGCA	normal	
scrSOL001_ACCGTAAGTGGGTATG	normal	
scrSOL001_ACCTTTAAGGGTGTGT	normal	
scrSOL001_ACCTTTAAGTCCATAC	tumor	
scrSOL001_ACCTTTATCCAGGGCT	normal	
scrSOL001_ACCTTTATCGCAAGCC	tumor	
scrSOL001_ACGAGCCAGCAGACTG	normal	
scrSOL001_ACGAGCCAGGATGTAT	tumor	
scrSOL001_ACGAGCCAGTTAACGA	tumor	
scrSOL001_ACGAGCCCACTTAACG	normal	
scrSOL001_ACGAGCCGTTGCTCCT	normal	yes
scrSOL001_ACGAGCCTCCTCCTAG	normal	
scrSOL001_ACGAGGACAAAGCAAT	tumor	
scrSOL001_ACGAGGATCCCATTTA	normal	
scrSOL001_ACGATACAGCTAGTCT	normal	
scrSOL001_ACGATACAGGACACCA	tumor	
scrSOL001_ACGATACAGTAGCGGT	normal	
scrSOL001_ACGATACAGTGAAGTT	tumor	
scrSOL001_ACGATACAGTGGACGT	tumor	
scrSOL001_ACGATACCAAGTCATC	tumor	
scrSOL001_ACGATACTCATGCAAC	tumor	
scrSOL001_ACGATGTCACATGGGA	tumor	
scrSOL001_ACGATGTGTCGTCTTC	normal	
scrSOL001_ACGATGTTCACCGGGT	normal	
scrSOL001_ACGATGTTCGCACTCT	normal	
scrSOL001_ACGCAGCAGCTGTCTA	normal	
scrSOL001_ACGCAGCAGCTGTTCA	normal	
scrSOL001_ACGCAGCCACCAGGTC	normal	
scrSOL001_ACGCAGCGTTCCTCCA	normal	
scrSOL001_ACGCAGCTCAGTTAGC	normal	
scrSOL001_ACGCAGCTCGAGAGCA	normal	
scrSOL001_ACGCAGCTCGATCCCT	normal	
scrSOL001_ACGCCAGCAGCTGCTG	normal	
scrSOL001_ACGCCAGCATTGGGCC	tumor	
scrSOL001_ACGCCAGGTTATCCGA	tumor	
scrSOL001_ACGCCGAAGACTAAGT	tumor	
scrSOL001_ACGCCGAAGTTGTCGT	tumor	
scrSOL001_ACGCCGAGTGAGCGAT	tumor	
scrSOL001_ACGCCGATCATACGGT	tumor	
scrSOL001_ACGGAGAAGAGGACGG	normal	
scrSOL001_ACGGAGAAGGAGTTTA	normal	
scrSOL001_ACGGAGACAGCGATCC	normal	
scrSOL001_ACGGAGAGTAGCAAAT	normal	
scrSOL001_ACGGAGAGTTATCACG	normal	
scrSOL001_ACGGCCAAGGACAGCT	tumor	
scrSOL001_ACGGCCAAGTCCTCCT	tumor	
scrSOL001_ACGGCCACATCTATGG	tumor	
scrSOL001_ACGGCCAGTGACTCAT	normal	
scrSOL001_ACGGCCATCGGATGTT	tumor	
scrSOL001_ACGGCCATCGTATCAG	tumor	
scrSOL001_ACGGCCATCTCGCATC	tumor	
scrSOL001_ACGGGCTAGATATGGT	tumor	
scrSOL001_ACGGGCTAGCTATGCT	tumor	
scrSOL001_ACGGGCTCACATCCAA	normal	
scrSOL001_ACGGGCTGTAAGTGTA	tumor	
scrSOL001_ACGGGCTGTAGAGGAA	normal	
scrSOL001_ACGGGCTGTCATCGGC	tumor	
scrSOL001_ACGGGCTGTGATGCCC	normal	
scrSOL001_ACGGGCTTCAATAAGG	tumor	
scrSOL001_ACGGGCTTCATCATTC	tumor	
scrSOL001_ACGGGCTTCCAGATCA	normal	
scrSOL001_ACGGGCTTCGTATCAG	tumor	
scrSOL001_ACGGGTCAGAAGGACA	normal	
scrSOL001_ACGGGTCCAAACTGCT	normal	
scrSOL001_ACGGGTCTCTTGCATT	tumor	
scrSOL001_ACGTCAAAGCAGGTCA	normal	
scrSOL001_ACGTCAAAGCTTTGGT	normal	
scrSOL001_ACGTCAACAGACGTAG	tumor	
scrSOL001_ACGTCAAGTAATCGTC	normal	
scrSOL001_ACGTCAAGTAGTGAAT	normal	
scrSOL001_ACGTCAATCAGCATGT	normal	
scrSOL001_ACGTCAATCCTAAGTG	normal	
scrSOL001_ACGTCAATCGGTCTAA	normal	
scrSOL001_ACTATCTTCGCAGGCT	tumor	
scrSOL001_ACTGAACAGGAGTACC	tumor	
scrSOL001_ACTGAACCACAGGCCT	tumor	
scrSOL001_ACTGAACCAGTGAGTG	tumor	
scrSOL001_ACTGAACCATGCCACG	normal	
scrSOL001_ACTGAACGTCGGATCC	tumor	
scrSOL001_ACTGAACGTGGTAACG	normal	
scrSOL001_ACTGAACGTTCAGACT	normal	
scrSOL001_ACTGAACTCAACACCA	tumor	
scrSOL001_ACTGAACTCAGGCCCA	normal	
scrSOL001_ACTGAGTAGATAGTCA	tumor	
scrSOL001_ACTGAGTAGTGACATA	normal	
scrSOL001_ACTGAGTCATAGGATA	normal	
scrSOL001_ACTGAGTTCAGAGGTG	normal	
scrSOL001_ACTGATGAGTGAACGC	tumor	
scrSOL001_ACTGATGCAATGAAAC	tumor	
scrSOL001_ACTGATGCATACGCTA	tumor	
scrSOL001_ACTGATGGTAAGGGAA	normal	
scrSOL001_ACTGATGGTAATTGGA	normal	
scrSOL001_ACTGATGGTCTAAACC	normal	
scrSOL001_ACTGATGTCTCGCATC	normal	
scrSOL001_ACTGATGTCTGCCCTA	tumor	
scrSOL001_ACTGCTCAGCGTAGTG	tumor	
scrSOL001_ACTGCTCAGCTGTTCA	normal	
scrSOL001_ACTGCTCAGGAATGGA	tumor	
scrSOL001_ACTGCTCCACGCATCG	tumor	
scrSOL001_ACTGCTCCACTCAGGC	tumor	
scrSOL001_ACTGCTCCAGGAATCG	normal	
scrSOL001_ACTGCTCGTACTTAGC	normal	
scrSOL001_ACTGCTCGTATAGTAG	normal	
scrSOL001_ACTGCTCGTCTCCCTA	normal	
scrSOL001_ACTGTCCAGTACATGA	normal	
scrSOL001_ACTGTCCCATCACGTA	normal	
scrSOL001_ACTTACTAGCCAGGAT	tumor	
scrSOL001_ACTTACTAGGAGCGAG	tumor	
scrSOL001_ACTTACTCAGGATTGG	tumor	
scrSOL001_ACTTACTGTAGTGAAT	normal	
scrSOL001_ACTTACTGTATAGGGC	normal	
scrSOL001_ACTTACTGTCACAAGG	normal	
scrSOL001_ACTTACTGTGTGCGTC	normal	
scrSOL001_ACTTGTTGTCAAGCGA	normal	
scrSOL001_ACTTGTTGTCAGAATA	normal	
scrSOL001_ACTTTCAAGAATGTTG	tumor	
scrSOL001_ACTTTCAAGCCAGTAG	normal	
scrSOL001_ACTTTCACAATCTACG	normal	
scrSOL001_ACTTTCACACGAGAGT	tumor	
scrSOL001_ACTTTCACAGTAAGCG	tumor	
scrSOL001_ACTTTCAGTAAACGCG	normal	
scrSOL001_ACTTTCAGTACACCGC	tumor	
scrSOL001_AGAATAGAGAGGTACC	normal	
scrSOL001_AGAATAGCATTCTCAT	tumor	
scrSOL001_AGACGTTAGAGCTGCA	normal	
scrSOL001_AGACGTTAGCGCCTTG	normal	
scrSOL001_AGACGTTCAAGCGTAG	tumor	
scrSOL001_AGACGTTCAAGTTAAG	tumor	
scrSOL001_AGACGTTCAATGGACG	normal	
scrSOL001_AGACGTTCAGACTCGC	tumor	
scrSOL001_AGACGTTGTACCGTAT	normal	
scrSOL001_AGACGTTGTTTGACTG	normal	
scrSOL001_AGACGTTTCAGCCTAA	tumor	
scrSOL001_AGACGTTTCAGTCAGT	normal	
scrSOL001_AGAGCGAAGTCAAGCG	tumor	
scrSOL001_AGAGCGACACCACCAG	tumor	
scrSOL001_AGAGCGACACGCGAAA	tumor	
scrSOL001_AGAGCGACATCACGAT	tumor	
scrSOL001_AGAGCGAGTCAGAGGT	normal	
scrSOL001_AGAGCGAGTTATCGGT	tumor	
scrSOL001_AGAGCGAGTTCACGGC	tumor	
scrSOL001_AGAGCGAGTTTGACTG	tumor	
scrSOL001_AGAGCGATCATAACCG	normal	
scrSOL001_AGAGCTTAGCTATGCT	normal	
scrSOL001_AGAGCTTCACGCCAGT	tumor	
scrSOL001_AGAGCTTCATGCCTAA	normal	
scrSOL001_AGAGCTTTCATGTGGT	tumor	
scrSOL001_AGAGTGGAGAGGGATA	normal	
scrSOL001_AGAGTGGGTCGTTGTA	tumor	
scrSOL001_AGATCTGAGTGTGGCA	tumor	
scrSOL001_AGATCTGCACAGAGGT	tumor	
scrSOL001_AGATCTGGTGAGTATA	normal	
scrSOL001_AGATCTGGTGATGATA	tumor	
scrSOL001_AGATCTGGTGCATCTA	tumor	
scrSOL001_AGATCTGGTGTGACCC	tumor	
scrSOL001_AGATTGCCACCTATCC	tumor	
scrSOL001_AGATTGCCAGGTGCCT	normal	
scrSOL001_AGATTGCGTGACCAAG	tumor	
scrSOL001_AGATTGCTCCAAACTG	normal	
scrSOL001_AGATTGCTCCTATTCA	normal	
scrSOL001_AGATTGCTCTGCAAGT	tumor	
scrSOL001_AGCAGCCAGATGTAAC	normal	
scrSOL001_AGCAGCCAGGCTAGGT	tumor	
scrSOL001_AGCAGCCAGGGCTCTC	tumor	
scrSOL001_AGCAGCCCAACAACCT	normal	
scrSOL001_AGCAGCCGTCTTGCGG	normal	
scrSOL001_AGCAGCCGTGTCGCTG	normal	
scrSOL001_AGCAGCCGTTATGCGT	normal	
scrSOL001_AGCATACAGAACAACT	normal	
scrSOL001_AGCATACAGAGGTTAT	normal	
scrSOL001_AGCATACAGTAGGTGC	normal	
scrSOL001_AGCATACGTAGAGCTG	normal	
scrSOL001_AGCATACGTATGAAAC	tumor	
scrSOL001_AGCATACTCCTTTCGG	normal	
scrSOL001_AGCATACTCCTTTCTC	normal	
scrSOL001_AGCCTAACACGACTCG	tumor	
scrSOL001_AGCCTAACATACGCCG	tumor	
scrSOL001_AGCCTAACATCTGGTA	normal	
scrSOL001_AGCCTAAGTGATGCCC	normal	
scrSOL001_AGCCTAAGTGGTCCGT	normal	
scrSOL001_AGCCTAAGTGTATGGG	normal	
scrSOL001_AGCCTAATCATTGCGA	tumor	
scrSOL001_AGCCTAATCCGGGTGT	normal	
scrSOL001_AGCCTAATCCGTCAAA	normal	
scrSOL001_AGCCTAATCTAAGCCA	tumor	
scrSOL001_AGCGGTCCACCGTTGG	normal	
scrSOL001_AGCGGTCCACGCGAAA	normal	
scrSOL001_AGCGTATAGACAAAGG	tumor	
scrSOL001_AGCGTATAGGAGCGTT	tumor	
scrSOL001_AGCGTATCAGGTTTCA	normal	
scrSOL001_AGCGTATCAGTGGGAT	tumor	
scrSOL001_AGCGTATGTCATGCAT	tumor	
scrSOL001_AGCGTATTCACGCGGT	tumor	
scrSOL001_AGCGTATTCCAAGCCG	normal	
scrSOL001_AGCGTCGAGAACTCGG	normal	
scrSOL001_AGCGTCGCAATGAAAC	tumor	
scrSOL001_AGCGTCGCATGCATGT	tumor	
scrSOL001_AGCGTCGGTTCACCTC	normal	
scrSOL001_AGCGTCGTCCTCCTAG	normal	
scrSOL001_AGCTCCTAGGTGTGGT	normal	
scrSOL001_AGCTCCTAGTGCGTGA	tumor	
scrSOL001_AGCTCCTCAAACTGCT	tumor	
scrSOL001_AGCTCCTCAACAACCT	normal	
scrSOL001_AGCTCCTCATGCGCAC	tumor	
scrSOL001_AGCTCCTGTCACAAGG	normal	
scrSOL001_AGCTCCTTCAACCAAC	normal	
scrSOL001_AGCTCTCAGCCCGAAA	normal	
scrSOL001_AGCTCTCAGCGTTGCC	tumor	
scrSOL001_AGCTCTCAGGTGACCA	tumor	
scrSOL001_AGCTCTCAGGTGATTA	normal	
scrSOL001_AGCTCTCCAAAGGTGC	normal	
scrSOL001_AGCTCTCGTCGTGGCT	normal	
scrSOL001_AGCTCTCGTGTAATGA	tumor	
scrSOL001_AGCTCTCGTTTGACAC	normal	
scrSOL001_AGCTCTCTCAAAGACA	tumor	
scrSOL001_AGCTCTCTCGTCTGAA	normal	
scrSOL001_AGCTTGAAGATCCCGC	normal	
scrSOL001_AGCTTGAGTAAACGCG	tumor	
scrSOL001_AGCTTGAGTCGCGAAA	normal	
scrSOL001_AGGCCACAGAAACCGC	normal	
scrSOL001_AGGCCACAGAAGCCCA	normal	
scrSOL001_AGGCCACAGCACCGTC	normal	
scrSOL001_AGGCCACAGTCGCCGT	tumor	
scrSOL001_AGGCCACCAATGGACG	tumor	
scrSOL001_AGGCCACCACAACTGT	normal	
scrSOL001_AGGCCACCATAGAAAC	tumor	
scrSOL001_AGGCCACGTCCAGTGC	tumor	
scrSOL001_AGGCCACGTGTATGGG	normal	
scrSOL001_AGGCCACTCTGCGGCA	tumor	
scrSOL001_AGGCCGTAGAATGTGT	normal	
scrSOL001_AGGCCGTAGATCACGG	tumor	
scrSOL001_AGGCCGTCATCGGAAG	tumor	
scrSOL001_AGGCCGTGTCATCGGC	normal	
scrSOL001_AGGCCGTTCCAAAGTC	normal	
scrSOL001_AGGCCGTTCGCACTCT	tumor	
scrSOL001_AGGCCGTTCTTGGGTA	normal	
scrSOL001_AGGGAGTAGATGTGTA	tumor	
scrSOL001_AGGGAGTCAGGGCATA	normal	
scrSOL001_AGGGAGTGTTGAACTC	tumor	
scrSOL001_AGGGAGTTCAACTCTT	normal	
scrSOL001_AGGGAGTTCCGCAGTG	normal	
scrSOL001_AGGGAGTTCTGGTTCC	normal	
scrSOL001_AGGGATGAGTTGCAGG	normal	
scrSOL001_AGGGATGCAAGGACTG	normal	
scrSOL001_AGGGATGGTATGCTTG	tumor	
scrSOL001_AGGGATGTCTGCGACG	tumor	
scrSOL001_AGGGATGTCTTCCTTC	normal	
scrSOL001_AGGGTGACACCGTTGG	tumor	
scrSOL001_AGGGTGAGTACCATCA	tumor	
scrSOL001_AGGGTGAGTATAATGG	tumor	
scrSOL001_AGGGTGATCAGAGACG	tumor	
scrSOL001_AGGGTGATCGCGCCAA	tumor	
scrSOL001_AGGTCATAGGGCATGT	normal	
scrSOL001_AGGTCATTCAAGCCTA	normal	
scrSOL001_AGGTCATTCCAATGGT	normal	
scrSOL001_AGGTCCGAGAATTGTG	normal	
scrSOL001_AGGTCCGAGATAGCAT	normal	
scrSOL001_AGGTCCGCAAGCGATG	tumor	
scrSOL001_AGGTCCGCAGGTTTCA	normal	
scrSOL001_AGGTCCGGTAAAGGAG	tumor	
scrSOL001_AGGTCCGGTCGCTTTC	normal	
scrSOL001_AGGTCCGGTTGAACTC	normal	
scrSOL001_AGGTCCGTCTCGTTTA	tumor	
scrSOL001_AGTAGTCCAATGAATG	normal	
scrSOL001_AGTAGTCCATGTCTCC	normal	
scrSOL001_AGTAGTCGTGCAGACA	normal	
scrSOL001_AGTAGTCGTTTGACAC	tumor	
scrSOL001_AGTAGTCTCAGCACAT	normal	
scrSOL001_AGTAGTCTCGCCAGCA	normal	
scrSOL001_AGTCTTTAGCGCCTCA	normal	
scrSOL001_AGTCTTTCATTCTCAT	tumor	
scrSOL001_AGTCTTTGTCATCGGC	normal	
scrSOL001_AGTCTTTGTCCGAACC	tumor	
scrSOL001_AGTCTTTGTCTCATCC	normal	
scrSOL001_AGTCTTTGTGGGTCAA	tumor	
scrSOL001_AGTCTTTTCCTTCAAT	normal	
scrSOL001_AGTCTTTTCGCGCCAA	normal	
scrSOL001_AGTCTTTTCTCTTGAT	normal	
scrSOL001_AGTGAGGAGCTAGTTC	normal	
scrSOL001_AGTGAGGCAATGGAAT	normal	
scrSOL001_AGTGAGGCACCAGCAC	tumor	
scrSOL001_AGTGAGGCACTATCTT	normal	
scrSOL001_AGTGAGGGTATTCTCT	normal	
scrSOL001_AGTGAGGGTCAACATC	normal	
scrSOL001_AGTGGGAAGACTAGAT	tumor	
scrSOL001_AGTGGGAAGATGCCAG	tumor	
scrSOL001_AGTGGGACACAACTGT	normal	
scrSOL001_AGTGGGACATGGTTGT	normal	
scrSOL001_AGTGGGAGTCTGATTG	tumor	
scrSOL001_AGTGGGAGTTGGTTTG	normal	
scrSOL001_AGTGGGATCATGGTCA	normal	
scrSOL001_AGTGGGATCCCGACTT	normal	
scrSOL001_AGTGTCAAGTAGATGT	normal	
scrSOL001_AGTGTCAAGTATCGAA	normal	
scrSOL001_AGTGTCAAGTTAGGTA	normal	
scrSOL001_AGTGTCAAGTTATCGC	tumor	
scrSOL001_AGTGTCAGTATTAGCC	normal	
scrSOL001_AGTTGGTAGGCCCTCA	normal	
scrSOL001_AGTTGGTTCAGCAACT	normal	
scrSOL001_AGTTGGTTCTTCCTTC	normal	
scrSOL001_ATAACGCAGAGTACAT	tumor	
scrSOL001_ATAACGCAGTCCATAC	normal	
scrSOL001_ATAACGCCACAGATTC	normal	
scrSOL001_ATAACGCCACTGAAGG	tumor	
scrSOL001_ATAACGCGTAGATTAG	tumor	
scrSOL001_ATAACGCGTCAATACC	tumor	
scrSOL001_ATAACGCGTGCAACGA	normal	
scrSOL001_ATAACGCTCACATACG	tumor	
scrSOL001_ATAACGCTCGGAGGTA	normal	
scrSOL001_ATAAGAGAGAATGTTG	tumor	
scrSOL001_ATAAGAGAGAGACTTA	normal	
scrSOL001_ATAAGAGAGTGTGGCA	normal	
scrSOL001_ATAAGAGCATTTCAGG	tumor	
scrSOL001_ATAAGAGGTCAGTGGA	tumor	
scrSOL001_ATAAGAGGTCTAACGT	normal	
scrSOL001_ATAAGAGTCAACACAC	normal	
scrSOL001_ATAAGAGTCCCAAGAT	normal	
scrSOL001_ATAAGAGTCGGTCCGA	normal	
scrSOL001_ATAAGAGTCTACCTGC	normal	
scrSOL001_ATCACGAAGCCTATGT	normal	
scrSOL001_ATCACGAAGCTAGGCA	tumor	
scrSOL001_ATCACGAAGGGCACTA	normal	
scrSOL001_ATCACGACACTTCTGC	normal	
scrSOL001_ATCACGACAGCTCGAC	normal	
scrSOL001_ATCACGACAGCTTCGG	tumor	
scrSOL001_ATCACGAGTCTTGATG	normal	
scrSOL001_ATCACGAGTGTGCCTG	normal	
scrSOL001_ATCACGAGTTGGGACA	normal	
scrSOL001_ATCACGATCAGTTTGG	tumor	
scrSOL001_ATCACGATCCATGAAC	normal	
scrSOL001_ATCATCTAGGAGTTGC	tumor	
scrSOL001_ATCATCTAGTAGATGT	normal	
scrSOL001_ATCATCTGTAACGCGA	tumor	
scrSOL001_ATCATCTGTCATCGGC	tumor	
scrSOL001_ATCATCTTCCGCAGTG	tumor	
scrSOL001_ATCATCTTCGAATGGG	normal	
scrSOL001_ATCATGGAGGAGTCTG	normal	
scrSOL001_ATCATGGAGGTGATTA	tumor	
scrSOL001_ATCATGGAGTCCATAC	tumor	
scrSOL001_ATCCACCCACCACGTG	tumor	
scrSOL001_ATCCACCGTAGCAAAT	normal	
scrSOL001_ATCCACCGTTTGTTGG	tumor	
scrSOL001_ATCCACCTCAAGCCTA	normal	
scrSOL001_ATCCACCTCACTTACT	normal	
scrSOL001_ATCCACCTCGTTTATC	normal	
scrSOL001_ATCCGAACAATCCAAC	tumor	
scrSOL001_ATCCGAACACAGACTT	normal	
scrSOL001_ATCCGAACAGACAGGT	normal	
scrSOL001_ATCCGAAGTAAAGGAG	normal	
scrSOL001_ATCCGAATCCAGAGGA	normal	
scrSOL001_ATCCGAATCCTTGCCA	normal	
scrSOL001_ATCCGAATCTAACCGA	normal	
scrSOL001_ATCGAGTAGGCGATAC	normal	
scrSOL001_ATCGAGTCAATGGATA	normal	
scrSOL001_ATCGAGTGTTGCGTTA	tumor	
scrSOL001_ATCGAGTTCACAACGT	normal	
scrSOL001_ATCGAGTTCGTTTGCC	normal	
scrSOL001_ATCGAGTTCTAACTTC	normal	
scrSOL001_ATCTACTCACCGAATT	normal	
scrSOL001_ATCTACTCACGACGAA	tumor	
scrSOL001_ATCTACTGTATAAACG	normal	
scrSOL001_ATCTACTGTCGCGAAA	normal	
scrSOL001_ATCTACTGTCTAGTCA	tumor	
scrSOL001_ATCTACTTCAAAGTAG	normal	
scrSOL001_ATCTACTTCGGCGCAT	normal	
scrSOL001_ATCTGCCAGGCGCTCT	tumor	
scrSOL001_ATCTGCCCAAACCCAT	tumor	
scrSOL001_ATCTGCCGTCAACTGT	tumor	
scrSOL001_ATCTGCCGTTATGTGC	normal	
scrSOL001_ATCTGCCTCAGGCAAG	tumor	
scrSOL001_ATCTGCCTCCACGTGG	tumor	
scrSOL001_ATCTGCCTCGGTCTAA	normal	
scrSOL001_ATGAGGGAGCGTTGCC	tumor	
scrSOL001_ATGAGGGAGCTGCCCA	normal	
scrSOL001_ATGAGGGAGTCTCCTC	normal	
scrSOL001_ATGAGGGAGTTCGATC	normal	
scrSOL001_ATGAGGGCAACTGGCC	normal	
scrSOL001_ATGAGGGCAATTCCTT	normal	
scrSOL001_ATGAGGGGTGCCTGTG	tumor	
scrSOL001_ATGAGGGGTGCGAAAC	tumor	
scrSOL001_ATGCGATAGAGCTGCA	tumor	
scrSOL001_ATGCGATGTACCCAAT	normal	
scrSOL001_ATGCGATGTCAAACTC	normal	
scrSOL001_ATGCGATGTCCCTTGT	tumor	
scrSOL001_ATGCGATTCAGTCCCT	tumor	
scrSOL001_ATGCGATTCCCGGATG	normal	
scrSOL001_ATGGGAGAGAACAATC	normal	
scrSOL001_ATGGGAGCATACCATG	normal	
scrSOL001_ATGGGAGGTCATCCCT	tumor	
scrSOL001_ATGGGAGGTGTGACCC	normal	yes
scrSOL001_ATGGGAGGTTCCAACA	normal	
scrSOL001_ATGGGAGTCATGTCCC	normal	
scrSOL001_ATGTGTGCAACGATCT	normal	
scrSOL001_ATGTGTGCATCGGACC	normal	
scrSOL001_ATGTGTGGTCGCGGTT	normal	
scrSOL001_ATGTGTGGTCTAACGT	normal	
scrSOL001_ATGTGTGGTGAACCTT	normal	
scrSOL001_ATGTGTGTCTAACTGG	tumor	
scrSOL001_ATGTGTGTCTTGCCGT	normal	
scrSOL001_ATGTGTGTCTTTAGTC	normal	
scrSOL001_ATTACTCAGGGTTCCC	normal	
scrSOL001_ATTACTCCATCAGTAC	tumor	
scrSOL001_ATTACTCGTAGTACCT	tumor	
scrSOL001_ATTACTCTCCGCAAGC	tumor	
scrSOL001_ATTATCCAGCGTAATA	normal	
scrSOL001_ATTATCCAGGTCATCT	tumor	
scrSOL001_ATTATCCCACCAGGTC	normal	
scrSOL001_ATTATCCGTCTCGTTC	tumor	
scrSOL001_ATTATCCGTTATGTGC	tumor	
scrSOL001_ATTATCCTCAACACCA	normal	
scrSOL001_ATTATCCTCCAAATGC	normal	
scrSOL001_ATTATCCTCTAAGCCA	tumor	
scrSOL001_ATTCTACAGGATGGTC	normal	
scrSOL001_ATTCTACTCAAACGGG	normal	
scrSOL001_ATTGGACAGACGCACA	normal	
scrSOL001_ATTGGACAGAGTCTGG	tumor	
scrSOL001_ATTGGACAGTGGCACA	tumor	
scrSOL001_ATTGGACCACAGCGTC	normal	
scrSOL001_ATTGGACGTCTAGTGT	normal	
scrSOL001_ATTGGACTCAACGCTA	tumor	
scrSOL001_ATTGGACTCAGTACGT	normal	
scrSOL001_ATTGGACTCCAGTAGT	normal	
scrSOL001_ATTGGACTCGTTACGA	tumor	
scrSOL001_ATTGGACTCTGCAGTA	normal	
scrSOL001_ATTGGTGAGGCGTACA	tumor	
scrSOL001_ATTGGTGCAAGAGGCT	normal	
scrSOL001_ATTGGTGCAAGCCCAC	tumor	
scrSOL001_ATTGGTGCACGAAATA	tumor	
scrSOL001_ATTGGTGGTCCATGAT	normal	
scrSOL001_ATTGGTGGTCGACTAT	tumor	
scrSOL001_ATTGGTGGTTCCATGA	normal	
scrSOL001_ATTGGTGGTTCCTCCA	tumor	
scrSOL001_ATTGGTGTCAAAGACA	normal	
scrSOL001_ATTGGTGTCACAACGT	tumor	
scrSOL001_ATTGGTGTCGGTCCGA	normal	
scrSOL001_ATTGGTGTCTGGTTCC	tumor	
scrSOL001_ATTTCTGCAGCTGTGC	tumor	
scrSOL001_ATTTCTGCATCCAACA	normal	
scrSOL001_ATTTCTGGTAGTAGTA	normal	
scrSOL001_ATTTCTGGTTGAGTTC	normal	
scrSOL001_ATTTCTGTCATGTCTT	tumor	
scrSOL001_ATTTCTGTCCAAACAC	tumor	
scrSOL001_CAACCAAGTCATTAGC	normal	
scrSOL001_CAACCAAGTGCGAAAC	tumor	
scrSOL001_CAACCAAGTTCGTCTC	normal	
scrSOL001_CAACCAATCGCTTAGA	normal	
scrSOL001_CAACCTCAGACCTAGG	normal	
scrSOL001_CAACCTCCAAGGTGTG	normal	
scrSOL001_CAACCTCGTTCGTGAT	normal	
scrSOL001_CAACTAGAGTGGTAGC	tumor	
scrSOL001_CAACTAGAGTTGTAGA	normal	
scrSOL001_CAACTAGCAAGCCGTC	normal	
scrSOL001_CAACTAGGTATAGTAG	normal	
scrSOL001_CAACTAGGTTACCAGT	normal	
scrSOL001_CAACTAGTCCCAGGTG	normal	
scrSOL001_CAACTAGTCTTGACGA	normal	
scrSOL001_CAAGAAAAGAAGGTGA	tumor	
scrSOL001_CAAGAAAGTAATCACC	normal	
scrSOL001_CAAGAAAGTACTTCTT	tumor	
scrSOL001_CAAGAAAGTCGCATCG	tumor	
scrSOL001_CAAGAAAGTGGCTCCA	normal	
scrSOL001_CAAGAAAGTGTTAAGA	normal	
scrSOL001_CAAGAAAGTTTGTTGG	normal	
scrSOL001_CAAGATCAGATAGGAG	tumor	
scrSOL001_CAAGATCAGTACACCT	tumor	
scrSOL001_CAAGATCAGTTCGCGC	normal	
scrSOL001_CAAGATCCAAGGCTCC	normal	
scrSOL001_CAAGATCGTAGCTTGT	normal	
scrSOL001_CAAGATCGTCCTCCAT	tumor	
scrSOL001_CAAGATCGTCGAGATG	tumor	
scrSOL001_CAAGATCTCCGTCAAA	tumor	
scrSOL001_CAAGATCTCCTGCTTG	tumor	
scrSOL001_CAAGATCTCTGTTTGT	tumor	
scrSOL001_CAAGGCCAGAGCAATT	tumor	
scrSOL001_CAAGGCCAGCACGCCT	tumor	
scrSOL001_CAAGGCCGTATAGGGC	normal	
scrSOL001_CAAGGCCGTATGGTTC	normal	
scrSOL001_CAAGTTGAGTGTCTCA	normal	
scrSOL001_CAAGTTGCACCACGTG	normal	
scrSOL001_CAAGTTGCAGGAATGC	tumor	
scrSOL001_CAAGTTGGTCGTCTTC	normal	
scrSOL001_CAAGTTGTCTTCGAGA	tumor	
scrSOL001_CACAAACAGAGAACAG	normal	
scrSOL001_CACAAACAGTGTACTC	normal	
scrSOL001_CACAAACCACATGGGA	normal	
scrSOL001_CACAAACGTCCAACTA	normal	
scrSOL001_CACAAACTCGCTTGTC	tumor	
scrSOL001_CACAAACTCGGTCCGA	normal	
scrSOL001_CACAAACTCTCTTATG	tumor	
scrSOL001_CACACAAAGACACGAC	normal	
scrSOL001_CACACAAAGGAGTAGA	tumor	
scrSOL001_CACACAAAGTACGCCC	normal	
scrSOL001_CACACAACAATCGAAA	tumor	
scrSOL001_CACACAACATCTACGA	normal	
scrSOL001_CACACAAGTAGCTTGT	normal	
scrSOL001_CACACAAGTTACCAGT	normal	
scrSOL001_CACACCTAGCTATGCT	normal	
scrSOL001_CACACCTAGGAATGGA	normal	
scrSOL001_CACACCTCAAGCGAGT	normal	
scrSOL001_CACACCTGTTGCCTCT	tumor	
scrSOL001_CACACCTTCACCTTAT	tumor	
scrSOL001_CACACCTTCCCATTTA	normal	
scrSOL001_CACACCTTCCCTCAGT	normal	
scrSOL001_CACACCTTCGCCTGTT	normal	
scrSOL001_CACACCTTCTCGTTTA	normal	yes
scrSOL001_CACACTCAGGAGTAGA	tumor	
scrSOL001_CACACTCAGGCTCTTA	normal	
scrSOL001_CACACTCAGGGCATGT	normal	
scrSOL001_CACACTCCAATGACCT	tumor	
scrSOL001_CACACTCCACTTCTGC	tumor	
scrSOL001_CACACTCCATGCTAGT	normal	
scrSOL001_CACACTCTCCAAACAC	normal	
scrSOL001_CACACTCTCCTATGTT	normal	
scrSOL001_CACAGGCAGTGGACGT	normal	
scrSOL001_CACAGGCCAAAGGAAG	normal	
scrSOL001_CACAGGCCAGCTATTG	normal	
scrSOL001_CACAGGCTCATCGCTC	normal	
scrSOL001_CACAGGCTCATGTCCC	normal	
scrSOL001_CACAGGCTCGTTACAG	normal	
scrSOL001_CACAGGCTCTACCAGA	normal	
scrSOL001_CACAGTAAGGTAGCCA	normal	
scrSOL001_CACAGTAAGTGAACAT	normal	
scrSOL001_CACAGTACAATCCAAC	normal	
scrSOL001_CACAGTAGTCCAGTGC	normal	
scrSOL001_CACAGTATCACTTATC	normal	
scrSOL001_CACAGTATCTTTCCTC	tumor	
scrSOL001_CACATAGAGGGTCGAT	normal	
scrSOL001_CACATAGAGTATTGGA	normal	
scrSOL001_CACATAGAGTGAAGTT	tumor	
scrSOL001_CACATAGTCACTCTTA	normal	
scrSOL001_CACATTTAGAAGAAGC	normal	
scrSOL001_CACATTTAGCTTTGGT	normal	
scrSOL001_CACATTTAGTGCGTGA	normal	
scrSOL001_CACATTTAGTGGCACA	normal	
scrSOL001_CACATTTTCGTCTGAA	tumor	
scrSOL001_CACCACTAGATAGCAT	tumor	
scrSOL001_CACCACTAGGCATGTG	normal	
scrSOL001_CACCACTCAAGAGTCG	tumor	
scrSOL001_CACCACTCAAGTTGTC	normal	yes
scrSOL001_CACCACTCACTCAGGC	normal	
scrSOL001_CACCACTCAGCGTCCA	normal	
scrSOL001_CACCACTTCTGTACGA	tumor	
scrSOL001_CACCAGGAGCTAAACA	normal	
scrSOL001_CACCAGGCACCGGAAA	normal	
scrSOL001_CACCAGGTCCCGACTT	normal	
scrSOL001_CACCTTGAGCGAAGGG	normal	
scrSOL001_CACCTTGAGTAAGTAC	normal	
scrSOL001_CACCTTGCAAGACGTG	tumor	
scrSOL001_CACCTTGGTAAGGGCT	normal	
scrSOL001_CACCTTGGTCAGCTAT	tumor	
scrSOL001_CACCTTGGTCCGAACC	normal	
scrSOL001_CACCTTGGTCGAATCT	tumor	
scrSOL001_CACCTTGTCAACACGT	tumor	
scrSOL001_CACCTTGTCGGCGCTA	normal	
scrSOL001_CACCTTGTCTACTATC	normal	
scrSOL001_CACTCCAAGAGTGAGA	normal	
scrSOL001_CACTCCAAGGCTCAGA	normal	
scrSOL001_CACTCCAAGGCTCATT	normal	
scrSOL001_CACTCCAAGTCACGCC	tumor	
scrSOL001_CACTCCAGTCGAAAGC	normal	
scrSOL001_CACTCCATCAACGGCC	tumor	
scrSOL001_CACTCCATCAGCTGGC	normal	
scrSOL001_CACTCCATCTTTAGGG	normal	
scrSOL001_CAGAATCAGGTTACCT	tumor	
scrSOL001_CAGAATCCAGACACTT	normal	
scrSOL001_CAGAATCGTAGTACCT	tumor	
scrSOL001_CAGAATCGTATTACCG	tumor	
scrSOL001_CAGAATCTCCTTAATC	normal	
scrSOL001_CAGAATCTCTTGCAAG	normal	
scrSOL001_CAGAGAGAGCAGACTG	normal	
scrSOL001_CAGAGAGAGGCCATAG	tumor	
scrSOL001_CAGAGAGCAAGACGTG	normal	
scrSOL001_CAGAGAGCACAAGCCC	tumor	
scrSOL001_CAGAGAGCACAGCCCA	normal	
scrSOL001_CAGAGAGGTGGAAAGA	normal	
scrSOL001_CAGAGAGGTGTTCGAT	normal	
scrSOL001_CAGATCAAGAAGATTC	normal	
scrSOL001_CAGATCAAGGCCATAG	tumor	
scrSOL001_CAGATCAAGTTGAGAT	normal	
scrSOL001_CAGATCAGTACTTGAC	tumor	
scrSOL001_CAGATCAGTCTCTTAT	normal	
scrSOL001_CAGATCATCAACGAAA	normal	
scrSOL001_CAGATCATCTTGGGTA	tumor	
scrSOL001_CAGCAGCAGGTGCTTT	tumor	
scrSOL001_CAGCAGCAGTGAACGC	tumor	
scrSOL001_CAGCAGCCAACCGCCA	normal	
scrSOL001_CAGCATAAGATAGCAT	tumor	
scrSOL001_CAGCATAAGTCCCACG	normal	
scrSOL001_CAGCATACACGAGAGT	normal	
scrSOL001_CAGCATATCAAACGGG	normal	
scrSOL001_CAGCCGAAGACAGACC	tumor	
scrSOL001_CAGCCGAAGCTACCTA	tumor	
scrSOL001_CAGCCGAAGTAAGTAC	tumor	
scrSOL001_CAGCCGAGTTTGGGCC	normal	
scrSOL001_CAGCGACAGAATTGTG	normal	
scrSOL001_CAGCGACAGGCCCTTG	normal	
scrSOL001_CAGCGACTCCACGCAG	normal	
scrSOL001_CAGCTAAAGATAGTCA	normal	
scrSOL001_CAGCTAAAGCTACCTA	normal	
scrSOL001_CAGCTAACATAGAAAC	normal	
scrSOL001_CAGCTAAGTACTCAAC	normal	
scrSOL001_CAGCTAATCATCACCC	tumor	
scrSOL001_CAGCTAATCCGGCACA	tumor	
scrSOL001_CAGCTAATCGGAGCAA	normal	
scrSOL001_CAGCTAATCTTGTACT	tumor	
scrSOL001_CAGCTGGCATATACCG	tumor	
scrSOL001_CAGCTGGGTACAGTGG	tumor	
scrSOL001_CAGCTGGGTCTAGGTT	normal	
scrSOL001_CAGGTGCAGACAATAC	tumor	
scrSOL001_CAGGTGCAGACTAGAT	normal	
scrSOL001_CAGGTGCCATCACGTA	tumor	
scrSOL001_CAGGTGCGTGTCAATC	normal	
scrSOL001_CAGGTGCGTTACAGAA	tumor	
scrSOL001_CAGTAACAGATGTGTA	tumor	
scrSOL001_CAGTAACCAATCCGAT	normal	
scrSOL001_CAGTAACCAGTCACTA	normal	
scrSOL001_CAGTAACGTACAAGTA	normal	
scrSOL001_CAGTAACGTGAGTATA	normal	
scrSOL001_CAGTAACTCCACGAAT	tumor	
scrSOL001_CAGTAACTCCATGAAC	normal	
scrSOL001_CAGTAACTCGTAGGAG	normal	
scrSOL001_CAGTAACTCTCCAACC	normal	
scrSOL001_CAGTCCTAGCCAGAAC	tumor	
scrSOL001_CAGTCCTCAAATTGCC	tumor	
scrSOL001_CAGTCCTGTATGGTTC	normal	
scrSOL001_CAGTCCTGTCCGAACC	normal	
scrSOL001_CAGTCCTTCAATCACG	normal	
scrSOL001_CATATGGAGCCCGAAA	tumor	
scrSOL001_CATATGGAGCGAGAAA	normal	
scrSOL001_CATATGGCAGATCCAT	tumor	
scrSOL001_CATATGGGTGGTGTAG	normal	
scrSOL001_CATATGGTCACGAAGG	normal	
scrSOL001_CATATTCAGATGAGAG	tumor	
scrSOL001_CATATTCAGGGATCTG	normal	
scrSOL001_CATATTCAGGGATGGG	normal	
scrSOL001_CATATTCCACCGCTAG	tumor	
scrSOL001_CATATTCCACGAGGTA	tumor	
scrSOL001_CATATTCGTCTCCCTA	normal	
scrSOL001_CATATTCTCGCGATCG	normal	
scrSOL001_CATATTCTCTTGTACT	tumor	
scrSOL001_CATCAAGAGCCAACAG	tumor	
scrSOL001_CATCAAGAGGTGCTTT	tumor	
scrSOL001_CATCAAGAGTACGTAA	tumor	
scrSOL001_CATCAAGCAAGCGATG	normal	yes
scrSOL001_CATCAAGCAATAGAGT	tumor	
scrSOL001_CATCAAGCACCGATAT	tumor	
scrSOL001_CATCAAGGTCATACTG	normal	
scrSOL001_CATCAAGTCGCCATAA	normal	
scrSOL001_CATCAGAAGCAACGGT	tumor	
scrSOL001_CATCAGAAGGAGCGTT	tumor	
scrSOL001_CATCAGAAGTCGAGTG	tumor	
scrSOL001_CATCAGAGTTCAGACT	tumor	
scrSOL001_CATCAGATCGATGAGG	tumor	
scrSOL001_CATCAGATCTGAGGGA	normal	
scrSOL001_CATCCACAGAACTCGG	tumor	
scrSOL001_CATCCACCATATGGTC	tumor	
scrSOL001_CATCCACTCCGCGCAA	normal	
scrSOL001_CATCCACTCTTCGGTC	normal	
scrSOL001_CATCGAAAGAAACCTA	normal	
scrSOL001_CATCGAAAGAGTAAGG	normal	
scrSOL001_CATCGAAAGAGTACCG	normal	
scrSOL001_CATCGAACATCGATTG	tumor	
scrSOL001_CATCGAAGTAAAGGAG	tumor	
scrSOL001_CATCGAATCCGCAAGC	tumor	
scrSOL001_CATCGGGCAGGCGATA	normal	
scrSOL001_CATCGGGGTAGCAAAT	tumor	
scrSOL001_CATCGGGTCGTAGATC	normal	
scrSOL001_CATGACAAGACTAGGC	normal	
scrSOL001_CATGACACAGATGGGT	tumor	
scrSOL001_CATGCCTAGAATTCCC	normal	
scrSOL001_CATGCCTCAAAGGAAG	normal	
scrSOL001_CATGCCTCACGCATCG	normal	
scrSOL001_CATGCCTGTTCCATGA	tumor	
scrSOL001_CATGCCTTCACCTCGT	tumor	
scrSOL001_CATGCCTTCAGCGACC	tumor	
scrSOL001_CATGGCGAGCATCATC	normal	
scrSOL001_CATGGCGAGCCGATTT	tumor	
scrSOL001_CATGGCGAGTAAGTAC	tumor	
scrSOL001_CATGGCGCATGTAAGA	normal	
scrSOL001_CATGGCGGTATAGTAG	normal	
scrSOL001_CATGGCGGTCTGATCA	tumor	
scrSOL001_CATGGCGTCACCTTAT	normal	
scrSOL001_CATGGCGTCGACAGCC	normal	
scrSOL001_CATGGCGTCGCACTCT	tumor	
scrSOL001_CATTATCAGAAGATTC	tumor	
scrSOL001_CATTATCAGCCACTAT	normal	
scrSOL001_CATTATCAGCGATGAC	normal	
scrSOL001_CATTATCAGGGTTTCT	normal	
scrSOL001_CATTATCGTAATTGGA	tumor	
scrSOL001_CATTATCGTAGAGGAA	normal	
scrSOL001_CATTATCGTAGCGATG	normal	
scrSOL001_CATTATCGTTAAAGTG	tumor	
scrSOL001_CATTATCTCATCGCTC	tumor	
scrSOL001_CATTCGCAGCGAAGGG	normal	
scrSOL001_CATTCGCCAGTGGAGT	normal	
scrSOL001_CATTCGCGTACTCAAC	normal	
scrSOL001_CATTCGCGTCCCTACT	tumor	
scrSOL001_CATTCGCTCTGACCTC	normal	
scrSOL001_CCAATCCAGGCATTGG	normal	
scrSOL001_CCAATCCCACTTAACG	normal	
scrSOL001_CCAATCCGTAACGCGA	normal	
scrSOL001_CCAATCCTCCGCAAGC	normal	
scrSOL001_CCACCTAAGCCACGCT	tumor	
scrSOL001_CCACCTAAGCGATAGC	tumor	
scrSOL001_CCACCTACAATAGAGT	normal	
scrSOL001_CCACCTACAGCTCGCA	tumor	
scrSOL001_CCACCTACATCCCACT	normal	
scrSOL001_CCACCTAGTAGGCATG	tumor	
scrSOL001_CCACGGAAGTATGACA	tumor	
scrSOL001_CCACGGAGTCCCTTGT	tumor	
scrSOL001_CCACGGAGTTGTCTTT	normal	
scrSOL001_CCACGGATCAAACAAG	tumor	
scrSOL001_CCACGGATCTTGAGGT	tumor	
scrSOL001_CCACTACAGAAGAAGC	normal	
scrSOL001_CCACTACAGAGTACAT	tumor	
scrSOL001_CCACTACAGCTGTCTA	normal	
scrSOL001_CCACTACAGTCCCACG	normal	
scrSOL001_CCACTACCATCCGTGG	tumor	
scrSOL001_CCACTACGTAGCTCCG	normal	
scrSOL001_CCACTACGTTGGACCC	tumor	
scrSOL001_CCACTACTCCACGTTC	normal	
scrSOL001_CCACTACTCCATGCTC	tumor	
scrSOL001_CCACTACTCCGCGGTA	normal	
scrSOL001_CCACTACTCTAGCACA	normal	
scrSOL001_CCAGCGAAGCAGGTCA	normal	
scrSOL001_CCAGCGAAGCCATCGC	tumor	
scrSOL001_CCAGCGACAAACGTGG	normal	
scrSOL001_CCAGCGACAGACAAAT	normal	
scrSOL001_CCAGCGACATGGTTGT	tumor	
scrSOL001_CCAGCGACATTAGCCA	normal	
scrSOL001_CCATGTCCATTACCTT	normal	
scrSOL001_CCATGTCGTCTCTCGT	normal	
scrSOL001_CCATGTCGTGACTCAT	tumor	
scrSOL001_CCATGTCGTTATGCGT	normal	
scrSOL001_CCATGTCTCAATAAGG	normal	
scrSOL001_CCATTCGAGATGCGAC	normal	
scrSOL001_CCATTCGAGGGTATCG	tumor	
scrSOL001_CCATTCGCAGACGCAA	tumor	
scrSOL001_CCATTCGGTCAGCTAT	normal	
scrSOL001_CCATTCGGTCGCCATG	normal	
scrSOL001_CCCAATCAGAGTAAGG	tumor	
scrSOL001_CCCAATCAGATATGGT	normal	
scrSOL001_CCCAATCAGCAACGGT	normal	
scrSOL001_CCCAATCAGTGGAGTC	normal	
scrSOL001_CCCAATCCACCACGTG	normal	
scrSOL001_CCCAATCCAGGCGATA	normal	
scrSOL001_CCCAATCGTGCCTTGG	tumor	
scrSOL001_CCCAATCGTGCTTCTC	normal	
scrSOL001_CCCAATCGTTAAGGGC	tumor	
scrSOL001_CCCAATCTCCTCTAGC	tumor	
scrSOL001_CCCAGTTAGACGCAAC	tumor	
scrSOL001_CCCAGTTCACATGGGA	tumor	
scrSOL001_CCCAGTTGTACTCTCC	normal	
scrSOL001_CCCAGTTGTGCAACGA	normal	
scrSOL001_CCCAGTTGTGCCTGGT	tumor	
scrSOL001_CCCATACAGAAACCGC	normal	
scrSOL001_CCCATACAGCCGGTAA	normal	
scrSOL001_CCCATACAGCGTAGTG	tumor	
scrSOL001_CCCATACAGGATATAC	tumor	
scrSOL001_CCCATACCAGTACACT	tumor	
scrSOL001_CCCTCCTAGACAGACC	normal	
scrSOL001_CCCTCCTCAATGACCT	tumor	
scrSOL001_CCCTCCTGTAATTGGA	normal	
scrSOL001_CCCTCCTGTTGGACCC	normal	
scrSOL001_CCCTCCTTCACAGGCC	normal	
scrSOL001_CCCTCCTTCCCAAGTA	normal	
scrSOL001_CCGGGATAGGCCGAAT	tumor	
scrSOL001_CCGGGATAGTACGACG	normal	
scrSOL001_CCGGGATCATTGCGGC	normal	
scrSOL001_CCGGGATGTGTTTGGT	tumor	
scrSOL001_CCGGGATGTTAGAACA	normal	
scrSOL001_CCGGGATTCCAAGTAC	tumor	
scrSOL001_CCGGTAGCAAGCCGTC	tumor	
scrSOL001_CCGGTAGCAAGCTGTT	normal	
scrSOL001_CCGGTAGTCAACACCA	normal	
scrSOL001_CCGGTAGTCACATGCA	normal	
scrSOL001_CCGGTAGTCTCCTATA	normal	
scrSOL001_CCGTACTAGAGCTATA	tumor	
scrSOL001_CCGTACTCAAGCCCAC	normal	
scrSOL001_CCGTACTCAGAGTGTG	tumor	
scrSOL001_CCGTACTGTGCAACGA	normal	
scrSOL001_CCGTACTGTTTCGCTC	tumor	
scrSOL001_CCGTGGACACGTGAGA	tumor	
scrSOL001_CCGTGGAGTAAGGGCT	tumor	
scrSOL001_CCGTGGAGTACCCAAT	normal	
scrSOL001_CCGTGGAGTGACGCCT	normal	
scrSOL001_CCGTGGAGTGACGGTA	normal	
scrSOL001_CCGTGGATCCTAGGGC	normal	
scrSOL001_CCGTTCAAGACTGTAA	normal	
scrSOL001_CCGTTCAAGTACGTTC	tumor	
scrSOL001_CCGTTCACAGGATCGA	normal	
scrSOL001_CCGTTCATCTGGCGAC	normal	
scrSOL001_CCGTTCATCTGTTTGT	tumor	
scrSOL001_CCTAAAGAGTACGTTC	normal	
scrSOL001_CCTAAAGAGTCCGGTC	normal	
scrSOL001_CCTAAAGCACAGGTTT	normal	
scrSOL001_CCTACACAGACTAAGT	tumor	
scrSOL001_CCTACACAGGGTGTTG	normal	
scrSOL001_CCTACACCACGGACAA	tumor	
scrSOL001_CCTACACGTCTAGGTT	normal	
scrSOL001_CCTACACTCCTAGTGA	tumor	
scrSOL001_CCTACACTCGTCACGG	normal	
scrSOL001_CCTACCACACCCAGTG	tumor	
scrSOL001_CCTACCAGTAAAGGAG	tumor	
scrSOL001_CCTACCATCACTTCAT	normal	
scrSOL001_CCTACCATCTTACCTA	tumor	
scrSOL001_CCTAGCTAGATCGATA	normal	
scrSOL001_CCTAGCTAGGATTCGG	normal	
scrSOL001_CCTAGCTGTGCAGACA	normal	
scrSOL001_CCTAGCTTCACATACG	tumor	
scrSOL001_CCTATTAAGTGCGATG	normal	
scrSOL001_CCTATTACAAACGTGG	normal	
scrSOL001_CCTATTACATACGCCG	normal	
scrSOL001_CCTATTAGTAAGAGAG	normal	
scrSOL001_CCTCAGTAGCTAAACA	tumor	
scrSOL001_CCTCAGTCAGGATCGA	tumor	
scrSOL001_CCTCAGTTCCGCTGTT	tumor	
scrSOL001_CCTCTGACACCATCCT	tumor	
scrSOL001_CCTTACGCACACAGAG	tumor	
scrSOL001_CCTTACGTCACGACTA	normal	
scrSOL001_CCTTACGTCCCGGATG	tumor	
scrSOL001_CCTTACGTCGTCTGCT	normal	
scrSOL001_CCTTCCCAGAATGTTG	normal	
scrSOL001_CCTTCCCAGACTAGGC	normal	
scrSOL001_CCTTCCCAGGTGCTAG	tumor	
scrSOL001_CCTTCCCAGTGTACGG	normal	
scrSOL001_CCTTCCCGTAGCGTCC	normal	
scrSOL001_CCTTCCCGTCAGATAA	tumor	
scrSOL001_CCTTCCCGTTCCATGA	tumor	
scrSOL001_CCTTCCCGTTTAGGAA	tumor	
scrSOL001_CCTTCCCTCCACTCCA	normal	
scrSOL001_CCTTCCCTCCCATTTA	normal	
scrSOL001_CCTTCGAAGATACACA	normal	
scrSOL001_CCTTCGAAGCTAAGAT	tumor	
scrSOL001_CCTTCGACATGATCCA	tumor	
scrSOL001_CCTTCGATCAGTTAGC	normal	
scrSOL001_CCTTTCTCAATGAATG	normal	
scrSOL001_CCTTTCTCAGATGGGT	normal	
scrSOL001_CCTTTCTCATTACGAC	tumor	
scrSOL001_CCTTTCTTCGTGTAGT	normal	
scrSOL001_CCTTTCTTCTCTAAGG	normal	
scrSOL001_CGAACATAGATAGGAG	normal	
scrSOL001_CGAACATAGCTACCGC	normal	
scrSOL001_CGAACATCAATGGAGC	normal	
scrSOL001_CGAACATCAATTGCTG	tumor	
scrSOL001_CGAACATCATTCCTGC	normal	
scrSOL001_CGAACATGTATTAGCC	normal	
scrSOL001_CGAACATGTTAAGTAG	tumor	
scrSOL001_CGAACATTCCCATTTA	tumor	
scrSOL001_CGAACATTCCCGACTT	tumor	
scrSOL001_CGAATGTAGTTGTAGA	tumor	
scrSOL001_CGAATGTCAGATCTGT	tumor	
scrSOL001_CGACCTTCACCTATCC	tumor	
scrSOL001_CGACCTTCAGCCTTTC	normal	
scrSOL001_CGACCTTGTGATGCCC	normal	
scrSOL001_CGACCTTGTGTGAAAT	tumor	
scrSOL001_CGACTTCAGAGACGAA	normal	
scrSOL001_CGACTTCAGGTCGGAT	tumor	
scrSOL001_CGACTTCCAATGGAGC	tumor	
scrSOL001_CGACTTCCACTGTGTA	tumor	
scrSOL001_CGACTTCGTTCCACAA	normal	
scrSOL001_CGACTTCTCTCTTGAT	normal	
scrSOL001_CGACTTCTCTGAGTGT	tumor	
scrSOL001_CGAGAAGAGCCCAGCT	normal	
scrSOL001_CGAGAAGCAGGACGTA	tumor	
scrSOL001_CGAGAAGCAGGATTGG	normal	
scrSOL001_CGAGAAGGTCTGCAAT	normal	
scrSOL001_CGAGAAGTCAATCACG	normal	
scrSOL001_CGAGAAGTCCTTAATC	normal	
scrSOL001_CGAGCACAGGAGCGAG	normal	
scrSOL001_CGAGCACTCGTAGGTT	tumor	
scrSOL001_CGAGCCACACTTACGA	normal	
scrSOL001_CGAGCCACAGGGCATA	normal	
scrSOL001_CGAGCCAGTCTTGATG	normal	
scrSOL001_CGAGCCATCAAAGACA	normal	
scrSOL001_CGAGCCATCCTCATTA	normal	
scrSOL001_CGAGCCATCCTTGACC	normal	
scrSOL001_CGAGCCATCGGTTCGG	tumor	
scrSOL001_CGAGCCATCTATCGCC	normal	
scrSOL001_CGATCGGAGGAGTAGA	tumor	
scrSOL001_CGATCGGCAATTCCTT	normal	
scrSOL001_CGATCGGCACCACCAG	tumor	
scrSOL001_CGATCGGCAGACACTT	tumor	
scrSOL001_CGATCGGGTCTTCGTC	normal	
scrSOL001_CGATCGGGTCTTTCAT	tumor	
scrSOL001_CGATCGGGTTGAACTC	tumor	
scrSOL001_CGATCGGTCAACCAAC	tumor	
scrSOL001_CGATCGGTCAACGGCC	normal	
scrSOL001_CGATCGGTCACAGTAC	normal	
scrSOL001_CGATGGCAGAAGGACA	tumor	
scrSOL001_CGATGGCAGGTTCCTA	normal	
scrSOL001_CGATGGCCAAGCGCTC	normal	
scrSOL001_CGATGGCCATAGGATA	normal	
scrSOL001_CGATGGCCATCTATGG	normal	
scrSOL001_CGATGGCGTCGCATAT	normal	
scrSOL001_CGATGGCGTGTTCGAT	normal	
scrSOL001_CGATGGCTCATGTCTT	normal	
scrSOL001_CGATGTAGTTTAAGCC	normal	
scrSOL001_CGATTGAAGCCAACAG	tumor	
scrSOL001_CGATTGACAATGGAGC	tumor	
scrSOL001_CGATTGACAGATAATG	normal	
scrSOL001_CGATTGAGTAGAGTGC	tumor	
scrSOL001_CGATTGAGTGAACCTT	normal	
scrSOL001_CGATTGAGTTAAGAAC	tumor	
scrSOL001_CGATTGATCGTCTGCT	tumor	
scrSOL001_CGCCAAGAGAGCCCAA	normal	
scrSOL001_CGCCAAGAGTCGCCGT	tumor	
scrSOL001_CGCCAAGAGTTAACGA	normal	
scrSOL001_CGCCAAGCATCTCCCA	normal	
scrSOL001_CGCCAAGGTCGCTTCT	normal	
scrSOL001_CGCCAAGTCGTGGGAA	tumor	
scrSOL001_CGCGGTAAGCACAGGT	normal	
scrSOL001_CGCGGTAAGGTTACCT	normal	
scrSOL001_CGCGGTAAGTCCGTAT	tumor	
scrSOL001_CGCGGTACAGCCTTGG	normal	
scrSOL001_CGCGGTAGTCTGATCA	tumor	
scrSOL001_CGCGGTAGTCTTCTCG	normal	
scrSOL001_CGCGGTAGTGCTTCTC	normal	
scrSOL001_CGCGGTAGTGGAAAGA	tumor	
scrSOL001_CGCGGTATCAAGCCTA	tumor	
scrSOL001_CGCGGTATCGCCATAA	tumor	
scrSOL001_CGCGTTTAGTCAAGGC	normal	
scrSOL001_CGCGTTTGTCTAGGTT	tumor	
scrSOL001_CGCGTTTTCGGAATCT	normal	
scrSOL001_CGCGTTTTCTTGTATC	tumor	
scrSOL001_CGCTATCAGATATGGT	normal	
scrSOL001_CGCTATCAGGTGCTAG	normal	
scrSOL001_CGCTATCAGTCTTGCA	normal	
scrSOL001_CGCTATCCACCAGCAC	tumor	
scrSOL001_CGCTATCCACCTTGTC	normal	
scrSOL001_CGCTATCCATATACGC	tumor	
scrSOL001_CGCTGGACACGAAAGC	tumor	
scrSOL001_CGCTGGACAGGGTTAG	normal	
scrSOL001_CGCTGGAGTATAGGTA	tumor	
scrSOL001_CGCTGGATCGTGGGAA	tumor	
scrSOL001_CGCTGGATCTGGTATG	tumor	
scrSOL001_CGCTTCACAAGCGTAG	tumor	
scrSOL001_CGCTTCACAAGGCTCC	tumor	
scrSOL001_CGCTTCAGTATGAATG	tumor	
scrSOL001_CGCTTCATCACGCGGT	normal	
scrSOL001_CGCTTCATCCAGGGCT	tumor	
scrSOL001_CGCTTCATCCATGCTC	normal	
scrSOL001_CGCTTCATCTAACGGT	normal	
scrSOL001_CGGACACAGCGCCTCA	normal	
scrSOL001_CGGACACCACTTCTGC	normal	
scrSOL001_CGGACACGTTCGGCAC	normal	
scrSOL001_CGGACACTCCAATGGT	normal	
scrSOL001_CGGACGTAGCGTCTAT	normal	
scrSOL001_CGGACGTCAGCGTAAG	tumor	
scrSOL001_CGGACGTCAGGGATTG	tumor	
scrSOL001_CGGACGTGTCGGGTCT	tumor	
scrSOL001_CGGACGTGTTACGCGC	normal	
scrSOL001_CGGACGTGTTTGACTG	tumor	
scrSOL001_CGGACGTTCTACGAGT	normal	
scrSOL001_CGGACTGAGCGGCTTC	normal	
scrSOL001_CGGACTGCACAGATTC	tumor	
scrSOL001_CGGACTGCAGCTGTAT	normal	
scrSOL001_CGGACTGCATAGAAAC	tumor	
scrSOL001_CGGACTGGTAACGACG	normal	
scrSOL001_CGGACTGGTCTTCAAG	normal	
scrSOL001_CGGACTGGTTCGTTGA	tumor	
scrSOL001_CGGACTGTCCTGTACC	normal	
scrSOL001_CGGACTGTCTACTCAT	normal	
scrSOL001_CGGACTGTCTCTTGAT	normal	
scrSOL001_CGGAGCTAGATGTCGG	tumor	
scrSOL001_CGGAGCTTCTTTAGTC	tumor	
scrSOL001_CGGAGTCAGAGACTAT	tumor	
scrSOL001_CGGAGTCAGCGTTCCG	normal	
scrSOL001_CGGAGTCAGGCGTACA	normal	
scrSOL001_CGGAGTCCAGCCTTGG	tumor	
scrSOL001_CGGAGTCTCAAGGCTT	normal	
scrSOL001_CGGAGTCTCACTTATC	tumor	
scrSOL001_CGGAGTCTCATCGGAT	normal	
scrSOL001_CGGAGTCTCGGAGGTA	normal	
scrSOL001_CGGAGTCTCTACCAGA	normal	
scrSOL001_CGGAGTCTCTAGAGTC	tumor	
scrSOL001_CGGCTAGAGAGCCCAA	tumor	
scrSOL001_CGGCTAGAGTCGATAA	normal	
scrSOL001_CGGCTAGCAATGGAAT	normal	
scrSOL001_CGGCTAGCAGCATGAG	normal	
scrSOL001_CGGCTAGCATCATCCC	tumor	
scrSOL001_CGGCTAGCATGACGGA	tumor	
scrSOL001_CGGCTAGTCATGCATG	tumor	
scrSOL001_CGGCTAGTCTTGCATT	normal	
scrSOL001_CGGGTCAAGAGTGACC	normal	
scrSOL001_CGGGTCAAGGAGTCTG	tumor	
scrSOL001_CGGGTCAAGTGACTCT	normal	
scrSOL001_CGGGTCACACACGCTG	normal	
scrSOL001_CGGGTCAGTAGTGAAT	normal	
scrSOL001_CGGGTCATCCGATATG	tumor	
scrSOL001_CGGTTAACACGGCCAT	normal	
scrSOL001_CGGTTAACATCCAACA	tumor	
scrSOL001_CGGTTAAGTAACGTTC	normal	
scrSOL001_CGGTTAATCAACACGT	tumor	
scrSOL001_CGGTTAATCTCTTGAT	normal	
scrSOL001_CGTAGCGAGCACCGCT	normal	
scrSOL001_CGTAGCGAGCCAGGAT	normal	
scrSOL001_CGTAGCGAGTGCCAGA	normal	
scrSOL001_CGTAGCGCATTCTCAT	tumor	
scrSOL001_CGTAGCGTCACGCATA	tumor	
scrSOL001_CGTAGCGTCCGCTGTT	normal	
scrSOL001_CGTAGGCAGAAACCAT	normal	
scrSOL001_CGTAGGCAGCTAAGAT	tumor	
scrSOL001_CGTAGGCCAATCACAC	normal	
scrSOL001_CGTAGGCCATCAGTCA	normal	
scrSOL001_CGTAGGCGTCAAACTC	tumor	
scrSOL001_CGTAGGCTCCATGAGT	normal	
scrSOL001_CGTAGGCTCTCGATGA	normal	
scrSOL001_CGTCACTAGGGTCTCC	normal	
scrSOL001_CGTCACTCAGATCGGA	normal	
scrSOL001_CGTCACTCATCAGTAC	normal	
scrSOL001_CGTCACTTCCACGTTC	normal	
scrSOL001_CGTCACTTCGCCTGTT	tumor	
scrSOL001_CGTCAGGGTCCAACTA	normal	
scrSOL001_CGTCAGGGTGAAGGCT	normal	
scrSOL001_CGTCAGGGTGCGGTAA	normal	
scrSOL001_CGTCAGGGTTGTTTGG	normal	
scrSOL001_CGTCAGGTCGTGGTCG	tumor	
scrSOL001_CGTCCATAGTACGCCC	normal	
scrSOL001_CGTCCATGTTACCAGT	normal	
scrSOL001_CGTCCATGTTACCGAT	tumor	
scrSOL001_CGTCCATTCGGATGTT	normal	
scrSOL001_CGTCTACAGAATGTTG	normal	
scrSOL001_CGTCTACAGATCTGCT	tumor	
scrSOL001_CGTCTACAGGCTACGA	normal	
scrSOL001_CGTCTACCAATCGGTT	normal	
scrSOL001_CGTCTACCACTAGTAC	normal	
scrSOL001_CGTCTACCAGATGGCA	normal	
scrSOL001_CGTCTACTCCAGAAGG	tumor	
scrSOL001_CGTCTACTCTGTGCAA	normal	
scrSOL001_CGTGAGCAGAGTAATC	normal	
scrSOL001_CGTGAGCCAATACGCT	normal	
scrSOL001_CGTGAGCGTATATGGA	normal	
scrSOL001_CGTGAGCGTATCTGCA	normal	
scrSOL001_CGTGAGCGTCATCGGC	normal	
scrSOL001_CGTGAGCGTCATGCCG	tumor	
scrSOL001_CGTGAGCGTCCATCCT	normal	
scrSOL001_CGTGAGCGTGGCAAAC	normal	
scrSOL001_CGTGAGCGTTAAAGTG	normal	
scrSOL001_CGTGAGCTCACCTCGT	tumor	
scrSOL001_CGTGTAAAGAATCTCC	normal	
scrSOL001_CGTGTAACAAGCCGCT	tumor	
scrSOL001_CGTGTAACACAACTGT	tumor	
scrSOL001_CGTGTAACACTCAGGC	normal	
scrSOL001_CGTGTAACACTCGACG	tumor	
scrSOL001_CGTGTAACAGGGAGAG	normal	
scrSOL001_CGTGTAACATTTGCTT	normal	
scrSOL001_CGTGTAAGTTCGCGAC	tumor	
scrSOL001_CGTGTCTAGAACAATC	tumor	
scrSOL001_CGTGTCTAGCGATAGC	tumor	
scrSOL001_CGTGTCTGTAACGTTC	normal	
scrSOL001_CGTGTCTGTACGCTGC	normal	
scrSOL001_CGTGTCTTCACTTCAT	normal	
scrSOL001_CGTGTCTTCGTTACAG	tumor	
scrSOL001_CGTTAGACATTGGCGC	normal	
scrSOL001_CGTTAGAGTATCACCA	tumor	
scrSOL001_CGTTAGAGTGAGCGAT	normal	
scrSOL001_CGTTAGATCTGAGGGA	normal	
scrSOL001_CGTTCTGAGGCATGTG	normal	
scrSOL001_CGTTCTGCACAGAGGT	tumor	
scrSOL001_CGTTCTGGTTCAACCA	normal	
scrSOL001_CGTTCTGTCGCCAGCA	tumor	
scrSOL001_CGTTCTGTCTTCCTTC	normal	
scrSOL001_CGTTGGGAGACCTAGG	tumor	
scrSOL001_CGTTGGGAGAGGTAGA	tumor	
scrSOL001_CGTTGGGAGCAGCGTA	normal	
scrSOL001_CGTTGGGAGCCCAGCT	normal	
scrSOL001_CGTTGGGAGGTGATTA	tumor	
scrSOL001_CTAACTTAGCATCATC	normal	
scrSOL001_CTAACTTAGCCCTAAT	normal	
scrSOL001_CTAACTTAGTCAATAG	normal	
scrSOL001_CTAACTTCACGGTAAG	normal	
scrSOL001_CTAACTTCACTTCGAA	tumor	
scrSOL001_CTAACTTCAGACAAGC	tumor	
scrSOL001_CTAACTTTCTGATACG	tumor	
scrSOL001_CTAAGACAGACCCACC	tumor	
scrSOL001_CTAAGACAGTATTGGA	normal	
scrSOL001_CTAAGACCAGCCTATA	normal	
scrSOL001_CTAAGACTCTACCAGA	normal	
scrSOL001_CTAATGGAGAAACGCC	normal	
scrSOL001_CTAATGGAGGGCTCTC	normal	
scrSOL001_CTAATGGCAACGATCT	normal	
scrSOL001_CTAATGGGTGGAAAGA	normal	
scrSOL001_CTAATGGTCAGTTTGG	normal	
scrSOL001_CTAATGGTCGTTGCCT	normal	
scrSOL001_CTAATGGTCTGCTGTC	normal	
scrSOL001_CTAATGGTCTTGTATC	normal	
scrSOL001_CTACACCAGCCGGTAA	normal	
scrSOL001_CTACACCAGCTAAGAT	tumor	
scrSOL001_CTACACCAGGAGTTTA	tumor	
scrSOL001_CTACACCAGTCCATAC	tumor	
scrSOL001_CTACACCAGTTCGCGC	normal	
scrSOL001_CTACACCCATCCGGGT	tumor	
scrSOL001_CTACACCGTATTCGTG	tumor	
scrSOL001_CTACACCGTCCAGTGC	normal	
scrSOL001_CTACACCGTGCCTGCA	normal	
scrSOL001_CTACACCTCTTGTCAT	tumor	
scrSOL001_CTACATTAGATAGGAG	normal	
scrSOL001_CTACATTAGCGGATCA	normal	
scrSOL001_CTACATTAGCGTTCCG	normal	
scrSOL001_CTACATTCAGTTAACC	normal	
scrSOL001_CTACATTCATCCGTGG	tumor	
scrSOL001_CTACATTGTCATCGGC	tumor	
scrSOL001_CTACATTGTTTGTGTG	tumor	
scrSOL001_CTACCCAAGACTTGAA	tumor	
scrSOL001_CTACCCAAGAGTAAGG	normal	
scrSOL001_CTACCCAAGCCAACAG	normal	
scrSOL001_CTACCCAAGGAATCGC	normal	
scrSOL001_CTACCCAAGTCAAGGC	normal	
scrSOL001_CTACCCAAGTGAAGAG	normal	
scrSOL001_CTACCCAAGTGCTGCC	normal	
scrSOL001_CTACCCAAGTGTGAAT	normal	
scrSOL001_CTACCCAAGTTCGATC	normal	
scrSOL001_CTACCCACAAGGCTCC	normal	
scrSOL001_CTACCCACATGCCTAA	normal	
scrSOL001_CTACCCAGTCTCTTAT	tumor	
scrSOL001_CTACCCATCCCAACGG	normal	
scrSOL001_CTACGTCCAATCTACG	normal	
scrSOL001_CTACGTCCATGCCTTC	normal	
scrSOL001_CTACGTCGTCTGATTG	normal	
scrSOL001_CTACGTCGTTAGGGTG	normal	
scrSOL001_CTACGTCTCACCACCT	tumor	
scrSOL001_CTAGAGTAGCGCCTTG	normal	
scrSOL001_CTAGAGTCATTGAGCT	tumor	
scrSOL001_CTAGAGTGTACCGTAT	normal	
scrSOL001_CTAGAGTGTAGAGTGC	tumor	
scrSOL001_CTAGAGTGTATGGTTC	tumor	
scrSOL001_CTAGAGTGTCACCCAG	normal	
scrSOL001_CTAGAGTGTGTAACGG	tumor	
scrSOL001_CTAGAGTGTTCACGGC	normal	
scrSOL001_CTAGAGTGTTTGTTGG	normal	
scrSOL001_CTAGAGTTCCAACCAA	tumor	
scrSOL001_CTAGAGTTCCTGCCAT	normal	
scrSOL001_CTAGAGTTCTGCAGTA	normal	
scrSOL001_CTAGCCTAGCACGCCT	normal	
scrSOL001_CTAGCCTAGGGTCTCC	normal	
scrSOL001_CTAGCCTCATCCGCGA	normal	
scrSOL001_CTAGCCTTCCCTGACT	tumor	
scrSOL001_CTAGCCTTCGCGCCAA	normal	
scrSOL001_CTAGTGAAGATCCCGC	tumor	
scrSOL001_CTAGTGACAAACGTGG	normal	
scrSOL001_CTAGTGACACAACGCC	normal	
scrSOL001_CTAGTGACAGCCAGAA	normal	
scrSOL001_CTAGTGACATATGGTC	normal	
scrSOL001_CTAGTGAGTAAGAGAG	normal	
scrSOL001_CTAGTGAGTTCAGCGC	tumor	
scrSOL001_CTAGTGAGTTCGGCAC	tumor	
scrSOL001_CTAGTGATCAATACCG	tumor	
scrSOL001_CTAGTGATCTGGCGAC	tumor	
scrSOL001_CTAGTGATCTTTACGT	tumor	
scrSOL001_CTCACACAGAATGTGT	tumor	
scrSOL001_CTCACACAGGACGAAA	normal	
scrSOL001_CTCACACAGGCCCTTG	tumor	
scrSOL001_CTCACACCATTCTCAT	normal	
scrSOL001_CTCACACGTCAGGACA	normal	
scrSOL001_CTCACACGTCTGCAAT	normal	
scrSOL001_CTCACACGTTGTGGAG	tumor	
scrSOL001_CTCACACTCAGATAAG	normal	
scrSOL001_CTCACACTCTAACTGG	tumor	
scrSOL001_CTCAGAACAGGCGATA	normal	
scrSOL001_CTCAGAAGTGTCCTCT	tumor	
scrSOL001_CTCAGAAGTTCTGAAC	tumor	
scrSOL001_CTCAGAATCTACTCAT	normal	
scrSOL001_CTCATTAAGGCTCTTA	normal	
scrSOL001_CTCATTACACAGAGGT	normal	
scrSOL001_CTCATTACAGCTGCAC	tumor	
scrSOL001_CTCATTAGTACCGTAT	tumor	
scrSOL001_CTCATTAGTATAGGGC	normal	
scrSOL001_CTCATTAGTGCTTCTC	normal	
scrSOL001_CTCATTAGTTTGCATG	normal	
scrSOL001_CTCATTATCAAACGGG	tumor	
scrSOL001_CTCATTATCCAGTAGT	tumor	
scrSOL001_CTCATTATCTTTACGT	normal	
scrSOL001_CTCCTAGAGAGAGCTC	tumor	
scrSOL001_CTCCTAGAGCGACGTA	normal	
scrSOL001_CTCCTAGCATAGAAAC	normal	yes
scrSOL001_CTCCTAGGTCGCATCG	tumor	
scrSOL001_CTCCTAGGTGCAACGA	tumor	
scrSOL001_CTCCTAGGTTCAGTAC	normal	
scrSOL001_CTCGAAAAGTACGCCC	normal	
scrSOL001_CTCGAAAAGTATTGGA	tumor	
scrSOL001_CTCGAAACAATGAATG	normal	
scrSOL001_CTCGAAACAGGATCGA	normal	
scrSOL001_CTCGAAAGTATCTGCA	normal	
scrSOL001_CTCGAAATCAACACCA	normal	
scrSOL001_CTCGAAATCACGGTTA	normal	
scrSOL001_CTCGAAATCCTACAGA	tumor	
scrSOL001_CTCGAAATCGGATGTT	normal	
scrSOL001_CTCGAAATCGTACCGG	tumor	
scrSOL001_CTCGAGGAGGCCGAAT	normal	
scrSOL001_CTCGAGGCAGTGGAGT	tumor	
scrSOL001_CTCGAGGCATTTCACT	normal	
scrSOL001_CTCGAGGGTAGAAAGG	normal	
scrSOL001_CTCGAGGTCCGAAGAG	tumor	
scrSOL001_CTCGGAGAGTCCGGTC	tumor	
scrSOL001_CTCGGAGAGTGGGCTA	tumor	
scrSOL001_CTCGGAGAGTTCCACA	tumor	
scrSOL001_CTCGGAGAGTTGAGTA	tumor	
scrSOL001_CTCGGAGCACAGATTC	tumor	
scrSOL001_CTCGGAGGTACCCAAT	normal	
scrSOL001_CTCGGAGGTAGCTTGT	tumor	
scrSOL001_CTCGGAGGTGAAATCA	normal	
scrSOL001_CTCGGAGTCATGCATG	normal	
scrSOL001_CTCGGAGTCGATCCCT	tumor	
scrSOL001_CTCGGAGTCGCACTCT	normal	
scrSOL001_CTCGGGACAGGGCATA	normal	
scrSOL001_CTCGGGAGTCATATGC	tumor	
scrSOL001_CTCGGGAGTTCACGGC	normal	
scrSOL001_CTCGTACCAAACCTAC	normal	
scrSOL001_CTCGTACCAACGATCT	tumor	
scrSOL001_CTCGTCAAGCGTTCCG	tumor	
scrSOL001_CTCGTCACACAACGTT	normal	
scrSOL001_CTCGTCAGTCCGTGAC	normal	
scrSOL001_CTCGTCAGTCGGCACT	tumor	
scrSOL001_CTCGTCAGTCTCCACT	normal	
scrSOL001_CTCGTCAGTGCATCTA	normal	
scrSOL001_CTCGTCAGTGGAAAGA	tumor	
scrSOL001_CTCGTCATCCTAGTGA	normal	
scrSOL001_CTCGTCATCGCTTGTC	tumor	
scrSOL001_CTCTAATAGAGCAATT	tumor	
scrSOL001_CTCTAATAGCACCGTC	normal	
scrSOL001_CTCTAATAGGCATGTG	normal	
scrSOL001_CTCTAATAGTCAAGGC	normal	
scrSOL001_CTCTAATAGTCTTGCA	normal	
scrSOL001_CTCTAATCACCTTGTC	normal	
scrSOL001_CTCTAATGTATAATGG	normal	
scrSOL001_CTCTAATGTCACCTAA	normal	
scrSOL001_CTCTAATGTTTAGGAA	tumor	
scrSOL001_CTCTAATTCAACCATG	normal	
scrSOL001_CTCTAATTCAGGTTCA	tumor	
scrSOL001_CTCTACGAGGGTCGAT	normal	
scrSOL001_CTCTACGCAATGGACG	tumor	
scrSOL001_CTCTACGCAGGGTATG	normal	
scrSOL001_CTCTACGGTATGGTTC	tumor	
scrSOL001_CTCTACGGTTAGGGTG	tumor	
scrSOL001_CTCTACGTCCAAATGC	normal	
scrSOL001_CTCTACGTCTGGTATG	normal	
scrSOL001_CTCTGGTAGATAGGAG	normal	
scrSOL001_CTCTGGTAGATCCGAG	normal	
scrSOL001_CTCTGGTAGTATGACA	normal	
scrSOL001_CTCTGGTCACGTAAGG	tumor	
scrSOL001_CTCTGGTCAGATGGGT	normal	
scrSOL001_CTCTGGTCAGTTCATG	normal	
scrSOL001_CTCTGGTCATGACGGA	normal	
scrSOL001_CTCTGGTGTCGTCTTC	tumor	
scrSOL001_CTCTGGTGTTCCACTC	tumor	
scrSOL001_CTCTGGTTCAGCAACT	tumor	
scrSOL001_CTCTGGTTCATCGATG	tumor	
scrSOL001_CTCTGGTTCCAGTATG	tumor	
scrSOL001_CTGAAACAGCTTTGGT	normal	
scrSOL001_CTGAAACAGTTGAGTA	tumor	
scrSOL001_CTGAAACGTCTAACGT	tumor	
scrSOL001_CTGAAACGTGCAACTT	tumor	
scrSOL001_CTGAAACGTTAAGATG	tumor	
scrSOL001_CTGAAACTCCGTACAA	tumor	
scrSOL001_CTGAAGTAGAATGTGT	tumor	
scrSOL001_CTGAAGTAGACTACAA	tumor	
scrSOL001_CTGAAGTAGAGACTAT	normal	
scrSOL001_CTGAAGTAGATACACA	tumor	
scrSOL001_CTGAAGTAGTGCTGCC	normal	
scrSOL001_CTGAAGTCACATGGGA	normal	
scrSOL001_CTGAAGTCATTAGCCA	tumor	
scrSOL001_CTGAAGTGTATATGAG	tumor	
scrSOL001_CTGAAGTTCACTTCAT	normal	
scrSOL001_CTGATAGCAGCCACCA	tumor	
scrSOL001_CTGATAGCAGGCAGTA	tumor	
scrSOL001_CTGATAGCATCACAAC	tumor	
scrSOL001_CTGATAGCATGTTGAC	tumor	
scrSOL001_CTGATAGGTATTCTCT	normal	
scrSOL001_CTGATAGGTGAGTGAC	normal	
scrSOL001_CTGATAGGTGCGGTAA	tumor	
scrSOL001_CTGATCCAGACCACGA	tumor	
scrSOL001_CTGATCCCAAGGGTCA	normal	
scrSOL001_CTGATCCCAGAGCCAA	tumor	
scrSOL001_CTGATCCGTGTGGTTT	normal	
scrSOL001_CTGATCCGTTCCACAA	normal	
scrSOL001_CTGATCCGTTCCACGG	tumor	
scrSOL001_CTGATCCTCACATAGC	normal	
scrSOL001_CTGCCTAAGCACCGCT	tumor	
scrSOL001_CTGCCTAAGTGTGAAT	normal	
scrSOL001_CTGCCTACAGCTCCGA	tumor	
scrSOL001_CTGCCTACATAAAGGT	tumor	
scrSOL001_CTGCCTAGTAAGTAGT	normal	
scrSOL001_CTGCCTATCAAGATCC	tumor	
scrSOL001_CTGCCTATCAGGCCCA	normal	
scrSOL001_CTGCCTATCCAGGGCT	normal	
scrSOL001_CTGCGGAAGAGGTAGA	tumor	
scrSOL001_CTGCGGACAGCTGTAT	tumor	
scrSOL001_CTGCGGACATTAGGCT	tumor	
scrSOL001_CTGCGGAGTCGTCTTC	normal	
scrSOL001_CTGCGGAGTGCTTCTC	tumor	
scrSOL001_CTGCGGATCAACGGGA	normal	
scrSOL001_CTGCGGATCCTCAATT	tumor	
scrSOL001_CTGCTGTAGTAGCCGA	tumor	
scrSOL001_CTGCTGTCAAATCCGT	normal	
scrSOL001_CTGCTGTTCACGAAGG	normal	
scrSOL001_CTGCTGTTCCATGAGT	tumor	
scrSOL001_CTGCTGTTCCCAGGTG	tumor	
scrSOL001_CTGCTGTTCCTGCCAT	normal	
scrSOL001_CTGCTGTTCTGGTATG	tumor	
scrSOL001_CTGGTCTAGCCACGCT	tumor	
scrSOL001_CTGGTCTAGGTAAACT	normal	
scrSOL001_CTGGTCTCACGCATCG	tumor	
scrSOL001_CTGGTCTCATGCCACG	normal	
scrSOL001_CTGGTCTCATTAGGCT	normal	
scrSOL001_CTGGTCTCATTGTGCA	normal	
scrSOL001_CTGGTCTGTGGGTATG	tumor	
scrSOL001_CTGGTCTTCATGTGGT	tumor	
scrSOL001_CTGTGCTAGGTAGCCA	normal	
scrSOL001_CTGTGCTCAAAGTGCG	normal	
scrSOL001_CTGTGCTCAAATTGCC	normal	
scrSOL001_CTGTGCTCAGCATACT	tumor	
scrSOL001_CTGTGCTCAGCTCCGA	tumor	
scrSOL001_CTGTGCTCATATACCG	tumor	
scrSOL001_CTGTGCTGTAGCGCTC	tumor	
scrSOL001_CTGTGCTGTCATACTG	tumor	
scrSOL001_CTGTGCTGTGGTAACG	tumor	
scrSOL001_CTGTGCTGTTCTGTTT	tumor	
scrSOL001_CTGTGCTTCAACACAC	normal	
scrSOL001_CTGTGCTTCCTATGTT	tumor	
scrSOL001_CTGTTTAAGCCACTAT	normal	
scrSOL001_CTGTTTAAGTACGCGA	tumor	
scrSOL001_CTGTTTACAAGCTGTT	tumor	
scrSOL001_CTGTTTACATAAGACA	normal	
scrSOL001_CTGTTTAGTAGCTAAA	normal	
scrSOL001_CTGTTTATCCATTCTA	tumor	
scrSOL001_CTGTTTATCTATCGCC	normal	
scrSOL001_CTTAACTCATACGCCG	tumor	
scrSOL001_CTTAACTGTGTTGGGA	tumor	
scrSOL001_CTTAACTGTTACCGAT	tumor	
scrSOL001_CTTAACTTCGGCCGAT	normal	
scrSOL001_CTTACCGAGTGTTGAA	normal	
scrSOL001_CTTACCGCACCTATCC	normal	
scrSOL001_CTTACCGTCCGAACGC	normal	
scrSOL001_CTTACCGTCGTTACAG	normal	
scrSOL001_CTTAGGAAGTAGATGT	normal	
scrSOL001_CTTAGGACACTTAACG	normal	
scrSOL001_CTTAGGACAGACACTT	tumor	
scrSOL001_CTTAGGACAGCCTTTC	normal	
scrSOL001_CTTAGGAGTATCAGTC	normal	
scrSOL001_CTTAGGATCTACTATC	tumor	
scrSOL001_CTTCTCTAGCGTTGCC	tumor	
scrSOL001_CTTCTCTAGGTAGCTG	normal	
scrSOL001_CTTCTCTCACACGCTG	normal	
scrSOL001_CTTCTCTGTTCCAACA	tumor	
scrSOL001_CTTCTCTTCATAAAGG	tumor	
scrSOL001_CTTCTCTTCGAGAGCA	normal	
scrSOL001_CTTCTCTTCGCCAGCA	normal	
scrSOL001_CTTGGCTAGCGATTCT	normal	
scrSOL001_CTTGGCTAGGACACCA	normal	
scrSOL001_CTTGGCTAGTTACGGG	normal	
scrSOL001_CTTGGCTCAAATACAG	tumor	
scrSOL001_CTTGGCTCAGATGGGT	tumor	
scrSOL001_CTTGGCTGTCTCCATC	normal	
scrSOL001_CTTGGCTGTTGCCTCT	normal	
scrSOL001_CTTTGCGCAAGTTAAG	normal	
scrSOL001_CTTTGCGGTCTCTCTG	normal	
scrSOL001_GAAACTCAGACAGACC	tumor	
scrSOL001_GAAACTCAGCCCAGCT	tumor	
scrSOL001_GAAACTCAGTCATCCA	normal	
scrSOL001_GAAACTCCAGGTGGAT	normal	
scrSOL001_GAAACTCGTAAGGGAA	normal	
scrSOL001_GAAACTCTCCAAACTG	normal	
scrSOL001_GAAATGACAATGACCT	tumor	
scrSOL001_GAAATGACACGTCAGC	normal	
scrSOL001_GAAATGACATACTCTT	tumor	
scrSOL001_GAAATGAGTGGTAACG	normal	
scrSOL001_GAAATGATCCTGCAGG	normal	
scrSOL001_GAAATGATCGTCCGTT	tumor	
scrSOL001_GAACATCAGATATACG	normal	
scrSOL001_GAACATCCAATAGCAA	tumor	
scrSOL001_GAACATCCACACGCTG	normal	
scrSOL001_GAACATCCACCTCGGA	tumor	
scrSOL001_GAACATCCACTTCTGC	tumor	
scrSOL001_GAACATCGTAGAGGAA	normal	
scrSOL001_GAACATCGTGTGTGCC	tumor	
scrSOL001_GAACATCGTTAAGTAG	normal	
scrSOL001_GAACATCTCCCACTTG	tumor	
scrSOL001_GAACCTAAGGAGTAGA	tumor	
scrSOL001_GAACCTAAGTGCAAGC	tumor	
scrSOL001_GAACCTACAGCCTATA	normal	
scrSOL001_GAACCTACATTCCTCG	normal	
scrSOL001_GAACCTACATTGGTAC	tumor	
scrSOL001_GAACCTAGTCCAGTAT	tumor	
scrSOL001_GAACGGAAGCTGATAA	tumor	
scrSOL001_GAACGGAAGGTGATAT	normal	
scrSOL001_GAACGGAAGTGTACGG	tumor	
scrSOL001_GAACGGACACGCTTTC	normal	
scrSOL001_GAACGGACACGTCTCT	normal	
scrSOL001_GAACGGAGTAGAAGGA	normal	
scrSOL001_GAACGGAGTGATAAAC	normal	
scrSOL001_GAACGGAGTGCACCAC	tumor	
scrSOL001_GAACGGAGTTCGAATC	normal	
scrSOL001_GAACGGATCACTTCAT	tumor	
scrSOL001_GAACGGATCAGAGACG	normal	
scrSOL001_GAACGGATCATACGGT	tumor	
scrSOL001_GAACGGATCGTCACGG	normal	
scrSOL001_GAAGCAGCACAGGTTT	tumor	
scrSOL001_GAAGCAGGTAGGGTAC	normal	
scrSOL001_GAAGCAGGTCGAGATG	normal	
scrSOL001_GAAGCAGTCCCGACTT	normal	
scrSOL001_GAAGCAGTCTTTCCTC	normal	
scrSOL001_GAATAAGAGGTGCTAG	tumor	
scrSOL001_GAATAAGCAAGACACG	normal	
scrSOL001_GAATAAGCATCTACGA	tumor	
scrSOL001_GAATGAAAGACCACGA	normal	
scrSOL001_GAATGAAAGGGCTTGA	normal	
scrSOL001_GAATGAACACGGTTTA	tumor	
scrSOL001_GAATGAACAGACAAGC	tumor	
scrSOL001_GAATGAACAGCGAACA	normal	
scrSOL001_GAATGAATCAATCACG	tumor	
scrSOL001_GACACGCAGCGATGAC	tumor	
scrSOL001_GACACGCAGGACCACA	normal	
scrSOL001_GACACGCCAATCGAAA	normal	
scrSOL001_GACACGCCAATGCCAT	tumor	
scrSOL001_GACACGCTCACAACGT	normal	yes
scrSOL001_GACACGCTCTCTTGAT	normal	
scrSOL001_GACAGAGAGACAAAGG	normal	
scrSOL001_GACAGAGAGGTGATAT	normal	
scrSOL001_GACAGAGCAGTAGAGC	tumor	
scrSOL001_GACAGAGGTAAACCTC	normal	
scrSOL001_GACAGAGGTAGAGCTG	normal	
scrSOL001_GACAGAGGTCGGCACT	tumor	
scrSOL001_GACAGAGTCATTCACT	normal	
scrSOL001_GACCAATAGTCCGTAT	normal	
scrSOL001_GACCAATCACAGGTTT	normal	
scrSOL001_GACCAATCACTTCGAA	normal	
scrSOL001_GACCAATCAGACTCGC	normal	
scrSOL001_GACCAATCAGCGTTCG	normal	
scrSOL001_GACCAATGTCATACTG	normal	
scrSOL001_GACCAATGTTAAAGTG	tumor	
scrSOL001_GACCAATTCTCACATT	normal	
scrSOL001_GACCTGGAGCTGCAAG	tumor	
scrSOL001_GACCTGGTCATAAAGG	tumor	
scrSOL001_GACCTGGTCCCTTGTG	normal	yes
scrSOL001_GACCTGGTCTCCAGGG	normal	
scrSOL001_GACGCGTGTATCACCA	tumor	
scrSOL001_GACGCGTGTCCGAATT	normal	
scrSOL001_GACGCGTGTCTCTTAT	normal	
scrSOL001_GACGCGTTCTAACCGA	tumor	
scrSOL001_GACGGCTAGACAATAC	tumor	
scrSOL001_GACGGCTAGATGTAAC	normal	
scrSOL001_GACGGCTAGGCTCAGA	tumor	
scrSOL001_GACGGCTCAAGGACAC	tumor	
scrSOL001_GACGGCTCACTGAAGG	normal	
scrSOL001_GACGGCTCATGCCTTC	tumor	
scrSOL001_GACGGCTCATGTAAGA	tumor	
scrSOL001_GACGGCTGTGATGCCC	normal	
scrSOL001_GACGGCTTCACATAGC	normal	
scrSOL001_GACGGCTTCAGAAATG	tumor	
scrSOL001_GACGTGCAGCCCAGCT	normal	
scrSOL001_GACGTGCAGGCACATG	tumor	
scrSOL001_GACGTGCAGGGTCGAT	normal	
scrSOL001_GACGTGCCAAGTACCT	tumor	
scrSOL001_GACGTGCCAATCCGAT	tumor	
scrSOL001_GACGTGCCACCCTATC	normal	
scrSOL001_GACGTGCTCAACGGCC	tumor	
scrSOL001_GACGTTAAGGAGCGAG	normal	
scrSOL001_GACGTTAAGGTAAACT	normal	
scrSOL001_GACGTTACAAGCCATT	tumor	
scrSOL001_GACGTTACAATGAAAC	tumor	
scrSOL001_GACGTTAGTTCAGTAC	normal	
scrSOL001_GACGTTATCTGTTGAG	normal	
scrSOL001_GACTAACAGGGATGGG	tumor	
scrSOL001_GACTAACAGTTAGCGG	normal	
scrSOL001_GACTAACCAACGATGG	normal	
scrSOL001_GACTAACCACCATCCT	tumor	
scrSOL001_GACTAACCACTGAAGG	normal	
scrSOL001_GACTAACCATCGGTTA	tumor	
scrSOL001_GACTAACGTCCGAGTC	normal	
scrSOL001_GACTAACGTGCGATAG	tumor	
scrSOL001_GACTAACTCAGGTTCA	normal	
scrSOL001_GACTAACTCGATCCCT	normal	
scrSOL001_GACTAACTCGCAAACT	tumor	
scrSOL001_GACTACAAGCTAACAA	normal	
scrSOL001_GACTACAAGTGACATA	normal	
scrSOL001_GACTACAAGTGTGGCA	tumor	
scrSOL001_GACTACAGTCCGTGAC	tumor	
scrSOL001_GACTACATCAATCTCT	tumor	
scrSOL001_GACTACATCATCGCTC	normal	
scrSOL001_GACTGCGAGATGCCTT	normal	
scrSOL001_GACTGCGAGTTTCCTT	tumor	
scrSOL001_GACTGCGCACAAGTAA	normal	
scrSOL001_GACTGCGTCCGCAGTG	tumor	
scrSOL001_GACTGCGTCCGCGCAA	normal	
scrSOL001_GAGCAGAAGAGGTACC	normal	
scrSOL001_GAGCAGAAGGGTCGAT	normal	
scrSOL001_GAGCAGACAAAGAATC	tumor	
scrSOL001_GAGCAGACACTTAACG	normal	
scrSOL001_GAGCAGAGTCGACTGC	normal	
scrSOL001_GAGCAGAGTGCGCTTG	tumor	
scrSOL001_GAGCAGAGTTATGCGT	normal	
scrSOL001_GAGCAGAGTTCTCATT	tumor	
scrSOL001_GAGCAGATCACTGGGC	normal	
scrSOL001_GAGCAGATCAGTTAGC	tumor	
scrSOL001_GAGCAGATCGTAGATC	normal	
scrSOL001_GAGGTGAAGGCTCAGA	normal	
scrSOL001_GAGGTGACAAGTTCTG	normal	
scrSOL001_GAGGTGACACATGGGA	normal	
scrSOL001_GAGGTGAGTGTCGCTG	tumor	
scrSOL001_GAGGTGATCAGTGCAT	normal	
scrSOL001_GAGGTGATCCCAAGAT	tumor	
scrSOL001_GAGGTGATCGTAGGAG	normal	
scrSOL001_GAGGTGATCTCAACTT	normal	
scrSOL001_GAGGTGATCTCATTCA	normal	
scrSOL001_GAGTCCGAGCGCCTCA	normal	
scrSOL001_GAGTCCGCATATGCTG	normal	
scrSOL001_GATCAGTAGAGCTGCA	tumor	
scrSOL001_GATCAGTAGTTGTCGT	tumor	
scrSOL001_GATCAGTCAGTCCTTC	normal	
scrSOL001_GATCAGTGTCATATCG	tumor	
scrSOL001_GATCAGTGTGCCTGTG	tumor	
scrSOL001_GATCGATAGCCACGTC	normal	
scrSOL001_GATCGATCACAACTGT	normal	
scrSOL001_GATCGATGTATAGGGC	normal	
scrSOL001_GATCGATGTTTAGCTG	tumor	
scrSOL001_GATCGATTCTTACCTA	tumor	
scrSOL001_GATCGATTCTTTCCTC	normal	
scrSOL001_GATCGCGAGTCGATAA	tumor	
scrSOL001_GATCGCGCAAAGTCAA	normal	
scrSOL001_GATCGCGCATCGACGC	normal	
scrSOL001_GATCGCGGTAGTGAAT	normal	
scrSOL001_GATCGTAAGCGTGTCC	tumor	
scrSOL001_GATCGTACACCCATGG	tumor	
scrSOL001_GATCGTACATTTCAGG	normal	
scrSOL001_GATCGTAGTACCGTAT	tumor	
scrSOL001_GATCGTAGTCTCATCC	tumor	
scrSOL001_GATCGTATCCATTCTA	tumor	
scrSOL001_GATCGTATCCCATTTA	tumor	
scrSOL001_GATCTAGGTAGGAGTC	normal	
scrSOL001_GATCTAGGTGCACCAC	tumor	
scrSOL001_GATCTAGTCACCCTCA	tumor	
scrSOL001_GATGAAAAGCTAGGCA	normal	
scrSOL001_GATGAAACACCTTGTC	tumor	
scrSOL001_GATGAAACATGAGCGA	tumor	
scrSOL001_GATGAAAGTAGGCTGA	normal	
scrSOL001_GATGAAATCCTACAGA	normal	
scrSOL001_GATGAAATCGAATGCT	normal	
scrSOL001_GATGAAATCTCCAACC	normal	
scrSOL001_GATGAGGAGTTTGCGT	normal	
scrSOL001_GATGAGGCATCTCGCT	normal	
scrSOL001_GATGAGGGTATATGAG	tumor	
scrSOL001_GATGAGGGTCGCATAT	tumor	
scrSOL001_GATGAGGGTGTTCTTT	tumor	
scrSOL001_GATGAGGGTTACCAGT	tumor	
scrSOL001_GATGCTACAAGGACTG	normal	
scrSOL001_GATGCTACAGACGCCT	normal	
scrSOL001_GATGCTACATCACCCT	normal	
scrSOL001_GATGCTACATTGGTAC	tumor	
scrSOL001_GATGCTAGTGTAATGA	normal	
scrSOL001_GATGCTAGTTGGGACA	normal	
scrSOL001_GATGCTATCAGCGATT	normal	
scrSOL001_GATGCTATCGTTACAG	normal	
scrSOL001_GATTCAGAGATGCCAG	tumor	
scrSOL001_GATTCAGAGGAATCGC	tumor	
scrSOL001_GATTCAGCAGATGGGT	normal	
scrSOL001_GATTCAGGTCAGATAA	tumor	
scrSOL001_GATTCAGGTCCGTTAA	normal	
scrSOL001_GATTCAGTCAAACCAC	tumor	
scrSOL001_GATTCAGTCAACGCTA	normal	
scrSOL001_GATTCAGTCCTGTAGA	tumor	
scrSOL001_GATTCAGTCCTTAATC	tumor	
scrSOL001_GATTCAGTCTTCAACT	normal	
scrSOL001_GCAAACTAGAGCAATT	tumor	
scrSOL001_GCAAACTAGCGTGTCC	tumor	
scrSOL001_GCAAACTAGGGAAACA	normal	
scrSOL001_GCAAACTGTCAAAGCG	normal	
scrSOL001_GCAAACTGTGATGTCT	normal	
scrSOL001_GCAAACTGTGGCCCTA	tumor	
scrSOL001_GCAAACTGTGTAAGTA	normal	
scrSOL001_GCAAACTTCCGGGTGT	normal	
scrSOL001_GCAAACTTCTCAACTT	normal	
scrSOL001_GCAATCAAGCGTGTCC	tumor	
scrSOL001_GCAATCAAGGCTCATT	tumor	
scrSOL001_GCAATCAAGGTGATTA	normal	
scrSOL001_GCAATCACAGCTCGCA	tumor	
scrSOL001_GCAATCAGTTCACGGC	normal	
scrSOL001_GCACATAAGATATGGT	normal	
scrSOL001_GCACATAAGTAATCCC	tumor	
scrSOL001_GCACATACACGCCAGT	tumor	
scrSOL001_GCACATACATCCGGGT	normal	
scrSOL001_GCACATAGTCACAAGG	tumor	
scrSOL001_GCACATATCCCTTGTG	normal	
scrSOL001_GCACATATCTTCCTTC	tumor	
scrSOL001_GCACATATCTTTAGTC	tumor	
scrSOL001_GCACTCTCATCGATGT	normal	
scrSOL001_GCACTCTCATGACGGA	tumor	
scrSOL001_GCACTCTTCAACACTG	tumor	
scrSOL001_GCACTCTTCCCTCTTT	tumor	
scrSOL001_GCACTCTTCGGTTAAC	normal	
scrSOL001_GCACTCTTCTCTGCTG	tumor	
scrSOL001_GCAGCCAAGTGAACGC	normal	
scrSOL001_GCAGCCAGTAGAAGGA	normal	
scrSOL001_GCAGCCATCGCTTAGA	tumor	
scrSOL001_GCAGTTAAGGAGTCTG	normal	
scrSOL001_GCAGTTAAGTACGTTC	tumor	
scrSOL001_GCAGTTACAAGAAAGG	normal	
scrSOL001_GCAGTTACACGGCGTT	tumor	
scrSOL001_GCAGTTACAGTGAGTG	normal	
scrSOL001_GCAGTTAGTAGGCTGA	normal	
scrSOL001_GCAGTTAGTGTGACGA	tumor	
scrSOL001_GCAGTTATCATTTGGG	normal	
scrSOL001_GCATACAGTCATCCCT	normal	
scrSOL001_GCATACAGTTGGTAAA	normal	
scrSOL001_GCATACATCGCCATAA	tumor	
scrSOL001_GCATGATAGTCCAGGA	normal	
scrSOL001_GCATGATAGTTGTAGA	tumor	
scrSOL001_GCATGATCACACAGAG	normal	
scrSOL001_GCATGATCACAGTCGC	normal	
scrSOL001_GCATGATCACCAGATT	normal	
scrSOL001_GCATGATCACCGCTAG	tumor	
scrSOL001_GCATGATCAGTCCTTC	tumor	
scrSOL001_GCATGATGTACCGGCT	tumor	
scrSOL001_GCATGATGTCGCCATG	normal	
scrSOL001_GCATGCGAGCCAGAAC	tumor	
scrSOL001_GCATGCGCACTTCTGC	normal	
scrSOL001_GCATGCGCAGGCAGTA	tumor	
scrSOL001_GCATGCGCATCATCCC	tumor	
scrSOL001_GCATGCGCATGGTTGT	normal	
scrSOL001_GCATGCGGTATTAGCC	normal	
scrSOL001_GCATGCGGTCTCTTTA	tumor	
scrSOL001_GCATGCGTCATCGATG	normal	
scrSOL001_GCATGTAAGACACTAA	normal	
scrSOL001_GCATGTAAGAGTAATC	normal	
scrSOL001_GCATGTAAGATGTCGG	tumor	
scrSOL001_GCATGTAAGTCCATAC	normal	
scrSOL001_GCATGTACAGCGTCCA	tumor	
scrSOL001_GCATGTAGTATCACCA	normal	
scrSOL001_GCATGTAGTCATCGGC	tumor	
scrSOL001_GCATGTATCCCAACGG	normal	
scrSOL001_GCATGTATCCGCAGTG	normal	
scrSOL001_GCCAAATAGAACAACT	tumor	
scrSOL001_GCCAAATAGTCATGCT	normal	
scrSOL001_GCCAAATAGTTCGCAT	tumor	
scrSOL001_GCCAAATTCACGGTTA	normal	
scrSOL001_GCCAAATTCACTCTTA	normal	
scrSOL001_GCCTCTAAGGCGCTCT	normal	
scrSOL001_GCCTCTAGTTACGTCA	tumor	
scrSOL001_GCCTCTATCAATCACG	normal	
scrSOL001_GCGACCAAGAAGCCCA	tumor	
scrSOL001_GCGACCAAGATGTTAG	normal	
scrSOL001_GCGACCAAGCCCAGCT	normal	
scrSOL001_GCGACCAAGGTGGGTT	normal	
scrSOL001_GCGACCAAGTGCAAGC	tumor	
scrSOL001_GCGACCACAAAGTGCG	normal	
scrSOL001_GCGACCAGTAATAGCA	normal	
scrSOL001_GCGACCATCCACTGGG	tumor	
scrSOL001_GCGAGAAAGCCCGAAA	normal	
scrSOL001_GCGAGAAAGCGTCTAT	tumor	
scrSOL001_GCGAGAAAGCTGATAA	normal	
scrSOL001_GCGAGAAAGTGCTGCC	normal	
scrSOL001_GCGAGAACAACACGCC	normal	
scrSOL001_GCGAGAACACCATGTA	normal	
scrSOL001_GCGAGAACAGTAACGG	normal	
scrSOL001_GCGAGAACATTAACCG	normal	
scrSOL001_GCGCAACCAAGGTGTG	normal	
scrSOL001_GCGCAACCACGAGGTA	tumor	
scrSOL001_GCGCAACGTGCGGTAA	normal	yes
scrSOL001_GCGCAGTAGAAACCGC	tumor	
scrSOL001_GCGCAGTAGCGATGAC	tumor	
scrSOL001_GCGCAGTAGGTCGGAT	normal	
scrSOL001_GCGCAGTCAAGGACAC	normal	
scrSOL001_GCGCAGTCAAGTTCTG	normal	
scrSOL001_GCGCAGTCAATTCCTT	normal	
scrSOL001_GCGCAGTCACAGGAGT	normal	
scrSOL001_GCGCAGTGTGAGGCTA	normal	
scrSOL001_GCGCCAAAGGCATTGG	normal	
scrSOL001_GCGCCAACAGTTCATG	tumor	
scrSOL001_GCGCCAATCGGCATCG	tumor	
scrSOL001_GCGCGATAGCTTATCG	normal	
scrSOL001_GCGCGATCAAGTACCT	normal	
scrSOL001_GCGCGATCACATCCGG	normal	
scrSOL001_GCGCGATTCTTAACCT	normal	
scrSOL001_GCGGGTTAGAGGTTGC	normal	
scrSOL001_GCGGGTTAGATCTGCT	normal	
scrSOL001_GCGGGTTAGTGCGTGA	tumor	
scrSOL001_GCGGGTTAGTTAGCGG	tumor	
scrSOL001_GCGGGTTGTAGCTGCC	tumor	
scrSOL001_GCGGGTTGTCGATTGT	tumor	
scrSOL001_GCGGGTTGTCTGATTG	tumor	
scrSOL001_GCGGGTTGTGACGCCT	tumor	
scrSOL001_GCGGGTTGTGCCTGGT	normal	
scrSOL001_GCGGGTTGTGCTAGCC	normal	
scrSOL001_GCGGGTTTCACTATTC	tumor	
scrSOL001_GCGGGTTTCCAGGGCT	normal	
scrSOL001_GCGGGTTTCCGCGTTT	tumor	
scrSOL001_GCGGGTTTCCTTAATC	normal	
scrSOL001_GCGGGTTTCGTATCAG	tumor	
scrSOL001_GCGGGTTTCTGGCGTG	normal	
scrSOL001_GCGGGTTTCTTACCTA	tumor	
scrSOL001_GCTCCTACAACACGCC	normal	
scrSOL001_GCTCCTACAGTTAACC	tumor	
scrSOL001_GCTCCTACATTTCAGG	normal	
scrSOL001_GCTCCTAGTACTCTCC	normal	
scrSOL001_GCTCCTAGTCTCATCC	normal	
scrSOL001_GCTCCTATCCGTTGCT	tumor	
scrSOL001_GCTCCTATCGGTCCGA	tumor	
scrSOL001_GCTCCTATCTTGTTTG	tumor	
scrSOL001_GCTCTGTAGCTCTCGG	normal	
scrSOL001_GCTCTGTCACAGTCGC	normal	
scrSOL001_GCTCTGTCATCGACGC	tumor	
scrSOL001_GCTCTGTCATCGATTG	normal	
scrSOL001_GCTCTGTGTCAATGTC	normal	
scrSOL001_GCTCTGTGTCAGAAGC	normal	
scrSOL001_GCTCTGTGTTCGAATC	normal	
scrSOL001_GCTCTGTTCGAACGGA	normal	
scrSOL001_GCTCTGTTCGTTTAGG	tumor	
scrSOL001_GCTGCAGAGACAAGCC	tumor	
scrSOL001_GCTGCAGCACACCGCA	tumor	
scrSOL001_GCTGCAGGTAGCTTGT	normal	
scrSOL001_GCTGCAGGTATCACCA	tumor	
scrSOL001_GCTGCGAAGATAGGAG	normal	
scrSOL001_GCTGCGACAAGGTTCT	normal	
scrSOL001_GCTGCGACAAGTACCT	tumor	
scrSOL001_GCTGCGACACAGACAG	normal	
scrSOL001_GCTGCGACAGGCTCAC	tumor	
scrSOL001_GCTGCGACATCAGTAC	normal	
scrSOL001_GCTGCGACATGTCCTC	normal	
scrSOL001_GCTGCGAGTCTCCCTA	tumor	
scrSOL001_GCTGCGAGTGCACCAC	normal	
scrSOL001_GCTGCGAGTTGCTCCT	tumor	
scrSOL001_GCTGCGATCTTCATGT	normal	
scrSOL001_GCTGCTTAGCTGATAA	tumor	
scrSOL001_GCTGCTTAGGAGCGAG	normal	
scrSOL001_GCTGCTTCATCCTTGC	normal	
scrSOL001_GCTGCTTGTGTGACCC	normal	
scrSOL001_GCTGGGTCACCATCCT	normal	
scrSOL001_GCTGGGTCACTTAACG	normal	
scrSOL001_GCTGGGTCAGCTGTTA	normal	
scrSOL001_GCTGGGTGTAAAGTCA	tumor	
scrSOL001_GCTGGGTGTCGCGGTT	normal	
scrSOL001_GCTGGGTGTCTTGTCC	tumor	
scrSOL001_GCTGGGTGTGGTGTAG	tumor	
scrSOL001_GCTGGGTTCGCGCCAA	normal	
scrSOL001_GCTTCCACACCGATAT	normal	
scrSOL001_GCTTCCACACCTATCC	normal	
scrSOL001_GCTTCCACAGTTCCCT	tumor	
scrSOL001_GCTTCCAGTTGATTGC	normal	
scrSOL001_GCTTCCAGTTTGCATG	normal	
scrSOL001_GCTTGAACACTATCTT	normal	
scrSOL001_GCTTGAACATGTTCCC	normal	
scrSOL001_GCTTGAATCGAACTGT	tumor	
scrSOL001_GCTTGAATCGCAAGCC	normal	
scrSOL001_GCTTGAATCGTCTGCT	tumor	
scrSOL001_GGAAAGCAGTACCGGA	normal	
scrSOL001_GGAAAGCCAAGGGTCA	normal	
scrSOL001_GGAAAGCCATACAGCT	normal	yes
scrSOL001_GGAAAGCGTAAAGTCA	normal	
scrSOL001_GGAAAGCGTATCAGTC	tumor	
scrSOL001_GGAAAGCTCCTGTACC	normal	
scrSOL001_GGAACTTAGCCGGTAA	normal	
scrSOL001_GGAACTTAGTAGCCGA	tumor	
scrSOL001_GGAACTTAGTGCTGCC	normal	
scrSOL001_GGAACTTGTAAGTGTA	normal	
scrSOL001_GGAACTTGTGTGAAAT	normal	
scrSOL001_GGAACTTGTTAAGATG	tumor	
scrSOL001_GGAACTTTCTCAAACG	tumor	
scrSOL001_GGAACTTTCTGGTTCC	normal	
scrSOL001_GGAATAAAGACGCACA	tumor	
scrSOL001_GGAATAAAGACTAGGC	normal	yes
scrSOL001_GGAATAAGTATATGAG	normal	
scrSOL001_GGAATAATCCTCGCAT	tumor	
scrSOL001_GGACAAGAGCCAGAAC	normal	
scrSOL001_GGACAAGGTGGCAAAC	normal	
scrSOL001_GGACAGAAGCCCGAAA	normal	
scrSOL001_GGACAGAAGCTGATAA	tumor	
scrSOL001_GGACAGAAGTTACCCA	normal	
scrSOL001_GGACAGACAACTGCGC	tumor	
scrSOL001_GGACAGACAGCCAGAA	tumor	
scrSOL001_GGACAGACAGTATGCT	normal	
scrSOL001_GGACAGACAGTCTTCC	normal	
scrSOL001_GGACAGACATACGCTA	tumor	
scrSOL001_GGACAGACATCTCGCT	tumor	
scrSOL001_GGACAGATCACTTACT	normal	
scrSOL001_GGACAGATCGTCCGTT	normal	
scrSOL001_GGACAGATCTAACTTC	normal	
scrSOL001_GGACAGATCTCTGTCG	tumor	
scrSOL001_GGACATTAGATGTGTA	normal	
scrSOL001_GGACATTAGCCGATTT	tumor	
scrSOL001_GGACATTGTACAAGTA	normal	
scrSOL001_GGACATTGTATAGTAG	normal	
scrSOL001_GGACATTGTCGCTTCT	normal	
scrSOL001_GGACATTGTGCCTGTG	normal	
scrSOL001_GGACGTCAGGATGGAA	normal	
scrSOL001_GGACGTCCACAGATTC	normal	
scrSOL001_GGACGTCCACGGTAAG	normal	
scrSOL001_GGACGTCGTTGGTGGA	tumor	
scrSOL001_GGACGTCTCCGTCATC	normal	
scrSOL001_GGAGCAAAGAGGTTAT	normal	
scrSOL001_GGAGCAACACAGGCCT	normal	
scrSOL001_GGAGCAACACTGAAGG	normal	
scrSOL001_GGAGCAATCCGCATAA	tumor	
scrSOL001_GGAGCAATCTTGTCAT	normal	
scrSOL001_GGATGTTAGTGTCCAT	tumor	
scrSOL001_GGATGTTCACAGACAG	tumor	
scrSOL001_GGATGTTCATCGGACC	normal	
scrSOL001_GGATGTTGTATGCTTG	tumor	
scrSOL001_GGATGTTGTCATACTG	tumor	
scrSOL001_GGATGTTTCAAAGTAG	tumor	
scrSOL001_GGATGTTTCCAGTAGT	normal	
scrSOL001_GGATTACAGTTTAGGA	tumor	
scrSOL001_GGATTACCACAGGTTT	normal	
scrSOL001_GGATTACGTACCGTAT	normal	
scrSOL001_GGATTACGTTGTTTGG	normal	
scrSOL001_GGATTACTCCAGAGGA	normal	
scrSOL001_GGATTACTCTGGTGTA	tumor	
scrSOL001_GGCAATTAGTGTCTCA	normal	
scrSOL001_GGCAATTCAAGAGGCT	normal	
scrSOL001_GGCAATTCAGATGGGT	normal	
scrSOL001_GGCAATTGTATAATGG	normal	
scrSOL001_GGCAATTGTGCACTTA	tumor	
scrSOL001_GGCAATTTCAAGATCC	normal	
scrSOL001_GGCAATTTCTATGTGG	tumor	
scrSOL001_GGCAATTTCTGTCAAG	normal	
scrSOL001_GGCCGATAGAACAATC	normal	
scrSOL001_GGCCGATAGAGCCTAG	normal	
scrSOL001_GGCCGATAGCCAGGAT	tumor	
scrSOL001_GGCCGATAGGCACATG	normal	
scrSOL001_GGCCGATCACCATCCT	tumor	
scrSOL001_GGCCGATTCTCAAGTG	tumor	
scrSOL001_GGCGACTAGCTGGAAC	tumor	
scrSOL001_GGCGACTCAAACCCAT	normal	
scrSOL001_GGCGACTCACATAACC	tumor	
scrSOL001_GGCGACTGTAAATGTG	tumor	
scrSOL001_GGCGACTGTCCAGTGC	normal	
scrSOL001_GGCGACTGTGCACTTA	normal	
scrSOL001_GGCGACTGTGTGTGCC	tumor	
scrSOL001_GGCGTGTCAGCCACCA	normal	
scrSOL001_GGCGTGTCATAGACTC	tumor	
scrSOL001_GGCGTGTGTCTAGAGG	normal	
scrSOL001_GGCGTGTTCGAATGGG	tumor	
scrSOL001_GGCGTGTTCGGTTCGG	tumor	
scrSOL001_GGCTCGAAGACTGTAA	normal	
scrSOL001_GGCTCGAAGCCCAACC	tumor	
scrSOL001_GGCTCGACAAGACACG	normal	
scrSOL001_GGCTCGACAAGTAGTA	tumor	
scrSOL001_GGCTCGACAAGTCATC	normal	
scrSOL001_GGCTCGACACCTGGTG	tumor	
scrSOL001_GGCTCGAGTCGGCACT	tumor	
scrSOL001_GGCTCGATCAGAGGTG	normal	
scrSOL001_GGCTCGATCAGTGTTG	tumor	
scrSOL001_GGCTCGATCTCATTCA	normal	
scrSOL001_GGCTCGATCTCGAGTA	normal	
scrSOL001_GGCTGGTAGTGTGGCA	tumor	
scrSOL001_GGCTGGTTCCAGTATG	tumor	
scrSOL001_GGCTGGTTCCCTAATT	normal	
scrSOL001_GGCTGGTTCGAATGGG	normal	
scrSOL001_GGCTGGTTCTTCTGGC	normal	
scrSOL001_GGGAATGAGGTGGGTT	normal	
scrSOL001_GGGAATGCAGCTGTAT	normal	
scrSOL001_GGGAATGCATTAGCCA	normal	
scrSOL001_GGGAATGGTTATCACG	normal	
scrSOL001_GGGACCTAGAACAACT	tumor	
scrSOL001_GGGACCTAGATCGGGT	tumor	
scrSOL001_GGGACCTGTCTAGCGC	tumor	
scrSOL001_GGGACCTTCATGGTCA	normal	yes
scrSOL001_GGGACCTTCTTCAACT	normal	
scrSOL001_GGGAGATAGGAGTACC	tumor	
scrSOL001_GGGAGATCAGTTAACC	tumor	
scrSOL001_GGGAGATGTATAATGG	normal	
scrSOL001_GGGAGATTCCTGCCAT	normal	
scrSOL001_GGGAGATTCCTTGCCA	normal	
scrSOL001_GGGATGAAGTACTTGC	normal	
scrSOL001_GGGATGAAGTGTGAAT	normal	
scrSOL001_GGGATGAGTCGCGGTT	normal	
scrSOL001_GGGATGAGTGTCCTCT	tumor	
scrSOL001_GGGATGATCCCAAGAT	tumor	
scrSOL001_GGGATGATCGGTTCGG	normal	
scrSOL001_GGGCACTAGACTACAA	tumor	
scrSOL001_GGGCACTCAATAGAGT	tumor	
scrSOL001_GGGCACTCACGCTTTC	tumor	
scrSOL001_GGGCACTGTATGCTTG	tumor	
scrSOL001_GGGCACTTCCAACCAA	tumor	
scrSOL001_GGGCACTTCGTGACAT	normal	
scrSOL001_GGGCATCAGAGCCTAG	tumor	
scrSOL001_GGGCATCAGTGTTGAA	tumor	
scrSOL001_GGGCATCGTAAATACG	normal	
scrSOL001_GGGTCTGAGCGCCTCA	normal	
scrSOL001_GGGTCTGCAAATCCGT	tumor	
scrSOL001_GGGTCTGCACACAGAG	tumor	
scrSOL001_GGGTCTGCAGGACGTA	tumor	
scrSOL001_GGGTCTGGTATCGCAT	tumor	
scrSOL001_GGGTCTGGTCAAACTC	tumor	
scrSOL001_GGGTCTGGTGGTAACG	tumor	
scrSOL001_GGGTCTGGTTCCACGG	normal	
scrSOL001_GGGTCTGGTTCCTCCA	normal	
scrSOL001_GGGTTGCAGGATCGCA	normal	
scrSOL001_GGGTTGCAGGTAGCCA	tumor	
scrSOL001_GGGTTGCCAAACAACA	tumor	
scrSOL001_GGGTTGCCAATGAAAC	tumor	
scrSOL001_GGGTTGCCACATCCGG	normal	
scrSOL001_GGGTTGCCATGAGCGA	normal	
scrSOL001_GGGTTGCCATGTAGTC	tumor	
scrSOL001_GGGTTGCCATTAGGCT	normal	
scrSOL001_GGGTTGCGTCACTTCC	tumor	
scrSOL001_GGGTTGCTCCGATATG	normal	
scrSOL001_GGGTTGCTCTGCGTAA	normal	
scrSOL001_GGGTTGCTCTGGGCCA	tumor	
scrSOL001_GGTATTGAGAGAACAG	normal	
scrSOL001_GGTATTGAGTAGATGT	normal	
scrSOL001_GGTATTGCAAACTGCT	tumor	
scrSOL001_GGTATTGTCTAGAGTC	normal	
scrSOL001_GGTGAAGTCCGTCAAA	normal	
scrSOL001_GGTGAAGTCGTCTGAA	normal	
scrSOL001_GGTGCGTAGAACAATC	normal	
scrSOL001_GGTGCGTAGACTAAGT	normal	
scrSOL001_GGTGCGTAGCCTTGAT	tumor	
scrSOL001_GGTGCGTAGTAGGCCA	normal	
scrSOL001_GGTGCGTCAATCGGTT	tumor	
scrSOL001_GGTGCGTGTCACCTAA	normal	
scrSOL001_GGTGCGTGTTCAACCA	normal	
scrSOL001_GGTGCGTTCTATCCCG	normal	
scrSOL001_GGTGTTAAGTGAACGC	normal	
scrSOL001_GGTGTTACATAGACTC	normal	
scrSOL001_GGTGTTATCGCGATCG	normal	
scrSOL001_GGTGTTATCGTGGACC	tumor	
scrSOL001_GTAACGTAGATGGCGT	normal	
scrSOL001_GTAACGTAGGCCCTTG	normal	
scrSOL001_GTAACGTAGTCAAGGC	normal	
scrSOL001_GTAACGTAGTGCGTGA	tumor	
scrSOL001_GTAACGTAGTGTGGCA	normal	
scrSOL001_GTAACGTCAATGGACG	tumor	
scrSOL001_GTAACGTCACAGAGGT	normal	
scrSOL001_GTAACGTGTTCAGGCC	normal	
scrSOL001_GTAACGTTCCTGCTTG	normal	
scrSOL001_GTAACGTTCTGTCAAG	normal	
scrSOL001_GTAACTGCAGCTGTAT	tumor	
scrSOL001_GTAACTGCAGGGTTAG	tumor	
scrSOL001_GTAACTGGTCGCTTTC	normal	
scrSOL001_GTAACTGTCCATGCTC	normal	
scrSOL001_GTAACTGTCGGAAATA	normal	
scrSOL001_GTACGTAAGCGTGAGT	tumor	
scrSOL001_GTACGTACAGGTGGAT	normal	
scrSOL001_GTACGTAGTAGCCTCG	normal	
scrSOL001_GTACGTAGTCACCTAA	normal	
scrSOL001_GTACGTATCCCAAGAT	normal	
scrSOL001_GTACGTATCCTATGTT	normal	
scrSOL001_GTACTCCAGGGTATCG	normal	
scrSOL001_GTACTCCCAATCTGCA	normal	
scrSOL001_GTACTCCCATAACCTG	tumor	
scrSOL001_GTACTCCGTAAGGGAA	normal	
scrSOL001_GTACTCCGTAGCCTCG	tumor	
scrSOL001_GTACTCCGTGACGCCT	tumor	
scrSOL001_GTACTCCTCCAGGGCT	tumor	
scrSOL001_GTACTCCTCCTCCTAG	normal	
scrSOL001_GTACTTTAGTGGGTTG	normal	
scrSOL001_GTACTTTCAACAACCT	normal	
scrSOL001_GTACTTTCAGCATGAG	tumor	
scrSOL001_GTACTTTGTAGCACGA	normal	
scrSOL001_GTACTTTGTATATGAG	tumor	
scrSOL001_GTAGGCCAGTGCGTGA	normal	
scrSOL001_GTAGGCCGTACCGGCT	normal	
scrSOL001_GTAGGCCGTCAATACC	tumor	
scrSOL001_GTAGGCCGTCCGAGTC	normal	
scrSOL001_GTAGGCCGTGGGTCAA	normal	
scrSOL001_GTAGGCCTCATGTGGT	normal	
scrSOL001_GTAGTCACACGGATAG	tumor	
scrSOL001_GTAGTCACATGCTGGC	normal	
scrSOL001_GTAGTCATCGGCGCAT	tumor	
scrSOL001_GTAGTCATCTCCAACC	tumor	
scrSOL001_GTAGTCATCTGCAAGT	normal	
scrSOL001_GTATCTTAGAATTGTG	tumor	
scrSOL001_GTATCTTAGACAAGCC	tumor	
scrSOL001_GTATCTTAGCGAGAAA	tumor	
scrSOL001_GTATCTTAGTGACTCT	tumor	
scrSOL001_GTATCTTCATCGGGTC	normal	
scrSOL001_GTATCTTCATTCCTCG	tumor	
scrSOL001_GTATCTTGTAAATGTG	tumor	
scrSOL001_GTATCTTGTAGGGACT	normal	
scrSOL001_GTATCTTGTGACGGTA	normal	
scrSOL001_GTATCTTGTGCCTTGG	normal	
scrSOL001_GTATCTTTCACATGCA	normal	
scrSOL001_GTATCTTTCACGCATA	normal	
scrSOL001_GTATCTTTCAGCAACT	normal	
scrSOL001_GTATTCTAGAAGGACA	tumor	
scrSOL001_GTATTCTAGACTAGAT	tumor	
scrSOL001_GTATTCTTCAGCACAT	normal	
scrSOL001_GTATTCTTCGAATCCA	tumor	
scrSOL001_GTATTCTTCTCGTTTA	normal	
scrSOL001_GTCAAGTAGAAACCTA	normal	
scrSOL001_GTCAAGTAGGTGTTAA	normal	
scrSOL001_GTCAAGTCAGTTCATG	normal	
scrSOL001_GTCAAGTGTAAGAGGA	tumor	
scrSOL001_GTCAAGTGTCTTCGTC	tumor	
scrSOL001_GTCAAGTGTGACTACT	tumor	
scrSOL001_GTCAAGTTCGGCGCAT	normal	yes
scrSOL001_GTCAAGTTCGGTCTAA	normal	
scrSOL001_GTCAAGTTCGTTACAG	tumor	
scrSOL001_GTCACAAAGATGTGTA	normal	
scrSOL001_GTCACAAAGTCCATAC	normal	
scrSOL001_GTCACAACAAGACACG	normal	
scrSOL001_GTCACGGAGACCTTTG	tumor	
scrSOL001_GTCACGGAGCGATATA	normal	
scrSOL001_GTCACGGAGTCTTGCA	tumor	
scrSOL001_GTCACGGAGTTGAGTA	normal	
scrSOL001_GTCACGGCACTGTTAG	tumor	
scrSOL001_GTCACGGCATCCTAGA	normal	
scrSOL001_GTCACGGCATGTCTCC	normal	
scrSOL001_GTCACGGGTAGTAGTA	normal	
scrSOL001_GTCACGGGTGCGGTAA	normal	
scrSOL001_GTCACGGTCATATCGG	normal	
scrSOL001_GTCACGGTCGCCTGTT	normal	
scrSOL001_GTCACGGTCGCTAGCG	normal	
scrSOL001_GTCACGGTCGTCTGCT	tumor	
scrSOL001_GTCATTTAGCATGGCA	tumor	
scrSOL001_GTCATTTAGGCCATAG	normal	
scrSOL001_GTCATTTCATGAAGTA	tumor	
scrSOL001_GTCATTTGTGTGAAAT	normal	
scrSOL001_GTCCTCACAAACCCAT	normal	
scrSOL001_GTCCTCACATGAAGTA	normal	
scrSOL001_GTCCTCATCTCTAAGG	normal	
scrSOL001_GTCGGGTAGACTCGGA	tumor	
scrSOL001_GTCGGGTAGTCGAGTG	normal	
scrSOL001_GTCGTAAAGCCAGTAG	normal	
scrSOL001_GTCGTAAAGTTACGGG	normal	
scrSOL001_GTCGTAACAGGATTGG	normal	
scrSOL001_GTCGTAAGTTCCACTC	normal	
scrSOL001_GTCGTAATCGGCGCAT	tumor	
scrSOL001_GTCTCGTAGCGATAGC	tumor	
scrSOL001_GTCTCGTCACCAGGCT	tumor	
scrSOL001_GTCTCGTGTCGAGTTT	tumor	
scrSOL001_GTCTCGTGTCGCTTCT	normal	
scrSOL001_GTCTCGTGTTAAAGTG	tumor	
scrSOL001_GTCTCGTTCAAACCGT	tumor	
scrSOL001_GTCTCGTTCACCACCT	normal	
scrSOL001_GTCTTCGAGCGTTGCC	normal	
scrSOL001_GTCTTCGAGGGAACGG	tumor	
scrSOL001_GTCTTCGCATTTGCTT	normal	yes
scrSOL001_GTCTTCGGTCGTGGCT	tumor	
scrSOL001_GTCTTCGTCCAGATCA	normal	
scrSOL001_GTCTTCGTCTAACTGG	tumor	
scrSOL001_GTGAAGGAGAACAACT	tumor	
scrSOL001_GTGAAGGCACGAGAGT	tumor	
scrSOL001_GTGAAGGGTCGCATAT	normal	
scrSOL001_GTGAAGGGTTATGTGC	normal	
scrSOL001_GTGAAGGGTTTGTTTC	normal	
scrSOL001_GTGCAGCAGACGACGT	normal	
scrSOL001_GTGCAGCAGCGTTTAC	normal	
scrSOL001_GTGCAGCAGGAGTACC	tumor	
scrSOL001_GTGCAGCCAGAGTGTG	normal	
scrSOL001_GTGCAGCCATTGGTAC	normal	
scrSOL001_GTGCAGCGTCATACTG	tumor	
scrSOL001_GTGCAGCTCACGCATA	normal	
scrSOL001_GTGCATAAGAGGACGG	normal	
scrSOL001_GTGCATAAGGAATGGA	normal	
scrSOL001_GTGCATACACTGTCGG	normal	
scrSOL001_GTGCATAGTAAGTGGC	normal	
scrSOL001_GTGCATAGTCGCATAT	tumor	
scrSOL001_GTGCATAGTGATAAGT	normal	
scrSOL001_GTGCATATCGGCCGAT	normal	
scrSOL001_GTGCGGTGTCGGCATC	normal	
scrSOL001_GTGCGGTGTCTTGATG	normal	
scrSOL001_GTGCGGTGTGAGTGAC	normal	
scrSOL001_GTGCGGTTCGCTTAGA	tumor	
scrSOL001_GTGCGGTTCTGCGGCA	normal	
scrSOL001_GTGCTTCCATACGCCG	tumor	
scrSOL001_GTGCTTCTCTAACTCT	tumor	
scrSOL001_GTGCTTCTCTCATTCA	tumor	
scrSOL001_GTGGGTCAGACAGAGA	normal	
scrSOL001_GTGGGTCAGGCAAAGA	tumor	
scrSOL001_GTGGGTCAGGGAGTAA	normal	
scrSOL001_GTGGGTCGTATCAGTC	normal	
scrSOL001_GTGGGTCTCGGCCGAT	normal	
scrSOL001_GTGGGTCTCGGTTCGG	tumor	
scrSOL001_GTGGGTCTCTAACTCT	normal	
scrSOL001_GTGTGCGCAAGCGAGT	normal	
scrSOL001_GTGTGCGCAATGAAAC	normal	
scrSOL001_GTGTGCGCACGAGGTA	normal	
scrSOL001_GTGTTAGAGAAGGTGA	normal	
scrSOL001_GTGTTAGCAATCAGAA	normal	
scrSOL001_GTGTTAGCAGACAAGC	tumor	
scrSOL001_GTGTTAGTCACTCTTA	normal	
scrSOL001_GTGTTAGTCAGTTGAC	tumor	
scrSOL001_GTGTTAGTCTACTATC	normal	
scrSOL001_GTGTTAGTCTTTACAC	normal	yes
scrSOL001_GTTAAGCAGCCAGAAC	tumor	
scrSOL001_GTTAAGCAGCTTATCG	normal	
scrSOL001_GTTAAGCAGTCTCAAC	tumor	
scrSOL001_GTTAAGCCACTGTGTA	normal	
scrSOL001_GTTAAGCCAGCTGTTA	normal	
scrSOL001_GTTAAGCGTAATTGGA	tumor	
scrSOL001_GTTAAGCGTAGCCTCG	normal	
scrSOL001_GTTAAGCGTGAGGGTT	normal	
scrSOL001_GTTACAGAGGGTTTCT	normal	
scrSOL001_GTTACAGAGTGACTCT	normal	
scrSOL001_GTTACAGCATGCGCAC	tumor	
scrSOL001_GTTACAGGTCACTGGC	normal	
scrSOL001_GTTACAGGTGCATCTA	normal	
scrSOL001_GTTACAGTCACCTTAT	normal	
scrSOL001_GTTCATTAGGAGTTGC	tumor	
scrSOL001_GTTCATTAGTCATGCT	tumor	
scrSOL001_GTTCATTAGTGTTGAA	normal	
scrSOL001_GTTCATTCAATGCCAT	tumor	
scrSOL001_GTTCATTCACAAGCCC	tumor	
scrSOL001_GTTCATTCAGGAACGT	normal	
scrSOL001_GTTCATTGTAGCGTCC	tumor	
scrSOL001_GTTCATTGTCAAGCGA	normal	
scrSOL001_GTTCATTTCTACCTGC	tumor	
scrSOL001_GTTCGGGAGCGATTCT	normal	
scrSOL001_GTTCGGGCACCAGGCT	tumor	
scrSOL001_GTTCGGGCAGTAGAGC	normal	
scrSOL001_GTTCGGGGTGTTAAGA	tumor	
scrSOL001_GTTCGGGTCCGCATCT	normal	
scrSOL001_GTTCGGGTCGTCGTTC	normal	
scrSOL001_GTTCTCGAGGAATTAC	tumor	
scrSOL001_GTTCTCGAGTATTGGA	tumor	
scrSOL001_GTTCTCGCAGGTCGTC	tumor	
scrSOL001_GTTCTCGGTTATTCTC	normal	
scrSOL001_GTTCTCGTCCGAACGC	tumor	
scrSOL001_GTTCTCGTCTGACCTC	tumor	
scrSOL001_GTTTCTAAGAAAGTGG	tumor	
scrSOL001_GTTTCTAAGATATACG	tumor	
scrSOL001_GTTTCTAAGTACACCT	normal	
scrSOL001_GTTTCTACACAGGAGT	normal	
scrSOL001_GTTTCTACACGTCTCT	normal	
scrSOL001_GTTTCTACATAGTAAG	normal	
scrSOL001_GTTTCTATCCCATTTA	tumor	
scrSOL001_GTTTCTATCGTACGGC	normal	
scrSOL001_TAAACCGAGCATGGCA	normal	
scrSOL001_TAAACCGAGTTAGGTA	tumor	
scrSOL001_TAAACCGGTAATAGCA	normal	
scrSOL001_TAAACCGGTAATCACC	normal	
scrSOL001_TAAACCGGTGCAACGA	normal	
scrSOL001_TAAACCGTCCAAACAC	tumor	
scrSOL001_TAAACCGTCGCGTTTC	tumor	
scrSOL001_TAAGAGAAGTCTCGGC	tumor	
scrSOL001_TAAGAGACAATAGCAA	normal	
scrSOL001_TAAGAGACACTCTGTC	normal	
scrSOL001_TAAGAGAGTAAGAGAG	tumor	
scrSOL001_TAAGAGAGTCTGATTG	normal	
scrSOL001_TAAGAGAGTGCCTGCA	normal	yes
scrSOL001_TAAGAGAGTGCTAGCC	normal	yes
scrSOL001_TAAGAGAGTTGGACCC	tumor	
scrSOL001_TAAGCGTCACAAGACG	normal	
scrSOL001_TAAGCGTCACTGTTAG	tumor	
scrSOL001_TAAGCGTGTCTCGTTC	normal	
scrSOL001_TAAGCGTTCCCTCAGT	normal	
scrSOL001_TAAGTGCAGACCACGA	normal	
scrSOL001_TAAGTGCAGAGAGCTC	normal	
scrSOL001_TAAGTGCAGTACTTGC	tumor	
scrSOL001_TAAGTGCAGTTGTCGT	normal	
scrSOL001_TAAGTGCCAATCTGCA	normal	
scrSOL001_TAAGTGCCACATGACT	normal	
scrSOL001_TAAGTGCCAGACAAGC	normal	
scrSOL001_TAAGTGCCATGGTAGG	normal	
scrSOL001_TAAGTGCGTAGCGTCC	tumor	
scrSOL001_TAAGTGCGTATAGGTA	tumor	
scrSOL001_TAAGTGCGTGAGTGAC	tumor	
scrSOL001_TAAGTGCTCAACACCA	normal	
scrSOL001_TACACGAAGACCCACC	tumor	
scrSOL001_TACACGAAGTTGCAGG	normal	
scrSOL001_TACACGACAGTATGCT	tumor	
scrSOL001_TACACGATCTCAAACG	normal	
scrSOL001_TACAGTGCATCACCCT	tumor	
scrSOL001_TACCTATAGGCACATG	tumor	
scrSOL001_TACCTATAGTAGGTGC	tumor	
scrSOL001_TACCTATCAACTGCTA	normal	
scrSOL001_TACCTATCAAGTAGTA	normal	
scrSOL001_TACCTATGTCACACGC	normal	
scrSOL001_TACCTATGTCCATGAT	tumor	
scrSOL001_TACCTATGTTTGTGTG	normal	
scrSOL001_TACCTATTCTCCTATA	normal	
scrSOL001_TACCTATTCTGCTGTC	normal	
scrSOL001_TACCTTAAGCAATATG	normal	
scrSOL001_TACCTTAAGCGCCTTG	tumor	
scrSOL001_TACCTTAAGGCTAGCA	normal	
scrSOL001_TACCTTACAGCTGTAT	tumor	
scrSOL001_TACCTTACATTCACTT	normal	
scrSOL001_TACCTTATCCTTTCGG	normal	
scrSOL001_TACCTTATCGGCATCG	tumor	
scrSOL001_TACGGATAGACAGGCT	tumor	
scrSOL001_TACGGATCATCACGAT	tumor	
scrSOL001_TACGGATCATGTAAGA	normal	
scrSOL001_TACGGATTCCTTTCTC	normal	
scrSOL001_TACGGGCCAGATTGCT	tumor	
scrSOL001_TACGGGCCAGGGTACA	normal	
scrSOL001_TACGGGCGTATCAGTC	normal	
scrSOL001_TACGGGCGTGTTTGGT	normal	
scrSOL001_TACGGGCTCAAGAAGT	normal	
scrSOL001_TACGGTAAGAGCCCAA	normal	
scrSOL001_TACGGTAAGAGCTGGT	normal	
scrSOL001_TACGGTACACGAAAGC	normal	
scrSOL001_TACGGTAGTAACGTTC	normal	yes
scrSOL001_TACGGTAGTTGCTCCT	tumor	
scrSOL001_TACGGTATCAGCATGT	normal	
scrSOL001_TACGGTATCCATGAGT	normal	
scrSOL001_TACTCATAGATAGCAT	normal	
scrSOL001_TACTCATAGGATTCGG	tumor	
scrSOL001_TACTCATAGGCCATAG	normal	
scrSOL001_TACTCATAGTAGGTGC	normal	
scrSOL001_TACTCATCAAGTCTGT	normal	
scrSOL001_TACTCATGTATATGAG	normal	
scrSOL001_TACTCATGTCGCGGTT	normal	
scrSOL001_TACTCATGTGGTGTAG	normal	
scrSOL001_TACTCATTCAATACCG	tumor	
scrSOL001_TACTCGCAGACTAGGC	normal	
scrSOL001_TACTCGCAGTTACCCA	tumor	
scrSOL001_TACTCGCGTAGTGAAT	tumor	
scrSOL001_TACTTACAGGTAGCTG	normal	
scrSOL001_TACTTACAGTGGGTTG	tumor	
scrSOL001_TACTTACGTAAATACG	normal	
scrSOL001_TACTTACTCTCTTATG	normal	
scrSOL001_TACTTGTAGACGCTTT	normal	
scrSOL001_TACTTGTAGCTAGCCC	normal	
scrSOL001_TACTTGTAGGCAATTA	normal	
scrSOL001_TACTTGTCAAGCCTAT	tumor	
scrSOL001_TACTTGTCAGCATACT	tumor	
scrSOL001_TACTTGTTCCAAGTAC	tumor	
scrSOL001_TACTTGTTCTCGCATC	normal	
scrSOL001_TACTTGTTCTTGTATC	tumor	
scrSOL001_TAGACCAAGGGAGTAA	tumor	
scrSOL001_TAGACCAAGTCATGCT	tumor	
scrSOL001_TAGACCAGTGCTTCTC	tumor	
scrSOL001_TAGACCATCCGAACGC	normal	
scrSOL001_TAGAGCTAGAGTGACC	tumor	
scrSOL001_TAGAGCTAGGTGCTTT	normal	
scrSOL001_TAGAGCTCAAGTAATG	normal	
scrSOL001_TAGAGCTCAGGAATGC	normal	
scrSOL001_TAGAGCTCATCCGCGA	normal	
scrSOL001_TAGAGCTGTTAGAACA	tumor	
scrSOL001_TAGAGCTTCGCTTGTC	normal	
scrSOL001_TAGCCGGAGCCAGGAT	normal	
scrSOL001_TAGCCGGGTATCACCA	normal	
scrSOL001_TAGCCGGGTCTCTCTG	tumor	
scrSOL001_TAGCCGGGTGACTACT	tumor	
scrSOL001_TAGCCGGTCCTTTCTC	normal	
scrSOL001_TAGGCATAGGCCATAG	tumor	
scrSOL001_TAGGCATCAAGCTGGA	normal	
scrSOL001_TAGGCATGTGTAAGTA	normal	
scrSOL001_TAGGCATGTTCCACTC	normal	
scrSOL001_TAGGCATTCAGGCGAA	tumor	
scrSOL001_TAGGCATTCCAAATGC	tumor	
scrSOL001_TAGTGGTAGGAGCGTT	normal	yes
scrSOL001_TAGTGGTAGTCCAGGA	normal	
scrSOL001_TAGTGGTGTCAATACC	normal	
scrSOL001_TAGTGGTTCAAACCAC	tumor	
scrSOL001_TAGTGGTTCACAGTAC	tumor	
scrSOL001_TAGTGGTTCAGTTAGC	normal	
scrSOL001_TAGTTGGAGCTGTCTA	normal	
scrSOL001_TAGTTGGAGGAGTTTA	tumor	
scrSOL001_TAGTTGGGTAAGTTCC	tumor	
scrSOL001_TAGTTGGTCAGTGCAT	normal	
scrSOL001_TAGTTGGTCCAACCAA	normal	
scrSOL001_TAGTTGGTCGGTCCGA	normal	
scrSOL001_TATCAGGAGAAACCGC	normal	
scrSOL001_TATCAGGAGGCAGTCA	normal	
scrSOL001_TATCAGGCATGGATGG	normal	
scrSOL001_TATCAGGGTAATTGGA	normal	
scrSOL001_TATCAGGGTACGCACC	normal	
scrSOL001_TATCAGGTCAGAGCTT	normal	
scrSOL001_TATCAGGTCATCTGCC	normal	
scrSOL001_TATCAGGTCCGGGTGT	normal	
scrSOL001_TATCAGGTCGGTGTCG	tumor	
scrSOL001_TATCTCAAGTGAAGTT	normal	
scrSOL001_TATCTCACACGGATAG	tumor	
scrSOL001_TATCTCACACTTGGAT	tumor	
scrSOL001_TATCTCAGTGAGGCTA	normal	
scrSOL001_TATCTCAGTGTGACCC	tumor	
scrSOL001_TATCTCATCCATGCTC	normal	
scrSOL001_TATCTCATCTTGTACT	tumor	
scrSOL001_TATGCCCGTCAGAATA	normal	
scrSOL001_TATGCCCGTGTCCTCT	normal	
scrSOL001_TATGCCCTCCCTCTTT	normal	
scrSOL001_TATGCCCTCTAACTGG	tumor	
scrSOL001_TATTACCAGAGGGCTT	normal	
scrSOL001_TATTACCAGCCAGAAC	normal	
scrSOL001_TATTACCCAAGTTAAG	normal	
scrSOL001_TATTACCGTAGTACCT	normal	
scrSOL001_TATTACCGTAGTGAAT	normal	
scrSOL001_TATTACCTCATTCACT	normal	
scrSOL001_TATTACCTCTCTTGAT	tumor	
scrSOL001_TCAACGAGTAGGGACT	normal	
scrSOL001_TCAACGATCCCAAGTA	tumor	
scrSOL001_TCAACGATCCTAGGGC	tumor	
scrSOL001_TCAACGATCGGCTTGG	tumor	
scrSOL001_TCAATCTAGCAAATCA	tumor	
scrSOL001_TCAATCTAGCCAGAAC	normal	
scrSOL001_TCAATCTAGGATTCGG	tumor	
scrSOL001_TCAATCTAGTAGCCGA	normal	
scrSOL001_TCAATCTCAACGATGG	normal	
scrSOL001_TCAATCTCACAACGTT	tumor	
scrSOL001_TCAATCTCATGTTCCC	tumor	
scrSOL001_TCAATCTGTAAGCACG	normal	
scrSOL001_TCAATCTGTAGCAAAT	tumor	
scrSOL001_TCAATCTTCGAATCCA	normal	
scrSOL001_TCAATCTTCGTCGTTC	tumor	
scrSOL001_TCACAAGAGCAGCGTA	normal	
scrSOL001_TCACAAGCAGGGTACA	tumor	
scrSOL001_TCACGAAAGTTCGCAT	normal	
scrSOL001_TCACGAACAACCGCCA	normal	
scrSOL001_TCACGAAGTATAGTAG	normal	
scrSOL001_TCACGAAGTATTCTCT	normal	
scrSOL001_TCACGAATCGAATCCA	tumor	
scrSOL001_TCAGATGAGAATGTGT	normal	
scrSOL001_TCAGATGAGATTACCC	tumor	
scrSOL001_TCAGATGAGCTTTGGT	tumor	
scrSOL001_TCAGATGCAGCCACCA	normal	
scrSOL001_TCAGATGGTAAATGAC	tumor	
scrSOL001_TCAGATGGTTATTCTC	normal	
scrSOL001_TCAGATGGTTTACTCT	normal	
scrSOL001_TCAGATGTCAGTCCCT	tumor	
scrSOL001_TCAGCAAAGTAAGTAC	normal	
scrSOL001_TCAGCAACAGGGTTAG	tumor	
scrSOL001_TCAGCAAGTGGTACAG	normal	
scrSOL001_TCAGCAATCAGAGCTT	tumor	
scrSOL001_TCAGCAATCCCGACTT	normal	
scrSOL001_TCAGCTCAGAGCCCAA	normal	
scrSOL001_TCAGCTCAGAGCTGCA	normal	
scrSOL001_TCAGCTCAGCACACAG	normal	
scrSOL001_TCAGCTCAGGCCATAG	normal	yes
scrSOL001_TCAGCTCCAGGTCTCG	normal	
scrSOL001_TCAGCTCCATAAAGGT	tumor	
scrSOL001_TCAGCTCGTATTAGCC	tumor	
scrSOL001_TCAGCTCGTCTCACCT	normal	
scrSOL001_TCAGCTCTCACAAACC	normal	
scrSOL001_TCAGCTCTCTAACTTC	normal	
scrSOL001_TCAGGATCAATCGGTT	normal	
scrSOL001_TCAGGATGTTCCACAA	tumor	
scrSOL001_TCAGGATTCTATCCCG	normal	
scrSOL001_TCAGGATTCTGCTGTC	tumor	
scrSOL001_TCAGGATTCTTGGGTA	tumor	
scrSOL001_TCAGGTAAGCTCCTTC	tumor	
scrSOL001_TCAGGTAGTAATCACC	tumor	
scrSOL001_TCAGGTAGTCACAAGG	normal	
scrSOL001_TCAGGTATCTGTCTCG	tumor	
scrSOL001_TCATTACAGAGCTTCT	normal	
scrSOL001_TCATTACAGAGGTTAT	normal	yes
scrSOL001_TCATTACAGCACGCCT	tumor	
scrSOL001_TCATTACCAACGATGG	tumor	
scrSOL001_TCATTACCAAGTAGTA	normal	
scrSOL001_TCATTACCAATGGATA	tumor	
scrSOL001_TCATTACGTAGCACGA	normal	
scrSOL001_TCATTACGTGATGCCC	tumor	
scrSOL001_TCATTACGTTTGTGTG	tumor	
scrSOL001_TCATTACTCAACTCTT	normal	
scrSOL001_TCATTACTCACTTCAT	normal	
scrSOL001_TCATTACTCAGGCGAA	normal	
scrSOL001_TCATTTGAGGCAGTCA	normal	
scrSOL001_TCATTTGAGTACCGGA	normal	
scrSOL001_TCATTTGCAACACCTA	tumor	
scrSOL001_TCATTTGCACCAGTTA	tumor	
scrSOL001_TCATTTGGTCATTAGC	tumor	
scrSOL001_TCATTTGTCCGTAGGC	tumor	
scrSOL001_TCATTTGTCCGTCAAA	normal	
scrSOL001_TCATTTGTCTGTCAAG	normal	
scrSOL001_TCCACACAGCCAGGAT	tumor	
scrSOL001_TCCACACAGTGCAAGC	normal	
scrSOL001_TCCACACAGTGGCACA	normal	
scrSOL001_TCCACACCATCGGGTC	tumor	
scrSOL001_TCCACACGTGTAACGG	tumor	
scrSOL001_TCCACACGTTTGCATG	tumor	
scrSOL001_TCCACACTCCAAGTAC	normal	
scrSOL001_TCCACACTCCATGAAC	tumor	
scrSOL001_TCCCGATAGAGCCCAA	normal	
scrSOL001_TCCCGATAGGCGACAT	normal	
scrSOL001_TCCCGATAGGGAACGG	normal	yes
scrSOL001_TCCCGATGTTCTGGTA	tumor	
scrSOL001_TCGAGGCCAAGGTTTC	normal	
scrSOL001_TCGAGGCCACTATCTT	tumor	
scrSOL001_TCGAGGCCAGTACACT	normal	
scrSOL001_TCGAGGCTCGTCTGCT	tumor	
scrSOL001_TCGCGAGAGGGATACC	normal	
scrSOL001_TCGCGAGCAGTCTTCC	normal	
scrSOL001_TCGCGAGGTATATGGA	tumor	
scrSOL001_TCGCGAGGTCCGAATT	normal	
scrSOL001_TCGCGAGGTGAAAGAG	normal	
scrSOL001_TCGCGAGGTTACGACT	normal	
scrSOL001_TCGCGAGGTTTACTCT	normal	
scrSOL001_TCGCGTTAGAGTGACC	tumor	
scrSOL001_TCGCGTTCATGACGGA	tumor	
scrSOL001_TCGCGTTGTAGCGCAA	tumor	
scrSOL001_TCGCGTTTCAACACTG	normal	
scrSOL001_TCGCGTTTCGAATGGG	normal	
scrSOL001_TCGGGACAGTCGTTTG	normal	
scrSOL001_TCGGGACCACCAGCAC	normal	
scrSOL001_TCGGGACCATGTAAGA	tumor	
scrSOL001_TCGGGACGTATAGTAG	tumor	
scrSOL001_TCGGGACGTCGGATCC	normal	
scrSOL001_TCGGTAAAGAAGAAGC	normal	
scrSOL001_TCGGTAAAGGTGCTAG	normal	
scrSOL001_TCGGTAACACAAGCCC	tumor	
scrSOL001_TCGGTAACACATGACT	normal	
scrSOL001_TCGGTAACACGAAATA	normal	
scrSOL001_TCGGTAACAGCTCCGA	normal	
scrSOL001_TCGGTAACATTTGCCC	tumor	
scrSOL001_TCGGTAAGTACTTAGC	normal	
scrSOL001_TCGTACCAGAAGGTTT	normal	
scrSOL001_TCGTACCAGCTACCTA	tumor	
scrSOL001_TCGTACCCATAGAAAC	normal	
scrSOL001_TCGTACCGTGGTACAG	tumor	
scrSOL001_TCGTACCTCGTCGTTC	normal	
scrSOL001_TCGTACCTCTCGTATT	normal	
scrSOL001_TCGTAGAAGAATCTCC	tumor	
scrSOL001_TCGTAGAAGACGCAAC	normal	
scrSOL001_TCGTAGACACACCGCA	normal	
scrSOL001_TCGTAGACAGGCGATA	tumor	
scrSOL001_TCGTAGACATCGGAAG	tumor	
scrSOL001_TCGTAGAGTATTCTCT	tumor	
scrSOL001_TCGTAGAGTCAAAGAT	tumor	
scrSOL001_TCGTAGAGTGCAGTAG	normal	
scrSOL001_TCGTAGATCATCACCC	tumor	
scrSOL001_TCTATTGAGACTAGGC	normal	
scrSOL001_TCTATTGAGCGAAGGG	normal	
scrSOL001_TCTATTGAGGTGGGTT	tumor	
scrSOL001_TCTATTGAGTGCCAGA	normal	
scrSOL001_TCTATTGCAGTCACTA	tumor	
scrSOL001_TCTATTGCATACGCCG	normal	
scrSOL001_TCTATTGCATAGACTC	tumor	
scrSOL001_TCTATTGCATGAGCGA	tumor	
scrSOL001_TCTATTGCATGGTAGG	tumor	
scrSOL001_TCTATTGGTGCACGAA	normal	yes
scrSOL001_TCTATTGTCTTTAGGG	normal	
scrSOL001_TCTCATAAGTAGTGCG	normal	
scrSOL001_TCTCATACAACACCTA	normal	
scrSOL001_TCTCATACAATGGACG	tumor	
scrSOL001_TCTCATACAGTAGAGC	normal	
scrSOL001_TCTCATACATGCCTTC	normal	
scrSOL001_TCTCATATCAATAAGG	normal	
scrSOL001_TCTCATATCACCCGAG	normal	
scrSOL001_TCTCTAAAGAACAATC	normal	
scrSOL001_TCTCTAATCCCAAGAT	normal	
scrSOL001_TCTCTAATCGGTCTAA	tumor	
scrSOL001_TCTCTAATCGTGGGAA	normal	
scrSOL001_TCTGAGAAGCACACAG	tumor	
scrSOL001_TCTGAGAAGTTACGGG	normal	
scrSOL001_TCTGAGATCTACTTAC	normal	
scrSOL001_TCTGGAAAGGTGGGTT	normal	
scrSOL001_TCTGGAAAGTATGACA	normal	
scrSOL001_TCTGGAACATGGTAGG	tumor	
scrSOL001_TCTTCGGCACAGTCGC	normal	
scrSOL001_TCTTCGGCACCTCGGA	tumor	
scrSOL001_TCTTCGGCACGTCAGC	tumor	
scrSOL001_TCTTCGGCAGAGCCAA	tumor	
scrSOL001_TCTTCGGCAGGTCCAC	normal	
scrSOL001_TCTTCGGCAGTGACAG	normal	
scrSOL001_TCTTCGGGTCAAAGCG	normal	
scrSOL001_TCTTCGGGTTGCGCAC	tumor	
scrSOL001_TCTTCGGTCATTCACT	tumor	
scrSOL001_TCTTCGGTCCGCGCAA	normal	
scrSOL001_TCTTCGGTCGAACGGA	normal	
scrSOL001_TCTTTCCAGAGCTTCT	tumor	
scrSOL001_TCTTTCCAGAGGTAGA	normal	
scrSOL001_TCTTTCCAGCAAATCA	normal	
scrSOL001_TCTTTCCAGCCATCGC	tumor	
scrSOL001_TGAAAGAAGCTGTCTA	tumor	
scrSOL001_TGAAAGACAAGCGATG	tumor	
scrSOL001_TGAAAGACATGTCCTC	tumor	
scrSOL001_TGAAAGAGTACTCAAC	normal	
scrSOL001_TGAAAGATCCGAGCCA	normal	
scrSOL001_TGACAACAGGCGTACA	tumor	
scrSOL001_TGACAACAGTTTAGGA	normal	
scrSOL001_TGACAACTCCTACAGA	normal	
scrSOL001_TGACGGCAGAATTGTG	normal	
scrSOL001_TGACGGCAGCGCTTAT	tumor	
scrSOL001_TGACGGCCAATGTTGC	normal	
scrSOL001_TGACGGCCACAAGACG	normal	
scrSOL001_TGACGGCCACAGACTT	tumor	
scrSOL001_TGACGGCCACTAAGTC	tumor	
scrSOL001_TGACGGCGTCACTTCC	tumor	
scrSOL001_TGACGGCGTCCGAAGA	normal	
scrSOL001_TGACTAGAGAACTCGG	tumor	
scrSOL001_TGACTAGAGACCCACC	normal	
scrSOL001_TGACTAGAGTGGTCCC	normal	
scrSOL001_TGACTAGGTGTTGAGG	tumor	
scrSOL001_TGACTAGTCCCTGACT	normal	
scrSOL001_TGACTTTAGAAACCAT	normal	
scrSOL001_TGACTTTAGACACTAA	normal	
scrSOL001_TGACTTTAGGACCACA	normal	
scrSOL001_TGACTTTAGTGAACAT	tumor	
scrSOL001_TGACTTTGTAAGGGAA	tumor	
scrSOL001_TGACTTTGTGCACGAA	normal	
scrSOL001_TGACTTTTCCGATATG	tumor	
scrSOL001_TGACTTTTCGCCGTGA	tumor	
scrSOL001_TGAGAGGAGTATCTCG	tumor	
scrSOL001_TGAGAGGTCCGTCATC	tumor	
scrSOL001_TGAGAGGTCTACCAGA	normal	
scrSOL001_TGAGCATAGACCGGAT	tumor	
scrSOL001_TGAGCATAGAGGGATA	normal	
scrSOL001_TGAGCATCATCGATGT	normal	
scrSOL001_TGAGCATTCAGCAACT	tumor	
scrSOL001_TGAGCATTCAGCACAT	normal	
scrSOL001_TGAGCATTCAGCGACC	normal	
scrSOL001_TGAGCCGAGACTAGGC	tumor	
scrSOL001_TGAGCCGAGAGTACCG	tumor	
scrSOL001_TGAGCCGAGTTGCAGG	tumor	
scrSOL001_TGAGCCGCAAGCGTAG	normal	
scrSOL001_TGAGCCGCAGACACTT	tumor	
scrSOL001_TGAGGGAGTAAGCACG	normal	
scrSOL001_TGAGGGAGTGTGGTTT	normal	
scrSOL001_TGAGGGATCTGATACG	normal	
scrSOL001_TGATTTCAGTAGCGGT	tumor	
scrSOL001_TGATTTCGTGCCTGGT	normal	
scrSOL001_TGATTTCGTTCTGAAC	tumor	
scrSOL001_TGATTTCTCCAGAAGG	normal	
scrSOL001_TGATTTCTCCTATGTT	tumor	
scrSOL001_TGATTTCTCTACTCAT	normal	
scrSOL001_TGCACCTAGAACAACT	normal	
scrSOL001_TGCACCTAGTGTGAAT	normal	
scrSOL001_TGCACCTCAAACGCGA	tumor	
scrSOL001_TGCACCTGTACCGCTG	normal	
scrSOL001_TGCACCTTCAAGCCTA	normal	
scrSOL001_TGCCAAAAGGACCACA	tumor	
scrSOL001_TGCCAAAAGTTACCCA	normal	
scrSOL001_TGCCAAACAACAACCT	normal	
scrSOL001_TGCCAAACAAGGACTG	tumor	
scrSOL001_TGCCAAAGTAGCGATG	normal	
scrSOL001_TGCCAAAGTTGATTGC	normal	
scrSOL001_TGCCAAATCCTCTAGC	normal	
scrSOL001_TGCCCATAGCTACCTA	normal	
scrSOL001_TGCCCATAGGCCCGTT	normal	
scrSOL001_TGCCCATGTTGTTTGG	tumor	
scrSOL001_TGCCCATTCTTGTACT	tumor	
scrSOL001_TGCCCATTCTTTCCTC	normal	
scrSOL001_TGCCCTAAGCGCTTAT	normal	
scrSOL001_TGCCCTAAGTGGAGAA	normal	
scrSOL001_TGCCCTAGTAGCTTGT	normal	
scrSOL001_TGCCCTAGTTTGTTGG	normal	
scrSOL001_TGCCCTATCTAGAGTC	normal	
scrSOL001_TGCCCTATCTATGTGG	tumor	
scrSOL001_TGCGCAGCAATTGCTG	normal	
scrSOL001_TGCGCAGCACCATCCT	normal	
scrSOL001_TGCGCAGGTAGCCTAT	normal	
scrSOL001_TGCGCAGGTCACCTAA	normal	
scrSOL001_TGCGCAGTCGCTTAGA	normal	
scrSOL001_TGCGGGTAGAAGGCCT	normal	
scrSOL001_TGCGGGTAGTAAGTAC	normal	
scrSOL001_TGCGGGTCAAGCGATG	normal	
scrSOL001_TGCGGGTGTCAACTGT	normal	
scrSOL001_TGCGGGTGTCGAGATG	tumor	
scrSOL001_TGCGGGTGTTGTCGCG	normal	
scrSOL001_TGCGGGTTCAACCATG	normal	
scrSOL001_TGCGGGTTCATAGCAC	tumor	
scrSOL001_TGCGTGGAGAAGATTC	tumor	
scrSOL001_TGCGTGGAGATCGATA	normal	
scrSOL001_TGCGTGGCAGAGTGTG	normal	
scrSOL001_TGCGTGGCAGTATCTG	normal	
scrSOL001_TGCGTGGTCGACCAGC	tumor	
scrSOL001_TGCTACCAGACACTAA	normal	
scrSOL001_TGCTACCCAGCGATCC	tumor	
scrSOL001_TGCTACCCAGGACCCT	normal	
scrSOL001_TGCTACCCATTCCTGC	normal	yes
scrSOL001_TGCTACCGTGCATCTA	tumor	
scrSOL001_TGCTACCGTTTAGGAA	tumor	
scrSOL001_TGCTACCTCAACTCTT	tumor	
scrSOL001_TGCTGCTAGAAACCAT	normal	
scrSOL001_TGCTGCTAGACAAGCC	normal	
scrSOL001_TGCTGCTAGACCGGAT	normal	
scrSOL001_TGCTGCTAGATGTGGC	normal	
scrSOL001_TGCTGCTAGCACCGCT	normal	
scrSOL001_TGCTGCTAGCCACGCT	normal	
scrSOL001_TGCTGCTCACGAAGCA	tumor	
scrSOL001_TGCTGCTGTAGGCATG	tumor	
scrSOL001_TGCTGCTGTGAGGGTT	tumor	
scrSOL001_TGCTGCTGTTCGCTAA	normal	
scrSOL001_TGCTGCTTCCGTTGCT	tumor	
scrSOL001_TGCTGCTTCCTCGCAT	normal	
scrSOL001_TGGACGCGTACAGTGG	tumor	
scrSOL001_TGGACGCGTCAACATC	normal	
scrSOL001_TGGACGCGTCACTTCC	normal	
scrSOL001_TGGACGCGTCTGCCAG	normal	
scrSOL001_TGGACGCTCACTATTC	normal	
scrSOL001_TGGACGCTCTAACGGT	normal	
scrSOL001_TGGCCAGCAAACTGCT	normal	
scrSOL001_TGGCCAGCAGACAAGC	tumor	
scrSOL001_TGGCCAGCAGTATCTG	normal	
scrSOL001_TGGCCAGGTTCCCGAG	normal	
scrSOL001_TGGCCAGTCACCACCT	normal	
scrSOL001_TGGCCAGTCTTTACGT	normal	
scrSOL001_TGGCGCAAGCGACGTA	tumor	
scrSOL001_TGGCGCAAGCGTTGCC	normal	
scrSOL001_TGGCGCAAGGTACTCT	normal	
scrSOL001_TGGCGCAAGTGAAGTT	normal	
scrSOL001_TGGCGCACACCCATTC	normal	
scrSOL001_TGGCGCAGTAGCGCAA	tumor	
scrSOL001_TGGCGCAGTCGGCATC	tumor	
scrSOL001_TGGCGCATCCGAACGC	normal	
scrSOL001_TGGCGCATCTCAACTT	tumor	
scrSOL001_TGGCTGGAGCAATATG	normal	
scrSOL001_TGGCTGGGTCATTAGC	normal	
scrSOL001_TGGCTGGGTGATAAAC	normal	
scrSOL001_TGGCTGGGTTCAGGCC	tumor	
scrSOL001_TGGCTGGTCCTATTCA	normal	
scrSOL001_TGGGAAGAGACAGACC	tumor	
scrSOL001_TGGGAAGGTCAAGCGA	normal	
scrSOL001_TGGGCGTAGGCTCAGA	tumor	
scrSOL001_TGGGCGTCATCAGTCA	tumor	
scrSOL001_TGGTTAGAGATACACA	normal	
scrSOL001_TGGTTAGAGCTAGTGG	tumor	
scrSOL001_TGGTTAGAGCTCCTTC	tumor	
scrSOL001_TGGTTAGAGCTGAACG	tumor	
scrSOL001_TGGTTAGAGGACACCA	tumor	
scrSOL001_TGGTTAGGTGCCTTGG	tumor	
scrSOL001_TGGTTAGGTTGTGGCC	normal	
scrSOL001_TGGTTAGTCGTAGGTT	normal	
scrSOL001_TGGTTAGTCGTCCGTT	tumor	
scrSOL001_TGGTTCCAGGCAATTA	normal	
scrSOL001_TGGTTCCGTCTAAAGA	normal	
scrSOL001_TGGTTCCGTGACTCAT	normal	
scrSOL001_TGGTTCCGTGTGTGCC	normal	
scrSOL001_TGGTTCCTCAAACCGT	tumor	
scrSOL001_TGGTTCCTCCCTTGTG	tumor	
scrSOL001_TGTATTCAGGTGCACA	tumor	
scrSOL001_TGTATTCCATACAGCT	normal	
scrSOL001_TGTATTCGTATGCTTG	normal	
scrSOL001_TGTATTCGTCCCGACA	normal	
scrSOL001_TGTATTCGTCTCTTTA	tumor	
scrSOL001_TGTATTCTCACGATGT	normal	
scrSOL001_TGTCCCACAGTCACTA	tumor	
scrSOL001_TGTCCCACATACTACG	tumor	
scrSOL001_TGTCCCAGTATCGCAT	normal	
scrSOL001_TGTCCCAGTCTAGTGT	normal	
scrSOL001_TGTCCCAGTGCAACTT	normal	
scrSOL001_TGTCCCAGTTCGCTAA	tumor	
scrSOL001_TGTGGTAAGAGCCTAG	tumor	
scrSOL001_TGTGGTAAGTAGCCGA	normal	
scrSOL001_TGTGGTAAGTTAGGTA	normal	
scrSOL001_TGTGGTATCGTCTGAA	tumor	
scrSOL001_TGTGTTTAGACAAAGG	normal	
scrSOL001_TGTGTTTCACCATCCT	normal	
scrSOL001_TGTGTTTGTCGCTTTC	normal	
scrSOL001_TGTGTTTGTTATCACG	normal	
scrSOL001_TGTGTTTGTTTGTTTC	normal	
scrSOL001_TGTGTTTTCAACGAAA	normal	
scrSOL001_TGTGTTTTCATAAAGG	tumor	
scrSOL001_TGTTCCGAGCTGTTCA	tumor	
scrSOL001_TGTTCCGCAAGTAATG	normal	
scrSOL001_TGTTCCGGTACAGCAG	normal	
scrSOL001_TGTTCCGGTACATGTC	tumor	
scrSOL001_TGTTCCGGTATATGGA	normal	
scrSOL001_TGTTCCGGTTGATTGC	normal	
scrSOL001_TGTTCCGTCATAACCG	tumor	
scrSOL001_TGTTCCGTCGCACTCT	tumor	
scrSOL001_TGTTCCGTCGGCTTGG	normal	
scrSOL001_TTAACTCGTAAAGTCA	normal	yes
scrSOL001_TTAACTCGTACTCTCC	tumor	
scrSOL001_TTAACTCGTTTGACTG	tumor	
scrSOL001_TTAACTCTCTGGTATG	tumor	
scrSOL001_TTAGGACCACCGAATT	normal	
scrSOL001_TTAGGACTCTCGCATC	tumor	
scrSOL001_TTAGGCATCACGGTTA	tumor	
scrSOL001_TTAGGCATCTTAACCT	tumor	
scrSOL001_TTAGTTCCAAAGAATC	normal	
scrSOL001_TTAGTTCGTGGAAAGA	normal	
scrSOL001_TTAGTTCTCTATGTGG	tumor	
scrSOL001_TTAGTTCTCTCGTTTA	tumor	
scrSOL001_TTAGTTCTCTGATTCT	tumor	
scrSOL001_TTATGCTAGTAGCGGT	tumor	
scrSOL001_TTATGCTCAATTCCTT	tumor	
scrSOL001_TTATGCTCACCAGCAC	normal	
scrSOL001_TTATGCTCAGTAAGAT	tumor	
scrSOL001_TTATGCTGTACCTACA	tumor	
scrSOL001_TTATGCTGTAGGGTAC	normal	
scrSOL001_TTATGCTGTTCCCGAG	tumor	
scrSOL001_TTATGCTTCCAAACTG	normal	
scrSOL001_TTATGCTTCCGTCATC	normal	
scrSOL001_TTCCCAGCACCACGTG	tumor	
scrSOL001_TTCCCAGCAGTATCTG	normal	
scrSOL001_TTCCCAGGTGCAACTT	tumor	
scrSOL001_TTCCCAGTCCATTCTA	normal	
scrSOL001_TTCCCAGTCCGCATCT	tumor	
scrSOL001_TTCGAAGAGAGTTGGC	normal	
scrSOL001_TTCGAAGAGCGATTCT	tumor	
scrSOL001_TTCGAAGTCGTTACGA	normal	
scrSOL001_TTCGGTCAGAAGGTGA	tumor	
scrSOL001_TTCGGTCAGAGGGATA	tumor	
scrSOL001_TTCGGTCAGGGTCGAT	normal	yes
scrSOL001_TTCGGTCAGTGAACAT	tumor	
scrSOL001_TTCGGTCCAAAGCGGT	normal	
scrSOL001_TTCGGTCCAGATCCAT	tumor	
scrSOL001_TTCGGTCGTAATAGCA	tumor	
scrSOL001_TTCGGTCGTCTAGCCG	tumor	
scrSOL001_TTCGGTCTCATCGATG	tumor	
scrSOL001_TTCTACAAGACCCACC	normal	
scrSOL001_TTCTACAAGGACACCA	tumor	
scrSOL001_TTCTACACATCTGGTA	tumor	
scrSOL001_TTCTACAGTACAGACG	normal	
scrSOL001_TTCTACAGTACCGTAT	tumor	
scrSOL001_TTCTACAGTATTCGTG	normal	
scrSOL001_TTCTACAGTTCCAACA	tumor	
scrSOL001_TTCTACATCATGGTCA	tumor	
scrSOL001_TTCTACATCGGATGGA	normal	
scrSOL001_TTCTACATCTTGAGAC	tumor	
scrSOL001_TTCTCAACACAAGTAA	tumor	
scrSOL001_TTCTCAACATCAGTCA	normal	
scrSOL001_TTCTCAACATGGTAGG	tumor	
scrSOL001_TTCTCAACATTTGCCC	normal	
scrSOL001_TTCTCAAGTTACGGAG	normal	
scrSOL001_TTCTCAATCGTTACAG	normal	
scrSOL001_TTCTCCTCAAGGTGTG	tumor	
scrSOL001_TTCTCCTGTCATGCCG	normal	
scrSOL001_TTCTCCTTCAACTCTT	normal	
scrSOL001_TTCTCCTTCTTGTATC	normal	
scrSOL001_TTCTTAGAGCACAGGT	normal	
scrSOL001_TTCTTAGCAAATCCGT	tumor	
scrSOL001_TTCTTAGGTACTCGCG	tumor	
scrSOL001_TTGAACGAGGGTGTGT	normal	
scrSOL001_TTGAACGCAATGGACG	normal	
scrSOL001_TTGAACGGTACCGTTA	tumor	
scrSOL001_TTGAACGGTTTAGGAA	normal	
scrSOL001_TTGAACGTCAGTCCCT	normal	
scrSOL001_TTGAACGTCCCGGATG	normal	
scrSOL001_TTGACTTAGTCTCGGC	tumor	
scrSOL001_TTGACTTCACATAACC	tumor	
scrSOL001_TTGACTTCACGTCAGC	tumor	
scrSOL001_TTGACTTCAGCTGTAT	normal	
scrSOL001_TTGACTTCAGTTTACG	normal	
scrSOL001_TTGACTTGTCCGTGAC	normal	
scrSOL001_TTGCCGTAGTAGGTGC	tumor	
scrSOL001_TTGCCGTCAAGCTGGA	normal	
scrSOL001_TTGCCGTGTTGAGTTC	normal	
scrSOL001_TTGCGTCAGCCCGAAA	normal	
scrSOL001_TTGCGTCAGGCAGGTT	normal	
scrSOL001_TTGCGTCAGGGATGGG	tumor	
scrSOL001_TTGCGTCAGTCCAGGA	tumor	
scrSOL001_TTGCGTCCACAGTCGC	normal	
scrSOL001_TTGCGTCGTTACGGAG	normal	
scrSOL001_TTGCGTCTCATTCACT	normal	
scrSOL001_TTGCGTCTCTAACTCT	tumor	
scrSOL001_TTGGAACAGAGCAATT	normal	
scrSOL001_TTGGAACAGAGCCCAA	tumor	
scrSOL001_TTGGAACCAGTCCTTC	normal	
scrSOL001_TTGGAACCATACGCTA	tumor	
scrSOL001_TTGGAACGTCTAAAGA	tumor	
scrSOL001_TTGGAACGTGTCGCTG	tumor	
scrSOL001_TTGGCAAAGCCACCTG	tumor	
scrSOL001_TTGGCAAAGCGTAATA	tumor	
scrSOL001_TTGGCAAAGGCAGGTT	tumor	
scrSOL001_TTGGCAACATGGTAGG	tumor	
scrSOL001_TTGGCAAGTCTTTCAT	normal	
scrSOL001_TTGGCAATCCGGGTGT	normal	
scrSOL001_TTGTAGGAGCACGCCT	normal	
scrSOL001_TTGTAGGAGTGAAGAG	normal	
scrSOL001_TTGTAGGAGTGCGATG	tumor	
scrSOL001_TTGTAGGAGTGGTAGC	tumor	
scrSOL001_TTGTAGGCAGATCTGT	normal	
scrSOL001_TTGTAGGGTTTCCACC	tumor	
scrSOL001_TTGTAGGTCGGAGGTA	normal	
scrSOL001_TTTACTGAGGCACATG	normal	
scrSOL001_TTTACTGAGGGCTTCC	normal	
scrSOL001_TTTACTGCACATTCGA	tumor	
scrSOL001_TTTACTGGTCCATGAT	tumor	
scrSOL001_TTTACTGGTCGTGGCT	normal	
scrSOL001_TTTACTGGTGTGGCTC	tumor	
scrSOL001_TTTACTGGTTAAGATG	tumor	
scrSOL001_TTTACTGTCAACACAC	tumor	
scrSOL001_TTTACTGTCTAGAGTC	normal	
scrSOL001_TTTATGCAGCTTTGGT	tumor	
scrSOL001_TTTATGCAGTCGTACT	normal	
scrSOL001_TTTATGCCAATGGAGC	tumor	
scrSOL001_TTTATGCGTGAAAGAG	normal	
scrSOL001_TTTATGCGTGCTTCTC	tumor	
scrSOL001_TTTATGCTCTAACCGA	tumor	
scrSOL001_TTTCCTCAGACTGTAA	tumor	
scrSOL001_TTTCCTCCAGTAAGCG	normal	
scrSOL001_TTTCCTCGTAGCTTGT	normal	
scrSOL001_TTTGCGCAGCCACGCT	tumor	
scrSOL001_TTTGCGCCAGCAGTTT	normal	
scrSOL001_TTTGCGCGTTATGTGC	tumor	
scrSOL001_TTTGGTTAGCGTCTAT	tumor	
scrSOL001_TTTGGTTCAAGACACG	normal	
scrSOL001_TTTGGTTCAGTCTTCC	normal	
scrSOL001_TTTGGTTGTAGAGTGC	tumor	
scrSOL001_TTTGTCATCACAATGC	normal	
scrSOL001_TTTGTCATCTAACTGG	normal	
scrSOL001_TTTGTCATCTGATACG	tumor	
