	class	confidentNormal
scrSOL004_AAACCTGAGAATAGGG	tumor	NA
scrSOL004_AAACCTGCAAGCTGTT	tumor	NA
scrSOL004_AAACCTGCAATGAATG	tumor	NA
scrSOL004_AAACCTGCACGAAACG	tumor	NA
scrSOL004_AAACCTGCAGCTGCTG	tumor	NA
scrSOL004_AAACCTGCATGGGAAC	tumor	NA
scrSOL004_AAACCTGGTAAGTTCC	tumor	NA
scrSOL004_AAACCTGGTGTGTGCC	tumor	NA
scrSOL004_AAACCTGGTTCAGTAC	tumor	NA
scrSOL004_AAACCTGGTTCTGTTT	normal	NA
scrSOL004_AAACCTGTCATTATCC	tumor	NA
scrSOL004_AAACCTGTCGTTGCCT	tumor	NA
scrSOL004_AAACCTGTCTGCTTGC	tumor	NA
scrSOL004_AAACGGGAGATGCCAG	tumor	NA
scrSOL004_AAACGGGCACTGTCGG	tumor	NA
scrSOL004_AAACGGGTCACCAGGC	tumor	NA
scrSOL004_AAACGGGTCATGCAAC	tumor	NA
scrSOL004_AAACGGGTCTGAGGGA	tumor	NA
scrSOL004_AAAGATGAGACTAAGT	normal	NA
scrSOL004_AAAGATGAGAGTACCG	normal	NA
scrSOL004_AAAGATGAGGGTATCG	normal	NA
scrSOL004_AAAGATGAGGTAAACT	normal	NA
scrSOL004_AAAGATGCAAACCCAT	tumor	NA
scrSOL004_AAAGATGCACTTACGA	tumor	NA
scrSOL004_AAAGATGCAGCCACCA	normal	NA
scrSOL004_AAAGATGCATAAGACA	tumor	NA
scrSOL004_AAAGATGCATGCCACG	normal	NA
scrSOL004_AAAGATGGTACCGCTG	tumor	NA
scrSOL004_AAAGATGGTAGGGTAC	tumor	NA
scrSOL004_AAAGATGGTATATGGA	tumor	NA
scrSOL004_AAAGATGGTGAGGGAG	tumor	NA
scrSOL004_AAAGATGGTGGCAAAC	tumor	NA
scrSOL004_AAAGATGTCATTATCC	tumor	NA
scrSOL004_AAAGATGTCTTACCTA	normal	NA
scrSOL004_AAAGATGTCTTGAGAC	tumor	NA
scrSOL004_AAAGCAAAGATCGATA	normal	yes
scrSOL004_AAAGCAAAGATGCGAC	tumor	NA
scrSOL004_AAAGCAAAGGCTATCT	tumor	NA
scrSOL004_AAAGCAAAGTGTACGG	tumor	NA
scrSOL004_AAAGCAACATCTACGA	tumor	NA
scrSOL004_AAAGCAAGTACTCGCG	tumor	NA
scrSOL004_AAAGCAAGTCCAGTAT	tumor	NA
scrSOL004_AAAGCAAGTCCTGCTT	tumor	NA
scrSOL004_AAAGCAAGTCGTTGTA	tumor	NA
scrSOL004_AAAGCAAGTTCCAACA	tumor	NA
scrSOL004_AAAGCAATCACATAGC	tumor	NA
scrSOL004_AAAGCAATCGTCGTTC	tumor	NA
scrSOL004_AAAGTAGAGCCCGAAA	normal	NA
scrSOL004_AAAGTAGAGGTACTCT	normal	NA
scrSOL004_AAAGTAGAGTCCGGTC	tumor	NA
scrSOL004_AAAGTAGAGTGGAGTC	tumor	NA
scrSOL004_AAAGTAGAGTGTGAAT	tumor	NA
scrSOL004_AAAGTAGCAAGCGAGT	tumor	NA
scrSOL004_AAAGTAGCACCAGGTC	tumor	NA
scrSOL004_AAAGTAGGTAGCGTAG	tumor	NA
scrSOL004_AAAGTAGGTGCTGTAT	tumor	NA
scrSOL004_AAAGTAGGTTTGTGTG	tumor	NA
scrSOL004_AAAGTAGTCAGTTAGC	tumor	NA
scrSOL004_AAAGTAGTCTAACTCT	tumor	NA
scrSOL004_AAATGCCAGCGCTTAT	tumor	NA
scrSOL004_AAATGCCAGGCGCTCT	tumor	NA
scrSOL004_AAATGCCCAAGTTAAG	tumor	NA
scrSOL004_AAATGCCCAATCACAC	tumor	NA
scrSOL004_AAATGCCCAGGGTACA	tumor	NA
scrSOL004_AAATGCCCATCTATGG	tumor	NA
scrSOL004_AAATGCCGTTACAGAA	tumor	NA
scrSOL004_AAATGCCTCCTCGCAT	tumor	NA
scrSOL004_AAATGCCTCGAACGGA	tumor	NA
scrSOL004_AAATGCCTCGAATGCT	tumor	NA
scrSOL004_AAATGCCTCGCTTAGA	normal	NA
scrSOL004_AAATGCCTCGGCGCTA	tumor	NA
scrSOL004_AAATGCCTCTCGTATT	tumor	NA
scrSOL004_AACACGTAGATGTGGC	tumor	NA
scrSOL004_AACACGTAGTACGTTC	tumor	NA
scrSOL004_AACACGTAGTCAATAG	tumor	NA
scrSOL004_AACACGTCAATGAATG	normal	NA
scrSOL004_AACACGTCAGCTCGAC	tumor	NA
scrSOL004_AACACGTCAGGTTTCA	normal	NA
scrSOL004_AACACGTCATCACCCT	tumor	NA
scrSOL004_AACACGTCATGGATGG	tumor	NA
scrSOL004_AACACGTGTGCAACGA	tumor	NA
scrSOL004_AACACGTGTGTTGAGG	tumor	NA
scrSOL004_AACACGTGTTACGTCA	tumor	NA
scrSOL004_AACACGTGTTACTGAC	tumor	NA
scrSOL004_AACACGTTCCGTTGTC	normal	NA
scrSOL004_AACCATGAGTACGACG	tumor	NA
scrSOL004_AACCATGCAAGAGGCT	tumor	NA
scrSOL004_AACCATGCACCGCTAG	tumor	NA
scrSOL004_AACCATGCAGGTCGTC	tumor	NA
scrSOL004_AACCATGGTCAGAATA	tumor	NA
scrSOL004_AACCATGGTGCAGACA	tumor	NA
scrSOL004_AACCATGTCACCATAG	tumor	NA
scrSOL004_AACCATGTCCCTAACC	normal	NA
scrSOL004_AACCGCGAGCCACGCT	tumor	NA
scrSOL004_AACCGCGAGGATGTAT	tumor	NA
scrSOL004_AACCGCGAGTACTTGC	tumor	NA
scrSOL004_AACCGCGCAAAGGAAG	normal	NA
scrSOL004_AACCGCGCAGGTCTCG	normal	NA
scrSOL004_AACCGCGCATCGACGC	tumor	NA
scrSOL004_AACCGCGCATGACATC	tumor	NA
scrSOL004_AACCGCGGTCTGATCA	tumor	NA
scrSOL004_AACCGCGGTGGAAAGA	tumor	NA
scrSOL004_AACCGCGTCGATGAGG	tumor	NA
scrSOL004_AACGTTGAGCGAAGGG	tumor	NA
scrSOL004_AACGTTGAGGCGACAT	tumor	NA
scrSOL004_AACGTTGAGTCATGCT	tumor	NA
scrSOL004_AACGTTGGTGCTAGCC	tumor	NA
scrSOL004_AACGTTGGTGTGAAAT	tumor	NA
scrSOL004_AACGTTGTCCGTTGTC	tumor	NA
scrSOL004_AACGTTGTCCTTGCCA	tumor	NA
scrSOL004_AACTCAGAGTGGAGTC	tumor	NA
scrSOL004_AACTCAGAGTGGTAGC	tumor	NA
scrSOL004_AACTCAGCAAGGACTG	tumor	NA
scrSOL004_AACTCAGCAATAACGA	tumor	NA
scrSOL004_AACTCAGCACCAGATT	tumor	NA
scrSOL004_AACTCAGCAGACGCAA	tumor	NA
scrSOL004_AACTCAGCATCACGTA	tumor	NA
scrSOL004_AACTCAGCATGAAGTA	normal	NA
scrSOL004_AACTCAGGTACCGTTA	normal	NA
scrSOL004_AACTCAGGTCTTGCGG	tumor	NA
scrSOL004_AACTCAGGTTGACGTT	tumor	NA
scrSOL004_AACTCAGTCACTTCAT	tumor	NA
scrSOL004_AACTCAGTCCGTTGCT	tumor	NA
scrSOL004_AACTCAGTCGCAGGCT	tumor	NA
scrSOL004_AACTCCCAGAGGTACC	normal	NA
scrSOL004_AACTCCCAGAGTCGGT	tumor	NA
scrSOL004_AACTCCCAGATCGATA	tumor	NA
scrSOL004_AACTCCCAGGCACATG	tumor	NA
scrSOL004_AACTCCCCAATGAAAC	normal	NA
scrSOL004_AACTCCCCACACGCTG	tumor	NA
scrSOL004_AACTCCCCACCAGATT	tumor	NA
scrSOL004_AACTCCCCAGATGGGT	normal	NA
scrSOL004_AACTCCCCAGGGATTG	tumor	NA
scrSOL004_AACTCCCCATAGGATA	tumor	NA
scrSOL004_AACTCCCGTAAATGAC	tumor	NA
scrSOL004_AACTCCCGTATTACCG	normal	yes
scrSOL004_AACTCCCTCAGCATGT	tumor	NA
scrSOL004_AACTCCCTCGCCAGCA	tumor	NA
scrSOL004_AACTCTTAGTCCTCCT	normal	NA
scrSOL004_AACTCTTCAATGGTCT	tumor	NA
scrSOL004_AACTCTTCATCATCCC	tumor	NA
scrSOL004_AACTCTTGTACGCACC	normal	NA
scrSOL004_AACTCTTGTAGGGACT	tumor	NA
scrSOL004_AACTCTTGTGCTAGCC	tumor	NA
scrSOL004_AACTCTTTCCGTCAAA	tumor	NA
scrSOL004_AACTCTTTCCTCATTA	tumor	NA
scrSOL004_AACTCTTTCGATAGAA	tumor	NA
scrSOL004_AACTCTTTCTGGTTCC	tumor	NA
scrSOL004_AACTGGTAGGAGCGTT	normal	NA
scrSOL004_AACTGGTAGTACCGGA	tumor	NA
scrSOL004_AACTGGTAGTGGTAAT	tumor	NA
scrSOL004_AACTGGTCACCAACCG	tumor	NA
scrSOL004_AACTGGTGTCTGATCA	normal	NA
scrSOL004_AACTGGTGTTCTGAAC	normal	NA
scrSOL004_AACTGGTTCGTGGACC	normal	NA
scrSOL004_AACTTTCAGGTAGCTG	tumor	NA
scrSOL004_AACTTTCCACCAGCAC	tumor	NA
scrSOL004_AACTTTCGTCAGAGGT	normal	NA
scrSOL004_AAGACCTAGGTGACCA	normal	NA
scrSOL004_AAGACCTAGGTTCCTA	tumor	NA
scrSOL004_AAGACCTAGTCCTCCT	tumor	NA
scrSOL004_AAGACCTCACTCAGGC	tumor	NA
scrSOL004_AAGACCTCAGTACACT	tumor	NA
scrSOL004_AAGACCTGTCATCGGC	tumor	NA
scrSOL004_AAGACCTGTGATAAAC	tumor	NA
scrSOL004_AAGACCTTCAGAAATG	normal	NA
scrSOL004_AAGACCTTCCCAGGTG	tumor	NA
scrSOL004_AAGACCTTCTCGATGA	tumor	NA
scrSOL004_AAGCCGCAGACCTAGG	tumor	NA
scrSOL004_AAGCCGCAGCTCTCGG	tumor	NA
scrSOL004_AAGCCGCCAAAGGAAG	tumor	NA
scrSOL004_AAGCCGCCATGCCACG	tumor	NA
scrSOL004_AAGCCGCGTACCGGCT	tumor	NA
scrSOL004_AAGCCGCGTGAAATCA	tumor	NA
scrSOL004_AAGCCGCTCAGCATGT	tumor	NA
scrSOL004_AAGCCGCTCCAGTATG	tumor	NA
scrSOL004_AAGCCGCTCTACCTGC	normal	NA
scrSOL004_AAGGAGCAGTCATCCA	tumor	NA
scrSOL004_AAGGAGCCAGACGTAG	tumor	NA
scrSOL004_AAGGAGCGTGCGAAAC	normal	NA
scrSOL004_AAGGAGCGTTGGTTTG	tumor	NA
scrSOL004_AAGGAGCTCCTCAATT	tumor	NA
scrSOL004_AAGGCAGAGACTGTAA	tumor	NA
scrSOL004_AAGGCAGAGAGTCGGT	tumor	NA
scrSOL004_AAGGCAGAGTCACGCC	tumor	NA
scrSOL004_AAGGCAGCAATCAGAA	tumor	NA
scrSOL004_AAGGCAGCACCGATAT	tumor	NA
scrSOL004_AAGGCAGCACTATCTT	tumor	NA
scrSOL004_AAGGCAGCATCCTTGC	tumor	NA
scrSOL004_AAGGCAGGTCAAACTC	tumor	NA
scrSOL004_AAGGCAGGTGTCAATC	tumor	NA
scrSOL004_AAGGCAGGTTAAAGAC	normal	NA
scrSOL004_AAGGCAGTCAGAGACG	tumor	NA
scrSOL004_AAGGCAGTCCTACAGA	tumor	NA
scrSOL004_AAGGCAGTCGCCCTTA	tumor	NA
scrSOL004_AAGGTTCGTAAGAGAG	normal	NA
scrSOL004_AAGTCTGAGACTGTAA	tumor	NA
scrSOL004_AAGTCTGAGATAGTCA	tumor	NA
scrSOL004_AAGTCTGCAAAGCGGT	normal	NA
scrSOL004_AAGTCTGCACATAACC	tumor	NA
scrSOL004_AAGTCTGGTACGAAAT	normal	NA
scrSOL004_AAGTCTGGTAGCGCTC	normal	NA
scrSOL004_AAGTCTGGTCATCGGC	tumor	NA
scrSOL004_AAGTCTGGTTTGTTTC	tumor	NA
scrSOL004_AAGTCTGTCCAAACAC	tumor	NA
scrSOL004_AAGTCTGTCCGTAGGC	tumor	NA
scrSOL004_AATCCAGAGAATTCCC	tumor	NA
scrSOL004_AATCCAGAGAGGTACC	normal	NA
scrSOL004_AATCCAGAGATCTGAA	tumor	NA
scrSOL004_AATCCAGAGGGTATCG	tumor	NA
scrSOL004_AATCCAGCAAAGCAAT	tumor	NA
scrSOL004_AATCCAGCAAGCGATG	tumor	NA
scrSOL004_AATCCAGGTACTTAGC	normal	NA
scrSOL004_AATCCAGGTCGGCTCA	tumor	NA
scrSOL004_AATCCAGGTCTCTCGT	tumor	NA
scrSOL004_AATCCAGGTCTTGATG	tumor	NA
scrSOL004_AATCCAGGTTAGTGGG	tumor	NA
scrSOL004_AATCCAGGTTGATTCG	tumor	NA
scrSOL004_AATCCAGTCAGATAAG	normal	NA
scrSOL004_AATCCAGTCCACGAAT	tumor	NA
scrSOL004_AATCCAGTCCCTGACT	tumor	NA
scrSOL004_AATCCAGTCTAACTGG	tumor	NA
scrSOL004_AATCGGTAGAAGCCCA	tumor	NA
scrSOL004_AATCGGTAGAGGACGG	tumor	NA
scrSOL004_AATCGGTCAAACTGTC	tumor	NA
scrSOL004_AATCGGTCACGGTAGA	tumor	NA
scrSOL004_AATCGGTCATGTAAGA	tumor	NA
scrSOL004_AATCGGTGTAGAGGAA	tumor	NA
scrSOL004_AATCGGTGTCATTAGC	tumor	NA
scrSOL004_AATCGGTGTCGACTAT	tumor	NA
scrSOL004_AATCGGTGTCGTGGCT	tumor	NA
scrSOL004_AATCGGTGTCTAGAGG	tumor	NA
scrSOL004_AATCGGTTCAAACCAC	normal	NA
scrSOL004_ACACCAAAGACGCACA	tumor	NA
scrSOL004_ACACCAAAGACTTTCG	tumor	NA
scrSOL004_ACACCAAAGGCAAAGA	tumor	NA
scrSOL004_ACACCAACAAGAGGCT	tumor	NA
scrSOL004_ACACCAACAGCTCGCA	tumor	NA
scrSOL004_ACACCAAGTAGCGCAA	tumor	NA
scrSOL004_ACACCAAGTTGATTCG	tumor	NA
scrSOL004_ACACCAAGTTGTACAC	tumor	NA
scrSOL004_ACACCAATCGGTTCGG	tumor	NA
scrSOL004_ACACCCTAGTGCCATT	tumor	NA
scrSOL004_ACACCCTAGTTTAGGA	tumor	NA
scrSOL004_ACACCCTCACCTTGTC	tumor	NA
scrSOL004_ACACCCTCATAAAGGT	tumor	NA
scrSOL004_ACACCCTCATCGATTG	tumor	NA
scrSOL004_ACACCCTGTCTGCAAT	tumor	NA
scrSOL004_ACACCCTGTTGATTCG	tumor	NA
scrSOL004_ACACCCTTCAAAGTAG	tumor	NA
scrSOL004_ACACCCTTCCATGCTC	tumor	NA
scrSOL004_ACACCCTTCTACTCAT	normal	NA
scrSOL004_ACACCGGAGTGTGGCA	tumor	NA
scrSOL004_ACACCGGCAATCCGAT	tumor	NA
scrSOL004_ACACCGGGTCATTAGC	normal	yes
scrSOL004_ACACCGGGTCGCTTCT	tumor	NA
scrSOL004_ACACCGGGTCTTTCAT	tumor	NA
scrSOL004_ACACTGAAGAGACTTA	tumor	NA
scrSOL004_ACACTGAAGAGGGATA	tumor	NA
scrSOL004_ACACTGACAGGGTTAG	tumor	NA
scrSOL004_ACACTGACATACAGCT	normal	NA
scrSOL004_ACAGCCGAGGAATGGA	normal	NA
scrSOL004_ACAGCCGAGGTAAACT	tumor	NA
scrSOL004_ACAGCCGCAGCTGTTA	normal	NA
scrSOL004_ACAGCCGCAGTCAGAG	tumor	NA
scrSOL004_ACAGCCGGTAGTACCT	tumor	NA
scrSOL004_ACAGCCGGTGAGGGTT	tumor	NA
scrSOL004_ACAGCCGGTGCACTTA	tumor	NA
scrSOL004_ACAGCCGTCACGGTTA	normal	NA
scrSOL004_ACAGCCGTCCTAGTGA	tumor	NA
scrSOL004_ACAGCCGTCTTCGGTC	normal	NA
scrSOL004_ACAGCTAAGGGTGTGT	tumor	NA
scrSOL004_ACAGCTACAATAGAGT	tumor	NA
scrSOL004_ACAGCTAGTCTTGATG	tumor	NA
scrSOL004_ACAGCTAGTGTGAATA	tumor	NA
scrSOL004_ACATACGAGCTCCTCT	tumor	NA
scrSOL004_ACATACGAGTATCTCG	normal	NA
scrSOL004_ACATACGCAATGAATG	normal	NA
scrSOL004_ACATACGGTGCTTCTC	normal	NA
scrSOL004_ACATACGTCAGCGACC	tumor	NA
scrSOL004_ACATCAGAGATCCGAG	tumor	NA
scrSOL004_ACATCAGAGTAATCCC	tumor	NA
scrSOL004_ACATCAGAGTTGTAGA	tumor	NA
scrSOL004_ACATCAGGTCGCCATG	tumor	NA
scrSOL004_ACATCAGGTGTTAAGA	tumor	NA
scrSOL004_ACATCAGGTTGACGTT	tumor	NA
scrSOL004_ACATCAGGTTTCGCTC	tumor	NA
scrSOL004_ACATCAGTCAGGTTCA	tumor	NA
scrSOL004_ACATCAGTCCAATGGT	tumor	NA
scrSOL004_ACATCAGTCGTACCGG	tumor	NA
scrSOL004_ACATGGTAGATACACA	tumor	NA
scrSOL004_ACATGGTAGCAGCCTC	normal	NA
scrSOL004_ACATGGTAGCCTCGTG	tumor	NA
scrSOL004_ACATGGTAGTCAAGCG	normal	NA
scrSOL004_ACATGGTAGTGGACGT	tumor	NA
scrSOL004_ACATGGTCAACGATGG	tumor	NA
scrSOL004_ACATGGTCAGACGCTC	normal	NA
scrSOL004_ACATGGTGTCGAATCT	normal	NA
scrSOL004_ACATGGTGTGAGTATA	normal	NA
scrSOL004_ACATGGTTCCGCGTTT	tumor	NA
scrSOL004_ACCAGTAAGATTACCC	normal	NA
scrSOL004_ACCAGTAAGTTATCGC	tumor	NA
scrSOL004_ACCAGTAGTGGACGAT	tumor	NA
scrSOL004_ACCAGTAGTTAAGAAC	tumor	NA
scrSOL004_ACCAGTAGTTACGTCA	normal	NA
scrSOL004_ACCAGTAGTTCAGTAC	tumor	NA
scrSOL004_ACCAGTAGTTGTACAC	tumor	NA
scrSOL004_ACCAGTATCAACACTG	tumor	NA
scrSOL004_ACCAGTATCAAGGCTT	tumor	NA
scrSOL004_ACCAGTATCATACGGT	tumor	NA
scrSOL004_ACCAGTATCCCTTGTG	tumor	NA
scrSOL004_ACCAGTATCGTGTAGT	tumor	NA
scrSOL004_ACCCACTAGAAGGTGA	tumor	NA
scrSOL004_ACCCACTCACATAACC	tumor	NA
scrSOL004_ACCCACTCACCTCGTT	tumor	NA
scrSOL004_ACCCACTCAGACGCAA	tumor	NA
scrSOL004_ACCCACTGTAGCAAAT	tumor	NA
scrSOL004_ACCCACTGTTAAAGTG	tumor	NA
scrSOL004_ACCCACTTCACGCATA	tumor	NA
scrSOL004_ACCCACTTCGTTTAGG	normal	NA
scrSOL004_ACCGTAAAGATCGATA	tumor	NA
scrSOL004_ACCGTAACAATACGCT	tumor	NA
scrSOL004_ACCGTAACAGACAAAT	tumor	NA
scrSOL004_ACCGTAACAGGCTGAA	tumor	NA
scrSOL004_ACCGTAACAGTACACT	tumor	NA
scrSOL004_ACCGTAAGTATAAACG	tumor	NA
scrSOL004_ACCGTAAGTATTAGCC	normal	NA
scrSOL004_ACCGTAAGTCACTTCC	tumor	NA
scrSOL004_ACCGTAAGTCTAGTCA	tumor	NA
scrSOL004_ACCGTAAGTGTCAATC	tumor	NA
scrSOL004_ACCGTAATCCTAGTGA	normal	NA
scrSOL004_ACCGTAATCGAGCCCA	tumor	NA
scrSOL004_ACCGTAATCTTTACAC	tumor	NA
scrSOL004_ACCTTTAAGCTCTCGG	tumor	NA
scrSOL004_ACCTTTAAGGCTATCT	tumor	NA
scrSOL004_ACCTTTACACGTCTCT	normal	NA
scrSOL004_ACCTTTACACTCTGTC	tumor	NA
scrSOL004_ACCTTTACAGCCTTTC	tumor	NA
scrSOL004_ACCTTTACATTCTCAT	tumor	NA
scrSOL004_ACCTTTAGTACAGACG	tumor	NA
scrSOL004_ACCTTTAGTAGGACAC	tumor	NA
scrSOL004_ACCTTTATCATAGCAC	tumor	NA
scrSOL004_ACCTTTATCCGCGTTT	tumor	NA
scrSOL004_ACCTTTATCTCAAACG	tumor	NA
scrSOL004_ACGAGCCAGACTGGGT	normal	NA
scrSOL004_ACGAGCCAGATCCCAT	tumor	NA
scrSOL004_ACGAGCCCACAGGTTT	tumor	NA
scrSOL004_ACGAGCCGTCAGAAGC	tumor	NA
scrSOL004_ACGAGCCGTTCGCGAC	tumor	NA
scrSOL004_ACGAGCCTCATTCACT	tumor	NA
scrSOL004_ACGAGGAAGAGGTTGC	normal	NA
scrSOL004_ACGAGGAAGTCCTCCT	tumor	NA
scrSOL004_ACGAGGAAGTGCCAGA	tumor	NA
scrSOL004_ACGAGGACACGACGAA	normal	NA
scrSOL004_ACGAGGAGTGATAAGT	normal	NA
scrSOL004_ACGAGGATCGTCTGAA	normal	NA
scrSOL004_ACGATACAGCCAGTTT	tumor	NA
scrSOL004_ACGATACAGGCTCATT	tumor	NA
scrSOL004_ACGATACCAACGCACC	tumor	NA
scrSOL004_ACGATACCAATTCCTT	normal	NA
scrSOL004_ACGATACCAGACGCAA	tumor	NA
scrSOL004_ACGATACCAGGGTATG	tumor	NA
scrSOL004_ACGATACGTACAGTTC	tumor	NA
scrSOL004_ACGATACGTCCCGACA	tumor	NA
scrSOL004_ACGATACGTTTCGCTC	tumor	NA
scrSOL004_ACGATACTCCTATTCA	tumor	NA
scrSOL004_ACGATACTCGCTGATA	normal	NA
scrSOL004_ACGATACTCTACTATC	tumor	NA
scrSOL004_ACGATACTCTCTAGGA	normal	NA
scrSOL004_ACGATGTAGACAAGCC	tumor	NA
scrSOL004_ACGATGTAGAGCCTAG	tumor	NA
scrSOL004_ACGATGTAGCTGTCTA	tumor	NA
scrSOL004_ACGATGTAGGAATGGA	tumor	NA
scrSOL004_ACGATGTAGTACACCT	tumor	NA
scrSOL004_ACGATGTAGTACGCCC	normal	NA
scrSOL004_ACGATGTCAAAGCAAT	tumor	NA
scrSOL004_ACGATGTCACGAAAGC	tumor	NA
scrSOL004_ACGATGTCACTTAACG	tumor	NA
scrSOL004_ACGATGTCAGGGTTAG	tumor	NA
scrSOL004_ACGATGTGTCACACGC	tumor	NA
scrSOL004_ACGATGTGTCCCTACT	tumor	NA
scrSOL004_ACGATGTTCATCGGAT	tumor	NA
scrSOL004_ACGATGTTCCTAGTGA	tumor	NA
scrSOL004_ACGATGTTCTGCGGCA	tumor	NA
scrSOL004_ACGATGTTCTTGCCGT	tumor	NA
scrSOL004_ACGCAGCAGAACAACT	tumor	NA
scrSOL004_ACGCAGCAGATATGGT	tumor	NA
scrSOL004_ACGCAGCAGCGAGAAA	normal	NA
scrSOL004_ACGCAGCCAGACACTT	tumor	NA
scrSOL004_ACGCAGCCAGCATGAG	normal	NA
scrSOL004_ACGCAGCGTTCAACCA	tumor	NA
scrSOL004_ACGCAGCTCAGCTCTC	tumor	NA
scrSOL004_ACGCAGCTCTTCCTTC	tumor	NA
scrSOL004_ACGCCAGAGAATTGTG	normal	yes
scrSOL004_ACGCCAGAGACACTAA	normal	NA
scrSOL004_ACGCCAGAGATATGCA	tumor	NA
scrSOL004_ACGCCAGCAAGCTGTT	tumor	NA
scrSOL004_ACGCCAGGTACTTCTT	tumor	NA
scrSOL004_ACGCCAGTCCAGATCA	normal	NA
scrSOL004_ACGCCAGTCGCATGGC	tumor	NA
scrSOL004_ACGCCAGTCGGTGTTA	tumor	NA
scrSOL004_ACGCCAGTCGTACCGG	tumor	NA
scrSOL004_ACGCCAGTCTTATCTG	tumor	NA
scrSOL004_ACGCCGAAGGCGATAC	tumor	NA
scrSOL004_ACGCCGAAGGCTACGA	normal	NA
scrSOL004_ACGCCGAAGGCTCAGA	tumor	NA
scrSOL004_ACGCCGACATAGACTC	tumor	NA
scrSOL004_ACGCCGACATCGACGC	tumor	NA
scrSOL004_ACGCCGATCCGTAGGC	tumor	NA
scrSOL004_ACGCCGATCTGGAGCC	tumor	NA
scrSOL004_ACGCCGATCTGTTGAG	tumor	NA
scrSOL004_ACGGAGAAGAACAACT	tumor	NA
scrSOL004_ACGGAGAAGCCGGTAA	tumor	NA
scrSOL004_ACGGAGAAGCGTAGTG	tumor	NA
scrSOL004_ACGGAGAAGCTAAACA	tumor	NA
scrSOL004_ACGGAGAAGGGTATCG	normal	NA
scrSOL004_ACGGAGAAGGTGTGGT	tumor	NA
scrSOL004_ACGGAGACAATGGATA	normal	NA
scrSOL004_ACGGAGACATGCGCAC	tumor	NA
scrSOL004_ACGGAGATCCATGAGT	normal	NA
scrSOL004_ACGGCCAAGAGCTTCT	tumor	NA
scrSOL004_ACGGCCAAGCCACCTG	normal	NA
scrSOL004_ACGGCCAAGCGCTTAT	tumor	NA
scrSOL004_ACGGCCAAGGGTTTCT	tumor	NA
scrSOL004_ACGGCCACAACTTGAC	normal	NA
scrSOL004_ACGGCCACACGTCAGC	tumor	NA
scrSOL004_ACGGCCATCCGCAAGC	tumor	NA
scrSOL004_ACGGCCATCCGCTGTT	tumor	NA
scrSOL004_ACGGCCATCCTTAATC	normal	NA
scrSOL004_ACGGCCATCTCTGAGA	normal	NA
scrSOL004_ACGGCCATCTGCCAGG	tumor	NA
scrSOL004_ACGGCCATCTGCGGCA	normal	NA
scrSOL004_ACGGGCTAGGCTCAGA	tumor	NA
scrSOL004_ACGGGCTAGTGCGTGA	tumor	NA
scrSOL004_ACGGGCTCACACATGT	tumor	NA
scrSOL004_ACGGGCTGTAGCGCTC	tumor	NA
scrSOL004_ACGGGCTGTCGTGGCT	tumor	NA
scrSOL004_ACGGGCTGTGCTCTTC	tumor	NA
scrSOL004_ACGGGCTGTGCTGTAT	tumor	NA
scrSOL004_ACGGGCTTCAGGCAAG	tumor	NA
scrSOL004_ACGGGCTTCCCTGACT	tumor	NA
scrSOL004_ACGGGCTTCGGAAATA	tumor	NA
scrSOL004_ACGGGCTTCTGGCGAC	tumor	NA
scrSOL004_ACGGGTCAGCATGGCA	normal	NA
scrSOL004_ACGGGTCAGGACAGAA	tumor	NA
scrSOL004_ACGGGTCAGGCCCGTT	tumor	NA
scrSOL004_ACGGGTCAGTGCTGCC	tumor	NA
scrSOL004_ACGGGTCAGTGGGATC	tumor	NA
scrSOL004_ACGGGTCAGTTGCAGG	tumor	NA
scrSOL004_ACGGGTCCACATCCGG	tumor	NA
scrSOL004_ACGGGTCCACGAAACG	tumor	NA
scrSOL004_ACGGGTCCAGACTCGC	tumor	NA
scrSOL004_ACGGGTCGTGTCCTCT	tumor	NA
scrSOL004_ACGGGTCTCCAATGGT	normal	NA
scrSOL004_ACGGGTCTCTGCCCTA	tumor	NA
scrSOL004_ACGTCAAAGAAACGAG	tumor	NA
scrSOL004_ACGTCAACAAATACAG	normal	NA
scrSOL004_ACGTCAACAACGATCT	tumor	NA
scrSOL004_ACGTCAACAACTGCGC	normal	yes
scrSOL004_ACGTCAACACCTGGTG	normal	NA
scrSOL004_ACGTCAACATGACGGA	tumor	NA
scrSOL004_ACGTCAACATGTCTCC	tumor	NA
scrSOL004_ACGTCAAGTAAGGGAA	tumor	NA
scrSOL004_ACGTCAAGTCAACTGT	tumor	NA
scrSOL004_ACGTCAAGTGACGCCT	tumor	NA
scrSOL004_ACGTCAAGTGCAACTT	tumor	NA
scrSOL004_ACGTCAATCCACGACG	tumor	NA
scrSOL004_ACTATCTAGACCCACC	tumor	NA
scrSOL004_ACTATCTAGACGACGT	tumor	NA
scrSOL004_ACTATCTAGAGGTTGC	tumor	NA
scrSOL004_ACTATCTAGTGAACGC	tumor	NA
scrSOL004_ACTATCTCAAGCGATG	normal	NA
scrSOL004_ACTATCTCAAGCTGAG	normal	NA
scrSOL004_ACTATCTCAAGTAGTA	tumor	NA
scrSOL004_ACTATCTCACCGAAAG	tumor	NA
scrSOL004_ACTATCTCACTAGTAC	normal	NA
scrSOL004_ACTATCTCATTGGCGC	tumor	NA
scrSOL004_ACTATCTGTCCATGAT	tumor	NA
scrSOL004_ACTATCTGTTCCTCCA	tumor	NA
scrSOL004_ACTATCTTCCGTCATC	tumor	NA
scrSOL004_ACTATCTTCGCTGATA	normal	NA
scrSOL004_ACTGAACAGCGATCCC	tumor	NA
scrSOL004_ACTGAACAGGGAAACA	tumor	NA
scrSOL004_ACTGAACCACGGATAG	tumor	NA
scrSOL004_ACTGAACCATGACGGA	tumor	NA
scrSOL004_ACTGAACGTACCTACA	tumor	NA
scrSOL004_ACTGAACGTATCACCA	tumor	NA
scrSOL004_ACTGAACGTGAAGGCT	normal	NA
scrSOL004_ACTGAACTCAGTCCCT	normal	NA
scrSOL004_ACTGAGTAGACCTAGG	tumor	NA
scrSOL004_ACTGAGTAGATCCGAG	normal	NA
scrSOL004_ACTGAGTAGCTTATCG	tumor	NA
scrSOL004_ACTGAGTAGGCATGTG	tumor	NA
scrSOL004_ACTGAGTCATCACGAT	tumor	NA
scrSOL004_ACTGAGTGTAGATTAG	tumor	NA
scrSOL004_ACTGAGTGTGTTTGTG	tumor	NA
scrSOL004_ACTGAGTGTTACGGAG	tumor	NA
scrSOL004_ACTGAGTGTTGTACAC	tumor	NA
scrSOL004_ACTGAGTTCCAACCAA	tumor	NA
scrSOL004_ACTGAGTTCGTCTGAA	normal	NA
scrSOL004_ACTGAGTTCTCAACTT	tumor	NA
scrSOL004_ACTGATGAGTACGATA	tumor	NA
scrSOL004_ACTGATGAGTGCAAGC	normal	NA
scrSOL004_ACTGATGCAAGTTCTG	tumor	NA
scrSOL004_ACTGATGCACACATGT	tumor	NA
scrSOL004_ACTGATGCACCATCCT	tumor	NA
scrSOL004_ACTGATGCACCGCTAG	tumor	NA
scrSOL004_ACTGATGCACGGACAA	tumor	NA
scrSOL004_ACTGATGCAGACTCGC	tumor	NA
scrSOL004_ACTGATGCATGGGAAC	tumor	NA
scrSOL004_ACTGATGGTAAACGCG	normal	NA
scrSOL004_ACTGCTCAGAGAACAG	tumor	NA
scrSOL004_ACTGCTCAGCCACTAT	tumor	NA
scrSOL004_ACTGCTCAGTGTTAGA	tumor	NA
scrSOL004_ACTGCTCCACGGCCAT	normal	NA
scrSOL004_ACTGCTCCAGAAGCAC	normal	yes
scrSOL004_ACTGCTCCAGACAAAT	normal	NA
scrSOL004_ACTGCTCCAGGATCGA	tumor	NA
scrSOL004_ACTGCTCGTACCGTTA	tumor	NA
scrSOL004_ACTGCTCGTCGAGATG	tumor	NA
scrSOL004_ACTGCTCGTGTTTGTG	tumor	NA
scrSOL004_ACTGCTCTCATCTGTT	tumor	NA
scrSOL004_ACTGTCCAGGTGATTA	normal	NA
scrSOL004_ACTGTCCAGTGGGTTG	tumor	NA
scrSOL004_ACTGTCCAGTGTCTCA	tumor	NA
scrSOL004_ACTGTCCCACGGATAG	tumor	NA
scrSOL004_ACTGTCCCATGCATGT	normal	NA
scrSOL004_ACTGTCCGTCCGTCAG	tumor	NA
scrSOL004_ACTGTCCGTCTAAAGA	tumor	NA
scrSOL004_ACTGTCCGTTGAGGTG	tumor	NA
scrSOL004_ACTGTCCTCCAAGCCG	tumor	NA
scrSOL004_ACTGTCCTCCATGCTC	tumor	NA
scrSOL004_ACTTACTAGGGTCGAT	tumor	NA
scrSOL004_ACTTACTAGGTTCCTA	tumor	NA
scrSOL004_ACTTACTAGTCGTACT	tumor	NA
scrSOL004_ACTTACTCATACGCTA	tumor	NA
scrSOL004_ACTTACTTCACCGGGT	tumor	NA
scrSOL004_ACTTACTTCACTTATC	tumor	NA
scrSOL004_ACTTACTTCTTACCGC	normal	NA
scrSOL004_ACTTGTTAGGCATGGT	tumor	NA
scrSOL004_ACTTGTTAGGGCTTGA	tumor	NA
scrSOL004_ACTTGTTCAATGGAAT	tumor	NA
scrSOL004_ACTTGTTCACTTACGA	tumor	NA
scrSOL004_ACTTGTTTCTGAAAGA	tumor	NA
scrSOL004_ACTTTCAAGAGCCCAA	tumor	NA
scrSOL004_ACTTTCAAGGTAGCTG	tumor	NA
scrSOL004_ACTTTCACATCTATGG	tumor	NA
scrSOL004_ACTTTCAGTACACCGC	tumor	NA
scrSOL004_ACTTTCAGTATATGGA	normal	NA
scrSOL004_ACTTTCAGTTCCGTCT	tumor	NA
scrSOL004_ACTTTCATCCTGTACC	tumor	NA
scrSOL004_ACTTTCATCTGAAAGA	tumor	NA
scrSOL004_AGAATAGAGCACACAG	tumor	NA
scrSOL004_AGAATAGCACAAGCCC	normal	NA
scrSOL004_AGAATAGCACTTCTGC	tumor	NA
scrSOL004_AGAATAGGTAAATGTG	tumor	NA
scrSOL004_AGAATAGGTTAGAACA	tumor	NA
scrSOL004_AGAATAGTCAAAGTAG	tumor	NA
scrSOL004_AGAATAGTCAACGGGA	normal	NA
scrSOL004_AGACGTTAGGAGTAGA	tumor	NA
scrSOL004_AGACGTTAGGTTCCTA	tumor	NA
scrSOL004_AGACGTTAGTTACGGG	normal	NA
scrSOL004_AGACGTTCAAACAACA	tumor	NA
scrSOL004_AGACGTTCAGCTTCGG	normal	NA
scrSOL004_AGACGTTCATAAGACA	tumor	NA
scrSOL004_AGACGTTCATGATCCA	tumor	NA
scrSOL004_AGACGTTCATGCAACT	tumor	NA
scrSOL004_AGACGTTGTACCGTAT	tumor	NA
scrSOL004_AGACGTTGTTTAGGAA	normal	NA
scrSOL004_AGACGTTTCAACCAAC	normal	NA
scrSOL004_AGACGTTTCGTTGCCT	tumor	NA
scrSOL004_AGAGCGAAGCGTGAGT	normal	NA
scrSOL004_AGAGCGACAGGAATCG	tumor	NA
scrSOL004_AGAGCGACATGTCTCC	normal	NA
scrSOL004_AGAGCGAGTGAAGGCT	normal	NA
scrSOL004_AGAGCGAGTGCACTTA	tumor	NA
scrSOL004_AGAGCGAGTGCGGTAA	tumor	NA
scrSOL004_AGAGCGAGTTTAGCTG	tumor	NA
scrSOL004_AGAGCGATCACGCATA	normal	NA
scrSOL004_AGAGCGATCCTTGACC	normal	NA
scrSOL004_AGAGCTTCAATAACGA	tumor	NA
scrSOL004_AGAGCTTCATCGGAAG	tumor	NA
scrSOL004_AGAGCTTCATGACATC	tumor	NA
scrSOL004_AGAGCTTGTATTCTCT	tumor	NA
scrSOL004_AGAGCTTGTCTGCAAT	tumor	NA
scrSOL004_AGAGCTTTCAGTCCCT	tumor	NA
scrSOL004_AGAGCTTTCCAGAGGA	normal	NA
scrSOL004_AGAGTGGAGGTGTGGT	tumor	NA
scrSOL004_AGAGTGGAGTATCTCG	tumor	NA
scrSOL004_AGAGTGGCATGGGACA	tumor	NA
scrSOL004_AGAGTGGGTAGCTTGT	tumor	NA
scrSOL004_AGAGTGGTCCAGTAGT	tumor	NA
scrSOL004_AGAGTGGTCCATGAGT	tumor	NA
scrSOL004_AGAGTGGTCGGTCCGA	tumor	NA
scrSOL004_AGATCTGCAAACTGTC	tumor	NA
scrSOL004_AGATCTGCAATAACGA	normal	NA
scrSOL004_AGATCTGCAGCCACCA	tumor	NA
scrSOL004_AGATCTGCAGGTCTCG	normal	NA
scrSOL004_AGATCTGGTAATCACC	tumor	NA
scrSOL004_AGATCTGGTCATCCCT	normal	NA
scrSOL004_AGATCTGGTCCAGTAT	tumor	NA
scrSOL004_AGATCTGGTCCTGCTT	tumor	NA
scrSOL004_AGATCTGGTTAGTGGG	tumor	NA
scrSOL004_AGATCTGTCATCGCTC	tumor	NA
scrSOL004_AGATCTGTCATGTGGT	tumor	NA
scrSOL004_AGATCTGTCTATGTGG	tumor	NA
scrSOL004_AGATCTGTCTGGCGAC	tumor	NA
scrSOL004_AGATCTGTCTTTCCTC	tumor	NA
scrSOL004_AGATTGCAGCTAGTCT	tumor	NA
scrSOL004_AGATTGCAGTGGCACA	tumor	NA
scrSOL004_AGATTGCCACGCATCG	tumor	NA
scrSOL004_AGATTGCCATGAAGTA	tumor	NA
scrSOL004_AGATTGCGTATTAGCC	tumor	NA
scrSOL004_AGATTGCGTCATATGC	tumor	NA
scrSOL004_AGATTGCGTTACTGAC	tumor	NA
scrSOL004_AGATTGCTCAGGCGAA	tumor	NA
scrSOL004_AGATTGCTCCCTTGCA	tumor	NA
scrSOL004_AGATTGCTCTTGCATT	tumor	NA
scrSOL004_AGCAGCCAGTGTTTGC	normal	NA
scrSOL004_AGCAGCCAGTTTAGGA	tumor	NA
scrSOL004_AGCAGCCCAACGATGG	tumor	NA
scrSOL004_AGCAGCCCAAGGTGTG	tumor	NA
scrSOL004_AGCAGCCCACAACGTT	tumor	NA
scrSOL004_AGCAGCCCACCTCGGA	tumor	NA
scrSOL004_AGCAGCCGTCAGAAGC	normal	NA
scrSOL004_AGCAGCCGTGCGATAG	tumor	NA
scrSOL004_AGCAGCCGTTATTCTC	tumor	NA
scrSOL004_AGCATACAGCGCTCCA	tumor	NA
scrSOL004_AGCATACAGCTAGGCA	normal	NA
scrSOL004_AGCATACAGCTAGTCT	tumor	NA
scrSOL004_AGCATACAGTAGCGGT	tumor	NA
scrSOL004_AGCATACCACGCGAAA	normal	yes
scrSOL004_AGCATACCAGGATTGG	tumor	NA
scrSOL004_AGCATACGTGTTGGGA	tumor	NA
scrSOL004_AGCATACGTTCGGCAC	normal	NA
scrSOL004_AGCATACTCAAACAAG	normal	NA
scrSOL004_AGCATACTCAATCACG	tumor	NA
scrSOL004_AGCATACTCACTATTC	tumor	NA
scrSOL004_AGCATACTCCGCTGTT	tumor	NA
scrSOL004_AGCCTAAAGACTCGGA	tumor	NA
scrSOL004_AGCCTAAAGAGGGATA	tumor	NA
scrSOL004_AGCCTAAAGAGGTTAT	normal	yes
scrSOL004_AGCCTAAGTTACGACT	tumor	NA
scrSOL004_AGCCTAATCAGTGTTG	tumor	NA
scrSOL004_AGCCTAATCTACCTGC	tumor	NA
scrSOL004_AGCCTAATCTTTAGTC	tumor	NA
scrSOL004_AGCCTAATCTTTCCTC	normal	NA
scrSOL004_AGCGGTCAGGCTAGGT	tumor	NA
scrSOL004_AGCGGTCAGTGGTAGC	tumor	NA
scrSOL004_AGCGGTCGTTCTGAAC	normal	NA
scrSOL004_AGCGTATAGAGACTTA	tumor	NA
scrSOL004_AGCGTATCAAGCCTAT	tumor	NA
scrSOL004_AGCGTATCAATGGACG	tumor	NA
scrSOL004_AGCGTATCACTCAGGC	tumor	NA
scrSOL004_AGCGTATCATAGTAAG	normal	NA
scrSOL004_AGCGTATGTATAGGTA	tumor	NA
scrSOL004_AGCGTATGTGTATGGG	tumor	NA
scrSOL004_AGCGTATGTTCAGACT	normal	NA
scrSOL004_AGCGTATGTTTCCACC	normal	NA
scrSOL004_AGCGTATTCAATACCG	tumor	NA
scrSOL004_AGCGTATTCACTCTTA	tumor	NA
scrSOL004_AGCGTCGAGCTAGTTC	tumor	NA
scrSOL004_AGCGTCGAGCTCTCGG	tumor	NA
scrSOL004_AGCGTCGAGGCTATCT	tumor	NA
scrSOL004_AGCGTCGCATGGGAAC	normal	NA
scrSOL004_AGCGTCGGTATCACCA	tumor	NA
scrSOL004_AGCGTCGGTCTAAACC	normal	NA
scrSOL004_AGCGTCGTCCCTGACT	tumor	NA
scrSOL004_AGCGTCGTCGGGAGTA	tumor	NA
scrSOL004_AGCTCCTAGCTGTCTA	tumor	NA
scrSOL004_AGCTCCTAGTTAGCGG	normal	NA
scrSOL004_AGCTCCTAGTTGCAGG	normal	NA
scrSOL004_AGCTCCTCACACTGCG	tumor	NA
scrSOL004_AGCTCCTCACGAAACG	tumor	NA
scrSOL004_AGCTCCTCATGCATGT	tumor	NA
scrSOL004_AGCTCCTGTCCTCCAT	tumor	NA
scrSOL004_AGCTCCTTCGTACCGG	tumor	NA
scrSOL004_AGCTCTCAGAATTGTG	tumor	NA
scrSOL004_AGCTCTCAGACAAGCC	tumor	NA
scrSOL004_AGCTCTCAGCTGTCTA	tumor	NA
scrSOL004_AGCTCTCAGGGAAACA	tumor	NA
scrSOL004_AGCTCTCCAAGCCGCT	tumor	NA
scrSOL004_AGCTCTCCATATACCG	tumor	NA
scrSOL004_AGCTCTCCATTAACCG	tumor	NA
scrSOL004_AGCTCTCGTAGCGTAG	normal	NA
scrSOL004_AGCTCTCTCACCTCGT	tumor	NA
scrSOL004_AGCTCTCTCCATGCTC	tumor	NA
scrSOL004_AGCTCTCTCCCGGATG	tumor	NA
scrSOL004_AGCTCTCTCTTCGGTC	tumor	NA
scrSOL004_AGCTTGACAATCTACG	tumor	NA
scrSOL004_AGCTTGACACATGTGT	tumor	NA
scrSOL004_AGCTTGACACGTCAGC	normal	NA
scrSOL004_AGCTTGACACTACAGT	tumor	NA
scrSOL004_AGCTTGATCTTGCATT	tumor	NA
scrSOL004_AGGCCACAGATCCTGT	tumor	NA
scrSOL004_AGGCCACCACCACCAG	normal	NA
scrSOL004_AGGCCACCACGGACAA	tumor	NA
scrSOL004_AGGCCACCATGTTCCC	tumor	NA
scrSOL004_AGGCCACGTAGAGCTG	normal	NA
scrSOL004_AGGCCACGTATATGGA	tumor	NA
scrSOL004_AGGCCACTCAAACCAC	tumor	NA
scrSOL004_AGGCCGTAGCTAGTGG	tumor	NA
scrSOL004_AGGCCGTCAAACGTGG	tumor	NA
scrSOL004_AGGCCGTCAAGTAGTA	normal	yes
scrSOL004_AGGCCGTGTCTGCCAG	normal	NA
scrSOL004_AGGCCGTTCGCTTAGA	tumor	NA
scrSOL004_AGGGAGTGTAACGACG	tumor	NA
scrSOL004_AGGGAGTGTCCGCTGA	normal	NA
scrSOL004_AGGGAGTGTGCGATAG	normal	NA
scrSOL004_AGGGAGTGTGCTAGCC	normal	NA
scrSOL004_AGGGAGTTCCCATTTA	normal	NA
scrSOL004_AGGGAGTTCGCTAGCG	tumor	NA
scrSOL004_AGGGAGTTCGTAGGAG	tumor	NA
scrSOL004_AGGGAGTTCTATCCCG	tumor	NA
scrSOL004_AGGGATGAGAAACCTA	tumor	NA
scrSOL004_AGGGATGAGACAAGCC	normal	NA
scrSOL004_AGGGATGAGATAGTCA	tumor	NA
scrSOL004_AGGGATGCAATCCGAT	tumor	NA
scrSOL004_AGGGATGCAGCTGGCT	tumor	NA
scrSOL004_AGGGATGGTTTGGGCC	normal	NA
scrSOL004_AGGGATGTCCAAGTAC	tumor	NA
scrSOL004_AGGGTGAAGAATTCCC	tumor	NA
scrSOL004_AGGGTGAAGCATCATC	tumor	NA
scrSOL004_AGGGTGAAGTAGGTGC	tumor	NA
scrSOL004_AGGGTGACAGCTCGCA	normal	NA
scrSOL004_AGGGTGAGTCACTGGC	tumor	NA
scrSOL004_AGGGTGAGTCTCAACA	tumor	NA
scrSOL004_AGGGTGATCCACTGGG	normal	NA
scrSOL004_AGGTCATAGTGGACGT	tumor	NA
scrSOL004_AGGTCATCAACACCCG	tumor	NA
scrSOL004_AGGTCATCAATCACAC	normal	NA
scrSOL004_AGGTCATTCACATAGC	tumor	NA
scrSOL004_AGGTCATTCAGGATCT	tumor	NA
scrSOL004_AGGTCATTCTGTACGA	normal	NA
scrSOL004_AGGTCCGAGAATTCCC	tumor	NA
scrSOL004_AGGTCCGAGATGGCGT	normal	NA
scrSOL004_AGGTCCGAGATTACCC	tumor	NA
scrSOL004_AGGTCCGAGCTGAAAT	tumor	NA
scrSOL004_AGGTCCGAGCTTCGCG	tumor	NA
scrSOL004_AGGTCCGAGGGTCGAT	tumor	NA
scrSOL004_AGGTCCGCAAACGTGG	tumor	NA
scrSOL004_AGGTCCGCAAGTCTGT	tumor	NA
scrSOL004_AGGTCCGCACAGACTT	tumor	NA
scrSOL004_AGGTCCGCAGTAACGG	tumor	NA
scrSOL004_AGGTCCGGTCTCTTAT	tumor	NA
scrSOL004_AGGTCCGGTTGACGTT	tumor	NA
scrSOL004_AGGTCCGGTTGATTGC	tumor	NA
scrSOL004_AGGTCCGGTTTGGGCC	tumor	NA
scrSOL004_AGGTCCGTCACGACTA	tumor	NA
scrSOL004_AGTAGTCAGAGGGATA	tumor	NA
scrSOL004_AGTAGTCAGAGTCTGG	tumor	NA
scrSOL004_AGTAGTCAGCTATGCT	tumor	NA
scrSOL004_AGTAGTCAGGTGATTA	tumor	NA
scrSOL004_AGTAGTCGTAAAGTCA	tumor	NA
scrSOL004_AGTAGTCGTTTCGCTC	tumor	NA
scrSOL004_AGTAGTCTCACCCGAG	tumor	NA
scrSOL004_AGTAGTCTCACTGGGC	tumor	NA
scrSOL004_AGTAGTCTCCTTTCTC	normal	NA
scrSOL004_AGTAGTCTCTGCTTGC	tumor	NA
scrSOL004_AGTCTTTAGGCGACAT	tumor	NA
scrSOL004_AGTCTTTAGGGCTTGA	tumor	NA
scrSOL004_AGTCTTTCAAGCCGTC	tumor	NA
scrSOL004_AGTCTTTCAATAACGA	normal	NA
scrSOL004_AGTCTTTCACACGCTG	tumor	NA
scrSOL004_AGTCTTTGTCGCATAT	tumor	NA
scrSOL004_AGTCTTTTCACTGGGC	tumor	NA
scrSOL004_AGTCTTTTCGGTCTAA	tumor	NA
scrSOL004_AGTGAGGAGCAACGGT	tumor	NA
scrSOL004_AGTGAGGCACTCAGGC	normal	NA
scrSOL004_AGTGAGGCAGACGTAG	tumor	NA
scrSOL004_AGTGAGGCAGTGGAGT	tumor	NA
scrSOL004_AGTGAGGCATTCTCAT	tumor	NA
scrSOL004_AGTGAGGCATTGGCGC	normal	NA
scrSOL004_AGTGAGGGTAAGTTCC	tumor	NA
scrSOL004_AGTGAGGGTATCACCA	tumor	NA
scrSOL004_AGTGAGGGTCCGTTAA	tumor	NA
scrSOL004_AGTGAGGGTTTAGCTG	tumor	NA
scrSOL004_AGTGAGGTCTTGTTTG	tumor	NA
scrSOL004_AGTGGGAAGGACCACA	tumor	NA
scrSOL004_AGTGGGACAGTCGATT	tumor	NA
scrSOL004_AGTGGGAGTAGCGCAA	tumor	NA
scrSOL004_AGTGGGAGTCTAGCCG	tumor	NA
scrSOL004_AGTGGGAGTGCTTCTC	tumor	NA
scrSOL004_AGTGGGAGTGTTGGGA	normal	NA
scrSOL004_AGTGGGAGTTTCCACC	tumor	NA
scrSOL004_AGTGGGAGTTTGACAC	tumor	NA
scrSOL004_AGTGTCAAGAACTGTA	tumor	NA
scrSOL004_AGTGTCACACTCTGTC	tumor	NA
scrSOL004_AGTGTCACAGGACGTA	tumor	NA
scrSOL004_AGTGTCAGTCCAGTGC	tumor	NA
scrSOL004_AGTGTCAGTCTTCTCG	tumor	NA
scrSOL004_AGTGTCATCAAAGTAG	normal	NA
scrSOL004_AGTTGGTGTATCTGCA	tumor	NA
scrSOL004_AGTTGGTGTGGACGAT	normal	NA
scrSOL004_AGTTGGTGTTCCATGA	tumor	NA
scrSOL004_AGTTGGTTCAAACCAC	tumor	NA
scrSOL004_AGTTGGTTCGTCACGG	tumor	NA
scrSOL004_AGTTGGTTCTACCAGA	tumor	NA
scrSOL004_AGTTGGTTCTTAGAGC	tumor	NA
scrSOL004_ATAACGCAGAATCTCC	tumor	NA
scrSOL004_ATAACGCGTCAAACTC	tumor	NA
scrSOL004_ATAACGCGTTATCCGA	tumor	NA
scrSOL004_ATAACGCGTTGGGACA	tumor	NA
scrSOL004_ATAACGCTCCCTCTTT	tumor	NA
scrSOL004_ATAACGCTCCTAAGTG	normal	NA
scrSOL004_ATAACGCTCTCCGGTT	tumor	NA
scrSOL004_ATAAGAGAGCAGATCG	tumor	NA
scrSOL004_ATAAGAGAGCTAGTGG	tumor	NA
scrSOL004_ATAAGAGCACGGCTAC	normal	NA
scrSOL004_ATAAGAGGTAAGGGCT	normal	NA
scrSOL004_ATAAGAGTCCCAACGG	tumor	NA
scrSOL004_ATAAGAGTCGCGATCG	tumor	NA
scrSOL004_ATAGACCAGAAAGTGG	tumor	NA
scrSOL004_ATAGACCAGATATGGT	tumor	NA
scrSOL004_ATAGACCCACTTCGAA	tumor	NA
scrSOL004_ATAGACCCATCAGTCA	tumor	NA
scrSOL004_ATAGACCGTAAGAGAG	tumor	NA
scrSOL004_ATAGACCGTAGCAAAT	normal	NA
scrSOL004_ATAGACCTCAGCTTAG	tumor	NA
scrSOL004_ATAGACCTCGGTTCGG	tumor	NA
scrSOL004_ATCACGAAGATAGCAT	tumor	NA
scrSOL004_ATCACGAAGGAGTCTG	tumor	NA
scrSOL004_ATCACGAAGTGTCCCG	normal	NA
scrSOL004_ATCACGAAGTTGAGTA	normal	NA
scrSOL004_ATCACGACAGGTGCCT	tumor	NA
scrSOL004_ATCACGAGTGGTACAG	tumor	NA
scrSOL004_ATCACGAGTGTGCGTC	tumor	NA
scrSOL004_ATCACGAGTTCCTCCA	tumor	NA
scrSOL004_ATCACGATCAACCATG	tumor	NA
scrSOL004_ATCATCTAGCCATCGC	normal	NA
scrSOL004_ATCATCTCACAAGTAA	tumor	NA
scrSOL004_ATCATCTCAGCCAATT	tumor	NA
scrSOL004_ATCATCTCAGTTCATG	normal	NA
scrSOL004_ATCATCTGTAAGGGCT	tumor	NA
scrSOL004_ATCATCTGTAGCCTAT	tumor	NA
scrSOL004_ATCATGGAGCAGCCTC	normal	NA
scrSOL004_ATCATGGAGCGCCTCA	tumor	NA
scrSOL004_ATCATGGCAATAAGCA	tumor	NA
scrSOL004_ATCATGGCACGTTGGC	tumor	NA
scrSOL004_ATCATGGCACTAAGTC	tumor	NA
scrSOL004_ATCATGGCACTTACGA	tumor	NA
scrSOL004_ATCATGGTCGCGATCG	normal	NA
scrSOL004_ATCATGGTCTCCGGTT	tumor	NA
scrSOL004_ATCCACCAGTACGCGA	tumor	NA
scrSOL004_ATCCACCAGTAGTGCG	normal	NA
scrSOL004_ATCCACCCACCAGGCT	normal	NA
scrSOL004_ATCCACCCACTGTTAG	normal	NA
scrSOL004_ATCCACCCAGTTAACC	tumor	NA
scrSOL004_ATCCACCGTCTAACGT	tumor	NA
scrSOL004_ATCCACCGTGAACCTT	tumor	NA
scrSOL004_ATCCACCGTTACTGAC	normal	NA
scrSOL004_ATCCACCTCACCGTAA	tumor	NA
scrSOL004_ATCCGAAAGAGGTACC	normal	NA
scrSOL004_ATCCGAAAGTGTGGCA	tumor	NA
scrSOL004_ATCCGAAGTGAAGGCT	normal	NA
scrSOL004_ATCCGAAGTTCGTGAT	tumor	NA
scrSOL004_ATCCGAAGTTGGTGGA	normal	NA
scrSOL004_ATCCGAATCAACGGGA	tumor	NA
scrSOL004_ATCCGAATCAGCACAT	tumor	NA
scrSOL004_ATCGAGTAGAGTTGGC	tumor	NA
scrSOL004_ATCGAGTCAAACAACA	tumor	NA
scrSOL004_ATCGAGTCAACGATCT	tumor	NA
scrSOL004_ATCGAGTCACATCCAA	tumor	NA
scrSOL004_ATCGAGTCACCGGAAA	normal	NA
scrSOL004_ATCGAGTCACTGCCAG	tumor	NA
scrSOL004_ATCGAGTCAGCCTTGG	tumor	NA
scrSOL004_ATCGAGTGTAAACACA	normal	NA
scrSOL004_ATCGAGTGTAAATGTG	tumor	NA
scrSOL004_ATCGAGTGTAGCACGA	tumor	NA
scrSOL004_ATCGAGTGTAGGACAC	tumor	NA
scrSOL004_ATCGAGTGTGTGCGTC	normal	NA
scrSOL004_ATCGAGTTCGTGTAGT	tumor	NA
scrSOL004_ATCTACTCAATTCCTT	tumor	NA
scrSOL004_ATCTACTCACGCGAAA	tumor	NA
scrSOL004_ATCTACTGTCCGCTGA	tumor	NA
scrSOL004_ATCTACTGTGGTTTCA	tumor	NA
scrSOL004_ATCTACTTCCGCGTTT	tumor	NA
scrSOL004_ATCTACTTCGCATGGC	normal	NA
scrSOL004_ATCTACTTCTTTACAC	tumor	NA
scrSOL004_ATCTGCCAGGGATCTG	tumor	NA
scrSOL004_ATCTGCCAGTCGATAA	tumor	NA
scrSOL004_ATCTGCCAGTTCGATC	tumor	NA
scrSOL004_ATCTGCCCACATTAGC	tumor	NA
scrSOL004_ATCTGCCCATGTCCTC	tumor	NA
scrSOL004_ATCTGCCGTACCGGCT	tumor	NA
scrSOL004_ATCTGCCTCCCGGATG	normal	NA
scrSOL004_ATCTGCCTCCTTCAAT	tumor	NA
scrSOL004_ATGAGGGTCGAGAACG	tumor	NA
scrSOL004_ATGAGGGTCTCTTGAT	tumor	NA
scrSOL004_ATGAGGGTCTGCTTGC	normal	NA
scrSOL004_ATGCGATAGACCTAGG	tumor	NA
scrSOL004_ATGCGATAGGCCATAG	tumor	NA
scrSOL004_ATGCGATCAAAGGCGT	tumor	NA
scrSOL004_ATGCGATCACCCATGG	tumor	NA
scrSOL004_ATGCGATGTGTAATGA	tumor	NA
scrSOL004_ATGCGATGTTCTGAAC	tumor	NA
scrSOL004_ATGCGATTCAGGCAAG	tumor	NA
scrSOL004_ATGCGATTCCAAGCCG	tumor	NA
scrSOL004_ATGCGATTCCTTGCCA	tumor	NA
scrSOL004_ATGCGATTCGCACTCT	tumor	NA
scrSOL004_ATGGGAGAGCTGCAAG	tumor	NA
scrSOL004_ATGGGAGAGGCAATTA	tumor	NA
scrSOL004_ATGGGAGGTCTGCAAT	tumor	NA
scrSOL004_ATGGGAGGTTAAGATG	tumor	NA
scrSOL004_ATGGGAGTCCGCATAA	tumor	NA
scrSOL004_ATGTGTGAGAGATGAG	tumor	NA
scrSOL004_ATGTGTGAGATATACG	tumor	NA
scrSOL004_ATGTGTGAGGCGTACA	tumor	NA
scrSOL004_ATGTGTGAGGGAACGG	tumor	NA
scrSOL004_ATGTGTGCATTCCTGC	normal	NA
scrSOL004_ATGTGTGGTCTAGCCG	tumor	NA
scrSOL004_ATGTGTGGTTTGCATG	tumor	NA
scrSOL004_ATGTGTGTCAAGGCTT	tumor	NA
scrSOL004_ATGTGTGTCGCCATAA	tumor	NA
scrSOL004_ATGTGTGTCGCCTGTT	tumor	NA
scrSOL004_ATGTGTGTCTACTTAC	normal	NA
scrSOL004_ATTACTCAGAATGTGT	tumor	NA
scrSOL004_ATTACTCAGCCAACAG	tumor	NA
scrSOL004_ATTACTCAGGAATCGC	tumor	NA
scrSOL004_ATTACTCAGTCATGCT	tumor	NA
scrSOL004_ATTACTCCAGACAAAT	normal	NA
scrSOL004_ATTACTCGTTATCCGA	tumor	NA
scrSOL004_ATTACTCGTTTGCATG	tumor	NA
scrSOL004_ATTACTCTCTGCGACG	tumor	NA
scrSOL004_ATTACTCTCTGTGCAA	tumor	NA
scrSOL004_ATTACTCTCTTGTACT	tumor	NA
scrSOL004_ATTATCCAGACGCACA	tumor	NA
scrSOL004_ATTATCCAGGCGACAT	tumor	NA
scrSOL004_ATTATCCAGTGTACCT	tumor	NA
scrSOL004_ATTATCCAGTTTCCTT	tumor	NA
scrSOL004_ATTATCCCAAGCTGAG	tumor	NA
scrSOL004_ATTATCCCAATGCCAT	tumor	NA
scrSOL004_ATTATCCCAGGAATGC	normal	NA
scrSOL004_ATTATCCCATCTGGTA	tumor	NA
scrSOL004_ATTATCCGTACCGGCT	tumor	NA
scrSOL004_ATTATCCGTAGTAGTA	tumor	NA
scrSOL004_ATTATCCGTATAGGGC	tumor	NA
scrSOL004_ATTATCCGTCTGATTG	normal	NA
scrSOL004_ATTATCCGTCTGGTCG	tumor	NA
scrSOL004_ATTATCCGTGATGATA	normal	yes
scrSOL004_ATTATCCGTGTGCGTC	tumor	NA
scrSOL004_ATTATCCTCACCTCGT	tumor	NA
scrSOL004_ATTCTACAGGTGCACA	tumor	NA
scrSOL004_ATTCTACAGTACGACG	normal	NA
scrSOL004_ATTCTACAGTGCCATT	normal	NA
scrSOL004_ATTCTACCAGACTCGC	tumor	NA
scrSOL004_ATTCTACCAGGACGTA	tumor	NA
scrSOL004_ATTCTACGTCAAAGAT	tumor	NA
scrSOL004_ATTCTACGTCGCATCG	tumor	NA
scrSOL004_ATTCTACGTCGCGGTT	tumor	NA
scrSOL004_ATTCTACTCCAGGGCT	tumor	NA
scrSOL004_ATTCTACTCTAGCACA	tumor	NA
scrSOL004_ATTGGACAGGGCTTGA	tumor	NA
scrSOL004_ATTGGACCAAGGTTTC	tumor	NA
scrSOL004_ATTGGACCACGAAACG	tumor	NA
scrSOL004_ATTGGACCATGACATC	normal	NA
scrSOL004_ATTGGACGTAGTGAAT	normal	NA
scrSOL004_ATTGGACGTGACTACT	tumor	NA
scrSOL004_ATTGGACGTGTCGCTG	tumor	NA
scrSOL004_ATTGGACTCTCCAACC	tumor	NA
scrSOL004_ATTGGTGAGTAAGTAC	tumor	NA
scrSOL004_ATTGGTGCACAAGACG	tumor	NA
scrSOL004_ATTGGTGGTACCGGCT	tumor	NA
scrSOL004_ATTGGTGGTGACGCCT	tumor	NA
scrSOL004_ATTGGTGGTTGTTTGG	tumor	NA
scrSOL004_ATTGGTGTCAGAGGTG	tumor	NA
scrSOL004_ATTGGTGTCCAAAGTC	tumor	NA
scrSOL004_ATTGGTGTCTCCTATA	tumor	NA
scrSOL004_ATTGGTGTCTGGAGCC	tumor	NA
scrSOL004_ATTTCTGAGCCAGAAC	tumor	NA
scrSOL004_ATTTCTGAGGACATTA	tumor	NA
scrSOL004_ATTTCTGAGTGGGATC	tumor	NA
scrSOL004_ATTTCTGCACCGATAT	tumor	NA
scrSOL004_ATTTCTGCACGCTTTC	tumor	NA
scrSOL004_ATTTCTGGTCAATGTC	tumor	NA
scrSOL004_ATTTCTGGTCACTTCC	tumor	NA
scrSOL004_ATTTCTGGTTCGCGAC	tumor	NA
scrSOL004_ATTTCTGTCAGAGGTG	tumor	NA
scrSOL004_ATTTCTGTCCTTTCGG	tumor	NA
scrSOL004_ATTTCTGTCGACCAGC	tumor	NA
scrSOL004_ATTTCTGTCGGTTAAC	tumor	NA
scrSOL004_CAACCAAAGAAAGTGG	normal	NA
scrSOL004_CAACCAAAGAAGAAGC	normal	NA
scrSOL004_CAACCAAAGAGTGACC	tumor	NA
scrSOL004_CAACCAAAGCTAGTTC	tumor	NA
scrSOL004_CAACCAAAGGCTCAGA	tumor	NA
scrSOL004_CAACCAACAAGTTAAG	tumor	NA
scrSOL004_CAACCAACACAAGCCC	tumor	NA
scrSOL004_CAACCAACAGTTAACC	tumor	NA
scrSOL004_CAACCAAGTCATACTG	tumor	NA
scrSOL004_CAACCAAGTTAAAGTG	tumor	NA
scrSOL004_CAACCTCAGTGGGATC	tumor	NA
scrSOL004_CAACCTCCAACACCCG	tumor	NA
scrSOL004_CAACCTCGTCCATGAT	tumor	NA
scrSOL004_CAACCTCGTTACGCGC	tumor	NA
scrSOL004_CAACCTCTCCTAAGTG	normal	NA
scrSOL004_CAACCTCTCCTCGCAT	tumor	NA
scrSOL004_CAACTAGAGAAGGACA	tumor	NA
scrSOL004_CAACTAGAGCTAGCCC	tumor	NA
scrSOL004_CAACTAGAGTGGTAGC	normal	NA
scrSOL004_CAACTAGCATCACAAC	tumor	NA
scrSOL004_CAACTAGCATCCGTGG	tumor	NA
scrSOL004_CAACTAGGTGGACGAT	tumor	NA
scrSOL004_CAACTAGGTTAGATGA	tumor	NA
scrSOL004_CAACTAGGTTCAACCA	tumor	NA
scrSOL004_CAACTAGTCACAGTAC	tumor	NA
scrSOL004_CAACTAGTCACTTCAT	tumor	NA
scrSOL004_CAACTAGTCCTCCTAG	tumor	NA
scrSOL004_CAAGAAAAGGACACCA	normal	NA
scrSOL004_CAAGAAAAGTCTCGGC	tumor	NA
scrSOL004_CAAGAAACAATGTTGC	tumor	NA
scrSOL004_CAAGAAAGTCGGATCC	tumor	NA
scrSOL004_CAAGAAAGTGAAAGAG	normal	NA
scrSOL004_CAAGAAAGTTATCGGT	tumor	NA
scrSOL004_CAAGAAAGTTGAGGTG	normal	NA
scrSOL004_CAAGAAATCCTCAACC	normal	yes
scrSOL004_CAAGATCAGAGGTTAT	normal	NA
scrSOL004_CAAGATCAGCTAAACA	tumor	NA
scrSOL004_CAAGATCAGCTGGAAC	tumor	NA
scrSOL004_CAAGATCAGTGTGAAT	tumor	NA
scrSOL004_CAAGATCCAGGACCCT	normal	NA
scrSOL004_CAAGATCGTAACGACG	tumor	NA
scrSOL004_CAAGATCGTACACCGC	normal	NA
scrSOL004_CAAGATCTCTACTTAC	tumor	NA
scrSOL004_CAAGATCTCTCCAGGG	tumor	NA
scrSOL004_CAAGATCTCTCGTTTA	tumor	NA
scrSOL004_CAAGATCTCTTCCTTC	tumor	NA
scrSOL004_CAAGGCCGTAAACCTC	tumor	NA
scrSOL004_CAAGGCCGTACCGGCT	tumor	NA
scrSOL004_CAAGGCCGTTATCGGT	normal	NA
scrSOL004_CAAGGCCGTTTGCATG	normal	NA
scrSOL004_CAAGGCCTCTGGGCCA	tumor	NA
scrSOL004_CAAGGCCTCTTAGCCC	tumor	NA
scrSOL004_CAAGTTGAGACATAAC	normal	NA
scrSOL004_CAAGTTGAGCGATGAC	normal	NA
scrSOL004_CAAGTTGAGTGACATA	normal	NA
scrSOL004_CAAGTTGCAGACAAGC	tumor	NA
scrSOL004_CAAGTTGGTATCGCAT	tumor	NA
scrSOL004_CAAGTTGGTCCGTCAG	tumor	NA
scrSOL004_CAAGTTGTCGGCCGAT	tumor	NA
scrSOL004_CACAAACAGTGTCCAT	tumor	NA
scrSOL004_CACAAACCAACTGCTA	normal	NA
scrSOL004_CACAAACCACACTGCG	tumor	NA
scrSOL004_CACAAACCAGACGCTC	tumor	NA
scrSOL004_CACAAACCAGCCTGTG	tumor	NA
scrSOL004_CACAAACCAGTCAGAG	tumor	NA
scrSOL004_CACAAACGTCAGAATA	tumor	NA
scrSOL004_CACAAACGTGGACGAT	tumor	NA
scrSOL004_CACAAACTCCGCGGTA	tumor	NA
scrSOL004_CACAAACTCCTGCCAT	tumor	NA
scrSOL004_CACAAACTCTGATACG	tumor	NA
scrSOL004_CACACAAAGTACTTGC	tumor	NA
scrSOL004_CACACAAAGTCCTCCT	tumor	NA
scrSOL004_CACACAACAAAGTGCG	tumor	NA
scrSOL004_CACACAACACATGTGT	tumor	NA
scrSOL004_CACACAACACATTAGC	normal	NA
scrSOL004_CACACAACACCGAATT	normal	NA
scrSOL004_CACACAAGTCTTCGTC	tumor	NA
scrSOL004_CACACAAGTTTAAGCC	tumor	NA
scrSOL004_CACACCTAGAAACCAT	normal	NA
scrSOL004_CACACCTAGACAGGCT	tumor	NA
scrSOL004_CACACCTAGACTTGAA	normal	NA
scrSOL004_CACACCTAGCCACGTC	tumor	NA
scrSOL004_CACACCTAGGCGACAT	tumor	NA
scrSOL004_CACACCTCACGTTGGC	normal	NA
scrSOL004_CACACCTGTAGGACAC	tumor	NA
scrSOL004_CACACCTGTCTAACGT	tumor	NA
scrSOL004_CACACCTGTTCCCTTG	normal	NA
scrSOL004_CACACTCAGTGCGATG	tumor	NA
scrSOL004_CACACTCCAATCACAC	normal	NA
scrSOL004_CACACTCCACGGTAAG	tumor	NA
scrSOL004_CACACTCGTAAACCTC	normal	NA
scrSOL004_CACACTCGTCTTTCAT	normal	yes
scrSOL004_CACAGGCAGCCAGAAC	tumor	NA
scrSOL004_CACAGGCAGCCGTCGT	tumor	NA
scrSOL004_CACAGGCAGGGATACC	tumor	NA
scrSOL004_CACAGGCAGGGTTTCT	tumor	NA
scrSOL004_CACAGGCCAGGCAGTA	tumor	NA
scrSOL004_CACAGGCCAGTCAGAG	tumor	NA
scrSOL004_CACAGGCTCGACCAGC	tumor	NA
scrSOL004_CACAGTAAGCGTTCCG	tumor	NA
scrSOL004_CACAGTAAGCTAAGAT	normal	NA
scrSOL004_CACAGTAAGGCCGAAT	tumor	NA
scrSOL004_CACAGTAAGTTATCGC	tumor	NA
scrSOL004_CACAGTACACTAGTAC	normal	NA
scrSOL004_CACAGTACAGTATCTG	tumor	NA
scrSOL004_CACAGTACATGTAGTC	tumor	NA
scrSOL004_CACATAGAGTGTCCCG	tumor	NA
scrSOL004_CACATAGCACGAAACG	tumor	NA
scrSOL004_CACATAGCATTCCTCG	tumor	NA
scrSOL004_CACATAGTCGCTGATA	tumor	NA
scrSOL004_CACATTTAGTGCTGCC	tumor	NA
scrSOL004_CACATTTCATAGTAAG	tumor	NA
scrSOL004_CACATTTGTAGTGAAT	tumor	NA
scrSOL004_CACATTTGTTCTGTTT	normal	yes
scrSOL004_CACATTTTCAGTTGAC	tumor	NA
scrSOL004_CACATTTTCTGGAGCC	tumor	NA
scrSOL004_CACCACTAGTCATGCT	tumor	NA
scrSOL004_CACCACTCAAAGGTGC	tumor	NA
scrSOL004_CACCACTCATATACCG	normal	NA
scrSOL004_CACCACTCATCTCGCT	normal	NA
scrSOL004_CACCACTGTAAAGGAG	tumor	NA
scrSOL004_CACCACTGTCACCTAA	tumor	NA
scrSOL004_CACCACTGTCCTCCAT	tumor	NA
scrSOL004_CACCACTGTCGCGAAA	tumor	NA
scrSOL004_CACCACTGTCTCTTAT	tumor	NA
scrSOL004_CACCACTGTGACTACT	tumor	NA
scrSOL004_CACCACTTCGAGAACG	tumor	NA
scrSOL004_CACCACTTCTCTTGAT	tumor	NA
scrSOL004_CACCAGGAGGGCTTGA	normal	NA
scrSOL004_CACCAGGAGTGTTGAA	tumor	NA
scrSOL004_CACCAGGCAACTGGCC	tumor	NA
scrSOL004_CACCAGGCATTAACCG	normal	NA
scrSOL004_CACCAGGGTGCTAGCC	tumor	NA
scrSOL004_CACCAGGTCAAGCCTA	tumor	NA
scrSOL004_CACCAGGTCGTCCGTT	tumor	NA
scrSOL004_CACCTTGCAAGACGTG	tumor	NA
scrSOL004_CACCTTGCACATGTGT	tumor	NA
scrSOL004_CACCTTGCACTCGACG	tumor	NA
scrSOL004_CACCTTGGTCGTCTTC	tumor	NA
scrSOL004_CACCTTGGTTGGACCC	normal	NA
scrSOL004_CACCTTGGTTGGTGGA	tumor	NA
scrSOL004_CACCTTGTCCGAACGC	tumor	NA
scrSOL004_CACCTTGTCCGTACAA	tumor	NA
scrSOL004_CACTCCAAGCCAGGAT	tumor	NA
scrSOL004_CACTCCAAGCCGTCGT	tumor	NA
scrSOL004_CACTCCAAGGGATCTG	tumor	NA
scrSOL004_CACTCCAAGTATCTCG	tumor	NA
scrSOL004_CACTCCAAGTTATCGC	normal	NA
scrSOL004_CACTCCACAAAGCAAT	tumor	NA
scrSOL004_CACTCCACAAGTAGTA	tumor	NA
scrSOL004_CACTCCACAATAAGCA	tumor	NA
scrSOL004_CACTCCAGTGATAAGT	tumor	NA
scrSOL004_CACTCCAGTTCGGCAC	tumor	NA
scrSOL004_CACTCCATCGCCAAAT	tumor	NA
scrSOL004_CAGAATCAGATCGATA	tumor	NA
scrSOL004_CAGAATCAGCCCAATT	normal	NA
scrSOL004_CAGAATCAGCTAGTGG	tumor	NA
scrSOL004_CAGAATCCAAGACACG	tumor	NA
scrSOL004_CAGAATCCAATGAATG	tumor	NA
scrSOL004_CAGAATCCACATTCGA	tumor	NA
scrSOL004_CAGAATCCAGCTGTAT	normal	yes
scrSOL004_CAGAATCCAGGGTACA	normal	NA
scrSOL004_CAGAATCGTACGACCC	tumor	NA
scrSOL004_CAGAATCGTCTTGTCC	tumor	NA
scrSOL004_CAGAATCGTTCACCTC	tumor	NA
scrSOL004_CAGAATCGTTCGTCTC	normal	NA
scrSOL004_CAGAATCTCAGCTGGC	tumor	NA
scrSOL004_CAGAATCTCCAACCAA	normal	NA
scrSOL004_CAGAATCTCGGTGTCG	tumor	NA
scrSOL004_CAGAGAGAGATCTGCT	tumor	NA
scrSOL004_CAGAGAGAGGGAACGG	tumor	NA
scrSOL004_CAGAGAGGTATTCGTG	tumor	NA
scrSOL004_CAGAGAGGTTGTGGCC	tumor	NA
scrSOL004_CAGAGAGTCATGCTCC	tumor	NA
scrSOL004_CAGAGAGTCGTATCAG	tumor	NA
scrSOL004_CAGATCAAGGCAAAGA	normal	NA
scrSOL004_CAGATCACAAGTCATC	tumor	NA
scrSOL004_CAGATCACAATAGCGG	tumor	NA
scrSOL004_CAGATCACAGGGTTAG	tumor	NA
scrSOL004_CAGATCACATGCATGT	normal	NA
scrSOL004_CAGATCAGTGCTTCTC	tumor	NA
scrSOL004_CAGATCAGTTGGGACA	tumor	NA
scrSOL004_CAGATCATCCAGAAGG	tumor	NA
scrSOL004_CAGATCATCTGTTGAG	tumor	NA
scrSOL004_CAGATCATCTTGTACT	normal	yes
scrSOL004_CAGCAGCAGAAGGACA	tumor	NA
scrSOL004_CAGCAGCAGCTAAGAT	normal	NA
scrSOL004_CAGCAGCGTCAGAAGC	tumor	NA
scrSOL004_CAGCAGCTCAGCTCGG	tumor	NA
scrSOL004_CAGCAGCTCCCAACGG	tumor	NA
scrSOL004_CAGCATAAGAGGTAGA	tumor	NA
scrSOL004_CAGCATAAGATACACA	tumor	NA
scrSOL004_CAGCATAAGCTGGAAC	tumor	NA
scrSOL004_CAGCATACACGGTGTC	tumor	NA
scrSOL004_CAGCATAGTAGCGCAA	tumor	NA
scrSOL004_CAGCATAGTGTTCGAT	tumor	NA
scrSOL004_CAGCATAGTTACGGAG	tumor	NA
scrSOL004_CAGCATATCCTCAACC	tumor	NA
scrSOL004_CAGCCGAGTCTCGTTC	normal	NA
scrSOL004_CAGCCGAGTTGGTAAA	tumor	NA
scrSOL004_CAGCCGATCAGGCCCA	tumor	NA
scrSOL004_CAGCCGATCCTGTACC	tumor	NA
scrSOL004_CAGCGACAGAAGGGTA	tumor	NA
scrSOL004_CAGCGACAGAATAGGG	normal	NA
scrSOL004_CAGCGACAGAGCTGGT	tumor	NA
scrSOL004_CAGCGACAGTTAAGTG	tumor	NA
scrSOL004_CAGCGACCAGTCAGAG	tumor	NA
scrSOL004_CAGCGACCATCACGAT	tumor	NA
scrSOL004_CAGCGACGTCACACGC	tumor	NA
scrSOL004_CAGCGACGTCAGGACA	normal	NA
scrSOL004_CAGCGACGTCGAAAGC	normal	NA
scrSOL004_CAGCGACGTTGACGTT	tumor	NA
scrSOL004_CAGCGACTCGCCTGAG	normal	NA
scrSOL004_CAGCTAAAGGCTATCT	tumor	NA
scrSOL004_CAGCTAAAGTTACCCA	tumor	NA
scrSOL004_CAGCTAACAGCATGAG	tumor	NA
scrSOL004_CAGCTAACAGCCTTGG	tumor	NA
scrSOL004_CAGCTAAGTAGAAGGA	tumor	NA
scrSOL004_CAGCTAAGTCAGAGGT	tumor	NA
scrSOL004_CAGCTAAGTTATCGGT	tumor	NA
scrSOL004_CAGCTAAGTTCCACAA	tumor	NA
scrSOL004_CAGCTAAGTTCCGTCT	tumor	NA
scrSOL004_CAGCTAAGTTGCGCAC	tumor	NA
scrSOL004_CAGCTAATCGCCATAA	tumor	NA
scrSOL004_CAGCTGGAGAAACCGC	tumor	NA
scrSOL004_CAGCTGGAGAAGCCCA	tumor	NA
scrSOL004_CAGCTGGAGACCCACC	tumor	NA
scrSOL004_CAGCTGGAGGACGAAA	normal	NA
scrSOL004_CAGCTGGAGGTGCTAG	normal	NA
scrSOL004_CAGCTGGAGTAGCGGT	tumor	NA
scrSOL004_CAGCTGGCATCCTAGA	tumor	NA
scrSOL004_CAGCTGGCATTCTTAC	tumor	NA
scrSOL004_CAGCTGGGTCGATTGT	tumor	NA
scrSOL004_CAGCTGGGTGTAACGG	tumor	NA
scrSOL004_CAGCTGGGTTCAGGCC	tumor	NA
scrSOL004_CAGCTGGTCACCCTCA	tumor	NA
scrSOL004_CAGCTGGTCACGATGT	tumor	NA
scrSOL004_CAGCTGGTCCTATGTT	tumor	NA
scrSOL004_CAGCTGGTCGTCGTTC	tumor	NA
scrSOL004_CAGGTGCAGCACCGTC	tumor	NA
scrSOL004_CAGGTGCAGGCTAGGT	normal	NA
scrSOL004_CAGGTGCAGGGCACTA	tumor	NA
scrSOL004_CAGGTGCGTCTAGAGG	normal	NA
scrSOL004_CAGGTGCGTGTAACGG	tumor	NA
scrSOL004_CAGGTGCGTGTGGCTC	tumor	NA
scrSOL004_CAGGTGCTCAATACCG	tumor	NA
scrSOL004_CAGGTGCTCTTGTACT	tumor	NA
scrSOL004_CAGTAACAGGAGTCTG	tumor	NA
scrSOL004_CAGTAACAGGTGATAT	normal	NA
scrSOL004_CAGTAACCAATCTGCA	tumor	NA
scrSOL004_CAGTAACCAGCGATCC	tumor	NA
scrSOL004_CAGTAACGTCCGCTGA	tumor	NA
scrSOL004_CAGTAACGTGGGTCAA	tumor	NA
scrSOL004_CAGTAACTCAAGGCTT	tumor	NA
scrSOL004_CAGTCCTAGACACGAC	normal	NA
scrSOL004_CAGTCCTAGTCGTACT	tumor	NA
scrSOL004_CAGTCCTCAATGGAGC	tumor	NA
scrSOL004_CAGTCCTCACACCGCA	tumor	NA
scrSOL004_CAGTCCTCAGGATTGG	tumor	NA
scrSOL004_CAGTCCTCAGGGTACA	tumor	NA
scrSOL004_CAGTCCTCATGGTCAT	normal	NA
scrSOL004_CAGTCCTGTACCGTTA	tumor	NA
scrSOL004_CAGTCCTGTGAGTGAC	tumor	NA
scrSOL004_CAGTCCTGTGTTAAGA	tumor	NA
scrSOL004_CAGTCCTGTTCCCTTG	tumor	NA
scrSOL004_CAGTCCTTCCCTTGCA	tumor	NA
scrSOL004_CAGTCCTTCCGTAGGC	tumor	NA
scrSOL004_CAGTCCTTCGCCTGAG	tumor	NA
scrSOL004_CATATGGAGCCACGCT	normal	NA
scrSOL004_CATATGGAGCTTCGCG	normal	NA
scrSOL004_CATATGGAGGGCACTA	tumor	NA
scrSOL004_CATATGGCATACGCTA	normal	NA
scrSOL004_CATATGGCATCAGTCA	tumor	NA
scrSOL004_CATATGGCATCGATTG	normal	NA
scrSOL004_CATATGGGTCTGATCA	tumor	NA
scrSOL004_CATATGGGTTCGTTGA	tumor	NA
scrSOL004_CATATGGGTTTCCACC	tumor	NA
scrSOL004_CATATGGTCTCAACTT	tumor	NA
scrSOL004_CATATTCAGCTGAAAT	normal	NA
scrSOL004_CATATTCAGTCCCACG	tumor	NA
scrSOL004_CATATTCAGTGCTGCC	tumor	NA
scrSOL004_CATATTCGTCGGCACT	tumor	NA
scrSOL004_CATATTCGTTTCGCTC	tumor	NA
scrSOL004_CATATTCTCCAACCAA	normal	NA
scrSOL004_CATCAAGAGTGAACGC	tumor	NA
scrSOL004_CATCAAGCAGCGATCC	tumor	NA
scrSOL004_CATCAAGGTAAATGTG	tumor	NA
scrSOL004_CATCAAGGTCTAAAGA	normal	NA
scrSOL004_CATCAAGGTGATGTGG	tumor	NA
scrSOL004_CATCAAGGTTCCCTTG	normal	NA
scrSOL004_CATCAGAAGCTGGAAC	tumor	NA
scrSOL004_CATCAGACAACTGGCC	tumor	NA
scrSOL004_CATCAGACAAGTCATC	tumor	NA
scrSOL004_CATCAGACACTGTCGG	normal	NA
scrSOL004_CATCAGACAGTAAGAT	tumor	NA
scrSOL004_CATCAGACATGTTCCC	tumor	NA
scrSOL004_CATCAGAGTCAACTGT	tumor	NA
scrSOL004_CATCAGAGTCGTGGCT	tumor	NA
scrSOL004_CATCAGATCTTACCTA	tumor	NA
scrSOL004_CATCCACCACCAACCG	tumor	NA
scrSOL004_CATCCACCACTACAGT	normal	NA
scrSOL004_CATCCACCAGCGAACA	tumor	NA
scrSOL004_CATCCACCAGCTGTTA	tumor	NA
scrSOL004_CATCCACCAGGTGGAT	tumor	NA
scrSOL004_CATCCACGTCGAGTTT	normal	NA
scrSOL004_CATCCACGTGACTACT	tumor	NA
scrSOL004_CATCCACGTGGACGAT	tumor	NA
scrSOL004_CATCCACTCACGAAGG	tumor	NA
scrSOL004_CATCGAAAGCCAACAG	tumor	NA
scrSOL004_CATCGAACATATGAGA	normal	NA
scrSOL004_CATCGAACATCGACGC	tumor	NA
scrSOL004_CATCGAAGTCTAACGT	tumor	NA
scrSOL004_CATCGAAGTGACTCAT	tumor	NA
scrSOL004_CATCGAAGTTAAGAAC	tumor	NA
scrSOL004_CATCGAAGTTATGCGT	tumor	NA
scrSOL004_CATCGAATCTGAAAGA	tumor	NA
scrSOL004_CATCGGGAGAAGATTC	tumor	NA
scrSOL004_CATCGGGAGACTGGGT	normal	NA
scrSOL004_CATCGGGAGAGGTACC	tumor	NA
scrSOL004_CATCGGGAGCCAACAG	tumor	NA
scrSOL004_CATCGGGAGCGTGAGT	normal	yes
scrSOL004_CATCGGGCAACGCACC	tumor	NA
scrSOL004_CATCGGGTCAATACCG	tumor	NA
scrSOL004_CATCGGGTCATCACCC	tumor	NA
scrSOL004_CATCGGGTCTGTTTGT	tumor	NA
scrSOL004_CATGACAAGATCCTGT	tumor	NA
scrSOL004_CATGACAAGCGATATA	tumor	NA
scrSOL004_CATGACACACCGAATT	tumor	NA
scrSOL004_CATGACACACCGGAAA	normal	NA
scrSOL004_CATGACACACCTCGGA	tumor	NA
scrSOL004_CATGACACACGGCCAT	tumor	NA
scrSOL004_CATGACATCGTCTGCT	normal	NA
scrSOL004_CATGACATCGTTTATC	normal	NA
scrSOL004_CATGCCTAGTTATCGC	tumor	NA
scrSOL004_CATGCCTCAACTGCGC	tumor	NA
scrSOL004_CATGCCTCAGCATGAG	normal	NA
scrSOL004_CATGCCTCATGCTAGT	tumor	NA
scrSOL004_CATGCCTGTCCCGACA	tumor	NA
scrSOL004_CATGCCTTCGAATGGG	tumor	NA
scrSOL004_CATGCCTTCGGTTCGG	normal	NA
scrSOL004_CATGGCGAGAAACGCC	normal	NA
scrSOL004_CATGGCGAGAGTACAT	tumor	NA
scrSOL004_CATGGCGAGCCATCGC	tumor	NA
scrSOL004_CATGGCGCAAGCCGTC	tumor	NA
scrSOL004_CATGGCGCAGCTTAAC	tumor	NA
scrSOL004_CATGGCGGTACAAGTA	tumor	NA
scrSOL004_CATGGCGGTAGAAGGA	normal	NA
scrSOL004_CATGGCGTCAGTCCCT	tumor	NA
scrSOL004_CATGGCGTCGCGCCAA	tumor	NA
scrSOL004_CATGGCGTCTGAAAGA	tumor	NA
scrSOL004_CATTATCAGAGTACCG	tumor	NA
scrSOL004_CATTATCAGCTAGGCA	tumor	NA
scrSOL004_CATTATCAGTGGGCTA	normal	NA
scrSOL004_CATTATCAGTGTTTGC	tumor	NA
scrSOL004_CATTATCCACAGATTC	tumor	NA
scrSOL004_CATTATCCATCCTAGA	tumor	NA
scrSOL004_CATTATCCATTGAGCT	tumor	NA
scrSOL004_CATTATCGTACGAAAT	tumor	NA
scrSOL004_CATTATCGTTAAAGTG	tumor	NA
scrSOL004_CATTATCTCGATAGAA	tumor	NA
scrSOL004_CATTATCTCTCGATGA	tumor	NA
scrSOL004_CATTATCTCTGCTGCT	tumor	NA
scrSOL004_CATTCGCAGATCTGAA	tumor	NA
scrSOL004_CATTCGCAGGATGCGT	tumor	NA
scrSOL004_CATTCGCCACAGATTC	tumor	NA
scrSOL004_CATTCGCCATTGCGGC	tumor	NA
scrSOL004_CATTCGCGTCGAAAGC	tumor	NA
scrSOL004_CATTCGCGTCGAATCT	tumor	NA
scrSOL004_CATTCGCGTCGGCATC	tumor	NA
scrSOL004_CATTCGCTCAATCTCT	tumor	NA
scrSOL004_CATTCGCTCCGAAGAG	tumor	NA
scrSOL004_CATTCGCTCGCTTAGA	normal	NA
scrSOL004_CCAATCCAGCTAACAA	tumor	NA
scrSOL004_CCAATCCAGGCTAGGT	tumor	NA
scrSOL004_CCAATCCCAAGACGTG	normal	NA
scrSOL004_CCAATCCCACATGACT	tumor	NA
scrSOL004_CCAATCCCAGCCAATT	tumor	NA
scrSOL004_CCAATCCGTATAGGTA	normal	NA
scrSOL004_CCAATCCTCATTGCCC	tumor	NA
scrSOL004_CCACCTAAGGAATCGC	normal	NA
scrSOL004_CCACCTACAAAGTGCG	tumor	NA
scrSOL004_CCACCTACAGCGAACA	normal	NA
scrSOL004_CCACCTACAGGAACGT	normal	NA
scrSOL004_CCACCTACATATACCG	tumor	NA
scrSOL004_CCACCTAGTAACGACG	tumor	NA
scrSOL004_CCACCTAGTCCGACGT	tumor	NA
scrSOL004_CCACCTATCGACGGAA	tumor	NA
scrSOL004_CCACGGAAGGAGTCTG	tumor	NA
scrSOL004_CCACGGAGTCAGTGGA	normal	NA
scrSOL004_CCACGGAGTTAAAGAC	normal	NA
scrSOL004_CCACGGAGTTGCGCAC	tumor	NA
scrSOL004_CCACTACAGAGGTAGA	normal	NA
scrSOL004_CCACTACCATCCCATC	tumor	NA
scrSOL004_CCACTACCATCTATGG	tumor	NA
scrSOL004_CCACTACCATTTGCTT	tumor	NA
scrSOL004_CCACTACGTACGCACC	tumor	NA
scrSOL004_CCACTACGTCATACTG	normal	NA
scrSOL004_CCACTACGTTATGTGC	tumor	NA
scrSOL004_CCACTACTCAGCGATT	tumor	NA
scrSOL004_CCACTACTCTAAGCCA	tumor	NA
scrSOL004_CCAGCGAAGAGTCTGG	tumor	NA
scrSOL004_CCAGCGAAGCCGATTT	tumor	NA
scrSOL004_CCAGCGACAATGGAAT	normal	NA
scrSOL004_CCAGCGACACCGTTGG	tumor	NA
scrSOL004_CCAGCGAGTAGAGGAA	normal	NA
scrSOL004_CCAGCGAGTCGAAAGC	tumor	NA
scrSOL004_CCAGCGAGTCGGCATC	tumor	NA
scrSOL004_CCAGCGAGTGTTTGGT	tumor	NA
scrSOL004_CCAGCGATCATATCGG	tumor	NA
scrSOL004_CCAGCGATCATGTCCC	tumor	NA
scrSOL004_CCAGCGATCCCTAATT	tumor	NA
scrSOL004_CCATGTCAGAGACTAT	tumor	NA
scrSOL004_CCATGTCAGGGAACGG	tumor	NA
scrSOL004_CCATGTCGTAAGTAGT	normal	NA
scrSOL004_CCATGTCGTCCGAATT	tumor	NA
scrSOL004_CCATGTCGTTGATTCG	tumor	NA
scrSOL004_CCATGTCTCACCTTAT	tumor	NA
scrSOL004_CCATGTCTCTGCTGCT	tumor	NA
scrSOL004_CCATGTCTCTTGCAAG	tumor	NA
scrSOL004_CCATTCGAGCGTAGTG	normal	NA
scrSOL004_CCATTCGCAATAGAGT	tumor	NA
scrSOL004_CCATTCGCACCGATAT	tumor	NA
scrSOL004_CCATTCGCAGCGATCC	tumor	NA
scrSOL004_CCATTCGCATTACGAC	tumor	NA
scrSOL004_CCATTCGGTTCATGGT	tumor	NA
scrSOL004_CCATTCGTCCTTGACC	tumor	NA
scrSOL004_CCCAATCCAGCTCCGA	tumor	NA
scrSOL004_CCCAATCGTTGCTCCT	normal	NA
scrSOL004_CCCAATCTCGGAATCT	tumor	NA
scrSOL004_CCCAGTTAGGCCCGTT	tumor	NA
scrSOL004_CCCAGTTAGGCTAGAC	tumor	NA
scrSOL004_CCCAGTTAGTCAAGGC	tumor	NA
scrSOL004_CCCAGTTCAAGCCGCT	tumor	NA
scrSOL004_CCCAGTTCAATTCCTT	tumor	NA
scrSOL004_CCCAGTTCACATAACC	tumor	NA
scrSOL004_CCCAGTTCAGCCTATA	tumor	NA
scrSOL004_CCCAGTTGTATAGGTA	tumor	NA
scrSOL004_CCCAGTTTCCGTTGTC	normal	NA
scrSOL004_CCCAGTTTCCTTTCGG	tumor	NA
scrSOL004_CCCAGTTTCGTGGGAA	normal	NA
scrSOL004_CCCAGTTTCTCCAACC	tumor	NA
scrSOL004_CCCATACAGTTTCCTT	tumor	NA
scrSOL004_CCCATACCATCTCGCT	tumor	NA
scrSOL004_CCCATACGTTGCCTCT	tumor	NA
scrSOL004_CCCATACTCACTTATC	normal	NA
scrSOL004_CCCTCCTCAAGGACAC	tumor	NA
scrSOL004_CCCTCCTCAATAGCGG	normal	NA
scrSOL004_CCCTCCTCAGGTCCAC	tumor	NA
scrSOL004_CCCTCCTGTAAATGTG	tumor	NA
scrSOL004_CCGGGATAGCTAGTTC	normal	NA
scrSOL004_CCGGGATAGGCCCTTG	normal	NA
scrSOL004_CCGGGATAGGCTAGCA	normal	NA
scrSOL004_CCGGGATCAAGCCGTC	tumor	NA
scrSOL004_CCGGGATCAATGAAAC	tumor	NA
scrSOL004_CCGGGATCACGACGAA	tumor	NA
scrSOL004_CCGGGATCATCTATGG	normal	NA
scrSOL004_CCGGGATGTGACTCAT	tumor	NA
scrSOL004_CCGGGATTCACGGTTA	tumor	NA
scrSOL004_CCGGGATTCATCTGCC	normal	NA
scrSOL004_CCGGGATTCTTGAGGT	tumor	NA
scrSOL004_CCGGTAGAGGATGCGT	normal	NA
scrSOL004_CCGGTAGAGTACTTGC	tumor	NA
scrSOL004_CCGGTAGCATCGGACC	tumor	NA
scrSOL004_CCGGTAGGTCATATGC	tumor	NA
scrSOL004_CCGGTAGGTGCAGTAG	tumor	NA
scrSOL004_CCGGTAGGTTCGTTGA	normal	NA
scrSOL004_CCGGTAGGTTGCGCAC	tumor	NA
scrSOL004_CCGGTAGTCGCAAACT	tumor	NA
scrSOL004_CCGGTAGTCTATCCCG	normal	NA
scrSOL004_CCGTACTGTCGCGAAA	tumor	NA
scrSOL004_CCGTACTGTCTAGAGG	tumor	NA
scrSOL004_CCGTACTTCCCTTGCA	tumor	NA
scrSOL004_CCGTACTTCGACCAGC	tumor	NA
scrSOL004_CCGTACTTCGCGTTTC	tumor	NA
scrSOL004_CCGTGGAAGATCTGAA	tumor	NA
scrSOL004_CCGTGGAAGCGTGAAC	normal	NA
scrSOL004_CCGTGGAAGGACAGAA	tumor	NA
scrSOL004_CCGTGGAAGGCATGGT	tumor	NA
scrSOL004_CCGTGGACACAAGTAA	tumor	NA
scrSOL004_CCGTGGACATCGTCGG	normal	NA
scrSOL004_CCGTGGAGTAGCGTCC	normal	NA
scrSOL004_CCGTGGAGTATATCCG	normal	NA
scrSOL004_CCGTGGAGTCACCTAA	normal	NA
scrSOL004_CCGTGGAGTCAGTGGA	tumor	NA
scrSOL004_CCGTGGAGTGCTCTTC	tumor	NA
scrSOL004_CCGTTCAAGCCCAACC	tumor	NA
scrSOL004_CCGTTCACAAGAAGAG	tumor	NA
scrSOL004_CCGTTCACATCACGAT	tumor	NA
scrSOL004_CCGTTCAGTCGACTAT	tumor	NA
scrSOL004_CCTAAAGAGAGCCCAA	tumor	NA
scrSOL004_CCTAAAGGTCGCTTTC	tumor	NA
scrSOL004_CCTAAAGGTGACCAAG	tumor	NA
scrSOL004_CCTAAAGGTTAGTGGG	tumor	NA
scrSOL004_CCTAAAGTCACTCCTG	tumor	NA
scrSOL004_CCTAAAGTCTTGCATT	tumor	NA
scrSOL004_CCTACACAGGAGTAGA	tumor	NA
scrSOL004_CCTACACCACAGACAG	tumor	NA
scrSOL004_CCTACACCACCAGTTA	tumor	NA
scrSOL004_CCTACACCATTCTCAT	tumor	NA
scrSOL004_CCTACACTCAAACCAC	tumor	NA
scrSOL004_CCTACACTCCAGATCA	tumor	NA
scrSOL004_CCTACCAAGATCGGGT	tumor	NA
scrSOL004_CCTACCAAGCAGGTCA	tumor	NA
scrSOL004_CCTACCAAGGAGTAGA	tumor	NA
scrSOL004_CCTACCAAGGCAAAGA	normal	NA
scrSOL004_CCTACCAAGTCACGCC	normal	NA
scrSOL004_CCTACCAAGTTACGGG	normal	NA
scrSOL004_CCTACCACACAGGTTT	tumor	NA
scrSOL004_CCTACCAGTGCCTTGG	normal	NA
scrSOL004_CCTACCAGTTATCGGT	tumor	NA
scrSOL004_CCTACCATCGCTTAGA	tumor	NA
scrSOL004_CCTAGCTAGAACAACT	tumor	NA
scrSOL004_CCTAGCTAGCTATGCT	tumor	NA
scrSOL004_CCTAGCTAGGACGAAA	tumor	NA
scrSOL004_CCTAGCTAGTGCCATT	tumor	NA
scrSOL004_CCTAGCTAGTGTTTGC	tumor	NA
scrSOL004_CCTAGCTAGTTCGCAT	tumor	NA
scrSOL004_CCTAGCTCAGGAATCG	tumor	NA
scrSOL004_CCTAGCTGTAGATTAG	normal	NA
scrSOL004_CCTAGCTTCTAACTCT	tumor	NA
scrSOL004_CCTAGCTTCTGCTGTC	tumor	NA
scrSOL004_CCTATTAGTCAACATC	tumor	NA
scrSOL004_CCTATTAGTCCGTGAC	tumor	NA
scrSOL004_CCTATTATCACGACTA	tumor	NA
scrSOL004_CCTATTATCCCTTGCA	tumor	NA
scrSOL004_CCTCAGTAGAAGCCCA	tumor	NA
scrSOL004_CCTCAGTAGTGGTAAT	tumor	NA
scrSOL004_CCTCAGTCAGACGCTC	tumor	NA
scrSOL004_CCTCAGTCAGTTCATG	tumor	NA
scrSOL004_CCTCAGTCATGTAAGA	normal	NA
scrSOL004_CCTCAGTGTCTAAACC	tumor	NA
scrSOL004_CCTCAGTGTGGGTATG	tumor	NA
scrSOL004_CCTCAGTTCAGTGCAT	tumor	NA
scrSOL004_CCTCAGTTCCTGCAGG	tumor	NA
scrSOL004_CCTCAGTTCTGGCGTG	tumor	NA
scrSOL004_CCTCAGTTCTTCTGGC	tumor	NA
scrSOL004_CCTCTGAAGCGCTCCA	normal	NA
scrSOL004_CCTCTGAAGGCCCGTT	normal	NA
scrSOL004_CCTCTGACAAGTCTGT	normal	NA
scrSOL004_CCTCTGACAAGTTGTC	tumor	NA
scrSOL004_CCTCTGACACGCCAGT	tumor	NA
scrSOL004_CCTCTGACACGTGAGA	tumor	NA
scrSOL004_CCTCTGACAGCTCGCA	tumor	NA
scrSOL004_CCTCTGACAGTAACGG	tumor	NA
scrSOL004_CCTCTGAGTGAGGCTA	tumor	NA
scrSOL004_CCTCTGATCAAAGACA	tumor	NA
scrSOL004_CCTCTGATCATCACCC	tumor	NA
scrSOL004_CCTCTGATCCTAGGGC	tumor	NA
scrSOL004_CCTCTGATCGCCATAA	normal	NA
scrSOL004_CCTCTGATCTTCCTTC	tumor	NA
scrSOL004_CCTTACGAGAAGAAGC	tumor	NA
scrSOL004_CCTTACGAGCTACCGC	tumor	NA
scrSOL004_CCTTACGCAACTGGCC	tumor	NA
scrSOL004_CCTTACGCAGGAATCG	tumor	NA
scrSOL004_CCTTACGCAGGCAGTA	tumor	NA
scrSOL004_CCTTACGGTAATCACC	normal	NA
scrSOL004_CCTTACGGTACCTACA	tumor	NA
scrSOL004_CCTTACGGTCAAAGCG	tumor	NA
scrSOL004_CCTTACGGTCATGCCG	tumor	NA
scrSOL004_CCTTACGTCAGTACGT	normal	NA
scrSOL004_CCTTCCCAGACTTTCG	normal	NA
scrSOL004_CCTTCCCAGCGATATA	tumor	NA
scrSOL004_CCTTCCCCAAAGGAAG	tumor	NA
scrSOL004_CCTTCCCCACACAGAG	tumor	NA
scrSOL004_CCTTCCCCATCTCGCT	tumor	NA
scrSOL004_CCTTCCCGTATATGGA	normal	NA
scrSOL004_CCTTCCCGTTATCCGA	tumor	NA
scrSOL004_CCTTCCCTCAAACCAC	normal	NA
scrSOL004_CCTTCCCTCTAACTCT	normal	NA
scrSOL004_CCTTCCCTCTCGCATC	tumor	NA
scrSOL004_CCTTCGACATGCTGGC	tumor	NA
scrSOL004_CCTTCGAGTGATGTCT	tumor	NA
scrSOL004_CCTTCGAGTTACCGAT	tumor	NA
scrSOL004_CCTTCGAGTTCCACGG	tumor	NA
scrSOL004_CCTTCGATCGCCTGAG	tumor	NA
scrSOL004_CCTTCGATCGCGCCAA	tumor	NA
scrSOL004_CCTTTCTAGCAGACTG	normal	NA
scrSOL004_CCTTTCTAGTGGGCTA	tumor	NA
scrSOL004_CCTTTCTCAAAGGCGT	normal	NA
scrSOL004_CCTTTCTCACAGGAGT	tumor	NA
scrSOL004_CCTTTCTCAGGTGCCT	tumor	NA
scrSOL004_CCTTTCTCATTAGGCT	tumor	NA
scrSOL004_CCTTTCTCATTCACTT	tumor	NA
scrSOL004_CCTTTCTGTGACAAAT	tumor	NA
scrSOL004_CCTTTCTGTGCAACGA	normal	NA
scrSOL004_CCTTTCTGTGGTGTAG	tumor	NA
scrSOL004_CCTTTCTGTTACGACT	tumor	NA
scrSOL004_CCTTTCTTCATCTGCC	normal	NA
scrSOL004_CCTTTCTTCATGCATG	tumor	NA
scrSOL004_CCTTTCTTCGGCGCTA	tumor	NA
scrSOL004_CCTTTCTTCTACTCAT	tumor	NA
scrSOL004_CCTTTCTTCTTCTGGC	tumor	NA
scrSOL004_CGAACATAGCCCAGCT	tumor	NA
scrSOL004_CGAACATAGTCCCACG	tumor	NA
scrSOL004_CGAACATAGTCCGGTC	tumor	NA
scrSOL004_CGAACATAGTTAGCGG	normal	NA
scrSOL004_CGAACATCAATCACAC	tumor	NA
scrSOL004_CGAACATCAGACAAGC	tumor	NA
scrSOL004_CGAACATGTGGAAAGA	normal	NA
scrSOL004_CGAACATGTTCCACAA	tumor	NA
scrSOL004_CGAACATTCCCACTTG	tumor	NA
scrSOL004_CGAACATTCTCACATT	tumor	NA
scrSOL004_CGAATGTAGCCAGTTT	tumor	NA
scrSOL004_CGAATGTAGCTAGGCA	tumor	NA
scrSOL004_CGAATGTCAGCCTTTC	tumor	NA
scrSOL004_CGAATGTGTAAGTAGT	normal	NA
scrSOL004_CGAATGTGTAATAGCA	tumor	NA
scrSOL004_CGAATGTGTCCGTGAC	tumor	NA
scrSOL004_CGAATGTTCAGCACAT	tumor	NA
scrSOL004_CGACCTTAGGCGACAT	tumor	NA
scrSOL004_CGACCTTCAATTCCTT	tumor	NA
scrSOL004_CGACCTTCACTCAGGC	normal	NA
scrSOL004_CGACCTTCAGTCCTTC	tumor	NA
scrSOL004_CGACCTTGTCTGATCA	tumor	NA
scrSOL004_CGACCTTGTGCACTTA	tumor	NA
scrSOL004_CGACCTTTCCGTACAA	normal	NA
scrSOL004_CGACCTTTCCTAGTGA	normal	NA
scrSOL004_CGACCTTTCGCCTGAG	tumor	NA
scrSOL004_CGACTTCAGACTAAGT	tumor	NA
scrSOL004_CGACTTCAGAGACGAA	tumor	NA
scrSOL004_CGACTTCCAGTGAGTG	tumor	NA
scrSOL004_CGACTTCCAGTGGAGT	tumor	NA
scrSOL004_CGACTTCGTCCAGTTA	tumor	NA
scrSOL004_CGACTTCGTGCACGAA	tumor	NA
scrSOL004_CGACTTCTCCGCGTTT	tumor	NA
scrSOL004_CGACTTCTCGCCAAAT	tumor	NA
scrSOL004_CGACTTCTCGCCTGAG	tumor	NA
scrSOL004_CGACTTCTCTAGAGTC	tumor	NA
scrSOL004_CGACTTCTCTTTAGTC	tumor	NA
scrSOL004_CGAGAAGAGCTGCCCA	tumor	NA
scrSOL004_CGAGAAGAGGGAACGG	tumor	NA
scrSOL004_CGAGAAGCATATGGTC	tumor	NA
scrSOL004_CGAGAAGTCAGATAAG	tumor	NA
scrSOL004_CGAGAAGTCTCCTATA	tumor	NA
scrSOL004_CGAGAAGTCTCTGCTG	tumor	NA
scrSOL004_CGAGCACAGACGCTTT	tumor	NA
scrSOL004_CGAGCACAGCTGAACG	tumor	NA
scrSOL004_CGAGCACAGTAATCCC	tumor	NA
scrSOL004_CGAGCACCAAGCCTAT	tumor	NA
scrSOL004_CGAGCACCAGCCAGAA	normal	NA
scrSOL004_CGAGCACCAGCGTAAG	normal	NA
scrSOL004_CGAGCACCATCGATTG	tumor	NA
scrSOL004_CGAGCACCATGATCCA	tumor	NA
scrSOL004_CGAGCACGTCAGGACA	tumor	NA
scrSOL004_CGAGCACGTGCACCAC	tumor	NA
scrSOL004_CGAGCACTCAAACCAC	tumor	NA
scrSOL004_CGAGCACTCATCGGAT	tumor	NA
scrSOL004_CGAGCACTCGACGGAA	tumor	NA
scrSOL004_CGAGCACTCGAGCCCA	tumor	NA
scrSOL004_CGAGCACTCGGAGCAA	tumor	NA
scrSOL004_CGAGCACTCTCCCTGA	normal	NA
scrSOL004_CGAGCACTCTCCGGTT	tumor	NA
scrSOL004_CGAGCACTCTGGTATG	tumor	NA
scrSOL004_CGAGCCAAGCCTATGT	normal	NA
scrSOL004_CGAGCCAAGTGGAGTC	tumor	NA
scrSOL004_CGAGCCACAGCTTCGG	tumor	NA
scrSOL004_CGAGCCAGTACCTACA	tumor	NA
scrSOL004_CGAGCCATCAACGCTA	tumor	NA
scrSOL004_CGATCGGAGCGATCCC	tumor	NA
scrSOL004_CGATCGGAGTCCAGGA	tumor	NA
scrSOL004_CGATCGGAGTGGTCCC	tumor	NA
scrSOL004_CGATCGGAGTGTTAGA	normal	NA
scrSOL004_CGATCGGCAAGTAGTA	tumor	NA
scrSOL004_CGATCGGGTAAGTTCC	tumor	NA
scrSOL004_CGATCGGGTGATGATA	normal	NA
scrSOL004_CGATCGGGTGTTAAGA	tumor	NA
scrSOL004_CGATCGGGTTCGTTGA	normal	NA
scrSOL004_CGATCGGTCACTCCTG	normal	NA
scrSOL004_CGATCGGTCTAACTGG	normal	NA
scrSOL004_CGATGGCCAGAAGCAC	tumor	NA
scrSOL004_CGATGGCCAGAGCCAA	tumor	NA
scrSOL004_CGATGGCGTAGGGTAC	tumor	NA
scrSOL004_CGATGGCGTGACGGTA	tumor	NA
scrSOL004_CGATGGCGTGATGTCT	tumor	NA
scrSOL004_CGATGGCGTGGTCCGT	tumor	NA
scrSOL004_CGATGGCGTTCAACCA	tumor	NA
scrSOL004_CGATGGCTCAGGCAAG	tumor	NA
scrSOL004_CGATGGCTCATCGATG	tumor	NA
scrSOL004_CGATGTACAACTTGAC	tumor	NA
scrSOL004_CGATGTACAGGGCATA	tumor	NA
scrSOL004_CGATGTAGTAAATGAC	tumor	NA
scrSOL004_CGATGTAGTAGCAAAT	tumor	NA
scrSOL004_CGATGTAGTCTGGAGA	tumor	NA
scrSOL004_CGATGTATCATCGCTC	tumor	NA
scrSOL004_CGATTGAAGACCACGA	tumor	NA
scrSOL004_CGATTGAAGATGTCGG	tumor	NA
scrSOL004_CGATTGAAGGGTATCG	normal	NA
scrSOL004_CGATTGAAGGTGCAAC	normal	NA
scrSOL004_CGATTGAAGTAACCCT	normal	NA
scrSOL004_CGATTGACAGTATCTG	normal	NA
scrSOL004_CGATTGACATATACCG	tumor	NA
scrSOL004_CGATTGACATCGATGT	tumor	NA
scrSOL004_CGATTGACATGAGCGA	tumor	NA
scrSOL004_CGATTGAGTCGCCATG	normal	NA
scrSOL004_CGATTGAGTGGCCCTA	tumor	NA
scrSOL004_CGATTGATCAACACTG	tumor	NA
scrSOL004_CGATTGATCGAGAGCA	tumor	NA
scrSOL004_CGCCAAGAGCAGCGTA	tumor	NA
scrSOL004_CGCCAAGCAAGGTGTG	normal	NA
scrSOL004_CGCCAAGCACCAGGCT	tumor	NA
scrSOL004_CGCCAAGCAGACGCTC	tumor	NA
scrSOL004_CGCCAAGGTACAGCAG	tumor	NA
scrSOL004_CGCCAAGGTCTGGTCG	tumor	NA
scrSOL004_CGCCAAGGTGACGGTA	tumor	NA
scrSOL004_CGCCAAGGTGCTAGCC	tumor	NA
scrSOL004_CGCCAAGTCACGACTA	tumor	NA
scrSOL004_CGCCAAGTCATGCAAC	tumor	NA
scrSOL004_CGCCAAGTCCCTAATT	normal	NA
scrSOL004_CGCGGTAAGCCTCGTG	tumor	NA
scrSOL004_CGCGGTAAGCGATATA	tumor	NA
scrSOL004_CGCGGTAAGGCATGTG	tumor	NA
scrSOL004_CGCGGTAAGTTGTAGA	tumor	NA
scrSOL004_CGCGGTACAGATTGCT	normal	NA
scrSOL004_CGCGGTACATTCCTGC	tumor	NA
scrSOL004_CGCGGTAGTACTCTCC	tumor	NA
scrSOL004_CGCGGTAGTCAAACTC	tumor	NA
scrSOL004_CGCGGTAGTTGGAGGT	tumor	NA
scrSOL004_CGCGGTATCCTGTAGA	tumor	NA
scrSOL004_CGCGGTATCTACTCAT	tumor	NA
scrSOL004_CGCGTTTAGAATCTCC	tumor	NA
scrSOL004_CGCGTTTAGACGACGT	tumor	NA
scrSOL004_CGCGTTTAGATGTGGC	tumor	NA
scrSOL004_CGCGTTTCACGGTAAG	tumor	NA
scrSOL004_CGCGTTTCAGACAAGC	normal	NA
scrSOL004_CGCGTTTGTCTTGATG	normal	NA
scrSOL004_CGCGTTTGTGAAATCA	tumor	NA
scrSOL004_CGCGTTTGTTAAAGAC	tumor	NA
scrSOL004_CGCGTTTGTTCCATGA	tumor	NA
scrSOL004_CGCGTTTTCACGATGT	tumor	NA
scrSOL004_CGCGTTTTCAGTGTTG	tumor	NA
scrSOL004_CGCGTTTTCCTTTCGG	tumor	NA
scrSOL004_CGCGTTTTCTATCCCG	tumor	NA
scrSOL004_CGCTATCAGCTGAACG	tumor	NA
scrSOL004_CGCTATCAGTGGTCCC	normal	NA
scrSOL004_CGCTATCCAAATACAG	tumor	NA
scrSOL004_CGCTATCCAAGAAGAG	tumor	NA
scrSOL004_CGCTATCCAGACAAGC	tumor	NA
scrSOL004_CGCTATCCAGTCACTA	tumor	NA
scrSOL004_CGCTATCGTGGTTTCA	tumor	NA
scrSOL004_CGCTATCTCAGCTCGG	tumor	NA
scrSOL004_CGCTATCTCGACCAGC	tumor	NA
scrSOL004_CGCTATCTCGTTTGCC	tumor	NA
scrSOL004_CGCTATCTCTAAGCCA	tumor	NA
scrSOL004_CGCTGGAAGCCACGCT	tumor	NA
scrSOL004_CGCTGGAAGCGAAGGG	tumor	NA
scrSOL004_CGCTGGAAGCTAAGAT	tumor	NA
scrSOL004_CGCTGGAGTGGGTATG	normal	NA
scrSOL004_CGCTGGATCAGGTAAA	normal	NA
scrSOL004_CGCTGGATCATTTGGG	tumor	NA
scrSOL004_CGCTGGATCCACTCCA	tumor	NA
scrSOL004_CGCTTCAAGGTAGCCA	tumor	NA
scrSOL004_CGCTTCAAGTCTTGCA	normal	NA
scrSOL004_CGCTTCAGTCATGCCG	tumor	NA
scrSOL004_CGCTTCAGTGTTGAGG	normal	NA
scrSOL004_CGCTTCAGTTAGAACA	tumor	NA
scrSOL004_CGCTTCATCACAACGT	normal	NA
scrSOL004_CGCTTCATCACCCTCA	normal	NA
scrSOL004_CGCTTCATCCTGTACC	tumor	NA
scrSOL004_CGGACACAGCTACCTA	tumor	NA
scrSOL004_CGGACACAGTTCGATC	tumor	NA
scrSOL004_CGGACACCAATTGCTG	tumor	NA
scrSOL004_CGGACACCAGCATACT	tumor	NA
scrSOL004_CGGACACGTCCGAATT	tumor	NA
scrSOL004_CGGACACGTCCTAGCG	normal	NA
scrSOL004_CGGACACGTGTCTGAT	tumor	NA
scrSOL004_CGGACACGTTAAGATG	tumor	NA
scrSOL004_CGGACACGTTACGGAG	normal	NA
scrSOL004_CGGACGTAGCGATCCC	tumor	NA
scrSOL004_CGGACGTAGTCACGCC	tumor	NA
scrSOL004_CGGACGTCACGCGAAA	tumor	NA
scrSOL004_CGGACGTCACGTAAGG	tumor	NA
scrSOL004_CGGACGTGTGGTACAG	normal	NA
scrSOL004_CGGACGTTCCGTCATC	tumor	NA
scrSOL004_CGGACGTTCGGCATCG	tumor	NA
scrSOL004_CGGACTGAGCTCTCGG	tumor	NA
scrSOL004_CGGACTGAGGTGCACA	tumor	NA
scrSOL004_CGGACTGAGTAAGTAC	tumor	NA
scrSOL004_CGGACTGCACAGATTC	tumor	NA
scrSOL004_CGGACTGCACCGATAT	tumor	NA
scrSOL004_CGGACTGCAGATTGCT	tumor	NA
scrSOL004_CGGACTGCAGGTCCAC	normal	NA
scrSOL004_CGGACTGCAGTTCATG	tumor	NA
scrSOL004_CGGACTGCATGCTGGC	tumor	NA
scrSOL004_CGGACTGGTGGCGAAT	normal	NA
scrSOL004_CGGACTGTCCTGCCAT	tumor	NA
scrSOL004_CGGACTGTCGAACGGA	tumor	NA
scrSOL004_CGGACTGTCGTACGGC	normal	NA
scrSOL004_CGGAGCTAGAGACGAA	tumor	NA
scrSOL004_CGGAGCTCAATTGCTG	tumor	NA
scrSOL004_CGGAGCTCACAGCCCA	normal	NA
scrSOL004_CGGAGCTGTGATGTCT	tumor	NA
scrSOL004_CGGAGCTTCTATCCTA	tumor	NA
scrSOL004_CGGAGTCAGTACATGA	normal	NA
scrSOL004_CGGAGTCAGTGTACCT	normal	NA
scrSOL004_CGGAGTCCAGTAAGAT	tumor	NA
scrSOL004_CGGAGTCTCCTTTCGG	tumor	NA
scrSOL004_CGGAGTCTCGAGAACG	tumor	NA
scrSOL004_CGGAGTCTCGAGGTAG	tumor	NA
scrSOL004_CGGAGTCTCGCAGGCT	tumor	NA
scrSOL004_CGGAGTCTCTACGAGT	tumor	NA
scrSOL004_CGGAGTCTCTCAAGTG	tumor	NA
scrSOL004_CGGAGTCTCTGGGCCA	normal	NA
scrSOL004_CGGCTAGAGACTGTAA	tumor	NA
scrSOL004_CGGCTAGAGTACGTAA	tumor	NA
scrSOL004_CGGCTAGCATGTAAGA	tumor	NA
scrSOL004_CGGCTAGTCAAAGTAG	tumor	NA
scrSOL004_CGGCTAGTCAGTTGAC	tumor	NA
scrSOL004_CGGGTCAAGAACAATC	tumor	NA
scrSOL004_CGGGTCAAGACTAGAT	tumor	NA
scrSOL004_CGGGTCAAGTAGGTGC	tumor	NA
scrSOL004_CGGGTCACAAGTCTAC	tumor	NA
scrSOL004_CGGGTCACACTTGGAT	normal	NA
scrSOL004_CGGGTCACAGCAGTTT	tumor	NA
scrSOL004_CGGGTCACAGTCAGCC	tumor	NA
scrSOL004_CGGGTCACAGTCCTTC	tumor	NA
scrSOL004_CGGGTCAGTATTACCG	tumor	NA
scrSOL004_CGGGTCAGTCTGCGGT	normal	NA
scrSOL004_CGGGTCATCAAGATCC	tumor	NA
scrSOL004_CGGGTCATCCACGCAG	tumor	NA
scrSOL004_CGGGTCATCGACAGCC	tumor	NA
scrSOL004_CGGGTCATCGCTGATA	tumor	NA
scrSOL004_CGGTTAAAGCGATATA	tumor	NA
scrSOL004_CGGTTAAAGTAAGTAC	tumor	NA
scrSOL004_CGGTTAACAGATTGCT	tumor	NA
scrSOL004_CGGTTAACATTGGTAC	normal	NA
scrSOL004_CGGTTAAGTAGCAAAT	tumor	NA
scrSOL004_CGGTTAATCATGCATG	tumor	NA
scrSOL004_CGGTTAATCTGGTGTA	tumor	NA
scrSOL004_CGTAGCGAGCGAAGGG	normal	NA
scrSOL004_CGTAGCGAGTTGAGAT	tumor	NA
scrSOL004_CGTAGCGCATGTTCCC	tumor	NA
scrSOL004_CGTAGCGGTGCACTTA	tumor	NA
scrSOL004_CGTAGCGTCAGCTTAG	normal	yes
scrSOL004_CGTAGCGTCGCAAACT	tumor	NA
scrSOL004_CGTAGGCAGCCACTAT	tumor	NA
scrSOL004_CGTAGGCAGTGGGCTA	tumor	NA
scrSOL004_CGTAGGCGTAATCACC	tumor	NA
scrSOL004_CGTAGGCGTGTATGGG	normal	NA
scrSOL004_CGTAGGCGTTCTGAAC	tumor	NA
scrSOL004_CGTCACTAGTACGTAA	tumor	NA
scrSOL004_CGTCACTCAGTTAACC	tumor	NA
scrSOL004_CGTCACTGTAAAGGAG	normal	NA
scrSOL004_CGTCACTGTCAGCTAT	tumor	NA
scrSOL004_CGTCACTGTGCCTGGT	tumor	NA
scrSOL004_CGTCACTGTGTAACGG	tumor	NA
scrSOL004_CGTCACTTCCCATTAT	tumor	NA
scrSOL004_CGTCACTTCCGAACGC	normal	NA
scrSOL004_CGTCAGGAGGACACCA	tumor	NA
scrSOL004_CGTCAGGAGTCCGTAT	tumor	NA
scrSOL004_CGTCAGGCACGAAGCA	tumor	NA
scrSOL004_CGTCAGGCACGGCGTT	tumor	NA
scrSOL004_CGTCAGGGTCAACATC	tumor	NA
scrSOL004_CGTCAGGGTGTCGCTG	tumor	NA
scrSOL004_CGTCCATAGCGATATA	tumor	NA
scrSOL004_CGTCCATAGGCATGGT	normal	NA
scrSOL004_CGTCCATCAACGATCT	tumor	NA
scrSOL004_CGTCCATCACCAGTTA	normal	NA
scrSOL004_CGTCCATCACGTTGGC	tumor	NA
scrSOL004_CGTCCATCAGGCTCAC	tumor	NA
scrSOL004_CGTCCATCATGCAATC	tumor	NA
scrSOL004_CGTCCATCATTCTTAC	tumor	NA
scrSOL004_CGTCTACAGACACTAA	tumor	NA
scrSOL004_CGTCTACAGCCAGTAG	tumor	NA
scrSOL004_CGTCTACAGGCCATAG	tumor	NA
scrSOL004_CGTCTACAGTGGCACA	tumor	NA
scrSOL004_CGTCTACCAGGAATCG	tumor	NA
scrSOL004_CGTCTACCATTTCAGG	normal	NA
scrSOL004_CGTCTACTCGGCTACG	normal	NA
scrSOL004_CGTGAGCAGGGTGTGT	normal	NA
scrSOL004_CGTGAGCAGTACGTTC	tumor	NA
scrSOL004_CGTGAGCAGTTATCGC	tumor	NA
scrSOL004_CGTGAGCCAAACCTAC	tumor	NA
scrSOL004_CGTGAGCCAATCGAAA	tumor	NA
scrSOL004_CGTGAGCCAGACACTT	normal	NA
scrSOL004_CGTGAGCGTACTCGCG	tumor	NA
scrSOL004_CGTGAGCTCAATAAGG	tumor	NA
scrSOL004_CGTGAGCTCACGCATA	tumor	NA
scrSOL004_CGTGAGCTCGTAGATC	tumor	NA
scrSOL004_CGTGAGCTCTACCAGA	tumor	NA
scrSOL004_CGTGTAACACAGACTT	tumor	NA
scrSOL004_CGTGTAACACGCATCG	tumor	NA
scrSOL004_CGTGTAACACGGACAA	normal	NA
scrSOL004_CGTGTAACAGCTGCAC	tumor	NA
scrSOL004_CGTGTAAGTAAGAGGA	tumor	NA
scrSOL004_CGTGTAAGTGCCTGTG	tumor	NA
scrSOL004_CGTGTAATCACCCTCA	tumor	NA
scrSOL004_CGTGTAATCCGCATAA	tumor	NA
scrSOL004_CGTGTAATCCGTAGTA	tumor	NA
scrSOL004_CGTGTAATCGGATGTT	tumor	NA
scrSOL004_CGTGTCTAGCCGCCTA	tumor	NA
scrSOL004_CGTGTCTAGGTTACCT	tumor	NA
scrSOL004_CGTGTCTAGTACCGGA	normal	NA
scrSOL004_CGTGTCTGTCATATGC	tumor	NA
scrSOL004_CGTGTCTGTTGTCGCG	normal	NA
scrSOL004_CGTGTCTTCGGCCGAT	tumor	NA
scrSOL004_CGTTAGAAGACAGGCT	tumor	NA
scrSOL004_CGTTAGAAGACGCAAC	tumor	NA
scrSOL004_CGTTAGAAGATGGGTC	tumor	NA
scrSOL004_CGTTAGAAGCACGCCT	tumor	NA
scrSOL004_CGTTAGACATGAACCT	tumor	NA
scrSOL004_CGTTAGAGTCACCTAA	tumor	NA
scrSOL004_CGTTAGAGTGAGCGAT	tumor	NA
scrSOL004_CGTTAGAGTGCCTTGG	tumor	NA
scrSOL004_CGTTAGATCAATCTCT	normal	NA
scrSOL004_CGTTAGATCACGATGT	tumor	NA
scrSOL004_CGTTAGATCGATGAGG	normal	NA
scrSOL004_CGTTCTGAGACTGGGT	normal	NA
scrSOL004_CGTTCTGAGTCGCCGT	normal	NA
scrSOL004_CGTTCTGGTTACCGAT	tumor	NA
scrSOL004_CGTTCTGTCGGAGGTA	tumor	NA
scrSOL004_CGTTCTGTCTGTCTAT	tumor	NA
scrSOL004_CGTTGGGAGGGTCTCC	tumor	NA
scrSOL004_CGTTGGGCAGGGTACA	tumor	NA
scrSOL004_CGTTGGGCATTTCAGG	tumor	NA
scrSOL004_CGTTGGGGTGATGTGG	tumor	NA
scrSOL004_CGTTGGGGTTCTGTTT	normal	NA
scrSOL004_CGTTGGGTCTGCGACG	tumor	NA
scrSOL004_CTAACTTAGAGTGAGA	tumor	NA
scrSOL004_CTAACTTCAACCGCCA	normal	NA
scrSOL004_CTAACTTCACACATGT	normal	NA
scrSOL004_CTAACTTCAGGTGGAT	normal	NA
scrSOL004_CTAACTTCATCGTCGG	normal	NA
scrSOL004_CTAACTTGTCACACGC	tumor	NA
scrSOL004_CTAACTTGTCTGATCA	tumor	NA
scrSOL004_CTAACTTGTTTAGGAA	normal	NA
scrSOL004_CTAACTTTCTCCCTGA	tumor	NA
scrSOL004_CTAAGACAGCAATCTC	normal	NA
scrSOL004_CTAAGACAGCTAGCCC	normal	NA
scrSOL004_CTAAGACCACAGACAG	tumor	NA
scrSOL004_CTAAGACCACTCAGGC	normal	NA
scrSOL004_CTAAGACCAGTAAGAT	tumor	NA
scrSOL004_CTAAGACCATGCGCAC	tumor	NA
scrSOL004_CTAAGACGTAGCCTCG	tumor	NA
scrSOL004_CTAAGACGTCATTAGC	tumor	NA
scrSOL004_CTAAGACGTGAAGGCT	tumor	NA
scrSOL004_CTAAGACGTGTCTGAT	tumor	NA
scrSOL004_CTAAGACTCACCGGGT	tumor	NA
scrSOL004_CTAAGACTCGTATCAG	tumor	NA
scrSOL004_CTAAGACTCTCAAGTG	tumor	NA
scrSOL004_CTAAGACTCTTTAGGG	tumor	NA
scrSOL004_CTAATGGAGCCTATGT	normal	NA
scrSOL004_CTAATGGCACGTGAGA	tumor	NA
scrSOL004_CTAATGGCATGTCCTC	tumor	NA
scrSOL004_CTAATGGCATTAGCCA	tumor	NA
scrSOL004_CTAATGGGTCGGCATC	tumor	NA
scrSOL004_CTAATGGGTGCTCTTC	tumor	NA
scrSOL004_CTAATGGTCACTCCTG	tumor	NA
scrSOL004_CTACACCAGCGTAATA	tumor	NA
scrSOL004_CTACACCAGTGGGCTA	normal	NA
scrSOL004_CTACACCGTTTGCATG	normal	NA
scrSOL004_CTACACCTCAAACCGT	tumor	NA
scrSOL004_CTACACCTCCACGTTC	normal	NA
scrSOL004_CTACACCTCTACTATC	normal	NA
scrSOL004_CTACATTCAATGGACG	normal	NA
scrSOL004_CTACATTCACAAGACG	tumor	NA
scrSOL004_CTACATTGTACCGGCT	normal	NA
scrSOL004_CTACATTGTGTTTGGT	tumor	NA
scrSOL004_CTACATTGTTAAGACA	tumor	NA
scrSOL004_CTACATTGTTCCACGG	tumor	NA
scrSOL004_CTACATTGTTCGTTGA	tumor	NA
scrSOL004_CTACATTTCGACCAGC	normal	NA
scrSOL004_CTACATTTCGGTTCGG	normal	NA
scrSOL004_CTACCCAAGACTGGGT	normal	NA
scrSOL004_CTACCCAAGCGTAGTG	tumor	NA
scrSOL004_CTACCCAAGTCTCCTC	tumor	NA
scrSOL004_CTACCCACACAACTGT	tumor	NA
scrSOL004_CTACCCACAGATCGGA	tumor	NA
scrSOL004_CTACCCAGTATGGTTC	tumor	NA
scrSOL004_CTACCCAGTGCCTGCA	tumor	NA
scrSOL004_CTACCCAGTGTGTGCC	tumor	NA
scrSOL004_CTACCCAGTTGGTTTG	tumor	NA
scrSOL004_CTACCCATCCGCATAA	tumor	NA
scrSOL004_CTACCCATCGAATGGG	tumor	NA
scrSOL004_CTACGTCAGGGCACTA	tumor	NA
scrSOL004_CTACGTCAGGTCATCT	tumor	NA
scrSOL004_CTACGTCCAAACCCAT	tumor	NA
scrSOL004_CTACGTCCAAACGCGA	tumor	NA
scrSOL004_CTACGTCCACATGTGT	tumor	NA
scrSOL004_CTACGTCCACTGCCAG	tumor	NA
scrSOL004_CTACGTCCATCTCCCA	tumor	NA
scrSOL004_CTACGTCGTATAGTAG	normal	NA
scrSOL004_CTACGTCGTCCCGACA	tumor	NA
scrSOL004_CTACGTCGTCTGATCA	tumor	NA
scrSOL004_CTACGTCTCAAACCAC	tumor	NA
scrSOL004_CTACGTCTCGTCCGTT	tumor	NA
scrSOL004_CTACGTCTCTGGTTCC	tumor	NA
scrSOL004_CTACGTCTCTTCAACT	tumor	NA
scrSOL004_CTAGAGTAGAAGAAGC	tumor	NA
scrSOL004_CTAGAGTAGACAGACC	tumor	NA
scrSOL004_CTAGAGTAGGCCATAG	tumor	NA
scrSOL004_CTAGAGTAGTGTACCT	tumor	NA
scrSOL004_CTAGAGTCAATGTTGC	normal	NA
scrSOL004_CTAGAGTCACAGGTTT	tumor	NA
scrSOL004_CTAGAGTCACATCTTT	normal	NA
scrSOL004_CTAGAGTCAGACACTT	tumor	NA
scrSOL004_CTAGAGTGTAAGTTCC	normal	NA
scrSOL004_CTAGAGTGTATATGGA	tumor	NA
scrSOL004_CTAGAGTGTGTGCCTG	tumor	NA
scrSOL004_CTAGAGTGTTTGTTGG	tumor	NA
scrSOL004_CTAGAGTTCAGCTCTC	tumor	NA
scrSOL004_CTAGAGTTCATTATCC	tumor	NA
scrSOL004_CTAGAGTTCGCTGATA	tumor	NA
scrSOL004_CTAGCCTAGAGGGCTT	tumor	NA
scrSOL004_CTAGCCTAGATAGCAT	tumor	NA
scrSOL004_CTAGCCTAGGCATGGT	tumor	NA
scrSOL004_CTAGCCTAGTAGCGGT	tumor	NA
scrSOL004_CTAGCCTCACAACGTT	normal	NA
scrSOL004_CTAGCCTCATCCTTGC	tumor	NA
scrSOL004_CTAGCCTGTAACGCGA	tumor	NA
scrSOL004_CTAGCCTGTAGGGACT	normal	NA
scrSOL004_CTAGCCTGTCAACTGT	tumor	NA
scrSOL004_CTAGCCTGTGACGGTA	normal	NA
scrSOL004_CTAGCCTGTTGATTCG	tumor	NA
scrSOL004_CTAGCCTTCAGCGATT	tumor	NA
scrSOL004_CTAGTGAAGATCCGAG	normal	NA
scrSOL004_CTAGTGAAGCTAGCCC	tumor	NA
scrSOL004_CTAGTGAAGTTCGCAT	normal	NA
scrSOL004_CTAGTGACATGACATC	tumor	NA
scrSOL004_CTAGTGACATGGTCAT	tumor	NA
scrSOL004_CTAGTGAGTAATAGCA	tumor	NA
scrSOL004_CTAGTGAGTATAATGG	tumor	NA
scrSOL004_CTAGTGAGTCGAATCT	tumor	NA
scrSOL004_CTAGTGAGTGTGAAAT	tumor	NA
scrSOL004_CTAGTGATCGGGAGTA	tumor	NA
scrSOL004_CTCACACAGCGTTCCG	tumor	NA
scrSOL004_CTCACACAGGTGCTAG	tumor	NA
scrSOL004_CTCACACAGTCGAGTG	tumor	NA
scrSOL004_CTCACACAGTGGGATC	tumor	NA
scrSOL004_CTCACACCACGGTGTC	tumor	NA
scrSOL004_CTCACACCAGCATGAG	tumor	NA
scrSOL004_CTCACACGTAGGCATG	tumor	NA
scrSOL004_CTCACACGTCTAAACC	tumor	NA
scrSOL004_CTCACACTCAGTCAGT	tumor	NA
scrSOL004_CTCACACTCGTGGTCG	tumor	NA
scrSOL004_CTCACACTCGTTACAG	tumor	NA
scrSOL004_CTCACACTCTACCAGA	tumor	NA
scrSOL004_CTCAGAAAGAGAACAG	tumor	NA
scrSOL004_CTCAGAAAGGACATTA	normal	NA
scrSOL004_CTCAGAAAGTACGTAA	tumor	NA
scrSOL004_CTCAGAAGTACTCAAC	tumor	NA
scrSOL004_CTCAGAAGTCCATCCT	tumor	NA
scrSOL004_CTCAGAATCATGTCCC	tumor	NA
scrSOL004_CTCAGAATCCTGCAGG	tumor	NA
scrSOL004_CTCAGAATCTAAGCCA	tumor	NA
scrSOL004_CTCAGAATCTTGTACT	tumor	NA
scrSOL004_CTCATTAAGTCCAGGA	normal	NA
scrSOL004_CTCATTACACATTTCT	tumor	NA
scrSOL004_CTCATTACACGTTGGC	normal	NA
scrSOL004_CTCATTACATTCTTAC	tumor	NA
scrSOL004_CTCATTAGTCCTAGCG	normal	NA
scrSOL004_CTCATTATCTAACGGT	tumor	NA
scrSOL004_CTCCTAGAGAAACGCC	tumor	NA
scrSOL004_CTCCTAGAGATCCTGT	normal	NA
scrSOL004_CTCCTAGCAGGTCGTC	tumor	NA
scrSOL004_CTCCTAGGTAGTAGTA	tumor	NA
scrSOL004_CTCCTAGGTATAGTAG	tumor	NA
scrSOL004_CTCCTAGGTCGCATCG	tumor	NA
scrSOL004_CTCCTAGGTGCAGACA	tumor	NA
scrSOL004_CTCCTAGGTTAAGATG	tumor	NA
scrSOL004_CTCGAAAAGCGCCTCA	tumor	NA
scrSOL004_CTCGAAAAGGATCGCA	tumor	NA
scrSOL004_CTCGAAAAGTTACGGG	normal	NA
scrSOL004_CTCGAAACAGAGTGTG	tumor	NA
scrSOL004_CTCGAAACAGATCGGA	tumor	NA
scrSOL004_CTCGAAACATTCCTGC	tumor	NA
scrSOL004_CTCGAAAGTATGAATG	tumor	NA
scrSOL004_CTCGAGGCAATCGGTT	tumor	NA
scrSOL004_CTCGAGGCAATGTTGC	tumor	NA
scrSOL004_CTCGAGGCACATGTGT	tumor	NA
scrSOL004_CTCGAGGCATACGCCG	normal	NA
scrSOL004_CTCGAGGGTAGAAGGA	tumor	NA
scrSOL004_CTCGAGGGTCTCCATC	tumor	NA
scrSOL004_CTCGGAGAGTATGACA	tumor	NA
scrSOL004_CTCGGAGCAAACAACA	tumor	NA
scrSOL004_CTCGGAGCACCAACCG	normal	NA
scrSOL004_CTCGGAGGTACGCTGC	normal	NA
scrSOL004_CTCGGAGTCACCATAG	tumor	NA
scrSOL004_CTCGGAGTCAGAGCTT	tumor	NA
scrSOL004_CTCGGGAAGATCTGAA	tumor	NA
scrSOL004_CTCGGGACAATCCAAC	tumor	NA
scrSOL004_CTCGGGACACAGCCCA	tumor	NA
scrSOL004_CTCGGGACACGGCCAT	tumor	NA
scrSOL004_CTCGGGAGTGAGGCTA	tumor	NA
scrSOL004_CTCGGGAGTGTGAATA	tumor	NA
scrSOL004_CTCGGGATCACAATGC	tumor	NA
scrSOL004_CTCGGGATCCGTCAAA	tumor	NA
scrSOL004_CTCGTACAGAGAACAG	tumor	NA
scrSOL004_CTCGTACAGTGAAGTT	tumor	NA
scrSOL004_CTCGTACAGTGGAGTC	tumor	NA
scrSOL004_CTCGTACAGTGTTAGA	tumor	NA
scrSOL004_CTCGTACCAAGAGGCT	tumor	NA
scrSOL004_CTCGTACCAATTCCTT	tumor	NA
scrSOL004_CTCGTACCACGGTAAG	tumor	NA
scrSOL004_CTCGTACCACTGAAGG	tumor	NA
scrSOL004_CTCGTACCATAGGATA	tumor	NA
scrSOL004_CTCGTACGTCAGAAGC	normal	NA
scrSOL004_CTCGTACGTTGTCGCG	tumor	NA
scrSOL004_CTCGTCAAGACTAGAT	tumor	NA
scrSOL004_CTCGTCAAGAGCCTAG	tumor	NA
scrSOL004_CTCGTCAAGCCACCTG	tumor	NA
scrSOL004_CTCGTCAAGGTGATAT	tumor	NA
scrSOL004_CTCGTCAAGTGTCCCG	tumor	NA
scrSOL004_CTCGTCAAGTGTGGCA	tumor	NA
scrSOL004_CTCGTCACAGCTCCGA	tumor	NA
scrSOL004_CTCGTCACATGCTAGT	normal	NA
scrSOL004_CTCGTCAGTAACGTTC	normal	NA
scrSOL004_CTCGTCAGTCCTCTTG	tumor	NA
scrSOL004_CTCGTCAGTTAAGATG	normal	NA
scrSOL004_CTCGTCATCAGCTTAG	normal	NA
scrSOL004_CTCGTCATCATCGATG	normal	NA
scrSOL004_CTCTAATAGAAGAAGC	tumor	NA
scrSOL004_CTCTAATAGGGTCGAT	normal	NA
scrSOL004_CTCTAATCAAACCTAC	tumor	NA
scrSOL004_CTCTAATCAAGAAAGG	tumor	NA
scrSOL004_CTCTAATCAGTCCTTC	tumor	NA
scrSOL004_CTCTACGAGCAGACTG	tumor	NA
scrSOL004_CTCTACGAGCCGATTT	tumor	NA
scrSOL004_CTCTACGAGGTGTTAA	tumor	NA
scrSOL004_CTCTACGCAGACAGGT	normal	NA
scrSOL004_CTCTACGCATGATCCA	tumor	NA
scrSOL004_CTCTACGCATTGGCGC	tumor	NA
scrSOL004_CTCTACGGTAATCGTC	tumor	NA
scrSOL004_CTCTACGGTACTTGAC	tumor	NA
scrSOL004_CTCTACGGTAGAAGGA	tumor	NA
scrSOL004_CTCTACGGTCGGCATC	tumor	NA
scrSOL004_CTCTACGGTTAAAGTG	normal	NA
scrSOL004_CTCTACGGTTCTGTTT	tumor	NA
scrSOL004_CTCTACGGTTTAAGCC	normal	NA
scrSOL004_CTCTACGTCACAATGC	tumor	NA
scrSOL004_CTCTGGTAGTGAAGAG	tumor	NA
scrSOL004_CTCTGGTAGTTATCGC	tumor	NA
scrSOL004_CTCTGGTCAAGCCGCT	tumor	NA
scrSOL004_CTCTGGTCATCTCCCA	tumor	NA
scrSOL004_CTCTGGTTCACGATGT	tumor	NA
scrSOL004_CTCTGGTTCGAACGGA	tumor	NA
scrSOL004_CTCTGGTTCTACTTAC	normal	NA
scrSOL004_CTCTGGTTCTGTTGAG	tumor	NA
scrSOL004_CTGAAACAGAAAGTGG	tumor	NA
scrSOL004_CTGAAACAGACTACAA	normal	NA
scrSOL004_CTGAAACAGCGGATCA	tumor	NA
scrSOL004_CTGAAACCAACACCTA	normal	NA
scrSOL004_CTGAAACCAAGTCTAC	tumor	NA
scrSOL004_CTGAAACCAGCGATCC	tumor	NA
scrSOL004_CTGAAACGTAGCAAAT	tumor	NA
scrSOL004_CTGAAACGTAGGGACT	tumor	NA
scrSOL004_CTGAAACGTCGAATCT	tumor	NA
scrSOL004_CTGAAACGTGCACGAA	tumor	NA
scrSOL004_CTGAAACGTTCGGGCT	tumor	NA
scrSOL004_CTGAAACTCGGATGTT	tumor	NA
scrSOL004_CTGAAGTAGAACAACT	tumor	NA
scrSOL004_CTGAAGTAGGACACCA	tumor	NA
scrSOL004_CTGAAGTAGTGCAAGC	tumor	NA
scrSOL004_CTGAAGTAGTGGAGAA	tumor	NA
scrSOL004_CTGAAGTAGTTGTCGT	normal	NA
scrSOL004_CTGAAGTCAAGCCGCT	normal	NA
scrSOL004_CTGAAGTCACAGCCCA	tumor	NA
scrSOL004_CTGAAGTCAGATGGCA	tumor	NA
scrSOL004_CTGAAGTCATACAGCT	normal	NA
scrSOL004_CTGAAGTCATCCGTGG	tumor	NA
scrSOL004_CTGAAGTGTAAGTAGT	tumor	NA
scrSOL004_CTGAAGTGTAAGTGGC	tumor	NA
scrSOL004_CTGAAGTGTATGGTTC	tumor	NA
scrSOL004_CTGAAGTTCCGCATAA	tumor	NA
scrSOL004_CTGAAGTTCTGCAAGT	tumor	NA
scrSOL004_CTGATAGAGAAACCGC	tumor	NA
scrSOL004_CTGATAGAGAGGGCTT	tumor	NA
scrSOL004_CTGATAGAGATAGTCA	tumor	NA
scrSOL004_CTGATAGCAGCTGGCT	tumor	NA
scrSOL004_CTGATAGGTCGCGAAA	tumor	NA
scrSOL004_CTGATAGTCATCGGAT	tumor	NA
scrSOL004_CTGATAGTCTCTGCTG	tumor	NA
scrSOL004_CTGATCCAGAAACCAT	normal	NA
scrSOL004_CTGATCCAGGCAGTCA	tumor	NA
scrSOL004_CTGATCCAGTGAACGC	normal	NA
scrSOL004_CTGATCCCAAGCGATG	normal	NA
scrSOL004_CTGATCCGTGATGATA	normal	NA
scrSOL004_CTGATCCTCACTATTC	tumor	NA
scrSOL004_CTGCCTAAGAAGGGTA	tumor	NA
scrSOL004_CTGCCTAAGACAGACC	tumor	NA
scrSOL004_CTGCCTAAGATCTGCT	tumor	NA
scrSOL004_CTGCCTAAGGGCTTGA	tumor	NA
scrSOL004_CTGCCTAAGTGGCACA	tumor	NA
scrSOL004_CTGCCTACACATCCAA	tumor	NA
scrSOL004_CTGCCTACATCTCGCT	tumor	NA
scrSOL004_CTGCCTACATGCCTAA	tumor	NA
scrSOL004_CTGCCTACATTCACTT	tumor	NA
scrSOL004_CTGCCTAGTACCTACA	normal	NA
scrSOL004_CTGCCTATCACTGGGC	tumor	NA
scrSOL004_CTGCCTATCCCAAGAT	tumor	NA
scrSOL004_CTGCCTATCGTAGGTT	tumor	NA
scrSOL004_CTGCCTATCTGGGCCA	tumor	NA
scrSOL004_CTGCGGAAGAATGTTG	tumor	NA
scrSOL004_CTGCGGAAGACGCTTT	tumor	NA
scrSOL004_CTGCGGACACTATCTT	tumor	NA
scrSOL004_CTGCGGACATGAACCT	tumor	NA
scrSOL004_CTGCGGAGTCCATGAT	normal	NA
scrSOL004_CTGCGGATCCATGAAC	tumor	NA
scrSOL004_CTGCGGATCGATAGAA	tumor	NA
scrSOL004_CTGCTGTAGATCCCGC	tumor	NA
scrSOL004_CTGCTGTAGCCTTGAT	tumor	NA
scrSOL004_CTGCTGTAGCGATCCC	tumor	NA
scrSOL004_CTGCTGTAGGGAAACA	tumor	NA
scrSOL004_CTGCTGTCACCTGGTG	tumor	NA
scrSOL004_CTGCTGTGTCTGATCA	tumor	NA
scrSOL004_CTGGTCTCAATGGAGC	normal	NA
scrSOL004_CTGGTCTCACCAGATT	tumor	NA
scrSOL004_CTGGTCTCAGAAGCAC	tumor	NA
scrSOL004_CTGGTCTCATCAGTAC	tumor	NA
scrSOL004_CTGGTCTCATTAGCCA	tumor	NA
scrSOL004_CTGGTCTGTGTTCGAT	tumor	NA
scrSOL004_CTGGTCTGTGTTTGTG	tumor	NA
scrSOL004_CTGGTCTGTTCCAACA	tumor	NA
scrSOL004_CTGGTCTTCCACGACG	tumor	NA
scrSOL004_CTGGTCTTCTTGCAAG	tumor	NA
scrSOL004_CTGTGCTAGAACAACT	tumor	NA
scrSOL004_CTGTGCTAGAATCTCC	tumor	NA
scrSOL004_CTGTGCTAGATCCCGC	normal	NA
scrSOL004_CTGTGCTAGGATGGAA	tumor	NA
scrSOL004_CTGTGCTCAGCGTAAG	tumor	NA
scrSOL004_CTGTGCTGTAGCGCTC	tumor	NA
scrSOL004_CTGTGCTGTTGGGACA	normal	NA
scrSOL004_CTGTTTAAGACTTTCG	normal	NA
scrSOL004_CTGTTTACAAGGGTCA	tumor	NA
scrSOL004_CTGTTTACACAGACTT	tumor	NA
scrSOL004_CTGTTTACAGATGGCA	tumor	NA
scrSOL004_CTGTTTACATTCACTT	tumor	NA
scrSOL004_CTGTTTAGTCAACTGT	tumor	NA
scrSOL004_CTGTTTAGTCACAAGG	normal	NA
scrSOL004_CTGTTTAGTGCAGACA	tumor	NA
scrSOL004_CTGTTTAGTGTTCTTT	normal	NA
scrSOL004_CTGTTTATCACGCATA	normal	NA
scrSOL004_CTGTTTATCCCATTAT	normal	NA
scrSOL004_CTGTTTATCCGGGTGT	tumor	NA
scrSOL004_CTGTTTATCTGTCCGT	tumor	NA
scrSOL004_CTTAACTAGATCTGCT	tumor	NA
scrSOL004_CTTAACTAGGATGTAT	tumor	NA
scrSOL004_CTTAACTAGTTGCAGG	normal	NA
scrSOL004_CTTAACTCACCTATCC	tumor	NA
scrSOL004_CTTAACTCACGGCGTT	tumor	NA
scrSOL004_CTTAACTCAGGTCTCG	tumor	NA
scrSOL004_CTTAACTCAGTCACTA	normal	NA
scrSOL004_CTTAACTCATATGGTC	tumor	NA
scrSOL004_CTTAACTCATCACCCT	tumor	NA
scrSOL004_CTTAACTGTCAGAATA	tumor	NA
scrSOL004_CTTAACTGTCCAGTGC	tumor	NA
scrSOL004_CTTAACTGTCTAGTCA	tumor	NA
scrSOL004_CTTAACTGTGCGCTTG	tumor	NA
scrSOL004_CTTAACTGTGGTAACG	normal	NA
scrSOL004_CTTAACTGTTGGTAAA	tumor	NA
scrSOL004_CTTAACTTCAACACAC	normal	NA
scrSOL004_CTTAACTTCAGCTCGG	tumor	NA
scrSOL004_CTTACCGAGACTGTAA	normal	NA
scrSOL004_CTTACCGAGAGGTAGA	normal	NA
scrSOL004_CTTACCGAGAGGTTGC	tumor	NA
scrSOL004_CTTACCGAGATACACA	tumor	NA
scrSOL004_CTTACCGAGCCCGAAA	tumor	NA
scrSOL004_CTTACCGCAAAGGTGC	tumor	NA
scrSOL004_CTTACCGCACAAGTAA	tumor	NA
scrSOL004_CTTACCGCACATCTTT	tumor	NA
scrSOL004_CTTACCGCATTGGGCC	tumor	NA
scrSOL004_CTTACCGGTACTCGCG	tumor	NA
scrSOL004_CTTACCGGTCCGTGAC	normal	NA
scrSOL004_CTTACCGGTCGGCACT	tumor	NA
scrSOL004_CTTACCGGTTGAGGTG	tumor	NA
scrSOL004_CTTACCGGTTGTCTTT	tumor	NA
scrSOL004_CTTACCGTCAGTTAGC	normal	NA
scrSOL004_CTTAGGAAGGCACATG	tumor	NA
scrSOL004_CTTAGGACAAGTTGTC	tumor	NA
scrSOL004_CTTAGGACAGACACTT	tumor	NA
scrSOL004_CTTAGGACATTGCGGC	tumor	NA
scrSOL004_CTTAGGAGTCCATGAT	tumor	NA
scrSOL004_CTTAGGAGTCTCTTAT	tumor	NA
scrSOL004_CTTAGGAGTTGTCGCG	tumor	NA
scrSOL004_CTTAGGATCTACGAGT	normal	NA
scrSOL004_CTTCTCTAGGACATTA	tumor	NA
scrSOL004_CTTCTCTAGTTGAGAT	tumor	NA
scrSOL004_CTTCTCTCAAAGGAAG	tumor	NA
scrSOL004_CTTCTCTCACGGCTAC	tumor	NA
scrSOL004_CTTCTCTCACTTCTGC	tumor	NA
scrSOL004_CTTCTCTGTGAGTATA	normal	NA
scrSOL004_CTTCTCTTCAGCGACC	tumor	NA
scrSOL004_CTTCTCTTCTTCATGT	tumor	NA
scrSOL004_CTTGGCTAGCAGCCTC	tumor	NA
scrSOL004_CTTGGCTAGCGACGTA	tumor	NA
scrSOL004_CTTGGCTCAGCGATCC	normal	NA
scrSOL004_CTTGGCTCAGGTTTCA	tumor	NA
scrSOL004_CTTGGCTCATATGGTC	tumor	NA
scrSOL004_CTTGGCTCATCTCGCT	tumor	NA
scrSOL004_CTTGGCTTCGACGGAA	normal	NA
scrSOL004_CTTTGCGAGAACAACT	tumor	NA
scrSOL004_CTTTGCGAGCTAACTC	tumor	NA
scrSOL004_CTTTGCGGTACGCTGC	normal	NA
scrSOL004_CTTTGCGTCATAAAGG	tumor	NA
scrSOL004_CTTTGCGTCCAGTAGT	normal	NA
scrSOL004_CTTTGCGTCTGACCTC	tumor	NA
scrSOL004_GAAACTCAGACCTTTG	tumor	NA
scrSOL004_GAAACTCAGGCTAGAC	tumor	NA
scrSOL004_GAAACTCAGTAGTGCG	tumor	NA
scrSOL004_GAAACTCGTACCGTTA	tumor	NA
scrSOL004_GAAACTCGTCGCATCG	tumor	NA
scrSOL004_GAAACTCGTCTGGAGA	tumor	NA
scrSOL004_GAAACTCTCCCATTAT	tumor	NA
scrSOL004_GAAACTCTCCCTTGCA	tumor	NA
scrSOL004_GAAACTCTCTCTAGGA	tumor	NA
scrSOL004_GAAATGAAGACATAAC	tumor	NA
scrSOL004_GAAATGAAGGGCTCTC	normal	NA
scrSOL004_GAAATGAAGGGTCTCC	tumor	NA
scrSOL004_GAAATGAAGGTGTGGT	tumor	NA
scrSOL004_GAAATGAAGTTACCCA	tumor	NA
scrSOL004_GAAATGAGTAAGTAGT	tumor	NA
scrSOL004_GAAATGAGTGGTAACG	tumor	NA
scrSOL004_GAAATGATCAACTCTT	tumor	NA
scrSOL004_GAACATCAGAGCTGCA	tumor	NA
scrSOL004_GAACATCAGCCCAATT	tumor	NA
scrSOL004_GAACATCAGCTAACTC	tumor	NA
scrSOL004_GAACATCAGGAGCGAG	tumor	NA
scrSOL004_GAACATCAGGAGTACC	tumor	NA
scrSOL004_GAACATCAGTAGTGCG	tumor	NA
scrSOL004_GAACATCCACGAAAGC	tumor	NA
scrSOL004_GAACATCCAGCCAGAA	tumor	NA
scrSOL004_GAACATCCATAGAAAC	tumor	NA
scrSOL004_GAACATCGTCCGAACC	tumor	NA
scrSOL004_GAACATCGTCGCATAT	tumor	NA
scrSOL004_GAACATCTCGTCTGAA	tumor	NA
scrSOL004_GAACATCTCTGCGACG	tumor	NA
scrSOL004_GAACCTAAGCTAACTC	tumor	NA
scrSOL004_GAACCTAAGTAGATGT	tumor	NA
scrSOL004_GAACCTAAGTAGGCCA	tumor	NA
scrSOL004_GAACCTACAACGATGG	tumor	NA
scrSOL004_GAACCTACAGTATCTG	normal	NA
scrSOL004_GAACCTACATGTAGTC	normal	NA
scrSOL004_GAACCTACATGTCCTC	tumor	NA
scrSOL004_GAACCTATCGCCTGAG	tumor	NA
scrSOL004_GAACGGAAGCCCGAAA	tumor	NA
scrSOL004_GAACGGAAGCCTTGAT	tumor	NA
scrSOL004_GAACGGACAGACAGGT	tumor	NA
scrSOL004_GAACGGATCATCGCTC	tumor	NA
scrSOL004_GAAGCAGAGACACTAA	tumor	NA
scrSOL004_GAAGCAGCAAAGGAAG	tumor	NA
scrSOL004_GAAGCAGCACAGACAG	tumor	NA
scrSOL004_GAAGCAGCAGCGTTCG	tumor	NA
scrSOL004_GAAGCAGCAGTGGGAT	tumor	NA
scrSOL004_GAAGCAGGTAAGAGGA	tumor	NA
scrSOL004_GAAGCAGGTACGCACC	tumor	NA
scrSOL004_GAAGCAGGTAGAGTGC	normal	NA
scrSOL004_GAAGCAGGTCATATCG	tumor	NA
scrSOL004_GAAGCAGGTGTGGCTC	tumor	NA
scrSOL004_GAAGCAGGTTCAACCA	tumor	NA
scrSOL004_GAAGCAGTCACTGGGC	tumor	NA
scrSOL004_GAAGCAGTCCAAATGC	tumor	NA
scrSOL004_GAAGCAGTCTCGCATC	tumor	NA
scrSOL004_GAATAAGAGACCACGA	tumor	NA
scrSOL004_GAATAAGAGGCCCGTT	tumor	NA
scrSOL004_GAATAAGAGTTCCACA	tumor	NA
scrSOL004_GAATAAGCAATCCGAT	tumor	NA
scrSOL004_GAATAAGCACTAAGTC	tumor	NA
scrSOL004_GAATAAGCACTGTCGG	tumor	NA
scrSOL004_GAATAAGCATGTTGAC	tumor	NA
scrSOL004_GAATAAGGTACGAAAT	normal	NA
scrSOL004_GAATAAGGTGAGCGAT	normal	NA
scrSOL004_GAATAAGGTGTGAAAT	tumor	NA
scrSOL004_GAATAAGTCAGGTAAA	tumor	NA
scrSOL004_GAATAAGTCGGAGGTA	tumor	NA
scrSOL004_GAATGAACAAGCTGGA	tumor	NA
scrSOL004_GAATGAATCTGAGGGA	tumor	NA
scrSOL004_GAATGAATCTTCCTTC	tumor	NA
scrSOL004_GACACGCCACAACTGT	normal	NA
scrSOL004_GACACGCCACGCCAGT	tumor	NA
scrSOL004_GACACGCGTAAGTAGT	tumor	NA
scrSOL004_GACACGCGTCAATGTC	tumor	NA
scrSOL004_GACACGCTCTAACGGT	tumor	NA
scrSOL004_GACACGCTCTGATACG	tumor	NA
scrSOL004_GACAGAGCAAGCCGTC	normal	NA
scrSOL004_GACAGAGCACAGTCGC	tumor	NA
scrSOL004_GACAGAGCACCAGTTA	tumor	NA
scrSOL004_GACAGAGGTAATCACC	tumor	NA
scrSOL004_GACAGAGGTACCTACA	normal	NA
scrSOL004_GACAGAGGTCAAACTC	tumor	NA
scrSOL004_GACAGAGGTCTGCCAG	tumor	NA
scrSOL004_GACAGAGGTGAAAGAG	tumor	NA
scrSOL004_GACAGAGGTGAAATCA	normal	NA
scrSOL004_GACAGAGGTTGAGTTC	tumor	NA
scrSOL004_GACAGAGTCCTAGAAC	tumor	NA
scrSOL004_GACAGAGTCGAATCCA	tumor	NA
scrSOL004_GACCAATAGCAGCGTA	tumor	NA
scrSOL004_GACCAATAGCCAGGAT	normal	NA
scrSOL004_GACCAATAGCGTTTAC	tumor	NA
scrSOL004_GACCAATAGGCTACGA	tumor	NA
scrSOL004_GACCAATCAAGTTGTC	tumor	NA
scrSOL004_GACCAATCACGCCAGT	normal	NA
scrSOL004_GACCAATCAGGTTTCA	tumor	NA
scrSOL004_GACCAATCATCACCCT	tumor	NA
scrSOL004_GACCAATGTGAAGGCT	normal	NA
scrSOL004_GACCTGGAGCAATATG	tumor	NA
scrSOL004_GACCTGGAGTTAGGTA	tumor	NA
scrSOL004_GACCTGGCAGGGTTAG	tumor	NA
scrSOL004_GACCTGGTCACTTACT	tumor	NA
scrSOL004_GACCTGGTCATCTGCC	normal	NA
scrSOL004_GACCTGGTCCGTACAA	tumor	NA
scrSOL004_GACCTGGTCCTGCAGG	tumor	NA
scrSOL004_GACCTGGTCGTGGGAA	tumor	NA
scrSOL004_GACGCGTAGCCCGAAA	tumor	NA
scrSOL004_GACGCGTAGCGCTCCA	tumor	NA
scrSOL004_GACGCGTAGTATTGGA	normal	NA
scrSOL004_GACGCGTAGTGGAGAA	tumor	NA
scrSOL004_GACGCGTCACTGCCAG	tumor	NA
scrSOL004_GACGCGTCATCTACGA	tumor	NA
scrSOL004_GACGCGTGTAAATGAC	tumor	NA
scrSOL004_GACGCGTGTAATCACC	tumor	NA
scrSOL004_GACGCGTGTACAGCAG	tumor	NA
scrSOL004_GACGCGTTCAGGATCT	normal	NA
scrSOL004_GACGCGTTCCTTTCGG	normal	NA
scrSOL004_GACGCGTTCGATAGAA	tumor	NA
scrSOL004_GACGCGTTCTGAGGGA	tumor	NA
scrSOL004_GACGGCTAGGAGTAGA	tumor	NA
scrSOL004_GACGGCTCACTTCGAA	tumor	NA
scrSOL004_GACGGCTCATCTATGG	tumor	NA
scrSOL004_GACGGCTGTCAATACC	normal	NA
scrSOL004_GACGGCTGTCTTGATG	tumor	NA
scrSOL004_GACGGCTGTTATCACG	tumor	NA
scrSOL004_GACGGCTGTTCAGGCC	normal	NA
scrSOL004_GACGGCTTCCTCCTAG	normal	NA
scrSOL004_GACGGCTTCTACCAGA	tumor	NA
scrSOL004_GACGGCTTCTACTCAT	tumor	NA
scrSOL004_GACGTGCCACTAGTAC	tumor	NA
scrSOL004_GACGTGCCACTTGGAT	tumor	NA
scrSOL004_GACGTGCGTACCGTTA	tumor	NA
scrSOL004_GACGTGCGTGGCGAAT	tumor	NA
scrSOL004_GACGTTAAGATCACGG	tumor	NA
scrSOL004_GACGTTACAAATTGCC	tumor	NA
scrSOL004_GACGTTACAACGATCT	tumor	NA
scrSOL004_GACGTTACACGTTGGC	tumor	NA
scrSOL004_GACGTTACAGCGATCC	tumor	NA
scrSOL004_GACGTTAGTAGCCTCG	normal	NA
scrSOL004_GACGTTAGTGAGTATA	tumor	NA
scrSOL004_GACGTTATCGTCCGTT	tumor	NA
scrSOL004_GACGTTATCTGGGCCA	tumor	NA
scrSOL004_GACTAACAGCTAGGCA	tumor	NA
scrSOL004_GACTAACAGTGTCCCG	normal	NA
scrSOL004_GACTAACCAAAGTGCG	tumor	NA
scrSOL004_GACTAACCAAGAAAGG	tumor	NA
scrSOL004_GACTAACGTCATATCG	tumor	NA
scrSOL004_GACTAACGTGTGGCTC	tumor	NA
scrSOL004_GACTAACGTTCAGACT	normal	NA
scrSOL004_GACTAACTCAAAGACA	tumor	NA
scrSOL004_GACTACAAGCTGAAAT	normal	NA
scrSOL004_GACTACACAAGGTTCT	normal	NA
scrSOL004_GACTACACACCGAAAG	tumor	NA
scrSOL004_GACTACACATAGACTC	tumor	NA
scrSOL004_GACTACAGTCCGAATT	tumor	NA
scrSOL004_GACTACAGTGCTGTAT	normal	NA
scrSOL004_GACTACAGTTTAGGAA	normal	NA
scrSOL004_GACTACATCAAACCAC	tumor	NA
scrSOL004_GACTACATCCACTGGG	tumor	NA
scrSOL004_GACTACATCCGTAGGC	normal	NA
scrSOL004_GACTGCGAGGACAGCT	tumor	NA
scrSOL004_GACTGCGGTAGCTCCG	tumor	NA
scrSOL004_GACTGCGGTCGGATCC	tumor	NA
scrSOL004_GACTGCGGTTTGGGCC	normal	NA
scrSOL004_GACTGCGTCAAACCGT	tumor	NA
scrSOL004_GACTGCGTCAACGAAA	tumor	NA
scrSOL004_GACTGCGTCAACTCTT	tumor	NA
scrSOL004_GACTGCGTCATAACCG	tumor	NA
scrSOL004_GACTGCGTCCAAACTG	tumor	NA
scrSOL004_GACTGCGTCCTGTACC	tumor	NA
scrSOL004_GACTGCGTCGAGAACG	normal	NA
scrSOL004_GAGCAGAAGCCACCTG	normal	NA
scrSOL004_GAGCAGAAGCTGCCCA	tumor	NA
scrSOL004_GAGCAGAAGGCAATTA	tumor	NA
scrSOL004_GAGCAGACAATACGCT	tumor	NA
scrSOL004_GAGCAGACACCGAAAG	tumor	NA
scrSOL004_GAGCAGAGTCCCTACT	normal	NA
scrSOL004_GAGGTGAAGGATGGAA	tumor	NA
scrSOL004_GAGGTGAAGGATGTAT	tumor	NA
scrSOL004_GAGGTGACACGTCAGC	tumor	NA
scrSOL004_GAGGTGACAGGCTGAA	normal	NA
scrSOL004_GAGGTGACATAAAGGT	tumor	NA
scrSOL004_GAGGTGACATCTCGCT	tumor	NA
scrSOL004_GAGGTGAGTAAGGATT	tumor	NA
scrSOL004_GAGGTGAGTAGCTTGT	tumor	NA
scrSOL004_GAGGTGAGTGTCTGAT	normal	NA
scrSOL004_GAGGTGATCATTCACT	tumor	NA
scrSOL004_GAGTCCGAGCAATCTC	tumor	NA
scrSOL004_GAGTCCGAGCCGGTAA	tumor	NA
scrSOL004_GAGTCCGAGCTGAAAT	tumor	NA
scrSOL004_GAGTCCGAGGATATAC	tumor	NA
scrSOL004_GAGTCCGAGTGCCATT	tumor	NA
scrSOL004_GAGTCCGAGTGGAGAA	tumor	NA
scrSOL004_GAGTCCGCAATAGCGG	tumor	NA
scrSOL004_GAGTCCGCACGCATCG	tumor	NA
scrSOL004_GAGTCCGCATGCTAGT	tumor	NA
scrSOL004_GAGTCCGGTAGGAGTC	tumor	NA
scrSOL004_GAGTCCGGTATTACCG	tumor	NA
scrSOL004_GAGTCCGTCTGCGACG	tumor	NA
scrSOL004_GAGTCCGTCTTTACGT	normal	NA
scrSOL004_GATCAGTCAACTGGCC	tumor	NA
scrSOL004_GATCAGTCACGTCAGC	tumor	NA
scrSOL004_GATCAGTGTCTCACCT	tumor	NA
scrSOL004_GATCAGTTCCAGAAGG	tumor	NA
scrSOL004_GATCAGTTCTCTTATG	tumor	NA
scrSOL004_GATCGATAGGATGTAT	tumor	NA
scrSOL004_GATCGATAGTAAGTAC	tumor	NA
scrSOL004_GATCGATCATTCGACA	tumor	NA
scrSOL004_GATCGATGTCAGAGGT	tumor	NA
scrSOL004_GATCGATGTCTCACCT	tumor	NA
scrSOL004_GATCGATGTGCAGGTA	tumor	NA
scrSOL004_GATCGATTCATCTGCC	normal	NA
scrSOL004_GATCGCGAGAAACCAT	tumor	NA
scrSOL004_GATCGCGAGACTGGGT	normal	NA
scrSOL004_GATCGCGAGATCCCGC	tumor	NA
scrSOL004_GATCGCGAGCCCAATT	tumor	NA
scrSOL004_GATCGCGAGGAGTTGC	tumor	NA
scrSOL004_GATCGCGCAATGGAAT	tumor	NA
scrSOL004_GATCGCGCAATGGACG	normal	NA
scrSOL004_GATCGCGCACCAGTTA	tumor	NA
scrSOL004_GATCGCGCACGAAAGC	normal	NA
scrSOL004_GATCGCGGTAACGACG	normal	NA
scrSOL004_GATCGCGGTCGCATAT	tumor	NA
scrSOL004_GATCGCGGTCTCGTTC	tumor	NA
scrSOL004_GATCGCGGTTCAGCGC	tumor	NA
scrSOL004_GATCGCGTCCCAGGTG	tumor	NA
scrSOL004_GATCGTAAGATATGCA	normal	NA
scrSOL004_GATCGTAAGTCTCGGC	tumor	NA
scrSOL004_GATCGTAAGTGACTCT	tumor	NA
scrSOL004_GATCGTACACGGTTTA	tumor	NA
scrSOL004_GATCGTACACTCAGGC	tumor	NA
scrSOL004_GATCGTACAGCCAGAA	normal	NA
scrSOL004_GATCGTACAGTCTTCC	normal	NA
scrSOL004_GATCGTACATCGGAAG	tumor	NA
scrSOL004_GATCGTAGTATTACCG	tumor	NA
scrSOL004_GATCGTAGTCTAGTGT	normal	yes
scrSOL004_GATCGTATCGTATCAG	normal	NA
scrSOL004_GATCTAGAGCGCCTCA	tumor	NA
scrSOL004_GATCTAGAGCTGAAAT	tumor	NA
scrSOL004_GATCTAGAGTGGGTTG	tumor	NA
scrSOL004_GATCTAGGTCCGAACC	normal	NA
scrSOL004_GATCTAGGTTACGACT	normal	NA
scrSOL004_GATCTAGTCTCCCTGA	tumor	NA
scrSOL004_GATCTAGTCTTAGAGC	tumor	NA
scrSOL004_GATGAAACACTCTGTC	tumor	NA
scrSOL004_GATGAAACAGATGGCA	tumor	NA
scrSOL004_GATGAAAGTAGTAGTA	tumor	NA
scrSOL004_GATGAAAGTGACGGTA	tumor	NA
scrSOL004_GATGAAAGTTCCCTTG	tumor	NA
scrSOL004_GATGAAAGTTCGGCAC	normal	NA
scrSOL004_GATGAAATCCATGCTC	tumor	NA
scrSOL004_GATGAAATCGGTTCGG	normal	NA
scrSOL004_GATGAGGAGACGCACA	tumor	NA
scrSOL004_GATGAGGAGACTTTCG	tumor	NA
scrSOL004_GATGAGGAGCCATCGC	tumor	NA
scrSOL004_GATGAGGAGTAGGCCA	tumor	NA
scrSOL004_GATGAGGGTACCTACA	tumor	NA
scrSOL004_GATGAGGGTCAGAAGC	normal	NA
scrSOL004_GATGAGGTCCAGATCA	tumor	NA
scrSOL004_GATGAGGTCTCTTATG	tumor	NA
scrSOL004_GATGCTAAGAACAACT	tumor	NA
scrSOL004_GATGCTAAGCTGCGAA	tumor	NA
scrSOL004_GATGCTAAGTTCGATC	tumor	NA
scrSOL004_GATGCTACAAGGTGTG	tumor	NA
scrSOL004_GATGCTAGTCTGCAAT	tumor	NA
scrSOL004_GATGCTATCAGGCAAG	tumor	NA
scrSOL004_GATGCTATCCAAACAC	tumor	NA
scrSOL004_GATTCAGAGTAGGCCA	normal	NA
scrSOL004_GATTCAGAGTGCAAGC	tumor	NA
scrSOL004_GATTCAGTCTTCCTTC	tumor	NA
scrSOL004_GCAAACTGTCAGAATA	tumor	NA
scrSOL004_GCAAACTGTCCCTTGT	tumor	NA
scrSOL004_GCAAACTGTGCAGTAG	tumor	NA
scrSOL004_GCAAACTGTTACCAGT	tumor	NA
scrSOL004_GCAAACTGTTCGCGAC	tumor	NA
scrSOL004_GCAATCAAGATCCGAG	tumor	NA
scrSOL004_GCAATCAAGCCTCGTG	tumor	NA
scrSOL004_GCAATCAAGCGATGAC	tumor	NA
scrSOL004_GCAATCAAGGCGTACA	tumor	NA
scrSOL004_GCAATCACAAACGTGG	normal	NA
scrSOL004_GCAATCACACAGCGTC	tumor	NA
scrSOL004_GCAATCAGTCATGCCG	normal	NA
scrSOL004_GCAATCAGTCCCTTGT	tumor	NA
scrSOL004_GCAATCAGTCTCGTTC	tumor	NA
scrSOL004_GCAATCAGTGCTGTAT	tumor	NA
scrSOL004_GCAATCAGTGGCGAAT	normal	NA
scrSOL004_GCAATCATCCTGCCAT	tumor	NA
scrSOL004_GCAATCATCGGAAATA	tumor	NA
scrSOL004_GCACATAAGCAATCTC	tumor	NA
scrSOL004_GCACATAAGGACCACA	normal	NA
scrSOL004_GCACATAAGTATTGGA	tumor	NA
scrSOL004_GCACATACAATGGAAT	tumor	NA
scrSOL004_GCACATACACGGCCAT	tumor	NA
scrSOL004_GCACATACATAGACTC	normal	NA
scrSOL004_GCACATACATGCTGGC	tumor	NA
scrSOL004_GCACATAGTAGAGTGC	tumor	NA
scrSOL004_GCACATAGTAGCGCAA	tumor	NA
scrSOL004_GCACATATCTACTATC	tumor	NA
scrSOL004_GCACTCTAGAAACGAG	tumor	NA
scrSOL004_GCACTCTAGTCCAGGA	tumor	NA
scrSOL004_GCACTCTCAAGCGAGT	tumor	NA
scrSOL004_GCACTCTCAGGTCGTC	tumor	NA
scrSOL004_GCACTCTCATGGATGG	tumor	NA
scrSOL004_GCACTCTGTCCGAACC	tumor	NA
scrSOL004_GCACTCTGTCTCATCC	normal	NA
scrSOL004_GCACTCTTCCAGATCA	tumor	NA
scrSOL004_GCACTCTTCCGCGTTT	tumor	NA
scrSOL004_GCACTCTTCTGGGCCA	tumor	NA
scrSOL004_GCACTCTTCTTGTTTG	normal	NA
scrSOL004_GCAGCCACACAACTGT	tumor	NA
scrSOL004_GCAGCCACACCTGGTG	tumor	NA
scrSOL004_GCAGCCACAGTCAGAG	tumor	NA
scrSOL004_GCAGCCAGTACCCAAT	tumor	NA
scrSOL004_GCAGCCATCCAAAGTC	tumor	NA
scrSOL004_GCAGCCATCCCTTGCA	tumor	NA
scrSOL004_GCAGCCATCTGAGGGA	normal	NA
scrSOL004_GCAGTTAAGAGTAAGG	tumor	NA
scrSOL004_GCAGTTAAGATATGCA	tumor	NA
scrSOL004_GCAGTTAAGGAGTCTG	tumor	NA
scrSOL004_GCAGTTACAAACAACA	tumor	NA
scrSOL004_GCAGTTACAAAGCGGT	tumor	NA
scrSOL004_GCAGTTAGTAACGCGA	tumor	NA
scrSOL004_GCAGTTAGTAGCTGCC	tumor	NA
scrSOL004_GCAGTTAGTATTCGTG	tumor	NA
scrSOL004_GCAGTTAGTGTAACGG	tumor	NA
scrSOL004_GCAGTTATCCCAAGAT	tumor	NA
scrSOL004_GCATACAAGAGGTTGC	tumor	NA
scrSOL004_GCATACAAGGTAGCTG	normal	NA
scrSOL004_GCATACAAGGTGTTAA	tumor	NA
scrSOL004_GCATACAAGTGGGTTG	tumor	NA
scrSOL004_GCATACACACCGAATT	tumor	NA
scrSOL004_GCATACACAGCCAATT	tumor	NA
scrSOL004_GCATACACAGCTTAAC	tumor	NA
scrSOL004_GCATACACAGTTCCCT	normal	NA
scrSOL004_GCATACAGTAGCGCAA	normal	yes
scrSOL004_GCATACAGTATATCCG	tumor	NA
scrSOL004_GCATACAGTGCCTGCA	normal	NA
scrSOL004_GCATACATCGCGCCAA	tumor	NA
scrSOL004_GCATGATAGTGAATTG	tumor	NA
scrSOL004_GCATGATGTAGGGACT	tumor	NA
scrSOL004_GCATGCGAGACACGAC	normal	NA
scrSOL004_GCATGCGAGATGGCGT	tumor	NA
scrSOL004_GCATGCGAGCAATCTC	tumor	NA
scrSOL004_GCATGCGAGGCCGAAT	tumor	NA
scrSOL004_GCATGCGCAACACCCG	tumor	NA
scrSOL004_GCATGCGCACGAGGTA	tumor	NA
scrSOL004_GCATGCGCATATACCG	tumor	NA
scrSOL004_GCATGCGGTAGGCATG	tumor	NA
scrSOL004_GCATGTAAGAATTGTG	tumor	NA
scrSOL004_GCATGTACAAAGGAAG	tumor	NA
scrSOL004_GCATGTACAAGTCTGT	tumor	NA
scrSOL004_GCATGTACAGATCTGT	tumor	NA
scrSOL004_GCATGTAGTCATGCAT	tumor	NA
scrSOL004_GCATGTAGTCGGCATC	tumor	NA
scrSOL004_GCATGTAGTGTCGCTG	tumor	NA
scrSOL004_GCATGTATCTAACTTC	normal	NA
scrSOL004_GCATGTATCTCACATT	tumor	NA
scrSOL004_GCATGTATCTTGTTTG	tumor	NA
scrSOL004_GCCAAATAGCGTGTCC	normal	NA
scrSOL004_GCCAAATAGGTGGGTT	tumor	NA
scrSOL004_GCCAAATAGTCGAGTG	tumor	NA
scrSOL004_GCCAAATCAAGGCTCC	normal	NA
scrSOL004_GCCAAATCAGTCTTCC	tumor	NA
scrSOL004_GCCAAATGTAGCTCCG	tumor	NA
scrSOL004_GCCAAATGTGTTTGGT	tumor	NA
scrSOL004_GCCAAATTCATTGCCC	tumor	NA
scrSOL004_GCCAAATTCTGGTATG	normal	NA
scrSOL004_GCCAAATTCTTCGAGA	tumor	NA
scrSOL004_GCCTCTAAGACCTAGG	tumor	NA
scrSOL004_GCCTCTAAGCGTTTAC	tumor	NA
scrSOL004_GCCTCTACAGAAGCAC	tumor	NA
scrSOL004_GCCTCTACAGACGCTC	normal	NA
scrSOL004_GCCTCTAGTATAATGG	tumor	NA
scrSOL004_GCCTCTAGTCAAGCGA	tumor	NA
scrSOL004_GCCTCTAGTTCCCGAG	tumor	NA
scrSOL004_GCCTCTATCACCACCT	normal	yes
scrSOL004_GCCTCTATCAGCACAT	tumor	NA
scrSOL004_GCCTCTATCAGTGCAT	tumor	NA
scrSOL004_GCCTCTATCCAGAGGA	normal	NA
scrSOL004_GCCTCTATCCCTCTTT	tumor	NA
scrSOL004_GCCTCTATCGAGGTAG	tumor	NA
scrSOL004_GCCTCTATCGGGAGTA	tumor	NA
scrSOL004_GCGACCAAGCATCATC	tumor	NA
scrSOL004_GCGACCAAGTGTTTGC	normal	NA
scrSOL004_GCGACCACATTGGTAC	tumor	NA
scrSOL004_GCGACCAGTATGGTTC	normal	NA
scrSOL004_GCGACCAGTCAGATAA	normal	NA
scrSOL004_GCGACCAGTCTTGCGG	tumor	NA
scrSOL004_GCGACCAGTTGACGTT	normal	NA
scrSOL004_GCGACCATCACCTTAT	tumor	NA
scrSOL004_GCGACCATCACGAAGG	normal	NA
scrSOL004_GCGAGAAAGGGCACTA	tumor	NA
scrSOL004_GCGAGAACACTACAGT	tumor	NA
scrSOL004_GCGAGAAGTCCAACTA	tumor	NA
scrSOL004_GCGAGAAGTCTGGTCG	normal	NA
scrSOL004_GCGAGAAGTGCGCTTG	tumor	NA
scrSOL004_GCGAGAATCAACGGCC	tumor	NA
scrSOL004_GCGAGAATCACAGGCC	tumor	NA
scrSOL004_GCGCAACAGGCACATG	tumor	NA
scrSOL004_GCGCAACCAAGAAGAG	normal	NA
scrSOL004_GCGCAACCACACTGCG	normal	NA
scrSOL004_GCGCAACCATCACAAC	normal	NA
scrSOL004_GCGCAACGTCGCTTCT	tumor	NA
scrSOL004_GCGCAACGTCTGATCA	normal	NA
scrSOL004_GCGCAACGTTCGTGAT	tumor	NA
scrSOL004_GCGCAACTCCGTTGTC	tumor	NA
scrSOL004_GCGCAACTCCTTGCCA	tumor	NA
scrSOL004_GCGCAGTAGAGCCCAA	tumor	NA
scrSOL004_GCGCAGTAGGTGACCA	tumor	NA
scrSOL004_GCGCAGTAGTCAAGCG	tumor	NA
scrSOL004_GCGCAGTCAAGCTGAG	tumor	NA
scrSOL004_GCGCAGTCACGTTGGC	tumor	NA
scrSOL004_GCGCAGTCATATGAGA	tumor	NA
scrSOL004_GCGCAGTCATCCAACA	normal	yes
scrSOL004_GCGCAGTTCAGTGTTG	tumor	NA
scrSOL004_GCGCAGTTCAGTTCGA	tumor	NA
scrSOL004_GCGCCAAAGACTAGGC	tumor	NA
scrSOL004_GCGCCAAAGATGGCGT	tumor	NA
scrSOL004_GCGCCAAAGTAGGTGC	tumor	NA
scrSOL004_GCGCCAACAATTGCTG	normal	NA
scrSOL004_GCGCCAACATCACGAT	normal	NA
scrSOL004_GCGCCAAGTGCTCTTC	tumor	NA
scrSOL004_GCGCCAAGTGTAAGTA	tumor	NA
scrSOL004_GCGCCAATCGCAAACT	tumor	NA
scrSOL004_GCGCGATAGAAGGCCT	tumor	NA
scrSOL004_GCGCGATAGCCACCTG	tumor	NA
scrSOL004_GCGCGATAGTACCGGA	tumor	NA
scrSOL004_GCGCGATAGTAGTGCG	tumor	NA
scrSOL004_GCGCGATCACGACGAA	tumor	NA
scrSOL004_GCGCGATTCAAAGTAG	tumor	NA
scrSOL004_GCGCGATTCCTGCAGG	tumor	NA
scrSOL004_GCGGGTTAGAGCTTCT	normal	NA
scrSOL004_GCGGGTTAGGCCCTTG	tumor	NA
scrSOL004_GCGGGTTAGTGTCTCA	tumor	NA
scrSOL004_GCGGGTTCAAGGTGTG	tumor	NA
scrSOL004_GCGGGTTGTACTCTCC	tumor	NA
scrSOL004_GCGGGTTGTCTCTTTA	tumor	NA
scrSOL004_GCGGGTTGTGTTAAGA	tumor	NA
scrSOL004_GCGGGTTTCCGTTGCT	tumor	NA
scrSOL004_GCTCCTAAGACGCTTT	tumor	NA
scrSOL004_GCTCCTACAGGAACGT	tumor	NA
scrSOL004_GCTCCTACAGTCGTGC	tumor	NA
scrSOL004_GCTCCTAGTAAGTGGC	normal	NA
scrSOL004_GCTCCTAGTATAGGGC	tumor	NA
scrSOL004_GCTCCTAGTTAAGTAG	tumor	NA
scrSOL004_GCTCCTAGTTACGACT	tumor	NA
scrSOL004_GCTCCTATCACCTTAT	normal	NA
scrSOL004_GCTCCTATCATTCACT	tumor	NA
scrSOL004_GCTCCTATCCAAGTAC	tumor	NA
scrSOL004_GCTCCTATCCAGTATG	normal	NA
scrSOL004_GCTCTGTAGAGTTGGC	tumor	NA
scrSOL004_GCTCTGTAGTGTTAGA	normal	NA
scrSOL004_GCTCTGTCAAGCTGTT	tumor	NA
scrSOL004_GCTCTGTCACGCGAAA	tumor	NA
scrSOL004_GCTCTGTGTGAAGGCT	tumor	NA
scrSOL004_GCTCTGTGTGCACCAC	tumor	NA
scrSOL004_GCTCTGTTCGAATGCT	tumor	NA
scrSOL004_GCTGCAGAGAACAATC	normal	NA
scrSOL004_GCTGCAGAGATGCCAG	tumor	NA
scrSOL004_GCTGCAGAGGAGTACC	tumor	NA
scrSOL004_GCTGCAGAGTCAAGCG	tumor	NA
scrSOL004_GCTGCAGAGTTACCCA	tumor	NA
scrSOL004_GCTGCAGCAAGTCTGT	tumor	NA
scrSOL004_GCTGCAGCAGTCCTTC	tumor	NA
scrSOL004_GCTGCAGGTGCCTGTG	tumor	NA
scrSOL004_GCTGCAGGTGTGAATA	normal	NA
scrSOL004_GCTGCAGTCCATTCTA	tumor	NA
scrSOL004_GCTGCAGTCCCTTGTG	tumor	NA
scrSOL004_GCTGCGAAGAGGTACC	normal	NA
scrSOL004_GCTGCGAAGATGCCAG	normal	NA
scrSOL004_GCTGCGAAGCTGATAA	tumor	NA
scrSOL004_GCTGCGACAACGCACC	normal	NA
scrSOL004_GCTGCGAGTAAGTTCC	tumor	NA
scrSOL004_GCTGCGAGTCAAACTC	tumor	NA
scrSOL004_GCTGCGATCACCGTAA	normal	NA
scrSOL004_GCTGCGATCGTTGACA	tumor	NA
scrSOL004_GCTGCTTAGCTGATAA	tumor	NA
scrSOL004_GCTGCTTAGGACAGAA	tumor	NA
scrSOL004_GCTGCTTAGGCTATCT	tumor	NA
scrSOL004_GCTGCTTCACAGGAGT	tumor	NA
scrSOL004_GCTGCTTGTAAATACG	normal	NA
scrSOL004_GCTGCTTGTACCGTAT	tumor	NA
scrSOL004_GCTGCTTGTAGCACGA	normal	NA
scrSOL004_GCTGCTTGTGAACCTT	normal	NA
scrSOL004_GCTGCTTGTGATGATA	tumor	NA
scrSOL004_GCTGCTTGTGTTGGGA	tumor	NA
scrSOL004_GCTGCTTTCTTCGAGA	tumor	NA
scrSOL004_GCTGGGTAGAAACCTA	tumor	NA
scrSOL004_GCTGGGTAGCGCCTCA	tumor	NA
scrSOL004_GCTGGGTAGTCGCCGT	tumor	NA
scrSOL004_GCTGGGTCAAGCGATG	tumor	NA
scrSOL004_GCTGGGTGTCAGAATA	tumor	NA
scrSOL004_GCTGGGTGTCGGCACT	tumor	NA
scrSOL004_GCTGGGTGTGGGTATG	normal	NA
scrSOL004_GCTGGGTGTGTTGAGG	tumor	NA
scrSOL004_GCTGGGTTCCCATTTA	tumor	NA
scrSOL004_GCTGGGTTCCTAGGGC	tumor	NA
scrSOL004_GCTGGGTTCGAATCCA	normal	NA
scrSOL004_GCTTCCAAGCAATATG	tumor	NA
scrSOL004_GCTTCCAAGTGGTAAT	normal	NA
scrSOL004_GCTTCCACATTTGCCC	normal	NA
scrSOL004_GCTTCCAGTCCTAGCG	tumor	NA
scrSOL004_GCTTCCAGTGATGATA	normal	NA
scrSOL004_GCTTCCAGTTCAGGCC	tumor	NA
scrSOL004_GCTTCCAGTTCCCGAG	tumor	NA
scrSOL004_GCTTCCATCAAACCAC	tumor	NA
scrSOL004_GCTTCCATCCAGTATG	tumor	NA
scrSOL004_GCTTCCATCGGATGGA	tumor	NA
scrSOL004_GCTTCCATCTGATTCT	tumor	NA
scrSOL004_GCTTCCATCTGGAGCC	normal	NA
scrSOL004_GCTTGAAAGATTACCC	tumor	NA
scrSOL004_GCTTGAAAGTACGTAA	normal	NA
scrSOL004_GCTTGAAAGTCTCCTC	tumor	NA
scrSOL004_GCTTGAAAGTGGTAGC	tumor	NA
scrSOL004_GCTTGAACACCAGCAC	tumor	NA
scrSOL004_GCTTGAAGTGTGAATA	normal	NA
scrSOL004_GCTTGAATCAGCGACC	tumor	NA
scrSOL004_GCTTGAATCCGGCACA	normal	NA
scrSOL004_GGAAAGCAGCACACAG	tumor	NA
scrSOL004_GGAAAGCAGGCCCTCA	tumor	NA
scrSOL004_GGAAAGCGTACACCGC	normal	NA
scrSOL004_GGAAAGCGTACTTAGC	normal	NA
scrSOL004_GGAAAGCGTCTAGCGC	tumor	NA
scrSOL004_GGAAAGCGTGCGGTAA	tumor	NA
scrSOL004_GGAAAGCTCGGCGCAT	tumor	NA
scrSOL004_GGAAAGCTCGTTTGCC	tumor	NA
scrSOL004_GGAAAGCTCTAGCACA	tumor	NA
scrSOL004_GGAAAGCTCTGTTGAG	normal	NA
scrSOL004_GGAACTTAGGGAGTAA	tumor	NA
scrSOL004_GGAACTTAGTACCGGA	normal	NA
scrSOL004_GGAACTTAGTGTCTCA	tumor	NA
scrSOL004_GGAACTTCAACAACCT	tumor	NA
scrSOL004_GGAACTTCAAGGCTCC	tumor	NA
scrSOL004_GGAACTTCAGACAAAT	tumor	NA
scrSOL004_GGAACTTCAGTAAGAT	tumor	NA
scrSOL004_GGAACTTGTCAGAGGT	tumor	NA
scrSOL004_GGAACTTGTTTGACAC	normal	NA
scrSOL004_GGAACTTTCCTTGCCA	tumor	NA
scrSOL004_GGAACTTTCTGTCTAT	tumor	NA
scrSOL004_GGAATAAAGAAGGGTA	tumor	NA
scrSOL004_GGAATAAAGCCCAATT	tumor	NA
scrSOL004_GGAATAACAGATCTGT	tumor	NA
scrSOL004_GGAATAAGTGGAAAGA	tumor	NA
scrSOL004_GGAATAATCAGTGTTG	tumor	NA
scrSOL004_GGACAAGCATGTAGTC	tumor	NA
scrSOL004_GGACAAGGTATGGTTC	tumor	NA
scrSOL004_GGACAAGTCACTTACT	tumor	NA
scrSOL004_GGACAAGTCCTTAATC	tumor	NA
scrSOL004_GGACAAGTCTAAGCCA	tumor	NA
scrSOL004_GGACAAGTCTCTGCTG	tumor	NA
scrSOL004_GGACAGAAGAGTACCG	tumor	NA
scrSOL004_GGACAGAAGTGGGCTA	tumor	NA
scrSOL004_GGACAGACAAGCCGTC	tumor	NA
scrSOL004_GGACAGAGTATATGGA	tumor	NA
scrSOL004_GGACAGATCGGAATCT	tumor	NA
scrSOL004_GGACATTAGAATCTCC	normal	NA
scrSOL004_GGACATTAGCACCGCT	tumor	NA
scrSOL004_GGACATTAGTCCGGTC	tumor	NA
scrSOL004_GGACATTAGTCTTGCA	tumor	NA
scrSOL004_GGACATTGTCAGCTAT	tumor	NA
scrSOL004_GGACATTGTGATAAAC	tumor	NA
scrSOL004_GGACATTGTTATTCTC	tumor	NA
scrSOL004_GGACATTTCAAACCAC	tumor	NA
scrSOL004_GGACGTCAGCCAACAG	tumor	NA
scrSOL004_GGACGTCCACTTAAGC	tumor	NA
scrSOL004_GGACGTCGTGCTCTTC	tumor	NA
scrSOL004_GGACGTCTCTGATACG	tumor	NA
scrSOL004_GGAGCAAAGACTTTCG	tumor	NA
scrSOL004_GGAGCAACAGCTGTGC	tumor	NA
scrSOL004_GGAGCAATCAGTCCCT	tumor	NA
scrSOL004_GGAGCAATCCTCAACC	tumor	NA
scrSOL004_GGATGTTAGAAGAAGC	tumor	NA
scrSOL004_GGATGTTAGACATAAC	tumor	NA
scrSOL004_GGATGTTAGAGCTGGT	tumor	NA
scrSOL004_GGATGTTAGCAACGGT	tumor	NA
scrSOL004_GGATGTTAGGCTCTTA	tumor	NA
scrSOL004_GGATGTTCATCGATTG	tumor	NA
scrSOL004_GGATGTTGTTCTGAAC	tumor	NA
scrSOL004_GGATGTTGTTGGGACA	tumor	NA
scrSOL004_GGATGTTGTTTCGCTC	normal	NA
scrSOL004_GGATGTTTCCGATATG	tumor	NA
scrSOL004_GGATGTTTCTCGAGTA	tumor	NA
scrSOL004_GGATGTTTCTCTGTCG	tumor	NA
scrSOL004_GGATTACCAAACTGTC	tumor	NA
scrSOL004_GGATTACCAAGACACG	tumor	NA
scrSOL004_GGATTACCAAGCCATT	normal	NA
scrSOL004_GGATTACCACGGCTAC	tumor	NA
scrSOL004_GGATTACCAGCAGTTT	tumor	NA
scrSOL004_GGATTACCATGCGCAC	tumor	NA
scrSOL004_GGATTACGTAGAGCTG	tumor	NA
scrSOL004_GGATTACGTCCCTTGT	tumor	NA
scrSOL004_GGATTACGTCTTGCGG	tumor	NA
scrSOL004_GGATTACTCACGCATA	tumor	NA
scrSOL004_GGATTACTCTCTAGGA	tumor	NA
scrSOL004_GGCAATTAGACACGAC	tumor	NA
scrSOL004_GGCAATTAGCAGGTCA	tumor	NA
scrSOL004_GGCAATTAGCGTCAAG	tumor	NA
scrSOL004_GGCAATTAGGAGTACC	tumor	NA
scrSOL004_GGCAATTAGGTGGGTT	tumor	NA
scrSOL004_GGCAATTAGTGTGAAT	tumor	NA
scrSOL004_GGCAATTCAACGATCT	normal	NA
scrSOL004_GGCAATTCAATAACGA	tumor	NA
scrSOL004_GGCAATTCAGACGTAG	tumor	NA
scrSOL004_GGCAATTCAGCTGTAT	normal	NA
scrSOL004_GGCAATTCATATGAGA	tumor	NA
scrSOL004_GGCAATTCATCGGAAG	normal	NA
scrSOL004_GGCAATTGTGTGAATA	tumor	NA
scrSOL004_GGCAATTGTTGCCTCT	tumor	NA
scrSOL004_GGCAATTTCAGCTGGC	tumor	NA
scrSOL004_GGCAATTTCATACGGT	tumor	NA
scrSOL004_GGCAATTTCGATAGAA	tumor	NA
scrSOL004_GGCCGATAGATGCGAC	tumor	NA
scrSOL004_GGCCGATAGGAATTAC	normal	NA
scrSOL004_GGCCGATAGTGTGAAT	tumor	NA
scrSOL004_GGCCGATCATAAGACA	tumor	NA
scrSOL004_GGCCGATCATATACCG	tumor	NA
scrSOL004_GGCCGATCATGAGCGA	normal	NA
scrSOL004_GGCCGATTCAGCCTAA	normal	NA
scrSOL004_GGCCGATTCCACGTGG	tumor	NA
scrSOL004_GGCCGATTCGGTCTAA	tumor	NA
scrSOL004_GGCCGATTCTGGTATG	tumor	NA
scrSOL004_GGCGACTAGCTTATCG	tumor	NA
scrSOL004_GGCGACTCATACGCCG	tumor	NA
scrSOL004_GGCGACTCATGCATGT	tumor	NA
scrSOL004_GGCGACTGTACAAGTA	tumor	NA
scrSOL004_GGCGACTGTACTCTCC	tumor	NA
scrSOL004_GGCGACTTCGCATGAT	tumor	NA
scrSOL004_GGCGACTTCTCTAGGA	tumor	NA
scrSOL004_GGCGTGTAGATCGGGT	tumor	NA
scrSOL004_GGCGTGTCAGAAGCAC	tumor	NA
scrSOL004_GGCGTGTCAGACAGGT	tumor	NA
scrSOL004_GGCGTGTGTGTCGCTG	tumor	NA
scrSOL004_GGCGTGTGTTCCGTCT	tumor	NA
scrSOL004_GGCGTGTTCAACACCA	normal	NA
scrSOL004_GGCGTGTTCAGGCGAA	normal	NA
scrSOL004_GGCGTGTTCCCAACGG	normal	NA
scrSOL004_GGCGTGTTCCGTAGTA	tumor	NA
scrSOL004_GGCTCGAAGAGTGAGA	tumor	NA
scrSOL004_GGCTCGAAGGGCATGT	tumor	NA
scrSOL004_GGCTCGAGTGCATCTA	tumor	NA
scrSOL004_GGCTCGATCATGTCCC	tumor	NA
scrSOL004_GGCTCGATCCGTTGTC	tumor	NA
scrSOL004_GGCTGGTCAAGCCATT	tumor	NA
scrSOL004_GGCTGGTCATACAGCT	tumor	NA
scrSOL004_GGCTGGTCATTATCTC	tumor	NA
scrSOL004_GGCTGGTGTTCACCTC	tumor	NA
scrSOL004_GGCTGGTTCACATACG	tumor	NA
scrSOL004_GGCTGGTTCATCGGAT	tumor	NA
scrSOL004_GGCTGGTTCTACGAGT	tumor	NA
scrSOL004_GGGAATGAGTCATGCT	tumor	NA
scrSOL004_GGGAATGCACCGATAT	tumor	NA
scrSOL004_GGGAATGCACTCTGTC	tumor	NA
scrSOL004_GGGAATGCAGTATCTG	tumor	NA
scrSOL004_GGGAATGCAGTTCCCT	tumor	NA
scrSOL004_GGGAATGCATCTATGG	normal	NA
scrSOL004_GGGAATGGTATTAGCC	tumor	NA
scrSOL004_GGGAATGGTGCAGGTA	tumor	NA
scrSOL004_GGGAATGGTTAGAACA	tumor	NA
scrSOL004_GGGAATGTCATCATTC	tumor	NA
scrSOL004_GGGAATGTCGTCCAGG	tumor	NA
scrSOL004_GGGACCTAGGTGATAT	tumor	NA
scrSOL004_GGGACCTCATAGGATA	normal	NA
scrSOL004_GGGACCTGTCAATGTC	tumor	NA
scrSOL004_GGGACCTGTCATACTG	tumor	NA
scrSOL004_GGGACCTTCCTACAGA	tumor	NA
scrSOL004_GGGACCTTCCTAGGGC	normal	NA
scrSOL004_GGGACCTTCCTCAACC	normal	NA
scrSOL004_GGGACCTTCGTTACGA	tumor	NA
scrSOL004_GGGAGATAGCGCTCCA	tumor	NA
scrSOL004_GGGAGATCAGCCTGTG	tumor	NA
scrSOL004_GGGAGATCATTCGACA	tumor	NA
scrSOL004_GGGAGATGTCTGCCAG	tumor	NA
scrSOL004_GGGAGATGTTGACGTT	tumor	NA
scrSOL004_GGGAGATTCTGAGTGT	tumor	NA
scrSOL004_GGGATGAAGGTCGGAT	tumor	NA
scrSOL004_GGGATGACAACTTGAC	tumor	NA
scrSOL004_GGGATGACACGGCCAT	tumor	NA
scrSOL004_GGGATGACATCCGCGA	tumor	NA
scrSOL004_GGGATGACATTGGGCC	tumor	NA
scrSOL004_GGGATGAGTCCCGACA	normal	NA
scrSOL004_GGGATGATCACCATAG	tumor	NA
scrSOL004_GGGATGATCCCTTGTG	tumor	NA
scrSOL004_GGGATGATCCTCCTAG	tumor	NA
scrSOL004_GGGATGATCCTTAATC	tumor	NA
scrSOL004_GGGATGATCGCCTGAG	normal	NA
scrSOL004_GGGCACTAGCCTCGTG	tumor	NA
scrSOL004_GGGCACTAGGCAGGTT	tumor	NA
scrSOL004_GGGCACTCATATACGC	tumor	NA
scrSOL004_GGGCACTCATATGGTC	normal	NA
scrSOL004_GGGCACTTCCCTAACC	tumor	NA
scrSOL004_GGGCACTTCCCTAATT	tumor	NA
scrSOL004_GGGCATCAGCTGATAA	tumor	NA
scrSOL004_GGGCATCCAATCTGCA	tumor	NA
scrSOL004_GGGCATCCAGCTTAAC	tumor	NA
scrSOL004_GGGCATCCATGCGCAC	tumor	NA
scrSOL004_GGGCATCGTTCACCTC	tumor	NA
scrSOL004_GGGCATCTCGTGGGAA	tumor	NA
scrSOL004_GGGCATCTCTTCGGTC	normal	NA
scrSOL004_GGGTCTGTCGTGGGAA	tumor	NA
scrSOL004_GGGTTGCAGCTTTGGT	tumor	NA
scrSOL004_GGGTTGCCAATCCAAC	tumor	NA
scrSOL004_GGGTTGCCACCATCCT	tumor	NA
scrSOL004_GGGTTGCGTAGCTGCC	tumor	NA
scrSOL004_GGGTTGCGTCCGAACC	tumor	NA
scrSOL004_GGGTTGCGTGTCAATC	tumor	NA
scrSOL004_GGGTTGCGTTATGCGT	tumor	NA
scrSOL004_GGGTTGCTCCGTCATC	tumor	NA
scrSOL004_GGTATTGAGACACTAA	tumor	NA
scrSOL004_GGTATTGAGCTGTTCA	tumor	NA
scrSOL004_GGTATTGAGGCGATAC	tumor	NA
scrSOL004_GGTATTGAGTCCCACG	tumor	NA
scrSOL004_GGTATTGAGTGGCACA	normal	NA
scrSOL004_GGTATTGCATGTCCTC	tumor	NA
scrSOL004_GGTATTGGTACTTAGC	tumor	NA
scrSOL004_GGTATTGGTCAGCTAT	tumor	NA
scrSOL004_GGTATTGTCCAGATCA	tumor	NA
scrSOL004_GGTGAAGAGTGTTAGA	tumor	NA
scrSOL004_GGTGAAGTCTGGAGCC	tumor	NA
scrSOL004_GGTGCGTAGCGATCCC	tumor	NA
scrSOL004_GGTGCGTAGCTAAACA	tumor	NA
scrSOL004_GGTGCGTAGGACAGCT	tumor	NA
scrSOL004_GGTGCGTAGGAGCGAG	tumor	NA
scrSOL004_GGTGCGTCACGGACAA	tumor	NA
scrSOL004_GGTGCGTGTTTGACTG	tumor	NA
scrSOL004_GGTGCGTTCCCTGACT	tumor	NA
scrSOL004_GGTGCGTTCTGCTTGC	tumor	NA
scrSOL004_GGTGCGTTCTTGCAAG	tumor	NA
scrSOL004_GGTGTTAAGTCTCGGC	tumor	NA
scrSOL004_GGTGTTACATTGGCGC	tumor	NA
scrSOL004_GGTGTTAGTAAGTGTA	tumor	NA
scrSOL004_GGTGTTATCAAACAAG	tumor	NA
scrSOL004_GGTGTTATCAGAGACG	tumor	NA
scrSOL004_GGTGTTATCCTGTAGA	tumor	NA
scrSOL004_GGTGTTATCCTTTCTC	tumor	NA
scrSOL004_GTAACGTAGCATGGCA	normal	NA
scrSOL004_GTAACGTCAAACGTGG	tumor	NA
scrSOL004_GTAACGTGTACAGTGG	tumor	NA
scrSOL004_GTAACGTGTAGGGTAC	tumor	NA
scrSOL004_GTAACGTGTCTAAAGA	normal	NA
scrSOL004_GTAACGTTCTGCGACG	tumor	NA
scrSOL004_GTAACTGAGGCTCATT	tumor	NA
scrSOL004_GTAACTGCAGGTGGAT	normal	NA
scrSOL004_GTAACTGCATAACCTG	tumor	NA
scrSOL004_GTAACTGCATGAGCGA	tumor	NA
scrSOL004_GTAACTGGTGCGGTAA	tumor	NA
scrSOL004_GTAACTGGTGGACGAT	tumor	NA
scrSOL004_GTAACTGGTTCCATGA	tumor	NA
scrSOL004_GTAACTGGTTCGGCAC	tumor	NA
scrSOL004_GTAACTGTCATGTCCC	tumor	NA
scrSOL004_GTACGTAAGGTAGCCA	tumor	NA
scrSOL004_GTACGTAAGTGGTCCC	tumor	NA
scrSOL004_GTACGTACAATTGCTG	tumor	NA
scrSOL004_GTACGTACAGTAAGAT	tumor	NA
scrSOL004_GTACGTATCCAAGTAC	tumor	NA
scrSOL004_GTACTCCAGAGACGAA	tumor	NA
scrSOL004_GTACTCCCAAGCCCAC	tumor	NA
scrSOL004_GTACTCCCACTCGACG	tumor	NA
scrSOL004_GTACTCCCATGACATC	tumor	NA
scrSOL004_GTACTCCTCACGCGGT	tumor	NA
scrSOL004_GTACTCCTCCGCAAGC	tumor	NA
scrSOL004_GTACTTTAGACAGGCT	tumor	NA
scrSOL004_GTACTTTAGCTAAGAT	tumor	NA
scrSOL004_GTACTTTAGGATGGTC	tumor	NA
scrSOL004_GTACTTTAGGTAAACT	tumor	NA
scrSOL004_GTACTTTAGTTGAGTA	tumor	NA
scrSOL004_GTACTTTCAATAGCAA	tumor	NA
scrSOL004_GTACTTTCAATGAATG	tumor	NA
scrSOL004_GTACTTTGTACAGACG	tumor	NA
scrSOL004_GTACTTTTCCTAGGGC	tumor	NA
scrSOL004_GTACTTTTCGGCGCTA	tumor	NA
scrSOL004_GTAGGCCAGAAACCTA	tumor	NA
scrSOL004_GTAGGCCAGCTCCTCT	tumor	NA
scrSOL004_GTAGGCCAGCTTCGCG	tumor	NA
scrSOL004_GTAGGCCTCAGGTAAA	tumor	NA
scrSOL004_GTAGTCAAGACCTTTG	tumor	NA
scrSOL004_GTAGTCACAAGCTGTT	tumor	NA
scrSOL004_GTAGTCACACATCCAA	tumor	NA
scrSOL004_GTAGTCACACGAGGTA	tumor	NA
scrSOL004_GTAGTCACACTGTTAG	tumor	NA
scrSOL004_GTAGTCACAGCGTTCG	tumor	NA
scrSOL004_GTAGTCAGTAGCGTGA	tumor	NA
scrSOL004_GTAGTCAGTGGACGAT	tumor	NA
scrSOL004_GTAGTCATCTATCCTA	tumor	NA
scrSOL004_GTATCTTAGAAGAAGC	normal	NA
scrSOL004_GTATCTTAGAGGGATA	tumor	NA
scrSOL004_GTATCTTAGCAATATG	tumor	NA
scrSOL004_GTATCTTAGCGTTCCG	tumor	NA
scrSOL004_GTATCTTAGCTGTCTA	normal	NA
scrSOL004_GTATCTTCAGACTCGC	normal	NA
scrSOL004_GTATCTTGTAGCGTAG	tumor	NA
scrSOL004_GTATCTTGTGTGCCTG	normal	NA
scrSOL004_GTATCTTTCCAAGTAC	tumor	NA
scrSOL004_GTATCTTTCCACGCAG	tumor	NA
scrSOL004_GTATCTTTCTGGTATG	tumor	NA
scrSOL004_GTATCTTTCTTAACCT	tumor	NA
scrSOL004_GTATTCTAGAATCTCC	tumor	NA
scrSOL004_GTATTCTAGACAAAGG	tumor	NA
scrSOL004_GTATTCTCAATAGCAA	tumor	NA
scrSOL004_GTATTCTCACGTGAGA	normal	NA
scrSOL004_GTATTCTGTCTCCACT	normal	NA
scrSOL004_GTCAAGTAGCGCTTAT	tumor	NA
scrSOL004_GTCAAGTGTAAGAGGA	tumor	NA
scrSOL004_GTCAAGTGTATAATGG	tumor	NA
scrSOL004_GTCAAGTGTGGTTTCA	tumor	NA
scrSOL004_GTCACAAAGAACAACT	tumor	NA
scrSOL004_GTCACAAAGGATCGCA	tumor	NA
scrSOL004_GTCACAACAATCGAAA	tumor	NA
scrSOL004_GTCACAACACCGCTAG	tumor	NA
scrSOL004_GTCACAAGTAAATGTG	tumor	NA
scrSOL004_GTCACAAGTTCCCTTG	tumor	NA
scrSOL004_GTCACAATCACTATTC	tumor	NA
scrSOL004_GTCACGGCACAGGAGT	tumor	NA
scrSOL004_GTCACGGCACTGTTAG	tumor	NA
scrSOL004_GTCACGGCAGTGGGAT	tumor	NA
scrSOL004_GTCACGGCATAAAGGT	tumor	NA
scrSOL004_GTCACGGGTGGAAAGA	tumor	NA
scrSOL004_GTCACGGGTTGATTGC	tumor	NA
scrSOL004_GTCACGGTCTCTGTCG	normal	NA
scrSOL004_GTCACGGTCTGATTCT	tumor	NA
scrSOL004_GTCACGGTCTGGCGAC	tumor	NA
scrSOL004_GTCATTTAGACTTTCG	tumor	NA
scrSOL004_GTCATTTAGCACACAG	tumor	NA
scrSOL004_GTCATTTAGCAGCGTA	tumor	NA
scrSOL004_GTCATTTGTACCGCTG	tumor	NA
scrSOL004_GTCATTTGTCTAGCGC	tumor	NA
scrSOL004_GTCATTTGTTCCCGAG	tumor	NA
scrSOL004_GTCATTTTCCTTAATC	tumor	NA
scrSOL004_GTCCTCAAGGACAGCT	tumor	NA
scrSOL004_GTCCTCAAGGCATGTG	tumor	NA
scrSOL004_GTCCTCAAGGGAGTAA	tumor	NA
scrSOL004_GTCCTCACAAGCTGAG	normal	NA
scrSOL004_GTCCTCACACATTTCT	tumor	NA
scrSOL004_GTCCTCACATCAGTCA	normal	NA
scrSOL004_GTCCTCAGTCGCATAT	tumor	NA
scrSOL004_GTCCTCATCCGATATG	tumor	NA
scrSOL004_GTCCTCATCCTATTCA	normal	NA
scrSOL004_GTCGGGTAGCCACTAT	tumor	NA
scrSOL004_GTCGGGTCAAGCTGTT	tumor	NA
scrSOL004_GTCGGGTCAGGTTTCA	normal	NA
scrSOL004_GTCGGGTCAGTACACT	tumor	NA
scrSOL004_GTCGGGTTCATTCACT	tumor	NA
scrSOL004_GTCGGGTTCTAACTTC	tumor	NA
scrSOL004_GTCGTAAAGAAGGCCT	normal	NA
scrSOL004_GTCGTAAAGCGTGAGT	tumor	NA
scrSOL004_GTCGTAAAGTACTTGC	tumor	NA
scrSOL004_GTCGTAACACCCAGTG	tumor	NA
scrSOL004_GTCGTAACATACGCCG	normal	NA
scrSOL004_GTCGTAAGTCGCATCG	tumor	NA
scrSOL004_GTCGTAAGTTTACTCT	tumor	NA
scrSOL004_GTCGTAATCGGAATCT	tumor	NA
scrSOL004_GTCTCGTAGGAATGGA	tumor	NA
scrSOL004_GTCTCGTAGTCGTACT	tumor	NA
scrSOL004_GTCTCGTCACAGCCCA	normal	NA
scrSOL004_GTCTCGTCACAGGAGT	tumor	NA
scrSOL004_GTCTCGTCACATTTCT	tumor	NA
scrSOL004_GTCTCGTCACCGTTGG	tumor	NA
scrSOL004_GTCTCGTCAGGTGGAT	tumor	NA
scrSOL004_GTCTCGTCATTCTTAC	tumor	NA
scrSOL004_GTCTCGTGTGATGTGG	normal	NA
scrSOL004_GTCTCGTGTGTGGTTT	tumor	NA
scrSOL004_GTCTCGTTCGACGGAA	tumor	NA
scrSOL004_GTCTTCGAGAGTACCG	tumor	NA
scrSOL004_GTCTTCGAGCGCTTAT	normal	NA
scrSOL004_GTCTTCGAGGTTCCTA	tumor	NA
scrSOL004_GTCTTCGAGTAACCCT	tumor	NA
scrSOL004_GTCTTCGAGTGACTCT	normal	NA
scrSOL004_GTCTTCGCAGACGCTC	tumor	NA
scrSOL004_GTCTTCGCAGCTCGAC	tumor	NA
scrSOL004_GTCTTCGCAGGACCCT	normal	NA
scrSOL004_GTCTTCGCATCTCGCT	tumor	NA
scrSOL004_GTCTTCGGTCCAGTGC	normal	NA
scrSOL004_GTCTTCGGTCCGTCAG	normal	NA
scrSOL004_GTCTTCGGTTCATGGT	tumor	NA
scrSOL004_GTCTTCGTCAGTTCGA	tumor	NA
scrSOL004_GTCTTCGTCATATCGG	tumor	NA
scrSOL004_GTCTTCGTCCGCAGTG	tumor	NA
scrSOL004_GTCTTCGTCCGTTGTC	tumor	NA
scrSOL004_GTCTTCGTCCTCTAGC	normal	NA
scrSOL004_GTGAAGGAGTTAGGTA	tumor	NA
scrSOL004_GTGAAGGCAACTGCTA	tumor	NA
scrSOL004_GTGAAGGCACGAAAGC	tumor	NA
scrSOL004_GTGAAGGCACGGCCAT	tumor	NA
scrSOL004_GTGAAGGCATCTCCCA	tumor	NA
scrSOL004_GTGAAGGGTACCGTAT	tumor	NA
scrSOL004_GTGAAGGGTAGCCTAT	tumor	NA
scrSOL004_GTGAAGGGTTATCCGA	tumor	NA
scrSOL004_GTGCAGCAGACCTTTG	tumor	NA
scrSOL004_GTGCAGCAGGTGACCA	tumor	NA
scrSOL004_GTGCAGCCAATCCGAT	tumor	NA
scrSOL004_GTGCAGCGTCGCTTCT	tumor	NA
scrSOL004_GTGCAGCGTTCAGTAC	normal	NA
scrSOL004_GTGCAGCTCATAGCAC	normal	NA
scrSOL004_GTGCAGCTCCATGAAC	tumor	NA
scrSOL004_GTGCAGCTCCGAACGC	normal	yes
scrSOL004_GTGCAGCTCGTTACGA	normal	NA
scrSOL004_GTGCAGCTCTTAGCCC	normal	NA
scrSOL004_GTGCATAAGATAGGAG	tumor	NA
scrSOL004_GTGCATAAGCACACAG	normal	NA
scrSOL004_GTGCATAAGTGAAGTT	tumor	NA
scrSOL004_GTGCATACACAGGCCT	tumor	NA
scrSOL004_GTGCATACAGTCCTTC	tumor	NA
scrSOL004_GTGCATAGTCGGGTCT	normal	NA
scrSOL004_GTGCATATCTAGAGTC	normal	NA
scrSOL004_GTGCGGTCATGTCGAT	tumor	NA
scrSOL004_GTGCGGTGTTGAGTTC	tumor	NA
scrSOL004_GTGCGGTTCTCAAACG	tumor	NA
scrSOL004_GTGCTTCAGGACCACA	tumor	NA
scrSOL004_GTGCTTCCACCCTATC	tumor	NA
scrSOL004_GTGCTTCGTATAAACG	tumor	NA
scrSOL004_GTGCTTCGTCCTGCTT	tumor	NA
scrSOL004_GTGCTTCGTTAAGGGC	tumor	NA
scrSOL004_GTGCTTCTCAGTGCAT	normal	NA
scrSOL004_GTGCTTCTCTTTACGT	tumor	NA
scrSOL004_GTGGGTCCACGGCGTT	tumor	NA
scrSOL004_GTGGGTCCAGGGTTAG	normal	NA
scrSOL004_GTGGGTCCAGTTAACC	tumor	NA
scrSOL004_GTGGGTCCATGGAATA	tumor	NA
scrSOL004_GTGGGTCGTCCGTTAA	tumor	NA
scrSOL004_GTGGGTCTCAACACCA	normal	NA
scrSOL004_GTGGGTCTCCTTTACA	tumor	NA
scrSOL004_GTGGGTCTCGATCCCT	tumor	NA
scrSOL004_GTGGGTCTCGGAATCT	tumor	NA
scrSOL004_GTGGGTCTCGGCATCG	tumor	NA
scrSOL004_GTGTGCGAGACTAAGT	tumor	NA
scrSOL004_GTGTGCGAGTGTTGAA	normal	NA
scrSOL004_GTGTGCGCAAGTTAAG	normal	yes
scrSOL004_GTGTGCGCATCAGTCA	normal	NA
scrSOL004_GTGTGCGGTAGAAAGG	tumor	NA
scrSOL004_GTGTGCGTCCCATTTA	tumor	NA
scrSOL004_GTGTGCGTCCTGCCAT	tumor	NA
scrSOL004_GTGTGCGTCGGCTTGG	tumor	NA
scrSOL004_GTGTTAGAGTACGACG	tumor	NA
scrSOL004_GTGTTAGAGTTAAGTG	normal	NA
scrSOL004_GTGTTAGCATAACCTG	normal	NA
scrSOL004_GTGTTAGGTACCCAAT	tumor	NA
scrSOL004_GTGTTAGGTACGCACC	normal	NA
scrSOL004_GTGTTAGGTATGCTTG	tumor	NA
scrSOL004_GTGTTAGTCCAATGGT	tumor	NA
scrSOL004_GTTAAGCAGTGAATTG	tumor	NA
scrSOL004_GTTAAGCAGTGCGTGA	normal	NA
scrSOL004_GTTAAGCCAGACGTAG	normal	NA
scrSOL004_GTTAAGCCAGTCTTCC	tumor	NA
scrSOL004_GTTAAGCGTGTTAAGA	tumor	NA
scrSOL004_GTTAAGCTCACGGTTA	tumor	NA
scrSOL004_GTTAAGCTCGGATGTT	normal	NA
scrSOL004_GTTACAGCAAACTGCT	normal	NA
scrSOL004_GTTACAGCACCGAATT	tumor	NA
scrSOL004_GTTACAGGTACCGCTG	tumor	NA
scrSOL004_GTTACAGGTCGGCTCA	normal	NA
scrSOL004_GTTACAGGTGTGACGA	tumor	NA
scrSOL004_GTTACAGGTTACGCGC	tumor	NA
scrSOL004_GTTACAGGTTCCCGAG	tumor	NA
scrSOL004_GTTACAGTCTGCAGTA	tumor	NA
scrSOL004_GTTCATTAGACTGTAA	tumor	NA
scrSOL004_GTTCATTAGCAGCGTA	normal	NA
scrSOL004_GTTCATTCAGGTGGAT	tumor	NA
scrSOL004_GTTCATTTCGCGTTTC	normal	NA
scrSOL004_GTTCGGGAGAGCCTAG	normal	NA
scrSOL004_GTTCGGGAGCATGGCA	tumor	NA
scrSOL004_GTTCGGGAGCGGCTTC	tumor	NA
scrSOL004_GTTCGGGAGCGTTCCG	tumor	NA
scrSOL004_GTTCGGGAGTACGCCC	tumor	NA
scrSOL004_GTTCGGGAGTGGGATC	tumor	NA
scrSOL004_GTTCGGGCACTGTCGG	tumor	NA
scrSOL004_GTTCGGGGTTAAGTAG	tumor	NA
scrSOL004_GTTCGGGTCACGACTA	tumor	NA
scrSOL004_GTTCGGGTCCAGTAGT	normal	NA
scrSOL004_GTTCGGGTCGTCGTTC	tumor	NA
scrSOL004_GTTCTCGAGAAACCTA	tumor	NA
scrSOL004_GTTCTCGAGACCACGA	tumor	NA
scrSOL004_GTTCTCGAGATGCCAG	tumor	NA
scrSOL004_GTTCTCGAGCACACAG	tumor	NA
scrSOL004_GTTCTCGGTAAAGTCA	tumor	NA
scrSOL004_GTTCTCGTCCACGAAT	tumor	NA
scrSOL004_GTTCTCGTCTCGTATT	tumor	NA
scrSOL004_GTTTCTAAGACAATAC	tumor	NA
scrSOL004_GTTTCTAAGCTAGTCT	tumor	NA
scrSOL004_GTTTCTACAAGCGCTC	tumor	NA
scrSOL004_GTTTCTACACAGTCGC	normal	NA
scrSOL004_GTTTCTACACCCATTC	normal	yes
scrSOL004_GTTTCTAGTCATGCAT	tumor	NA
scrSOL004_GTTTCTATCCCATTAT	tumor	NA
scrSOL004_GTTTCTATCGAGGTAG	tumor	NA
scrSOL004_GTTTCTATCTGATTCT	normal	NA
scrSOL004_GTTTCTATCTTATCTG	tumor	NA
scrSOL004_TAAACCGAGGCAGGTT	normal	NA
scrSOL004_TAAACCGAGGCCCTCA	tumor	NA
scrSOL004_TAAACCGAGGCCGAAT	tumor	NA
scrSOL004_TAAACCGCACGCCAGT	tumor	NA
scrSOL004_TAAACCGCAGCTTAAC	tumor	NA
scrSOL004_TAAACCGCAGTACACT	tumor	NA
scrSOL004_TAAACCGGTGTGGTTT	normal	NA
scrSOL004_TAAACCGGTTAAGAAC	tumor	NA
scrSOL004_TAAACCGGTTACCGAT	normal	NA
scrSOL004_TAAACCGTCAACACTG	tumor	NA
scrSOL004_TAAACCGTCATAACCG	tumor	NA
scrSOL004_TAAACCGTCCTAGTGA	tumor	NA
scrSOL004_TAAACCGTCTCGGACG	tumor	NA
scrSOL004_TAAGAGACACTGAAGG	tumor	NA
scrSOL004_TAAGAGACATAGACTC	tumor	NA
scrSOL004_TAAGAGAGTAAGTGTA	tumor	NA
scrSOL004_TAAGAGAGTACTCAAC	tumor	NA
scrSOL004_TAAGAGAGTCCGAATT	tumor	NA
scrSOL004_TAAGAGAGTCTTGCGG	tumor	NA
scrSOL004_TAAGAGATCCAAGCCG	tumor	NA
scrSOL004_TAAGAGATCCTGCTTG	normal	NA
scrSOL004_TAAGAGATCGACGGAA	tumor	NA
scrSOL004_TAAGCGTAGCACCGCT	tumor	NA
scrSOL004_TAAGCGTAGGGATCTG	tumor	NA
scrSOL004_TAAGCGTAGTGACATA	tumor	NA
scrSOL004_TAAGCGTCAGTAACGG	tumor	NA
scrSOL004_TAAGCGTGTAGCGATG	normal	NA
scrSOL004_TAAGCGTGTATGAATG	tumor	NA
scrSOL004_TAAGCGTGTCAGGACA	tumor	NA
scrSOL004_TAAGCGTGTGGTAACG	normal	NA
scrSOL004_TAAGCGTTCACCGTAA	normal	NA
scrSOL004_TAAGTGCAGATCGATA	tumor	NA
scrSOL004_TAAGTGCAGCCAGTAG	normal	NA
scrSOL004_TAAGTGCAGTCCCACG	tumor	NA
scrSOL004_TAAGTGCCAAGCCTAT	tumor	NA
scrSOL004_TAAGTGCCACTCAGGC	tumor	NA
scrSOL004_TAAGTGCCACTTAACG	normal	NA
scrSOL004_TAAGTGCTCATTTGGG	tumor	NA
scrSOL004_TACACGAAGATATACG	tumor	NA
scrSOL004_TACACGAAGTCTCGGC	tumor	NA
scrSOL004_TACACGACAGTCACTA	normal	NA
scrSOL004_TACACGAGTCTGGTCG	tumor	NA
scrSOL004_TACACGAGTTGTACAC	tumor	NA
scrSOL004_TACACGATCATCTGCC	normal	NA
scrSOL004_TACAGTGAGCCCGAAA	tumor	NA
scrSOL004_TACAGTGCAGACACTT	normal	NA
scrSOL004_TACAGTGGTCGACTAT	tumor	NA
scrSOL004_TACAGTGGTGATAAAC	tumor	NA
scrSOL004_TACAGTGTCCAGAAGG	tumor	NA
scrSOL004_TACCTATAGTACATGA	tumor	NA
scrSOL004_TACCTATCAGCTTAAC	tumor	NA
scrSOL004_TACCTATGTATATCCG	tumor	NA
scrSOL004_TACCTATGTCCCTACT	tumor	NA
scrSOL004_TACCTATGTCTGGTCG	normal	NA
scrSOL004_TACCTATGTTCCATGA	tumor	NA
scrSOL004_TACCTATTCAGCTGGC	tumor	NA
scrSOL004_TACCTATTCCTTAATC	tumor	NA
scrSOL004_TACCTATTCTCTAAGG	tumor	NA
scrSOL004_TACCTTAAGTCAAGCG	tumor	NA
scrSOL004_TACCTTACAAAGGCGT	tumor	NA
scrSOL004_TACCTTACACGACTCG	tumor	NA
scrSOL004_TACCTTACATGGTTGT	tumor	NA
scrSOL004_TACCTTAGTCGCGGTT	tumor	NA
scrSOL004_TACCTTAGTTCGCTAA	tumor	NA
scrSOL004_TACCTTATCGTTTAGG	tumor	NA
scrSOL004_TACGGATAGCCAGTAG	tumor	NA
scrSOL004_TACGGATAGTGATCGG	tumor	NA
scrSOL004_TACGGATCACGGTAGA	tumor	NA
scrSOL004_TACGGATCATTTCAGG	tumor	NA
scrSOL004_TACGGATTCTAGAGTC	tumor	NA
scrSOL004_TACGGGCAGCGTGAAC	tumor	NA
scrSOL004_TACGGGCCACATTCGA	tumor	NA
scrSOL004_TACGGGCCAGGTCGTC	normal	NA
scrSOL004_TACGGGCCATCCGTGG	tumor	NA
scrSOL004_TACGGGCCATGCCCGA	normal	NA
scrSOL004_TACGGGCGTCCAGTAT	tumor	NA
scrSOL004_TACGGGCGTCTAGGTT	normal	NA
scrSOL004_TACGGGCTCAGGATCT	tumor	NA
scrSOL004_TACGGGCTCTAACTTC	normal	NA
scrSOL004_TACGGGCTCTTACCGC	tumor	NA
scrSOL004_TACGGGCTCTTGCAAG	tumor	NA
scrSOL004_TACGGTAAGAGCTGGT	tumor	NA
scrSOL004_TACGGTACAAGAAAGG	tumor	NA
scrSOL004_TACGGTAGTATAGGTA	tumor	NA
scrSOL004_TACGGTAGTGAGTATA	normal	NA
scrSOL004_TACTCATAGCGGATCA	tumor	NA
scrSOL004_TACTCATAGGCAATTA	tumor	NA
scrSOL004_TACTCATAGGTGCTTT	tumor	NA
scrSOL004_TACTCATAGTTACGGG	tumor	NA
scrSOL004_TACTCATAGTTGTCGT	tumor	NA
scrSOL004_TACTCATCACAGGCCT	tumor	NA
scrSOL004_TACTCATGTCCGTGAC	tumor	NA
scrSOL004_TACTCATGTGGCTCCA	tumor	NA
scrSOL004_TACTCATGTGGTAACG	tumor	NA
scrSOL004_TACTCATGTTCGCGAC	tumor	NA
scrSOL004_TACTCATTCTCCAGGG	tumor	NA
scrSOL004_TACTCATTCTTTCCTC	normal	NA
scrSOL004_TACTCGCAGCCGGTAA	tumor	NA
scrSOL004_TACTCGCAGGTGTGGT	tumor	NA
scrSOL004_TACTCGCAGGTTCCTA	tumor	NA
scrSOL004_TACTCGCCATGCCCGA	tumor	NA
scrSOL004_TACTCGCGTGTCGCTG	tumor	NA
scrSOL004_TACTCGCGTTCTGTTT	tumor	NA
scrSOL004_TACTCGCTCATGCATG	tumor	NA
scrSOL004_TACTCGCTCGTGGGAA	normal	NA
scrSOL004_TACTTACAGAGTAAGG	normal	yes
scrSOL004_TACTTACAGATCTGAA	tumor	NA
scrSOL004_TACTTACAGTATCTCG	tumor	NA
scrSOL004_TACTTACAGTCATGCT	tumor	NA
scrSOL004_TACTTACGTCAACATC	tumor	NA
scrSOL004_TACTTACGTGCGAAAC	normal	NA
scrSOL004_TACTTACGTTAGGGTG	tumor	NA
scrSOL004_TACTTACTCAACGAAA	tumor	NA
scrSOL004_TACTTACTCAAGGTAA	normal	NA
scrSOL004_TACTTACTCATCTGTT	tumor	NA
scrSOL004_TACTTACTCCAAGCCG	tumor	NA
scrSOL004_TACTTACTCCAGTATG	normal	NA
scrSOL004_TACTTACTCGGCGGTT	tumor	NA
scrSOL004_TACTTGTAGATATGGT	tumor	NA
scrSOL004_TACTTGTAGCTCCTTC	tumor	NA
scrSOL004_TACTTGTCAAATTGCC	normal	NA
scrSOL004_TACTTGTCACATTCGA	normal	NA
scrSOL004_TACTTGTCAGCCTATA	tumor	NA
scrSOL004_TACTTGTCATATGAGA	tumor	NA
scrSOL004_TACTTGTGTAGCTTGT	tumor	NA
scrSOL004_TACTTGTGTCTAGAGG	tumor	NA
scrSOL004_TACTTGTTCCAGAAGG	tumor	NA
scrSOL004_TACTTGTTCTGATTCT	tumor	NA
scrSOL004_TAGACCAAGGAATCGC	tumor	NA
scrSOL004_TAGACCAAGTGTACGG	normal	NA
scrSOL004_TAGACCAAGTGTCTCA	tumor	NA
scrSOL004_TAGACCAAGTGTTTGC	tumor	NA
scrSOL004_TAGACCACACTAGTAC	tumor	NA
scrSOL004_TAGACCACAGCTCCGA	tumor	NA
scrSOL004_TAGACCACATAGGATA	tumor	NA
scrSOL004_TAGACCAGTCTAAAGA	tumor	NA
scrSOL004_TAGACCAGTCTTCAAG	normal	NA
scrSOL004_TAGACCATCAACGGCC	tumor	NA
scrSOL004_TAGAGCTAGGCATGTG	tumor	NA
scrSOL004_TAGAGCTCACCAACCG	tumor	NA
scrSOL004_TAGAGCTGTCCCTACT	tumor	NA
scrSOL004_TAGAGCTTCCTACAGA	tumor	NA
scrSOL004_TAGAGCTTCGCAAACT	tumor	NA
scrSOL004_TAGAGCTTCTTACCGC	tumor	NA
scrSOL004_TAGCCGGCATGGAATA	tumor	NA
scrSOL004_TAGCCGGGTCACCCAG	tumor	NA
scrSOL004_TAGCCGGGTGCCTGGT	tumor	NA
scrSOL004_TAGCCGGTCACAGGCC	tumor	NA
scrSOL004_TAGCCGGTCCCTAACC	tumor	NA
scrSOL004_TAGCCGGTCCTACAGA	tumor	NA
scrSOL004_TAGCCGGTCTATGTGG	normal	NA
scrSOL004_TAGGCATCATGGTAGG	tumor	NA
scrSOL004_TAGGCATGTGTTGAGG	tumor	NA
scrSOL004_TAGGCATGTTATCACG	tumor	NA
scrSOL004_TAGGCATTCGTGACAT	tumor	NA
scrSOL004_TAGTGGTAGTCCATAC	tumor	NA
scrSOL004_TAGTGGTAGTCTCCTC	tumor	NA
scrSOL004_TAGTGGTCAAGCGATG	tumor	NA
scrSOL004_TAGTGGTCAGGTCGTC	tumor	NA
scrSOL004_TAGTGGTGTAATTGGA	normal	NA
scrSOL004_TAGTGGTGTCAAGCGA	tumor	NA
scrSOL004_TAGTGGTGTTGCCTCT	tumor	NA
scrSOL004_TAGTGGTTCACATAGC	tumor	NA
scrSOL004_TAGTGGTTCTGGTGTA	tumor	NA
scrSOL004_TAGTTGGAGCCAGGAT	tumor	NA
scrSOL004_TAGTTGGAGCCGCCTA	tumor	NA
scrSOL004_TAGTTGGAGGAGTCTG	tumor	NA
scrSOL004_TAGTTGGAGGATTCGG	tumor	NA
scrSOL004_TAGTTGGCAAACCTAC	tumor	NA
scrSOL004_TAGTTGGCACTAGTAC	tumor	NA
scrSOL004_TAGTTGGCATTTCAGG	tumor	NA
scrSOL004_TAGTTGGTCAGTCAGT	normal	NA
scrSOL004_TATCAGGAGATCGGGT	tumor	NA
scrSOL004_TATCAGGGTGCAGGTA	normal	yes
scrSOL004_TATCAGGGTGCCTGTG	tumor	NA
scrSOL004_TATCAGGTCACTTACT	normal	yes
scrSOL004_TATCAGGTCGAATGCT	tumor	NA
scrSOL004_TATCTCAAGAAACCTA	normal	NA
scrSOL004_TATCTCAAGAAGCCCA	tumor	NA
scrSOL004_TATCTCAAGAAGGCCT	tumor	NA
scrSOL004_TATCTCACACCGAAAG	tumor	NA
scrSOL004_TATCTCACAGGGAGAG	tumor	NA
scrSOL004_TATCTCAGTAGGCATG	tumor	NA
scrSOL004_TATCTCATCGCGTTTC	tumor	NA
scrSOL004_TATCTCATCGTCACGG	tumor	NA
scrSOL004_TATGCCCAGGAGTTGC	normal	NA
scrSOL004_TATGCCCAGTAATCCC	tumor	NA
scrSOL004_TATGCCCCAAAGAATC	tumor	NA
scrSOL004_TATGCCCCAATGAATG	tumor	NA
scrSOL004_TATGCCCCACCACCAG	normal	NA
scrSOL004_TATGCCCCAGGCTCAC	tumor	NA
scrSOL004_TATGCCCCAGTTTACG	tumor	NA
scrSOL004_TATGCCCCATGGTAGG	tumor	NA
scrSOL004_TATGCCCGTAGCTTGT	tumor	NA
scrSOL004_TATGCCCGTATATCCG	tumor	NA
scrSOL004_TATGCCCGTATGAATG	normal	NA
scrSOL004_TATGCCCGTCTTCAAG	tumor	NA
scrSOL004_TATGCCCTCTAGCACA	tumor	NA
scrSOL004_TATTACCAGAAGCCCA	normal	NA
scrSOL004_TATTACCAGAGCCCAA	tumor	NA
scrSOL004_TATTACCAGTACATGA	tumor	NA
scrSOL004_TATTACCAGTGGTCCC	tumor	NA
scrSOL004_TATTACCGTCTCCACT	tumor	NA
scrSOL004_TATTACCGTGAAGGCT	tumor	NA
scrSOL004_TATTACCTCTACCAGA	normal	NA
scrSOL004_TCAACGAAGCTTATCG	tumor	NA
scrSOL004_TCAACGAAGGGTTCCC	tumor	NA
scrSOL004_TCAACGAAGTAGGCCA	tumor	NA
scrSOL004_TCAACGACAGGGTACA	tumor	NA
scrSOL004_TCAACGACATCAGTAC	tumor	NA
scrSOL004_TCAACGAGTCACTTCC	tumor	NA
scrSOL004_TCAACGAGTCTTCGTC	tumor	NA
scrSOL004_TCAACGAGTGCGAAAC	tumor	NA
scrSOL004_TCAACGATCATAAAGG	tumor	NA
scrSOL004_TCAACGATCCCAAGAT	tumor	NA
scrSOL004_TCAATCTCAAACTGTC	tumor	NA
scrSOL004_TCAATCTCATATGAGA	tumor	NA
scrSOL004_TCAATCTGTCAAGCGA	tumor	NA
scrSOL004_TCAATCTGTCGCGTGT	normal	NA
scrSOL004_TCAATCTGTTACGTCA	tumor	NA
scrSOL004_TCAATCTGTTCCAACA	tumor	NA
scrSOL004_TCACAAGAGATCACGG	normal	NA
scrSOL004_TCACAAGAGATGGCGT	tumor	NA
scrSOL004_TCACAAGAGTCTCAAC	tumor	NA
scrSOL004_TCACAAGAGTTGCAGG	tumor	NA
scrSOL004_TCACAAGCAAGGTTCT	tumor	NA
scrSOL004_TCACAAGCACATGGGA	tumor	NA
scrSOL004_TCACAAGGTGACAAAT	tumor	NA
scrSOL004_TCACAAGGTTAGGGTG	tumor	NA
scrSOL004_TCACAAGGTTATGCGT	normal	NA
scrSOL004_TCACAAGTCAGCCTAA	tumor	NA
scrSOL004_TCACGAAAGAGTACAT	tumor	NA
scrSOL004_TCACGAAAGCCTTGAT	tumor	NA
scrSOL004_TCACGAAAGCGAAGGG	tumor	NA
scrSOL004_TCACGAAAGCGAGAAA	tumor	NA
scrSOL004_TCACGAAGTTCAGCGC	tumor	NA
scrSOL004_TCACGAATCAGCCTAA	tumor	NA
scrSOL004_TCACGAATCCCACTTG	tumor	NA
scrSOL004_TCAGATGAGCACCGCT	tumor	NA
scrSOL004_TCAGATGGTAGCTGCC	tumor	NA
scrSOL004_TCAGATGGTCACACGC	tumor	NA
scrSOL004_TCAGATGGTTTCCACC	normal	NA
scrSOL004_TCAGATGTCAATCTCT	normal	NA
scrSOL004_TCAGATGTCGCACTCT	normal	NA
scrSOL004_TCAGCAAAGGATGCGT	tumor	NA
scrSOL004_TCAGCAAGTCTTGTCC	normal	NA
scrSOL004_TCAGCAAGTTCCGTCT	tumor	NA
scrSOL004_TCAGCAATCAAACCGT	tumor	NA
scrSOL004_TCAGCAATCAGTGTTG	tumor	NA
scrSOL004_TCAGCAATCATCACCC	tumor	NA
scrSOL004_TCAGCAATCATTTGGG	normal	NA
scrSOL004_TCAGCAATCCGGGTGT	tumor	NA
scrSOL004_TCAGCTCAGAAGGCCT	tumor	NA
scrSOL004_TCAGCTCAGCTAAGAT	tumor	NA
scrSOL004_TCAGCTCAGCTCCTCT	tumor	NA
scrSOL004_TCAGCTCAGGTGCTAG	tumor	NA
scrSOL004_TCAGCTCCACGACGAA	normal	NA
scrSOL004_TCAGCTCCACTCGACG	tumor	NA
scrSOL004_TCAGCTCCAGGTCCAC	tumor	NA
scrSOL004_TCAGCTCCAGGTGCCT	tumor	NA
scrSOL004_TCAGCTCCAGTGGAGT	tumor	NA
scrSOL004_TCAGCTCCATGACGGA	tumor	NA
scrSOL004_TCAGCTCCATTTCACT	tumor	NA
scrSOL004_TCAGCTCGTAGCTTGT	tumor	NA
scrSOL004_TCAGCTCGTCACACGC	tumor	NA
scrSOL004_TCAGCTCTCACTCCTG	normal	NA
scrSOL004_TCAGCTCTCCTAAGTG	tumor	NA
scrSOL004_TCAGGATAGATAGGAG	tumor	NA
scrSOL004_TCAGGATCAATGAATG	tumor	NA
scrSOL004_TCAGGATCACTCTGTC	tumor	NA
scrSOL004_TCAGGATGTGCGATAG	tumor	NA
scrSOL004_TCAGGATTCCATTCTA	tumor	NA
scrSOL004_TCAGGTAAGTAAGTAC	normal	NA
scrSOL004_TCAGGTACAGCTGCAC	normal	NA
scrSOL004_TCAGGTACAGCTGGCT	tumor	NA
scrSOL004_TCAGGTAGTCAATACC	tumor	NA
scrSOL004_TCAGGTAGTGTGGCTC	tumor	NA
scrSOL004_TCAGGTATCGTCGTTC	tumor	NA
scrSOL004_TCAGGTATCTTCATGT	tumor	NA
scrSOL004_TCATTACAGATATGGT	tumor	NA
scrSOL004_TCATTACAGGTGTTAA	tumor	NA
scrSOL004_TCATTACCAGCTCGCA	tumor	NA
scrSOL004_TCATTACCATGCCACG	tumor	NA
scrSOL004_TCATTACGTAGGAGTC	tumor	NA
scrSOL004_TCATTACGTCTTCAAG	tumor	NA
scrSOL004_TCATTACGTGGTCTCG	normal	NA
scrSOL004_TCATTACGTTGAGTTC	tumor	NA
scrSOL004_TCATTACTCAGCGATT	tumor	NA
scrSOL004_TCATTTGAGCGTCTAT	tumor	NA
scrSOL004_TCATTTGAGGACAGCT	tumor	NA
scrSOL004_TCATTTGAGGCAATTA	tumor	NA
scrSOL004_TCATTTGAGGTTACCT	tumor	NA
scrSOL004_TCATTTGCAAACTGTC	tumor	NA
scrSOL004_TCATTTGCAAGCTGAG	tumor	NA
scrSOL004_TCATTTGGTAGGGACT	tumor	NA
scrSOL004_TCATTTGGTCATTAGC	tumor	NA
scrSOL004_TCATTTGGTCCTGCTT	tumor	NA
scrSOL004_TCATTTGGTGTGTGCC	normal	NA
scrSOL004_TCATTTGTCAAACCAC	normal	NA
scrSOL004_TCATTTGTCACGCATA	tumor	NA
scrSOL004_TCATTTGTCGATGAGG	tumor	NA
scrSOL004_TCATTTGTCGCAAGCC	tumor	NA
scrSOL004_TCCACACAGCTCTCGG	tumor	NA
scrSOL004_TCCACACAGGATGCGT	tumor	NA
scrSOL004_TCCACACAGTGTGAAT	normal	NA
scrSOL004_TCCACACCACACGCTG	tumor	NA
scrSOL004_TCCACACCAGCTGTTA	tumor	NA
scrSOL004_TCCACACCATTGGGCC	tumor	NA
scrSOL004_TCCACACGTAAAGTCA	tumor	NA
scrSOL004_TCCACACGTAAGTGTA	tumor	NA
scrSOL004_TCCACACGTACATCCA	tumor	NA
scrSOL004_TCCACACGTTACGTCA	normal	NA
scrSOL004_TCCACACTCATTGCGA	tumor	NA
scrSOL004_TCCACACTCTAACTCT	tumor	NA
scrSOL004_TCCCGATAGGTAGCCA	tumor	NA
scrSOL004_TCCCGATCAATCGGTT	tumor	NA
scrSOL004_TCCCGATCACACGCTG	tumor	NA
scrSOL004_TCCCGATGTACCTACA	tumor	NA
scrSOL004_TCCCGATGTGACCAAG	tumor	NA
scrSOL004_TCCCGATTCAGCACAT	tumor	NA
scrSOL004_TCGAGGCAGACAGGCT	normal	NA
scrSOL004_TCGAGGCAGTTCCACA	tumor	NA
scrSOL004_TCGAGGCCAATCGGTT	normal	NA
scrSOL004_TCGAGGCCACAGTCGC	normal	NA
scrSOL004_TCGAGGCCACTCGACG	tumor	NA
scrSOL004_TCGAGGCCAGAAGCAC	tumor	NA
scrSOL004_TCGAGGCCAGCTGTGC	tumor	NA
scrSOL004_TCGAGGCGTAAGGATT	tumor	NA
scrSOL004_TCGAGGCGTACCGTAT	tumor	NA
scrSOL004_TCGAGGCGTACCTACA	normal	NA
scrSOL004_TCGAGGCGTACGAAAT	tumor	NA
scrSOL004_TCGAGGCTCCCTTGTG	normal	NA
scrSOL004_TCGAGGCTCCGAAGAG	tumor	NA
scrSOL004_TCGCGAGAGCCATCGC	tumor	NA
scrSOL004_TCGCGAGAGTAGATGT	normal	NA
scrSOL004_TCGCGAGAGTATCTCG	tumor	NA
scrSOL004_TCGCGAGCAAGCGCTC	tumor	NA
scrSOL004_TCGCGAGGTAAGTGTA	tumor	NA
scrSOL004_TCGCGAGGTAGGAGTC	tumor	NA
scrSOL004_TCGCGAGGTAGGGTAC	tumor	NA
scrSOL004_TCGCGAGGTCTAGTCA	tumor	NA
scrSOL004_TCGCGAGTCCCACTTG	tumor	NA
scrSOL004_TCGCGTTAGGCCCTCA	tumor	NA
scrSOL004_TCGCGTTCACATCTTT	tumor	NA
scrSOL004_TCGCGTTCACCGCTAG	normal	NA
scrSOL004_TCGCGTTCATTCTCAT	tumor	NA
scrSOL004_TCGCGTTGTATCAGTC	tumor	NA
scrSOL004_TCGCGTTGTCAGATAA	tumor	NA
scrSOL004_TCGCGTTGTTGTTTGG	normal	NA
scrSOL004_TCGCGTTTCAACCAAC	tumor	NA
scrSOL004_TCGCGTTTCACGAAGG	tumor	NA
scrSOL004_TCGGGACAGATCCTGT	tumor	NA
scrSOL004_TCGGGACAGCCTATGT	tumor	NA
scrSOL004_TCGGGACAGCGATAGC	tumor	NA
scrSOL004_TCGGGACAGCGTTTAC	tumor	NA
scrSOL004_TCGGGACCACGGCGTT	tumor	NA
scrSOL004_TCGGGACGTCATACTG	tumor	NA
scrSOL004_TCGGGACTCAGAGGTG	tumor	NA
scrSOL004_TCGGTAAAGAATAGGG	tumor	NA
scrSOL004_TCGGTAAAGAGGTTGC	tumor	NA
scrSOL004_TCGGTAAAGATCCTGT	tumor	NA
scrSOL004_TCGGTAACAAATTGCC	tumor	NA
scrSOL004_TCGGTAACAAGCGATG	tumor	NA
scrSOL004_TCGGTAACACGAGGTA	tumor	NA
scrSOL004_TCGGTAACAGATGGCA	tumor	NA
scrSOL004_TCGGTAAGTATCGCAT	tumor	NA
scrSOL004_TCGGTAATCCGAACGC	tumor	NA
scrSOL004_TCGGTAATCGTCGTTC	tumor	NA
scrSOL004_TCGTACCAGCTAGTGG	tumor	NA
scrSOL004_TCGTACCAGCTGTTCA	tumor	NA
scrSOL004_TCGTACCAGTGGGCTA	tumor	NA
scrSOL004_TCGTACCCAAGAGGCT	tumor	NA
scrSOL004_TCGTACCCACCAACCG	tumor	NA
scrSOL004_TCGTACCCAGACAAAT	tumor	NA
scrSOL004_TCGTACCGTTTCCACC	tumor	NA
scrSOL004_TCGTACCGTTTGTTGG	tumor	NA
scrSOL004_TCGTACCTCCAATGGT	tumor	NA
scrSOL004_TCGTAGAAGCGATATA	tumor	NA
scrSOL004_TCGTAGACAGTACACT	tumor	NA
scrSOL004_TCGTAGAGTAGCAAAT	tumor	NA
scrSOL004_TCGTAGAGTCAACATC	normal	NA
scrSOL004_TCGTAGATCAGTTTGG	normal	NA
scrSOL004_TCGTAGATCTTAGCCC	tumor	NA
scrSOL004_TCTATTGAGAAGGACA	tumor	NA
scrSOL004_TCTATTGAGACAGACC	tumor	NA
scrSOL004_TCTATTGAGATACACA	normal	NA
scrSOL004_TCTATTGAGCGATCCC	tumor	NA
scrSOL004_TCTATTGAGCGCTTAT	normal	NA
scrSOL004_TCTATTGAGGAGTTGC	tumor	NA
scrSOL004_TCTATTGAGGCCCTCA	tumor	NA
scrSOL004_TCTATTGAGTCTCAAC	tumor	NA
scrSOL004_TCTATTGCAATCAGAA	tumor	NA
scrSOL004_TCTATTGCACCTATCC	tumor	NA
scrSOL004_TCTATTGCAGTCTTCC	tumor	NA
scrSOL004_TCTATTGCATTGGTAC	tumor	NA
scrSOL004_TCTATTGGTAACGCGA	tumor	NA
scrSOL004_TCTATTGGTGAGGGAG	tumor	NA
scrSOL004_TCTATTGTCCACGCAG	tumor	NA
scrSOL004_TCTATTGTCGGTGTTA	tumor	NA
scrSOL004_TCTCATAAGAGGTTAT	tumor	NA
scrSOL004_TCTCATAAGATGTCGG	normal	NA
scrSOL004_TCTCATAAGCGTAGTG	tumor	NA
scrSOL004_TCTCATAAGGCCCTTG	tumor	NA
scrSOL004_TCTCATAAGTGCCATT	normal	NA
scrSOL004_TCTCATACAAGCCATT	tumor	NA
scrSOL004_TCTCATAGTGATAAAC	tumor	NA
scrSOL004_TCTCATAGTGCATCTA	tumor	NA
scrSOL004_TCTCATATCCCAAGAT	tumor	NA
scrSOL004_TCTCATATCTTAGCCC	normal	NA
scrSOL004_TCTCTAAAGCCGTCGT	tumor	NA
scrSOL004_TCTCTAAAGGCATGTG	tumor	NA
scrSOL004_TCTCTAAAGTCCATAC	tumor	NA
scrSOL004_TCTCTAAAGTGGAGAA	normal	NA
scrSOL004_TCTCTAAAGTTACCCA	tumor	NA
scrSOL004_TCTCTAACAAGCCGTC	tumor	NA
scrSOL004_TCTCTAACAAGCGTAG	tumor	NA
scrSOL004_TCTCTAACAATCCAAC	tumor	NA
scrSOL004_TCTCTAACATGACGGA	normal	NA
scrSOL004_TCTCTAAGTCGGCTCA	tumor	NA
scrSOL004_TCTCTAAGTGCTAGCC	tumor	NA
scrSOL004_TCTCTAAGTGGGTATG	tumor	NA
scrSOL004_TCTCTAATCGAGAACG	tumor	NA
scrSOL004_TCTCTAATCGTGACAT	normal	NA
scrSOL004_TCTCTAATCGTGGGAA	tumor	NA
scrSOL004_TCTGAGAAGGTAAACT	normal	NA
scrSOL004_TCTGAGAAGTTGCAGG	tumor	NA
scrSOL004_TCTGAGACAATCGGTT	normal	NA
scrSOL004_TCTGAGACAGCTGCTG	tumor	NA
scrSOL004_TCTGAGAGTACGACCC	normal	NA
scrSOL004_TCTGAGAGTAGGCTGA	tumor	NA
scrSOL004_TCTGAGAGTCTCTCTG	tumor	NA
scrSOL004_TCTGAGAGTGGCGAAT	tumor	NA
scrSOL004_TCTGAGAGTTATCGGT	normal	NA
scrSOL004_TCTGGAAAGAATTGTG	normal	NA
scrSOL004_TCTGGAAAGGTAGCCA	normal	NA
scrSOL004_TCTGGAACACTTAAGC	tumor	NA
scrSOL004_TCTGGAACATGCCTTC	tumor	NA
scrSOL004_TCTGGAAGTACCGAGA	tumor	NA
scrSOL004_TCTGGAAGTCATATCG	tumor	NA
scrSOL004_TCTGGAAGTCCAACTA	tumor	NA
scrSOL004_TCTGGAAGTCGCATAT	tumor	NA
scrSOL004_TCTGGAAGTGCTTCTC	tumor	NA
scrSOL004_TCTGGAAGTTCATGGT	tumor	NA
scrSOL004_TCTGGAATCGTCTGCT	tumor	NA
scrSOL004_TCTGGAATCTGAGTGT	tumor	NA
scrSOL004_TCTTCGGAGCCAACAG	tumor	NA
scrSOL004_TCTTCGGAGCTACCGC	tumor	NA
scrSOL004_TCTTCGGGTGCCTGTG	tumor	NA
scrSOL004_TCTTCGGTCAAAGACA	normal	NA
scrSOL004_TCTTTCCAGACCACGA	tumor	NA
scrSOL004_TCTTTCCAGCGTTTAC	tumor	NA
scrSOL004_TCTTTCCCATATGGTC	tumor	NA
scrSOL004_TCTTTCCGTTAAGACA	tumor	NA
scrSOL004_TCTTTCCTCCGCAAGC	tumor	NA
scrSOL004_TCTTTCCTCTGTTGAG	normal	NA
scrSOL004_TGAAAGACACGTTGGC	tumor	NA
scrSOL004_TGAAAGACATCACAAC	tumor	NA
scrSOL004_TGAAAGAGTGACGCCT	tumor	NA
scrSOL004_TGAAAGAGTGACGGTA	tumor	NA
scrSOL004_TGAAAGAGTGCACGAA	tumor	NA
scrSOL004_TGAAAGAGTTACGTCA	tumor	NA
scrSOL004_TGAAAGATCACCACCT	normal	NA
scrSOL004_TGAAAGATCATGTAGC	tumor	NA
scrSOL004_TGAAAGATCCTTTCGG	normal	NA
scrSOL004_TGAAAGATCTGTCAAG	tumor	NA
scrSOL004_TGACAACCATGCTGGC	tumor	NA
scrSOL004_TGACAACGTCCAACTA	tumor	NA
scrSOL004_TGACAACGTGAGGGAG	tumor	NA
scrSOL004_TGACAACGTGTGAATA	tumor	NA
scrSOL004_TGACAACTCCTATGTT	normal	NA
scrSOL004_TGACAACTCGATAGAA	tumor	NA
scrSOL004_TGACGGCGTCAGGACA	tumor	NA
scrSOL004_TGACGGCTCGTCTGAA	tumor	NA
scrSOL004_TGACTAGAGAAACCTA	tumor	NA
scrSOL004_TGACTAGCAATGAATG	tumor	NA
scrSOL004_TGACTAGCACAGTCGC	normal	NA
scrSOL004_TGACTAGTCAACACCA	tumor	NA
scrSOL004_TGACTAGTCGCAAGCC	tumor	NA
scrSOL004_TGACTTTAGGACAGAA	tumor	NA
scrSOL004_TGACTTTAGTTCGCGC	tumor	NA
scrSOL004_TGACTTTCATAGGATA	tumor	NA
scrSOL004_TGACTTTCATGACATC	tumor	NA
scrSOL004_TGACTTTGTACATGTC	tumor	NA
scrSOL004_TGACTTTGTGTCAATC	tumor	NA
scrSOL004_TGACTTTGTTAAAGAC	tumor	NA
scrSOL004_TGACTTTTCGCACTCT	tumor	NA
scrSOL004_TGAGAGGAGAAACCTA	tumor	NA
scrSOL004_TGAGAGGAGAGCAATT	tumor	NA
scrSOL004_TGAGAGGAGGGTTTCT	tumor	NA
scrSOL004_TGAGAGGCAACTTGAC	tumor	NA
scrSOL004_TGAGAGGCACGGTTTA	tumor	NA
scrSOL004_TGAGAGGCAGGCGATA	tumor	NA
scrSOL004_TGAGAGGCAGTATAAG	tumor	NA
scrSOL004_TGAGAGGGTGATGTGG	tumor	NA
scrSOL004_TGAGAGGTCATCTGTT	tumor	NA
scrSOL004_TGAGCATAGAAACCAT	normal	NA
scrSOL004_TGAGCATAGACCCACC	tumor	NA
scrSOL004_TGAGCATAGTACGTTC	tumor	NA
scrSOL004_TGAGCATCAAAGGTGC	tumor	NA
scrSOL004_TGAGCATCAAATACAG	tumor	NA
scrSOL004_TGAGCATCAGGCGATA	tumor	NA
scrSOL004_TGAGCATGTAGCGATG	tumor	NA
scrSOL004_TGAGCATGTAGCTAAA	tumor	NA
scrSOL004_TGAGCATGTCCGTCAG	tumor	NA
scrSOL004_TGAGCATGTGATGCCC	normal	NA
scrSOL004_TGAGCATGTTCTGAAC	normal	NA
scrSOL004_TGAGCATGTTGTCTTT	tumor	NA
scrSOL004_TGAGCATGTTGTTTGG	normal	NA
scrSOL004_TGAGCATTCTTTAGGG	tumor	NA
scrSOL004_TGAGCCGAGAATGTTG	tumor	NA
scrSOL004_TGAGCCGAGACGACGT	normal	NA
scrSOL004_TGAGCCGAGCGTTCCG	tumor	NA
scrSOL004_TGAGCCGCACACCGAC	tumor	NA
scrSOL004_TGAGCCGCAGGCTGAA	tumor	NA
scrSOL004_TGAGCCGCATCGATTG	tumor	NA
scrSOL004_TGAGCCGGTCTAGCGC	normal	NA
scrSOL004_TGAGGGAAGAGACGAA	tumor	NA
scrSOL004_TGAGGGAAGATGCCAG	normal	NA
scrSOL004_TGAGGGAAGGAACTGC	tumor	NA
scrSOL004_TGAGGGACAGATCCAT	tumor	NA
scrSOL004_TGAGGGACATACTCTT	tumor	NA
scrSOL004_TGAGGGAGTAGTGAAT	normal	NA
scrSOL004_TGAGGGAGTGGCAAAC	tumor	NA
scrSOL004_TGAGGGAGTTCCGGCA	tumor	NA
scrSOL004_TGAGGGATCAACACAC	tumor	NA
scrSOL004_TGAGGGATCATCGATG	tumor	NA
scrSOL004_TGAGGGATCTACGAGT	tumor	NA
scrSOL004_TGATTTCAGAGCTATA	normal	NA
scrSOL004_TGATTTCAGCTAGTGG	tumor	NA
scrSOL004_TGATTTCAGGGATGGG	tumor	NA
scrSOL004_TGATTTCAGTGCGTGA	tumor	NA
scrSOL004_TGATTTCCAGTCCTTC	tumor	NA
scrSOL004_TGATTTCGTCCGCTGA	tumor	NA
scrSOL004_TGATTTCGTTCCACAA	normal	NA
scrSOL004_TGATTTCTCATGTCCC	tumor	NA
scrSOL004_TGATTTCTCATTCACT	tumor	NA
scrSOL004_TGATTTCTCGTACCGG	normal	NA
scrSOL004_TGATTTCTCTGTACGA	tumor	NA
scrSOL004_TGCACCTAGAGTTGGC	tumor	NA
scrSOL004_TGCACCTCAATCTGCA	normal	NA
scrSOL004_TGCACCTCAATGCCAT	tumor	NA
scrSOL004_TGCACCTCACCACGTG	tumor	NA
scrSOL004_TGCACCTCACCAGGCT	tumor	NA
scrSOL004_TGCACCTCACCGATAT	tumor	NA
scrSOL004_TGCACCTCATTCCTCG	tumor	NA
scrSOL004_TGCACCTGTACCTACA	tumor	NA
scrSOL004_TGCACCTGTCGCGAAA	tumor	NA
scrSOL004_TGCACCTGTGCCTGTG	tumor	NA
scrSOL004_TGCACCTTCAGCATGT	tumor	NA
scrSOL004_TGCACCTTCTGTGCAA	tumor	NA
scrSOL004_TGCCAAAAGAAGGGTA	tumor	NA
scrSOL004_TGCCAAAAGCCATCGC	tumor	NA
scrSOL004_TGCCAAAAGTGGAGAA	tumor	NA
scrSOL004_TGCCAAAAGTTGTAGA	tumor	NA
scrSOL004_TGCCAAACAAGTTAAG	tumor	NA
scrSOL004_TGCCAAACACTATCTT	tumor	NA
scrSOL004_TGCCAAACAGGCTGAA	normal	NA
scrSOL004_TGCCAAACATAACCTG	tumor	NA
scrSOL004_TGCCAAACATTGGCGC	tumor	NA
scrSOL004_TGCCAAATCGAATGCT	tumor	NA
scrSOL004_TGCCAAATCGGAATCT	normal	NA
scrSOL004_TGCCAAATCTGCCAGG	tumor	NA
scrSOL004_TGCCCATAGAATTGTG	tumor	NA
scrSOL004_TGCCCATCACTACAGT	tumor	NA
scrSOL004_TGCCCATGTATAGGGC	tumor	NA
scrSOL004_TGCCCATGTATGGTTC	tumor	NA
scrSOL004_TGCCCATTCTCTTATG	tumor	NA
scrSOL004_TGCCCTAAGAAACCAT	normal	NA
scrSOL004_TGCCCTAAGACAGACC	tumor	NA
scrSOL004_TGCCCTAAGACCCACC	tumor	NA
scrSOL004_TGCCCTAAGTCGATAA	normal	NA
scrSOL004_TGCCCTACAAAGTCAA	tumor	NA
scrSOL004_TGCCCTAGTCGCTTCT	tumor	NA
scrSOL004_TGCCCTAGTTACCGAT	normal	NA
scrSOL004_TGCCCTAGTTGCGCAC	tumor	NA
scrSOL004_TGCCCTAGTTGGGACA	tumor	NA
scrSOL004_TGCCCTATCAACACAC	tumor	NA
scrSOL004_TGCCCTATCACTCTTA	normal	NA
scrSOL004_TGCCCTATCTATCCCG	tumor	NA
scrSOL004_TGCGCAGAGCCGTCGT	tumor	NA
scrSOL004_TGCGCAGAGGACCACA	tumor	NA
scrSOL004_TGCGCAGCACATTAGC	tumor	NA
scrSOL004_TGCGCAGGTCTCCATC	tumor	NA
scrSOL004_TGCGCAGTCACTTCAT	tumor	NA
scrSOL004_TGCGCAGTCATCATTC	tumor	NA
scrSOL004_TGCGGGTAGAGCTATA	tumor	NA
scrSOL004_TGCGGGTAGTCCCACG	tumor	NA
scrSOL004_TGCGGGTCACGTTGGC	tumor	NA
scrSOL004_TGCGGGTCATGCCTTC	tumor	NA
scrSOL004_TGCGGGTGTGCGAAAC	tumor	NA
scrSOL004_TGCGGGTGTTACGTCA	tumor	NA
scrSOL004_TGCGGGTGTTGCGCAC	tumor	NA
scrSOL004_TGCGGGTTCAGTTTGG	tumor	NA
scrSOL004_TGCGGGTTCTGCAGTA	tumor	NA
scrSOL004_TGCGGGTTCTTTCCTC	tumor	NA
scrSOL004_TGCGTGGAGCGCTTAT	tumor	NA
scrSOL004_TGCGTGGAGCTAAACA	tumor	NA
scrSOL004_TGCGTGGCAGCCAGAA	normal	NA
scrSOL004_TGCGTGGGTTAAGGGC	tumor	NA
scrSOL004_TGCGTGGTCCGTTGTC	normal	NA
scrSOL004_TGCTACCAGATGTCGG	tumor	NA
scrSOL004_TGCTACCAGCTTTGGT	tumor	NA
scrSOL004_TGCTACCAGTGGGCTA	tumor	NA
scrSOL004_TGCTACCCAATAACGA	tumor	NA
scrSOL004_TGCTACCCAATGTAAG	normal	NA
scrSOL004_TGCTACCCAGGAACGT	tumor	NA
scrSOL004_TGCTACCGTATGCTTG	tumor	NA
scrSOL004_TGCTACCTCCACGTGG	tumor	NA
scrSOL004_TGCTGCTAGAGACGAA	normal	NA
scrSOL004_TGCTGCTAGATATGGT	tumor	NA
scrSOL004_TGCTGCTAGCTCCCAG	tumor	NA
scrSOL004_TGCTGCTCAAACTGCT	normal	NA
scrSOL004_TGCTGCTCAAGTCATC	normal	NA
scrSOL004_TGCTGCTCACATAACC	normal	NA
scrSOL004_TGCTGCTCAGCCTATA	tumor	NA
scrSOL004_TGCTGCTCAGTCAGAG	tumor	NA
scrSOL004_TGCTGCTCATTGGGCC	normal	NA
scrSOL004_TGCTGCTCATTTCAGG	tumor	NA
scrSOL004_TGCTGCTGTAAACCTC	tumor	NA
scrSOL004_TGCTGCTGTGCCTGCA	normal	NA
scrSOL004_TGCTGCTGTGGTCCGT	tumor	NA
scrSOL004_TGCTGCTTCAGGCGAA	normal	NA
scrSOL004_TGCTGCTTCTGCGGCA	normal	NA
scrSOL004_TGCTGCTTCTTCTGGC	tumor	NA
scrSOL004_TGGACGCCAAAGGAAG	tumor	NA
scrSOL004_TGGACGCCAAGTCTGT	tumor	NA
scrSOL004_TGGACGCCACTGCCAG	normal	NA
scrSOL004_TGGACGCCATCCGCGA	normal	NA
scrSOL004_TGGACGCGTAAGAGGA	tumor	NA
scrSOL004_TGGACGCGTTGGTTTG	tumor	NA
scrSOL004_TGGACGCTCTGTCTCG	normal	NA
scrSOL004_TGGACGCTCTTGACGA	tumor	NA
scrSOL004_TGGCCAGAGACGACGT	tumor	NA
scrSOL004_TGGCCAGAGCTAGCCC	tumor	NA
scrSOL004_TGGCCAGAGTACATGA	tumor	NA
scrSOL004_TGGCCAGAGTGCCAGA	tumor	NA
scrSOL004_TGGCCAGCATGTCCTC	tumor	NA
scrSOL004_TGGCCAGTCTGTACGA	normal	NA
scrSOL004_TGGCGCAAGTTCGCAT	tumor	NA
scrSOL004_TGGCGCACAAACAACA	tumor	NA
scrSOL004_TGGCGCACAGTTCATG	tumor	NA
scrSOL004_TGGCGCACATATGAGA	tumor	NA
scrSOL004_TGGCGCAGTCTCCATC	tumor	NA
scrSOL004_TGGCGCATCAGTTGAC	tumor	NA
scrSOL004_TGGCGCATCATCGCTC	tumor	NA
scrSOL004_TGGCGCATCTATCCTA	tumor	NA
scrSOL004_TGGCGCATCTGTTTGT	normal	yes
scrSOL004_TGGCGCATCTTGAGAC	tumor	NA
scrSOL004_TGGCTGGAGAGGACGG	tumor	NA
scrSOL004_TGGCTGGAGGAGTCTG	normal	NA
scrSOL004_TGGCTGGAGTCACGCC	tumor	NA
scrSOL004_TGGCTGGCAATCCGAT	tumor	NA
scrSOL004_TGGCTGGCACACATGT	tumor	NA
scrSOL004_TGGCTGGCATCGTCGG	normal	NA
scrSOL004_TGGCTGGCATGACGGA	tumor	NA
scrSOL004_TGGCTGGCATTGAGCT	normal	NA
scrSOL004_TGGCTGGGTCTCTCTG	tumor	NA
scrSOL004_TGGCTGGGTGGTAACG	tumor	NA
scrSOL004_TGGCTGGGTTCGCGAC	normal	NA
scrSOL004_TGGCTGGGTTGGACCC	tumor	NA
scrSOL004_TGGCTGGTCAAACAAG	tumor	NA
scrSOL004_TGGCTGGTCACCTTAT	tumor	NA
scrSOL004_TGGCTGGTCAGGCAAG	tumor	NA
scrSOL004_TGGCTGGTCTCGCTTG	tumor	NA
scrSOL004_TGGCTGGTCTTGTCAT	normal	NA
scrSOL004_TGGGAAGAGACTACAA	tumor	NA
scrSOL004_TGGGAAGAGATATACG	tumor	NA
scrSOL004_TGGGAAGCAAGTACCT	tumor	NA
scrSOL004_TGGGAAGGTAGCGTCC	normal	NA
scrSOL004_TGGGAAGGTTCCACAA	normal	NA
scrSOL004_TGGGAAGGTTTAGGAA	tumor	NA
scrSOL004_TGGGAAGTCCTTCAAT	normal	NA
scrSOL004_TGGGAAGTCTTAGAGC	tumor	NA
scrSOL004_TGGGCGTAGATGGGTC	tumor	NA
scrSOL004_TGGGCGTAGTGTTGAA	tumor	NA
scrSOL004_TGGGCGTGTCTTTCAT	normal	yes
scrSOL004_TGGGCGTTCCATGCTC	tumor	NA
scrSOL004_TGGTTAGAGATATACG	tumor	NA
scrSOL004_TGGTTAGCACTACAGT	tumor	NA
scrSOL004_TGGTTAGCAGCTATTG	tumor	NA
scrSOL004_TGGTTAGCATTTGCCC	tumor	NA
scrSOL004_TGGTTAGTCAAAGACA	tumor	NA
scrSOL004_TGGTTAGTCGCAAGCC	tumor	NA
scrSOL004_TGGTTAGTCTCGCATC	tumor	NA
scrSOL004_TGGTTCCAGCGTAGTG	tumor	NA
scrSOL004_TGGTTCCAGTGGAGTC	tumor	NA
scrSOL004_TGGTTCCCAACCGCCA	tumor	NA
scrSOL004_TGGTTCCCAGAGTGTG	tumor	NA
scrSOL004_TGGTTCCCATCTCCCA	normal	NA
scrSOL004_TGGTTCCGTACCGCTG	tumor	NA
scrSOL004_TGGTTCCGTGGGTCAA	tumor	NA
scrSOL004_TGGTTCCTCAACTCTT	tumor	NA
scrSOL004_TGGTTCCTCTAACTGG	tumor	NA
scrSOL004_TGTATTCAGAAGGTTT	normal	NA
scrSOL004_TGTATTCAGACCTTTG	tumor	NA
scrSOL004_TGTATTCAGTTGTCGT	tumor	NA
scrSOL004_TGTATTCCACCTCGTT	tumor	NA
scrSOL004_TGTATTCCACGCCAGT	tumor	NA
scrSOL004_TGTATTCCACGGTGTC	tumor	NA
scrSOL004_TGTATTCCAGCTGGCT	tumor	NA
scrSOL004_TGTATTCTCTTAACCT	tumor	NA
scrSOL004_TGTCCCAAGATAGTCA	normal	NA
scrSOL004_TGTCCCAAGCGTCAAG	tumor	NA
scrSOL004_TGTCCCAAGTTAAGTG	normal	NA
scrSOL004_TGTCCCAAGTTCGATC	tumor	NA
scrSOL004_TGTCCCACAGACTCGC	normal	NA
scrSOL004_TGTCCCACATGTAGTC	normal	NA
scrSOL004_TGTCCCACATTTCAGG	normal	NA
scrSOL004_TGTCCCAGTCGAGATG	tumor	NA
scrSOL004_TGTCCCAGTCGATTGT	tumor	NA
scrSOL004_TGTCCCATCGTAGGAG	tumor	NA
scrSOL004_TGTCCCATCTACTCAT	tumor	NA
scrSOL004_TGTGGTACAATAGCAA	tumor	NA
scrSOL004_TGTGGTACATCTCCCA	normal	NA
scrSOL004_TGTGGTATCAGCTCTC	tumor	NA
scrSOL004_TGTGGTATCCTTCAAT	tumor	NA
scrSOL004_TGTGTTTAGAGTGAGA	tumor	NA
scrSOL004_TGTGTTTCAAAGTCAA	tumor	NA
scrSOL004_TGTGTTTCATATGAGA	tumor	NA
scrSOL004_TGTGTTTCATATGCTG	tumor	NA
scrSOL004_TGTGTTTGTACTCGCG	normal	NA
scrSOL004_TGTGTTTGTTGCGCAC	tumor	NA
scrSOL004_TGTGTTTTCTTCAACT	normal	NA
scrSOL004_TGTTCCGAGCACCGTC	normal	NA
scrSOL004_TGTTCCGAGGTAGCCA	tumor	NA
scrSOL004_TGTTCCGAGTGTTTGC	tumor	NA
scrSOL004_TGTTCCGCAAGAAGAG	tumor	NA
scrSOL004_TGTTCCGCAGACGTAG	tumor	NA
scrSOL004_TGTTCCGCAGGGTTAG	tumor	NA
scrSOL004_TGTTCCGCATCTGGTA	tumor	NA
scrSOL004_TGTTCCGGTAGCAAAT	tumor	NA
scrSOL004_TGTTCCGGTCTGATCA	tumor	NA
scrSOL004_TGTTCCGTCCTCAACC	tumor	NA
scrSOL004_TGTTCCGTCTCCAACC	normal	NA
scrSOL004_TGTTCCGTCTCCCTGA	tumor	NA
scrSOL004_TGTTCCGTCTTCGAGA	tumor	NA
scrSOL004_TTAACTCAGTCGAGTG	tumor	NA
scrSOL004_TTAACTCCAATCCGAT	tumor	NA
scrSOL004_TTAACTCCACCTCGTT	tumor	NA
scrSOL004_TTAACTCGTATAGGGC	tumor	NA
scrSOL004_TTAACTCGTCATCCCT	normal	NA
scrSOL004_TTAACTCTCATCGGAT	tumor	NA
scrSOL004_TTAACTCTCCTAGGGC	tumor	NA
scrSOL004_TTAACTCTCTTATCTG	tumor	NA
scrSOL004_TTAGGACAGACAATAC	tumor	NA
scrSOL004_TTAGGACCAACGATCT	tumor	NA
scrSOL004_TTAGGACCACACTGCG	tumor	NA
scrSOL004_TTAGGACGTGACGGTA	tumor	NA
scrSOL004_TTAGGACTCACTATTC	tumor	NA
scrSOL004_TTAGGACTCATGTGGT	tumor	NA
scrSOL004_TTAGGCAAGACTTTCG	tumor	NA
scrSOL004_TTAGGCAAGGACATTA	tumor	NA
scrSOL004_TTAGGCAAGGGTTTCT	tumor	NA
scrSOL004_TTAGGCAAGTACGATA	tumor	NA
scrSOL004_TTAGGCAAGTTTAGGA	tumor	NA
scrSOL004_TTAGGCACAAGTCATC	tumor	NA
scrSOL004_TTAGGCAGTCGGCATC	tumor	NA
scrSOL004_TTAGGCAGTGCACCAC	tumor	NA
scrSOL004_TTAGGCAGTTGTGGCC	tumor	NA
scrSOL004_TTAGGCAGTTTGACTG	tumor	NA
scrSOL004_TTAGGCATCGTTTGCC	normal	NA
scrSOL004_TTAGTTCAGCGTAATA	tumor	NA
scrSOL004_TTAGTTCCAGACACTT	tumor	NA
scrSOL004_TTAGTTCCATATGCTG	tumor	NA
scrSOL004_TTAGTTCGTAATCGTC	tumor	NA
scrSOL004_TTAGTTCGTCGCTTTC	tumor	NA
scrSOL004_TTAGTTCTCCAAGCCG	normal	NA
scrSOL004_TTATGCTAGCTAACAA	tumor	NA
scrSOL004_TTATGCTAGCTACCTA	tumor	NA
scrSOL004_TTATGCTAGTACGTAA	tumor	NA
scrSOL004_TTATGCTAGTAGGTGC	tumor	NA
scrSOL004_TTATGCTCAAACGTGG	tumor	NA
scrSOL004_TTATGCTCAAGTAGTA	normal	NA
scrSOL004_TTATGCTCAATGGAAT	tumor	NA
scrSOL004_TTATGCTCATTCTCAT	tumor	NA
scrSOL004_TTATGCTGTACCATCA	normal	NA
scrSOL004_TTATGCTGTTATGTGC	tumor	NA
scrSOL004_TTATGCTGTTGCGCAC	tumor	NA
scrSOL004_TTATGCTTCCAGGGCT	tumor	NA
scrSOL004_TTATGCTTCGCAAACT	tumor	NA
scrSOL004_TTCCCAGAGACGCAAC	tumor	NA
scrSOL004_TTCCCAGCACGAGAGT	tumor	NA
scrSOL004_TTCCCAGCATGAAGTA	tumor	NA
scrSOL004_TTCCCAGCATGTCTCC	tumor	NA
scrSOL004_TTCCCAGGTCCGAAGA	normal	NA
scrSOL004_TTCCCAGGTTATCACG	tumor	NA
scrSOL004_TTCCCAGTCAACCATG	tumor	NA
scrSOL004_TTCGAAGAGTACGTAA	tumor	NA
scrSOL004_TTCGAAGAGTCGTACT	tumor	NA
scrSOL004_TTCGAAGAGTTCGCAT	tumor	NA
scrSOL004_TTCGAAGCACCAGATT	tumor	NA
scrSOL004_TTCGAAGGTTATTCTC	tumor	NA
scrSOL004_TTCGAAGTCGTTTGCC	tumor	NA
scrSOL004_TTCGAAGTCTTGGGTA	tumor	NA
scrSOL004_TTCGGTCAGATGTGTA	tumor	NA
scrSOL004_TTCGGTCAGCATCATC	tumor	NA
scrSOL004_TTCGGTCAGCTAGTTC	tumor	NA
scrSOL004_TTCGGTCAGGGCTTGA	normal	NA
scrSOL004_TTCGGTCCAATAACGA	tumor	NA
scrSOL004_TTCGGTCCACCCTATC	tumor	NA
scrSOL004_TTCGGTCCACGAGGTA	tumor	NA
scrSOL004_TTCGGTCGTAGGAGTC	tumor	NA
scrSOL004_TTCGGTCGTCTAGCCG	tumor	NA
scrSOL004_TTCGGTCGTCTGGTCG	normal	NA
scrSOL004_TTCGGTCGTTACCGAT	tumor	NA
scrSOL004_TTCGGTCTCAATCACG	tumor	NA
scrSOL004_TTCGGTCTCCGTCAAA	tumor	NA
scrSOL004_TTCGGTCTCTAACTTC	normal	NA
scrSOL004_TTCTACAAGGGTGTGT	tumor	NA
scrSOL004_TTCTACATCGGCGCAT	tumor	NA
scrSOL004_TTCTCAAAGGCTAGCA	tumor	NA
scrSOL004_TTCTCAACATCGACGC	tumor	NA
scrSOL004_TTCTCAACATTACCTT	tumor	NA
scrSOL004_TTCTCAATCACTTACT	normal	NA
scrSOL004_TTCTCAATCCACGCAG	tumor	NA
scrSOL004_TTCTCCTAGAGCTATA	tumor	NA
scrSOL004_TTCTCCTCAAGCTGGA	tumor	NA
scrSOL004_TTCTCCTGTAAGCACG	tumor	NA
scrSOL004_TTCTCCTGTTAGTGGG	tumor	NA
scrSOL004_TTCTCCTTCGCGCCAA	tumor	NA
scrSOL004_TTCTTAGCACCCATTC	tumor	NA
scrSOL004_TTCTTAGCACTGAAGG	tumor	NA
scrSOL004_TTCTTAGCATGGTCAT	tumor	NA
scrSOL004_TTCTTAGGTCAACATC	tumor	NA
scrSOL004_TTGAACGAGACTCGGA	tumor	NA
scrSOL004_TTGAACGAGGAGTCTG	tumor	NA
scrSOL004_TTGAACGAGTGTCTCA	tumor	NA
scrSOL004_TTGAACGGTAAAGGAG	tumor	NA
scrSOL004_TTGAACGGTCTAGTCA	tumor	NA
scrSOL004_TTGAACGGTGTATGGG	tumor	NA
scrSOL004_TTGAACGTCGCAAACT	tumor	NA
scrSOL004_TTGACTTAGTATGACA	tumor	NA
scrSOL004_TTGACTTCACAGGTTT	tumor	NA
scrSOL004_TTGACTTCACTTCGAA	normal	NA
scrSOL004_TTGACTTCATCACGAT	tumor	NA
scrSOL004_TTGACTTCATTGGCGC	tumor	NA
scrSOL004_TTGACTTGTACCCAAT	tumor	NA
scrSOL004_TTGACTTGTACCGCTG	tumor	NA
scrSOL004_TTGACTTGTGTCGCTG	tumor	NA
scrSOL004_TTGACTTTCGTCGTTC	tumor	NA
scrSOL004_TTGACTTTCGTTTAGG	tumor	NA
scrSOL004_TTGACTTTCTACCTGC	tumor	NA
scrSOL004_TTGCCGTAGGGTGTGT	tumor	NA
scrSOL004_TTGCCGTAGTCAAGGC	tumor	NA
scrSOL004_TTGCCGTAGTGGTCCC	tumor	NA
scrSOL004_TTGCCGTCAGCGAACA	tumor	NA
scrSOL004_TTGCCGTCATGAGCGA	tumor	NA
scrSOL004_TTGCCGTGTACGACCC	tumor	NA
scrSOL004_TTGCCGTGTCCAGTTA	tumor	NA
scrSOL004_TTGCCGTGTCGCGAAA	tumor	NA
scrSOL004_TTGCCGTGTCTCATCC	normal	NA
scrSOL004_TTGCCGTGTCTGATCA	normal	NA
scrSOL004_TTGCCGTGTTATCACG	normal	NA
scrSOL004_TTGCCGTTCCAAGCCG	normal	NA
scrSOL004_TTGCCGTTCGGCATCG	normal	NA
scrSOL004_TTGCCGTTCTCCTATA	tumor	NA
scrSOL004_TTGCCGTTCTGGAGCC	tumor	NA
scrSOL004_TTGCGTCAGTTGAGTA	tumor	NA
scrSOL004_TTGCGTCCACGTCAGC	tumor	NA
scrSOL004_TTGCGTCCACTGAAGG	tumor	NA
scrSOL004_TTGCGTCCAGCTTAAC	normal	NA
scrSOL004_TTGCGTCTCATTATCC	tumor	NA
scrSOL004_TTGCGTCTCTCCGGTT	tumor	NA
scrSOL004_TTGGAACAGACCACGA	tumor	NA
scrSOL004_TTGGAACAGCACAGGT	tumor	NA
scrSOL004_TTGGAACAGCCCGAAA	normal	NA
scrSOL004_TTGGAACAGCGTCAAG	tumor	NA
scrSOL004_TTGGAACAGTTTAGGA	tumor	NA
scrSOL004_TTGGAACCACCCATGG	tumor	NA
scrSOL004_TTGGAACCATGAGCGA	tumor	NA
scrSOL004_TTGGAACGTCAAAGAT	tumor	NA
scrSOL004_TTGGAACGTCAGAAGC	tumor	NA
scrSOL004_TTGGAACGTCCCTACT	tumor	NA
scrSOL004_TTGGAACGTGTTAAGA	tumor	NA
scrSOL004_TTGGAACTCAGTTCGA	tumor	NA
scrSOL004_TTGGAACTCTAACTTC	tumor	NA
scrSOL004_TTGGCAAAGTACGACG	tumor	NA
scrSOL004_TTGGCAACACCGTTGG	tumor	NA
scrSOL004_TTGGCAACATGCAATC	tumor	NA
scrSOL004_TTGGCAAGTGCCTTGG	tumor	NA
scrSOL004_TTGGCAAGTGGTCCGT	normal	NA
scrSOL004_TTGGCAATCAACACCA	normal	NA
scrSOL004_TTGGCAATCCATGAGT	normal	yes
scrSOL004_TTGGCAATCTGCGTAA	tumor	NA
scrSOL004_TTGTAGGAGCGTTCCG	tumor	NA
scrSOL004_TTGTAGGAGGGTGTTG	tumor	NA
scrSOL004_TTGTAGGGTGACCAAG	tumor	NA
scrSOL004_TTGTAGGTCAAGCCTA	tumor	NA
scrSOL004_TTGTAGGTCGGCCGAT	tumor	NA
scrSOL004_TTGTAGGTCGTAGGAG	normal	NA
scrSOL004_TTTACTGAGTCGTTTG	tumor	NA
scrSOL004_TTTACTGCACATCCGG	tumor	NA
scrSOL004_TTTACTGCACGGTAAG	tumor	NA
scrSOL004_TTTACTGCAGATCTGT	tumor	NA
scrSOL004_TTTACTGCATCAGTAC	tumor	NA
scrSOL004_TTTACTGGTCAATGTC	tumor	NA
scrSOL004_TTTACTGGTTACCGAT	tumor	NA
scrSOL004_TTTACTGTCCCTCAGT	tumor	NA
scrSOL004_TTTACTGTCGCTTAGA	tumor	NA
scrSOL004_TTTACTGTCGTCACGG	tumor	NA
scrSOL004_TTTATGCAGCTGATAA	normal	NA
scrSOL004_TTTATGCCAGCCTTGG	normal	NA
scrSOL004_TTTATGCCAGTCAGCC	tumor	NA
scrSOL004_TTTATGCGTACAGACG	tumor	NA
scrSOL004_TTTATGCGTAGCTGCC	tumor	NA
scrSOL004_TTTATGCGTGATGTGG	tumor	NA
scrSOL004_TTTATGCGTTGTCGCG	normal	NA
scrSOL004_TTTATGCTCAGATAAG	tumor	NA
scrSOL004_TTTATGCTCCTGCTTG	tumor	NA
scrSOL004_TTTCCTCAGGCTCATT	tumor	NA
scrSOL004_TTTCCTCCAAGGTGTG	tumor	NA
scrSOL004_TTTCCTCCAGCGATCC	tumor	NA
scrSOL004_TTTCCTCCATGTTCCC	tumor	NA
scrSOL004_TTTCCTCCATTCACTT	tumor	NA
scrSOL004_TTTCCTCGTAGAAGGA	tumor	NA
scrSOL004_TTTCCTCGTTAAGATG	tumor	NA
scrSOL004_TTTCCTCTCGTCTGCT	tumor	NA
scrSOL004_TTTCCTCTCTGGAGCC	tumor	NA
scrSOL004_TTTCCTCTCTGTCTCG	tumor	NA
scrSOL004_TTTGCGCAGCTAACTC	tumor	NA
scrSOL004_TTTGCGCAGCTGATAA	normal	NA
scrSOL004_TTTGCGCAGGACCACA	tumor	NA
scrSOL004_TTTGCGCAGGGTGTGT	tumor	NA
scrSOL004_TTTGCGCCAGGTCCAC	tumor	NA
scrSOL004_TTTGCGCCATAGGATA	tumor	NA
scrSOL004_TTTGCGCCATTAGGCT	normal	NA
scrSOL004_TTTGCGCGTACCGAGA	normal	NA
scrSOL004_TTTGCGCGTGTATGGG	tumor	NA
scrSOL004_TTTGCGCTCCGTACAA	normal	NA
scrSOL004_TTTGCGCTCGAACGGA	tumor	NA
scrSOL004_TTTGCGCTCGCTTGTC	tumor	NA
scrSOL004_TTTGGTTAGGCCCTTG	tumor	NA
scrSOL004_TTTGGTTAGTACCGGA	tumor	NA
scrSOL004_TTTGGTTAGTGTTAGA	tumor	NA
scrSOL004_TTTGGTTAGTTAGGTA	tumor	NA
scrSOL004_TTTGGTTGTTCGAATC	tumor	NA
scrSOL004_TTTGGTTTCAGGTTCA	tumor	NA
scrSOL004_TTTGGTTTCCTCAACC	tumor	NA
scrSOL004_TTTGTCACAAACCTAC	normal	NA
scrSOL004_TTTGTCACAATCTGCA	tumor	NA
scrSOL004_TTTGTCACACGAAGCA	tumor	NA
scrSOL004_TTTGTCACAGTACACT	tumor	NA
scrSOL004_TTTGTCAGTTCGCGAC	tumor	NA
scrSOL004_TTTGTCATCACGAAGG	tumor	NA
scrSOL004_TTTGTCATCCAACCAA	tumor	NA
scrSOL004_TTTGTCATCCGAACGC	normal	NA
scrSOL004_TTTGTCATCGCAAACT	tumor	NA
