	class	confidentNormal
BT1303_AAACCTGAGTGCAAGC	normal	NA
BT1303_AAACCTGAGTGGTAGC	normal	NA
BT1303_AAACCTGTCTCTAAGG	normal	NA
BT1303_AAACGGGCAGCTCCGA	normal	NA
BT1303_AAACGGGCAGGCTGAA	normal	NA
BT1303_AAACGGGGTATAAACG	normal	NA
BT1303_AAACGGGTCTAACTGG	normal	NA
BT1303_AAACGGGTCTTGCCGT	normal	NA
BT1303_AAAGATGAGGTTACCT	normal	NA
BT1303_AAAGATGTCACCTCGT	normal	NA
BT1303_AAAGCAACAGGAATGC	normal	NA
BT1303_AAAGCAAGTCGCGGTT	normal	NA
BT1303_AAAGCAATCAGCGACC	normal	NA
BT1303_AAAGTAGAGCTAGTCT	normal	NA
BT1303_AAAGTAGGTACATGTC	normal	NA
BT1303_AAAGTAGGTACCAGTT	normal	NA
BT1303_AAAGTAGGTCACCCAG	normal	NA
BT1303_AAAGTAGGTCATGCAT	tumor	NA
BT1303_AAAGTAGGTCCGAGTC	normal	NA
BT1303_AAAGTAGGTCGCCATG	normal	NA
BT1303_AAAGTAGGTTCGTCTC	tumor	NA
BT1303_AAAGTAGTCACGCATA	normal	NA
BT1303_AAATGCCAGATCCTGT	normal	NA
BT1303_AAATGCCAGCTAGCCC	normal	NA
BT1303_AAATGCCAGTTAGGTA	normal	NA
BT1303_AAATGCCCATCACAAC	normal	NA
BT1303_AAATGCCTCCACGAAT	normal	NA
BT1303_AACACGTAGGAATGGA	normal	NA
BT1303_AACACGTCAGCTCCGA	normal	NA
BT1303_AACACGTGTACTTGAC	normal	NA
BT1303_AACACGTTCCCTAATT	normal	NA
BT1303_AACCATGAGGCGATAC	normal	NA
BT1303_AACCATGAGTCAATAG	normal	NA
BT1303_AACCATGCACAAGCCC	tumor	NA
BT1303_AACCATGCAGTCGATT	normal	NA
BT1303_AACCATGGTCGCTTTC	normal	NA
BT1303_AACCATGGTGCTTCTC	tumor	NA
BT1303_AACCATGTCGCGTTTC	normal	NA
BT1303_AACCGCGAGGAGTACC	tumor	NA
BT1303_AACCGCGAGTGAAGTT	tumor	NA
BT1303_AACCGCGCAACTGCGC	normal	NA
BT1303_AACCGCGGTCCAGTAT	normal	NA
BT1303_AACCGCGGTCCCTACT	normal	NA
BT1303_AACCGCGGTGCACGAA	normal	NA
BT1303_AACCGCGTCAGTACGT	tumor	NA
BT1303_AACCGCGTCTCAAGTG	normal	NA
BT1303_AACGTTGAGTAGATGT	normal	NA
BT1303_AACGTTGTCCACTGGG	normal	NA
BT1303_AACGTTGTCGCATGAT	tumor	NA
BT1303_AACTCAGCAGACACTT	normal	NA
BT1303_AACTCAGCAGTCACTA	normal	NA
BT1303_AACTCAGCAGTCAGCC	normal	NA
BT1303_AACTCAGCATAGTAAG	normal	NA
BT1303_AACTCAGCATCTATGG	normal	NA
BT1303_AACTCAGGTACGAAAT	normal	NA
BT1303_AACTCAGGTTAGTGGG	normal	NA
BT1303_AACTCCCAGAGTCGGT	normal	NA
BT1303_AACTCCCAGGCGTACA	normal	NA
BT1303_AACTCCCCAAGCCTAT	normal	NA
BT1303_AACTCCCCACATTCGA	normal	NA
BT1303_AACTCCCCACTGTTAG	normal	NA
BT1303_AACTCCCCAGCTTCGG	normal	NA
BT1303_AACTCCCCATCCCACT	normal	NA
BT1303_AACTCCCGTACGAAAT	normal	NA
BT1303_AACTCCCGTTATCCGA	normal	NA
BT1303_AACTCCCTCTTGACGA	normal	NA
BT1303_AACTCTTAGATCCCAT	normal	NA
BT1303_AACTCTTCAAGGCTCC	normal	NA
BT1303_AACTCTTGTACGCACC	normal	NA
BT1303_AACTCTTGTATCGCAT	normal	NA
BT1303_AACTCTTGTCGAGTTT	normal	NA
BT1303_AACTCTTTCCAATGGT	normal	NA
BT1303_AACTCTTTCTTTACAC	normal	NA
BT1303_AACTGGTAGAACAACT	normal	NA
BT1303_AACTGGTAGACTTTCG	normal	NA
BT1303_AACTGGTAGCAATCTC	normal	NA
BT1303_AACTGGTAGCCACTAT	normal	NA
BT1303_AACTGGTAGCTAACTC	normal	NA
BT1303_AACTGGTAGGAGTAGA	normal	NA
BT1303_AACTGGTAGTCGAGTG	normal	NA
BT1303_AACTGGTCAAGAAAGG	normal	NA
BT1303_AACTGGTGTCGAAAGC	normal	NA
BT1303_AACTGGTTCACCATAG	tumor	NA
BT1303_AACTGGTTCATCACCC	normal	NA
BT1303_AACTGGTTCCTCCTAG	normal	NA
BT1303_AACTTTCAGATATGGT	normal	NA
BT1303_AACTTTCAGCCTTGAT	normal	NA
BT1303_AACTTTCAGGCTAGGT	normal	NA
BT1303_AACTTTCGTCCCTACT	normal	NA
BT1303_AAGACCTAGATCGGGT	normal	NA
BT1303_AAGACCTCAATGAAAC	tumor	NA
BT1303_AAGACCTCACCATCCT	normal	NA
BT1303_AAGACCTTCGTTGCCT	normal	NA
BT1303_AAGCCGCCAACGCACC	normal	NA
BT1303_AAGCCGCCAATGAATG	tumor	NA
BT1303_AAGCCGCCATAACCTG	tumor	NA
BT1303_AAGCCGCGTATAGGTA	tumor	NA
BT1303_AAGGAGCGTAGTAGTA	normal	NA
BT1303_AAGGAGCGTGAGGCTA	normal	NA
BT1303_AAGGAGCGTGCACCAC	normal	NA
BT1303_AAGGAGCTCACCATAG	normal	NA
BT1303_AAGGAGCTCTTCTGGC	normal	NA
BT1303_AAGGCAGAGAGTGACC	normal	NA
BT1303_AAGGCAGAGGCTATCT	tumor	NA
BT1303_AAGGCAGAGGTGCAAC	normal	NA
BT1303_AAGGCAGAGTGGTAGC	tumor	NA
BT1303_AAGGCAGCAGCCAGAA	normal	NA
BT1303_AAGGCAGCAGGACCCT	tumor	NA
BT1303_AAGGCAGTCAATACCG	normal	NA
BT1303_AAGGCAGTCACGACTA	normal	NA
BT1303_AAGGCAGTCAGTACGT	normal	NA
BT1303_AAGGTTCAGACAATAC	tumor	NA
BT1303_AAGGTTCAGATCCGAG	normal	NA
BT1303_AAGGTTCAGCCACCTG	normal	NA
BT1303_AAGGTTCAGCGATCCC	normal	NA
BT1303_AAGGTTCAGTCGAGTG	normal	NA
BT1303_AAGGTTCCAATCAGAA	normal	NA
BT1303_AAGGTTCCACATCCGG	normal	NA
BT1303_AAGGTTCTCGTCTGCT	normal	NA
BT1303_AAGTCTGAGAGGGCTT	normal	NA
BT1303_AAGTCTGAGCAATCTC	tumor	NA
BT1303_AAGTCTGAGCTACCTA	normal	NA
BT1303_AAGTCTGAGGGTGTTG	normal	NA
BT1303_AAGTCTGCACACTGCG	normal	NA
BT1303_AAGTCTGCAGACGCTC	normal	NA
BT1303_AAGTCTGCAGATAATG	normal	NA
BT1303_AATCCAGAGAGAGCTC	normal	NA
BT1303_AATCCAGGTCCCTTGT	normal	NA
BT1303_AATCCAGTCCGTCAAA	normal	NA
BT1303_AATCCAGTCCTATTCA	tumor	NA
BT1303_AATCGGTAGGGATACC	normal	NA
BT1303_AATCGGTAGTCCTCCT	tumor	NA
BT1303_AATCGGTCACACGCTG	normal	NA
BT1303_AATCGGTCATGCCACG	tumor	NA
BT1303_AATCGGTGTACCGAGA	tumor	NA
BT1303_AATCGGTGTAGCGTGA	tumor	NA
BT1303_AATCGGTGTCAGAATA	normal	NA
BT1303_AATCGGTTCTGCTGCT	normal	NA
BT1303_ACACCAAAGAAGCCCA	normal	NA
BT1303_ACACCAATCTCTAGGA	normal	NA
BT1303_ACACCCTAGAGCAATT	normal	NA
BT1303_ACACCCTAGCTAGTTC	normal	NA
BT1303_ACACCCTAGGCCCGTT	normal	NA
BT1303_ACACCCTCAATCCGAT	normal	NA
BT1303_ACACCCTCACAGGAGT	normal	NA
BT1303_ACACCCTGTAGAGTGC	normal	NA
BT1303_ACACCCTTCCTGCTTG	normal	NA
BT1303_ACACCCTTCGCCGTGA	normal	NA
BT1303_ACACCGGAGATGCCAG	normal	NA
BT1303_ACACCGGAGGTAGCTG	normal	NA
BT1303_ACACCGGCAATGACCT	normal	NA
BT1303_ACACCGGGTAAAGTCA	normal	NA
BT1303_ACACCGGGTGAGCGAT	normal	NA
BT1303_ACACCGGGTGTTCGAT	normal	NA
BT1303_ACACCGGTCACAGTAC	normal	NA
BT1303_ACACTGAGTCGCGTGT	normal	NA
BT1303_ACACTGAGTTGATTGC	tumor	NA
BT1303_ACACTGATCAGCTTAG	normal	NA
BT1303_ACAGCCGCAAGAAAGG	normal	NA
BT1303_ACAGCCGCACGTCAGC	normal	NA
BT1303_ACAGCCGGTTGTCGCG	tumor	NA
BT1303_ACAGCCGTCGGCGCTA	normal	NA
BT1303_ACAGCTAAGTCCATAC	normal	NA
BT1303_ACAGCTAGTAAACACA	tumor	NA
BT1303_ACAGCTAGTTGATTCG	normal	NA
BT1303_ACAGCTATCTACCTGC	normal	NA
BT1303_ACAGCTATCTTCCTTC	normal	NA
BT1303_ACATACGAGAGATGAG	normal	NA
BT1303_ACATACGAGCGTCTAT	normal	NA
BT1303_ACATACGTCAGAGCTT	tumor	NA
BT1303_ACATCAGAGCTAGTGG	normal	NA
BT1303_ACATCAGCATCAGTCA	normal	NA
BT1303_ACATCAGTCCGCGTTT	normal	NA
BT1303_ACATGGTCATCAGTAC	normal	NA
BT1303_ACCAGTACAAGCCCAC	normal	NA
BT1303_ACCAGTATCGAATCCA	normal	NA
BT1303_ACCAGTATCGAATGGG	normal	NA
BT1303_ACCAGTATCGGAAACG	normal	NA
BT1303_ACCAGTATCTAAGCCA	normal	NA
BT1303_ACCCACTAGCCGCCTA	normal	NA
BT1303_ACCCACTAGTTTGCGT	normal	NA
BT1303_ACCCACTCAGGGATTG	normal	NA
BT1303_ACCCACTTCATGCTCC	normal	NA
BT1303_ACCCACTTCGTGGACC	tumor	NA
BT1303_ACCGTAAAGAAGGTGA	normal	NA
BT1303_ACCGTAAAGCAGCGTA	normal	NA
BT1303_ACCGTAAAGGCTCATT	normal	NA
BT1303_ACCGTAACATGTCTCC	normal	NA
BT1303_ACCGTAAGTAGCCTCG	normal	NA
BT1303_ACCGTAAGTTCATGGT	normal	NA
BT1303_ACCGTAATCATGTCTT	tumor	NA
BT1303_ACCGTAATCCACTGGG	normal	NA
BT1303_ACCGTAATCTGCCAGG	normal	NA
BT1303_ACCTTTAAGACAGACC	normal	NA
BT1303_ACCTTTAAGAGTTGGC	normal	NA
BT1303_ACCTTTAAGTGTTGAA	tumor	NA
BT1303_ACCTTTACAATAGCGG	normal	NA
BT1303_ACCTTTACAGTATCTG	tumor	NA
BT1303_ACGAGCCAGATAGTCA	tumor	NA
BT1303_ACGAGCCGTCCAACTA	normal	NA
BT1303_ACGAGCCTCATGCAAC	normal	NA
BT1303_ACGAGCCTCGTGGGAA	tumor	NA
BT1303_ACGAGCCTCTCACATT	normal	NA
BT1303_ACGAGGAAGAAGGTGA	normal	NA
BT1303_ACGAGGAGTTCACGGC	normal	NA
BT1303_ACGATACAGTGTTAGA	tumor	NA
BT1303_ACGATACCAAGTAGTA	tumor	NA
BT1303_ACGATACGTATGGTTC	normal	NA
BT1303_ACGATACGTATTACCG	normal	NA
BT1303_ACGATACTCTAACGGT	normal	NA
BT1303_ACGATGTAGATGGGTC	normal	NA
BT1303_ACGATGTAGGTCGGAT	normal	NA
BT1303_ACGATGTTCTACCTGC	normal	NA
BT1303_ACGATGTTCTGCTGCT	normal	NA
BT1303_ACGCAGCAGACATAAC	normal	NA
BT1303_ACGCAGCAGATCTGCT	normal	NA
BT1303_ACGCAGCAGCCACTAT	normal	NA
BT1303_ACGCAGCAGGATGCGT	normal	NA
BT1303_ACGCAGCCACTTAACG	normal	NA
BT1303_ACGCAGCGTCTGATCA	tumor	NA
BT1303_ACGCAGCTCCGTAGTA	normal	NA
BT1303_ACGCCAGCACATCCAA	normal	NA
BT1303_ACGCCAGCACGGTTTA	normal	NA
BT1303_ACGCCAGGTATCGCAT	normal	NA
BT1303_ACGCCAGGTATCTGCA	normal	NA
BT1303_ACGCCAGGTGGTAACG	normal	NA
BT1303_ACGCCAGGTTTAGCTG	normal	NA
BT1303_ACGCCAGTCTAACCGA	normal	NA
BT1303_ACGCCAGTCTATCCCG	normal	NA
BT1303_ACGCCAGTCTGTTGAG	normal	NA
BT1303_ACGCCGAAGAGACTAT	tumor	NA
BT1303_ACGCCGACACGACGAA	normal	NA
BT1303_ACGCCGACAGTCGATT	normal	NA
BT1303_ACGCCGAGTGTATGGG	normal	NA
BT1303_ACGCCGAGTTGAACTC	normal	NA
BT1303_ACGCCGATCAGCGATT	normal	NA
BT1303_ACGCCGATCTCTGAGA	normal	NA
BT1303_ACGGAGAAGGCATGGT	normal	NA
BT1303_ACGGAGAAGTCGATAA	normal	NA
BT1303_ACGGAGAAGTGCCAGA	normal	NA
BT1303_ACGGAGAAGTGGAGTC	normal	NA
BT1303_ACGGAGACAAGTCATC	normal	NA
BT1303_ACGGAGACAATGACCT	normal	NA
BT1303_ACGGAGACATCAGTAC	normal	NA
BT1303_ACGGAGACATTTGCTT	normal	NA
BT1303_ACGGAGAGTCTCCATC	tumor	NA
BT1303_ACGGAGATCAGTACGT	normal	NA
BT1303_ACGGCCAAGTTCGATC	normal	NA
BT1303_ACGGCCACAAGCGCTC	normal	NA
BT1303_ACGGCCACAGGTCGTC	normal	NA
BT1303_ACGGCCAGTAAATGAC	tumor	NA
BT1303_ACGGCCAGTGACGCCT	normal	NA
BT1303_ACGGCCATCACTGGGC	normal	NA
BT1303_ACGGCCATCAGCAACT	normal	NA
BT1303_ACGGGCTAGAACAATC	normal	NA
BT1303_ACGGGCTAGACCTTTG	normal	NA
BT1303_ACGGGCTAGAGTGAGA	normal	NA
BT1303_ACGGGCTAGTAATCCC	normal	NA
BT1303_ACGGGCTCAAAGAATC	normal	NA
BT1303_ACGGGCTCAATGGACG	normal	NA
BT1303_ACGGGCTCAGTTCCCT	normal	NA
BT1303_ACGGGCTCATCTCGCT	normal	NA
BT1303_ACGGGCTGTAGATTAG	normal	NA
BT1303_ACGGGCTGTCCGACGT	normal	NA
BT1303_ACGGGCTGTTCCACAA	tumor	NA
BT1303_ACGGGCTTCAACCATG	tumor	NA
BT1303_ACGGGCTTCACTCCTG	normal	NA
BT1303_ACGGGCTTCGAATCCA	normal	NA
BT1303_ACGGGCTTCTATCGCC	normal	NA
BT1303_ACGGGTCAGTCACGCC	tumor	NA
BT1303_ACGGGTCCAACTGGCC	normal	NA
BT1303_ACGGGTCGTGATGTCT	normal	NA
BT1303_ACGGGTCGTGTGACCC	normal	NA
BT1303_ACGGGTCGTTCCACAA	normal	NA
BT1303_ACGTCAAAGCCCGAAA	tumor	NA
BT1303_ACGTCAAAGGGATACC	normal	NA
BT1303_ACGTCAAAGTGGTCCC	normal	NA
BT1303_ACGTCAACATCGGTTA	normal	NA
BT1303_ACGTCAATCCCGACTT	normal	NA
BT1303_ACGTCAATCCCTAACC	tumor	NA
BT1303_ACGTCAATCTCGCTTG	normal	NA
BT1303_ACTATCTAGTTGTAGA	normal	NA
BT1303_ACTATCTCAACCGCCA	normal	NA
BT1303_ACTATCTCACGGCCAT	normal	NA
BT1303_ACTATCTGTATTCTCT	normal	NA
BT1303_ACTATCTGTCTAGGTT	normal	NA
BT1303_ACTATCTGTTCCCGAG	normal	NA
BT1303_ACTATCTTCTTGAGAC	tumor	NA
BT1303_ACTGAACCAAGCCCAC	normal	NA
BT1303_ACTGAACCAGACACTT	normal	NA
BT1303_ACTGAACCATATGCTG	normal	NA
BT1303_ACTGAACCATCACCCT	normal	NA
BT1303_ACTGAACGTATCACCA	normal	NA
BT1303_ACTGAACGTGGGTATG	normal	NA
BT1303_ACTGAACGTGTTTGGT	normal	NA
BT1303_ACTGAACGTTACGACT	normal	NA
BT1303_ACTGAACGTTGTGGAG	normal	NA
BT1303_ACTGAACGTTTAAGCC	normal	NA
BT1303_ACTGAACTCAGATAAG	tumor	NA
BT1303_ACTGAACTCCAGTAGT	normal	NA
BT1303_ACTGAACTCCCAACGG	normal	NA
BT1303_ACTGAACTCTTCATGT	normal	NA
BT1303_ACTGAACTCTTGTACT	normal	NA
BT1303_ACTGAGTAGCATGGCA	tumor	NA
BT1303_ACTGAGTAGTACGCGA	normal	NA
BT1303_ACTGAGTCAAGTTGTC	normal	NA
BT1303_ACTGAGTCACATGTGT	normal	NA
BT1303_ACTGAGTCAGACGCTC	tumor	NA
BT1303_ACTGAGTGTAGCTTGT	normal	NA
BT1303_ACTGAGTGTCGAATCT	normal	NA
BT1303_ACTGAGTGTCGTCTTC	normal	NA
BT1303_ACTGAGTGTCTGGTCG	tumor	NA
BT1303_ACTGAGTGTTTGCATG	normal	NA
BT1303_ACTGAGTTCTCCAACC	normal	NA
BT1303_ACTGATGAGTGCCAGA	normal	NA
BT1303_ACTGATGCAAGAGTCG	tumor	NA
BT1303_ACTGATGTCACAAACC	normal	NA
BT1303_ACTGATGTCCCTTGCA	normal	NA
BT1303_ACTGATGTCGGTTCGG	normal	NA
BT1303_ACTGATGTCTGGGCCA	normal	NA
BT1303_ACTGCTCCAACTTGAC	tumor	NA
BT1303_ACTGCTCGTAAGGATT	normal	NA
BT1303_ACTGCTCGTCAGAAGC	normal	NA
BT1303_ACTGTCCAGCTCCTCT	normal	NA
BT1303_ACTGTCCCACCAGTTA	normal	NA
BT1303_ACTGTCCCAGCTGTAT	normal	NA
BT1303_ACTGTCCCATGCATGT	normal	NA
BT1303_ACTGTCCTCAACTCTT	tumor	NA
BT1303_ACTTACTAGCGTAGTG	normal	NA
BT1303_ACTTACTCAGCCTTGG	normal	NA
BT1303_ACTTACTTCCATGAAC	normal	NA
BT1303_ACTTACTTCCGGGTGT	normal	NA
BT1303_ACTTGTTAGGCCCTCA	normal	NA
BT1303_ACTTGTTCAGCTGCTG	normal	NA
BT1303_ACTTGTTTCAGGTAAA	normal	NA
BT1303_ACTTGTTTCAGGTTCA	normal	NA
BT1303_ACTTTCAAGTACTTGC	normal	NA
BT1303_ACTTTCACAAACCTAC	tumor	NA
BT1303_ACTTTCACAACGATCT	normal	NA
BT1303_ACTTTCACACCATCCT	normal	NA
BT1303_AGAATAGAGAGAGCTC	normal	NA
BT1303_AGAATAGAGCTTATCG	normal	NA
BT1303_AGAATAGCACCAGGTC	normal	NA
BT1303_AGAATAGCAGCTGTAT	normal	NA
BT1303_AGAATAGCAGTGACAG	normal	NA
BT1303_AGAATAGGTGACTCAT	normal	NA
BT1303_AGAATAGGTGTAAGTA	normal	NA
BT1303_AGACGTTAGATGTTAG	tumor	NA
BT1303_AGACGTTAGTGGAGTC	normal	yes
BT1303_AGACGTTAGTTGAGAT	tumor	NA
BT1303_AGACGTTGTCGTCTTC	normal	NA
BT1303_AGAGCGAAGCAAATCA	normal	NA
BT1303_AGAGCGAAGGCTCAGA	normal	NA
BT1303_AGAGCGACACCCATTC	tumor	NA
BT1303_AGAGCGAGTCTAACGT	normal	NA
BT1303_AGAGCGAGTCTCTCGT	normal	NA
BT1303_AGAGCGAGTTCAGGCC	normal	NA
BT1303_AGAGCTTAGAAGGGTA	normal	NA
BT1303_AGAGCTTAGTGAAGAG	normal	NA
BT1303_AGAGCTTAGTGTACTC	normal	NA
BT1303_AGAGCTTCAAGCCGCT	normal	NA
BT1303_AGAGCTTCACCCTATC	normal	NA
BT1303_AGAGCTTGTAAATGTG	normal	NA
BT1303_AGAGCTTGTGTTTGGT	tumor	NA
BT1303_AGAGCTTTCGCTAGCG	normal	NA
BT1303_AGAGCTTTCGTCACGG	normal	NA
BT1303_AGAGTGGAGAATAGGG	tumor	NA
BT1303_AGAGTGGAGTCTCGGC	normal	NA
BT1303_AGAGTGGAGTTCGCGC	normal	NA
BT1303_AGAGTGGCACAGGAGT	normal	NA
BT1303_AGAGTGGCATGTCGAT	normal	NA
BT1303_AGAGTGGTCGGCATCG	normal	NA
BT1303_AGATCTGAGAGCTGGT	normal	NA
BT1303_AGATCTGAGCACGCCT	normal	NA
BT1303_AGATCTGGTTACCAGT	tumor	NA
BT1303_AGATCTGGTTTGGCGC	tumor	NA
BT1303_AGATCTGTCAGCCTAA	normal	NA
BT1303_AGATTGCAGCCCGAAA	tumor	NA
BT1303_AGATTGCCACCATCCT	normal	NA
BT1303_AGATTGCCATGCTGGC	normal	NA
BT1303_AGATTGCGTTCACCTC	normal	NA
BT1303_AGCAGCCAGTGTACTC	normal	NA
BT1303_AGCAGCCTCACAGTAC	normal	NA
BT1303_AGCAGCCTCGGCTACG	normal	NA
BT1303_AGCATACAGCTCCTTC	normal	NA
BT1303_AGCATACAGGGTCGAT	tumor	NA
BT1303_AGCATACGTTAAAGAC	normal	NA
BT1303_AGCATACTCTAACTTC	normal	NA
BT1303_AGCATACTCTCGCTTG	normal	NA
BT1303_AGCCTAACACACCGCA	normal	NA
BT1303_AGCCTAAGTGTGCCTG	normal	NA
BT1303_AGCCTAAGTTCACGGC	normal	NA
BT1303_AGCCTAATCGGTCCGA	normal	NA
BT1303_AGCGGTCAGCTAAGAT	normal	NA
BT1303_AGCGGTCAGCTCCTTC	normal	NA
BT1303_AGCGGTCAGTTGAGAT	tumor	NA
BT1303_AGCGGTCCAAGGACAC	normal	NA
BT1303_AGCGGTCCATATGGTC	normal	NA
BT1303_AGCGGTCGTCGAAAGC	normal	NA
BT1303_AGCGTATAGATCCCAT	normal	NA
BT1303_AGCGTATAGTGGCACA	tumor	NA
BT1303_AGCGTATTCTATGTGG	tumor	NA
BT1303_AGCGTCGGTGTGCCTG	tumor	NA
BT1303_AGCGTCGTCTTAACCT	tumor	NA
BT1303_AGCTCCTAGGATGCGT	normal	NA
BT1303_AGCTCCTAGGTCGGAT	normal	NA
BT1303_AGCTCCTCATGCCTTC	normal	NA
BT1303_AGCTCCTGTAGCGTGA	normal	NA
BT1303_AGCTCCTGTCATGCAT	normal	NA
BT1303_AGCTCCTGTGTCCTCT	normal	NA
BT1303_AGCTCTCAGATCCGAG	normal	NA
BT1303_AGCTTGAAGCAGCCTC	normal	NA
BT1303_AGCTTGAAGGATATAC	normal	NA
BT1303_AGCTTGACAAAGAATC	normal	NA
BT1303_AGCTTGACACGTAAGG	normal	NA
BT1303_AGCTTGACAGTCGTGC	tumor	NA
BT1303_AGCTTGACATGCTGGC	normal	NA
BT1303_AGCTTGAGTACGCACC	normal	NA
BT1303_AGCTTGAGTCCGAGTC	tumor	NA
BT1303_AGCTTGAGTTAAGTAG	normal	NA
BT1303_AGGCCACAGAAGCCCA	normal	NA
BT1303_AGGCCACCAAGCGTAG	normal	NA
BT1303_AGGCCACCAGTTCCCT	normal	NA
BT1303_AGGCCACGTCGGCTCA	tumor	NA
BT1303_AGGCCACGTTTAGCTG	normal	NA
BT1303_AGGCCACTCTCTGAGA	tumor	NA
BT1303_AGGCCGTAGGATGGAA	normal	NA
BT1303_AGGCCGTAGGCCATAG	normal	NA
BT1303_AGGCCGTAGTACTTGC	normal	NA
BT1303_AGGCCGTCAGATGGCA	normal	NA
BT1303_AGGCCGTTCCAAACTG	normal	NA
BT1303_AGGCCGTTCCACGACG	normal	NA
BT1303_AGGGAGTAGCTGGAAC	normal	NA
BT1303_AGGGAGTGTTCCTCCA	normal	NA
BT1303_AGGGAGTGTTTACTCT	normal	NA
BT1303_AGGGAGTTCACCCTCA	normal	NA
BT1303_AGGGAGTTCACGACTA	normal	NA
BT1303_AGGGATGAGAGGGATA	normal	NA
BT1303_AGGGATGAGATGTTAG	normal	NA
BT1303_AGGGATGAGCACAGGT	tumor	NA
BT1303_AGGGATGAGTCGAGTG	normal	NA
BT1303_AGGGATGAGTGGGCTA	normal	NA
BT1303_AGGGATGCAGCGTAAG	normal	NA
BT1303_AGGGATGCATCACGAT	normal	NA
BT1303_AGGGATGGTATAATGG	normal	NA
BT1303_AGGGATGGTCTCCCTA	normal	NA
BT1303_AGGGTGAAGGAGTCTG	normal	NA
BT1303_AGGGTGAAGGCACATG	normal	NA
BT1303_AGGGTGAAGGGTGTGT	normal	NA
BT1303_AGGGTGACATCAGTCA	normal	NA
BT1303_AGGGTGAGTAAGGGAA	normal	NA
BT1303_AGGGTGAGTCAGAATA	normal	NA
BT1303_AGGGTGAGTTCGCGAC	normal	NA
BT1303_AGGGTGATCAAGCCTA	normal	NA
BT1303_AGGGTGATCACCTTAT	normal	NA
BT1303_AGGGTGATCCATGAAC	normal	NA
BT1303_AGGTCATAGAGAACAG	normal	NA
BT1303_AGGTCATGTGTTCGAT	normal	NA
BT1303_AGGTCATTCAACGGGA	tumor	NA
BT1303_AGGTCATTCCGCGGTA	normal	NA
BT1303_AGGTCATTCTAGCACA	tumor	NA
BT1303_AGGTCCGAGAAGGTTT	tumor	NA
BT1303_AGGTCCGAGACCGGAT	normal	NA
BT1303_AGGTCCGAGGCAAAGA	normal	NA
BT1303_AGGTCCGCAAACGCGA	tumor	NA
BT1303_AGGTCCGCAAGGCTCC	normal	NA
BT1303_AGGTCCGCAGGTCTCG	normal	NA
BT1303_AGGTCCGCATCGGAAG	normal	NA
BT1303_AGGTCCGGTAATCACC	normal	NA
BT1303_AGGTCCGGTGCCTTGG	tumor	NA
BT1303_AGGTCCGGTTGTGGCC	tumor	NA
BT1303_AGTAGTCCAGCGTCCA	normal	NA
BT1303_AGTAGTCCAGGAATGC	normal	NA
BT1303_AGTAGTCGTAAGTAGT	normal	NA
BT1303_AGTAGTCGTTAAGGGC	normal	NA
BT1303_AGTAGTCTCCATGAGT	tumor	NA
BT1303_AGTAGTCTCGAGGTAG	normal	NA
BT1303_AGTCTTTAGCTGCCCA	normal	NA
BT1303_AGTCTTTCACCGAAAG	normal	NA
BT1303_AGTCTTTCATATGGTC	normal	NA
BT1303_AGTCTTTGTAAATACG	normal	NA
BT1303_AGTCTTTGTCGGCTCA	normal	NA
BT1303_AGTCTTTTCATGCTCC	tumor	NA
BT1303_AGTCTTTTCCGAGCCA	normal	NA
BT1303_AGTGAGGAGACCTTTG	normal	NA
BT1303_AGTGAGGAGAGACGAA	normal	NA
BT1303_AGTGAGGAGTGACATA	normal	NA
BT1303_AGTGAGGCAAGACACG	normal	NA
BT1303_AGTGAGGGTACAAGTA	normal	NA
BT1303_AGTGAGGGTCTTCGTC	normal	NA
BT1303_AGTGAGGGTTGCGTTA	normal	NA
BT1303_AGTGAGGTCCTCTAGC	normal	NA
BT1303_AGTGGGACACATGACT	normal	NA
BT1303_AGTGGGATCATAACCG	normal	NA
BT1303_AGTGTCAGTAGCGCTC	normal	NA
BT1303_AGTGTCAGTGGTCCGT	normal	NA
BT1303_AGTGTCAGTTGGTAAA	normal	NA
BT1303_AGTGTCATCCTGTACC	normal	NA
BT1303_AGTTGGTCAGTGGGAT	normal	NA
BT1303_AGTTGGTCATTCACTT	normal	NA
BT1303_AGTTGGTGTAAATGAC	normal	NA
BT1303_AGTTGGTGTTAGATGA	normal	NA
BT1303_AGTTGGTTCTCTTATG	normal	NA
BT1303_ATAACGCAGCGTCAAG	tumor	NA
BT1303_ATAACGCAGTGGGCTA	normal	NA
BT1303_ATAACGCAGTTGAGTA	normal	NA
BT1303_ATAACGCCAGCCAATT	tumor	NA
BT1303_ATAACGCCAGGGTATG	normal	NA
BT1303_ATAACGCCAGTCACTA	normal	NA
BT1303_ATAACGCCATTGGCGC	normal	NA
BT1303_ATAACGCGTAGCAAAT	normal	NA
BT1303_ATAACGCGTCAAACTC	normal	NA
BT1303_ATAACGCGTGGTACAG	normal	NA
BT1303_ATAACGCGTGTGGTTT	normal	NA
BT1303_ATAACGCTCAAACGGG	normal	NA
BT1303_ATAAGAGCAGGAACGT	normal	NA
BT1303_ATAAGAGCAGGGAGAG	normal	NA
BT1303_ATAAGAGTCGTGGTCG	normal	NA
BT1303_ATAGACCCAGCTATTG	normal	NA
BT1303_ATCACGAAGAAGGTGA	normal	NA
BT1303_ATCACGAAGGTGATTA	normal	NA
BT1303_ATCACGAAGTGCTGCC	normal	NA
BT1303_ATCACGAAGTTGAGTA	normal	NA
BT1303_ATCACGACAATGTAAG	normal	NA
BT1303_ATCACGAGTGCGATAG	normal	NA
BT1303_ATCACGATCCTTGACC	normal	NA
BT1303_ATCATCTAGATGTCGG	normal	NA
BT1303_ATCATCTCAAACTGCT	normal	NA
BT1303_ATCATCTCAAAGTGCG	normal	NA
BT1303_ATCATCTCAAGCCGCT	normal	NA
BT1303_ATCATCTGTCCAGTGC	normal	NA
BT1303_ATCATCTGTCGCATCG	tumor	NA
BT1303_ATCATCTGTCGTCTTC	tumor	NA
BT1303_ATCATCTGTCTAACGT	normal	NA
BT1303_ATCATCTGTGTTAAGA	normal	NA
BT1303_ATCATCTTCGAACTGT	tumor	NA
BT1303_ATCATGGAGATTACCC	normal	NA
BT1303_ATCATGGCACAACTGT	normal	NA
BT1303_ATCATGGCACCGGAAA	normal	NA
BT1303_ATCATGGGTAGTAGTA	normal	NA
BT1303_ATCATGGGTCCATCCT	tumor	NA
BT1303_ATCATGGGTGATGATA	normal	NA
BT1303_ATCATGGTCACCGGGT	tumor	NA
BT1303_ATCATGGTCCGTTGCT	normal	NA
BT1303_ATCATGGTCGAACGGA	normal	NA
BT1303_ATCCACCAGACCTAGG	normal	NA
BT1303_ATCCGAAAGGCTAGGT	normal	NA
BT1303_ATCCGAAAGTGGAGTC	normal	NA
BT1303_ATCCGAATCCGAAGAG	normal	NA
BT1303_ATCCGAATCTCCTATA	normal	NA
BT1303_ATCGAGTGTCATGCCG	normal	NA
BT1303_ATCGAGTGTGGAAAGA	normal	NA
BT1303_ATCGAGTTCAGGATCT	normal	NA
BT1303_ATCGAGTTCGTGGTCG	normal	NA
BT1303_ATCTACTCACCAGCAC	normal	NA
BT1303_ATCTACTCACTACAGT	normal	NA
BT1303_ATCTACTCATCTCGCT	normal	NA
BT1303_ATCTACTGTAGCAAAT	tumor	NA
BT1303_ATCTACTGTATATGAG	normal	NA
BT1303_ATCTACTTCGGCTTGG	normal	NA
BT1303_ATCTACTTCTACTCAT	normal	NA
BT1303_ATCTGCCAGGATGTAT	normal	NA
BT1303_ATCTGCCCAAACAACA	tumor	NA
BT1303_ATCTGCCTCTGCAAGT	normal	NA
BT1303_ATGAGGGAGTCGAGTG	tumor	NA
BT1303_ATGAGGGCAGCTTAAC	normal	NA
BT1303_ATGAGGGCATGGTAGG	normal	NA
BT1303_ATGAGGGGTATATCCG	normal	NA
BT1303_ATGAGGGGTGTTGAGG	normal	NA
BT1303_ATGAGGGTCATCGATG	normal	NA
BT1303_ATGAGGGTCCAATGGT	normal	NA
BT1303_ATGAGGGTCCTGCAGG	normal	NA
BT1303_ATGAGGGTCGGTTCGG	normal	NA
BT1303_ATGAGGGTCTCGGACG	normal	NA
BT1303_ATGCGATAGATAGTCA	normal	NA
BT1303_ATGCGATAGGAGCGAG	normal	NA
BT1303_ATGCGATAGTGGTAGC	normal	NA
BT1303_ATGCGATCACCACCAG	normal	NA
BT1303_ATGCGATCATGGTAGG	normal	NA
BT1303_ATGCGATTCTTAGAGC	normal	NA
BT1303_ATGGGAGAGCCTCGTG	normal	NA
BT1303_ATGGGAGAGGTGCACA	normal	NA
BT1303_ATGGGAGGTAAATACG	tumor	NA
BT1303_ATGGGAGGTAAGTAGT	normal	NA
BT1303_ATGGGAGGTGTAACGG	normal	NA
BT1303_ATGGGAGGTTCCGTCT	normal	NA
BT1303_ATGGGAGTCAAGGCTT	normal	NA
BT1303_ATGTGTGAGGGTTCCC	normal	NA
BT1303_ATGTGTGCACGTTGGC	normal	NA
BT1303_ATGTGTGCATGCCTAA	normal	NA
BT1303_ATGTGTGGTAGCGCTC	normal	NA
BT1303_ATGTGTGGTGGCGAAT	normal	NA
BT1303_ATGTGTGTCATCATTC	normal	NA
BT1303_ATTACTCAGAAGGACA	normal	NA
BT1303_ATTACTCAGATGAGAG	normal	NA
BT1303_ATTACTCAGCCACTAT	normal	NA
BT1303_ATTACTCCATTAGGCT	normal	NA
BT1303_ATTACTCGTAGCCTAT	normal	NA
BT1303_ATTATCCAGGCTAGGT	normal	NA
BT1303_ATTATCCAGTCCCACG	normal	NA
BT1303_ATTATCCGTACGCACC	normal	NA
BT1303_ATTATCCGTGAGTATA	normal	NA
BT1303_ATTATCCTCCAGAGGA	normal	NA
BT1303_ATTATCCTCGAATGGG	normal	NA
BT1303_ATTCTACAGGGTCTCC	normal	NA
BT1303_ATTCTACCAAGAGGCT	normal	NA
BT1303_ATTCTACCACCCATGG	normal	NA
BT1303_ATTCTACGTACTCTCC	normal	NA
BT1303_ATTCTACGTCTTGATG	normal	NA
BT1303_ATTCTACGTGTTTGGT	normal	NA
BT1303_ATTCTACTCTAACCGA	normal	NA
BT1303_ATTGGACAGACGCACA	normal	NA
BT1303_ATTGGACAGAGGTAGA	normal	NA
BT1303_ATTGGACAGGCTATCT	normal	NA
BT1303_ATTGGACAGGTGATAT	normal	NA
BT1303_ATTGGACGTATAGGTA	normal	NA
BT1303_ATTGGACGTCAGAGGT	normal	NA
BT1303_ATTGGACGTGGTCTCG	normal	NA
BT1303_ATTGGACTCCAAGTAC	tumor	NA
BT1303_ATTGGTGCAACTGCGC	normal	NA
BT1303_ATTGGTGTCTGTCAAG	normal	NA
BT1303_ATTTCTGAGACCGGAT	normal	NA
BT1303_ATTTCTGAGAGTACAT	tumor	NA
BT1303_ATTTCTGCACGAAAGC	normal	NA
BT1303_ATTTCTGCACGGACAA	normal	NA
BT1303_ATTTCTGGTGTCTGAT	normal	NA
BT1303_ATTTCTGGTTAGTGGG	normal	NA
BT1303_ATTTCTGTCTGCGGCA	normal	NA
BT1303_CAACCAAAGGTGCAAC	normal	NA
BT1303_CAACCAAAGGTGCTTT	normal	NA
BT1303_CAACCAAAGTTATCGC	normal	NA
BT1303_CAACCAACATCTGGTA	normal	NA
BT1303_CAACCAACATTAACCG	tumor	NA
BT1303_CAACCAAGTAGCCTCG	normal	NA
BT1303_CAACCAATCCCACTTG	normal	NA
BT1303_CAACCAATCTGGAGCC	normal	NA
BT1303_CAACCAATCTGGCGAC	normal	NA
BT1303_CAACCTCAGCGTCAAG	normal	NA
BT1303_CAACCTCAGGCATTGG	normal	NA
BT1303_CAACCTCCAGGATCGA	normal	NA
BT1303_CAACCTCGTCATATCG	normal	NA
BT1303_CAACCTCTCACATACG	tumor	NA
BT1303_CAACCTCTCCCATTAT	normal	NA
BT1303_CAACCTCTCGGCATCG	normal	NA
BT1303_CAACCTCTCTTAACCT	normal	NA
BT1303_CAACTAGAGAGAACAG	normal	NA
BT1303_CAACTAGAGTAGCGGT	normal	NA
BT1303_CAACTAGAGTGAAGTT	normal	NA
BT1303_CAACTAGAGTTGTAGA	normal	NA
BT1303_CAACTAGCAGAGCCAA	normal	NA
BT1303_CAACTAGGTTCACCTC	normal	NA
BT1303_CAACTAGTCCACTCCA	normal	NA
BT1303_CAACTAGTCGGCTTGG	normal	NA
BT1303_CAAGAAACAGCTCGCA	normal	NA
BT1303_CAAGAAACAGCTGGCT	normal	NA
BT1303_CAAGAAACATACAGCT	normal	NA
BT1303_CAAGAAAGTACCATCA	normal	NA
BT1303_CAAGAAAGTAGCGCAA	normal	NA
BT1303_CAAGATCAGAAACCGC	normal	NA
BT1303_CAAGATCCAAGCTGAG	normal	NA
BT1303_CAAGATCGTAACGACG	normal	NA
BT1303_CAAGATCTCCCACTTG	tumor	NA
BT1303_CAAGATCTCGGACAAG	normal	NA
BT1303_CAAGGCCAGACAATAC	normal	NA
BT1303_CAAGGCCAGATAGCAT	normal	NA
BT1303_CAAGGCCCAAACCCAT	normal	NA
BT1303_CAAGGCCCACCAGTTA	normal	NA
BT1303_CAAGGCCGTAATAGCA	normal	NA
BT1303_CAAGGCCGTGGGTCAA	normal	NA
BT1303_CAAGGCCTCACCGTAA	normal	NA
BT1303_CAAGGCCTCTCGATGA	tumor	NA
BT1303_CAAGTTGAGTTAGCGG	normal	NA
BT1303_CAAGTTGCACGCGAAA	normal	NA
BT1303_CAAGTTGCAGGCGATA	tumor	NA
BT1303_CAAGTTGTCTCTAGGA	normal	NA
BT1303_CACAAACAGACTGTAA	normal	NA
BT1303_CACAAACAGATGTAAC	normal	NA
BT1303_CACAAACCACAGGTTT	normal	NA
BT1303_CACAAACGTCCTGCTT	normal	NA
BT1303_CACAAACGTGTTGGGA	normal	NA
BT1303_CACACAAAGAACAATC	normal	NA
BT1303_CACACAACAGGCGATA	normal	NA
BT1303_CACACAACATTGTGCA	normal	NA
BT1303_CACACAAGTAGAAAGG	normal	NA
BT1303_CACACAAGTCCGAGTC	normal	NA
BT1303_CACACAAGTCGACTAT	normal	NA
BT1303_CACACAAGTGAAATCA	tumor	NA
BT1303_CACACAAGTGATGTCT	normal	NA
BT1303_CACACAATCACATAGC	tumor	NA
BT1303_CACACCTAGAGTGACC	normal	NA
BT1303_CACACCTAGCACCGTC	tumor	NA
BT1303_CACACCTGTGCCTGCA	normal	NA
BT1303_CACACCTTCGCGCCAA	normal	NA
BT1303_CACACTCAGCCGTCGT	normal	NA
BT1303_CACACTCAGCGAGAAA	normal	NA
BT1303_CACACTCAGGGAAACA	normal	NA
BT1303_CACACTCAGGTTCCTA	normal	NA
BT1303_CACACTCCATGTCCTC	normal	NA
BT1303_CACACTCGTCTAAACC	normal	NA
BT1303_CACACTCGTTCCACTC	normal	NA
BT1303_CACAGGCCAATCAGAA	normal	NA
BT1303_CACAGGCGTACACCGC	normal	NA
BT1303_CACAGGCGTCAGTGGA	normal	NA
BT1303_CACAGGCTCTCGTATT	normal	NA
BT1303_CACAGTAAGGCCGAAT	normal	NA
BT1303_CACAGTACAGGCTGAA	normal	NA
BT1303_CACAGTACAGTAAGAT	normal	NA
BT1303_CACAGTAGTCTAGTCA	normal	NA
BT1303_CACAGTAGTTGCTCCT	normal	NA
BT1303_CACAGTATCATGTCTT	normal	NA
BT1303_CACAGTATCCGCTGTT	normal	NA
BT1303_CACAGTATCTGTTTGT	normal	NA
BT1303_CACAGTATCTTCAACT	normal	NA
BT1303_CACATAGAGCAAATCA	normal	NA
BT1303_CACATAGCAGCTGCAC	normal	NA
BT1303_CACATAGCATATGCTG	normal	NA
BT1303_CACATAGGTGAAGGCT	tumor	NA
BT1303_CACATAGGTTCGTGAT	normal	NA
BT1303_CACATAGGTTGACGTT	tumor	NA
BT1303_CACATTTAGACATAAC	normal	NA
BT1303_CACATTTAGATAGGAG	tumor	NA
BT1303_CACATTTCACACTGCG	normal	NA
BT1303_CACATTTCAGCCACCA	tumor	NA
BT1303_CACATTTCAGCTTCGG	normal	NA
BT1303_CACATTTGTGACGCCT	normal	NA
BT1303_CACATTTGTGTGACCC	normal	NA
BT1303_CACATTTGTGTTAAGA	tumor	NA
BT1303_CACATTTTCTGTCTAT	normal	NA
BT1303_CACCACTCACGCTTTC	normal	NA
BT1303_CACCACTGTTAAGAAC	tumor	NA
BT1303_CACCACTTCAAGGCTT	normal	NA
BT1303_CACCACTTCTAACCGA	normal	NA
BT1303_CACCACTTCTGTCCGT	normal	NA
BT1303_CACCAGGAGAGGGATA	normal	NA
BT1303_CACCAGGAGCCGTCGT	normal	NA
BT1303_CACCAGGAGGAGCGAG	normal	NA
BT1303_CACCAGGCACATGGGA	normal	NA
BT1303_CACCAGGCATGTTGAC	normal	NA
BT1303_CACCAGGTCGTTGACA	normal	NA
BT1303_CACCTTGAGGACCACA	normal	NA
BT1303_CACCTTGCATAACCTG	normal	NA
BT1303_CACCTTGGTCCTAGCG	normal	NA
BT1303_CACCTTGGTGTGACGA	normal	NA
BT1303_CACCTTGGTTCCCGAG	tumor	NA
BT1303_CACCTTGTCATAACCG	normal	NA
BT1303_CACTCCAAGCAATATG	normal	NA
BT1303_CACTCCAAGGTGCAAC	normal	NA
BT1303_CACTCCAAGTCCAGGA	normal	NA
BT1303_CACTCCACAGCTATTG	normal	NA
BT1303_CACTCCACAGGAATGC	tumor	NA
BT1303_CACTCCACAGGGCATA	normal	NA
BT1303_CACTCCACATCCTAGA	normal	NA
BT1303_CACTCCAGTACTTAGC	normal	NA
BT1303_CACTCCAGTCTAGGTT	normal	NA
BT1303_CACTCCATCCGCGCAA	normal	NA
BT1303_CAGAATCAGCAGACTG	normal	NA
BT1303_CAGAATCAGCGATCCC	normal	NA
BT1303_CAGAATCAGTACTTGC	normal	NA
BT1303_CAGAATCGTACTCGCG	normal	NA
BT1303_CAGAATCGTCGCGAAA	tumor	NA
BT1303_CAGAATCTCAGTACGT	normal	NA
BT1303_CAGAATCTCCACGACG	normal	NA
BT1303_CAGAATCTCCCTAACC	normal	NA
BT1303_CAGAGAGCAACTGGCC	normal	NA
BT1303_CAGAGAGCAGTCACTA	normal	NA
BT1303_CAGAGAGTCAGATAAG	normal	NA
BT1303_CAGAGAGTCTGACCTC	normal	NA
BT1303_CAGATCAAGAAGATTC	normal	NA
BT1303_CAGATCAGTCGGGTCT	normal	NA
BT1303_CAGATCATCGAGAGCA	normal	NA
BT1303_CAGCAGCCAGTAAGCG	normal	NA
BT1303_CAGCATAAGAGTGAGA	normal	NA
BT1303_CAGCATAAGCAGCCTC	normal	NA
BT1303_CAGCATAAGTGGTAAT	normal	NA
BT1303_CAGCATAGTCAAGCGA	normal	NA
BT1303_CAGCATAGTGATGATA	normal	NA
BT1303_CAGCCGAGTACCAGTT	normal	NA
BT1303_CAGCCGAGTCGAAAGC	normal	NA
BT1303_CAGCCGAGTGAGGGAG	normal	NA
BT1303_CAGCCGATCGGATGTT	normal	NA
BT1303_CAGCCGATCTTGAGAC	normal	NA
BT1303_CAGCGACAGCCCAATT	normal	NA
BT1303_CAGCGACCACGCGAAA	tumor	NA
BT1303_CAGCGACGTAGCAAAT	normal	NA
BT1303_CAGCGACGTATAGTAG	normal	NA
BT1303_CAGCGACGTCAAAGAT	normal	NA
BT1303_CAGCGACGTCCAGTGC	normal	NA
BT1303_CAGCGACGTCGCATCG	tumor	NA
BT1303_CAGCGACGTGCAGACA	normal	NA
BT1303_CAGCGACTCATGTGGT	normal	NA
BT1303_CAGCGACTCGCAAGCC	normal	NA
BT1303_CAGCGACTCGCTGATA	normal	NA
BT1303_CAGCTAACACACTGCG	tumor	NA
BT1303_CAGCTAACACCCTATC	normal	NA
BT1303_CAGCTAACAGCTGTTA	normal	NA
BT1303_CAGCTAACATATGCTG	normal	NA
BT1303_CAGCTAACATCACGTA	normal	NA
BT1303_CAGCTAAGTGGCGAAT	normal	NA
BT1303_CAGCTAATCCTAGGGC	normal	NA
BT1303_CAGCTGGCAAACCTAC	normal	NA
BT1303_CAGCTGGCACGTGAGA	normal	NA
BT1303_CAGCTGGCAGATCCAT	normal	NA
BT1303_CAGCTGGCAGATGGCA	normal	NA
BT1303_CAGCTGGCAGGATCGA	normal	NA
BT1303_CAGCTGGTCAGTTGAC	normal	NA
BT1303_CAGCTGGTCCAAACAC	normal	NA
BT1303_CAGCTGGTCCGTAGGC	normal	NA
BT1303_CAGCTGGTCTCTTATG	normal	NA
BT1303_CAGCTGGTCTGCTGCT	normal	NA
BT1303_CAGGTGCAGCTAACTC	tumor	NA
BT1303_CAGGTGCAGGGTTTCT	normal	NA
BT1303_CAGGTGCAGTGGAGAA	normal	NA
BT1303_CAGGTGCAGTGTGGCA	normal	NA
BT1303_CAGGTGCCATGCCCGA	normal	NA
BT1303_CAGTAACCAAGCGAGT	tumor	NA
BT1303_CAGTAACGTCAGAAGC	normal	NA
BT1303_CAGTAACTCTCATTCA	normal	NA
BT1303_CAGTCCTAGTGGAGAA	normal	NA
BT1303_CAGTCCTAGTTGTAGA	normal	NA
BT1303_CAGTCCTGTGAAATCA	normal	NA
BT1303_CAGTCCTGTTGTCGCG	normal	NA
BT1303_CATATGGAGTGGACGT	normal	NA
BT1303_CATATGGCATTCCTCG	normal	NA
BT1303_CATATGGGTACCCAAT	normal	NA
BT1303_CATATGGGTGATAAAC	normal	NA
BT1303_CATATGGTCTGGAGCC	tumor	NA
BT1303_CATATTCAGAAACGAG	normal	NA
BT1303_CATATTCCACTCGACG	normal	NA
BT1303_CATATTCCAGGTGCCT	normal	NA
BT1303_CATATTCCATTCCTGC	normal	NA
BT1303_CATATTCCATTTGCCC	tumor	NA
BT1303_CATATTCGTATGAAAC	normal	NA
BT1303_CATATTCGTCAGAGGT	normal	NA
BT1303_CATATTCGTGAAGGCT	normal	NA
BT1303_CATATTCGTGGGTATG	normal	NA
BT1303_CATATTCGTTCCGTCT	normal	NA
BT1303_CATCAAGAGAGGACGG	normal	NA
BT1303_CATCAAGCATCACGAT	normal	NA
BT1303_CATCAAGGTCAATACC	normal	NA
BT1303_CATCAAGGTTTAGCTG	normal	NA
BT1303_CATCAAGTCAAAGTAG	normal	NA
BT1303_CATCAAGTCAAGGTAA	normal	NA
BT1303_CATCAAGTCTTAGAGC	tumor	NA
BT1303_CATCAGAAGCTCCTCT	normal	NA
BT1303_CATCAGACAGACACTT	normal	NA
BT1303_CATCAGAGTAAAGGAG	tumor	NA
BT1303_CATCAGATCAGCATGT	normal	NA
BT1303_CATCAGATCGAATGGG	tumor	NA
BT1303_CATCAGATCGCCAGCA	normal	NA
BT1303_CATCCACAGCGTGTCC	normal	NA
BT1303_CATCCACCACTCGACG	normal	NA
BT1303_CATCCACGTCTCATCC	normal	NA
BT1303_CATCCACGTGCAGGTA	normal	NA
BT1303_CATCCACTCCAAGCCG	normal	NA
BT1303_CATCCACTCGCAGGCT	normal	NA
BT1303_CATCCACTCTCAACTT	normal	NA
BT1303_CATCGAAAGACGCTTT	normal	NA
BT1303_CATCGAACACGGTAGA	normal	NA
BT1303_CATCGAAGTCTAGCGC	normal	NA
BT1303_CATCGAAGTGAGGCTA	normal	NA
BT1303_CATCGAATCAGCACAT	normal	NA
BT1303_CATCGGGCATTCTCAT	normal	NA
BT1303_CATCGGGGTAGTGAAT	tumor	NA
BT1303_CATCGGGGTCGGCACT	normal	NA
BT1303_CATCGGGTCAGCACAT	normal	NA
BT1303_CATGACAAGGACGAAA	normal	NA
BT1303_CATGACAAGGGTTCCC	normal	NA
BT1303_CATGACAAGTGACTCT	normal	NA
BT1303_CATGACACAGGTCCAC	tumor	NA
BT1303_CATGACATCTGTCTCG	normal	NA
BT1303_CATGCCTAGATGGGTC	normal	NA
BT1303_CATGCCTAGCGCTTAT	normal	NA
BT1303_CATGCCTCAAACCCAT	normal	NA
BT1303_CATGCCTCAAGGACTG	normal	NA
BT1303_CATGCCTCACGAAGCA	normal	NA
BT1303_CATGCCTCAGTTAACC	normal	NA
BT1303_CATGCCTCATCTACGA	normal	NA
BT1303_CATGCCTGTAACGTTC	normal	NA
BT1303_CATGCCTGTCAGTGGA	normal	NA
BT1303_CATGCCTGTGTCAATC	normal	NA
BT1303_CATGCCTTCCAAACTG	normal	NA
BT1303_CATGCCTTCCTCAACC	normal	NA
BT1303_CATGCCTTCGATAGAA	normal	NA
BT1303_CATGCCTTCGGATGTT	normal	NA
BT1303_CATGGCGAGCAGCGTA	normal	NA
BT1303_CATGGCGAGCTAGTTC	normal	NA
BT1303_CATGGCGAGTTAACGA	tumor	NA
BT1303_CATGGCGCACCCAGTG	normal	NA
BT1303_CATGGCGCATGTAGTC	normal	NA
BT1303_CATGGCGGTGCAACTT	normal	NA
BT1303_CATGGCGGTTATCCGA	normal	NA
BT1303_CATGGCGTCAACCATG	normal	NA
BT1303_CATGGCGTCCCTGACT	normal	NA
BT1303_CATGGCGTCCGCAAGC	tumor	NA
BT1303_CATTATCAGCTAGTCT	normal	NA
BT1303_CATTATCAGGACATTA	normal	NA
BT1303_CATTATCAGTAGCCGA	normal	NA
BT1303_CATTATCCAAGGTTCT	normal	NA
BT1303_CATTATCCAATGACCT	normal	NA
BT1303_CATTATCCACATTTCT	tumor	NA
BT1303_CATTATCCAGTTCATG	normal	NA
BT1303_CATTATCGTCAGAGGT	tumor	NA
BT1303_CATTATCTCAGCCTAA	tumor	NA
BT1303_CATTATCTCAGTCCCT	normal	NA
BT1303_CATTATCTCCTATGTT	normal	NA
BT1303_CATTATCTCGTTTGCC	normal	NA
BT1303_CATTCGCAGAAGGTTT	normal	NA
BT1303_CATTCGCGTTCGGGCT	normal	NA
BT1303_CATTCGCTCCCGGATG	tumor	NA
BT1303_CCAATCCAGGTAGCTG	normal	NA
BT1303_CCAATCCCATACTACG	normal	NA
BT1303_CCAATCCGTCAGTGGA	normal	NA
BT1303_CCAATCCGTGTATGGG	normal	NA
BT1303_CCACCTAAGACTAGAT	normal	NA
BT1303_CCACCTAAGGTAGCCA	normal	NA
BT1303_CCACCTAAGGTCGGAT	normal	NA
BT1303_CCACCTACACTGAAGG	normal	NA
BT1303_CCACCTAGTTGCGCAC	normal	NA
BT1303_CCACCTATCCAATGGT	normal	NA
BT1303_CCACGGACAAACTGCT	normal	NA
BT1303_CCACGGAGTGATGCCC	normal	NA
BT1303_CCACGGAGTTCCACGG	normal	NA
BT1303_CCACTACAGTACTTGC	normal	NA
BT1303_CCACTACAGTCATCCA	tumor	NA
BT1303_CCACTACCACACCGAC	tumor	NA
BT1303_CCACTACCAGTCGATT	normal	NA
BT1303_CCACTACGTCCAGTTA	normal	NA
BT1303_CCACTACGTGAACCTT	normal	NA
BT1303_CCAGCGAAGGATGGAA	tumor	NA
BT1303_CCAGCGACAAGTTAAG	normal	NA
BT1303_CCAGCGAGTCACCTAA	tumor	NA
BT1303_CCATGTCAGGCAGTCA	normal	NA
BT1303_CCATGTCAGGGAAACA	normal	NA
BT1303_CCATGTCAGTGGACGT	normal	NA
BT1303_CCATGTCCAATTCCTT	tumor	NA
BT1303_CCATGTCCACCAGGTC	normal	NA
BT1303_CCATGTCCAGCTGGCT	normal	NA
BT1303_CCATGTCCATTCCTCG	normal	NA
BT1303_CCATGTCGTCTAGCCG	normal	NA
BT1303_CCATGTCTCACTTCAT	normal	NA
BT1303_CCATTCGAGATCCTGT	normal	NA
BT1303_CCATTCGAGCGCCTCA	normal	NA
BT1303_CCATTCGGTATATCCG	normal	NA
BT1303_CCATTCGGTCGATTGT	normal	NA
BT1303_CCATTCGTCAGGCCCA	normal	NA
BT1303_CCATTCGTCGGAGCAA	normal	NA
BT1303_CCCAATCAGGATGTAT	normal	NA
BT1303_CCCAATCCAAGGTGTG	normal	NA
BT1303_CCCAATCCAAGGTTTC	normal	NA
BT1303_CCCAATCGTAAATGAC	normal	NA
BT1303_CCCAATCGTAGGGACT	normal	NA
BT1303_CCCAATCGTCACAAGG	normal	NA
BT1303_CCCAATCGTTCCGGCA	normal	NA
BT1303_CCCAATCTCCGTCAAA	normal	NA
BT1303_CCCAGTTAGAAGATTC	normal	NA
BT1303_CCCAGTTAGATGCCAG	tumor	NA
BT1303_CCCAGTTAGCCAGTAG	normal	NA
BT1303_CCCAGTTAGCTACCTA	normal	NA
BT1303_CCCAGTTGTAAACGCG	normal	NA
BT1303_CCCAGTTTCAAGCCTA	normal	NA
BT1303_CCCAGTTTCATACGGT	normal	NA
BT1303_CCCAGTTTCCCAAGAT	normal	NA
BT1303_CCCATACCAAATACAG	normal	NA
BT1303_CCCATACCACGGATAG	normal	NA
BT1303_CCCATACCAGGGAGAG	tumor	NA
BT1303_CCCATACCATACGCTA	tumor	NA
BT1303_CCCATACCATTTGCTT	normal	NA
BT1303_CCCATACTCGCATGGC	normal	NA
BT1303_CCCTCCTAGATATGGT	normal	NA
BT1303_CCCTCCTAGTCGCCGT	normal	NA
BT1303_CCCTCCTAGTGCGTGA	normal	NA
BT1303_CCGGGATAGGCAATTA	normal	NA
BT1303_CCGGGATCATCTCCCA	normal	NA
BT1303_CCGGGATTCTTGCAAG	normal	NA
BT1303_CCGGTAGCAAGTCTGT	normal	NA
BT1303_CCGGTAGCACGACGAA	normal	NA
BT1303_CCGGTAGGTAGTAGTA	tumor	NA
BT1303_CCGGTAGGTCCTCTTG	tumor	NA
BT1303_CCGGTAGTCACGACTA	tumor	NA
BT1303_CCGTACTAGAGAGCTC	normal	NA
BT1303_CCGTACTAGCTCAACT	normal	NA
BT1303_CCGTACTCATTCGACA	normal	NA
BT1303_CCGTACTGTACGACCC	normal	NA
BT1303_CCGTACTGTCCATCCT	tumor	NA
BT1303_CCGTACTGTGAGCGAT	normal	NA
BT1303_CCGTACTTCGTAGGAG	tumor	NA
BT1303_CCGTGGAAGAGCCCAA	normal	NA
BT1303_CCGTGGAAGTCCTCCT	normal	NA
BT1303_CCGTGGACAAATACAG	normal	NA
BT1303_CCGTGGACAAGCCATT	tumor	NA
BT1303_CCGTGGACATCCGGGT	normal	NA
BT1303_CCGTGGAGTCATGCCG	normal	NA
BT1303_CCGTGGAGTGAAGGCT	normal	NA
BT1303_CCGTTCAAGATATGGT	tumor	NA
BT1303_CCGTTCAAGGTGTTAA	tumor	NA
BT1303_CCGTTCAAGTATGACA	normal	NA
BT1303_CCGTTCAAGTCGATAA	normal	NA
BT1303_CCGTTCACACAGACTT	normal	NA
BT1303_CCGTTCACAGAGCCAA	normal	NA
BT1303_CCGTTCAGTCCGAGTC	tumor	NA
BT1303_CCGTTCAGTCTGCCAG	normal	NA
BT1303_CCGTTCAGTTTCGCTC	tumor	NA
BT1303_CCGTTCATCAAGGTAA	normal	NA
BT1303_CCGTTCATCGCCAGCA	normal	NA
BT1303_CCGTTCATCTTTAGGG	tumor	NA
BT1303_CCTAAAGAGTGTTTGC	normal	NA
BT1303_CCTAAAGCACGGACAA	normal	NA
BT1303_CCTAAAGGTAAGAGAG	normal	NA
BT1303_CCTAAAGTCACCTCGT	tumor	NA
BT1303_CCTAAAGTCTTTACAC	normal	NA
BT1303_CCTACACCAGCCTATA	tumor	NA
BT1303_CCTACACGTTGGGACA	normal	NA
BT1303_CCTACCAAGAAACCAT	normal	NA
BT1303_CCTACCAAGGGTCTCC	tumor	NA
BT1303_CCTACCAGTCACACGC	normal	NA
BT1303_CCTACCAGTTCGCTAA	normal	NA
BT1303_CCTACCATCTTACCGC	normal	NA
BT1303_CCTAGCTAGATAGTCA	normal	NA
BT1303_CCTAGCTAGCCTCGTG	normal	NA
BT1303_CCTAGCTAGCGTGTCC	tumor	NA
BT1303_CCTAGCTAGGCAGTCA	tumor	NA
BT1303_CCTAGCTAGTGGTAGC	normal	NA
BT1303_CCTAGCTCACGTGAGA	normal	NA
BT1303_CCTAGCTCAGTTCCCT	normal	NA
BT1303_CCTAGCTGTCCATGAT	normal	NA
BT1303_CCTAGCTGTTCAGGCC	normal	NA
BT1303_CCTATTAAGCTAGTTC	normal	NA
BT1303_CCTATTAAGTTCGCAT	normal	NA
BT1303_CCTATTACACAAGTAA	normal	NA
BT1303_CCTATTACACAGGTTT	normal	NA
BT1303_CCTATTACAGTAAGAT	normal	NA
BT1303_CCTATTACATTATCTC	normal	NA
BT1303_CCTATTAGTTGTCTTT	normal	NA
BT1303_CCTATTATCTGCTGCT	normal	NA
BT1303_CCTCAGTAGATGCCTT	normal	NA
BT1303_CCTCAGTAGCGCTCCA	tumor	NA
BT1303_CCTCAGTAGGACATTA	normal	NA
BT1303_CCTCAGTAGTCATCCA	normal	NA
BT1303_CCTCAGTAGTGTCTCA	normal	NA
BT1303_CCTCAGTCATCGGGTC	normal	NA
BT1303_CCTCAGTTCGGTTAAC	normal	NA
BT1303_CCTCTGACACAAGACG	normal	NA
BT1303_CCTCTGACACTTCGAA	normal	NA
BT1303_CCTCTGAGTTCGCTAA	normal	NA
BT1303_CCTCTGATCCTCGCAT	normal	NA
BT1303_CCTTACGAGAAGATTC	normal	NA
BT1303_CCTTACGAGGCTACGA	normal	NA
BT1303_CCTTACGGTCAACTGT	tumor	NA
BT1303_CCTTACGGTCTAAACC	normal	NA
BT1303_CCTTACGGTTAGAACA	normal	NA
BT1303_CCTTACGTCAGGATCT	normal	NA
BT1303_CCTTCCCAGCCTTGAT	normal	NA
BT1303_CCTTCCCCAAACAACA	normal	NA
BT1303_CCTTCCCGTCTTCTCG	normal	NA
BT1303_CCTTCCCGTGATAAGT	normal	NA
BT1303_CCTTCCCTCCCAACGG	normal	NA
BT1303_CCTTCCCTCTCTTATG	normal	NA
BT1303_CCTTCCCTCTGCTTGC	normal	NA
BT1303_CCTTCGAAGGACATTA	normal	NA
BT1303_CCTTCGAAGTGCGATG	normal	NA
BT1303_CCTTCGACAGTCTTCC	normal	NA
BT1303_CCTTTCTAGACAGGCT	tumor	NA
BT1303_CCTTTCTAGCGCCTCA	normal	NA
BT1303_CCTTTCTAGCTGTTCA	normal	NA
BT1303_CCTTTCTCATCCTAGA	normal	NA
BT1303_CCTTTCTGTACCGAGA	normal	NA
BT1303_CCTTTCTGTGCACTTA	normal	NA
BT1303_CCTTTCTGTTACAGAA	normal	NA
BT1303_CCTTTCTTCCTTGGTC	tumor	NA
BT1303_CCTTTCTTCGGTTCGG	tumor	NA
BT1303_CGAACATAGAAAGTGG	normal	NA
BT1303_CGAACATAGAGCTTCT	normal	NA
BT1303_CGAACATAGATGCCTT	normal	NA
BT1303_CGAACATCAGCTCCGA	normal	NA
BT1303_CGAACATCATAGGATA	normal	NA
BT1303_CGAACATGTCTAAAGA	normal	NA
BT1303_CGAACATGTTCCCGAG	normal	NA
BT1303_CGAACATGTTCTGAAC	tumor	NA
BT1303_CGAATGTAGACCGGAT	normal	NA
BT1303_CGAATGTAGGTGGGTT	normal	NA
BT1303_CGAATGTGTCACACGC	normal	NA
BT1303_CGAATGTTCAGGTTCA	normal	NA
BT1303_CGAATGTTCTAAGCCA	normal	NA
BT1303_CGACCTTAGCTGAACG	normal	NA
BT1303_CGACCTTGTGTTCTTT	normal	NA
BT1303_CGACCTTTCAGGTTCA	tumor	NA
BT1303_CGACCTTTCTACTATC	normal	NA
BT1303_CGACTTCAGTACGCCC	tumor	NA
BT1303_CGACTTCCAGCTGTAT	normal	NA
BT1303_CGACTTCTCTAACTGG	normal	NA
BT1303_CGAGAAGAGACTAAGT	normal	NA
BT1303_CGAGAAGAGGTGATAT	normal	NA
BT1303_CGAGAAGAGGTGTTAA	normal	NA
BT1303_CGAGAAGAGTTGCAGG	normal	NA
BT1303_CGAGAAGCAAGTTGTC	normal	NA
BT1303_CGAGAAGGTAGCGTCC	normal	NA
BT1303_CGAGAAGGTTCATGGT	tumor	NA
BT1303_CGAGAAGTCAGCTCTC	normal	NA
BT1303_CGAGCACAGAAAGTGG	normal	NA
BT1303_CGAGCACAGCACGCCT	normal	NA
BT1303_CGAGCACAGGATGGTC	normal	NA
BT1303_CGAGCACAGTCCCACG	normal	NA
BT1303_CGAGCACAGTTAGGTA	normal	NA
BT1303_CGAGCACCAACACCCG	normal	NA
BT1303_CGAGCACCAATGTAAG	normal	NA
BT1303_CGAGCACCACATCCAA	tumor	NA
BT1303_CGAGCACCAGTGAGTG	normal	NA
BT1303_CGAGCCAAGAAGGTGA	normal	NA
BT1303_CGAGCCATCTGGTATG	tumor	NA
BT1303_CGAGCCATCTGTCAAG	normal	NA
BT1303_CGATCGGAGCTAACTC	normal	NA
BT1303_CGATCGGAGTTCCACA	normal	NA
BT1303_CGATCGGAGTTGTAGA	normal	NA
BT1303_CGATCGGCACTCGACG	normal	NA
BT1303_CGATCGGTCAGTTAGC	normal	NA
BT1303_CGATCGGTCCGTAGGC	normal	NA
BT1303_CGATCGGTCCTTCAAT	tumor	NA
BT1303_CGATGGCAGGAGTTGC	normal	NA
BT1303_CGATGGCAGTAGGTGC	normal	NA
BT1303_CGATGGCGTCATGCCG	normal	NA
BT1303_CGATGGCGTCTAGTGT	normal	NA
BT1303_CGATGGCGTCTGGAGA	normal	NA
BT1303_CGATGGCGTGAGGCTA	normal	NA
BT1303_CGATGGCTCCTTCAAT	normal	NA
BT1303_CGATGTAAGCAGCCTC	normal	NA
BT1303_CGATGTAAGTACTTGC	normal	NA
BT1303_CGATGTACATCGGTTA	normal	NA
BT1303_CGATGTATCAGGATCT	normal	NA
BT1303_CGATGTATCCGTAGTA	normal	NA
BT1303_CGATTGAAGGTGACCA	normal	NA
BT1303_CGATTGACATACCATG	normal	NA
BT1303_CGATTGAGTGAAATCA	normal	NA
BT1303_CGATTGAGTGTGACGA	tumor	NA
BT1303_CGATTGATCAGTCAGT	normal	NA
BT1303_CGATTGATCCACTCCA	normal	NA
BT1303_CGCCAAGAGAACAATC	normal	NA
BT1303_CGCCAAGAGCATCATC	normal	NA
BT1303_CGCCAAGCACCAGATT	normal	NA
BT1303_CGCCAAGGTCAAACTC	tumor	NA
BT1303_CGCCAAGGTCAACATC	normal	NA
BT1303_CGCCAAGGTCACCTAA	normal	NA
BT1303_CGCCAAGGTCCAAGTT	normal	NA
BT1303_CGCCAAGGTCCGACGT	normal	NA
BT1303_CGCCAAGGTTCCACTC	normal	NA
BT1303_CGCCAAGTCCTCCTAG	normal	NA
BT1303_CGCGGTAAGCTTCGCG	normal	NA
BT1303_CGCGGTAGTAAGTGTA	normal	NA
BT1303_CGCGGTAGTCTGGTCG	normal	NA
BT1303_CGCGGTAGTGATAAAC	normal	NA
BT1303_CGCGTTTAGTCCCACG	normal	NA
BT1303_CGCGTTTGTCAGAATA	normal	NA
BT1303_CGCGTTTGTCTTCAAG	normal	NA
BT1303_CGCGTTTTCAGAGGTG	normal	NA
BT1303_CGCGTTTTCCACGTGG	normal	NA
BT1303_CGCGTTTTCCGATATG	normal	NA
BT1303_CGCGTTTTCTGATACG	tumor	NA
BT1303_CGCTATCAGAGTGAGA	normal	NA
BT1303_CGCTATCAGCGATAGC	normal	NA
BT1303_CGCTATCCAGTGGAGT	tumor	NA
BT1303_CGCTATCGTGTGAAAT	normal	NA
BT1303_CGCTGGAAGATCCTGT	normal	NA
BT1303_CGCTGGAAGGTGTTAA	normal	NA
BT1303_CGCTGGACAGCGTAAG	normal	NA
BT1303_CGCTGGATCGAGCCCA	normal	NA
BT1303_CGCTTCAAGCAGGCTA	normal	NA
BT1303_CGCTTCATCTTGTATC	normal	NA
BT1303_CGGACACCACATGTGT	normal	NA
BT1303_CGGACACCATGCTAGT	normal	NA
BT1303_CGGACACGTAGCGTAG	normal	NA
BT1303_CGGACACGTCCAGTTA	normal	NA
BT1303_CGGACACTCCCTCTTT	normal	NA
BT1303_CGGACACTCGGAGCAA	tumor	NA
BT1303_CGGACGTCAAATTGCC	normal	NA
BT1303_CGGACGTCACTGAAGG	normal	NA
BT1303_CGGACGTCAGGGAGAG	normal	NA
BT1303_CGGACGTGTATATCCG	normal	NA
BT1303_CGGACGTGTATCACCA	normal	NA
BT1303_CGGACGTGTCTTCAAG	normal	NA
BT1303_CGGACGTTCTCCTATA	normal	NA
BT1303_CGGACTGAGAGCTTCT	normal	NA
BT1303_CGGACTGAGATCCGAG	normal	NA
BT1303_CGGACTGCAAATTGCC	normal	NA
BT1303_CGGACTGCATACAGCT	tumor	NA
BT1303_CGGACTGCATGGATGG	normal	NA
BT1303_CGGACTGGTTGTACAC	normal	NA
BT1303_CGGACTGTCATGTCTT	normal	NA
BT1303_CGGAGCTAGAAGATTC	normal	NA
BT1303_CGGAGCTTCTGAGGGA	normal	NA
BT1303_CGGAGTCCACCAGGTC	normal	NA
BT1303_CGGAGTCGTGCGATAG	normal	NA
BT1303_CGGAGTCTCTTGTTTG	normal	NA
BT1303_CGGCTAGAGCCCAGCT	normal	NA
BT1303_CGGCTAGAGCTAACTC	tumor	NA
BT1303_CGGCTAGGTAGGCATG	normal	NA
BT1303_CGGCTAGGTCATACTG	normal	NA
BT1303_CGGGTCAAGCGCCTCA	normal	NA
BT1303_CGGGTCAAGCGTAATA	normal	NA
BT1303_CGGGTCAAGTAAGTAC	normal	NA
BT1303_CGGGTCAAGTTAAGTG	normal	NA
BT1303_CGGGTCACATTGGCGC	normal	NA
BT1303_CGGGTCAGTCAGCTAT	normal	NA
BT1303_CGGGTCAGTTAGAACA	normal	NA
BT1303_CGGTTAAAGAGGGATA	normal	NA
BT1303_CGGTTAAAGTACATGA	normal	NA
BT1303_CGGTTAAAGTGGACGT	normal	NA
BT1303_CGGTTAAAGTGTCCAT	normal	NA
BT1303_CGGTTAACACCACCAG	normal	NA
BT1303_CGGTTAACACCAGTTA	tumor	NA
BT1303_CGGTTAACAGTTCATG	normal	NA
BT1303_CGTAGCGAGCTATGCT	normal	NA
BT1303_CGTAGCGCAAGCCGCT	normal	NA
BT1303_CGTAGCGCAAGCGCTC	normal	NA
BT1303_CGTAGCGCAGCTGTGC	normal	NA
BT1303_CGTAGCGGTACAAGTA	normal	NA
BT1303_CGTAGCGGTCAACATC	normal	NA
BT1303_CGTAGCGGTCGTTGTA	normal	NA
BT1303_CGTAGCGGTTAGTGGG	normal	NA
BT1303_CGTAGCGTCGGCGCAT	normal	NA
BT1303_CGTAGGCAGCCCAACC	normal	NA
BT1303_CGTAGGCAGCGATGAC	normal	NA
BT1303_CGTAGGCAGGAATCGC	normal	NA
BT1303_CGTAGGCTCAAGCCTA	normal	NA
BT1303_CGTAGGCTCACCCGAG	normal	NA
BT1303_CGTAGGCTCCGTTGTC	normal	NA
BT1303_CGTCACTAGTACTTGC	normal	NA
BT1303_CGTCACTCAATGGACG	normal	NA
BT1303_CGTCACTCACGGTTTA	normal	NA
BT1303_CGTCACTGTCGGATCC	normal	NA
BT1303_CGTCACTGTGAGGCTA	tumor	NA
BT1303_CGTCACTTCTACTTAC	normal	NA
BT1303_CGTCACTTCTCGGACG	normal	NA
BT1303_CGTCAGGAGAGGTACC	normal	NA
BT1303_CGTCAGGAGGCAGGTT	normal	NA
BT1303_CGTCAGGCACGGCGTT	normal	NA
BT1303_CGTCAGGCAGCTTAAC	normal	NA
BT1303_CGTCAGGCATGCCTAA	normal	NA
BT1303_CGTCAGGCATTATCTC	normal	NA
BT1303_CGTCAGGGTAGTAGTA	tumor	NA
BT1303_CGTCAGGGTCGGATCC	normal	NA
BT1303_CGTCAGGGTCTGCAAT	normal	NA
BT1303_CGTCAGGGTGTCGCTG	normal	NA
BT1303_CGTCAGGTCCATGAAC	normal	NA
BT1303_CGTCCATAGAGGGATA	normal	NA
BT1303_CGTCCATAGGCAATTA	tumor	NA
BT1303_CGTCCATCAGACAAAT	tumor	NA
BT1303_CGTCCATCAGGCTGAA	tumor	NA
BT1303_CGTCCATGTAAGTGTA	normal	NA
BT1303_CGTCCATGTTGCTCCT	tumor	NA
BT1303_CGTCCATTCTCTTGAT	normal	NA
BT1303_CGTCTACCAAGTCTGT	normal	NA
BT1303_CGTCTACCATATACGC	normal	NA
BT1303_CGTCTACCATGGATGG	normal	NA
BT1303_CGTCTACTCGTTGCCT	normal	NA
BT1303_CGTGAGCAGACCTAGG	normal	NA
BT1303_CGTGAGCCATCCCATC	normal	NA
BT1303_CGTGAGCTCAACCATG	normal	NA
BT1303_CGTGAGCTCATTGCCC	normal	NA
BT1303_CGTGAGCTCCCAAGAT	normal	NA
BT1303_CGTGTAAAGCACCGCT	tumor	NA
BT1303_CGTGTAAAGGCCCGTT	normal	NA
BT1303_CGTGTAACAATCGGTT	normal	NA
BT1303_CGTGTAACAGGTCGTC	normal	NA
BT1303_CGTGTAAGTACGACCC	normal	NA
BT1303_CGTGTAAGTAGCGCAA	normal	NA
BT1303_CGTGTAAGTCATATCG	normal	NA
BT1303_CGTGTAAGTGGTACAG	normal	NA
BT1303_CGTGTAATCATCACCC	normal	NA
BT1303_CGTGTAATCCTAAGTG	normal	NA
BT1303_CGTGTAATCTCCAGGG	normal	NA
BT1303_CGTGTCTAGGGCACTA	normal	NA
BT1303_CGTGTCTAGTCAAGGC	normal	NA
BT1303_CGTGTCTTCAGTGTTG	normal	NA
BT1303_CGTTAGAAGAGCTTCT	normal	NA
BT1303_CGTTAGAGTAAATACG	normal	NA
BT1303_CGTTAGAGTATATCCG	normal	NA
BT1303_CGTTAGAGTCAGATAA	normal	NA
BT1303_CGTTAGAGTCGAGATG	normal	NA
BT1303_CGTTAGAGTGCGAAAC	normal	NA
BT1303_CGTTCTGCATATGCTG	normal	NA
BT1303_CGTTCTGGTACCAGTT	normal	NA
BT1303_CGTTCTGGTAGGGACT	normal	NA
BT1303_CGTTCTGGTATAAACG	normal	NA
BT1303_CGTTCTGGTGCAGACA	normal	NA
BT1303_CGTTCTGGTTGAGGTG	normal	NA
BT1303_CGTTGGGGTAATAGCA	tumor	NA
BT1303_CGTTGGGGTATCGCAT	normal	NA
BT1303_CGTTGGGGTTAAGAAC	normal	NA
BT1303_CTAACTTAGGAACTGC	normal	NA
BT1303_CTAAGACAGTCAATAG	normal	NA
BT1303_CTAAGACCAGCCACCA	normal	NA
BT1303_CTAAGACTCTACCAGA	normal	NA
BT1303_CTAATGGAGCCAGGAT	normal	NA
BT1303_CTAATGGAGTACGACG	normal	NA
BT1303_CTAATGGAGTGAACAT	normal	NA
BT1303_CTAATGGCACGAAAGC	normal	NA
BT1303_CTAATGGGTATGAAAC	normal	NA
BT1303_CTAATGGGTCAGCTAT	normal	NA
BT1303_CTAATGGGTCCGAACC	normal	NA
BT1303_CTAATGGGTTAAGACA	normal	NA
BT1303_CTAATGGTCGCCGTGA	normal	NA
BT1303_CTACACCAGAATTGTG	normal	NA
BT1303_CTACACCAGGACATTA	normal	NA
BT1303_CTACACCCACTACAGT	tumor	NA
BT1303_CTACACCTCACGGTTA	normal	NA
BT1303_CTACATTAGCGGCTTC	normal	NA
BT1303_CTACATTAGCGTCTAT	normal	NA
BT1303_CTACATTCAGGGTATG	normal	NA
BT1303_CTACATTCATTAGGCT	normal	NA
BT1303_CTACATTTCGGCTACG	normal	NA
BT1303_CTACCCAAGAGTACAT	normal	NA
BT1303_CTACCCAAGCTATGCT	tumor	NA
BT1303_CTACCCAAGGTGCAAC	normal	NA
BT1303_CTACCCAAGTGTTTGC	normal	NA
BT1303_CTACCCACACCTCGGA	normal	NA
BT1303_CTACCCACACGAAGCA	tumor	NA
BT1303_CTACCCAGTGCGCTTG	normal	NA
BT1303_CTACCCAGTTCGTTGA	normal	NA
BT1303_CTACCCATCAAGGTAA	normal	NA
BT1303_CTACCCATCCTGCCAT	normal	NA
BT1303_CTACGTCAGGTGCACA	normal	NA
BT1303_CTACGTCAGTCCAGGA	tumor	NA
BT1303_CTACGTCCAATGTTGC	normal	NA
BT1303_CTACGTCCAGAGTGTG	normal	NA
BT1303_CTACGTCTCAAGGTAA	normal	NA
BT1303_CTACGTCTCACCACCT	normal	NA
BT1303_CTAGAGTCAATAGCAA	tumor	NA
BT1303_CTAGAGTCAATGAATG	normal	NA
BT1303_CTAGAGTTCCAGGGCT	normal	NA
BT1303_CTAGAGTTCCGCAAGC	normal	NA
BT1303_CTAGAGTTCGTGGACC	normal	NA
BT1303_CTAGCCTAGGCTACGA	normal	NA
BT1303_CTAGCCTGTCTCTTAT	normal	NA
BT1303_CTAGCCTTCCAGTATG	normal	NA
BT1303_CTAGCCTTCCTAGTGA	normal	NA
BT1303_CTAGTGAAGGATCGCA	normal	NA
BT1303_CTAGTGAAGGATGCGT	normal	NA
BT1303_CTAGTGACATACGCTA	normal	NA
BT1303_CTAGTGATCAACACCA	normal	NA
BT1303_CTAGTGATCATTCACT	normal	NA
BT1303_CTCACACAGCGTAATA	normal	NA
BT1303_CTCACACAGTACGTAA	normal	NA
BT1303_CTCACACGTAGAGCTG	normal	NA
BT1303_CTCACACGTGTGCCTG	normal	NA
BT1303_CTCACACTCTGGTTCC	normal	NA
BT1303_CTCAGAAAGTACCGGA	normal	NA
BT1303_CTCAGAACAAGTACCT	normal	NA
BT1303_CTCAGAACACAGATTC	tumor	NA
BT1303_CTCAGAAGTCACCCAG	normal	NA
BT1303_CTCAGAAGTGTTGAGG	normal	NA
BT1303_CTCATTAAGCTGTCTA	normal	NA
BT1303_CTCATTAAGTACATGA	normal	NA
BT1303_CTCATTAAGTCAAGCG	normal	NA
BT1303_CTCATTATCCCACTTG	normal	NA
BT1303_CTCATTATCGGAAACG	normal	NA
BT1303_CTCATTATCGTTTAGG	normal	NA
BT1303_CTCCTAGTCCACGTTC	normal	NA
BT1303_CTCCTAGTCCGTCATC	normal	NA
BT1303_CTCCTAGTCGAATGCT	tumor	NA
BT1303_CTCCTAGTCTAAGCCA	normal	NA
BT1303_CTCGAAAAGACGACGT	tumor	NA
BT1303_CTCGAAACAAACTGTC	normal	NA
BT1303_CTCGAAACAAGAAAGG	normal	NA
BT1303_CTCGAAACACTTACGA	normal	NA
BT1303_CTCGAAATCCCACTTG	normal	NA
BT1303_CTCGAGGAGAACAACT	normal	NA
BT1303_CTCGAGGCACCCATGG	normal	NA
BT1303_CTCGAGGGTAATCGTC	normal	NA
BT1303_CTCGAGGGTCAAGCGA	normal	NA
BT1303_CTCGAGGTCGCTAGCG	normal	NA
BT1303_CTCGAGGTCTTATCTG	normal	NA
BT1303_CTCGGAGAGGCATGTG	normal	NA
BT1303_CTCGGAGGTAATCACC	normal	NA
BT1303_CTCGGAGTCTTCTGGC	normal	NA
BT1303_CTCGGGAAGCGTCTAT	normal	NA
BT1303_CTCGGGAAGGGTCGAT	normal	NA
BT1303_CTCGGGAAGGTACTCT	normal	NA
BT1303_CTCGGGAGTCCGCTGA	normal	NA
BT1303_CTCGGGAGTCGGCATC	normal	NA
BT1303_CTCGGGAGTGCAACTT	tumor	NA
BT1303_CTCGGGATCAAGGCTT	normal	NA
BT1303_CTCGTACAGCCCAATT	normal	NA
BT1303_CTCGTACAGGCTAGCA	normal	NA
BT1303_CTCGTACAGTAGGTGC	normal	NA
BT1303_CTCGTACCACATGGGA	normal	NA
BT1303_CTCGTACCACCCAGTG	normal	NA
BT1303_CTCGTACGTAACGACG	normal	NA
BT1303_CTCGTACGTCGCGAAA	tumor	NA
BT1303_CTCGTACTCATTTGGG	normal	NA
BT1303_CTCGTACTCGGCTTGG	normal	NA
BT1303_CTCGTCACACCCAGTG	normal	NA
BT1303_CTCGTCACATTGGCGC	normal	NA
BT1303_CTCGTCAGTTATTCTC	normal	NA
BT1303_CTCGTCAGTTTAGGAA	normal	NA
BT1303_CTCGTCATCCCGACTT	normal	NA
BT1303_CTCGTCATCCTTGACC	normal	NA
BT1303_CTCGTCATCTGATTCT	normal	NA
BT1303_CTCTAATAGGAGTACC	normal	NA
BT1303_CTCTAATCATTAGGCT	normal	NA
BT1303_CTCTAATGTGTAAGTA	normal	NA
BT1303_CTCTACGCAGATCGGA	normal	NA
BT1303_CTCTACGCATTTGCTT	normal	NA
BT1303_CTCTACGTCACGCATA	normal	NA
BT1303_CTCTGGTAGGAGTTTA	normal	NA
BT1303_CTCTGGTAGTATCTCG	normal	NA
BT1303_CTCTGGTCATGCCTAA	normal	NA
BT1303_CTCTGGTGTGGTTTCA	normal	NA
BT1303_CTCTGGTTCAGAAATG	normal	NA
BT1303_CTCTGGTTCCCTTGTG	normal	NA
BT1303_CTCTGGTTCCGTCATC	normal	NA
BT1303_CTCTGGTTCCTCTAGC	normal	NA
BT1303_CTGAAACAGTAGGTGC	normal	NA
BT1303_CTGAAACAGTGTCCCG	normal	NA
BT1303_CTGAAACCACTTCTGC	normal	NA
BT1303_CTGAAACCAGACGCCT	normal	NA
BT1303_CTGAAACTCACATAGC	tumor	NA
BT1303_CTGAAGTAGTGGTAGC	tumor	NA
BT1303_CTGAAGTCAAAGCGGT	normal	NA
BT1303_CTGAAGTGTTGCGCAC	normal	NA
BT1303_CTGAAGTTCAACCATG	tumor	NA
BT1303_CTGAAGTTCAACGGCC	normal	NA
BT1303_CTGATAGAGTGACTCT	normal	NA
BT1303_CTGATAGAGTGTACGG	tumor	NA
BT1303_CTGATAGAGTTGAGAT	normal	NA
BT1303_CTGATCCGTGCAGTAG	normal	NA
BT1303_CTGATCCGTTGGTAAA	tumor	NA
BT1303_CTGATCCGTTGTTTGG	tumor	NA
BT1303_CTGCCTAAGCTAACAA	normal	NA
BT1303_CTGCCTACAAGAAGAG	normal	NA
BT1303_CTGCCTACATGGGACA	normal	NA
BT1303_CTGCCTACATGGTTGT	normal	NA
BT1303_CTGCCTAGTACTCAAC	normal	NA
BT1303_CTGCCTAGTAGCTTGT	normal	NA
BT1303_CTGCCTAGTCTCGTTC	tumor	NA
BT1303_CTGCCTAGTGGAAAGA	tumor	NA
BT1303_CTGCCTAGTGTAATGA	normal	NA
BT1303_CTGCCTAGTTACCAGT	tumor	NA
BT1303_CTGCGGAAGTTGTCGT	normal	NA
BT1303_CTGCGGACAAGAGGCT	tumor	NA
BT1303_CTGCGGACACCGAATT	normal	NA
BT1303_CTGCGGACAGATGGGT	normal	NA
BT1303_CTGCGGATCAAGAAGT	normal	NA
BT1303_CTGCGGATCCGCGGTA	tumor	NA
BT1303_CTGCTGTAGCCGTCGT	normal	NA
BT1303_CTGCTGTCACGAAATA	normal	NA
BT1303_CTGCTGTTCCTTGCCA	normal	NA
BT1303_CTGGTCTAGACTTGAA	normal	NA
BT1303_CTGGTCTAGCTAACTC	normal	NA
BT1303_CTGGTCTAGGATCGCA	normal	NA
BT1303_CTGGTCTAGGATGGAA	tumor	NA
BT1303_CTGGTCTGTGTCCTCT	normal	NA
BT1303_CTGGTCTGTTCAGTAC	tumor	NA
BT1303_CTGGTCTTCCTAGAAC	normal	NA
BT1303_CTGTGCTCAGCTGCAC	normal	NA
BT1303_CTGTGCTCAGCTGGCT	normal	NA
BT1303_CTGTGCTCATGGATGG	normal	NA
BT1303_CTGTGCTTCTTGGGTA	tumor	NA
BT1303_CTGTTTAAGACTTGAA	normal	NA
BT1303_CTGTTTAAGCTCTCGG	normal	NA
BT1303_CTGTTTACACGAGGTA	normal	NA
BT1303_CTGTTTACACTGTCGG	normal	NA
BT1303_CTGTTTAGTGCCTGTG	normal	NA
BT1303_CTGTTTAGTGTGAATA	normal	NA
BT1303_CTTAACTCAGTCCTTC	normal	NA
BT1303_CTTAACTCATATACGC	normal	NA
BT1303_CTTACCGCAAACCTAC	normal	NA
BT1303_CTTAGGAAGCGATAGC	normal	NA
BT1303_CTTAGGAAGGCAGGTT	normal	NA
BT1303_CTTAGGACACGAAGCA	normal	NA
BT1303_CTTAGGACAGATCGGA	normal	NA
BT1303_CTTAGGATCCGTAGTA	tumor	NA
BT1303_CTTCTCTCAATGCCAT	normal	NA
BT1303_CTTCTCTCACGGATAG	normal	NA
BT1303_CTTCTCTCAGGACGTA	normal	NA
BT1303_CTTCTCTGTAGCTCCG	normal	NA
BT1303_CTTCTCTGTCTGCGGT	normal	NA
BT1303_CTTCTCTGTTGACGTT	normal	NA
BT1303_CTTCTCTTCTAGAGTC	normal	NA
BT1303_CTTGGCTAGATCTGCT	normal	NA
BT1303_CTTGGCTAGGCAGTCA	normal	NA
BT1303_CTTGGCTGTTGTCGCG	normal	NA
BT1303_CTTGGCTTCACGATGT	normal	NA
BT1303_CTTGGCTTCGTAGGTT	normal	NA
BT1303_CTTGGCTTCTATCCCG	tumor	NA
BT1303_CTTTGCGCATGACGGA	tumor	NA
BT1303_CTTTGCGTCATCGCTC	normal	NA
BT1303_CTTTGCGTCGAGCCCA	normal	NA
BT1303_CTTTGCGTCTATCCTA	normal	NA
BT1303_CTTTGCGTCTGCTGTC	normal	NA
BT1303_GAAACTCAGGCTCATT	normal	NA
BT1303_GAAACTCCATGATCCA	normal	NA
BT1303_GAAACTCGTAGGAGTC	normal	NA
BT1303_GAAACTCGTCTTGCGG	normal	NA
BT1303_GAAACTCTCCCTTGCA	normal	NA
BT1303_GAAATGACAAGCTGTT	normal	NA
BT1303_GAAATGACACTGTGTA	normal	NA
BT1303_GAAATGACAGATCCAT	normal	NA
BT1303_GAAATGAGTGCTCTTC	normal	NA
BT1303_GAAATGATCACCCGAG	normal	NA
BT1303_GAAATGATCAGAGGTG	normal	NA
BT1303_GAAATGATCTTAGAGC	normal	NA
BT1303_GAACATCAGAACAATC	normal	NA
BT1303_GAACATCCAATGTTGC	normal	NA
BT1303_GAACATCCATGTTGAC	normal	NA
BT1303_GAACATCGTCTCCACT	normal	NA
BT1303_GAACATCGTGCCTGCA	tumor	NA
BT1303_GAACATCGTTACGTCA	normal	NA
BT1303_GAACATCTCAGTTTGG	normal	NA
BT1303_GAACCTAAGGCTAGGT	normal	NA
BT1303_GAACCTACAGATAATG	normal	NA
BT1303_GAACCTACAGTGGAGT	normal	NA
BT1303_GAACCTAGTGCTAGCC	normal	NA
BT1303_GAACCTAGTTTAGCTG	tumor	NA
BT1303_GAACGGAAGAACTCGG	normal	NA
BT1303_GAACGGACACAGGTTT	tumor	NA
BT1303_GAACGGAGTGCCTGTG	normal	NA
BT1303_GAACGGATCACGAAGG	normal	NA
BT1303_GAACGGATCAGCTTAG	tumor	NA
BT1303_GAAGCAGCACTTAACG	normal	NA
BT1303_GAAGCAGTCATAAAGG	normal	NA
BT1303_GAAGCAGTCCCAACGG	normal	NA
BT1303_GAAGCAGTCGCGCCAA	tumor	NA
BT1303_GAATAAGCACGCTTTC	normal	NA
BT1303_GAATAAGCAGGGAGAG	normal	NA
BT1303_GAATAAGCAGTATAAG	tumor	NA
BT1303_GAATGAAAGCCCAGCT	normal	NA
BT1303_GAATGAATCGCGTTTC	normal	NA
BT1303_GAATGAATCTTGTACT	normal	NA
BT1303_GACACGCAGAATGTGT	normal	NA
BT1303_GACACGCAGCGCCTTG	tumor	NA
BT1303_GACACGCAGTGTCCAT	tumor	NA
BT1303_GACACGCCAGTTTACG	normal	NA
BT1303_GACACGCCATGCGCAC	normal	NA
BT1303_GACACGCGTGGTAACG	normal	NA
BT1303_GACACGCTCCACGCAG	normal	NA
BT1303_GACACGCTCCCTGACT	normal	NA
BT1303_GACACGCTCCGTAGTA	normal	NA
BT1303_GACACGCTCGTAGGTT	normal	NA
BT1303_GACAGAGCACATCCAA	normal	NA
BT1303_GACAGAGCATTCTCAT	normal	NA
BT1303_GACAGAGGTAGCGTAG	normal	NA
BT1303_GACAGAGGTCCGCTGA	normal	NA
BT1303_GACAGAGGTCCGTCAG	normal	NA
BT1303_GACAGAGGTCGGATCC	normal	NA
BT1303_GACAGAGTCCAGTAGT	normal	NA
BT1303_GACAGAGTCGCGCCAA	tumor	NA
BT1303_GACCAATAGAGGACGG	normal	NA
BT1303_GACCAATCACAGAGGT	normal	NA
BT1303_GACCAATCATGGAATA	normal	NA
BT1303_GACCAATGTCTTCGTC	normal	NA
BT1303_GACCAATTCCGCAGTG	normal	NA
BT1303_GACCAATTCTCGAGTA	normal	NA
BT1303_GACCAATTCTCTGCTG	normal	NA
BT1303_GACCAATTCTCTTATG	normal	NA
BT1303_GACCTGGAGTTTGCGT	tumor	NA
BT1303_GACCTGGCACCAACCG	normal	NA
BT1303_GACCTGGCAGACACTT	normal	NA
BT1303_GACCTGGGTCCGAAGA	normal	NA
BT1303_GACCTGGGTCGCTTTC	normal	NA
BT1303_GACCTGGGTCTTGATG	normal	NA
BT1303_GACCTGGGTTAAAGAC	normal	NA
BT1303_GACCTGGGTTTGTTGG	normal	NA
BT1303_GACCTGGTCACTTATC	normal	NA
BT1303_GACCTGGTCCCTTGCA	normal	NA
BT1303_GACGCGTAGCGCTTAT	normal	NA
BT1303_GACGCGTCAGAGCCAA	normal	NA
BT1303_GACGCGTCAGGAACGT	normal	NA
BT1303_GACGCGTCATTGTGCA	normal	NA
BT1303_GACGCGTTCACAACGT	normal	NA
BT1303_GACGCGTTCCGTAGGC	normal	NA
BT1303_GACGCGTTCTAACTGG	normal	NA
BT1303_GACGGCTAGAATCTCC	normal	NA
BT1303_GACGGCTCAAGAGGCT	normal	NA
BT1303_GACGGCTCAGTTAACC	normal	NA
BT1303_GACGGCTCATATGAGA	normal	NA
BT1303_GACGGCTGTCTGCGGT	normal	NA
BT1303_GACGGCTGTGTAATGA	tumor	NA
BT1303_GACGGCTTCCCTTGTG	normal	NA
BT1303_GACGGCTTCTGTCTAT	tumor	NA
BT1303_GACGTGCAGACGCAAC	tumor	NA
BT1303_GACGTGCAGGATTCGG	normal	NA
BT1303_GACGTGCCAATGGAAT	normal	NA
BT1303_GACGTGCGTTGATTGC	tumor	NA
BT1303_GACGTGCTCCCTGACT	normal	NA
BT1303_GACGTTAAGTTGTCGT	tumor	NA
BT1303_GACGTTACAAGCCGTC	normal	NA
BT1303_GACGTTACAGTTCCCT	normal	NA
BT1303_GACGTTAGTACCTACA	normal	NA
BT1303_GACGTTATCCAGATCA	normal	NA
BT1303_GACGTTATCGAATGGG	normal	NA
BT1303_GACTAACAGGCACATG	normal	NA
BT1303_GACTAACCAAACAACA	tumor	NA
BT1303_GACTAACCATGGGAAC	tumor	NA
BT1303_GACTAACGTCCTCCAT	normal	NA
BT1303_GACTACAAGACCACGA	normal	NA
BT1303_GACTACAAGACGACGT	normal	NA
BT1303_GACTACAAGGCTCTTA	normal	NA
BT1303_GACTACACAGAGTGTG	normal	NA
BT1303_GACTACAGTAGCCTCG	normal	NA
BT1303_GACTACAGTCACTTCC	normal	NA
BT1303_GACTACAGTGCCTGGT	normal	NA
BT1303_GACTACATCCTTAATC	tumor	NA
BT1303_GACTACATCGTGACAT	normal	NA
BT1303_GACTGCGAGCTGCAAG	tumor	NA
BT1303_GACTGCGCAACACCCG	normal	NA
BT1303_GACTGCGCACGCATCG	normal	NA
BT1303_GACTGCGCACGTTGGC	normal	NA
BT1303_GACTGCGGTCTTGTCC	normal	NA
BT1303_GACTGCGTCCGCATAA	normal	NA
BT1303_GACTGCGTCCTAGAAC	normal	NA
BT1303_GAGCAGAAGAAACCGC	normal	NA
BT1303_GAGCAGAAGAGGTACC	normal	NA
BT1303_GAGCAGACAGCCTTTC	normal	NA
BT1303_GAGCAGAGTGCTGTAT	tumor	NA
BT1303_GAGCAGATCAGTGTTG	normal	NA
BT1303_GAGCAGATCCATTCTA	normal	NA
BT1303_GAGCAGATCCTAAGTG	normal	NA
BT1303_GAGGTGAAGCAGGCTA	normal	NA
BT1303_GAGGTGAAGGGCTTGA	normal	NA
BT1303_GAGGTGACATCCGTGG	normal	NA
BT1303_GAGGTGAGTAAAGTCA	tumor	NA
BT1303_GAGGTGATCCCATTTA	normal	NA
BT1303_GAGTCCGAGATCGATA	normal	NA
BT1303_GAGTCCGAGTGTTTGC	normal	NA
BT1303_GAGTCCGCATGCCCGA	normal	NA
BT1303_GAGTCCGGTAGCGTGA	normal	NA
BT1303_GAGTCCGGTCCGTGAC	normal	NA
BT1303_GAGTCCGGTCGTTGTA	normal	NA
BT1303_GAGTCCGTCAGTACGT	normal	NA
BT1303_GAGTCCGTCTACGAGT	normal	NA
BT1303_GATCAGTAGCTAAACA	tumor	NA
BT1303_GATCAGTCAGACGCCT	normal	NA
BT1303_GATCAGTGTAACGACG	tumor	NA
BT1303_GATCAGTGTAGCGATG	normal	NA
BT1303_GATCAGTGTTAAGACA	normal	NA
BT1303_GATCAGTGTTGGAGGT	tumor	NA
BT1303_GATCAGTTCTGCCAGG	normal	NA
BT1303_GATCGATCACAAGCCC	normal	NA
BT1303_GATCGATCATGTAAGA	normal	NA
BT1303_GATCGATGTACCGAGA	normal	NA
BT1303_GATCGATTCATAACCG	normal	NA
BT1303_GATCGCGAGCGATGAC	normal	NA
BT1303_GATCGCGAGTCTTGCA	normal	NA
BT1303_GATCGCGCACTTAACG	normal	NA
BT1303_GATCGCGCAGTGGAGT	normal	NA
BT1303_GATCGCGGTTCCCGAG	normal	NA
BT1303_GATCGCGTCACCATAG	normal	NA
BT1303_GATCGCGTCGCACTCT	normal	NA
BT1303_GATCGCGTCGTCCGTT	normal	NA
BT1303_GATCGCGTCTATCCTA	normal	NA
BT1303_GATCGTAAGCCGCCTA	tumor	NA
BT1303_GATCGTAAGCTAGTGG	normal	NA
BT1303_GATCGTAAGTACGCGA	normal	NA
BT1303_GATCGTACACAGGAGT	normal	NA
BT1303_GATCGTACATGAACCT	normal	NA
BT1303_GATCGTAGTACCAGTT	normal	NA
BT1303_GATCGTATCAGCTCGG	normal	NA
BT1303_GATCTAGCAACACCTA	normal	NA
BT1303_GATCTAGGTCTAAACC	normal	NA
BT1303_GATCTAGGTGACTACT	normal	NA
BT1303_GATGAAAAGTCTTGCA	normal	NA
BT1303_GATGAAACACATGGGA	tumor	NA
BT1303_GATGAAACAGCGTCCA	normal	NA
BT1303_GATGAAACATCCGTGG	normal	NA
BT1303_GATGAAACATTTCAGG	normal	NA
BT1303_GATGAAAGTAAGCACG	tumor	NA
BT1303_GATGAAAGTCGTGGCT	normal	NA
BT1303_GATGAAAGTTCTCATT	normal	NA
BT1303_GATGAAATCTCATTCA	normal	NA
BT1303_GATGAGGAGGGATACC	normal	NA
BT1303_GATGAGGAGGGCTTGA	tumor	NA
BT1303_GATGAGGCAGTCAGAG	normal	NA
BT1303_GATGAGGTCCTGTACC	normal	NA
BT1303_GATGCTAAGCACCGTC	normal	NA
BT1303_GATGCTAAGGTACTCT	normal	NA
BT1303_GATGCTAAGTTGCAGG	normal	NA
BT1303_GATGCTATCAGTCAGT	normal	NA
BT1303_GATTCAGCACTCAGGC	normal	NA
BT1303_GATTCAGCAGCGAACA	normal	NA
BT1303_GATTCAGGTCATCCCT	normal	NA
BT1303_GATTCAGGTCCCTTGT	normal	NA
BT1303_GCAAACTCATCTACGA	normal	NA
BT1303_GCAAACTGTGTTTGGT	normal	NA
BT1303_GCAAACTGTTCCAACA	tumor	NA
BT1303_GCAATCAAGATTACCC	normal	NA
BT1303_GCAATCAAGCGCCTTG	normal	NA
BT1303_GCAATCAAGTGTACTC	tumor	NA
BT1303_GCAATCACAAGCCCAC	normal	NA
BT1303_GCAATCAGTGGCCCTA	normal	NA
BT1303_GCAATCAGTTGATTGC	normal	NA
BT1303_GCACATAAGAGTCGGT	normal	NA
BT1303_GCACATAAGGTGCACA	normal	NA
BT1303_GCACATACAGCGTCCA	normal	NA
BT1303_GCACATAGTCGAAAGC	tumor	NA
BT1303_GCACATATCAACGCTA	normal	NA
BT1303_GCACATATCTGCAAGT	normal	NA
BT1303_GCACATATCTGTCCGT	normal	NA
BT1303_GCACTCTAGGGCACTA	normal	NA
BT1303_GCACTCTCAAGGACAC	normal	NA
BT1303_GCACTCTTCCGTCAAA	normal	NA
BT1303_GCACTCTTCGGTGTCG	normal	NA
BT1303_GCAGTTAAGGACATTA	normal	NA
BT1303_GCAGTTAAGTACCGGA	normal	NA
BT1303_GCAGTTACATTCCTGC	tumor	NA
BT1303_GCAGTTAGTAATCGTC	tumor	NA
BT1303_GCAGTTAGTCTGCAAT	normal	NA
BT1303_GCAGTTATCTACGAGT	normal	NA
BT1303_GCATACAAGCGTTTAC	normal	NA
BT1303_GCATACAAGCTACCGC	normal	NA
BT1303_GCATACACAGCTGCAC	normal	NA
BT1303_GCATACAGTCAAACTC	normal	NA
BT1303_GCATACAGTTTAGGAA	normal	NA
BT1303_GCATACATCAATCTCT	normal	NA
BT1303_GCATACATCTTTACAC	normal	NA
BT1303_GCATGATAGACAGGCT	tumor	NA
BT1303_GCATGATAGAGCTTCT	normal	NA
BT1303_GCATGATGTAGGCTGA	normal	NA
BT1303_GCATGATGTGTTTGGT	normal	NA
BT1303_GCATGATTCCGTTGCT	normal	NA
BT1303_GCATGATTCTTAGAGC	normal	NA
BT1303_GCATGCGAGCCACCTG	normal	NA
BT1303_GCATGCGAGTCGTACT	normal	NA
BT1303_GCATGCGAGTGGAGTC	tumor	NA
BT1303_GCATGCGGTGTCCTCT	normal	NA
BT1303_GCATGCGGTTCAGTAC	normal	NA
BT1303_GCATGTAAGCCGGTAA	tumor	NA
BT1303_GCATGTACAAGCGCTC	normal	NA
BT1303_GCATGTACAGTGGAGT	tumor	NA
BT1303_GCATGTACATGGAATA	tumor	NA
BT1303_GCATGTATCAAGCCTA	normal	NA
BT1303_GCATGTATCGCCTGAG	normal	NA
BT1303_GCCAAATAGCCGTCGT	normal	NA
BT1303_GCCAAATAGCTGCCCA	normal	NA
BT1303_GCCAAATCATGCCTTC	tumor	NA
BT1303_GCCAAATGTCGCATCG	normal	NA
BT1303_GCCAAATTCTGTTTGT	normal	NA
BT1303_GCCTCTAAGTGTGAAT	normal	NA
BT1303_GCCTCTACACAGGAGT	tumor	NA
BT1303_GCCTCTACATCCCATC	normal	NA
BT1303_GCCTCTAGTACTTAGC	normal	NA
BT1303_GCCTCTAGTGTCTGAT	normal	NA
BT1303_GCCTCTAGTTAAAGTG	normal	NA
BT1303_GCGACCAAGACTAGAT	normal	NA
BT1303_GCGACCAGTCGTTGTA	normal	NA
BT1303_GCGACCATCATGGTCA	normal	NA
BT1303_GCGACCATCCACGACG	normal	NA
BT1303_GCGAGAAAGAGTGACC	normal	NA
BT1303_GCGAGAAAGATAGCAT	normal	NA
BT1303_GCGAGAACAGCTCCGA	normal	NA
BT1303_GCGAGAATCAGCGACC	normal	NA
BT1303_GCGCAACAGAACTGTA	normal	NA
BT1303_GCGCAACAGAGCCCAA	normal	NA
BT1303_GCGCAACAGGGTTCCC	tumor	NA
BT1303_GCGCAACGTTAAGATG	normal	NA
BT1303_GCGCAACTCAACACAC	normal	NA
BT1303_GCGCAACTCCCAAGAT	normal	NA
BT1303_GCGCAACTCGGTGTTA	tumor	NA
BT1303_GCGCAGTAGAGTTGGC	normal	NA
BT1303_GCGCAGTAGTAGGTGC	normal	NA
BT1303_GCGCAGTAGTCTCGGC	tumor	NA
BT1303_GCGCAGTTCGGAATCT	tumor	NA
BT1303_GCGCCAAAGATCACGG	normal	NA
BT1303_GCGCCAAAGTCTCAAC	normal	NA
BT1303_GCGCCAAGTGGTAACG	normal	NA
BT1303_GCGCCAATCGCTTGTC	normal	NA
BT1303_GCGCGATCAAAGGCGT	normal	NA
BT1303_GCGCGATCAATAACGA	normal	NA
BT1303_GCGCGATCAGACGTAG	normal	NA
BT1303_GCGCGATCAGGATTGG	normal	NA
BT1303_GCGCGATCATGGGAAC	normal	NA
BT1303_GCGCGATCATTAGCCA	normal	NA
BT1303_GCGCGATGTACGACCC	normal	NA
BT1303_GCGCGATGTCCGTGAC	normal	NA
BT1303_GCGCGATGTGTTCTTT	normal	NA
BT1303_GCGCGATTCCCGACTT	normal	NA
BT1303_GCGCGATTCTTCATGT	normal	NA
BT1303_GCGGGTTAGACTAGAT	normal	NA
BT1303_GCGGGTTCAACTGCTA	normal	NA
BT1303_GCGGGTTCATTCCTCG	tumor	NA
BT1303_GCGGGTTTCCAGGGCT	normal	NA
BT1303_GCGGGTTTCCTTTCTC	normal	NA
BT1303_GCGGGTTTCTCCCTGA	normal	NA
BT1303_GCTCCTACAATAGCGG	normal	NA
BT1303_GCTCCTACAGATCCAT	tumor	NA
BT1303_GCTCCTAGTGAAAGAG	normal	NA
BT1303_GCTCCTAGTTTGGCGC	normal	NA
BT1303_GCTCCTATCCGCGGTA	normal	NA
BT1303_GCTCTGTGTAGCAAAT	normal	NA
BT1303_GCTCTGTGTCAACTGT	normal	NA
BT1303_GCTCTGTGTCGGCATC	normal	NA
BT1303_GCTCTGTTCTGAGTGT	normal	NA
BT1303_GCTCTGTTCTTGTATC	normal	NA
BT1303_GCTGCAGAGACTACAA	normal	NA
BT1303_GCTGCAGAGCCTCGTG	normal	NA
BT1303_GCTGCAGTCCAAGTAC	normal	NA
BT1303_GCTGCAGTCGTAGGAG	normal	NA
BT1303_GCTGCAGTCGTCTGCT	tumor	NA
BT1303_GCTGCGAGTCAATACC	normal	NA
BT1303_GCTGCTTAGGCTAGAC	normal	NA
BT1303_GCTGCTTCAACTGCGC	normal	NA
BT1303_GCTGCTTCACGAGGTA	normal	NA
BT1303_GCTGCTTGTATCAGTC	tumor	NA
BT1303_GCTGCTTGTGCAGACA	normal	NA
BT1303_GCTGCTTTCTCGCATC	normal	NA
BT1303_GCTGCTTTCTCTTATG	normal	NA
BT1303_GCTGGGTAGCCAGTAG	normal	NA
BT1303_GCTGGGTAGTGAAGAG	normal	NA
BT1303_GCTGGGTGTCTGGAGA	normal	NA
BT1303_GCTGGGTTCGAATGCT	tumor	NA
BT1303_GCTGGGTTCGACAGCC	normal	NA
BT1303_GCTTCCACATCTCGCT	normal	NA
BT1303_GCTTCCAGTAATCGTC	normal	NA
BT1303_GCTTCCAGTCCGAGTC	normal	NA
BT1303_GCTTCCAGTGAACCTT	normal	NA
BT1303_GCTTCCATCCAGATCA	tumor	NA
BT1303_GCTTGAACAAGGTGTG	normal	NA
BT1303_GCTTGAACACTCGACG	tumor	NA
BT1303_GCTTGAACACTGTGTA	normal	NA
BT1303_GCTTGAAGTGATAAAC	normal	NA
BT1303_GCTTGAAGTGTAAGTA	normal	NA
BT1303_GCTTGAATCAACGGCC	tumor	NA
BT1303_GCTTGAATCGACAGCC	normal	NA
BT1303_GGAAAGCAGCTAGTGG	normal	NA
BT1303_GGAAAGCAGGGCTTGA	normal	NA
BT1303_GGAAAGCAGTCTTGCA	tumor	NA
BT1303_GGAAAGCCAAGCGATG	normal	NA
BT1303_GGAAAGCCATCCCATC	normal	NA
BT1303_GGAAAGCGTACGCTGC	normal	NA
BT1303_GGAAAGCGTTTGCATG	tumor	NA
BT1303_GGAAAGCTCAGTCAGT	normal	NA
BT1303_GGAAAGCTCTGTTGAG	tumor	NA
BT1303_GGAACTTAGCGTGAGT	tumor	NA
BT1303_GGAACTTAGGCCCGTT	normal	NA
BT1303_GGAACTTAGGGTATCG	normal	NA
BT1303_GGAACTTCAAGTCTGT	normal	NA
BT1303_GGAACTTGTCACCCAG	normal	NA
BT1303_GGAACTTTCACATAGC	normal	NA
BT1303_GGAACTTTCTAACGGT	normal	NA
BT1303_GGAACTTTCTGTTTGT	normal	NA
BT1303_GGAATAACACTAGTAC	normal	NA
BT1303_GGAATAACAGAGTGTG	tumor	NA
BT1303_GGAATAACATATGAGA	normal	NA
BT1303_GGAATAACATGGTAGG	normal	NA
BT1303_GGAATAAGTAGCACGA	normal	NA
BT1303_GGAATAAGTCCCGACA	normal	NA
BT1303_GGAATAATCAGTCCCT	normal	NA
BT1303_GGAATAATCCTCGCAT	normal	NA
BT1303_GGAATAATCTGTCTCG	normal	NA
BT1303_GGACAAGCACGTGAGA	normal	NA
BT1303_GGACAAGCATATGCTG	normal	NA
BT1303_GGACAAGGTATAAACG	normal	NA
BT1303_GGACAAGTCGCTAGCG	normal	NA
BT1303_GGACAGAAGAGATGAG	normal	NA
BT1303_GGACAGATCCCTCTTT	tumor	NA
BT1303_GGACATTAGTACGTAA	tumor	NA
BT1303_GGACATTCACAAGACG	normal	NA
BT1303_GGACATTCATCCAACA	normal	NA
BT1303_GGACATTGTCAAGCGA	normal	NA
BT1303_GGACATTTCCTAAGTG	normal	NA
BT1303_GGACGTCAGCCTCGTG	normal	NA
BT1303_GGACGTCCAGTCCTTC	normal	NA
BT1303_GGACGTCGTAAAGTCA	normal	NA
BT1303_GGACGTCGTAACGTTC	normal	NA
BT1303_GGACGTCGTCAACTGT	normal	NA
BT1303_GGACGTCTCAGTTAGC	normal	NA
BT1303_GGAGCAAAGCCGGTAA	normal	NA
BT1303_GGAGCAAAGCGTTTAC	normal	NA
BT1303_GGAGCAAAGGCAAAGA	normal	NA
BT1303_GGAGCAAAGTGACATA	normal	NA
BT1303_GGAGCAAGTAGCGTCC	normal	NA
BT1303_GGAGCAATCCTTTACA	normal	NA
BT1303_GGATGTTAGACTCGGA	normal	NA
BT1303_GGATGTTCAACTTGAC	normal	NA
BT1303_GGATGTTCAAGTCATC	normal	NA
BT1303_GGATGTTCACACCGAC	normal	NA
BT1303_GGATGTTCAGTGGGAT	normal	NA
BT1303_GGATTACAGTGTCCAT	normal	NA
BT1303_GGATTACCATCAGTAC	normal	NA
BT1303_GGATTACGTGGTGTAG	normal	NA
BT1303_GGATTACGTTCAGCGC	tumor	NA
BT1303_GGATTACTCACATGCA	normal	NA
BT1303_GGCAATTAGGAATCGC	normal	NA
BT1303_GGCAATTAGTGGGATC	normal	NA
BT1303_GGCAATTCAGGAATCG	normal	NA
BT1303_GGCAATTCATGGAATA	normal	NA
BT1303_GGCAATTGTATTAGCC	normal	NA
BT1303_GGCCGATAGGAATGGA	normal	NA
BT1303_GGCCGATCAAGAGGCT	normal	NA
BT1303_GGCCGATCAGTTCCCT	normal	NA
BT1303_GGCCGATCATACGCTA	normal	NA
BT1303_GGCCGATGTGATGATA	normal	NA
BT1303_GGCGACTAGACCACGA	normal	NA
BT1303_GGCGACTGTCTCTCGT	normal	NA
BT1303_GGCGACTGTTCCGGCA	normal	NA
BT1303_GGCGACTTCTGACCTC	normal	NA
BT1303_GGCGACTTCTGATACG	normal	NA
BT1303_GGCGACTTCTGGCGTG	normal	NA
BT1303_GGCGTGTAGATGGCGT	normal	NA
BT1303_GGCGTGTAGCGTTGCC	normal	NA
BT1303_GGCGTGTAGCTAGGCA	normal	NA
BT1303_GGCGTGTAGTTAACGA	normal	NA
BT1303_GGCGTGTGTCCTCCAT	normal	NA
BT1303_GGCGTGTTCGAACTGT	tumor	NA
BT1303_GGCGTGTTCGTATCAG	normal	NA
BT1303_GGCGTGTTCTATCCCG	normal	NA
BT1303_GGCTCGAAGACTCGGA	normal	NA
BT1303_GGCTCGAAGGGAAACA	normal	NA
BT1303_GGCTCGAAGTACGACG	normal	NA
BT1303_GGCTCGAAGTTTGCGT	normal	NA
BT1303_GGCTCGACAAACCCAT	normal	NA
BT1303_GGCTCGACAATTGCTG	normal	NA
BT1303_GGCTCGACACACATGT	tumor	NA
BT1303_GGCTCGACACCGCTAG	normal	NA
BT1303_GGCTCGAGTAAGCACG	normal	NA
BT1303_GGCTCGAGTCTTTCAT	tumor	NA
BT1303_GGCTGGTAGACCGGAT	normal	NA
BT1303_GGCTGGTAGGCTCTTA	tumor	NA
BT1303_GGCTGGTCAGAAGCAC	tumor	NA
BT1303_GGCTGGTGTCCATCCT	tumor	NA
BT1303_GGCTGGTGTCCGTGAC	normal	NA
BT1303_GGCTGGTTCCCTTGCA	normal	NA
BT1303_GGGAATGAGGTGCACA	normal	NA
BT1303_GGGACCTGTGACGGTA	normal	NA
BT1303_GGGAGATAGTCTTGCA	normal	NA
BT1303_GGGATGACAAGCCCAC	tumor	NA
BT1303_GGGATGACATGATCCA	normal	NA
BT1303_GGGATGAGTCGTTGTA	normal	NA
BT1303_GGGATGAGTCTCCCTA	normal	NA
BT1303_GGGATGATCCATGCTC	normal	NA
BT1303_GGGCACTAGTATGACA	normal	NA
BT1303_GGGCACTCAAGACGTG	tumor	NA
BT1303_GGGCACTCATGCCTTC	normal	NA
BT1303_GGGCACTCATTCGACA	normal	NA
BT1303_GGGCACTGTATTCTCT	normal	NA
BT1303_GGGCACTTCATAGCAC	tumor	NA
BT1303_GGGCATCAGGTACTCT	normal	NA
BT1303_GGGCATCAGTGTACGG	normal	NA
BT1303_GGGCATCCATCTACGA	normal	NA
BT1303_GGGCATCTCCCTGACT	normal	NA
BT1303_GGGTCTGAGATAGGAG	normal	NA
BT1303_GGGTCTGAGCCACGCT	normal	NA
BT1303_GGGTCTGAGCCAGAAC	normal	NA
BT1303_GGGTCTGAGGACATTA	normal	NA
BT1303_GGGTCTGGTGAGCGAT	normal	NA
BT1303_GGGTCTGGTTCCGTCT	tumor	NA
BT1303_GGGTCTGGTTCTGGTA	tumor	NA
BT1303_GGGTTGCAGGCTAGCA	normal	NA
BT1303_GGGTTGCCAGCGAACA	tumor	NA
BT1303_GGGTTGCCAGGCGATA	normal	NA
BT1303_GGGTTGCCATCGTCGG	normal	NA
BT1303_GGGTTGCGTACAGCAG	normal	NA
BT1303_GGGTTGCGTATAAACG	normal	NA
BT1303_GGGTTGCGTCCGAATT	normal	NA
BT1303_GGGTTGCGTCGCATCG	tumor	NA
BT1303_GGGTTGCGTCTGCCAG	normal	NA
BT1303_GGGTTGCGTTACCAGT	normal	NA
BT1303_GGTATTGAGATCGATA	normal	NA
BT1303_GGTATTGAGCATGGCA	normal	NA
BT1303_GGTATTGAGCTGAACG	normal	NA
BT1303_GGTATTGCAAGAGTCG	normal	NA
BT1303_GGTATTGCAGCTCGCA	normal	NA
BT1303_GGTATTGGTGCGATAG	tumor	NA
BT1303_GGTATTGTCCAGTAGT	normal	NA
BT1303_GGTGAAGAGTCACGCC	normal	NA
BT1303_GGTGAAGCACGTTGGC	normal	NA
BT1303_GGTGCGTCACAAGTAA	normal	NA
BT1303_GGTGCGTTCAGCACAT	normal	NA
BT1303_GGTGCGTTCCAAATGC	normal	NA
BT1303_GGTGTTAAGTCGAGTG	normal	NA
BT1303_GGTGTTAAGTGACATA	tumor	NA
BT1303_GGTGTTACAGCGTAAG	normal	NA
BT1303_GGTGTTACATCCAACA	tumor	NA
BT1303_GGTGTTAGTAGCCTAT	normal	NA
BT1303_GGTGTTAGTATGAAAC	normal	NA
BT1303_GGTGTTATCTGGTGTA	normal	NA
BT1303_GGTGTTATCTTCATGT	normal	NA
BT1303_GTAACGTCAAGGTGTG	normal	NA
BT1303_GTAACGTGTATGAAAC	normal	NA
BT1303_GTAACGTTCCCAGGTG	tumor	NA
BT1303_GTAACGTTCGGAGGTA	normal	NA
BT1303_GTAACGTTCTCGCATC	tumor	NA
BT1303_GTAACGTTCTGCAAGT	normal	NA
BT1303_GTAACTGTCTACTTAC	normal	NA
BT1303_GTACGTAAGAATAGGG	normal	NA
BT1303_GTACGTAGTTAAAGAC	normal	NA
BT1303_GTACGTATCCTCAACC	normal	NA
BT1303_GTACTCCAGAATGTTG	normal	NA
BT1303_GTACTCCAGACAAAGG	normal	NA
BT1303_GTACTCCAGAGGGCTT	normal	NA
BT1303_GTACTCCAGAGTCGGT	normal	NA
BT1303_GTACTCCAGATGCCAG	normal	NA
BT1303_GTACTCCGTACAGCAG	normal	NA
BT1303_GTACTCCGTCATATCG	normal	NA
BT1303_GTACTCCGTCCTAGCG	normal	NA
BT1303_GTACTCCTCATTGCCC	normal	NA
BT1303_GTACTCCTCCCGACTT	normal	NA
BT1303_GTACTCCTCTGTACGA	tumor	NA
BT1303_GTACTTTGTTAAGGGC	normal	NA
BT1303_GTACTTTTCTGCAGTA	normal	NA
BT1303_GTAGGCCAGCCAGTAG	normal	NA
BT1303_GTAGGCCAGCCGTCGT	normal	NA
BT1303_GTAGGCCAGCGATGAC	normal	NA
BT1303_GTAGGCCGTAAGTGTA	normal	NA
BT1303_GTAGGCCTCTCCAGGG	normal	NA
BT1303_GTAGTCAAGTACGTAA	normal	NA
BT1303_GTAGTCACAAGAAAGG	normal	NA
BT1303_GTAGTCATCAACCATG	normal	NA
BT1303_GTATCTTAGAGTCTGG	normal	NA
BT1303_GTATCTTAGATCTGCT	normal	NA
BT1303_GTATCTTAGATGCCTT	normal	NA
BT1303_GTATCTTAGTCAATAG	normal	NA
BT1303_GTATCTTAGTGAACAT	normal	NA
BT1303_GTATCTTGTCGCGAAA	tumor	NA
BT1303_GTATCTTGTCTAGTCA	normal	NA
BT1303_GTATCTTGTGTTTGGT	tumor	NA
BT1303_GTATCTTTCCCTTGTG	normal	NA
BT1303_GTATTCTAGGGTGTTG	normal	NA
BT1303_GTATTCTCACCACGTG	normal	NA
BT1303_GTATTCTGTATTCGTG	normal	NA
BT1303_GTATTCTGTCGAGTTT	normal	NA
BT1303_GTATTCTTCTGTCAAG	tumor	NA
BT1303_GTCAAGTAGACTACAA	normal	NA
BT1303_GTCAAGTAGCCTATGT	normal	NA
BT1303_GTCAAGTCACATTTCT	normal	NA
BT1303_GTCAAGTCAGCATGAG	normal	NA
BT1303_GTCAAGTCAGTCGTGC	normal	NA
BT1303_GTCAAGTGTATAGTAG	normal	NA
BT1303_GTCAAGTGTGTAATGA	normal	NA
BT1303_GTCAAGTTCGGCTTGG	normal	NA
BT1303_GTCACAAGTAGAAGGA	normal	NA
BT1303_GTCACAAGTTGCCTCT	normal	NA
BT1303_GTCACAATCTCCAACC	tumor	NA
BT1303_GTCACAATCTTGGGTA	normal	NA
BT1303_GTCACGGAGAACAACT	normal	NA
BT1303_GTCACGGAGAGACTTA	normal	NA
BT1303_GTCACGGGTAGCCTCG	normal	NA
BT1303_GTCACGGGTTAAGACA	normal	NA
BT1303_GTCACGGGTTACGGAG	tumor	NA
BT1303_GTCACGGGTTGAGTTC	normal	NA
BT1303_GTCATTTAGCCCAATT	tumor	NA
BT1303_GTCATTTCAGCGTCCA	normal	NA
BT1303_GTCATTTCAGCTTAAC	normal	NA
BT1303_GTCATTTCATAGAAAC	normal	NA
BT1303_GTCATTTGTGAGGCTA	normal	NA
BT1303_GTCATTTTCAGGCCCA	normal	NA
BT1303_GTCATTTTCATGGTCA	normal	NA
BT1303_GTCATTTTCGAACGGA	normal	NA
BT1303_GTCATTTTCGGACAAG	normal	NA
BT1303_GTCCTCAAGAGGTAGA	tumor	NA
BT1303_GTCCTCAAGCCACGCT	normal	NA
BT1303_GTCCTCACAATGGTCT	normal	NA
BT1303_GTCCTCACAGGGAGAG	normal	NA
BT1303_GTCCTCATCAGTTGAC	normal	NA
BT1303_GTCCTCATCTTACCTA	normal	NA
BT1303_GTCGGGTAGTACGTTC	normal	NA
BT1303_GTCGGGTAGTTGTAGA	normal	NA
BT1303_GTCGGGTCAAACGCGA	tumor	NA
BT1303_GTCGGGTCAATGTTGC	normal	NA
BT1303_GTCGGGTCAGCCAATT	normal	NA
BT1303_GTCGGGTCAGTCAGAG	normal	NA
BT1303_GTCGGGTCATAAAGGT	tumor	NA
BT1303_GTCGGGTGTAGCTCCG	tumor	NA
BT1303_GTCGGGTGTATATGGA	normal	NA
BT1303_GTCGGGTGTCGCGGTT	normal	NA
BT1303_GTCGGGTGTTATCACG	normal	NA
BT1303_GTCGGGTTCACCATAG	normal	NA
BT1303_GTCGTAAAGTGCCAGA	tumor	NA
BT1303_GTCTCGTAGATGCCTT	normal	NA
BT1303_GTCTCGTAGGTGCAAC	normal	NA
BT1303_GTCTCGTAGTAGCCGA	normal	NA
BT1303_GTCTCGTTCATTGCGA	normal	NA
BT1303_GTCTCGTTCCAGAGGA	normal	NA
BT1303_GTCTTCGCAGACGCTC	tumor	NA
BT1303_GTCTTCGCATCTCCCA	normal	NA
BT1303_GTGAAGGAGGTGCACA	normal	NA
BT1303_GTGAAGGGTAGCGCTC	normal	NA
BT1303_GTGAAGGTCCGCATAA	normal	NA
BT1303_GTGCAGCAGAAGATTC	normal	NA
BT1303_GTGCAGCAGCAGATCG	normal	NA
BT1303_GTGCAGCAGTACATGA	normal	NA
BT1303_GTGCAGCCACAGCCCA	normal	NA
BT1303_GTGCAGCCACAGCGTC	normal	NA
BT1303_GTGCAGCTCACCTCGT	normal	NA
BT1303_GTGCAGCTCTGCAGTA	normal	NA
BT1303_GTGCATAAGGAGTACC	normal	NA
BT1303_GTGCATACACTGCCAG	normal	NA
BT1303_GTGCATATCCGCGGTA	normal	NA
BT1303_GTGCATATCGTGACAT	normal	NA
BT1303_GTGCATATCTCAAACG	normal	NA
BT1303_GTGCATATCTGTGCAA	normal	NA
BT1303_GTGCGGTAGATCTGCT	normal	NA
BT1303_GTGCGGTAGTTAAGTG	tumor	NA
BT1303_GTGCGGTCAGTAAGAT	normal	NA
BT1303_GTGCGGTCATCGGAAG	normal	NA
BT1303_GTGCGGTGTCATCCCT	tumor	NA
BT1303_GTGCGGTGTCGCGAAA	normal	NA
BT1303_GTGCGGTGTTTAGGAA	normal	NA
BT1303_GTGCGGTTCGACGGAA	normal	NA
BT1303_GTGCGGTTCGGAATCT	normal	NA
BT1303_GTGCGGTTCTGTACGA	normal	NA
BT1303_GTGCGGTTCTGTCCGT	normal	NA
BT1303_GTGCTTCAGGGCACTA	normal	NA
BT1303_GTGCTTCGTATTAGCC	tumor	NA
BT1303_GTGCTTCGTGAGCGAT	normal	NA
BT1303_GTGCTTCTCGAATGGG	normal	NA
BT1303_GTGGGTCAGAAACCAT	normal	NA
BT1303_GTGGGTCGTAAACACA	normal	NA
BT1303_GTGGGTCGTCGGATCC	normal	NA
BT1303_GTGGGTCGTTCGGCAC	normal	NA
BT1303_GTGGGTCTCACAGTAC	normal	NA
BT1303_GTGTGCGCACAGACTT	normal	NA
BT1303_GTGTGCGCACTTAACG	normal	NA
BT1303_GTGTGCGCATTGTGCA	normal	NA
BT1303_GTGTGCGGTAAACGCG	normal	NA
BT1303_GTGTGCGGTAATTGGA	normal	NA
BT1303_GTGTGCGGTGTGTGCC	normal	NA
BT1303_GTGTGCGTCCGTCATC	normal	NA
BT1303_GTGTGCGTCGGTTAAC	normal	NA
BT1303_GTGTTAGAGACACGAC	tumor	NA
BT1303_GTGTTAGGTACAGACG	normal	NA
BT1303_GTGTTAGGTAGGCTGA	normal	NA
BT1303_GTGTTAGGTGCTGTAT	normal	NA
BT1303_GTGTTAGGTTCCACAA	normal	NA
BT1303_GTGTTAGTCGAGGTAG	normal	NA
BT1303_GTGTTAGTCGTCTGCT	tumor	NA
BT1303_GTTAAGCAGACTGTAA	normal	NA
BT1303_GTTAAGCAGCGATAGC	normal	NA
BT1303_GTTAAGCAGTAGCGGT	normal	NA
BT1303_GTTAAGCCAGCTCGAC	normal	NA
BT1303_GTTAAGCCATACTCTT	normal	NA
BT1303_GTTAAGCGTACAGACG	tumor	NA
BT1303_GTTAAGCGTCATATCG	normal	NA
BT1303_GTTAAGCGTCCGAAGA	normal	NA
BT1303_GTTAAGCGTCCGTCAG	normal	NA
BT1303_GTTAAGCGTTCATGGT	tumor	NA
BT1303_GTTACAGAGAAGGACA	normal	NA
BT1303_GTTACAGAGAATAGGG	tumor	NA
BT1303_GTTACAGCACTTGGAT	normal	NA
BT1303_GTTACAGGTCCATCCT	normal	NA
BT1303_GTTACAGGTCCTGCTT	normal	NA
BT1303_GTTACAGTCAACGGCC	normal	NA
BT1303_GTTACAGTCGCATGAT	normal	NA
BT1303_GTTACAGTCTTTAGTC	normal	NA
BT1303_GTTCATTAGATATGGT	normal	NA
BT1303_GTTCATTCATAGAAAC	normal	NA
BT1303_GTTCATTCATGCCTAA	normal	NA
BT1303_GTTCATTGTCGTGGCT	tumor	NA
BT1303_GTTCATTGTCGTTGTA	normal	NA
BT1303_GTTCATTGTCTTGCGG	normal	yes
BT1303_GTTCATTTCGTAGGAG	tumor	NA
BT1303_GTTCGGGAGATCCTGT	tumor	NA
BT1303_GTTCGGGAGCCACCTG	normal	NA
BT1303_GTTCGGGCATTGCGGC	normal	NA
BT1303_GTTCGGGGTTATTCTC	normal	NA
BT1303_GTTCGGGTCCTAGAAC	tumor	NA
BT1303_GTTCGGGTCGGTTCGG	normal	NA
BT1303_GTTCTCGAGACACTAA	normal	NA
BT1303_GTTCTCGAGACGCAAC	normal	NA
BT1303_GTTCTCGAGTGGTCCC	normal	NA
BT1303_GTTCTCGTCTGACCTC	normal	NA
BT1303_GTTTCTAAGACTACAA	normal	NA
BT1303_GTTTCTAAGGATGTAT	normal	NA
BT1303_GTTTCTACAATGTAAG	normal	NA
BT1303_GTTTCTACACTAAGTC	normal	NA
BT1303_GTTTCTATCAGTGTTG	normal	NA
BT1303_GTTTCTATCTGAGTGT	normal	NA
BT1303_TAAACCGAGATGTAAC	normal	NA
BT1303_TAAACCGAGCTACCGC	normal	NA
BT1303_TAAACCGCAACCGCCA	normal	NA
BT1303_TAAACCGCATTAGGCT	tumor	NA
BT1303_TAAACCGGTCAATGTC	normal	NA
BT1303_TAAACCGGTGTAACGG	normal	NA
BT1303_TAAACCGTCCCTCAGT	normal	NA
BT1303_TAAGAGACATGCTGGC	normal	NA
BT1303_TAAGAGATCGGCTACG	normal	NA
BT1303_TAAGCGTAGCGATCCC	normal	NA
BT1303_TAAGCGTAGGCTCATT	normal	NA
BT1303_TAAGCGTGTAGCGTAG	normal	NA
BT1303_TAAGCGTGTATGAATG	normal	NA
BT1303_TAAGCGTGTCTAGTCA	normal	NA
BT1303_TAAGCGTGTTGGTGGA	normal	NA
BT1303_TAAGCGTTCGGTCCGA	normal	NA
BT1303_TAAGCGTTCGGTGTCG	normal	NA
BT1303_TAAGCGTTCGTGGACC	normal	NA
BT1303_TAAGCGTTCTCAAACG	normal	NA
BT1303_TAAGTGCAGAGCAATT	normal	NA
BT1303_TAAGTGCAGAGCCTAG	normal	NA
BT1303_TAAGTGCAGTTAACGA	normal	NA
BT1303_TAAGTGCGTGTCAATC	normal	NA
BT1303_TAAGTGCGTGTGTGCC	normal	NA
BT1303_TAAGTGCGTTGCGTTA	normal	NA
BT1303_TACACGAAGTGCCAGA	normal	NA
BT1303_TACACGACAAGCCCAC	normal	NA
BT1303_TACACGACACAACGCC	normal	NA
BT1303_TACAGTGAGGCCCGTT	normal	NA
BT1303_TACAGTGAGGCTCTTA	normal	NA
BT1303_TACAGTGAGTGGTAGC	normal	NA
BT1303_TACAGTGCACGGCCAT	normal	NA
BT1303_TACAGTGCATCTATGG	normal	NA
BT1303_TACAGTGGTCTACCTC	tumor	NA
BT1303_TACAGTGTCCCTTGCA	normal	NA
BT1303_TACAGTGTCCTACAGA	normal	NA
BT1303_TACCTATCATGCTGGC	normal	NA
BT1303_TACCTATCATGGATGG	normal	NA
BT1303_TACCTATGTCAACATC	normal	NA
BT1303_TACCTATGTCCGAGTC	normal	NA
BT1303_TACCTATGTGAAGGCT	normal	NA
BT1303_TACCTTACAGTTTACG	normal	NA
BT1303_TACCTTATCACCATAG	normal	NA
BT1303_TACCTTATCAGAGCTT	tumor	NA
BT1303_TACCTTATCTAACGGT	normal	NA
BT1303_TACGGATCAACGATGG	normal	NA
BT1303_TACGGATCAATGCCAT	normal	NA
BT1303_TACGGATCAGGAACGT	normal	NA
BT1303_TACGGATCAGGTTTCA	normal	NA
BT1303_TACGGATGTCTCATCC	normal	NA
BT1303_TACGGATTCATCTGCC	normal	NA
BT1303_TACGGATTCGGCGCTA	normal	NA
BT1303_TACGGGCCACTAGTAC	normal	NA
BT1303_TACGGGCGTAAGGATT	normal	NA
BT1303_TACGGGCGTCATCGGC	normal	NA
BT1303_TACGGGCGTGTCCTCT	normal	NA
BT1303_TACGGGCTCTCCGGTT	normal	NA
BT1303_TACGGTAAGGGATCTG	normal	NA
BT1303_TACGGTAAGTGGGATC	normal	NA
BT1303_TACGGTACACGAGAGT	normal	NA
BT1303_TACGGTACACTGTTAG	tumor	NA
BT1303_TACGGTACATCATCCC	normal	NA
BT1303_TACGGTAGTCAATGTC	tumor	NA
BT1303_TACGGTAGTCAGGACA	normal	NA
BT1303_TACGGTATCTGTCCGT	normal	NA
BT1303_TACTCATAGAAAGTGG	normal	NA
BT1303_TACTCATAGCTACCTA	tumor	NA
BT1303_TACTCATGTAATCGTC	normal	NA
BT1303_TACTCATTCACATACG	normal	NA
BT1303_TACTCATTCACCGGGT	normal	NA
BT1303_TACTCATTCCTCCTAG	normal	NA
BT1303_TACTCATTCGGGAGTA	normal	NA
BT1303_TACTCGCCACACGCTG	normal	NA
BT1303_TACTCGCCACATTAGC	tumor	NA
BT1303_TACTCGCCAGAGTGTG	normal	NA
BT1303_TACTCGCCAGCTTCGG	normal	NA
BT1303_TACTCGCGTACGACCC	tumor	NA
BT1303_TACTCGCGTCTAGAGG	normal	NA
BT1303_TACTCGCGTGAGGGAG	tumor	NA
BT1303_TACTCGCGTTTCGCTC	normal	NA
BT1303_TACTCGCTCCTGCCAT	tumor	NA
BT1303_TACTCGCTCTTGAGGT	normal	NA
BT1303_TACTTACCAGAGTGTG	normal	NA
BT1303_TACTTACCATGCTGGC	normal	NA
BT1303_TACTTACTCAGAGACG	normal	NA
BT1303_TACTTACTCGAACTGT	normal	NA
BT1303_TACTTGTAGCTACCGC	normal	NA
BT1303_TACTTGTCACCAGATT	normal	NA
BT1303_TACTTGTTCAGCACAT	tumor	NA
BT1303_TAGACCAAGAGTGAGA	normal	NA
BT1303_TAGACCAAGGTGATTA	normal	NA
BT1303_TAGACCAAGTTCCACA	normal	NA
BT1303_TAGACCACACCCAGTG	normal	NA
BT1303_TAGACCATCACGAAGG	normal	NA
BT1303_TAGAGCTGTAAGGGAA	normal	NA
BT1303_TAGAGCTGTCCTCCAT	tumor	NA
BT1303_TAGAGCTTCGAGAACG	normal	NA
BT1303_TAGCCGGAGAGTAAGG	normal	NA
BT1303_TAGCCGGCACACCGCA	tumor	NA
BT1303_TAGCCGGGTCATATGC	normal	NA
BT1303_TAGCCGGGTTATTCTC	normal	NA
BT1303_TAGCCGGTCCTAGGGC	tumor	NA
BT1303_TAGCCGGTCGCATGAT	normal	NA
BT1303_TAGGCATAGAAGATTC	normal	NA
BT1303_TAGGCATAGCATGGCA	normal	NA
BT1303_TAGGCATAGTACGCCC	tumor	NA
BT1303_TAGTGGTAGATCCGAG	normal	NA
BT1303_TAGTGGTAGGGAAACA	normal	NA
BT1303_TAGTGGTAGTGATCGG	normal	NA
BT1303_TAGTGGTAGTTATCGC	normal	NA
BT1303_TAGTGGTAGTTGAGAT	tumor	NA
BT1303_TAGTGGTCAATGTAAG	normal	NA
BT1303_TAGTGGTGTCGATTGT	normal	NA
BT1303_TAGTGGTGTCGCTTCT	tumor	NA
BT1303_TAGTGGTGTCTCCCTA	normal	NA
BT1303_TAGTGGTGTGGTCCGT	normal	NA
BT1303_TAGTTGGAGCATGGCA	normal	NA
BT1303_TAGTTGGAGGGAACGG	normal	NA
BT1303_TAGTTGGAGTGGTAGC	normal	NA
BT1303_TAGTTGGCAAGACGTG	normal	NA
BT1303_TAGTTGGCACAAGCCC	normal	NA
BT1303_TATCAGGAGAGTGACC	normal	NA
BT1303_TATCAGGCAACTGGCC	normal	NA
BT1303_TATCAGGCACATTCGA	tumor	NA
BT1303_TATCAGGCAGTCGATT	normal	NA
BT1303_TATCAGGCATGCTAGT	normal	NA
BT1303_TATCAGGTCATGTCCC	normal	NA
BT1303_TATCAGGTCTGGCGTG	tumor	NA
BT1303_TATCTCAAGTACATGA	normal	NA
BT1303_TATCTCACAACTGCGC	normal	NA
BT1303_TATCTCACACGCTTTC	normal	NA
BT1303_TATCTCAGTTATGTGC	normal	NA
BT1303_TATGCCCAGCTAACAA	normal	NA
BT1303_TATGCCCAGCTATGCT	tumor	NA
BT1303_TATGCCCAGCTCCTCT	normal	NA
BT1303_TATGCCCAGGGCATGT	normal	NA
BT1303_TATGCCCCAAATACAG	normal	NA
BT1303_TATGCCCTCGATGAGG	normal	NA
BT1303_TATTACCCACGACTCG	normal	NA
BT1303_TCAACGAAGAATCTCC	normal	NA
BT1303_TCAACGAAGGCCCTCA	normal	NA
BT1303_TCAACGACACATTAGC	normal	NA
BT1303_TCAACGAGTCTGATCA	normal	NA
BT1303_TCAACGAGTGGTCTCG	normal	NA
BT1303_TCAATCTAGCGAAGGG	tumor	NA
BT1303_TCAATCTAGTGATCGG	normal	NA
BT1303_TCAATCTCAATCTACG	tumor	NA
BT1303_TCAATCTCAGTTCCCT	normal	NA
BT1303_TCAATCTCATCCAACA	normal	NA
BT1303_TCAATCTGTAGCGCTC	tumor	NA
BT1303_TCAATCTGTCGGATCC	normal	NA
BT1303_TCAATCTTCCGCAAGC	normal	NA
BT1303_TCAATCTTCTGGTGTA	normal	NA
BT1303_TCAATCTTCTTCAACT	normal	NA
BT1303_TCACAAGAGAGCCCAA	normal	NA
BT1303_TCACAAGCATGCCCGA	normal	NA
BT1303_TCACAAGGTCTCCCTA	tumor	NA
BT1303_TCACAAGTCCACGTTC	normal	NA
BT1303_TCACAAGTCGCCCTTA	normal	NA
BT1303_TCACAAGTCGTACGGC	normal	NA
BT1303_TCACAAGTCTGTCTCG	normal	NA
BT1303_TCACGAAAGCGCCTCA	tumor	NA
BT1303_TCACGAACAGCGATCC	normal	NA
BT1303_TCACGAATCACCGGGT	normal	NA
BT1303_TCAGATGAGCACCGCT	normal	NA
BT1303_TCAGATGAGGTGCTTT	normal	NA
BT1303_TCAGATGAGTCGTACT	normal	NA
BT1303_TCAGATGAGTTACCCA	tumor	NA
BT1303_TCAGATGCATCGATGT	normal	NA
BT1303_TCAGATGCATGATCCA	normal	NA
BT1303_TCAGATGGTATAGTAG	normal	NA
BT1303_TCAGATGGTCGCGAAA	normal	NA
BT1303_TCAGATGGTGTGGTTT	tumor	NA
BT1303_TCAGATGTCATTCACT	normal	NA
BT1303_TCAGCAAAGACTAGGC	normal	NA
BT1303_TCAGCAAAGTATGACA	normal	NA
BT1303_TCAGCAACAAGCCTAT	normal	NA
BT1303_TCAGCAACACGGTAGA	normal	NA
BT1303_TCAGCAATCAGGCGAA	tumor	NA
BT1303_TCAGCAATCGAGGTAG	normal	NA
BT1303_TCAGCAATCTGGCGAC	normal	NA
BT1303_TCAGCTCAGACGACGT	normal	NA
BT1303_TCAGCTCAGACGCAAC	normal	NA
BT1303_TCAGCTCAGAGCTGGT	normal	NA
BT1303_TCAGCTCAGCTGCAAG	normal	NA
BT1303_TCAGCTCCACTTCTGC	normal	NA
BT1303_TCAGCTCCATGGGAAC	normal	NA
BT1303_TCAGCTCGTAAGTGGC	normal	NA
BT1303_TCAGCTCGTATAGGGC	tumor	NA
BT1303_TCAGCTCTCCTAGAAC	tumor	NA
BT1303_TCAGGATAGCGATATA	tumor	NA
BT1303_TCAGGATCAAGCGAGT	normal	NA
BT1303_TCAGGATCATCACCCT	normal	NA
BT1303_TCAGGATGTACTCTCC	normal	NA
BT1303_TCAGGATGTAGGGTAC	normal	NA
BT1303_TCAGGATTCAGAGCTT	normal	NA
BT1303_TCAGGATTCAGCTGGC	normal	NA
BT1303_TCAGGATTCAGTCCCT	normal	NA
BT1303_TCAGGATTCTGTACGA	normal	NA
BT1303_TCAGGATTCTTCCTTC	normal	NA
BT1303_TCAGGTACACAGACAG	normal	NA
BT1303_TCAGGTACAGGATCGA	normal	NA
BT1303_TCAGGTAGTCACTTCC	normal	NA
BT1303_TCAGGTATCCACGACG	normal	NA
BT1303_TCATTACAGAATGTGT	normal	NA
BT1303_TCATTACCATCTATGG	normal	NA
BT1303_TCATTACTCGGATGTT	normal	NA
BT1303_TCATTACTCTCGGACG	normal	NA
BT1303_TCATTTGAGATCCTGT	normal	NA
BT1303_TCATTTGCAATGGTCT	tumor	NA
BT1303_TCATTTGCAGATTGCT	normal	NA
BT1303_TCATTTGGTCTCATCC	normal	NA
BT1303_TCATTTGTCAACCAAC	normal	NA
BT1303_TCATTTGTCACAGTAC	normal	NA
BT1303_TCATTTGTCTCCGGTT	normal	NA
BT1303_TCCACACAGAATCTCC	normal	NA
BT1303_TCCACACAGATGTCGG	normal	NA
BT1303_TCCACACGTCGAACAG	normal	NA
BT1303_TCCACACGTCTTGATG	normal	NA
BT1303_TCCACACGTTCGAATC	tumor	NA
BT1303_TCCACACTCATACGGT	tumor	NA
BT1303_TCCACACTCTATGTGG	normal	NA
BT1303_TCCACACTCTTCAACT	normal	NA
BT1303_TCCCGATAGCGTGTCC	tumor	NA
BT1303_TCCCGATAGGCGATAC	normal	NA
BT1303_TCCCGATAGTTAGGTA	normal	NA
BT1303_TCCCGATCACAACGTT	normal	NA
BT1303_TCCCGATGTGGTGTAG	normal	NA
BT1303_TCCCGATGTGTGCCTG	normal	NA
BT1303_TCGAGGCAGGAATGGA	normal	NA
BT1303_TCGAGGCGTGCTAGCC	tumor	NA
BT1303_TCGAGGCGTTCCTCCA	normal	NA
BT1303_TCGCGAGAGAGGGATA	normal	NA
BT1303_TCGCGAGAGTGGGATC	normal	NA
BT1303_TCGCGAGCAAGTTAAG	tumor	NA
BT1303_TCGCGAGCACCAACCG	normal	NA
BT1303_TCGCGAGCATTGAGCT	normal	NA
BT1303_TCGCGAGTCGTACGGC	normal	NA
BT1303_TCGCGTTAGGGTATCG	normal	NA
BT1303_TCGCGTTAGGTGATTA	normal	NA
BT1303_TCGCGTTTCAAACAAG	normal	NA
BT1303_TCGCGTTTCCACGCAG	normal	NA
BT1303_TCGGGACAGATCCCAT	normal	NA
BT1303_TCGGGACAGCCCAACC	normal	NA
BT1303_TCGGGACAGGGATGGG	normal	NA
BT1303_TCGGGACCACCTATCC	tumor	NA
BT1303_TCGGGACCACGAAACG	normal	NA
BT1303_TCGGGACCAGTGGAGT	normal	NA
BT1303_TCGGGACGTTCAACCA	normal	NA
BT1303_TCGGGACTCGCCAAAT	normal	NA
BT1303_TCGGGACTCTTCGAGA	normal	NA
BT1303_TCGGTAAAGCTCAACT	normal	NA
BT1303_TCGGTAACAGATTGCT	normal	NA
BT1303_TCGGTAACATATGAGA	tumor	NA
BT1303_TCGGTAACATCTCGCT	normal	NA
BT1303_TCGGTAATCAAGGCTT	normal	NA
BT1303_TCGTACCAGACTGTAA	normal	NA
BT1303_TCGTACCAGCAGGTCA	normal	NA
BT1303_TCGTACCCATCACCCT	tumor	NA
BT1303_TCGTACCCATTAGCCA	normal	NA
BT1303_TCGTACCCATTATCTC	tumor	NA
BT1303_TCGTACCGTAGCAAAT	normal	NA
BT1303_TCGTACCGTCGTCTTC	normal	NA
BT1303_TCGTACCGTGCTAGCC	normal	NA
BT1303_TCGTACCGTGTCCTCT	normal	NA
BT1303_TCGTACCTCACGATGT	normal	NA
BT1303_TCGTACCTCTATCCTA	tumor	NA
BT1303_TCGTACCTCTCCCTGA	normal	NA
BT1303_TCGTAGACAATGACCT	normal	NA
BT1303_TCGTAGACACATCCAA	normal	NA
BT1303_TCGTAGACAGACAGGT	normal	NA
BT1303_TCGTAGAGTAGCGTCC	normal	NA
BT1303_TCGTAGATCCTCAACC	tumor	NA
BT1303_TCGTAGATCGACAGCC	normal	NA
BT1303_TCGTAGATCGGAATCT	normal	NA
BT1303_TCTATTGAGTTGCAGG	normal	NA
BT1303_TCTATTGCACATGGGA	tumor	NA
BT1303_TCTATTGCATAAAGGT	normal	NA
BT1303_TCTATTGCATTTGCTT	normal	NA
BT1303_TCTATTGTCAAACCGT	normal	NA
BT1303_TCTATTGTCAGCTCTC	normal	NA
BT1303_TCTATTGTCGATAGAA	tumor	NA
BT1303_TCTATTGTCTAACCGA	tumor	NA
BT1303_TCTATTGTCTTCATGT	normal	NA
BT1303_TCTCATAAGTGTCCAT	normal	NA
BT1303_TCTCATACAACGATGG	normal	NA
BT1303_TCTCATACAATGTAAG	normal	NA
BT1303_TCTCATACATCGGACC	normal	NA
BT1303_TCTCATATCGCAAACT	normal	NA
BT1303_TCTCATATCGTTGACA	normal	NA
BT1303_TCTCATATCTGCCCTA	normal	NA
BT1303_TCTCTAAAGATCCCGC	normal	NA
BT1303_TCTCTAAAGTGCCAGA	normal	NA
BT1303_TCTCTAAGTGTTGAGG	normal	NA
BT1303_TCTCTAATCGGCTACG	normal	NA
BT1303_TCTGAGAAGCTAGCCC	normal	NA
BT1303_TCTGAGAGTGCGAAAC	normal	NA
BT1303_TCTGAGAGTTACGACT	normal	NA
BT1303_TCTGAGATCACCACCT	normal	NA
BT1303_TCTGGAACACAAGACG	normal	NA
BT1303_TCTGGAACAGTTTACG	normal	NA
BT1303_TCTGGAACATGTCGAT	normal	NA
BT1303_TCTGGAAGTACCATCA	normal	NA
BT1303_TCTTCGGAGAAACCGC	normal	NA
BT1303_TCTTCGGAGCGCCTCA	normal	NA
BT1303_TCTTCGGAGGCAGGTT	tumor	NA
BT1303_TCTTCGGCAATAGCGG	normal	NA
BT1303_TCTTCGGCACGGATAG	normal	NA
BT1303_TCTTCGGGTATAAACG	normal	NA
BT1303_TCTTCGGTCCTATGTT	tumor	NA
BT1303_TCTTTCCAGAGCTGCA	normal	NA
BT1303_TCTTTCCAGGCCCTTG	normal	NA
BT1303_TCTTTCCGTCCTAGCG	normal	NA
BT1303_TCTTTCCGTTTACTCT	normal	NA
BT1303_TCTTTCCTCAGTCCCT	normal	NA
BT1303_TCTTTCCTCTACGAGT	normal	NA
BT1303_TGAAAGAAGCACAGGT	normal	NA
BT1303_TGAAAGAAGTACGATA	normal	NA
BT1303_TGAAAGAAGTTGTCGT	normal	NA
BT1303_TGAAAGACATCCTTGC	normal	NA
BT1303_TGAAAGACATTGGGCC	normal	NA
BT1303_TGAAAGAGTGCGCTTG	tumor	NA
BT1303_TGAAAGATCAACACCA	normal	NA
BT1303_TGAAAGATCACATACG	normal	NA
BT1303_TGAAAGATCCAACCAA	normal	NA
BT1303_TGAAAGATCGGTGTTA	normal	NA
BT1303_TGACAACAGAACTGTA	normal	NA
BT1303_TGACAACCACTTCGAA	normal	NA
BT1303_TGACAACCAGGTCGTC	tumor	NA
BT1303_TGACAACCATTCCTGC	normal	NA
BT1303_TGACAACGTAAGGGAA	tumor	NA
BT1303_TGACAACTCCACGTGG	normal	NA
BT1303_TGACAACTCCTCCTAG	normal	NA
BT1303_TGACAACTCTCATTCA	normal	NA
BT1303_TGACGGCAGAAACCAT	normal	NA
BT1303_TGACGGCAGAATTGTG	tumor	NA
BT1303_TGACGGCAGCGATTCT	normal	NA
BT1303_TGACGGCAGTGATCGG	normal	NA
BT1303_TGACGGCCATTTCAGG	normal	NA
BT1303_TGACGGCGTAAATACG	normal	NA
BT1303_TGACGGCGTAGGCTGA	normal	NA
BT1303_TGACGGCGTGTGACCC	normal	NA
BT1303_TGACGGCTCCGCAAGC	normal	NA
BT1303_TGACTAGCACACATGT	normal	NA
BT1303_TGACTAGCACTCGACG	normal	NA
BT1303_TGACTAGCAGGAATGC	normal	NA
BT1303_TGACTTTAGCAAATCA	normal	NA
BT1303_TGACTTTAGGTGATAT	normal	NA
BT1303_TGACTTTAGTGGGCTA	normal	NA
BT1303_TGACTTTCACGCGAAA	normal	NA
BT1303_TGACTTTCAGCTCCGA	normal	NA
BT1303_TGACTTTTCTCTTATG	normal	NA
BT1303_TGACTTTTCTGGTTCC	tumor	NA
BT1303_TGACTTTTCTTGCATT	normal	NA
BT1303_TGAGAGGCAACTTGAC	normal	NA
BT1303_TGAGAGGCAGGGTATG	normal	NA
BT1303_TGAGAGGGTTTGTTGG	normal	NA
BT1303_TGAGAGGTCAGCGATT	normal	NA
BT1303_TGAGCATAGTTGAGTA	normal	NA
BT1303_TGAGCATCAATAGCGG	normal	NA
BT1303_TGAGCATGTCGGCATC	normal	NA
BT1303_TGAGCATGTTTGCATG	normal	NA
BT1303_TGAGCCGAGCTAAACA	normal	NA
BT1303_TGAGCCGAGGCCATAG	normal	NA
BT1303_TGAGCCGGTAGGGTAC	normal	NA
BT1303_TGAGCCGGTCTCCATC	normal	NA
BT1303_TGAGGGAAGGAGTACC	normal	NA
BT1303_TGAGGGACACAGGCCT	normal	NA
BT1303_TGAGGGACACATCCAA	normal	NA
BT1303_TGAGGGACAGATCGGA	normal	NA
BT1303_TGAGGGACATGTAGTC	normal	NA
BT1303_TGAGGGAGTCAGGACA	tumor	NA
BT1303_TGAGGGATCAGAGCTT	normal	NA
BT1303_TGAGGGATCCCTAATT	normal	NA
BT1303_TGAGGGATCGCATGGC	normal	NA
BT1303_TGATTTCAGATGGGTC	normal	NA
BT1303_TGATTTCAGGGAAACA	normal	NA
BT1303_TGATTTCAGTAGATGT	normal	NA
BT1303_TGATTTCCACGCGAAA	normal	NA
BT1303_TGATTTCGTACCGAGA	normal	NA
BT1303_TGATTTCGTCATATCG	normal	NA
BT1303_TGCACCTCAGCGTCCA	normal	NA
BT1303_TGCACCTGTGTGCCTG	normal	NA
BT1303_TGCACCTTCTAACTCT	normal	NA
BT1303_TGCCAAAAGACGCTTT	normal	NA
BT1303_TGCCAAAAGATCGATA	normal	NA
BT1303_TGCCAAACAAGAAGAG	normal	NA
BT1303_TGCCAAACACGAAAGC	normal	NA
BT1303_TGCCAAAGTCGGCACT	normal	NA
BT1303_TGCCAAAGTTCCACGG	normal	NA
BT1303_TGCCAAAGTTCCCGAG	tumor	NA
BT1303_TGCCAAAGTTGAGGTG	tumor	NA
BT1303_TGCCAAATCACTTACT	normal	NA
BT1303_TGCCAAATCGGACAAG	normal	NA
BT1303_TGCCAAATCTCGCTTG	normal	NA
BT1303_TGCCAAATCTTCGGTC	normal	NA
BT1303_TGCCCATAGGTCGGAT	normal	NA
BT1303_TGCCCATGTCTAACGT	normal	NA
BT1303_TGCCCATGTTCGTTGA	normal	NA
BT1303_TGCCCATTCTCCAACC	normal	NA
BT1303_TGCCCTACACAGCGTC	normal	NA
BT1303_TGCCCTAGTAGGGACT	normal	NA
BT1303_TGCCCTAGTGCGAAAC	tumor	NA
BT1303_TGCCCTATCAGCAACT	normal	NA
BT1303_TGCCCTATCGGAAACG	normal	NA
BT1303_TGCCCTATCTGAGTGT	tumor	NA
BT1303_TGCGCAGCACCTCGTT	normal	NA
BT1303_TGCGCAGCAGTCAGAG	normal	NA
BT1303_TGCGCAGCATCCCACT	normal	NA
BT1303_TGCGCAGTCCCATTAT	normal	NA
BT1303_TGCGGGTAGTCAAGGC	normal	NA
BT1303_TGCGGGTGTAAGGGCT	tumor	NA
BT1303_TGCGGGTTCGGCTACG	normal	NA
BT1303_TGCGTGGAGATGCGAC	normal	NA
BT1303_TGCGTGGAGCGGCTTC	normal	NA
BT1303_TGCGTGGAGGCTAGCA	normal	NA
BT1303_TGCGTGGCAAAGTGCG	normal	NA
BT1303_TGCGTGGTCAAACAAG	normal	NA
BT1303_TGCGTGGTCATCGATG	normal	NA
BT1303_TGCGTGGTCCTTGCCA	tumor	NA
BT1303_TGCTACCAGTACGTTC	normal	NA
BT1303_TGCTACCCACATCCAA	normal	NA
BT1303_TGCTACCGTGACCAAG	normal	NA
BT1303_TGCTACCGTTGTTTGG	normal	NA
BT1303_TGCTACCTCCAAACTG	normal	NA
BT1303_TGCTACCTCCTTGACC	normal	NA
BT1303_TGCTGCTAGACCGGAT	normal	NA
BT1303_TGCTGCTAGTGGACGT	normal	NA
BT1303_TGCTGCTCAATGGTCT	normal	NA
BT1303_TGCTGCTCATGATCCA	normal	NA
BT1303_TGCTGCTGTGCTAGCC	normal	NA
BT1303_TGCTGCTGTTGGACCC	tumor	NA
BT1303_TGCTGCTTCCTTAATC	normal	NA
BT1303_TGGACGCAGACAAAGG	normal	NA
BT1303_TGGACGCAGCCACCTG	normal	NA
BT1303_TGGACGCCATCGGAAG	normal	NA
BT1303_TGGACGCCATGGGACA	normal	NA
BT1303_TGGACGCGTCACCTAA	normal	NA
BT1303_TGGACGCTCAAAGTAG	normal	NA
BT1303_TGGACGCTCCTAGTGA	normal	NA
BT1303_TGGCCAGAGGTGACCA	normal	NA
BT1303_TGGCCAGCACATTTCT	normal	NA
BT1303_TGGCCAGCATGCTAGT	normal	NA
BT1303_TGGCCAGCATTCACTT	normal	NA
BT1303_TGGCCAGGTAGCTAAA	tumor	NA
BT1303_TGGCCAGGTGAGGGTT	normal	NA
BT1303_TGGCCAGGTTCGGCAC	normal	NA
BT1303_TGGCCAGTCGAATGGG	normal	NA
BT1303_TGGCCAGTCTACTTAC	normal	NA
BT1303_TGGCGCACAAACAACA	tumor	NA
BT1303_TGGCGCAGTTATGTGC	normal	NA
BT1303_TGGCTGGAGACAATAC	normal	NA
BT1303_TGGCTGGAGAGTTGGC	tumor	NA
BT1303_TGGCTGGCAGATCTGT	normal	NA
BT1303_TGGCTGGCATACCATG	normal	NA
BT1303_TGGCTGGCATCGGTTA	tumor	NA
BT1303_TGGCTGGGTGCAACTT	normal	NA
BT1303_TGGCTGGTCATGTGGT	normal	NA
BT1303_TGGCTGGTCGTGGGAA	normal	NA
BT1303_TGGGAAGCAGACAGGT	normal	NA
BT1303_TGGGAAGCATGAACCT	normal	NA
BT1303_TGGGCGTCAACTGCTA	normal	NA
BT1303_TGGGCGTGTCATATCG	tumor	NA
BT1303_TGGGCGTGTCGATTGT	tumor	NA
BT1303_TGGGCGTTCCTGCTTG	normal	NA
BT1303_TGGTTAGAGCGAAGGG	normal	NA
BT1303_TGGTTAGAGGGTTCCC	normal	NA
BT1303_TGGTTAGCACAGGCCT	normal	NA
BT1303_TGGTTAGCATGCTAGT	normal	NA
BT1303_TGGTTAGGTTCCACAA	normal	NA
BT1303_TGGTTAGTCACGATGT	normal	NA
BT1303_TGGTTAGTCAGTACGT	normal	NA
BT1303_TGGTTAGTCCCGGATG	normal	NA
BT1303_TGGTTCCCAATAACGA	normal	NA
BT1303_TGGTTCCCACATGTGT	normal	NA
BT1303_TGGTTCCCATCACGAT	normal	NA
BT1303_TGGTTCCCATTGGGCC	normal	NA
BT1303_TGGTTCCGTGACTACT	normal	NA
BT1303_TGGTTCCGTGTGTGCC	normal	NA
BT1303_TGTATTCCATCTCGCT	tumor	NA
BT1303_TGTATTCGTAAAGGAG	normal	NA
BT1303_TGTCCCAAGCGCCTTG	normal	NA
BT1303_TGTCCCAAGTGGGATC	normal	NA
BT1303_TGTCCCACAGCGTAAG	normal	NA
BT1303_TGTCCCAGTCGCATCG	normal	NA
BT1303_TGTCCCAGTTAAGATG	normal	NA
BT1303_TGTGGTAAGCGTCAAG	normal	NA
BT1303_TGTGGTAAGGGTTTCT	normal	NA
BT1303_TGTGGTAAGTGAAGAG	normal	NA
BT1303_TGTGGTACACTAAGTC	normal	NA
BT1303_TGTGGTACATTGCGGC	normal	NA
BT1303_TGTGGTAGTGTCTGAT	tumor	NA
BT1303_TGTGGTATCAGGCAAG	normal	NA
BT1303_TGTGTTTAGCGCCTCA	normal	NA
BT1303_TGTGTTTAGGCTAGCA	normal	NA
BT1303_TGTGTTTGTCTCGTTC	normal	NA
BT1303_TGTGTTTTCAAGGCTT	tumor	NA
BT1303_TGTGTTTTCGCCAGCA	normal	NA
BT1303_TGTTCCGCAGTAAGAT	normal	NA
BT1303_TGTTCCGCATGCAACT	normal	NA
BT1303_TGTTCCGCATTTGCTT	normal	NA
BT1303_TGTTCCGGTCCCTTGT	normal	NA
BT1303_TGTTCCGTCAGGCCCA	normal	NA
BT1303_TTAACTCAGAAGGACA	normal	NA
BT1303_TTAACTCCACGGCGTT	tumor	NA
BT1303_TTAACTCCATCATCCC	normal	NA
BT1303_TTAACTCCATTCGACA	normal	NA
BT1303_TTAACTCTCAACGGGA	normal	NA
BT1303_TTAACTCTCCTCATTA	normal	NA
BT1303_TTAGGACAGTGCTGCC	normal	NA
BT1303_TTAGGACCAAACCTAC	tumor	NA
BT1303_TTAGGACCAACGCACC	normal	NA
BT1303_TTAGGACGTGATAAAC	normal	NA
BT1303_TTAGGACGTTCATGGT	normal	NA
BT1303_TTAGGACGTTCGTCTC	normal	NA
BT1303_TTAGGACGTTCTGTTT	normal	NA
BT1303_TTAGGACTCAACACAC	normal	NA
BT1303_TTAGGCAAGAAGGTGA	normal	NA
BT1303_TTAGGCAAGATACACA	normal	NA
BT1303_TTAGGCAAGGAATTAC	tumor	NA
BT1303_TTAGGCACACCAGCAC	normal	NA
BT1303_TTAGGCACACGTCAGC	normal	NA
BT1303_TTAGGCACATTCTCAT	normal	NA
BT1303_TTAGTTCAGCCTCGTG	tumor	NA
BT1303_TTAGTTCCAAGGACTG	normal	NA
BT1303_TTAGTTCCACATTAGC	normal	NA
BT1303_TTAGTTCCAGATAATG	normal	NA
BT1303_TTAGTTCCAGCGTAAG	normal	NA
BT1303_TTAGTTCCAGTCTTCC	tumor	NA
BT1303_TTAGTTCGTAATTGGA	normal	NA
BT1303_TTAGTTCTCAAAGACA	normal	NA
BT1303_TTAGTTCTCAATAAGG	normal	NA
BT1303_TTAGTTCTCCGTTGTC	normal	NA
BT1303_TTAGTTCTCGTAGGTT	normal	NA
BT1303_TTATGCTAGCCTTGAT	tumor	NA
BT1303_TTATGCTAGCGATCCC	normal	NA
BT1303_TTATGCTCAGGCGATA	normal	NA
BT1303_TTATGCTTCAACCAAC	normal	NA
BT1303_TTCCCAGAGACTAAGT	tumor	NA
BT1303_TTCCCAGAGATCCGAG	normal	NA
BT1303_TTCCCAGAGTCATGCT	normal	NA
BT1303_TTCCCAGCAATCAGAA	normal	NA
BT1303_TTCCCAGTCGCGATCG	normal	NA
BT1303_TTCGAAGAGCTCCTCT	normal	NA
BT1303_TTCGAAGCAACCGCCA	normal	NA
BT1303_TTCGAAGCAAGTCTGT	normal	NA
BT1303_TTCGAAGCAATCAGAA	normal	NA
BT1303_TTCGAAGCATTCGACA	normal	NA
BT1303_TTCGAAGGTAATCGTC	normal	NA
BT1303_TTCGAAGTCTCTAAGG	normal	NA
BT1303_TTCGGTCAGCTACCTA	normal	NA
BT1303_TTCGGTCAGGGCTCTC	normal	NA
BT1303_TTCGGTCAGTACGTTC	normal	NA
BT1303_TTCGGTCGTCTAGAGG	normal	NA
BT1303_TTCGGTCTCTCGGACG	tumor	NA
BT1303_TTCTACAAGAGCTGGT	normal	NA
BT1303_TTCTACAAGCTCTCGG	normal	NA
BT1303_TTCTACACACTCGACG	normal	NA
BT1303_TTCTACACATCGACGC	normal	NA
BT1303_TTCTACAGTAAGTGTA	normal	NA
BT1303_TTCTACAGTAGTGAAT	normal	NA
BT1303_TTCTACAGTCCCTTGT	tumor	NA
BT1303_TTCTCAAAGCCGTCGT	normal	NA
BT1303_TTCTCAAAGTATTGGA	normal	NA
BT1303_TTCTCAAGTCCCTACT	normal	NA
BT1303_TTCTCAAGTGGACGAT	normal	NA
BT1303_TTCTCAATCAGAAATG	normal	NA
BT1303_TTCTCAATCAGCTCTC	normal	NA
BT1303_TTCTCAATCCTACAGA	normal	NA
BT1303_TTCTCCTAGAAGAAGC	normal	NA
BT1303_TTCTCCTCATTATCTC	normal	NA
BT1303_TTCTCCTTCTCTAAGG	normal	NA
BT1303_TTCTTAGAGAGAGCTC	normal	NA
BT1303_TTCTTAGAGCCACTAT	tumor	NA
BT1303_TTCTTAGGTAACGACG	normal	NA
BT1303_TTCTTAGGTATAAACG	normal	NA
BT1303_TTCTTAGTCAACACGT	normal	NA
BT1303_TTCTTAGTCGGAGCAA	normal	NA
BT1303_TTCTTAGTCGGCGCAT	normal	yes
BT1303_TTGAACGAGACAGAGA	tumor	NA
BT1303_TTGAACGAGCATCATC	normal	NA
BT1303_TTGAACGAGGGTGTGT	normal	NA
BT1303_TTGAACGAGTGTACCT	normal	NA
BT1303_TTGAACGCAAGTTCTG	tumor	NA
BT1303_TTGAACGGTCTCTCGT	normal	NA
BT1303_TTGAACGGTTGTCTTT	tumor	NA
BT1303_TTGAACGTCCCACTTG	normal	NA
BT1303_TTGAACGTCTTGCATT	normal	NA
BT1303_TTGACTTAGCGCTTAT	tumor	NA
BT1303_TTGACTTGTAGGCTGA	tumor	NA
BT1303_TTGACTTGTCCGTGAC	normal	NA
BT1303_TTGACTTTCCAGAAGG	normal	NA
BT1303_TTGCCGTAGGGAGTAA	normal	NA
BT1303_TTGCCGTCAGGTCGTC	normal	NA
BT1303_TTGCCGTGTCACACGC	normal	NA
BT1303_TTGCGTCCAGGGAGAG	normal	NA
BT1303_TTGGAACAGGGCACTA	normal	NA
BT1303_TTGGAACAGGTGTGGT	normal	NA
BT1303_TTGGAACAGTCGTACT	normal	NA
BT1303_TTGGAACGTTAAGGGC	normal	NA
BT1303_TTGGAACTCTGCTGTC	normal	NA
BT1303_TTGGCAAAGCTAGGCA	normal	NA
BT1303_TTGGCAAAGCTCCTTC	normal	NA
BT1303_TTGGCAAAGTGCCAGA	normal	NA
BT1303_TTGGCAACACGTTGGC	normal	NA
BT1303_TTGGCAACATCAGTCA	normal	NA
BT1303_TTGGCAACATGTTCCC	normal	NA
BT1303_TTGGCAAGTCACCCAG	normal	NA
BT1303_TTGGCAAGTCTAAAGA	normal	yes
BT1303_TTGGCAATCCACTGGG	normal	NA
BT1303_TTGGCAATCTCCTATA	normal	NA
BT1303_TTGTAGGAGATCCCGC	normal	NA
BT1303_TTGTAGGAGGCTAGCA	normal	NA
BT1303_TTGTAGGAGTAGTGCG	normal	NA
BT1303_TTTACTGAGAGAACAG	normal	NA
BT1303_TTTACTGAGAGCTATA	normal	NA
BT1303_TTTACTGCAAATTGCC	normal	NA
BT1303_TTTACTGCAATTGCTG	normal	NA
BT1303_TTTACTGCAGCTGCAC	tumor	NA
BT1303_TTTACTGCATATGGTC	normal	NA
BT1303_TTTACTGGTGTAAGTA	normal	NA
BT1303_TTTACTGTCCAGTATG	normal	NA
BT1303_TTTACTGTCCCTCAGT	normal	NA
BT1303_TTTATGCCACAGATTC	normal	NA
BT1303_TTTATGCGTACGCTGC	normal	NA
BT1303_TTTATGCTCTGAGGGA	normal	NA
BT1303_TTTCCTCAGTACGCCC	normal	NA
BT1303_TTTCCTCAGTGACTCT	normal	NA
BT1303_TTTCCTCAGTGCCAGA	normal	NA
BT1303_TTTCCTCCATCCCACT	normal	NA
BT1303_TTTCCTCGTCGCTTCT	normal	NA
BT1303_TTTCCTCGTTTAGGAA	normal	NA
BT1303_TTTCCTCTCATCTGCC	tumor	NA
BT1303_TTTGCGCAGCCTATGT	normal	NA
BT1303_TTTGCGCCAATAACGA	normal	NA
BT1303_TTTGCGCCATATGCTG	tumor	NA
BT1303_TTTGCGCTCCACGCAG	normal	NA
BT1303_TTTGGTTAGGGATGGG	normal	NA
BT1303_TTTGGTTCAAGCCCAC	normal	NA
BT1303_TTTGGTTGTACAGTTC	normal	NA
BT1303_TTTGGTTGTCTGATTG	normal	NA
BT1303_TTTGGTTGTGACTCAT	tumor	NA
BT1303_TTTGGTTTCCGAACGC	normal	NA
BT1303_TTTGTCAAGATGTTAG	normal	NA
BT1303_TTTGTCACACAACGTT	normal	NA
BT1303_TTTGTCACACCTCGGA	normal	NA
BT1303_TTTGTCAGTCTTGTCC	normal	NA
BT1303_TTTGTCATCAACGGCC	tumor	NA
BT1303_TTTGTCATCACTATTC	normal	NA
BT1306_AAACCTGTCACCCGAG	normal	NA
BT1306_AAAGATGTCGTAGATC	normal	NA
BT1306_AAAGATGTCTCTTGAT	normal	NA
BT1306_AAAGCAAAGTGGGCTA	normal	NA
BT1306_AAAGTAGAGCTACCGC	normal	NA
BT1306_AACACGTCAAATTGCC	normal	NA
BT1306_AACCGCGCACAGGAGT	normal	NA
BT1306_AACCGCGGTAGAAAGG	normal	NA
BT1306_AACGTTGTCAGCCTAA	normal	NA
BT1306_AACTCAGCATGCAATC	normal	NA
BT1306_AACTCAGGTGTGGTTT	normal	NA
BT1306_AACTCAGTCTTGGGTA	normal	NA
BT1306_AACTCAGTCTTGTTTG	normal	NA
BT1306_AACTCCCGTGGTCCGT	normal	NA
BT1306_AACTCCCTCAGTCCCT	normal	NA
BT1306_AACTCTTAGCGTAATA	normal	NA
BT1306_AACTGGTTCGAACTGT	normal	NA
BT1306_AACTTTCGTCTCTCTG	normal	NA
BT1306_AAGCCGCGTTCGAATC	normal	NA
BT1306_AAGGAGCAGGCAAAGA	normal	NA
BT1306_AAGGCAGAGAAGGTGA	normal	NA
BT1306_AAGGCAGGTAGCGATG	normal	NA
BT1306_AAGGCAGGTGGTGTAG	normal	NA
BT1306_AAGGTTCTCCAGTATG	normal	NA
BT1306_AAGTCTGGTCTTGTCC	normal	NA
BT1306_AAGTCTGTCGCATGAT	normal	NA
BT1306_AATCCAGCAGACGCTC	normal	NA
BT1306_AATCCAGGTGCTCTTC	normal	NA
BT1306_AATCCAGTCAACGAAA	normal	NA
BT1306_AATCGGTAGGGTTTCT	normal	NA
BT1306_AATCGGTGTGCACTTA	normal	NA
BT1306_AATCGGTTCAAACAAG	normal	NA
BT1306_AATCGGTTCTAACGGT	normal	NA
BT1306_ACACCAAAGAGGTACC	normal	NA
BT1306_ACACCAAGTACGCTGC	normal	NA
BT1306_ACACCAATCTGCTGTC	normal	NA
BT1306_ACACCCTCACACCGCA	normal	NA
BT1306_ACACCCTGTGGACGAT	normal	NA
BT1306_ACACTGATCGCCAGCA	normal	NA
BT1306_ACACTGATCTAAGCCA	normal	NA
BT1306_ACAGCTATCGTGGTCG	normal	NA
BT1306_ACATACGCAATGTAAG	normal	NA
BT1306_ACATCAGAGAACTGTA	tumor	NA
BT1306_ACATCAGCAGGTCGTC	normal	NA
BT1306_ACATCAGCATGACATC	normal	NA
BT1306_ACATCAGGTACCGGCT	normal	NA
BT1306_ACATGGTCATTACGAC	normal	NA
BT1306_ACCAGTACATTCCTGC	normal	NA
BT1306_ACCAGTAGTTCCCTTG	normal	NA
BT1306_ACCAGTATCTTTACGT	normal	NA
BT1306_ACCCACTTCTTCCTTC	normal	NA
BT1306_ACCGTAAAGTGAATTG	normal	NA
BT1306_ACCGTAAGTGTGAATA	normal	NA
BT1306_ACCGTAATCTGTACGA	normal	NA
BT1306_ACCTTTAGTCTAGGTT	normal	NA
BT1306_ACCTTTAGTTAGTGGG	normal	NA
BT1306_ACGAGCCCAATCCGAT	normal	NA
BT1306_ACGAGGATCCACTCCA	normal	NA
BT1306_ACGATGTAGATCGGGT	normal	NA
BT1306_ACGCAGCAGGCATTGG	normal	NA
BT1306_ACGCCAGGTGCAGTAG	normal	NA
BT1306_ACGCCGATCACTTCAT	normal	NA
BT1306_ACGCCGATCAGTGTTG	normal	NA
BT1306_ACGGGCTGTTGAACTC	normal	NA
BT1306_ACGGGCTTCGACCAGC	normal	NA
BT1306_ACTATCTAGGAGTCTG	normal	NA
BT1306_ACTGAACTCGACCAGC	normal	NA
BT1306_ACTGAGTAGTTAGCGG	normal	NA
BT1306_ACTGAGTTCCGGGTGT	normal	NA
BT1306_ACTGAGTTCGACAGCC	normal	NA
BT1306_ACTGATGTCAGCATGT	normal	NA
BT1306_ACTGATGTCCAGTAGT	normal	NA
BT1306_ACTGATGTCTTGTCAT	normal	NA
BT1306_ACTGCTCTCCGTAGGC	normal	NA
BT1306_ACTGCTCTCCTATTCA	normal	NA
BT1306_ACTGTCCAGTGGAGAA	normal	NA
BT1306_ACTTACTCATCGATGT	normal	NA
BT1306_ACTTACTGTTCCGTCT	normal	NA
BT1306_ACTTGTTAGTTATCGC	tumor	NA
BT1306_ACTTTCACACACTGCG	normal	NA
BT1306_ACTTTCACATCCTTGC	normal	NA
BT1306_ACTTTCATCAGGCGAA	normal	NA
BT1306_ACTTTCATCAGGTAAA	normal	NA
BT1306_AGACGTTAGCCAGTTT	normal	NA
BT1306_AGACGTTTCAGATAAG	normal	NA
BT1306_AGAGCGAAGGCACATG	normal	NA
BT1306_AGAGCGACACACCGAC	normal	NA
BT1306_AGAGCTTCAACACGCC	normal	NA
BT1306_AGAGCTTGTCGGCATC	normal	NA
BT1306_AGAGTGGTCACCATAG	normal	NA
BT1306_AGAGTGGTCGTGGACC	normal	NA
BT1306_AGATCTGTCGAGAACG	normal	NA
BT1306_AGATTGCAGGGATACC	normal	NA
BT1306_AGATTGCGTTGCTCCT	normal	NA
BT1306_AGATTGCTCTACCAGA	normal	NA
BT1306_AGCAGCCCAATGTAAG	normal	NA
BT1306_AGCATACTCATTCACT	normal	NA
BT1306_AGCCTAACATAGGATA	normal	NA
BT1306_AGCCTAAGTGGCCCTA	normal	NA
BT1306_AGCGGTCAGCGTAGTG	normal	NA
BT1306_AGCGGTCAGTAGATGT	normal	NA
BT1306_AGCGGTCTCTGGCGTG	normal	NA
BT1306_AGCGTATGTCATTAGC	normal	NA
BT1306_AGCGTCGCAAGTCTAC	normal	NA
BT1306_AGCTCCTCACATTTCT	normal	NA
BT1306_AGCTCCTTCTCTGTCG	normal	NA
BT1306_AGCTCTCTCCGGCACA	normal	NA
BT1306_AGGCCACTCCCGACTT	normal	NA
BT1306_AGGCCGTCAATACGCT	normal	NA
BT1306_AGGCCGTCATTGGTAC	normal	NA
BT1306_AGGGAGTAGTCATCCA	normal	NA
BT1306_AGGGAGTGTCGAATCT	normal	NA
BT1306_AGGGTGAGTACAGTGG	normal	NA
BT1306_AGGGTGATCCTTAATC	normal	NA
BT1306_AGGTCCGCAAGGCTCC	normal	NA
BT1306_AGGTCCGCACAGGTTT	normal	NA
BT1306_AGTGAGGAGTTATCGC	normal	NA
BT1306_AGTGGGACAATGCCAT	normal	NA
BT1306_AGTGTCAAGTGTTGAA	normal	NA
BT1306_AGTGTCATCCTCAACC	normal	NA
BT1306_AGTTGGTCATATGCTG	normal	NA
BT1306_ATAACGCGTGTGGTTT	normal	NA
BT1306_ATAACGCTCAATCACG	normal	NA
BT1306_ATAACGCTCCAGTATG	normal	NA
BT1306_ATAAGAGGTAAACACA	normal	NA
BT1306_ATAGACCAGGAATGGA	normal	NA
BT1306_ATAGACCGTTCCATGA	normal	NA
BT1306_ATAGACCTCCCTAATT	normal	NA
BT1306_ATCACGACACTACAGT	tumor	NA
BT1306_ATCATCTGTACTTCTT	normal	NA
BT1306_ATCATGGAGGTACTCT	normal	NA
BT1306_ATCCACCAGAAGGTGA	normal	NA
BT1306_ATCCACCCAAACGCGA	normal	NA
BT1306_ATCCGAAAGTAGATGT	normal	NA
BT1306_ATCCGAATCTGCAAGT	normal	NA
BT1306_ATCGAGTGTTGGAGGT	normal	NA
BT1306_ATCGAGTTCAAGGCTT	normal	NA
BT1306_ATCTACTTCTATCGCC	normal	NA
BT1306_ATCTGCCAGTCAAGGC	normal	NA
BT1306_ATCTGCCGTTGGTGGA	normal	NA
BT1306_ATCTGCCTCTTGAGGT	normal	NA
BT1306_ATGAGGGCAAGCGTAG	normal	NA
BT1306_ATGAGGGGTCAGGACA	normal	NA
BT1306_ATGCGATCACACATGT	normal	NA
BT1306_ATGCGATCACGAAGCA	normal	NA
BT1306_ATGCGATGTGTGACCC	normal	NA
BT1306_ATGGGAGGTGTGCCTG	normal	NA
BT1306_ATTATCCAGGTCGGAT	normal	NA
BT1306_ATTATCCCATTTCACT	normal	NA
BT1306_ATTCTACCACTTAAGC	normal	NA
BT1306_ATTCTACTCACGCATA	normal	NA
BT1306_ATTCTACTCATCGCTC	normal	NA
BT1306_ATTTCTGGTACGCACC	normal	NA
BT1306_ATTTCTGGTCGATTGT	normal	NA
BT1306_ATTTCTGTCAGTGTTG	normal	NA
BT1306_CAACCTCGTAGGCTGA	normal	NA
BT1306_CAACTAGCACAGACTT	normal	NA
BT1306_CAAGAAATCAGTTCGA	normal	NA
BT1306_CAAGAAATCCTAGGGC	normal	NA
BT1306_CAAGATCGTCAGGACA	normal	NA
BT1306_CAAGATCGTTCTGTTT	normal	NA
BT1306_CAAGATCTCCAGTAGT	normal	NA
BT1306_CACAAACAGACAGACC	normal	NA
BT1306_CACAAACAGAGGTACC	normal	NA
BT1306_CACAAACGTCATGCCG	normal	NA
BT1306_CACACCTCAAGCGATG	normal	NA
BT1306_CACACCTGTATCACCA	normal	NA
BT1306_CACACCTTCATGCATG	normal	NA
BT1306_CACACTCAGACTCGGA	normal	NA
BT1306_CACAGGCAGTGTGGCA	normal	NA
BT1306_CACAGGCGTCAGAATA	normal	NA
BT1306_CACAGGCTCAGTCCCT	normal	NA
BT1306_CACAGTATCGGTTCGG	normal	NA
BT1306_CACAGTATCTTCTGGC	normal	NA
BT1306_CACATTTAGGCCCGTT	normal	NA
BT1306_CACATTTTCGGTTCGG	normal	NA
BT1306_CACATTTTCTGGCGTG	normal	NA
BT1306_CACCAGGGTCGGATCC	normal	NA
BT1306_CACCTTGAGCGATATA	normal	NA
BT1306_CACCTTGTCGCCTGTT	normal	NA
BT1306_CACTCCACATGTTGAC	normal	NA
BT1306_CACTCCACATTCTTAC	normal	NA
BT1306_CAGAATCAGGCCCGTT	normal	NA
BT1306_CAGAATCCAGGTCCAC	normal	NA
BT1306_CAGAATCGTGTGACCC	tumor	NA
BT1306_CAGAATCGTTGTCTTT	normal	NA
BT1306_CAGAGAGGTACCCAAT	normal	NA
BT1306_CAGAGAGTCACGAAGG	normal	NA
BT1306_CAGAGAGTCTGTCTAT	normal	NA
BT1306_CAGCAGCGTCCGACGT	normal	NA
BT1306_CAGCATAAGCGTGAGT	normal	NA
BT1306_CAGCATAAGGATGGAA	normal	NA
BT1306_CAGCCGAAGGGTCTCC	normal	NA
BT1306_CAGCGACTCCGCATCT	normal	NA
BT1306_CAGCTAAGTTTAGCTG	normal	NA
BT1306_CAGCTGGCACATCCGG	normal	NA
BT1306_CAGGTGCAGTGTCCAT	normal	NA
BT1306_CAGTAACAGTAGGTGC	normal	NA
BT1306_CAGTAACTCGGTCTAA	normal	NA
BT1306_CAGTCCTAGGAGTACC	normal	NA
BT1306_CATATGGAGCTGAACG	normal	NA
BT1306_CATATGGTCCGCAAGC	normal	NA
BT1306_CATATTCAGTGTCTCA	normal	NA
BT1306_CATCAAGAGCCGATTT	normal	NA
BT1306_CATCAAGTCCTAGGGC	normal	NA
BT1306_CATCAGAAGATGCCAG	normal	NA
BT1306_CATCAGAGTAGAGTGC	normal	NA
BT1306_CATCAGATCAAACCGT	normal	NA
BT1306_CATCAGATCTGATACG	normal	NA
BT1306_CATCCACTCCTTAATC	normal	NA
BT1306_CATCCACTCGGCGCTA	normal	NA
BT1306_CATCGAAGTCGTTGTA	normal	NA
BT1306_CATCGGGAGACCGGAT	normal	NA
BT1306_CATCGGGTCATACGGT	normal	NA
BT1306_CATGACAGTGGTAACG	normal	NA
BT1306_CATTATCAGACGCACA	normal	NA
BT1306_CATTCGCTCACGACTA	normal	NA
BT1306_CCAATCCCAAATACAG	normal	NA
BT1306_CCAATCCCACGTCTCT	normal	NA
BT1306_CCACCTACAAAGAATC	normal	NA
BT1306_CCACCTACATGACGGA	normal	NA
BT1306_CCACCTATCGGTCTAA	normal	NA
BT1306_CCACGGAAGCGTAATA	normal	NA
BT1306_CCACGGAGTAAACACA	normal	NA
BT1306_CCACTACGTAGAGCTG	normal	NA
BT1306_CCACTACTCCAATGGT	normal	NA
BT1306_CCACTACTCGAGCCCA	normal	NA
BT1306_CCAGCGAAGCTAGGCA	normal	NA
BT1306_CCATGTCAGTTACCCA	normal	NA
BT1306_CCATGTCCAGATCTGT	normal	NA
BT1306_CCATGTCGTAGGGTAC	normal	NA
BT1306_CCATGTCTCCAGATCA	normal	NA
BT1306_CCATTCGAGATCCCAT	normal	NA
BT1306_CCATTCGGTGAAAGAG	normal	NA
BT1306_CCCAGTTAGACGCACA	normal	NA
BT1306_CCCAGTTCATCGATGT	normal	NA
BT1306_CCCAGTTTCCGCGCAA	normal	NA
BT1306_CCCATACCAGTAACGG	normal	NA
BT1306_CCCATACTCCGCAGTG	normal	NA
BT1306_CCCTCCTAGAACTCGG	normal	NA
BT1306_CCCTCCTAGACTACAA	normal	NA
BT1306_CCCTCCTGTGGTCCGT	normal	NA
BT1306_CCCTCCTTCCACGAAT	normal	NA
BT1306_CCGGGATTCGATCCCT	normal	NA
BT1306_CCGGTAGAGTTAGGTA	normal	NA
BT1306_CCGGTAGCAAGCCTAT	normal	NA
BT1306_CCGTACTGTAAGCACG	normal	NA
BT1306_CCGTGGACACTCGACG	normal	NA
BT1306_CCGTTCACATTGGTAC	normal	NA
BT1306_CCTAAAGAGACTAGGC	normal	NA
BT1306_CCTACCAAGCGTCAAG	normal	NA
BT1306_CCTACCACATCGGGTC	normal	NA
BT1306_CCTACCAGTATGAAAC	normal	NA
BT1306_CCTAGCTAGACTAGAT	normal	NA
BT1306_CCTATTATCTCTTGAT	normal	NA
BT1306_CCTCTGAAGTCGTACT	normal	NA
BT1306_CCTCTGACAATGCCAT	normal	NA
BT1306_CCTCTGATCAAGGCTT	normal	NA
BT1306_CCTTACGAGAGTCTGG	normal	NA
BT1306_CCTTCCCAGCTATGCT	normal	NA
BT1306_CCTTCCCCAATGACCT	normal	NA
BT1306_CCTTCCCCATCCGGGT	normal	NA
BT1306_CCTTTCTTCATGTGGT	normal	NA
BT1306_CGAACATAGCGTAGTG	normal	NA
BT1306_CGAACATGTCGAAAGC	normal	NA
BT1306_CGAACATGTGGGTCAA	normal	NA
BT1306_CGAACATTCAGGTAAA	normal	NA
BT1306_CGAATGTAGGTCGGAT	normal	NA
BT1306_CGAATGTGTCCGAACC	normal	NA
BT1306_CGAATGTTCACGGTTA	normal	NA
BT1306_CGACTTCCAACGATGG	normal	NA
BT1306_CGACTTCCAGCATGAG	normal	NA
BT1306_CGAGAAGCACCACGTG	normal	NA
BT1306_CGAGAAGTCATCGGAT	normal	NA
BT1306_CGATGGCCAGCCTATA	normal	NA
BT1306_CGATGGCTCTCCCTGA	normal	NA
BT1306_CGATGTAGTAAAGTCA	normal	NA
BT1306_CGATGTATCGCAAACT	normal	NA
BT1306_CGCCAAGAGATCCCGC	normal	NA
BT1306_CGCGGTAAGATGGCGT	normal	NA
BT1306_CGCGGTACAGTATAAG	normal	NA
BT1306_CGCGTTTGTAGCGTGA	normal	NA
BT1306_CGCTATCGTGTTGGGA	normal	NA
BT1306_CGGACACGTTGGACCC	normal	NA
BT1306_CGGACGTAGATCTGCT	normal	NA
BT1306_CGGACGTCACATGACT	normal	NA
BT1306_CGGACGTTCCAAGCCG	normal	NA
BT1306_CGGACTGCACCTGGTG	normal	NA
BT1306_CGGAGCTAGCCACGCT	normal	NA
BT1306_CGGAGCTGTGTGGTTT	normal	NA
BT1306_CGGAGTCGTGTATGGG	normal	NA
BT1306_CGGAGTCTCTTGTCAT	normal	NA
BT1306_CGGGTCACACAGAGGT	normal	NA
BT1306_CGGTTAATCCTGCTTG	normal	NA
BT1306_CGTAGCGAGAATTGTG	normal	NA
BT1306_CGTAGCGAGACTTTCG	normal	NA
BT1306_CGTAGCGCACAGCCCA	normal	NA
BT1306_CGTAGGCAGTTCGATC	normal	NA
BT1306_CGTCAGGAGTACGTAA	normal	NA
BT1306_CGTCCATGTAAATGTG	normal	NA
BT1306_CGTCCATTCACTCTTA	normal	NA
BT1306_CGTCCATTCAGTACGT	normal	NA
BT1306_CGTGAGCAGCCGATTT	normal	NA
BT1306_CGTGAGCAGGCGATAC	normal	NA
BT1306_CGTGAGCCATCGGACC	normal	NA
BT1306_CGTGTAAAGTACGACG	normal	NA
BT1306_CGTGTAATCCGAAGAG	normal	NA
BT1306_CGTGTAATCCTGTAGA	normal	NA
BT1306_CGTTAGAAGACTTGAA	normal	NA
BT1306_CGTTAGAAGAGCTGGT	normal	NA
BT1306_CGTTAGAAGTGTTGAA	normal	NA
BT1306_CGTTCTGCAAGCTGGA	normal	NA
BT1306_CGTTCTGCAGGGTACA	normal	NA
BT1306_CGTTGGGAGTCCCACG	normal	NA
BT1306_CGTTGGGCAATCAGAA	normal	NA
BT1306_CGTTGGGCACATCCAA	normal	NA
BT1306_CGTTGGGGTAAGCACG	normal	NA
BT1306_CGTTGGGGTTCGTTGA	normal	NA
BT1306_CTAACTTCAGGAATCG	normal	NA
BT1306_CTAACTTGTATGGTTC	normal	NA
BT1306_CTAACTTGTGCATCTA	normal	NA
BT1306_CTAAGACCATGCATGT	normal	NA
BT1306_CTAAGACGTTCCACTC	normal	NA
BT1306_CTAAGACGTTGAGGTG	normal	NA
BT1306_CTAATGGAGGCAGTCA	normal	NA
BT1306_CTAATGGAGTAAGTAC	normal	NA
BT1306_CTAATGGAGTTAGCGG	normal	NA
BT1306_CTAATGGGTCTCCATC	normal	NA
BT1306_CTAATGGGTGTCAATC	normal	NA
BT1306_CTAATGGTCAGATAAG	normal	NA
BT1306_CTACCCAAGAAGCCCA	normal	NA
BT1306_CTAGAGTCACGGCTAC	normal	NA
BT1306_CTAGAGTTCCGTCATC	normal	NA
BT1306_CTAGTGAAGTGGCACA	normal	NA
BT1306_CTAGTGATCGCCTGAG	normal	NA
BT1306_CTCACACGTCTCATCC	normal	NA
BT1306_CTCACACTCAGTTGAC	normal	NA
BT1306_CTCAGAAAGTGATCGG	normal	NA
BT1306_CTCAGAAGTAGCTAAA	normal	NA
BT1306_CTCAGAATCTGCAAGT	normal	NA
BT1306_CTCATTAGTGGCTCCA	normal	NA
BT1306_CTCCTAGGTCAAAGAT	normal	NA
BT1306_CTCGAAACATCATCCC	normal	NA
BT1306_CTCGAAAGTAGCGATG	normal	NA
BT1306_CTCGAAATCCTTTCTC	normal	NA
BT1306_CTCGAGGCAAGCTGAG	normal	NA
BT1306_CTCGGAGAGTTCGCGC	normal	NA
BT1306_CTCGGGACAATCTGCA	normal	NA
BT1306_CTCGTCACAGCCTGTG	normal	NA
BT1306_CTCGTCATCTCGCTTG	normal	NA
BT1306_CTCTAATCAATGGAAT	normal	NA
BT1306_CTCTAATTCAAGCCTA	normal	NA
BT1306_CTCTAATTCTTGAGAC	normal	NA
BT1306_CTCTACGAGGCATTGG	normal	NA
BT1306_CTCTACGCATGGGACA	normal	NA
BT1306_CTGAAACCATCACCCT	normal	NA
BT1306_CTGATCCAGGGTCTCC	normal	NA
BT1306_CTGCCTAAGGAATTAC	normal	NA
BT1306_CTGCGGAGTGTCTGAT	normal	NA
BT1306_CTGCGGATCCTGCCAT	normal	NA
BT1306_CTGCTGTAGAAGGCCT	normal	NA
BT1306_CTGCTGTAGTAGATGT	normal	NA
BT1306_CTGCTGTCACGGACAA	normal	NA
BT1306_CTGCTGTGTTAAGGGC	normal	NA
BT1306_CTGTGCTCATGCGCAC	normal	NA
BT1306_CTGTGCTGTCTTCGTC	normal	NA
BT1306_CTGTGCTGTTGTCGCG	normal	NA
BT1306_CTGTTTATCGGTGTCG	normal	NA
BT1306_CTTAACTCACCATCCT	normal	NA
BT1306_CTTAACTCACGCCAGT	normal	NA
BT1306_CTTACCGCACTGAAGG	normal	NA
BT1306_CTTACCGTCGTTACAG	normal	NA
BT1306_CTTCTCTCATGCAATC	normal	NA
BT1306_CTTGGCTCATTCACTT	normal	NA
BT1306_CTTTGCGCACGAAATA	normal	NA
BT1306_CTTTGCGTCTCCTATA	normal	NA
BT1306_GAAACTCAGCCTATGT	normal	NA
BT1306_GAAATGATCCGCAAGC	normal	NA
BT1306_GAACATCGTGGCGAAT	normal	NA
BT1306_GAACATCGTTTGTGTG	normal	NA
BT1306_GAACCTAAGACGCTTT	normal	NA
BT1306_GAACCTAGTGAGGGAG	normal	NA
BT1306_GAACCTATCTTCGAGA	normal	NA
BT1306_GAACGGAAGACAGGCT	normal	NA
BT1306_GAACGGAAGGACAGAA	normal	NA
BT1306_GAAGCAGAGAGTAAGG	normal	NA
BT1306_GAAGCAGAGCGTAATA	normal	NA
BT1306_GAAGCAGAGTAGCGGT	normal	NA
BT1306_GAAGCAGCACAACGTT	normal	NA
BT1306_GACAGAGGTCCTCTTG	normal	NA
BT1306_GACAGAGTCTCCGGTT	normal	NA
BT1306_GACCAATAGTATGACA	normal	NA
BT1306_GACCAATGTCGACTAT	normal	NA
BT1306_GACCTGGTCCGAACGC	normal	NA
BT1306_GACGTGCCAGATCGGA	normal	NA
BT1306_GACGTTAAGAGAGCTC	normal	NA
BT1306_GACGTTATCACGATGT	normal	NA
BT1306_GACTGCGGTCGAAAGC	normal	NA
BT1306_GACTGCGGTGAGTATA	normal	NA
BT1306_GACTGCGTCGCCCTTA	normal	NA
BT1306_GAGCAGACATAACCTG	normal	NA
BT1306_GAGGTGACACATCTTT	normal	NA
BT1306_GAGGTGACACTGTGTA	normal	NA
BT1306_GAGGTGACAGGTCCAC	normal	NA
BT1306_GAGTCCGTCCTATGTT	normal	NA
BT1306_GATCGATAGCGATGAC	normal	NA
BT1306_GATCGATCACTAGTAC	normal	NA
BT1306_GATCGATTCTAACTGG	normal	NA
BT1306_GATCGCGAGAGGGATA	normal	NA
BT1306_GATCGCGTCGCAAACT	normal	NA
BT1306_GATCGCGTCTTTCCTC	normal	NA
BT1306_GATCGTACACCGATAT	normal	NA
BT1306_GATCGTATCTTCAACT	normal	NA
BT1306_GATGAAACAATCAGAA	normal	NA
BT1306_GATGAAATCTTACCTA	normal	NA
BT1306_GATGAGGAGATCGGGT	normal	NA
BT1306_GATGAGGAGCTCCTCT	normal	NA
BT1306_GATGAGGAGTGATCGG	normal	NA
BT1306_GATGCTAGTCTTTCAT	normal	NA
BT1306_GATTCAGAGATGTTAG	normal	NA
BT1306_GATTCAGCAAACCCAT	normal	NA
BT1306_GATTCAGTCCACGCAG	normal	NA
BT1306_GCAAACTAGAACAATC	normal	NA
BT1306_GCAAACTGTTGGGACA	normal	NA
BT1306_GCAATCACACAGCGTC	normal	NA
BT1306_GCAATCAGTCTAGAGG	normal	NA
BT1306_GCAATCATCTTTACAC	normal	NA
BT1306_GCACATATCACATAGC	normal	NA
BT1306_GCACATATCGCTGATA	normal	NA
BT1306_GCACTCTCATCTGGTA	normal	NA
BT1306_GCAGCCAAGCCCAACC	normal	NA
BT1306_GCAGTTACACGCCAGT	normal	NA
BT1306_GCAGTTAGTCTAGGTT	normal	NA
BT1306_GCAGTTAGTGCGCTTG	normal	NA
BT1306_GCATACAGTCAACTGT	normal	NA
BT1306_GCATGCGAGTTGTAGA	normal	NA
BT1306_GCATGCGGTCGCATAT	normal	NA
BT1306_GCATGCGTCCGTCAAA	normal	NA
BT1306_GCATGCGTCTAACTCT	normal	NA
BT1306_GCATGTAGTGATAAAC	normal	NA
BT1306_GCCAAATGTTTGGGCC	normal	NA
BT1306_GCCAAATTCATGGTCA	normal	NA
BT1306_GCGACCAAGCGTGAAC	normal	NA
BT1306_GCGACCAGTAGCGATG	normal	NA
BT1306_GCGAGAATCGTGGTCG	normal	NA
BT1306_GCGCAACCAAGACGTG	normal	NA
BT1306_GCGCAACCAGCTCCGA	normal	NA
BT1306_GCGCCAACAGGAATCG	normal	NA
BT1306_GCGCCAAGTGTCCTCT	normal	NA
BT1306_GCGCGATCATGTTGAC	normal	NA
BT1306_GCGGGTTAGACCACGA	normal	NA
BT1306_GCTCCTAGTTCCGGCA	normal	NA
BT1306_GCTCCTAGTTGCTCCT	normal	NA
BT1306_GCTCCTATCTGCTTGC	normal	NA
BT1306_GCTCTGTGTAGGAGTC	normal	NA
BT1306_GCTCTGTGTTTAGCTG	normal	NA
BT1306_GCTCTGTTCATAAAGG	normal	NA
BT1306_GCTCTGTTCCAGGGCT	normal	NA
BT1306_GCTGCAGCACGGTGTC	normal	NA
BT1306_GCTGCAGTCTGCGTAA	normal	NA
BT1306_GCTGCGAGTTTGACTG	normal	NA
BT1306_GCTGCGATCAGGATCT	normal	NA
BT1306_GCTGCTTGTCGCATAT	normal	NA
BT1306_GCTGGGTAGCGTTGCC	normal	NA
BT1306_GCTTCCACATGCTGGC	normal	NA
BT1306_GCTTCCATCGGTCCGA	normal	NA
BT1306_GCTTGAAAGGCCCTCA	normal	NA
BT1306_GCTTGAAGTAAGAGAG	normal	NA
BT1306_GCTTGAATCAGTTTGG	normal	NA
BT1306_GGAAAGCCATGCTGGC	normal	NA
BT1306_GGAAAGCTCCGTCAAA	normal	NA
BT1306_GGAACTTAGGAGTTTA	normal	NA
BT1306_GGAACTTGTCCATCCT	normal	NA
BT1306_GGAATAAAGGAGTACC	normal	NA
BT1306_GGAATAATCGCAAGCC	normal	NA
BT1306_GGAATAATCGTCGTTC	normal	NA
BT1306_GGACAAGCAAGTCTGT	normal	NA
BT1306_GGACAAGGTCAAACTC	normal	NA
BT1306_GGACAAGGTCGACTAT	normal	NA
BT1306_GGACAAGTCAACACCA	normal	NA
BT1306_GGACATTGTTATCACG	normal	NA
BT1306_GGACATTGTTGGTGGA	normal	NA
BT1306_GGACGTCGTCTTGTCC	normal	NA
BT1306_GGACGTCTCGCGATCG	normal	NA
BT1306_GGAGCAACAGTAACGG	normal	NA
BT1306_GGAGCAACATATACCG	normal	NA
BT1306_GGATGTTGTAGCACGA	normal	NA
BT1306_GGATTACTCTCACATT	normal	NA
BT1306_GGCAATTAGTAGGCCA	normal	NA
BT1306_GGCAATTCATCGATGT	normal	NA
BT1306_GGCAATTGTGCATCTA	normal	NA
BT1306_GGCAATTGTTCGGGCT	normal	NA
BT1306_GGCCGATGTAGAAGGA	normal	NA
BT1306_GGCGACTCAATAGAGT	normal	NA
BT1306_GGCGTGTTCCGTACAA	normal	NA
BT1306_GGCTCGAGTACCCAAT	normal	NA
BT1306_GGCTCGAGTACCGAGA	normal	NA
BT1306_GGCTCGAGTATGGTTC	normal	NA
BT1306_GGCTCGATCCGCGCAA	normal	NA
BT1306_GGCTGGTAGAAGATTC	normal	NA
BT1306_GGCTGGTCAATCAGAA	normal	NA
BT1306_GGCTGGTGTCGACTGC	normal	NA
BT1306_GGCTGGTTCCGAAGAG	normal	NA
BT1306_GGGAATGGTTCCACGG	normal	NA
BT1306_GGGAGATAGGCAGTCA	normal	NA
BT1306_GGGAGATCAAACCTAC	normal	NA
BT1306_GGGATGACAGCTGGCT	normal	NA
BT1306_GGGATGAGTATAAACG	normal	NA
BT1306_GGGCACTAGCGCTTAT	normal	NA
BT1306_GGGCATCAGATGCGAC	normal	NA
BT1306_GGGCATCCACGTTGGC	normal	NA
BT1306_GGGTCTGGTAAGTTCC	normal	NA
BT1306_GGGTCTGGTCAAGCGA	normal	NA
BT1306_GGGTTGCCAATAGAGT	normal	NA
BT1306_GGGTTGCGTAGCGTCC	normal	NA
BT1306_GGGTTGCGTCTCCCTA	normal	NA
BT1306_GGTATTGAGGAGCGTT	normal	NA
BT1306_GGTGTTAAGTAGTGCG	normal	NA
BT1306_GGTGTTATCAGTCCCT	normal	NA
BT1306_GTAACGTAGCACCGCT	normal	NA
BT1306_GTAACGTGTCTTGTCC	normal	NA
BT1306_GTAACGTTCCCGACTT	normal	NA
BT1306_GTAACTGCAAGGGTCA	normal	NA
BT1306_GTAACTGTCGCCTGTT	normal	NA
BT1306_GTACGTAAGCGTTGCC	normal	NA
BT1306_GTACGTAAGGCCCGTT	normal	NA
BT1306_GTACTCCAGATAGCAT	normal	NA
BT1306_GTACTCCAGGGTATCG	normal	NA
BT1306_GTACTCCCACCTCGGA	normal	NA
BT1306_GTACTTTCAGCCAATT	normal	NA
BT1306_GTACTTTCATTAACCG	normal	NA
BT1306_GTACTTTTCCGCATAA	normal	NA
BT1306_GTAGGCCAGATGGGTC	normal	NA
BT1306_GTAGGCCCACCAGATT	normal	NA
BT1306_GTAGTCACAGCGTAAG	normal	NA
BT1306_GTCAAGTAGCCACCTG	normal	NA
BT1306_GTCAAGTCACACGCTG	normal	NA
BT1306_GTCAAGTCATCACAAC	normal	NA
BT1306_GTCATTTAGCCCAATT	normal	NA
BT1306_GTCCTCAAGACCCACC	normal	NA
BT1306_GTCCTCAGTCGAACAG	normal	NA
BT1306_GTCCTCAGTGGTGTAG	normal	NA
BT1306_GTCGGGTCATCGATTG	normal	NA
BT1306_GTCTCGTAGTCTTGCA	normal	NA
BT1306_GTCTCGTCACATCTTT	normal	NA
BT1306_GTCTCGTCAGCATACT	normal	NA
BT1306_GTCTCGTTCGCGTTTC	normal	NA
BT1306_GTCTTCGAGATATGCA	normal	NA
BT1306_GTGAAGGGTTGACGTT	normal	NA
BT1306_GTGCAGCCAGACAAAT	normal	NA
BT1306_GTGCATAGTAACGACG	normal	NA
BT1306_GTGCATAGTTGAACTC	normal	NA
BT1306_GTGGGTCTCTATGTGG	normal	NA
BT1306_GTGTGCGGTCGCATCG	normal	NA
BT1306_GTGTGCGTCGGCTACG	normal	NA
BT1306_GTGTTAGTCAGTACGT	normal	NA
BT1306_GTTAAGCTCTGATTCT	normal	NA
BT1306_GTTACAGAGCAACGGT	normal	NA
BT1306_GTTACAGGTTACCGAT	normal	NA
BT1306_GTTCTCGAGTAGCCGA	normal	NA
BT1306_GTTCTCGTCGCTTAGA	normal	NA
BT1306_TAAACCGTCGTTTAGG	normal	NA
BT1306_TAAGAGACATTGCGGC	normal	NA
BT1306_TAAGAGAGTAGAAAGG	normal	NA
BT1306_TAAGAGAGTATCACCA	normal	NA
BT1306_TAAGCGTAGCCAGGAT	normal	NA
BT1306_TAAGCGTCAGATCGGA	normal	NA
BT1306_TAAGCGTTCCTGTAGA	normal	NA
BT1306_TACAGTGTCGTAGATC	normal	NA
BT1306_TACCTATAGATGTGGC	normal	NA
BT1306_TACCTATTCATCTGCC	normal	NA
BT1306_TACCTTACACTGTTAG	normal	NA
BT1306_TACCTTACATGACATC	normal	NA
BT1306_TACCTTAGTTCCACTC	normal	NA
BT1306_TACGGGCAGTGCCATT	normal	NA
BT1306_TACTCATCAGACAGGT	normal	NA
BT1306_TACTTACCAAGTCTAC	normal	NA
BT1306_TACTTGTCAGTCGTGC	normal	NA
BT1306_TACTTGTCATGGTCAT	normal	NA
BT1306_TAGACCACAAATACAG	normal	NA
BT1306_TAGAGCTAGCGCTTAT	normal	NA
BT1306_TAGCCGGAGTACGACG	normal	NA
BT1306_TAGCCGGTCCAGAGGA	normal	NA
BT1306_TAGGCATAGAAGGGTA	normal	NA
BT1306_TAGTGGTAGGCTAGAC	normal	NA
BT1306_TAGTGGTCAGCGAACA	normal	NA
BT1306_TAGTTGGGTAGTGAAT	normal	NA
BT1306_TAGTTGGTCACATAGC	normal	NA
BT1306_TATCTCAGTTGTCTTT	normal	NA
BT1306_TATTACCGTAGAGGAA	normal	NA
BT1306_TATTACCGTCGATTGT	normal	NA
BT1306_TCAATCTAGAAACCGC	normal	NA
BT1306_TCAATCTCAGGTCCAC	normal	NA
BT1306_TCAATCTCATGTAGTC	normal	NA
BT1306_TCAATCTGTCTGATCA	normal	NA
BT1306_TCAATCTGTTTAAGCC	normal	NA
BT1306_TCACAAGAGGATGTAT	tumor	NA
BT1306_TCACGAAAGCCACCTG	normal	NA
BT1306_TCACGAAGTAGGCATG	normal	NA
BT1306_TCACGAAGTATCACCA	normal	NA
BT1306_TCACGAAGTCACACGC	normal	NA
BT1306_TCAGCAATCAGAGGTG	normal	NA
BT1306_TCAGCAATCTTAACCT	normal	NA
BT1306_TCAGCTCCAAGTCATC	normal	NA
BT1306_TCAGGTATCTCTGAGA	normal	NA
BT1306_TCATTACAGACCTAGG	normal	NA
BT1306_TCATTACCAGGTGGAT	normal	NA
BT1306_TCATTTGAGTGCGTGA	normal	NA
BT1306_TCATTTGCAGAGTGTG	normal	NA
BT1306_TCCACACGTAGGGACT	normal	NA
BT1306_TCCACACTCAAGGTAA	normal	NA
BT1306_TCGAGGCCACGGTTTA	normal	NA
BT1306_TCGAGGCGTCTAGGTT	normal	NA
BT1306_TCGAGGCTCCACTGGG	normal	NA
BT1306_TCGCGAGCATAGGATA	normal	NA
BT1306_TCGCGAGTCAACACCA	normal	NA
BT1306_TCGCGTTGTACTCTCC	normal	NA
BT1306_TCGCGTTGTTGCGCAC	normal	NA
BT1306_TCGCGTTTCGGACAAG	normal	NA
BT1306_TCGGGACAGCGCCTTG	normal	NA
BT1306_TCGGTAAGTAGAGTGC	normal	NA
BT1306_TCGGTAATCTTACCTA	normal	NA
BT1306_TCGTACCAGCACCGTC	normal	NA
BT1306_TCGTACCTCCTAGTGA	normal	NA
BT1306_TCGTACCTCTGATACG	normal	NA
BT1306_TCGTACCTCTTGCATT	normal	NA
BT1306_TCGTAGAAGTTTGCGT	normal	NA
BT1306_TCTATTGAGGAATGGA	normal	NA
BT1306_TCTATTGTCCTACAGA	normal	NA
BT1306_TCTCATAAGAAGGCCT	normal	NA
BT1306_TCTCATAGTAGCCTAT	normal	NA
BT1306_TCTCATAGTATTACCG	normal	NA
BT1306_TCTCTAAAGGTGTTAA	normal	NA
BT1306_TCTCTAATCGGACAAG	normal	NA
BT1306_TCTGAGACACACAGAG	normal	NA
BT1306_TCTGAGATCGCGTAGC	normal	NA
BT1306_TCTTCGGGTTGCGCAC	normal	NA
BT1306_TCTTCGGTCTTTAGGG	normal	NA
BT1306_TCTTTCCCAAGTTCTG	normal	NA
BT1306_TCTTTCCGTCTAAACC	normal	NA
BT1306_TGAAAGAAGCCACGTC	normal	NA
BT1306_TGAAAGAGTATCTGCA	normal	NA
BT1306_TGACAACAGGGCATGT	normal	NA
BT1306_TGACGGCAGCACACAG	normal	NA
BT1306_TGACGGCCACTGTCGG	normal	NA
BT1306_TGACTAGCACGGTGTC	normal	NA
BT1306_TGACTTTTCTACTATC	normal	NA
BT1306_TGAGAGGCACACTGCG	normal	NA
BT1306_TGAGAGGGTAGCCTCG	normal	NA
BT1306_TGAGGGAAGATGTAAC	normal	NA
BT1306_TGAGGGACACATGTGT	normal	NA
BT1306_TGATTTCAGCGGATCA	normal	NA
BT1306_TGATTTCGTCCGCTGA	normal	NA
BT1306_TGCACCTCAGGTGCCT	normal	NA
BT1306_TGCACCTCATCACGAT	normal	NA
BT1306_TGCACCTTCCACGACG	normal	NA
BT1306_TGCCAAATCTAAGCCA	normal	NA
BT1306_TGCCCATAGTACGCGA	normal	NA
BT1306_TGCCCATCAATAAGCA	normal	NA
BT1306_TGCCCATTCATACGGT	normal	NA
BT1306_TGCCCTAGTCCGAAGA	normal	NA
BT1306_TGCCCTATCCCTCAGT	normal	NA
BT1306_TGCGCAGGTATCAGTC	normal	NA
BT1306_TGCGGGTGTTGAGGTG	normal	NA
BT1306_TGCGGGTTCCCTAATT	normal	NA
BT1306_TGCTACCAGGCATGGT	normal	NA
BT1306_TGCTACCAGGCGTACA	normal	NA
BT1306_TGCTACCAGTCGATAA	normal	NA
BT1306_TGCTACCAGTTGTAGA	normal	NA
BT1306_TGCTACCCACGGTAAG	normal	NA
BT1306_TGCTGCTCATACTCTT	normal	NA
BT1306_TGGACGCGTCTTCTCG	normal	NA
BT1306_TGGCCAGAGACAGACC	normal	NA
BT1306_TGGCCAGAGATGTAAC	normal	NA
BT1306_TGGCCAGCACGGCCAT	normal	NA
BT1306_TGGCCAGTCGTCCAGG	normal	NA
BT1306_TGGCGCAGTTAGATGA	normal	NA
BT1306_TGGCTGGAGATGAGAG	normal	NA
BT1306_TGGCTGGTCACTTATC	normal	NA
BT1306_TGGCTGGTCTAACTCT	normal	NA
BT1306_TGGGAAGCAAGCTGTT	normal	NA
BT1306_TGGGCGTAGCTCCTCT	normal	NA
BT1306_TGGGCGTGTATATGAG	normal	NA
BT1306_TGGTTAGTCTAACTCT	normal	NA
BT1306_TGGTTCCAGTGTCCAT	normal	NA
BT1306_TGTATTCAGGCTAGCA	normal	NA
BT1306_TGTATTCCACCAGGTC	normal	NA
BT1306_TGTATTCCATAGGATA	normal	NA
BT1306_TGTATTCGTGAGCGAT	normal	NA
BT1306_TGTCCCATCTCAACTT	normal	NA
BT1306_TGTGTTTCATATGAGA	normal	NA
BT1306_TGTGTTTGTCTTGCGG	normal	NA
BT1306_TGTGTTTGTTATCGGT	normal	NA
BT1306_TGTGTTTTCTACTCAT	normal	NA
BT1306_TGTTCCGAGTTTGCGT	normal	NA
BT1306_TGTTCCGGTAGCGATG	normal	NA
BT1306_TGTTCCGGTGCCTGCA	normal	NA
BT1306_TTAACTCCAATTGCTG	normal	NA
BT1306_TTAACTCCAGGAACGT	normal	NA
BT1306_TTAGGACAGGATGGAA	normal	NA
BT1306_TTAGGACTCATGTGGT	normal	NA
BT1306_TTAGTTCCACACCGCA	normal	NA
BT1306_TTAGTTCCACCACCAG	normal	NA
BT1306_TTATGCTCATTAGCCA	normal	NA
BT1306_TTCGAAGGTGCTAGCC	normal	NA
BT1306_TTCGGTCGTGACAAAT	normal	NA
BT1306_TTCGGTCTCAGTCCCT	normal	NA
BT1306_TTCTACAAGGCTAGAC	normal	NA
BT1306_TTCTACACACCATCCT	normal	NA
BT1306_TTCTACAGTCACCTAA	normal	NA
BT1306_TTCTACATCCATGAGT	normal	NA
BT1306_TTGAACGTCTGCTGCT	normal	NA
BT1306_TTGACTTCACAAGCCC	normal	NA
BT1306_TTGACTTTCCATTCTA	normal	NA
BT1306_TTGCGTCCAGCGATCC	normal	NA
BT1306_TTGGAACTCATTTGGG	normal	NA
BT1306_TTGGCAATCTTGTACT	normal	NA
BT1306_TTGTAGGAGAGTTGGC	normal	NA
BT1306_TTTACTGAGACATAAC	normal	NA
BT1306_TTTACTGAGGAATTAC	normal	NA
BT1306_TTTCCTCAGAGTCTGG	normal	NA
BT1306_TTTCCTCAGTAATCCC	normal	NA
BT1306_TTTCCTCCATAGAAAC	normal	NA
BT1306_TTTGCGCGTCGAATCT	normal	NA
BT1306_TTTGGTTAGCTAGTGG	normal	NA
BT1306_TTTGTCATCAGTTGAC	normal	NA
BT1307_AAACCTGAGCCGATTT	tumor	NA
BT1307_AAACCTGAGGATTCGG	normal	NA
BT1307_AAACCTGTCAGAGCTT	normal	NA
BT1307_AAACCTGTCAGCACAT	normal	NA
BT1307_AAACCTGTCCCAACGG	normal	NA
BT1307_AAACCTGTCGTCGTTC	normal	NA
BT1307_AAACGGGAGACCTAGG	normal	NA
BT1307_AAACGGGAGTCCGTAT	normal	NA
BT1307_AAACGGGCAAGCGAGT	normal	NA
BT1307_AAACGGGGTAGGAGTC	normal	NA
BT1307_AAAGATGCAGGAACGT	normal	NA
BT1307_AAAGATGTCACTGGGC	normal	NA
BT1307_AAAGATGTCTTGTACT	normal	NA
BT1307_AAAGCAACACGGATAG	normal	NA
BT1307_AAAGCAACATCGATTG	normal	NA
BT1307_AAAGCAAGTCGGCATC	tumor	NA
BT1307_AAAGTAGAGAGACGAA	tumor	NA
BT1307_AAAGTAGAGGAGCGAG	normal	NA
BT1307_AAAGTAGAGTACGCGA	normal	NA
BT1307_AAAGTAGCACGGCGTT	normal	NA
BT1307_AAAGTAGGTACTTAGC	normal	NA
BT1307_AAAGTAGGTGCAGGTA	normal	NA
BT1307_AAAGTAGTCAAAGTAG	normal	NA
BT1307_AAATGCCAGCCAGAAC	normal	NA
BT1307_AAATGCCCAAGACGTG	normal	NA
BT1307_AAATGCCCATGGTTGT	normal	NA
BT1307_AACACGTAGACTGTAA	normal	NA
BT1307_AACACGTGTCTACCTC	normal	NA
BT1307_AACACGTGTTGTGGAG	normal	NA
BT1307_AACACGTTCAACACAC	normal	NA
BT1307_AACACGTTCGAACGGA	normal	yes
BT1307_AACCATGAGACGCTTT	normal	NA
BT1307_AACCATGAGTGGCACA	normal	NA
BT1307_AACCATGAGTGTACGG	normal	NA
BT1307_AACCATGCAATGGAGC	normal	NA
BT1307_AACCATGGTTCCTCCA	tumor	NA
BT1307_AACCATGTCATCGCTC	tumor	NA
BT1307_AACCATGTCCGAAGAG	normal	NA
BT1307_AACCATGTCCGAGCCA	normal	NA
BT1307_AACCGCGAGTTGCAGG	normal	NA
BT1307_AACCGCGGTGCACTTA	normal	NA
BT1307_AACCGCGGTGTTTGTG	normal	yes
BT1307_AACCGCGTCGGTGTCG	normal	NA
BT1307_AACCGCGTCGTAGATC	normal	NA
BT1307_AACGTTGAGCCAGTAG	normal	NA
BT1307_AACGTTGAGTTTGCGT	normal	NA
BT1307_AACGTTGGTATGGTTC	normal	NA
BT1307_AACGTTGGTCGGATCC	tumor	NA
BT1307_AACGTTGGTTCATGGT	normal	NA
BT1307_AACGTTGTCGCTAGCG	normal	NA
BT1307_AACGTTGTCGGAATCT	tumor	NA
BT1307_AACTCAGAGAGCTATA	normal	NA
BT1307_AACTCAGAGCTCCCAG	normal	NA
BT1307_AACTCAGAGGCCCTTG	normal	NA
BT1307_AACTCAGAGGCTCAGA	normal	NA
BT1307_AACTCAGAGGTAGCTG	normal	NA
BT1307_AACTCAGCATGCCTTC	normal	NA
BT1307_AACTCAGGTTCCACTC	normal	NA
BT1307_AACTCAGGTTTCGCTC	normal	NA
BT1307_AACTCAGTCATAAAGG	normal	NA
BT1307_AACTCAGTCTCAACTT	normal	NA
BT1307_AACTCCCAGAGACGAA	normal	NA
BT1307_AACTCCCCACTTAAGC	normal	NA
BT1307_AACTCCCCAGATGGCA	normal	NA
BT1307_AACTCCCCAGCTGCAC	tumor	NA
BT1307_AACTCCCCAGGTTTCA	normal	NA
BT1307_AACTCCCTCAACACTG	normal	NA
BT1307_AACTCCCTCGACCAGC	normal	NA
BT1307_AACTCCCTCTTGTTTG	normal	NA
BT1307_AACTCTTAGATCGGGT	normal	NA
BT1307_AACTCTTAGTGACTCT	normal	NA
BT1307_AACTCTTCAAGGTTCT	normal	NA
BT1307_AACTCTTCACGAAATA	normal	NA
BT1307_AACTCTTCAGCGATCC	normal	NA
BT1307_AACTCTTCAGTGACAG	normal	NA
BT1307_AACTCTTCATATGCTG	normal	NA
BT1307_AACTCTTCATTAGGCT	normal	NA
BT1307_AACTCTTGTAGCGTGA	normal	NA
BT1307_AACTCTTTCAGTTTGG	normal	NA
BT1307_AACTCTTTCATCACCC	normal	NA
BT1307_AACTCTTTCCTCAACC	normal	NA
BT1307_AACTGGTAGCTAGGCA	tumor	NA
BT1307_AACTGGTAGGATCGCA	normal	NA
BT1307_AACTGGTCAAGAAGAG	normal	NA
BT1307_AACTGGTCACAACTGT	normal	NA
BT1307_AACTGGTGTAAGTAGT	normal	NA
BT1307_AACTGGTGTCACACGC	tumor	NA
BT1307_AACTGGTGTGTAATGA	normal	NA
BT1307_AACTGGTTCACGGTTA	normal	NA
BT1307_AACTGGTTCCTGCAGG	normal	NA
BT1307_AACTTTCAGAGCTGCA	normal	NA
BT1307_AACTTTCAGCTGGAAC	tumor	NA
BT1307_AACTTTCCAGATCTGT	normal	NA
BT1307_AACTTTCCATCCTTGC	tumor	NA
BT1307_AACTTTCGTCCTGCTT	normal	NA
BT1307_AACTTTCGTTTACTCT	normal	NA
BT1307_AACTTTCTCTACTCAT	normal	NA
BT1307_AACTTTCTCTATCGCC	tumor	NA
BT1307_AAGACCTAGACTCGGA	normal	NA
BT1307_AAGACCTAGGCTAGAC	tumor	NA
BT1307_AAGACCTAGTCCTCCT	normal	NA
BT1307_AAGACCTAGTGGAGTC	tumor	NA
BT1307_AAGACCTAGTTGAGAT	normal	NA
BT1307_AAGACCTCAGTCGTGC	normal	NA
BT1307_AAGACCTGTGCAACGA	normal	NA
BT1307_AAGACCTGTTAAGAAC	normal	NA
BT1307_AAGACCTTCAGTCAGT	normal	NA
BT1307_AAGACCTTCCACGTTC	normal	NA
BT1307_AAGCCGCAGCTAGTTC	normal	NA
BT1307_AAGCCGCCACTATCTT	normal	NA
BT1307_AAGCCGCCAGTAGAGC	normal	NA
BT1307_AAGCCGCGTAAGGGAA	normal	NA
BT1307_AAGCCGCTCAGAAATG	normal	NA
BT1307_AAGGAGCAGACTACAA	normal	NA
BT1307_AAGGAGCAGTGCTGCC	normal	NA
BT1307_AAGGAGCCAATAGCGG	normal	NA
BT1307_AAGGAGCCACGTCAGC	normal	NA
BT1307_AAGGAGCCAGTAACGG	normal	NA
BT1307_AAGGAGCCATCCGGGT	normal	NA
BT1307_AAGGAGCGTATGGTTC	normal	NA
BT1307_AAGGAGCTCAGATAAG	normal	NA
BT1307_AAGGAGCTCAGCAACT	normal	NA
BT1307_AAGGAGCTCATGTGGT	normal	NA
BT1307_AAGGAGCTCCGAAGAG	normal	NA
BT1307_AAGGAGCTCGAGCCCA	normal	NA
BT1307_AAGGAGCTCGTTGCCT	tumor	NA
BT1307_AAGGAGCTCTGATTCT	normal	NA
BT1307_AAGGCAGAGAGGGCTT	normal	NA
BT1307_AAGGCAGAGAGGTACC	normal	NA
BT1307_AAGGCAGAGGACTGGT	normal	NA
BT1307_AAGGCAGCATCCCATC	normal	NA
BT1307_AAGGCAGGTAAAGGAG	normal	NA
BT1307_AAGGCAGGTCGACTAT	normal	NA
BT1307_AAGGCAGGTCTCACCT	normal	NA
BT1307_AAGGCAGTCAAGGTAA	normal	NA
BT1307_AAGGCAGTCTCTAGGA	normal	NA
BT1307_AAGGTTCAGGATGCGT	normal	NA
BT1307_AAGGTTCCAAGTACCT	tumor	NA
BT1307_AAGGTTCCAGGAATGC	normal	NA
BT1307_AAGGTTCGTAGCGCAA	normal	NA
BT1307_AAGGTTCTCCCTAACC	normal	NA
BT1307_AAGGTTCTCCGTAGTA	normal	NA
BT1307_AAGTCTGAGATCACGG	tumor	NA
BT1307_AAGTCTGGTAGGAGTC	normal	NA
BT1307_AAGTCTGGTCTGCGGT	normal	NA
BT1307_AAGTCTGGTGACTCAT	normal	NA
BT1307_AAGTCTGTCGACAGCC	normal	NA
BT1307_AAGTCTGTCTGGTTCC	normal	NA
BT1307_AATCCAGAGCCGATTT	normal	NA
BT1307_AATCCAGAGGGAACGG	normal	NA
BT1307_AATCCAGAGGTGCTTT	normal	NA
BT1307_AATCCAGGTCAGCTAT	normal	NA
BT1307_AATCCAGTCAACCAAC	normal	NA
BT1307_AATCGGTGTTCCTCCA	normal	NA
BT1307_ACACCAAAGGGCTTCC	normal	NA
BT1307_ACACCAAGTCAGGACA	tumor	NA
BT1307_ACACCAAGTCCGTTAA	tumor	NA
BT1307_ACACCAAGTTCAGGCC	normal	NA
BT1307_ACACCCTAGAAAGTGG	normal	NA
BT1307_ACACCCTAGGATGTAT	normal	NA
BT1307_ACACCCTCAGTTCATG	normal	NA
BT1307_ACACCCTCATGTAGTC	normal	NA
BT1307_ACACCCTGTGGTGTAG	normal	NA
BT1307_ACACCCTTCTCTAGGA	normal	NA
BT1307_ACACCGGAGGCAATTA	normal	NA
BT1307_ACACCGGAGTGAAGAG	normal	NA
BT1307_ACACCGGCAATGGTCT	tumor	NA
BT1307_ACACCGGCAGGATCGA	normal	NA
BT1307_ACACCGGGTACGCTGC	normal	NA
BT1307_ACACCGGGTACTTCTT	normal	NA
BT1307_ACACCGGGTCGCTTTC	normal	NA
BT1307_ACACCGGTCGTGGGAA	normal	NA
BT1307_ACACTGACAATGTAAG	normal	NA
BT1307_ACACTGACATGCATGT	normal	NA
BT1307_ACACTGAGTGTGGTTT	normal	NA
BT1307_ACACTGAGTTATGTGC	normal	NA
BT1307_ACACTGAGTTCGAATC	normal	NA
BT1307_ACACTGAGTTCGCTAA	normal	NA
BT1307_ACACTGATCATCACCC	normal	NA
BT1307_ACACTGATCATGTCCC	normal	NA
BT1307_ACACTGATCCGCGTTT	normal	NA
BT1307_ACACTGATCGAGGTAG	tumor	NA
BT1307_ACACTGATCTCGAGTA	normal	NA
BT1307_ACAGCCGAGCTCCCAG	normal	NA
BT1307_ACAGCCGCAATCAGAA	normal	NA
BT1307_ACAGCCGCACACATGT	normal	NA
BT1307_ACAGCCGCAGGATCGA	normal	NA
BT1307_ACAGCCGCATCACAAC	normal	NA
BT1307_ACAGCCGCATGCAACT	tumor	NA
BT1307_ACAGCCGGTCGGGTCT	normal	NA
BT1307_ACAGCCGGTGGCGAAT	normal	NA
BT1307_ACAGCCGTCTAAGCCA	tumor	NA
BT1307_ACAGCTAAGCGTCAAG	normal	NA
BT1307_ACAGCTAAGGATCGCA	normal	NA
BT1307_ACAGCTAGTCCCTTGT	normal	NA
BT1307_ACAGCTAGTCTAGGTT	normal	NA
BT1307_ACAGCTAGTTCGAATC	normal	NA
BT1307_ACAGCTAGTTCGTCTC	normal	NA
BT1307_ACAGCTATCAGTCAGT	normal	NA
BT1307_ACAGCTATCGAACGGA	normal	NA
BT1307_ACATACGAGCACACAG	normal	NA
BT1307_ACATACGAGTTCGATC	normal	NA
BT1307_ACATACGCATCCTAGA	tumor	NA
BT1307_ACATACGCATTGGGCC	normal	NA
BT1307_ACATACGGTAAGAGGA	tumor	NA
BT1307_ACATACGGTACGACCC	normal	NA
BT1307_ACATACGGTCGCATAT	normal	NA
BT1307_ACATACGGTTGGAGGT	normal	NA
BT1307_ACATACGTCAGGATCT	normal	NA
BT1307_ACATACGTCTTGTACT	tumor	NA
BT1307_ACATCAGAGAAGAAGC	normal	NA
BT1307_ACATCAGAGATGCCAG	normal	NA
BT1307_ACATCAGAGTGGTAAT	normal	NA
BT1307_ACATCAGAGTGTCCCG	normal	NA
BT1307_ACATCAGCACGTCTCT	normal	yes
BT1307_ACATCAGGTGTGCCTG	normal	NA
BT1307_ACATGGTAGCTGGAAC	normal	NA
BT1307_ACATGGTCAGCCACCA	normal	NA
BT1307_ACATGGTCAGTAACGG	normal	NA
BT1307_ACATGGTGTATTCTCT	normal	NA
BT1307_ACATGGTGTTCCACAA	normal	NA
BT1307_ACATGGTTCGTACCGG	normal	NA
BT1307_ACCAGTAAGAACTCGG	normal	NA
BT1307_ACCAGTAAGTTCGCAT	normal	NA
BT1307_ACCAGTATCATAGCAC	normal	NA
BT1307_ACCCACTAGATAGCAT	normal	NA
BT1307_ACCCACTAGCGAGAAA	normal	NA
BT1307_ACCCACTCAGGGTATG	tumor	NA
BT1307_ACCCACTCATTCACTT	normal	NA
BT1307_ACCCACTGTCCGTTAA	normal	NA
BT1307_ACCCACTGTTCGTGAT	normal	NA
BT1307_ACCCACTTCCAGTAGT	normal	NA
BT1307_ACCCACTTCGTTGCCT	normal	NA
BT1307_ACCGTAAAGACTCGGA	normal	yes
BT1307_ACCGTAAAGCTACCTA	normal	NA
BT1307_ACCGTAAAGGTAAACT	normal	NA
BT1307_ACCGTAACAGACGTAG	normal	NA
BT1307_ACCGTAACATCCAACA	normal	NA
BT1307_ACCGTAACATCTCGCT	normal	NA
BT1307_ACCGTAAGTCCATCCT	normal	NA
BT1307_ACCGTAAGTCGACTGC	normal	NA
BT1307_ACCGTAATCATCGGAT	normal	NA
BT1307_ACCGTAATCGTATCAG	normal	NA
BT1307_ACCGTAATCTAAGCCA	normal	NA
BT1307_ACCGTAATCTCCAACC	normal	NA
BT1307_ACCTTTAAGAAACGCC	normal	NA
BT1307_ACCTTTAAGGCATGGT	normal	NA
BT1307_ACCTTTAAGTTGCAGG	normal	NA
BT1307_ACCTTTAGTAGTGAAT	tumor	NA
BT1307_ACCTTTATCCTAGAAC	normal	NA
BT1307_ACGAGCCAGCTAGCCC	normal	NA
BT1307_ACGAGCCCACCATGTA	normal	NA
BT1307_ACGAGCCGTACCGTAT	tumor	NA
BT1307_ACGAGCCGTGTTCTTT	normal	NA
BT1307_ACGAGCCTCAAGATCC	normal	NA
BT1307_ACGAGCCTCTAACTCT	normal	NA
BT1307_ACGAGGAAGCTCAACT	normal	NA
BT1307_ACGAGGAAGGTGCACA	tumor	NA
BT1307_ACGAGGACAGGGATTG	tumor	NA
BT1307_ACGAGGACATCTATGG	normal	NA
BT1307_ACGAGGACATGGGAAC	normal	NA
BT1307_ACGAGGAGTACCTACA	normal	NA
BT1307_ACGAGGAGTCGAATCT	normal	NA
BT1307_ACGAGGAGTGACAAAT	normal	NA
BT1307_ACGAGGAGTGACGCCT	normal	NA
BT1307_ACGAGGAGTTGTGGAG	tumor	NA
BT1307_ACGAGGATCAAGGCTT	normal	NA
BT1307_ACGAGGATCAGCAACT	normal	NA
BT1307_ACGAGGATCGTGGTCG	normal	NA
BT1307_ACGATACAGACGCAAC	normal	NA
BT1307_ACGATACAGATCTGAA	normal	NA
BT1307_ACGATACAGCGAAGGG	normal	NA
BT1307_ACGATACAGGACCACA	normal	NA
BT1307_ACGATACAGTTAGGTA	normal	NA
BT1307_ACGATACCAGACGCCT	normal	NA
BT1307_ACGATACCATAAGACA	normal	NA
BT1307_ACGATACGTACACCGC	tumor	NA
BT1307_ACGATGTAGCCCGAAA	normal	NA
BT1307_ACGATGTAGCGAGAAA	normal	NA
BT1307_ACGATGTAGTGAACGC	normal	NA
BT1307_ACGATGTCAAAGGCGT	normal	NA
BT1307_ACGCAGCAGCAGGTCA	normal	NA
BT1307_ACGCAGCAGCGATCCC	normal	NA
BT1307_ACGCAGCCAAACTGTC	normal	NA
BT1307_ACGCAGCCACTCAGGC	normal	NA
BT1307_ACGCAGCCAGCGTAAG	normal	NA
BT1307_ACGCAGCGTCGAACAG	normal	NA
BT1307_ACGCAGCTCACCAGGC	normal	NA
BT1307_ACGCCAGAGACCACGA	normal	NA
BT1307_ACGCCAGAGGCACATG	normal	NA
BT1307_ACGCCAGCACGTAAGG	normal	NA
BT1307_ACGCCAGCAGCTTAAC	normal	NA
BT1307_ACGCCAGGTGCCTGGT	normal	NA
BT1307_ACGCCAGTCCCAGGTG	normal	NA
BT1307_ACGCCAGTCTGCGTAA	normal	NA
BT1307_ACGCCAGTCTTCCTTC	normal	NA
BT1307_ACGCCGAAGCAAATCA	normal	NA
BT1307_ACGCCGAAGGGAACGG	normal	NA
BT1307_ACGCCGAAGTCCCACG	normal	NA
BT1307_ACGCCGAAGTGTACTC	normal	NA
BT1307_ACGCCGACACCAGTTA	normal	NA
BT1307_ACGCCGACACGCTTTC	normal	NA
BT1307_ACGCCGAGTTCCACGG	normal	NA
BT1307_ACGGAGACAAGGCTCC	normal	NA
BT1307_ACGGAGACACAACGTT	normal	NA
BT1307_ACGGAGACACCTATCC	tumor	NA
BT1307_ACGGAGACATCTCCCA	normal	NA
BT1307_ACGGAGAGTACGCTGC	tumor	NA
BT1307_ACGGAGAGTCCTCTTG	normal	NA
BT1307_ACGGAGAGTTCCTCCA	normal	NA
BT1307_ACGGAGATCCCTTGCA	normal	NA
BT1307_ACGGCCACACCACCAG	normal	NA
BT1307_ACGGCCACAGCCACCA	tumor	NA
BT1307_ACGGCCACAGCCTTTC	normal	NA
BT1307_ACGGCCAGTAATTGGA	normal	NA
BT1307_ACGGCCAGTGGCGAAT	normal	NA
BT1307_ACGGCCAGTTAAGATG	normal	NA
BT1307_ACGGCCAGTTACTGAC	normal	NA
BT1307_ACGGCCATCCTCGCAT	normal	NA
BT1307_ACGGGCTAGATCACGG	normal	NA
BT1307_ACGGGCTAGTACGATA	tumor	NA
BT1307_ACGGGCTCAGTATAAG	normal	NA
BT1307_ACGGGCTCAGTCGTGC	normal	NA
BT1307_ACGGGCTGTGAGGGTT	normal	NA
BT1307_ACGGGCTTCGGTCTAA	tumor	NA
BT1307_ACGGGCTTCTCCTATA	normal	NA
BT1307_ACGGGCTTCTGCGTAA	normal	NA
BT1307_ACGGGTCAGACAGAGA	normal	NA
BT1307_ACGGGTCCAGGTCGTC	normal	NA
BT1307_ACGGGTCCATAGAAAC	normal	NA
BT1307_ACGGGTCGTACGCTGC	normal	NA
BT1307_ACGGGTCTCACGCATA	normal	NA
BT1307_ACGGGTCTCCTAAGTG	normal	NA
BT1307_ACGGGTCTCGGCGCAT	normal	NA
BT1307_ACGGGTCTCTACTTAC	normal	NA
BT1307_ACGTCAAAGTACGATA	normal	NA
BT1307_ACGTCAAAGTCCGGTC	normal	NA
BT1307_ACGTCAAAGTTCGCAT	normal	NA
BT1307_ACGTCAACAAGCTGTT	normal	NA
BT1307_ACGTCAACAGTTCCCT	normal	NA
BT1307_ACGTCAAGTCCGAACC	tumor	NA
BT1307_ACGTCAATCAGTGTTG	normal	NA
BT1307_ACGTCAATCCGAACGC	normal	NA
BT1307_ACGTCAATCGGCGCTA	normal	NA
BT1307_ACTATCTAGATAGCAT	normal	NA
BT1307_ACTATCTAGCGGCTTC	normal	NA
BT1307_ACTATCTAGGCTACGA	normal	NA
BT1307_ACTATCTCAAGCTGGA	normal	NA
BT1307_ACTATCTCACGTCTCT	normal	NA
BT1307_ACTATCTTCACTGGGC	tumor	NA
BT1307_ACTATCTTCTCCTATA	normal	NA
BT1307_ACTGAACCATGTAAGA	tumor	NA
BT1307_ACTGAACTCGATGAGG	normal	NA
BT1307_ACTGAGTAGAGTCTGG	normal	NA
BT1307_ACTGAGTAGCTAGCCC	normal	NA
BT1307_ACTGAGTAGGGAACGG	normal	NA
BT1307_ACTGAGTAGTCTTGCA	normal	NA
BT1307_ACTGAGTCAATCACAC	normal	NA
BT1307_ACTGAGTCACCCAGTG	normal	NA
BT1307_ACTGAGTCATCAGTAC	normal	NA
BT1307_ACTGAGTCATGATCCA	normal	NA
BT1307_ACTGAGTGTAAGGATT	normal	NA
BT1307_ACTGAGTGTGCGATAG	normal	NA
BT1307_ACTGAGTTCCTCCTAG	normal	NA
BT1307_ACTGAGTTCTAACTGG	normal	NA
BT1307_ACTGAGTTCTCCTATA	normal	NA
BT1307_ACTGAGTTCTGGCGTG	normal	NA
BT1307_ACTGATGAGCCCTAAT	normal	NA
BT1307_ACTGATGAGCGTGAAC	normal	NA
BT1307_ACTGATGCAATGGTCT	normal	NA
BT1307_ACTGATGCATGCTGGC	normal	NA
BT1307_ACTGATGGTGTCTGAT	normal	NA
BT1307_ACTGCTCAGAACAATC	tumor	NA
BT1307_ACTGCTCAGTATGACA	normal	NA
BT1307_ACTGCTCCAAGTAATG	normal	NA
BT1307_ACTGCTCCACCTCGTT	normal	NA
BT1307_ACTGCTCCATGAAGTA	normal	NA
BT1307_ACTGCTCGTTACGTCA	normal	NA
BT1307_ACTGCTCTCACGATGT	normal	NA
BT1307_ACTGCTCTCAGCTCGG	tumor	NA
BT1307_ACTGTCCAGACAAAGG	tumor	NA
BT1307_ACTGTCCCACGAAGCA	normal	NA
BT1307_ACTGTCCGTAGCTAAA	normal	NA
BT1307_ACTGTCCTCCTTCAAT	normal	NA
BT1307_ACTTACTAGCTAGTCT	normal	NA
BT1307_ACTTACTCAGAAGCAC	normal	NA
BT1307_ACTTACTGTAAAGGAG	normal	NA
BT1307_ACTTACTGTTATTCTC	normal	NA
BT1307_ACTTACTTCACCATAG	normal	NA
BT1307_ACTTACTTCCTTTACA	normal	NA
BT1307_ACTTACTTCGTAGGTT	tumor	NA
BT1307_ACTTGTTAGACTGGGT	normal	NA
BT1307_ACTTGTTAGTGTTAGA	normal	NA
BT1307_ACTTGTTAGTTTAGGA	normal	NA
BT1307_ACTTGTTCAGCGTAAG	normal	NA
BT1307_ACTTGTTCAGCTTCGG	normal	NA
BT1307_ACTTGTTCATGAAGTA	normal	NA
BT1307_ACTTGTTCATTCCTCG	normal	NA
BT1307_ACTTGTTGTCAGTGGA	normal	NA
BT1307_ACTTGTTGTGAGGCTA	normal	NA
BT1307_ACTTGTTGTTTGGCGC	normal	NA
BT1307_ACTTGTTTCCAGTATG	normal	NA
BT1307_ACTTGTTTCTTTAGTC	normal	NA
BT1307_ACTTTCAAGAGTGAGA	normal	NA
BT1307_ACTTTCAAGTAAGTAC	normal	NA
BT1307_ACTTTCACATTCACTT	normal	NA
BT1307_ACTTTCAGTATGCTTG	normal	NA
BT1307_AGAATAGAGAATTGTG	normal	NA
BT1307_AGAATAGAGACTGGGT	tumor	NA
BT1307_AGAATAGAGCAGCGTA	normal	NA
BT1307_AGAATAGAGCTAACAA	normal	NA
BT1307_AGAATAGAGCTTATCG	normal	NA
BT1307_AGAATAGAGTTCCACA	normal	NA
BT1307_AGAATAGCAACGCACC	normal	NA
BT1307_AGAATAGCATGGTTGT	normal	NA
BT1307_AGAATAGGTGGTACAG	normal	NA
BT1307_AGAATAGGTTCGAATC	tumor	NA
BT1307_AGAATAGTCCGATATG	normal	NA
BT1307_AGAATAGTCTAACTCT	normal	NA
BT1307_AGAATAGTCTTCCTTC	normal	NA
BT1307_AGACGTTAGCTACCGC	normal	NA
BT1307_AGACGTTAGGTCATCT	normal	NA
BT1307_AGACGTTAGTCTTGCA	normal	NA
BT1307_AGACGTTGTTGCTCCT	normal	NA
BT1307_AGACGTTTCTGGGCCA	normal	NA
BT1307_AGACGTTTCTGTTGAG	normal	NA
BT1307_AGAGCGAAGCGTAATA	normal	NA
BT1307_AGAGCGAAGTTTAGGA	normal	NA
BT1307_AGAGCGACAATGGAAT	normal	NA
BT1307_AGAGCGACAGTAACGG	normal	NA
BT1307_AGAGCGAGTACCATCA	normal	NA
BT1307_AGAGCGAGTCTAGTGT	normal	NA
BT1307_AGAGCGAGTGAGGGTT	normal	NA
BT1307_AGAGCGAGTTGGAGGT	tumor	NA
BT1307_AGAGCGATCCAGTAGT	tumor	NA
BT1307_AGAGCGATCGGCCGAT	normal	NA
BT1307_AGAGCTTAGCCGTCGT	normal	NA
BT1307_AGAGCTTGTAATCGTC	normal	NA
BT1307_AGAGCTTGTCAATACC	normal	NA
BT1307_AGAGCTTTCAGTTGAC	normal	NA
BT1307_AGAGCTTTCCGCGCAA	normal	NA
BT1307_AGAGCTTTCTGTCAAG	normal	NA
BT1307_AGAGCTTTCTTTAGGG	tumor	NA
BT1307_AGAGTGGAGCACACAG	normal	NA
BT1307_AGAGTGGCACAGGCCT	normal	NA
BT1307_AGAGTGGCATAGACTC	normal	NA
BT1307_AGAGTGGCATCTCCCA	normal	NA
BT1307_AGAGTGGGTATGAATG	normal	NA
BT1307_AGAGTGGGTCGGCACT	normal	NA
BT1307_AGAGTGGGTCTCTTAT	normal	NA
BT1307_AGAGTGGTCACGACTA	normal	NA
BT1307_AGATCTGAGAACTCGG	normal	NA
BT1307_AGATCTGAGACATAAC	normal	NA
BT1307_AGATCTGAGCACACAG	normal	NA
BT1307_AGATCTGCAATTGCTG	tumor	NA
BT1307_AGATCTGCAGCTGCTG	normal	NA
BT1307_AGATCTGGTATTAGCC	tumor	NA
BT1307_AGATCTGGTTGGAGGT	normal	NA
BT1307_AGATCTGTCGTTTGCC	normal	NA
BT1307_AGATTGCAGGGAACGG	normal	NA
BT1307_AGATTGCAGGTGTTAA	normal	NA
BT1307_AGATTGCCACCACCAG	normal	NA
BT1307_AGATTGCCACCTCGGA	tumor	NA
BT1307_AGATTGCGTCAGAATA	normal	NA
BT1307_AGATTGCGTCTCCATC	normal	NA
BT1307_AGATTGCGTGTTAAGA	normal	NA
BT1307_AGATTGCTCCTTGCCA	normal	NA
BT1307_AGATTGCTCGGCTACG	normal	NA
BT1307_AGATTGCTCGTTACGA	normal	NA
BT1307_AGCAGCCAGAGTAATC	normal	NA
BT1307_AGCAGCCCAAGCTGGA	normal	NA
BT1307_AGCAGCCCAAGTTCTG	normal	NA
BT1307_AGCAGCCCACTAAGTC	normal	NA
BT1307_AGCAGCCCATTCGACA	tumor	NA
BT1307_AGCAGCCGTAGGAGTC	normal	NA
BT1307_AGCAGCCGTATAGGGC	tumor	NA
BT1307_AGCAGCCGTATATCCG	normal	NA
BT1307_AGCAGCCGTCAATGTC	normal	NA
BT1307_AGCAGCCGTCGAAAGC	normal	NA
BT1307_AGCAGCCGTCTTCAAG	tumor	NA
BT1307_AGCAGCCTCAGTTCGA	normal	NA
BT1307_AGCATACAGCACAGGT	normal	NA
BT1307_AGCATACAGCCAGTAG	normal	NA
BT1307_AGCATACCACAGAGGT	normal	NA
BT1307_AGCATACCACCGATAT	normal	NA
BT1307_AGCATACTCGGCGGTT	normal	NA
BT1307_AGCATACTCTCGAGTA	normal	NA
BT1307_AGCATACTCTGTCTAT	normal	NA
BT1307_AGCATACTCTGTTTGT	normal	NA
BT1307_AGCATACTCTTCGGTC	normal	NA
BT1307_AGCCTAAAGAGGACGG	normal	NA
BT1307_AGCCTAAAGGACTGGT	normal	NA
BT1307_AGCCTAACACCAGCAC	normal	NA
BT1307_AGCCTAACACTTAAGC	normal	NA
BT1307_AGCCTAACAGGATTGG	normal	NA
BT1307_AGCCTAACAGTGAGTG	normal	NA
BT1307_AGCCTAACATCACGTA	normal	NA
BT1307_AGCCTAACATGCAATC	normal	NA
BT1307_AGCCTAAGTATAAACG	normal	NA
BT1307_AGCCTAATCAAGCCTA	normal	NA
BT1307_AGCCTAATCATGTCCC	normal	NA
BT1307_AGCGGTCAGCTGGAAC	tumor	NA
BT1307_AGCGGTCCATCTGGTA	normal	NA
BT1307_AGCGGTCGTCCGAATT	normal	NA
BT1307_AGCGGTCGTGCAGGTA	tumor	NA
BT1307_AGCGGTCGTTGGTAAA	tumor	NA
BT1307_AGCGGTCTCATCTGTT	normal	NA
BT1307_AGCGTATAGGAGTACC	normal	NA
BT1307_AGCGTATAGGTGTGGT	normal	NA
BT1307_AGCGTATAGTGCCATT	normal	NA
BT1307_AGCGTATCATTCTCAT	normal	NA
BT1307_AGCGTATTCCTTTCTC	normal	NA
BT1307_AGCGTATTCTTCGAGA	normal	NA
BT1307_AGCGTCGAGCCACGTC	normal	NA
BT1307_AGCGTCGGTCTCTCGT	tumor	NA
BT1307_AGCGTCGGTGCCTGGT	normal	NA
BT1307_AGCGTCGTCTCATTCA	normal	NA
BT1307_AGCTCCTGTACGCTGC	normal	NA
BT1307_AGCTCCTGTGAGTATA	normal	NA
BT1307_AGCTCCTTCTTGTCAT	normal	NA
BT1307_AGCTCTCAGGACAGCT	tumor	NA
BT1307_AGCTCTCCAATTGCTG	normal	NA
BT1307_AGCTCTCCAGCCTTTC	normal	NA
BT1307_AGCTCTCCATTAGGCT	normal	NA
BT1307_AGCTCTCGTACGAAAT	normal	NA
BT1307_AGCTCTCTCCTGTAGA	normal	NA
BT1307_AGCTCTCTCTCCTATA	normal	NA
BT1307_AGCTCTCTCTGTCCGT	normal	NA
BT1307_AGCTTGAAGCAGATCG	normal	NA
BT1307_AGCTTGAAGTCATCCA	normal	NA
BT1307_AGCTTGACAGTAGAGC	normal	NA
BT1307_AGCTTGACAGTCTTCC	normal	NA
BT1307_AGCTTGAGTCGAGTTT	normal	NA
BT1307_AGCTTGATCATGTCCC	tumor	NA
BT1307_AGCTTGATCGAGGTAG	normal	NA
BT1307_AGCTTGATCGGAGCAA	normal	NA
BT1307_AGGCCACAGTTTAGGA	normal	NA
BT1307_AGGCCACGTCTTTCAT	normal	NA
BT1307_AGGCCACTCACCATAG	normal	NA
BT1307_AGGCCACTCCTTGGTC	normal	NA
BT1307_AGGCCACTCGCGATCG	normal	NA
BT1307_AGGCCGTAGTCCGTAT	normal	NA
BT1307_AGGCCGTCAGCAGTTT	normal	NA
BT1307_AGGCCGTCATTGCGGC	normal	NA
BT1307_AGGCCGTGTACCGTAT	normal	NA
BT1307_AGGCCGTGTCTTTCAT	normal	NA
BT1307_AGGCCGTGTGGAAAGA	normal	NA
BT1307_AGGCCGTGTTAGAACA	normal	NA
BT1307_AGGCCGTGTTAGTGGG	normal	NA
BT1307_AGGGAGTCAGACAGGT	normal	NA
BT1307_AGGGAGTGTCATATGC	normal	NA
BT1307_AGGGAGTGTGACGGTA	normal	NA
BT1307_AGGGAGTGTGTGAAAT	normal	NA
BT1307_AGGGAGTTCGCCTGTT	normal	NA
BT1307_AGGGAGTTCTCAACTT	normal	NA
BT1307_AGGGATGAGCCAGGAT	normal	NA
BT1307_AGGGATGAGTACATGA	normal	NA
BT1307_AGGGATGAGTTTCCTT	normal	NA
BT1307_AGGGATGCATCAGTAC	normal	NA
BT1307_AGGGATGGTGACTACT	normal	NA
BT1307_AGGGATGTCAGTACGT	normal	NA
BT1307_AGGGTGAAGACGCACA	normal	NA
BT1307_AGGGTGAAGATCCGAG	normal	NA
BT1307_AGGGTGAAGTAGCGGT	normal	NA
BT1307_AGGGTGAAGTGGTAAT	normal	NA
BT1307_AGGGTGACATGTCGAT	normal	NA
BT1307_AGGGTGAGTCAAGCGA	normal	NA
BT1307_AGGGTGAGTCACCTAA	tumor	NA
BT1307_AGGTCATCAGCCACCA	normal	NA
BT1307_AGGTCATCATACGCTA	normal	NA
BT1307_AGGTCATGTACAGTTC	normal	NA
BT1307_AGGTCATTCCGAAGAG	normal	NA
BT1307_AGGTCATTCGGTTAAC	normal	NA
BT1307_AGGTCCGAGGTTCCTA	normal	NA
BT1307_AGGTCCGAGTTCGATC	tumor	NA
BT1307_AGGTCCGCAAGGCTCC	normal	NA
BT1307_AGGTCCGGTGGTACAG	normal	NA
BT1307_AGGTCCGTCTGCCAGG	normal	NA
BT1307_AGTAGTCAGCCAACAG	normal	NA
BT1307_AGTAGTCAGTGACATA	normal	NA
BT1307_AGTAGTCCAACGATGG	normal	NA
BT1307_AGTAGTCGTGGTCTCG	normal	NA
BT1307_AGTAGTCGTTGAACTC	normal	NA
BT1307_AGTAGTCTCACTCCTG	normal	NA
BT1307_AGTAGTCTCGGGAGTA	normal	NA
BT1307_AGTAGTCTCTCACATT	normal	NA
BT1307_AGTAGTCTCTGGTATG	normal	NA
BT1307_AGTCTTTAGATCTGCT	normal	yes
BT1307_AGTCTTTAGCTGAAAT	tumor	NA
BT1307_AGTCTTTAGCTGGAAC	normal	NA
BT1307_AGTCTTTCAATGACCT	normal	NA
BT1307_AGTCTTTCACAGACAG	normal	NA
BT1307_AGTCTTTTCTGCCCTA	normal	NA
BT1307_AGTGAGGCAAGGGTCA	tumor	NA
BT1307_AGTGAGGGTAATTGGA	tumor	NA
BT1307_AGTGAGGTCAAACAAG	normal	NA
BT1307_AGTGAGGTCTAACTGG	tumor	NA
BT1307_AGTGAGGTCTGCAGTA	normal	NA
BT1307_AGTGGGAAGATCTGCT	normal	NA
BT1307_AGTGGGACACAACGTT	normal	NA
BT1307_AGTGGGAGTAGCGTGA	tumor	NA
BT1307_AGTGGGAGTATATGGA	normal	NA
BT1307_AGTGGGAGTCCCTTGT	normal	NA
BT1307_AGTGGGATCATGTCCC	normal	NA
BT1307_AGTGTCAAGAGACTTA	normal	NA
BT1307_AGTGTCAAGGAGCGAG	tumor	NA
BT1307_AGTGTCAAGGCACATG	normal	NA
BT1307_AGTGTCAAGTACTTGC	normal	NA
BT1307_AGTGTCAAGTTAAGTG	normal	NA
BT1307_AGTGTCACAACTTGAC	normal	NA
BT1307_AGTGTCACAGACAAGC	normal	NA
BT1307_AGTGTCACAGCTGTTA	normal	NA
BT1307_AGTGTCACATTGAGCT	normal	NA
BT1307_AGTGTCAGTATCGCAT	normal	NA
BT1307_AGTTGGTAGATCCGAG	normal	NA
BT1307_AGTTGGTAGCCGATTT	normal	NA
BT1307_AGTTGGTAGTCAAGGC	normal	NA
BT1307_AGTTGGTCACTTAAGC	normal	NA
BT1307_AGTTGGTGTCAGAAGC	normal	NA
BT1307_AGTTGGTGTCTTCGTC	normal	NA
BT1307_AGTTGGTGTGGTTTCA	normal	NA
BT1307_AGTTGGTTCCACTCCA	normal	NA
BT1307_AGTTGGTTCTCGCTTG	normal	NA
BT1307_ATAACGCAGCCAGGAT	normal	NA
BT1307_ATAACGCAGCTTTGGT	tumor	NA
BT1307_ATAAGAGAGCGTCTAT	normal	NA
BT1307_ATAAGAGCACGCATCG	normal	NA
BT1307_ATAAGAGGTGTGCGTC	normal	NA
BT1307_ATAAGAGTCTGATACG	normal	NA
BT1307_ATAGACCCAACTGCTA	normal	NA
BT1307_ATAGACCCAACTGGCC	normal	NA
BT1307_ATAGACCCACCGAAAG	normal	NA
BT1307_ATAGACCCAGCTGTTA	normal	NA
BT1307_ATAGACCCATCTCGCT	normal	NA
BT1307_ATAGACCGTCTAGGTT	normal	NA
BT1307_ATAGACCTCCCGGATG	normal	NA
BT1307_ATCACGAAGCTGATAA	normal	NA
BT1307_ATCACGAAGGGTTTCT	tumor	NA
BT1307_ATCACGAAGTACGATA	normal	NA
BT1307_ATCACGAAGTACTTGC	normal	NA
BT1307_ATCACGACAAAGGTGC	tumor	NA
BT1307_ATCACGACAAGCTGGA	normal	NA
BT1307_ATCACGAGTATCTGCA	normal	NA
BT1307_ATCACGAGTCGCGTGT	normal	NA
BT1307_ATCACGAGTCTCCACT	tumor	NA
BT1307_ATCACGATCAGCACAT	tumor	NA
BT1307_ATCACGATCAGCTGGC	normal	NA
BT1307_ATCATCTAGCCACGCT	normal	NA
BT1307_ATCATCTAGGATGTAT	normal	NA
BT1307_ATCATCTCACGGTAAG	normal	NA
BT1307_ATCATCTCAGACAAGC	normal	NA
BT1307_ATCATCTGTCCAGTGC	normal	NA
BT1307_ATCATCTTCTAACCGA	normal	NA
BT1307_ATCATGGAGAGTGACC	normal	NA
BT1307_ATCATGGCAAGACACG	normal	NA
BT1307_ATCATGGCATTACGAC	normal	NA
BT1307_ATCATGGTCAACTCTT	normal	NA
BT1307_ATCCACCCACGTAAGG	normal	NA
BT1307_ATCCACCCAGATCCAT	normal	NA
BT1307_ATCCACCGTACGCACC	normal	NA
BT1307_ATCCACCGTTCCACGG	normal	NA
BT1307_ATCCACCTCAGAAATG	normal	NA
BT1307_ATCCACCTCCGTTGCT	normal	NA
BT1307_ATCCACCTCGGAAACG	normal	NA
BT1307_ATCCGAAAGGTTACCT	normal	NA
BT1307_ATCCGAACACACTGCG	tumor	NA
BT1307_ATCCGAACAGCCTTTC	normal	NA
BT1307_ATCCGAACAGCTGGCT	normal	NA
BT1307_ATCCGAACATCTCCCA	normal	NA
BT1307_ATCCGAACATTAACCG	normal	NA
BT1307_ATCCGAAGTGCTAGCC	tumor	NA
BT1307_ATCCGAATCACCATAG	normal	NA
BT1307_ATCGAGTCAGATCTGT	normal	NA
BT1307_ATCGAGTGTACGCACC	normal	NA
BT1307_ATCGAGTGTGTGTGCC	tumor	NA
BT1307_ATCGAGTTCATGGTCA	normal	NA
BT1307_ATCGAGTTCTCAACTT	normal	NA
BT1307_ATCTACTAGAAGGGTA	normal	NA
BT1307_ATCTACTAGGACATTA	normal	NA
BT1307_ATCTACTAGTTTGCGT	normal	NA
BT1307_ATCTACTCAACAACCT	normal	NA
BT1307_ATCTACTCACCAGGCT	normal	NA
BT1307_ATCTACTCAGCGTAAG	normal	NA
BT1307_ATCTACTTCTCGCTTG	normal	NA
BT1307_ATCTGCCAGGCCCGTT	normal	NA
BT1307_ATCTGCCAGTATTGGA	normal	NA
BT1307_ATCTGCCCACACGCTG	normal	NA
BT1307_ATCTGCCCACACTGCG	normal	NA
BT1307_ATCTGCCCAGCCTATA	normal	NA
BT1307_ATCTGCCCATTCCTCG	normal	NA
BT1307_ATGAGGGAGTATTGGA	normal	NA
BT1307_ATGAGGGAGTTTGCGT	normal	NA
BT1307_ATGAGGGCACCACGTG	normal	NA
BT1307_ATGAGGGGTATGCTTG	normal	NA
BT1307_ATGAGGGGTCAGTGGA	normal	NA
BT1307_ATGAGGGGTGATGTGG	tumor	NA
BT1307_ATGAGGGTCACAATGC	normal	NA
BT1307_ATGAGGGTCGGCTACG	normal	NA
BT1307_ATGCGATAGAGTAATC	normal	NA
BT1307_ATGCGATAGATCCCGC	normal	NA
BT1307_ATGCGATGTACCATCA	normal	NA
BT1307_ATGCGATGTAGTAGTA	tumor	NA
BT1307_ATGCGATGTCACTGGC	normal	NA
BT1307_ATGCGATGTCCTCTTG	normal	NA
BT1307_ATGCGATGTCTGCGGT	normal	NA
BT1307_ATGCGATGTGACCAAG	tumor	NA
BT1307_ATGGGAGAGACCTAGG	normal	NA
BT1307_ATGGGAGAGCTAGCCC	tumor	NA
BT1307_ATGGGAGCAGACGCCT	normal	NA
BT1307_ATGGGAGCATCTCCCA	tumor	NA
BT1307_ATGGGAGTCGCTTGTC	normal	NA
BT1307_ATGGGAGTCTCCAACC	normal	NA
BT1307_ATGGGAGTCTGCTTGC	normal	NA
BT1307_ATGTGTGCACAACTGT	normal	NA
BT1307_ATGTGTGCACCCAGTG	tumor	NA
BT1307_ATGTGTGCATATACGC	normal	NA
BT1307_ATGTGTGCATGCCACG	normal	NA
BT1307_ATGTGTGGTACTCAAC	normal	NA
BT1307_ATGTGTGGTTCAGCGC	normal	NA
BT1307_ATGTGTGTCCCACTTG	normal	NA
BT1307_ATTACTCAGCTAGTTC	normal	NA
BT1307_ATTACTCCATGCATGT	normal	NA
BT1307_ATTACTCCATGTCTCC	normal	NA
BT1307_ATTACTCGTCTTGTCC	normal	NA
BT1307_ATTACTCTCGAGAGCA	normal	NA
BT1307_ATTACTCTCTGAGGGA	normal	NA
BT1307_ATTATCCAGACAGACC	normal	NA
BT1307_ATTATCCGTCGAAAGC	normal	NA
BT1307_ATTATCCGTCGTCTTC	normal	NA
BT1307_ATTCTACAGGCCCGTT	normal	NA
BT1307_ATTCTACCAGGGATTG	normal	NA
BT1307_ATTCTACCATGGAATA	normal	NA
BT1307_ATTCTACTCACCCTCA	normal	NA
BT1307_ATTCTACTCACCGTAA	normal	NA
BT1307_ATTCTACTCTCCAGGG	normal	NA
BT1307_ATTCTACTCTCTGAGA	normal	NA
BT1307_ATTCTACTCTTGCCGT	normal	NA
BT1307_ATTGGACAGAATAGGG	normal	NA
BT1307_ATTGGACAGCCGCCTA	normal	NA
BT1307_ATTGGACAGCTAAACA	normal	NA
BT1307_ATTGGACAGTCTCCTC	normal	NA
BT1307_ATTGGACGTCACCCAG	normal	NA
BT1307_ATTGGACTCGTTTATC	normal	NA
BT1307_ATTGGTGAGCCCAATT	normal	NA
BT1307_ATTGGTGAGCGCCTTG	normal	NA
BT1307_ATTGGTGAGGCAATTA	normal	NA
BT1307_ATTGGTGCAAACTGTC	normal	NA
BT1307_ATTGGTGCAATGAATG	normal	NA
BT1307_ATTGGTGGTAGAAAGG	normal	NA
BT1307_ATTGGTGGTCTCATCC	normal	NA
BT1307_ATTGGTGGTTACCAGT	normal	NA
BT1307_ATTGGTGTCCTCTAGC	normal	NA
BT1307_ATTTCTGCATCCTTGC	tumor	NA
BT1307_ATTTCTGCATTATCTC	normal	NA
BT1307_ATTTCTGGTGTGACGA	normal	NA
BT1307_ATTTCTGTCCGAAGAG	normal	NA
BT1307_ATTTCTGTCTTCATGT	normal	NA
BT1307_CAACCAAAGAAGCCCA	normal	yes
BT1307_CAACCAAAGACCGGAT	normal	NA
BT1307_CAACCAAAGAGCCTAG	normal	NA
BT1307_CAACCAACAACTTGAC	normal	NA
BT1307_CAACCAACAGTCGATT	normal	NA
BT1307_CAACCAAGTGATAAGT	normal	NA
BT1307_CAACCAATCTGGCGAC	normal	NA
BT1307_CAACCAATCTTCATGT	normal	NA
BT1307_CAACCTCAGTGAACGC	normal	NA
BT1307_CAACCTCAGTGTCCCG	normal	NA
BT1307_CAACCTCCAGATGAGC	normal	NA
BT1307_CAACCTCGTCAGTGGA	normal	NA
BT1307_CAACCTCGTTTGACTG	normal	NA
BT1307_CAACCTCTCACATAGC	normal	NA
BT1307_CAACCTCTCAGTCCCT	normal	NA
BT1307_CAACCTCTCATGCTCC	normal	NA
BT1307_CAACCTCTCCGAGCCA	normal	NA
BT1307_CAACCTCTCCTGTAGA	normal	NA
BT1307_CAACCTCTCTACTATC	normal	NA
BT1307_CAACCTCTCTAGCACA	tumor	NA
BT1307_CAACTAGAGAGATGAG	tumor	NA
BT1307_CAACTAGCAACGATGG	normal	NA
BT1307_CAACTAGCAAGTAATG	normal	NA
BT1307_CAACTAGGTCCAGTAT	normal	NA
BT1307_CAACTAGTCACTCCTG	normal	NA
BT1307_CAACTAGTCTGGCGTG	normal	NA
BT1307_CAACTAGTCTTTACGT	tumor	NA
BT1307_CAAGAAAAGGAGTAGA	normal	yes
BT1307_CAAGAAAAGGTCATCT	normal	NA
BT1307_CAAGAAACAGGATCGA	normal	NA
BT1307_CAAGAAACATCTGGTA	normal	NA
BT1307_CAAGAAACATTAGCCA	normal	NA
BT1307_CAAGAAAGTAGCGTCC	normal	NA
BT1307_CAAGAAAGTCTACCTC	normal	NA
BT1307_CAAGAAATCCTAGGGC	normal	NA
BT1307_CAAGAAATCCTGCCAT	tumor	NA
BT1307_CAAGAAATCTCACATT	normal	NA
BT1307_CAAGATCAGGCTAGGT	normal	NA
BT1307_CAAGATCCATTGGCGC	normal	NA
BT1307_CAAGATCGTCTACCTC	normal	NA
BT1307_CAAGGCCAGAAGGTTT	normal	NA
BT1307_CAAGGCCCAAGTCTGT	normal	NA
BT1307_CAAGTTGAGAAACGAG	tumor	NA
BT1307_CAAGTTGAGAGTAATC	normal	NA
BT1307_CAAGTTGAGCGTCTAT	normal	NA
BT1307_CAAGTTGAGGGATCTG	normal	NA
BT1307_CAAGTTGAGTGAACGC	normal	NA
BT1307_CAAGTTGCAGTTCATG	normal	NA
BT1307_CAAGTTGGTAAGTAGT	normal	NA
BT1307_CAAGTTGGTATTCTCT	normal	NA
BT1307_CAAGTTGGTCGCTTTC	normal	NA
BT1307_CAAGTTGGTGATGCCC	normal	NA
BT1307_CAAGTTGGTTGGACCC	normal	NA
BT1307_CAAGTTGGTTTAGGAA	normal	NA
BT1307_CACAAACAGAAGAAGC	tumor	NA
BT1307_CACAAACAGTCGCCGT	normal	NA
BT1307_CACAAACCACTGTCGG	normal	NA
BT1307_CACAAACGTAGCGTGA	tumor	NA
BT1307_CACACAACACCAGTTA	normal	NA
BT1307_CACACAACACTGTCGG	normal	NA
BT1307_CACACAACATATGCTG	normal	NA
BT1307_CACACAAGTACACCGC	normal	NA
BT1307_CACACAATCACCTTAT	normal	NA
BT1307_CACACAATCTGCTGCT	normal	NA
BT1307_CACACCTCAAGTCATC	normal	NA
BT1307_CACACCTCACCCATGG	normal	NA
BT1307_CACACCTGTCGCCATG	normal	NA
BT1307_CACACCTGTTAAGTAG	normal	NA
BT1307_CACACCTTCAGCTCTC	normal	NA
BT1307_CACACCTTCAGTCAGT	normal	NA
BT1307_CACACCTTCATGTAGC	normal	NA
BT1307_CACACCTTCCAGAGGA	normal	NA
BT1307_CACACTCAGACGACGT	normal	NA
BT1307_CACACTCAGCCCGAAA	normal	NA
BT1307_CACACTCAGCTGTCTA	normal	NA
BT1307_CACACTCCAAACTGCT	normal	NA
BT1307_CACACTCCACAACGTT	normal	NA
BT1307_CACACTCCAGTCACTA	normal	NA
BT1307_CACACTCTCAGCGATT	normal	NA
BT1307_CACACTCTCTCGATGA	normal	NA
BT1307_CACAGGCAGCGAAGGG	normal	NA
BT1307_CACAGGCAGGTACTCT	normal	NA
BT1307_CACAGGCCACAGGCCT	normal	NA
BT1307_CACAGGCCACCTGGTG	normal	NA
BT1307_CACAGGCCATGGGAAC	normal	NA
BT1307_CACAGGCCATTGTGCA	normal	NA
BT1307_CACAGGCGTACATGTC	normal	NA
BT1307_CACAGGCGTGAACCTT	normal	NA
BT1307_CACAGTAAGGTGGGTT	tumor	NA
BT1307_CACAGTACAATGGAAT	normal	NA
BT1307_CACAGTACACTTAACG	normal	NA
BT1307_CACAGTACATGCTGGC	normal	NA
BT1307_CACAGTAGTCCAGTAT	normal	NA
BT1307_CACAGTAGTGCAGACA	normal	NA
BT1307_CACAGTATCAGGTAAA	normal	NA
BT1307_CACATAGAGTGAACGC	normal	NA
BT1307_CACATAGAGTGGTCCC	normal	NA
BT1307_CACATAGGTCACCCAG	normal	NA
BT1307_CACATAGGTTCGCTAA	normal	NA
BT1307_CACATAGGTTGGGACA	normal	NA
BT1307_CACATAGTCTGCGTAA	tumor	NA
BT1307_CACATAGTCTTCCTTC	normal	NA
BT1307_CACATTTCAGCTTAAC	normal	NA
BT1307_CACATTTCATCCCATC	normal	NA
BT1307_CACATTTCATCTACGA	normal	NA
BT1307_CACATTTCATTCGACA	normal	NA
BT1307_CACATTTCATTTCACT	normal	NA
BT1307_CACATTTGTATCTGCA	normal	NA
BT1307_CACATTTGTTCACCTC	normal	NA
BT1307_CACATTTTCATCTGCC	normal	NA
BT1307_CACCACTCAAGTAATG	normal	NA
BT1307_CACCACTGTCCCTTGT	normal	NA
BT1307_CACCACTGTCTAGTCA	normal	NA
BT1307_CACCACTGTGCAGGTA	normal	NA
BT1307_CACCACTTCGACAGCC	normal	NA
BT1307_CACCACTTCGCAAACT	normal	NA
BT1307_CACCACTTCTGTCCGT	normal	NA
BT1307_CACCAGGAGTAGTGCG	normal	NA
BT1307_CACCAGGCAGTCAGAG	normal	NA
BT1307_CACCAGGCATCACCCT	normal	NA
BT1307_CACCAGGGTCTAGAGG	normal	NA
BT1307_CACCAGGGTTAAAGTG	normal	NA
BT1307_CACCAGGTCACCTTAT	normal	NA
BT1307_CACCTTGAGAAGCCCA	normal	NA
BT1307_CACCTTGCAAATCCGT	normal	NA
BT1307_CACCTTGCAAGCTGGA	tumor	NA
BT1307_CACCTTGCACATCTTT	normal	NA
BT1307_CACCTTGCACGGACAA	normal	NA
BT1307_CACCTTGCAGACGTAG	normal	NA
BT1307_CACCTTGCAGCTGCAC	normal	NA
BT1307_CACCTTGGTATATGAG	normal	NA
BT1307_CACCTTGGTTCGTGAT	normal	NA
BT1307_CACCTTGTCCTCAATT	normal	yes
BT1307_CACTCCAAGAGTACAT	normal	NA
BT1307_CACTCCAAGAGTCGGT	normal	NA
BT1307_CACTCCAAGGTGGGTT	normal	NA
BT1307_CACTCCAAGTCCTCCT	normal	NA
BT1307_CACTCCACACATCTTT	normal	NA
BT1307_CACTCCACACGACTCG	normal	NA
BT1307_CACTCCACATGAACCT	normal	NA
BT1307_CACTCCAGTAACGACG	normal	NA
BT1307_CACTCCAGTGCCTGCA	tumor	NA
BT1307_CACTCCAGTGTTTGGT	normal	NA
BT1307_CACTCCATCCATGCTC	normal	NA
BT1307_CACTCCATCTACTTAC	normal	NA
BT1307_CAGAATCCACCCATTC	normal	NA
BT1307_CAGAATCCACGGATAG	normal	NA
BT1307_CAGAATCCATGACATC	normal	NA
BT1307_CAGAATCGTACCGAGA	normal	NA
BT1307_CAGAATCTCAAACCAC	normal	NA
BT1307_CAGAATCTCACGCGGT	tumor	NA
BT1307_CAGAATCTCCGTAGTA	tumor	NA
BT1307_CAGAATCTCGAACTGT	normal	NA
BT1307_CAGAATCTCGGTGTTA	tumor	NA
BT1307_CAGAATCTCGTAGATC	tumor	NA
BT1307_CAGAATCTCTTCATGT	normal	NA
BT1307_CAGAGAGCATCACAAC	normal	NA
BT1307_CAGAGAGGTAAATGTG	normal	NA
BT1307_CAGAGAGTCATCTGCC	normal	NA
BT1307_CAGAGAGTCTGAAAGA	normal	NA
BT1307_CAGAGAGTCTGATTCT	normal	NA
BT1307_CAGATCAGTGTTTGGT	normal	NA
BT1307_CAGATCAGTTAAGTAG	normal	NA
BT1307_CAGATCATCTCGTTTA	normal	NA
BT1307_CAGCAGCAGAGAGCTC	normal	NA
BT1307_CAGCAGCCAAAGGAAG	normal	NA
BT1307_CAGCAGCCACCAGTTA	normal	NA
BT1307_CAGCAGCCATTTGCCC	normal	NA
BT1307_CAGCAGCGTTACGTCA	normal	NA
BT1307_CAGCAGCTCCAAACTG	normal	NA
BT1307_CAGCAGCTCTCGAGTA	normal	NA
BT1307_CAGCATAAGATGTGTA	tumor	NA
BT1307_CAGCATAAGCTAGTTC	normal	NA
BT1307_CAGCATACAAGCGTAG	normal	NA
BT1307_CAGCATAGTCCTCTTG	normal	NA
BT1307_CAGCATAGTTTACTCT	normal	NA
BT1307_CAGCATATCACTTATC	normal	NA
BT1307_CAGCATATCCCTTGTG	normal	NA
BT1307_CAGCATATCGCCAAAT	normal	NA
BT1307_CAGCATATCGCCAGCA	normal	NA
BT1307_CAGCCGAAGCCCGAAA	normal	NA
BT1307_CAGCCGAAGGCTCATT	normal	NA
BT1307_CAGCCGAAGGTGTGGT	normal	NA
BT1307_CAGCCGAAGTGGAGTC	normal	NA
BT1307_CAGCCGAAGTTACGGG	normal	NA
BT1307_CAGCCGATCACCGTAA	tumor	NA
BT1307_CAGCCGATCCACGAAT	normal	NA
BT1307_CAGCCGATCTGTTTGT	normal	NA
BT1307_CAGCGACAGGCCCTTG	normal	NA
BT1307_CAGCGACAGTTGTAGA	normal	NA
BT1307_CAGCGACCATCACCCT	normal	NA
BT1307_CAGCGACGTTCGGCAC	normal	NA
BT1307_CAGCGACTCCGTTGCT	normal	NA
BT1307_CAGCGACTCTGTTTGT	normal	NA
BT1307_CAGCTAAAGATGGCGT	normal	NA
BT1307_CAGCTAAAGGTAGCTG	normal	NA
BT1307_CAGCTAACATAGACTC	normal	NA
BT1307_CAGCTAAGTCTCTTTA	normal	NA
BT1307_CAGCTAAGTGTCAATC	normal	NA
BT1307_CAGCTAAGTGTTAAGA	tumor	NA
BT1307_CAGCTAATCACAGTAC	normal	NA
BT1307_CAGCTGGAGAAGGCCT	normal	NA
BT1307_CAGCTGGAGTGTTAGA	normal	NA
BT1307_CAGCTGGGTAAACCTC	normal	NA
BT1307_CAGCTGGGTCTAGTGT	normal	NA
BT1307_CAGCTGGGTTGGTTTG	normal	NA
BT1307_CAGGTGCAGCACAGGT	normal	NA
BT1307_CAGGTGCAGTGCTGCC	normal	NA
BT1307_CAGGTGCAGTGGTAGC	normal	NA
BT1307_CAGGTGCCAGCCTTGG	normal	NA
BT1307_CAGGTGCGTAAAGGAG	normal	NA
BT1307_CAGGTGCGTCGCTTTC	normal	NA
BT1307_CAGGTGCGTTAGAACA	normal	NA
BT1307_CAGTAACAGCAGATCG	normal	NA
BT1307_CAGTAACAGTGTCCAT	normal	NA
BT1307_CAGTAACCAAGCGTAG	normal	NA
BT1307_CAGTAACCACAGGTTT	normal	NA
BT1307_CAGTAACCATCTACGA	normal	yes
BT1307_CAGTAACCATGAACCT	normal	NA
BT1307_CAGTAACTCACAATGC	normal	NA
BT1307_CAGTCCTAGAGTACAT	normal	NA
BT1307_CAGTCCTCACCAGATT	normal	NA
BT1307_CAGTCCTGTAGGGTAC	normal	NA
BT1307_CAGTCCTGTTTAAGCC	normal	NA
BT1307_CAGTCCTTCATCGCTC	normal	NA
BT1307_CAGTCCTTCCCATTTA	normal	NA
BT1307_CATATGGAGTCCGGTC	normal	NA
BT1307_CATATGGAGTCGTACT	normal	NA
BT1307_CATATGGCAGATGAGC	tumor	NA
BT1307_CATATGGGTATGAATG	normal	NA
BT1307_CATATGGGTCAGAAGC	normal	NA
BT1307_CATATGGTCCAAAGTC	normal	NA
BT1307_CATATGGTCGCAGGCT	normal	NA
BT1307_CATATTCAGCGACGTA	normal	NA
BT1307_CATATTCAGCTAGTGG	normal	NA
BT1307_CATATTCCAATCGAAA	normal	NA
BT1307_CATATTCCAGCCTATA	normal	NA
BT1307_CATATTCGTAAATGTG	normal	NA
BT1307_CATATTCGTCCAGTTA	normal	NA
BT1307_CATATTCTCAGCACAT	normal	NA
BT1307_CATATTCTCTGTCCGT	normal	NA
BT1307_CATATTCTCTGTGCAA	tumor	NA
BT1307_CATCAAGAGATCTGCT	normal	NA
BT1307_CATCAAGAGTACGCGA	normal	NA
BT1307_CATCAAGAGTATCGAA	normal	NA
BT1307_CATCAAGCACCGAATT	normal	NA
BT1307_CATCAAGCACGAAACG	normal	NA
BT1307_CATCAAGCACGTAAGG	normal	NA
BT1307_CATCAAGCATTATCTC	normal	NA
BT1307_CATCAAGTCATACGGT	normal	NA
BT1307_CATCAAGTCGGACAAG	normal	NA
BT1307_CATCAAGTCGGTTAAC	normal	NA
BT1307_CATCAAGTCTTACCGC	normal	NA
BT1307_CATCAGAAGGATCGCA	normal	NA
BT1307_CATCAGACACAGATTC	normal	NA
BT1307_CATCAGAGTGCGGTAA	normal	NA
BT1307_CATCAGATCCGTCAAA	tumor	NA
BT1307_CATCCACCACACATGT	normal	NA
BT1307_CATCCACCACGGTGTC	normal	NA
BT1307_CATCCACGTCGCTTTC	normal	NA
BT1307_CATCCACGTGGTACAG	tumor	NA
BT1307_CATCCACTCTTAACCT	normal	NA
BT1307_CATCGAAAGAATAGGG	normal	NA
BT1307_CATCGAAAGATGTGTA	normal	NA
BT1307_CATCGAAAGGTGCACA	normal	NA
BT1307_CATCGAATCTCGCTTG	normal	NA
BT1307_CATCGGGAGAACTCGG	normal	NA
BT1307_CATCGGGAGCAACGGT	normal	NA
BT1307_CATCGGGAGCCATCGC	normal	NA
BT1307_CATCGGGCAAGTTAAG	tumor	NA
BT1307_CATCGGGCACGGACAA	normal	NA
BT1307_CATCGGGCAGCTTCGG	normal	NA
BT1307_CATCGGGCAGGAATCG	normal	NA
BT1307_CATCGGGGTCCGAAGA	normal	NA
BT1307_CATCGGGTCCGATATG	normal	NA
BT1307_CATCGGGTCCTTGCCA	normal	NA
BT1307_CATCGGGTCGCCCTTA	tumor	NA
BT1307_CATGACAAGACTGTAA	normal	NA
BT1307_CATGACACACATGGGA	normal	NA
BT1307_CATGACAGTATGCTTG	normal	NA
BT1307_CATGACAGTGGCGAAT	tumor	NA
BT1307_CATGCCTAGAGCTTCT	normal	NA
BT1307_CATGCCTAGTACGACG	normal	NA
BT1307_CATGCCTAGTGTCCAT	tumor	NA
BT1307_CATGCCTAGTGTCCCG	normal	NA
BT1307_CATGCCTCATTTGCCC	tumor	NA
BT1307_CATGCCTGTTATCACG	normal	NA
BT1307_CATGCCTTCGGACAAG	normal	NA
BT1307_CATGCCTTCTGCAGTA	normal	NA
BT1307_CATGGCGAGTGCCATT	normal	NA
BT1307_CATGGCGCAATTCCTT	tumor	NA
BT1307_CATGGCGCATGGTCTA	normal	NA
BT1307_CATGGCGTCCGTTGCT	tumor	NA
BT1307_CATGGCGTCTTTCCTC	normal	NA
BT1307_CATTATCAGGAATGGA	normal	NA
BT1307_CATTATCAGGGATCTG	normal	NA
BT1307_CATTATCAGTTTCCTT	normal	NA
BT1307_CATTATCCACAGCCCA	normal	NA
BT1307_CATTATCTCAGGCGAA	normal	NA
BT1307_CATTATCTCGATAGAA	normal	NA
BT1307_CATTCGCAGTCTTGCA	normal	NA
BT1307_CATTCGCAGTGTACGG	normal	NA
BT1307_CATTCGCCATGCAACT	normal	NA
BT1307_CATTCGCGTGTGGTTT	normal	NA
BT1307_CATTCGCGTTCCGTCT	normal	NA
BT1307_CATTCGCTCAGCTGGC	normal	NA
BT1307_CCAATCCAGATCCCGC	normal	NA
BT1307_CCAATCCAGATGAGAG	normal	NA
BT1307_CCAATCCCAGTCGTGC	normal	NA
BT1307_CCAATCCGTGACTACT	normal	NA
BT1307_CCAATCCGTTGACGTT	normal	NA
BT1307_CCAATCCTCACATAGC	normal	yes
BT1307_CCAATCCTCCTCATTA	normal	NA
BT1307_CCACCTAAGCCAGGAT	tumor	NA
BT1307_CCACCTAAGCGATAGC	normal	NA
BT1307_CCACCTAAGGCCCTCA	normal	NA
BT1307_CCACCTACAGGAACGT	normal	NA
BT1307_CCACCTACATGGGAAC	normal	NA
BT1307_CCACCTACATGTCCTC	normal	NA
BT1307_CCACCTAGTCAAAGCG	normal	NA
BT1307_CCACCTAGTGTGCGTC	normal	NA
BT1307_CCACCTAGTTCGCTAA	tumor	NA
BT1307_CCACCTATCGCCCTTA	normal	NA
BT1307_CCACCTATCTTACCGC	normal	NA
BT1307_CCACGGAAGGGCTTGA	normal	NA
BT1307_CCACGGACAGTAAGAT	normal	NA
BT1307_CCACGGAGTAATCACC	normal	NA
BT1307_CCACGGAGTGAGGGAG	normal	NA
BT1307_CCACGGAGTGTGCCTG	normal	NA
BT1307_CCACGGAGTTCCACGG	normal	NA
BT1307_CCACGGATCACCACCT	normal	NA
BT1307_CCACGGATCAGTCCCT	normal	NA
BT1307_CCACTACAGTCCAGGA	tumor	NA
BT1307_CCACTACAGTTGCAGG	normal	NA
BT1307_CCACTACCATACCATG	normal	NA
BT1307_CCACTACGTAATAGCA	normal	NA
BT1307_CCACTACGTATGGTTC	normal	NA
BT1307_CCACTACGTGTCAATC	normal	NA
BT1307_CCACTACTCCTTCAAT	tumor	NA
BT1307_CCAGCGAAGACAGGCT	normal	NA
BT1307_CCAGCGAAGAGGTTAT	normal	NA
BT1307_CCAGCGAAGTTTGCGT	normal	NA
BT1307_CCAGCGACAAGGCTCC	normal	NA
BT1307_CCAGCGACACTCTGTC	normal	NA
BT1307_CCAGCGATCACATGCA	normal	NA
BT1307_CCAGCGATCCGAAGAG	normal	NA
BT1307_CCAGCGATCTGTGCAA	normal	NA
BT1307_CCATGTCAGATGTGGC	normal	NA
BT1307_CCATGTCAGGCCCGTT	normal	NA
BT1307_CCATGTCAGGGCACTA	tumor	NA
BT1307_CCATGTCCAGGGATTG	normal	NA
BT1307_CCATGTCCATCCTTGC	normal	NA
BT1307_CCATGTCGTCGCCATG	normal	NA
BT1307_CCATGTCGTTAAGACA	normal	NA
BT1307_CCATGTCTCGTAGATC	normal	NA
BT1307_CCATGTCTCTCTTATG	tumor	NA
BT1307_CCATTCGCAGCTTAAC	normal	NA
BT1307_CCATTCGTCAGTTAGC	normal	NA
BT1307_CCATTCGTCTAACCGA	normal	NA
BT1307_CCCAATCAGACACTAA	normal	NA
BT1307_CCCAATCCACTCTGTC	normal	NA
BT1307_CCCAATCGTCTTCAAG	normal	NA
BT1307_CCCAATCGTGTGAAAT	normal	NA
BT1307_CCCAATCGTTCGTCTC	normal	NA
BT1307_CCCAATCTCCAAATGC	normal	NA
BT1307_CCCAATCTCGTGACAT	normal	NA
BT1307_CCCAGTTAGATCCCAT	normal	NA
BT1307_CCCAGTTAGATGTGGC	tumor	NA
BT1307_CCCAGTTCAAGAAAGG	normal	NA
BT1307_CCCAGTTCACCGGAAA	normal	NA
BT1307_CCCAGTTCACTACAGT	normal	NA
BT1307_CCCAGTTCACTCTGTC	normal	NA
BT1307_CCCAGTTGTACAGTGG	normal	NA
BT1307_CCCAGTTGTAGCGCTC	normal	NA
BT1307_CCCAGTTGTATTAGCC	normal	NA
BT1307_CCCAGTTTCAAACAAG	normal	NA
BT1307_CCCAGTTTCATACGGT	normal	NA
BT1307_CCCATACAGGTGACCA	normal	NA
BT1307_CCCATACAGGTGTTAA	normal	NA
BT1307_CCCATACCAGGACGTA	normal	NA
BT1307_CCCATACCATTTCAGG	normal	NA
BT1307_CCCATACGTGAAGGCT	normal	NA
BT1307_CCCATACGTTAAGACA	normal	yes
BT1307_CCCATACTCTGCTGCT	tumor	NA
BT1307_CCCTCCTAGAAACCAT	normal	NA
BT1307_CCCTCCTAGCTCCCAG	normal	NA
BT1307_CCCTCCTCAGGAACGT	normal	NA
BT1307_CCCTCCTCATGAAGTA	normal	NA
BT1307_CCCTCCTGTCAACTGT	normal	NA
BT1307_CCCTCCTTCACCGGGT	normal	NA
BT1307_CCCTCCTTCCAAGCCG	normal	NA
BT1307_CCCTCCTTCTGCTGTC	tumor	NA
BT1307_CCGGGATAGAGGTTGC	normal	NA
BT1307_CCGGGATAGGGTTCCC	tumor	NA
BT1307_CCGGGATCACCCAGTG	normal	NA
BT1307_CCGGGATCATTGGCGC	tumor	NA
BT1307_CCGGGATGTCATGCCG	normal	NA
BT1307_CCGGGATTCACCACCT	normal	NA
BT1307_CCGGGATTCGTACGGC	normal	NA
BT1307_CCGGTAGAGAAACCAT	tumor	NA
BT1307_CCGGTAGAGAGGGCTT	normal	NA
BT1307_CCGGTAGAGGAATGGA	normal	NA
BT1307_CCGGTAGGTACGACCC	normal	NA
BT1307_CCGGTAGGTTGGTAAA	normal	NA
BT1307_CCGGTAGTCACTTCAT	normal	NA
BT1307_CCGTACTAGATCTGCT	normal	NA
BT1307_CCGTACTAGTTAAGTG	normal	NA
BT1307_CCGTACTCACAGAGGT	normal	NA
BT1307_CCGTACTGTGAGCGAT	normal	NA
BT1307_CCGTACTTCGGAGGTA	normal	NA
BT1307_CCGTACTTCTGCGGCA	normal	NA
BT1307_CCGTACTTCTTAGAGC	normal	NA
BT1307_CCGTGGAAGAGGGATA	normal	NA
BT1307_CCGTGGACAATGGACG	normal	NA
BT1307_CCGTGGACACGGTAAG	normal	NA
BT1307_CCGTGGATCAAACGGG	normal	NA
BT1307_CCGTGGATCCGCTGTT	normal	NA
BT1307_CCGTGGATCCTCATTA	normal	NA
BT1307_CCGTTCAAGTGGAGAA	normal	NA
BT1307_CCGTTCACACCAGGTC	normal	NA
BT1307_CCGTTCACAGTAAGAT	normal	NA
BT1307_CCGTTCAGTCAAGCGA	normal	NA
BT1307_CCGTTCATCGGGAGTA	normal	NA
BT1307_CCTAAAGAGGAATCGC	normal	NA
BT1307_CCTAAAGCACCGTTGG	normal	NA
BT1307_CCTAAAGCATCGATGT	tumor	NA
BT1307_CCTAAAGGTCTCCCTA	normal	NA
BT1307_CCTAAAGGTTAGTGGG	normal	NA
BT1307_CCTAAAGGTTATGTGC	normal	NA
BT1307_CCTACACAGAAAGTGG	normal	NA
BT1307_CCTACACAGGAGTTGC	normal	NA
BT1307_CCTACACTCAGTGCAT	normal	NA
BT1307_CCTACACTCTTCGAGA	normal	NA
BT1307_CCTACCAAGAATCTCC	normal	NA
BT1307_CCTACCAAGCTAGTGG	normal	NA
BT1307_CCTACCAAGTGTTAGA	normal	yes
BT1307_CCTACCAGTAAAGTCA	normal	NA
BT1307_CCTACCAGTACCGTTA	normal	NA
BT1307_CCTACCAGTTGATTCG	normal	NA
BT1307_CCTACCATCACAATGC	normal	NA
BT1307_CCTACCATCTATCCCG	normal	NA
BT1307_CCTAGCTAGAGACGAA	normal	NA
BT1307_CCTAGCTAGAGTCTGG	tumor	NA
BT1307_CCTAGCTAGCGCTTAT	normal	NA
BT1307_CCTAGCTAGCTCAACT	normal	NA
BT1307_CCTAGCTCAACCGCCA	normal	NA
BT1307_CCTAGCTCACAGCCCA	normal	NA
BT1307_CCTAGCTCAGGATTGG	normal	NA
BT1307_CCTAGCTCAGGTCGTC	tumor	NA
BT1307_CCTAGCTGTAAGAGGA	normal	NA
BT1307_CCTAGCTGTATAGGTA	tumor	NA
BT1307_CCTAGCTTCACAAACC	tumor	NA
BT1307_CCTAGCTTCGATAGAA	normal	NA
BT1307_CCTATTAAGATCCCAT	normal	NA
BT1307_CCTATTAAGCACACAG	normal	NA
BT1307_CCTATTAAGTACGTTC	normal	NA
BT1307_CCTATTAGTCATGCAT	tumor	NA
BT1307_CCTATTAGTCCAGTTA	normal	NA
BT1307_CCTATTAGTCTCCACT	tumor	NA
BT1307_CCTATTAGTTGGTAAA	normal	NA
BT1307_CCTATTATCTTGCATT	normal	NA
BT1307_CCTCAGTAGACACTAA	normal	NA
BT1307_CCTCAGTAGCGAAGGG	normal	NA
BT1307_CCTCAGTAGTTCGCGC	normal	NA
BT1307_CCTCAGTCACAGTCGC	normal	NA
BT1307_CCTCAGTCATATACGC	normal	NA
BT1307_CCTCAGTGTCAGATAA	normal	NA
BT1307_CCTCAGTTCAAACCGT	tumor	NA
BT1307_CCTCAGTTCTTCAACT	normal	NA
BT1307_CCTCTGACAAGTTAAG	normal	NA
BT1307_CCTCTGACAATCGAAA	normal	NA
BT1307_CCTCTGACATTGTGCA	normal	NA
BT1307_CCTCTGAGTCCTCTTG	normal	NA
BT1307_CCTCTGAGTCGAAAGC	normal	NA
BT1307_CCTCTGATCATTCACT	normal	NA
BT1307_CCTCTGATCTAAGCCA	normal	NA
BT1307_CCTTACGAGCCAGTTT	normal	NA
BT1307_CCTTACGAGCCTTGAT	normal	NA
BT1307_CCTTACGCAAACTGTC	normal	NA
BT1307_CCTTACGCAGGCAGTA	normal	NA
BT1307_CCTTACGGTGGTACAG	normal	NA
BT1307_CCTTACGGTGTCAATC	normal	NA
BT1307_CCTTACGGTTATCACG	normal	NA
BT1307_CCTTACGGTTTCGCTC	normal	NA
BT1307_CCTTACGTCCATGCTC	normal	NA
BT1307_CCTTACGTCGCCGTGA	normal	NA
BT1307_CCTTACGTCTCTAGGA	normal	NA
BT1307_CCTTCCCAGCGTGAAC	normal	NA
BT1307_CCTTCCCAGGTACTCT	normal	NA
BT1307_CCTTCCCAGGTGCACA	normal	NA
BT1307_CCTTCCCCATGGGAAC	normal	NA
BT1307_CCTTCCCGTAATCACC	normal	NA
BT1307_CCTTCCCGTCTCCCTA	normal	NA
BT1307_CCTTCCCGTGCACTTA	normal	NA
BT1307_CCTTCCCTCAGTACGT	normal	NA
BT1307_CCTTCCCTCCGCATAA	normal	NA
BT1307_CCTTCCCTCTACTCAT	normal	NA
BT1307_CCTTCCCTCTGCGACG	tumor	NA
BT1307_CCTTCGAAGGTGATTA	normal	NA
BT1307_CCTTCGACAATGTTGC	normal	NA
BT1307_CCTTCGACAGCGTTCG	normal	NA
BT1307_CCTTCGACAGCTGGCT	tumor	NA
BT1307_CCTTCGATCATCGGAT	normal	NA
BT1307_CCTTCGATCTGCTGTC	normal	NA
BT1307_CCTTTCTAGACAAAGG	normal	NA
BT1307_CCTTTCTAGCTCAACT	normal	NA
BT1307_CCTTTCTAGGCAGGTT	normal	NA
BT1307_CCTTTCTAGGCATGTG	tumor	NA
BT1307_CCTTTCTAGTGAAGTT	tumor	NA
BT1307_CCTTTCTCAAACCCAT	normal	NA
BT1307_CCTTTCTCACAGAGGT	normal	NA
BT1307_CCTTTCTCACATTTCT	normal	NA
BT1307_CCTTTCTCACGAGGTA	normal	NA
BT1307_CCTTTCTGTCTAGTGT	normal	NA
BT1307_CCTTTCTTCGATAGAA	normal	NA
BT1307_CCTTTCTTCTCCTATA	normal	NA
BT1307_CCTTTCTTCTCGAGTA	normal	NA
BT1307_CCTTTCTTCTGCTGTC	normal	NA
BT1307_CGAACATAGTAGGTGC	normal	NA
BT1307_CGAACATCACCTATCC	normal	NA
BT1307_CGAACATGTCCTGCTT	normal	NA
BT1307_CGAACATTCGCGATCG	normal	NA
BT1307_CGAACATTCGTGACAT	normal	NA
BT1307_CGAATGTAGCAGGCTA	normal	NA
BT1307_CGAATGTAGCGACGTA	normal	NA
BT1307_CGAATGTAGTCATGCT	normal	NA
BT1307_CGAATGTCAAATACAG	normal	NA
BT1307_CGAATGTCAAGGACTG	normal	NA
BT1307_CGAATGTCACAGCCCA	normal	NA
BT1307_CGAATGTCACCATGTA	normal	NA
BT1307_CGAATGTCAGTCAGAG	normal	NA
BT1307_CGAATGTCATCGGTTA	tumor	NA
BT1307_CGAATGTTCAACACAC	normal	NA
BT1307_CGAATGTTCATTATCC	normal	NA
BT1307_CGAATGTTCCAGGGCT	normal	NA
BT1307_CGACCTTGTCCAAGTT	normal	NA
BT1307_CGACCTTGTGGTCTCG	normal	NA
BT1307_CGACCTTGTTCAACCA	normal	NA
BT1307_CGACCTTGTTGTACAC	normal	NA
BT1307_CGACCTTTCATTGCCC	tumor	NA
BT1307_CGACCTTTCCCGGATG	normal	NA
BT1307_CGACCTTTCGTTGCCT	normal	NA
BT1307_CGACTTCAGATGGCGT	normal	NA
BT1307_CGACTTCAGCAACGGT	normal	NA
BT1307_CGACTTCAGTTGAGAT	normal	NA
BT1307_CGACTTCCAGCCAATT	normal	NA
BT1307_CGACTTCCATCATCCC	normal	NA
BT1307_CGACTTCGTAATAGCA	normal	NA
BT1307_CGACTTCTCACCCGAG	normal	NA
BT1307_CGACTTCTCCTCAACC	normal	NA
BT1307_CGACTTCTCGTAGGAG	normal	NA
BT1307_CGACTTCTCTGACCTC	normal	NA
BT1307_CGAGAAGAGGGTGTGT	normal	NA
BT1307_CGAGAAGAGGTTACCT	normal	NA
BT1307_CGAGAAGAGTCCCACG	normal	NA
BT1307_CGAGAAGCATATACGC	normal	NA
BT1307_CGAGAAGGTACATGTC	normal	NA
BT1307_CGAGAAGGTACGAAAT	normal	NA
BT1307_CGAGAAGGTGGTGTAG	normal	NA
BT1307_CGAGAAGTCAACTCTT	normal	NA
BT1307_CGAGAAGTCACAAACC	normal	NA
BT1307_CGAGAAGTCCCTAATT	normal	NA
BT1307_CGAGCACAGCCCAGCT	normal	NA
BT1307_CGAGCACAGCTTCGCG	normal	NA
BT1307_CGAGCACCAAGCCCAC	tumor	NA
BT1307_CGAGCACCAAGCGATG	normal	NA
BT1307_CGAGCACCAGCGAACA	normal	NA
BT1307_CGAGCACGTAAGTTCC	normal	NA
BT1307_CGAGCACGTCATATGC	normal	NA
BT1307_CGAGCACGTGCACTTA	normal	NA
BT1307_CGAGCCAAGGGATGGG	tumor	NA
BT1307_CGAGCCAAGTGTCCCG	normal	NA
BT1307_CGAGCCACACCCATTC	normal	NA
BT1307_CGAGCCACAGATGAGC	normal	NA
BT1307_CGAGCCACATGTCTCC	tumor	NA
BT1307_CGAGCCAGTATCGCAT	normal	NA
BT1307_CGAGCCAGTATTCGTG	normal	NA
BT1307_CGAGCCATCATGTCCC	normal	NA
BT1307_CGAGCCATCCAGAGGA	normal	NA
BT1307_CGATCGGAGAGACGAA	normal	NA
BT1307_CGATCGGAGATGTGGC	normal	NA
BT1307_CGATCGGGTTAAGGGC	normal	NA
BT1307_CGATCGGTCGTTACAG	normal	NA
BT1307_CGATGGCAGACGACGT	normal	NA
BT1307_CGATGGCAGAGTCTGG	normal	NA
BT1307_CGATGGCAGTGCAAGC	tumor	NA
BT1307_CGATGGCCAATAGAGT	normal	NA
BT1307_CGATGGCCATATGAGA	normal	NA
BT1307_CGATGGCGTATCGCAT	normal	NA
BT1307_CGATGGCGTGTTGGGA	normal	NA
BT1307_CGATGTAAGAGACTTA	tumor	NA
BT1307_CGATGTAAGCTAAGAT	normal	NA
BT1307_CGATGTAAGGTGCAAC	normal	NA
BT1307_CGATGTACACATTAGC	normal	NA
BT1307_CGATGTACACTCTGTC	normal	NA
BT1307_CGATGTAGTCTTCAAG	normal	NA
BT1307_CGATGTATCAGCATGT	normal	NA
BT1307_CGATGTATCGTTACGA	normal	NA
BT1307_CGATGTATCTCGATGA	normal	NA
BT1307_CGATTGAAGGTCGGAT	normal	NA
BT1307_CGATTGAAGTAACCCT	normal	NA
BT1307_CGATTGAGTCACCTAA	normal	NA
BT1307_CGATTGAGTCCTGCTT	normal	NA
BT1307_CGATTGATCAAAGACA	normal	NA
BT1307_CGCCAAGCAAGACACG	normal	NA
BT1307_CGCCAAGCAGGCTCAC	normal	NA
BT1307_CGCCAAGCAGTTTACG	normal	NA
BT1307_CGCCAAGCATGTCCTC	normal	NA
BT1307_CGCCAAGGTCTAACGT	normal	NA
BT1307_CGCCAAGGTTATGCGT	normal	NA
BT1307_CGCCAAGTCGTTGCCT	normal	NA
BT1307_CGCGGTACACCACCAG	tumor	NA
BT1307_CGCGGTACAGACACTT	normal	NA
BT1307_CGCGGTAGTTCAGGCC	normal	NA
BT1307_CGCGGTAGTTGATTGC	normal	NA
BT1307_CGCGGTATCATCTGTT	normal	NA
BT1307_CGCGGTATCTGTCTAT	normal	yes
BT1307_CGCGTTTAGGGCTCTC	normal	NA
BT1307_CGCGTTTAGTATTGGA	normal	NA
BT1307_CGCGTTTAGTGGGTTG	normal	NA
BT1307_CGCGTTTCAAATTGCC	normal	NA
BT1307_CGCGTTTCACATCTTT	normal	NA
BT1307_CGCGTTTCATCCTAGA	normal	NA
BT1307_CGCGTTTTCAGCTCGG	normal	NA
BT1307_CGCGTTTTCTACCAGA	normal	NA
BT1307_CGCTATCAGAGCTGCA	normal	NA
BT1307_CGCTATCAGCAATATG	normal	NA
BT1307_CGCTATCAGCTAACTC	normal	NA
BT1307_CGCTATCCAAGACGTG	normal	NA
BT1307_CGCTATCCATCATCCC	normal	NA
BT1307_CGCTATCGTAGAAAGG	normal	NA
BT1307_CGCTATCTCGTCTGCT	tumor	NA
BT1307_CGCTGGAAGACAATAC	normal	NA
BT1307_CGCTGGAAGAGTGACC	normal	NA
BT1307_CGCTGGAAGATCGGGT	tumor	NA
BT1307_CGCTGGAAGTCGATAA	tumor	NA
BT1307_CGCTGGAAGTGTCCAT	normal	NA
BT1307_CGCTGGAAGTTAAGTG	normal	NA
BT1307_CGCTGGACAACTGGCC	normal	NA
BT1307_CGCTGGACATAGAAAC	normal	NA
BT1307_CGCTGGAGTCGAGATG	normal	NA
BT1307_CGCTGGATCAACACTG	normal	NA
BT1307_CGCTGGATCGGCATCG	normal	NA
BT1307_CGCTTCAAGACTAGGC	normal	NA
BT1307_CGCTTCAAGATGAGAG	normal	NA
BT1307_CGCTTCAAGCCATCGC	normal	NA
BT1307_CGCTTCAAGCGTGTCC	normal	NA
BT1307_CGCTTCAAGTGCTGCC	normal	NA
BT1307_CGCTTCAGTAAGGGAA	normal	NA
BT1307_CGCTTCATCATTGCGA	normal	NA
BT1307_CGCTTCATCCGTAGTA	normal	NA
BT1307_CGCTTCATCCTAGGGC	normal	NA
BT1307_CGGACACAGGGATGGG	normal	NA
BT1307_CGGACACCACATTCGA	normal	NA
BT1307_CGGACACCATAACCTG	tumor	NA
BT1307_CGGACACCATCACGAT	normal	NA
BT1307_CGGACACTCAAGGCTT	normal	NA
BT1307_CGGACACTCGGAGCAA	normal	NA
BT1307_CGGACACTCTGTTTGT	normal	NA
BT1307_CGGACGTAGATTACCC	normal	NA
BT1307_CGGACGTCAAGGTTCT	normal	NA
BT1307_CGGACGTCACGCTTTC	normal	NA
BT1307_CGGACGTTCGTGACAT	normal	NA
BT1307_CGGACGTTCTCGGACG	normal	NA
BT1307_CGGACTGAGAGCTATA	normal	NA
BT1307_CGGACTGAGTGTTTGC	normal	NA
BT1307_CGGACTGAGTTCGATC	normal	NA
BT1307_CGGACTGCAGCCTATA	normal	NA
BT1307_CGGACTGGTACCCAAT	normal	NA
BT1307_CGGACTGGTCCTGCTT	normal	NA
BT1307_CGGACTGTCCTAGAAC	normal	NA
BT1307_CGGAGCTAGGCTCAGA	tumor	NA
BT1307_CGGAGCTCAGATGGGT	normal	NA
BT1307_CGGAGCTGTCGTCTTC	normal	NA
BT1307_CGGAGCTGTTGTACAC	normal	NA
BT1307_CGGAGCTTCCACTGGG	normal	NA
BT1307_CGGAGCTTCTATCCTA	normal	NA
BT1307_CGGAGTCAGACGCACA	normal	NA
BT1307_CGGAGTCAGTAGCCGA	normal	NA
BT1307_CGGAGTCCAGCTGGCT	normal	NA
BT1307_CGGAGTCCAGTCCTTC	normal	NA
BT1307_CGGAGTCGTCACTGGC	normal	NA
BT1307_CGGAGTCGTGTGCCTG	normal	NA
BT1307_CGGCTAGAGAAACCTA	normal	NA
BT1307_CGGCTAGAGAATTCCC	normal	NA
BT1307_CGGCTAGAGGCAAAGA	normal	NA
BT1307_CGGCTAGCATTGTGCA	normal	NA
BT1307_CGGCTAGGTTGGTGGA	normal	NA
BT1307_CGGCTAGTCGTCGTTC	normal	NA
BT1307_CGGGTCAAGCGTCTAT	normal	NA
BT1307_CGGGTCACACCACCAG	normal	NA
BT1307_CGGGTCACAGCTGTTA	normal	NA
BT1307_CGGGTCAGTCAGAGGT	tumor	NA
BT1307_CGGGTCAGTCTTCGTC	normal	yes
BT1307_CGGGTCATCAACGGCC	normal	NA
BT1307_CGGGTCATCCTCTAGC	normal	NA
BT1307_CGGTTAACACATGACT	normal	NA
BT1307_CGGTTAACACGCATCG	normal	NA
BT1307_CGGTTAACACGGTAAG	normal	NA
BT1307_CGGTTAACACTCTGTC	normal	NA
BT1307_CGGTTAAGTAAATGTG	normal	NA
BT1307_CGGTTAAGTCAGAAGC	normal	NA
BT1307_CGGTTAAGTCTAGCGC	tumor	NA
BT1307_CGGTTAAGTGTTCGAT	normal	NA
BT1307_CGGTTAATCACTCTTA	normal	NA
BT1307_CGTAGCGCACGCTTTC	normal	NA
BT1307_CGTAGCGCATTCTCAT	normal	NA
BT1307_CGTAGCGGTAACGTTC	normal	NA
BT1307_CGTAGCGGTCAACATC	normal	NA
BT1307_CGTAGCGTCCGCAGTG	normal	NA
BT1307_CGTAGGCAGGCTCTTA	tumor	NA
BT1307_CGTAGGCAGTAAGTAC	normal	NA
BT1307_CGTAGGCCAAATACAG	normal	NA
BT1307_CGTAGGCCAAATCCGT	tumor	NA
BT1307_CGTAGGCCATAGACTC	tumor	NA
BT1307_CGTAGGCCATGCCCGA	normal	NA
BT1307_CGTAGGCGTGCTGTAT	normal	NA
BT1307_CGTCACTAGAATTGTG	normal	NA
BT1307_CGTCACTAGAGTCTGG	normal	NA
BT1307_CGTCACTAGCTCCTTC	normal	NA
BT1307_CGTCACTCAGCTTAAC	normal	NA
BT1307_CGTCACTCATCCGTGG	tumor	NA
BT1307_CGTCACTCATGGTAGG	normal	NA
BT1307_CGTCACTGTTCTGTTT	normal	NA
BT1307_CGTCACTTCATGCATG	normal	NA
BT1307_CGTCACTTCCAGATCA	normal	NA
BT1307_CGTCACTTCGGCTTGG	normal	NA
BT1307_CGTCACTTCTTGGGTA	normal	NA
BT1307_CGTCAGGAGAATCTCC	normal	NA
BT1307_CGTCAGGAGAGTTGGC	normal	NA
BT1307_CGTCAGGAGTGTTGAA	normal	NA
BT1307_CGTCAGGGTCAATGTC	normal	NA
BT1307_CGTCAGGGTCTGGAGA	normal	NA
BT1307_CGTCAGGGTGCAGACA	normal	NA
BT1307_CGTCAGGTCCGCTGTT	normal	NA
BT1307_CGTCAGGTCTGAGGGA	normal	NA
BT1307_CGTCCATAGAGCTGCA	normal	NA
BT1307_CGTCCATAGCGTTGCC	normal	NA
BT1307_CGTCCATAGTGGGCTA	normal	NA
BT1307_CGTCCATGTAGCTTGT	normal	NA
BT1307_CGTCCATGTTCCATGA	normal	NA
BT1307_CGTCCATTCCACTGGG	normal	NA
BT1307_CGTCCATTCTAACGGT	normal	NA
BT1307_CGTCTACAGACGCACA	normal	NA
BT1307_CGTCTACGTAGCGCTC	tumor	NA
BT1307_CGTCTACGTGTTTGTG	normal	NA
BT1307_CGTCTACGTTCCACTC	normal	NA
BT1307_CGTCTACTCCCTGACT	normal	NA
BT1307_CGTCTACTCTGTACGA	normal	NA
BT1307_CGTGAGCAGAATGTGT	normal	NA
BT1307_CGTGAGCAGATGCCAG	normal	NA
BT1307_CGTGAGCAGTACACCT	normal	NA
BT1307_CGTGAGCAGTTAACGA	normal	NA
BT1307_CGTGAGCGTCTAGTCA	normal	NA
BT1307_CGTGAGCGTGCAACGA	normal	NA
BT1307_CGTGAGCGTTATCACG	normal	NA
BT1307_CGTGAGCGTTGTACAC	normal	NA
BT1307_CGTGAGCTCAAGGTAA	normal	NA
BT1307_CGTGAGCTCCTTGCCA	normal	NA
BT1307_CGTGTAAAGCCAGGAT	tumor	NA
BT1307_CGTGTAACAACCGCCA	normal	NA
BT1307_CGTGTAACACAACTGT	normal	NA
BT1307_CGTGTAACACCGGAAA	normal	NA
BT1307_CGTGTAACACGGCTAC	normal	NA
BT1307_CGTGTAACACTTAAGC	normal	NA
BT1307_CGTGTAACAGCGATCC	normal	NA
BT1307_CGTGTAACAGCGTAAG	normal	NA
BT1307_CGTGTAACAGGGTTAG	normal	NA
BT1307_CGTGTAACATAACCTG	normal	NA
BT1307_CGTGTCTAGCTGAACG	normal	NA
BT1307_CGTGTCTCACGGCTAC	normal	NA
BT1307_CGTGTCTGTGCGCTTG	normal	NA
BT1307_CGTGTCTGTGTCGCTG	normal	NA
BT1307_CGTTAGAAGATATACG	normal	NA
BT1307_CGTTAGAGTCGATTGT	normal	NA
BT1307_CGTTAGAGTTGCGCAC	normal	NA
BT1307_CGTTAGATCATACGGT	normal	NA
BT1307_CGTTAGATCGTTTGCC	normal	NA
BT1307_CGTTCTGAGCATCATC	normal	NA
BT1307_CGTTCTGAGTGTACTC	normal	NA
BT1307_CGTTCTGCAGATTGCT	normal	NA
BT1307_CGTTCTGCATATACGC	normal	NA
BT1307_CGTTCTGCATCCAACA	normal	NA
BT1307_CGTTCTGGTACCGTAT	normal	NA
BT1307_CGTTCTGGTAGCAAAT	normal	NA
BT1307_CGTTGGGAGAGCCCAA	normal	NA
BT1307_CGTTGGGAGGGCTTCC	normal	NA
BT1307_CGTTGGGAGTGTCCAT	tumor	NA
BT1307_CGTTGGGCACTGTGTA	normal	NA
BT1307_CGTTGGGCATCTCCCA	normal	NA
BT1307_CGTTGGGGTTGTGGCC	normal	NA
BT1307_CGTTGGGTCGAATGCT	tumor	NA
BT1307_CTAACTTAGATCCTGT	normal	NA
BT1307_CTAACTTAGCCCTAAT	normal	NA
BT1307_CTAACTTAGTGTTAGA	normal	NA
BT1307_CTAACTTCAAAGGTGC	normal	NA
BT1307_CTAACTTCAATCTGCA	normal	NA
BT1307_CTAACTTCATATGGTC	tumor	NA
BT1307_CTAACTTGTATTCGTG	normal	NA
BT1307_CTAACTTGTCAGAAGC	normal	NA
BT1307_CTAACTTGTGAAATCA	normal	NA
BT1307_CTAACTTTCCTTTCGG	normal	NA
BT1307_CTAAGACAGTCCATAC	normal	NA
BT1307_CTAAGACAGTGTTGAA	tumor	NA
BT1307_CTAAGACCAATCCAAC	normal	NA
BT1307_CTAAGACCACTTAACG	normal	NA
BT1307_CTAAGACCAGTCAGCC	normal	NA
BT1307_CTAAGACGTATAGTAG	normal	NA
BT1307_CTAAGACTCCACGTTC	normal	NA
BT1307_CTAAGACTCTGCTGCT	normal	NA
BT1307_CTAATGGAGATATGCA	tumor	NA
BT1307_CTAATGGAGCTCCCAG	normal	NA
BT1307_CTAATGGCAAGCTGAG	normal	NA
BT1307_CTAATGGCAATCGAAA	normal	NA
BT1307_CTAATGGCAATGTTGC	normal	NA
BT1307_CTAATGGGTCAAGCGA	normal	NA
BT1307_CTAATGGGTCTGCAAT	normal	NA
BT1307_CTAATGGGTGGTAACG	normal	NA
BT1307_CTAATGGGTTGAGGTG	normal	NA
BT1307_CTAATGGTCTCAAACG	normal	NA
BT1307_CTACACCAGAAGGGTA	normal	NA
BT1307_CTACACCAGTTTGCGT	normal	NA
BT1307_CTACACCCAAATTGCC	normal	NA
BT1307_CTACACCCACCTCGTT	normal	NA
BT1307_CTACACCGTATAATGG	normal	NA
BT1307_CTACACCGTGCACTTA	normal	NA
BT1307_CTACACCGTTGTCTTT	normal	NA
BT1307_CTACATTAGAATTCCC	normal	NA
BT1307_CTACATTCAATGACCT	normal	NA
BT1307_CTACATTCATCGGGTC	normal	NA
BT1307_CTACATTGTAGGCATG	normal	NA
BT1307_CTACATTGTAGTACCT	tumor	NA
BT1307_CTACATTGTCAAAGAT	normal	NA
BT1307_CTACATTGTCAAGCGA	normal	NA
BT1307_CTACATTGTCCTAGCG	normal	NA
BT1307_CTACCCAAGGGTCTCC	normal	NA
BT1307_CTACCCAAGTTGTCGT	normal	NA
BT1307_CTACCCACAATGGAAT	normal	NA
BT1307_CTACCCACAATGGTCT	normal	NA
BT1307_CTACCCACAGCTCCGA	normal	NA
BT1307_CTACCCAGTACAGTTC	tumor	NA
BT1307_CTACCCAGTACCTACA	normal	NA
BT1307_CTACCCAGTTAAAGTG	normal	NA
BT1307_CTACGTCAGAACTGTA	normal	NA
BT1307_CTACGTCCATCGTCGG	normal	NA
BT1307_CTACGTCTCATCATTC	normal	NA
BT1307_CTAGAGTAGACGCAAC	normal	NA
BT1307_CTAGAGTAGTGAATTG	normal	NA
BT1307_CTAGAGTCACCATGTA	normal	NA
BT1307_CTAGAGTCAGCTGTAT	tumor	NA
BT1307_CTAGAGTGTACATGTC	normal	NA
BT1307_CTAGAGTGTGTAACGG	normal	NA
BT1307_CTAGAGTGTTATGTGC	normal	NA
BT1307_CTAGCCTAGAAACGAG	normal	NA
BT1307_CTAGCCTAGGCTAGGT	normal	NA
BT1307_CTAGCCTCACCCAGTG	normal	NA
BT1307_CTAGCCTCATGATCCA	normal	NA
BT1307_CTAGCCTGTGTTCTTT	normal	NA
BT1307_CTAGTGAAGGGTTTCT	normal	NA
BT1307_CTAGTGAAGTGGTAAT	tumor	NA
BT1307_CTAGTGACAAAGAATC	tumor	NA
BT1307_CTAGTGACACTAGTAC	normal	NA
BT1307_CTAGTGAGTATAATGG	normal	NA
BT1307_CTAGTGAGTCTCATCC	normal	NA
BT1307_CTAGTGAGTCTCTCTG	tumor	NA
BT1307_CTAGTGAGTTCTGTTT	normal	NA
BT1307_CTAGTGATCACGACTA	normal	NA
BT1307_CTAGTGATCAGTTAGC	normal	NA
BT1307_CTAGTGATCCAGGGCT	normal	NA
BT1307_CTAGTGATCGGATGTT	normal	NA
BT1307_CTCACACAGCGCCTTG	normal	NA
BT1307_CTCACACAGGGAACGG	normal	NA
BT1307_CTCACACCAGGTGCCT	normal	NA
BT1307_CTCACACCATCCGTGG	normal	yes
BT1307_CTCACACCATCGGAAG	normal	NA
BT1307_CTCACACCATGCATGT	normal	NA
BT1307_CTCACACGTTTCCACC	normal	NA
BT1307_CTCACACTCTCGGACG	normal	NA
BT1307_CTCAGAACAAGAAAGG	normal	NA
BT1307_CTCAGAACAGACGCTC	normal	NA
BT1307_CTCAGAAGTATTAGCC	normal	NA
BT1307_CTCAGAAGTCTGGTCG	normal	NA
BT1307_CTCAGAAGTGTTAAGA	tumor	NA
BT1307_CTCAGAATCCTCAACC	normal	NA
BT1307_CTCAGAATCCTTGGTC	normal	NA
BT1307_CTCAGAATCGTAGGTT	normal	NA
BT1307_CTCATTAAGTACGCCC	normal	NA
BT1307_CTCATTAAGTGAACGC	normal	NA
BT1307_CTCATTACAAACCCAT	normal	NA
BT1307_CTCATTACATATACCG	normal	NA
BT1307_CTCATTAGTTAAGTAG	normal	NA
BT1307_CTCATTAGTTCGTCTC	normal	NA
BT1307_CTCATTAGTTGCGCAC	normal	NA
BT1307_CTCATTATCTGTACGA	normal	NA
BT1307_CTCATTATCTTGCCGT	normal	NA
BT1307_CTCATTATCTTTAGTC	tumor	NA
BT1307_CTCCTAGAGACTTGAA	tumor	NA
BT1307_CTCCTAGCACACGCTG	tumor	NA
BT1307_CTCCTAGCACCATGTA	normal	NA
BT1307_CTCCTAGCACCCATGG	normal	NA
BT1307_CTCCTAGGTACCGGCT	normal	NA
BT1307_CTCCTAGGTCTAGCCG	normal	NA
BT1307_CTCCTAGGTCTCTTTA	normal	NA
BT1307_CTCGAAAAGATCTGAA	normal	NA
BT1307_CTCGAAAAGGTTACCT	tumor	NA
BT1307_CTCGAAACAGGAATCG	normal	NA
BT1307_CTCGAAATCAGCATGT	normal	NA
BT1307_CTCGAGGCAACCGCCA	normal	NA
BT1307_CTCGAGGGTACCGAGA	normal	NA
BT1307_CTCGAGGGTTACGCGC	normal	NA
BT1307_CTCGAGGTCAAAGTAG	normal	NA
BT1307_CTCGAGGTCAAGGCTT	normal	NA
BT1307_CTCGGAGAGCTAACAA	normal	NA
BT1307_CTCGGAGCACAGGTTT	normal	NA
BT1307_CTCGGAGGTCGCATCG	normal	NA
BT1307_CTCGGGAAGACAATAC	normal	NA
BT1307_CTCGGGAAGTACGATA	tumor	NA
BT1307_CTCGGGAAGTAGCCGA	normal	NA
BT1307_CTCGGGACACATGACT	normal	NA
BT1307_CTCGGGACATTATCTC	normal	NA
BT1307_CTCGGGAGTCATGCAT	normal	NA
BT1307_CTCGGGATCAACACTG	normal	NA
BT1307_CTCGTACAGCGCCTTG	normal	NA
BT1307_CTCGTACAGCGCTTAT	normal	NA
BT1307_CTCGTACAGTTGCAGG	tumor	NA
BT1307_CTCGTACGTTAGATGA	tumor	NA
BT1307_CTCGTACTCAACGGCC	normal	NA
BT1307_CTCGTACTCAAGAAGT	normal	NA
BT1307_CTCGTACTCGGAATCT	tumor	NA
BT1307_CTCGTCAAGTGAATTG	normal	NA
BT1307_CTCGTCAAGTGATCGG	normal	NA
BT1307_CTCGTCACAAGCTGGA	normal	NA
BT1307_CTCGTCACAGACGCAA	normal	NA
BT1307_CTCGTCACAGTGAGTG	normal	NA
BT1307_CTCGTCAGTGCGCTTG	normal	NA
BT1307_CTCGTCATCACGAAGG	normal	NA
BT1307_CTCGTCATCCAGATCA	normal	NA
BT1307_CTCGTCATCCGAACGC	normal	NA
BT1307_CTCTAATAGAATGTGT	normal	NA
BT1307_CTCTAATAGATGCGAC	normal	NA
BT1307_CTCTAATAGCCCTAAT	tumor	NA
BT1307_CTCTAATAGCTCCCAG	normal	NA
BT1307_CTCTAATAGGTAGCCA	normal	NA
BT1307_CTCTAATAGTAAGTAC	normal	NA
BT1307_CTCTAATCAGGGTATG	normal	NA
BT1307_CTCTAATCAGTTCATG	normal	NA
BT1307_CTCTAATCATAACCTG	normal	NA
BT1307_CTCTAATTCGGATGTT	normal	NA
BT1307_CTCTACGAGCACAGGT	normal	NA
BT1307_CTCTACGAGCGAGAAA	normal	NA
BT1307_CTCTACGAGTCTTGCA	normal	NA
BT1307_CTCTACGCACGCGAAA	normal	NA
BT1307_CTCTACGGTGATAAGT	normal	NA
BT1307_CTCTACGTCCGAATGT	normal	NA
BT1307_CTCTGGTCAAATACAG	normal	NA
BT1307_CTCTGGTCACTGTGTA	normal	NA
BT1307_CTCTGGTGTAAGGGAA	normal	NA
BT1307_CTCTGGTGTCACCCAG	normal	NA
BT1307_CTCTGGTGTGGTAACG	normal	NA
BT1307_CTCTGGTTCCGCGTTT	normal	NA
BT1307_CTCTGGTTCCGTAGGC	normal	NA
BT1307_CTGAAACAGAGGACGG	normal	NA
BT1307_CTGAAACAGTGAATTG	normal	NA
BT1307_CTGAAACCAATCTGCA	normal	NA
BT1307_CTGAAACCACAGACTT	normal	NA
BT1307_CTGAAACGTCTCCACT	normal	NA
BT1307_CTGAAGTCAAAGGAAG	normal	NA
BT1307_CTGAAGTCACCGAAAG	normal	NA
BT1307_CTGAAGTCAGACGTAG	normal	NA
BT1307_CTGAAGTGTTATTCTC	normal	NA
BT1307_CTGAAGTTCCGCATAA	normal	NA
BT1307_CTGAAGTTCCTGTACC	tumor	NA
BT1307_CTGAAGTTCGGCTACG	normal	NA
BT1307_CTGATAGAGGCACATG	tumor	NA
BT1307_CTGATAGAGTACGACG	normal	NA
BT1307_CTGATAGAGTGGGCTA	normal	NA
BT1307_CTGATAGCAGGTCGTC	normal	NA
BT1307_CTGATAGGTGGCCCTA	normal	NA
BT1307_CTGATAGGTTACCGAT	normal	NA
BT1307_CTGATAGGTTTGCATG	normal	NA
BT1307_CTGATAGTCACCAGGC	normal	yes
BT1307_CTGATAGTCTGTTGAG	normal	NA
BT1307_CTGATCCAGTGGAGTC	normal	NA
BT1307_CTGATCCCACCTCGTT	normal	NA
BT1307_CTGATCCCAGCGTAAG	normal	NA
BT1307_CTGATCCGTTATCACG	normal	NA
BT1307_CTGATCCGTTGCGCAC	normal	NA
BT1307_CTGATCCTCTAGAGTC	normal	NA
BT1307_CTGCCTAAGACTAAGT	normal	NA
BT1307_CTGCCTACACAGGAGT	normal	NA
BT1307_CTGCCTACACGACTCG	normal	NA
BT1307_CTGCCTACAGCTGTAT	normal	NA
BT1307_CTGCGGAAGGGTTTCT	normal	NA
BT1307_CTGCGGAAGTGAATTG	normal	NA
BT1307_CTGCGGAAGTGCAAGC	normal	NA
BT1307_CTGCGGACATCTATGG	normal	NA
BT1307_CTGCGGACATGTTCCC	normal	NA
BT1307_CTGCGGATCCGTCAAA	normal	NA
BT1307_CTGCTGTAGGAACTGC	normal	NA
BT1307_CTGCTGTAGGCTAGAC	normal	NA
BT1307_CTGCTGTAGGTAAACT	tumor	NA
BT1307_CTGCTGTCAGGCAGTA	normal	NA
BT1307_CTGCTGTCAGGTCTCG	normal	NA
BT1307_CTGCTGTGTCATATCG	normal	NA
BT1307_CTGCTGTGTGTTCGAT	normal	NA
BT1307_CTGCTGTGTTTCGCTC	normal	NA
BT1307_CTGCTGTTCCGTCAAA	tumor	NA
BT1307_CTGCTGTTCTGATACG	normal	NA
BT1307_CTGGTCTAGACCGGAT	normal	NA
BT1307_CTGGTCTAGCGTTCCG	normal	NA
BT1307_CTGGTCTAGGTAAACT	normal	NA
BT1307_CTGGTCTCAAAGGAAG	normal	NA
BT1307_CTGGTCTCATCCTTGC	normal	NA
BT1307_CTGGTCTTCAGTTTGG	normal	NA
BT1307_CTGGTCTTCATTGCGA	tumor	NA
BT1307_CTGGTCTTCGCAAACT	tumor	NA
BT1307_CTGTGCTAGAGTGAGA	normal	NA
BT1307_CTGTGCTAGTGAATTG	normal	NA
BT1307_CTGTGCTGTGGTCTCG	normal	NA
BT1307_CTGTGCTTCCCATTAT	normal	NA
BT1307_CTGTTTAAGTCTTGCA	normal	NA
BT1307_CTGTTTACACGGTGTC	normal	NA
BT1307_CTGTTTACACTAAGTC	normal	NA
BT1307_CTGTTTAGTAGCGATG	normal	NA
BT1307_CTGTTTAGTGTCAATC	normal	NA
BT1307_CTTAACTCAGACGCAA	normal	NA
BT1307_CTTAACTGTTAGGGTG	normal	NA
BT1307_CTTACCGAGAGTCTGG	tumor	NA
BT1307_CTTACCGGTCTAGTCA	normal	NA
BT1307_CTTACCGTCAACCAAC	tumor	NA
BT1307_CTTACCGTCTCCTATA	normal	NA
BT1307_CTTAGGAAGGTGCTTT	tumor	NA
BT1307_CTTAGGACAAAGTCAA	normal	NA
BT1307_CTTAGGACAATCGAAA	normal	NA
BT1307_CTTAGGACAGACGCAA	normal	NA
BT1307_CTTAGGAGTACGACCC	normal	NA
BT1307_CTTAGGAGTAGAGCTG	normal	NA
BT1307_CTTAGGATCACTGGGC	normal	NA
BT1307_CTTCTCTAGAGGTACC	normal	NA
BT1307_CTTCTCTAGGGTGTGT	normal	NA
BT1307_CTTCTCTGTACCTACA	normal	NA
BT1307_CTTCTCTTCACGACTA	normal	NA
BT1307_CTTCTCTTCCTCATTA	normal	NA
BT1307_CTTGGCTCACATGGGA	normal	NA
BT1307_CTTGGCTCAGTCGATT	normal	NA
BT1307_CTTGGCTCATGCGCAC	normal	NA
BT1307_CTTGGCTGTACAGTGG	tumor	NA
BT1307_CTTGGCTTCCATGCTC	normal	NA
BT1307_CTTGGCTTCCTTGCCA	normal	NA
BT1307_CTTTGCGAGGAGTTTA	normal	NA
BT1307_CTTTGCGAGGTGATTA	normal	NA
BT1307_CTTTGCGAGTGGCACA	normal	NA
BT1307_CTTTGCGCACAACTGT	normal	NA
BT1307_CTTTGCGCACACTGCG	normal	NA
BT1307_CTTTGCGCACCAGATT	normal	NA
BT1307_CTTTGCGCACCAGTTA	normal	NA
BT1307_CTTTGCGCATATACGC	tumor	NA
BT1307_CTTTGCGCATCGACGC	normal	NA
BT1307_CTTTGCGGTAGGCTGA	normal	NA
BT1307_CTTTGCGGTATGAAAC	normal	NA
BT1307_CTTTGCGGTCCAGTGC	normal	NA
BT1307_CTTTGCGGTGGGTCAA	tumor	NA
BT1307_CTTTGCGTCTCCAGGG	normal	NA
BT1307_GAAACTCAGAGGGATA	tumor	NA
BT1307_GAAACTCAGATAGTCA	normal	NA
BT1307_GAAACTCCACATTCGA	tumor	NA
BT1307_GAAACTCCACTCTGTC	normal	NA
BT1307_GAAACTCCATCTGGTA	normal	NA
BT1307_GAAACTCGTAAAGGAG	tumor	NA
BT1307_GAAACTCGTAGGAGTC	normal	NA
BT1307_GAAACTCGTGCCTTGG	normal	NA
BT1307_GAAACTCTCAGTTAGC	normal	NA
BT1307_GAAATGACACGTGAGA	normal	NA
BT1307_GAAATGAGTAGGCATG	normal	NA
BT1307_GAAATGAGTCTCTTTA	normal	NA
BT1307_GAAATGATCATACGGT	normal	NA
BT1307_GAACATCAGCAGGCTA	normal	NA
BT1307_GAACATCAGCGATGAC	normal	NA
BT1307_GAACATCAGTCATGCT	tumor	NA
BT1307_GAACATCAGTTGAGAT	normal	NA
BT1307_GAACATCCATCACAAC	normal	NA
BT1307_GAACATCTCGGCATCG	normal	NA
BT1307_GAACCTAAGAGGTAGA	tumor	NA
BT1307_GAACCTAAGTACGCGA	normal	NA
BT1307_GAACCTAAGTATCTCG	normal	NA
BT1307_GAACCTAAGTGTACTC	normal	NA
BT1307_GAACCTACACATTAGC	normal	NA
BT1307_GAACCTACATCAGTAC	normal	NA
BT1307_GAACGGAAGACAGGCT	normal	NA
BT1307_GAACGGAAGATCTGAA	normal	NA
BT1307_GAACGGAAGTGTCCCG	tumor	NA
BT1307_GAACGGACAAGCGCTC	normal	NA
BT1307_GAACGGACACGCATCG	normal	NA
BT1307_GAACGGAGTGGCAAAC	normal	NA
BT1307_GAAGCAGAGAATGTGT	normal	NA
BT1307_GAAGCAGAGCTGCGAA	normal	NA
BT1307_GAAGCAGAGGCCGAAT	tumor	NA
BT1307_GAAGCAGCAAACGTGG	normal	NA
BT1307_GAAGCAGCAATAACGA	normal	NA
BT1307_GAAGCAGCACACTGCG	normal	NA
BT1307_GAAGCAGGTCCTAGCG	normal	NA
BT1307_GAAGCAGGTCTGGAGA	tumor	NA
BT1307_GAAGCAGGTGCAGACA	normal	NA
BT1307_GAAGCAGTCACCGGGT	normal	NA
BT1307_GAAGCAGTCCTTAATC	normal	NA
BT1307_GAAGCAGTCGTACCGG	normal	NA
BT1307_GAAGCAGTCTGATTCT	normal	NA
BT1307_GAATAAGAGAAGCCCA	normal	NA
BT1307_GAATAAGCAGCCTATA	normal	NA
BT1307_GAATAAGGTAAGTAGT	tumor	NA
BT1307_GAATAAGGTCGACTAT	normal	NA
BT1307_GAATAAGGTTGGTAAA	normal	NA
BT1307_GAATAAGTCAACACAC	normal	NA
BT1307_GAATAAGTCTGATTCT	normal	NA
BT1307_GAATGAAAGGTAAACT	normal	NA
BT1307_GAATGAACAGAGTGTG	normal	NA
BT1307_GAATGAAGTGTTGAGG	normal	NA
BT1307_GAATGAATCAGCTTAG	normal	NA
BT1307_GAATGAATCCTGTACC	normal	NA
BT1307_GAATGAATCGTAGGAG	normal	NA
BT1307_GAATGAATCTTCGGTC	normal	NA
BT1307_GACACGCAGAATTCCC	normal	NA
BT1307_GACACGCCAAGACGTG	tumor	NA
BT1307_GACACGCCACAGGTTT	normal	NA
BT1307_GACACGCCAGGGCATA	normal	NA
BT1307_GACACGCCATTAGCCA	normal	NA
BT1307_GACACGCTCTAACTCT	normal	NA
BT1307_GACACGCTCTACTTAC	normal	NA
BT1307_GACAGAGAGCGAAGGG	tumor	NA
BT1307_GACAGAGAGTAACCCT	tumor	NA
BT1307_GACAGAGAGTACGACG	normal	NA
BT1307_GACAGAGGTAGATTAG	normal	NA
BT1307_GACCAATCAAGTCTAC	tumor	NA
BT1307_GACCAATCAATGGAAT	normal	NA
BT1307_GACCAATCAGGACGTA	normal	NA
BT1307_GACCTGGAGCCACGCT	normal	NA
BT1307_GACCTGGAGCGATAGC	normal	NA
BT1307_GACCTGGAGTGTCCCG	normal	NA
BT1307_GACCTGGCAGATTGCT	normal	NA
BT1307_GACCTGGGTAGCTTGT	normal	NA
BT1307_GACCTGGGTGCGGTAA	normal	NA
BT1307_GACCTGGGTTCAGCGC	normal	NA
BT1307_GACCTGGGTTGAACTC	normal	NA
BT1307_GACCTGGGTTGCGTTA	normal	NA
BT1307_GACCTGGTCAACACCA	normal	NA
BT1307_GACCTGGTCGAACTGT	tumor	NA
BT1307_GACGCGTAGGTTACCT	normal	NA
BT1307_GACGCGTCAGTCGTGC	normal	yes
BT1307_GACGCGTCAGTGACAG	normal	NA
BT1307_GACGCGTGTACAAGTA	normal	NA
BT1307_GACGCGTGTCTTCTCG	normal	NA
BT1307_GACGCGTTCGGCTACG	normal	NA
BT1307_GACGCGTTCGGGAGTA	normal	NA
BT1307_GACGGCTAGCAGATCG	normal	NA
BT1307_GACGGCTAGCCCAATT	normal	NA
BT1307_GACGGCTAGCGTGAAC	normal	NA
BT1307_GACGGCTAGTCCCACG	normal	NA
BT1307_GACGGCTCACCCATTC	normal	NA
BT1307_GACGGCTCAGCCAATT	normal	NA
BT1307_GACGGCTCATTCCTGC	normal	NA
BT1307_GACGGCTGTAAGAGAG	normal	NA
BT1307_GACGGCTGTTAAGATG	normal	NA
BT1307_GACGTGCAGACAGGCT	normal	NA
BT1307_GACGTGCAGTGACATA	normal	NA
BT1307_GACGTGCAGTTCGCAT	normal	NA
BT1307_GACGTGCCAGAGCCAA	normal	NA
BT1307_GACGTGCCATCACAAC	tumor	NA
BT1307_GACGTGCCATCCTAGA	normal	NA
BT1307_GACGTGCCATGCCACG	normal	NA
BT1307_GACGTGCGTCACAAGG	normal	yes
BT1307_GACGTGCGTCCGAGTC	tumor	NA
BT1307_GACGTGCTCCTAGAAC	normal	NA
BT1307_GACGTGCTCGTAGGTT	normal	NA
BT1307_GACGTTAAGAACTGTA	normal	NA
BT1307_GACGTTACACCGAAAG	normal	NA
BT1307_GACGTTAGTCGCCATG	normal	NA
BT1307_GACGTTAGTTGTACAC	normal	NA
BT1307_GACGTTATCCTCAATT	normal	NA
BT1307_GACGTTATCCTCCTAG	normal	NA
BT1307_GACGTTATCGGATGTT	normal	NA
BT1307_GACGTTATCTTCTGGC	normal	NA
BT1307_GACTAACAGATGGCGT	normal	NA
BT1307_GACTAACAGTGTACCT	normal	NA
BT1307_GACTAACCATGGGAAC	normal	NA
BT1307_GACTAACCATGTAAGA	normal	NA
BT1307_GACTAACGTCATACTG	normal	NA
BT1307_GACTAACGTCTAGGTT	tumor	NA
BT1307_GACTAACGTCTCACCT	normal	NA
BT1307_GACTACAAGCTACCGC	normal	NA
BT1307_GACTACAAGTACATGA	normal	NA
BT1307_GACTACAAGTGCCAGA	normal	NA
BT1307_GACTACACAATAGCGG	normal	NA
BT1307_GACTACACACGGTGTC	tumor	NA
BT1307_GACTACACAGACACTT	tumor	NA
BT1307_GACTACACAGGCGATA	normal	NA
BT1307_GACTACAGTTCCACGG	normal	NA
BT1307_GACTACATCAGGATCT	normal	NA
BT1307_GACTACATCGTCACGG	normal	NA
BT1307_GACTACATCGTGACAT	normal	NA
BT1307_GACTGCGAGGCTAGAC	normal	NA
BT1307_GACTGCGAGTCGTACT	normal	NA
BT1307_GACTGCGCACCAGGTC	normal	yes
BT1307_GACTGCGCACCTCGTT	normal	NA
BT1307_GACTGCGCATCGGAAG	normal	NA
BT1307_GACTGCGTCATCGGAT	normal	NA
BT1307_GACTGCGTCATGCATG	normal	NA
BT1307_GACTGCGTCTGTACGA	normal	NA
BT1307_GAGCAGAAGAGTCGGT	normal	NA
BT1307_GAGCAGAAGTAACCCT	normal	NA
BT1307_GAGCAGAAGTTGTCGT	normal	NA
BT1307_GAGCAGAGTACTTGAC	normal	NA
BT1307_GAGCAGATCCGATATG	normal	NA
BT1307_GAGCAGATCTAGAGTC	tumor	NA
BT1307_GAGGTGAAGGTTCCTA	normal	NA
BT1307_GAGGTGACACGGCTAC	tumor	NA
BT1307_GAGGTGACAGCCAATT	normal	NA
BT1307_GAGGTGACATCGGACC	normal	NA
BT1307_GAGGTGACATTGCGGC	normal	NA
BT1307_GAGGTGAGTAGTGAAT	normal	NA
BT1307_GAGGTGAGTCTGATCA	normal	NA
BT1307_GAGGTGAGTTACCAGT	normal	NA
BT1307_GAGGTGATCACCAGGC	normal	NA
BT1307_GAGGTGATCTTATCTG	normal	NA
BT1307_GAGGTGATCTTGACGA	normal	NA
BT1307_GAGTCCGAGGACGAAA	normal	NA
BT1307_GAGTCCGAGTAGCCGA	normal	NA
BT1307_GAGTCCGAGTCGATAA	tumor	NA
BT1307_GAGTCCGCATACGCTA	tumor	NA
BT1307_GAGTCCGCATGCAATC	normal	NA
BT1307_GAGTCCGCATGCGCAC	normal	NA
BT1307_GAGTCCGGTATTACCG	normal	NA
BT1307_GAGTCCGGTGCTGTAT	normal	NA
BT1307_GATCAGTCAGACAAAT	normal	NA
BT1307_GATCAGTCAGCGTAAG	normal	NA
BT1307_GATCAGTCATAACCTG	normal	NA
BT1307_GATCAGTCATCTCCCA	normal	NA
BT1307_GATCAGTGTCGCGGTT	normal	NA
BT1307_GATCAGTGTTTGTGTG	normal	NA
BT1307_GATCAGTTCCTTAATC	normal	NA
BT1307_GATCAGTTCCTTTCGG	normal	NA
BT1307_GATCGATAGGATGGAA	normal	NA
BT1307_GATCGATAGGCTACGA	normal	NA
BT1307_GATCGATAGGGTGTGT	normal	NA
BT1307_GATCGATAGTTGTAGA	normal	NA
BT1307_GATCGATCAATCCGAT	tumor	NA
BT1307_GATCGATCACATAACC	tumor	NA
BT1307_GATCGATGTTCACCTC	normal	NA
BT1307_GATCGATTCCACGACG	normal	NA
BT1307_GATCGCGCACACCGAC	normal	NA
BT1307_GATCGCGGTTGAGTTC	normal	NA
BT1307_GATCGTAAGCCCAGCT	normal	NA
BT1307_GATCGTACACCTGGTG	normal	NA
BT1307_GATCGTAGTGCAACGA	normal	NA
BT1307_GATCGTATCACCGGGT	normal	NA
BT1307_GATCTAGAGCCACGTC	normal	NA
BT1307_GATCTAGGTAAGAGGA	normal	NA
BT1307_GATCTAGGTCCCTACT	normal	NA
BT1307_GATCTAGGTGCTAGCC	tumor	NA
BT1307_GATCTAGGTTCGCTAA	normal	NA
BT1307_GATCTAGTCCAGAAGG	normal	NA
BT1307_GATGAAAAGCCCTAAT	normal	NA
BT1307_GATGAAACAAGTCTGT	normal	NA
BT1307_GATGAAACATGGATGG	normal	NA
BT1307_GATGAAAGTAGTACCT	normal	NA
BT1307_GATGAAAGTATCTGCA	normal	NA
BT1307_GATGAAAGTCCAGTTA	normal	NA
BT1307_GATGAAAGTGTTGGGA	tumor	NA
BT1307_GATGAAATCCGTTGCT	normal	NA
BT1307_GATGAGGAGAAACGCC	normal	NA
BT1307_GATGAGGAGAGCTATA	normal	NA
BT1307_GATGAGGAGCCCGAAA	normal	NA
BT1307_GATGAGGAGCTAACTC	normal	NA
BT1307_GATGAGGCACGGACAA	normal	NA
BT1307_GATGAGGCACGGCTAC	normal	NA
BT1307_GATGAGGCAGAAGCAC	normal	NA
BT1307_GATGAGGCAGACGCCT	normal	NA
BT1307_GATGAGGCATCCGTGG	normal	NA
BT1307_GATGAGGCATGTTCCC	normal	NA
BT1307_GATGAGGTCAGAAATG	normal	NA
BT1307_GATGAGGTCTGGTATG	normal	NA
BT1307_GATGAGGTCTTGAGAC	normal	NA
BT1307_GATGCTAAGTACTTGC	normal	NA
BT1307_GATGCTACAATCGAAA	tumor	NA
BT1307_GATGCTAGTACAGACG	normal	NA
BT1307_GATGCTAGTCTAACGT	normal	NA
BT1307_GATGCTATCCAAAGTC	tumor	NA
BT1307_GATGCTATCGGTTAAC	normal	NA
BT1307_GATTCAGAGCATCATC	normal	yes
BT1307_GATTCAGAGCTATGCT	tumor	NA
BT1307_GATTCAGCAGGAATCG	normal	NA
BT1307_GATTCAGCAGGATTGG	normal	NA
BT1307_GATTCAGGTCAAAGAT	normal	NA
BT1307_GATTCAGGTCAGAATA	normal	NA
BT1307_GATTCAGTCCTCTAGC	normal	NA
BT1307_GATTCAGTCGTGGGAA	normal	NA
BT1307_GCAAACTAGACTGGGT	normal	NA
BT1307_GCAAACTAGAGTCTGG	normal	NA
BT1307_GCAAACTAGTACGTTC	normal	NA
BT1307_GCAAACTCACAGAGGT	normal	NA
BT1307_GCAAACTGTCACACGC	tumor	NA
BT1307_GCAAACTTCCCTTGTG	normal	NA
BT1307_GCAAACTTCGCACTCT	normal	NA
BT1307_GCAATCAAGAGCCTAG	normal	NA
BT1307_GCAATCAAGCTCTCGG	normal	NA
BT1307_GCAATCAAGGCTATCT	normal	NA
BT1307_GCAATCACACCACCAG	normal	NA
BT1307_GCAATCACAGATGGCA	tumor	NA
BT1307_GCAATCACATGGTCAT	normal	NA
BT1307_GCAATCAGTGCTCTTC	normal	NA
BT1307_GCAATCAGTTGGACCC	tumor	NA
BT1307_GCAATCATCAACGCTA	normal	NA
BT1307_GCAATCATCATCGGAT	tumor	NA
BT1307_GCAATCATCCATGCTC	normal	NA
BT1307_GCAATCATCCCATTTA	normal	NA
BT1307_GCACATAAGAATGTTG	normal	NA
BT1307_GCACATAAGCCTCGTG	normal	NA
BT1307_GCACATAAGTGCAAGC	normal	NA
BT1307_GCACATACAAAGTGCG	normal	NA
BT1307_GCACATACACGGTAGA	tumor	NA
BT1307_GCACATAGTAAGTAGT	normal	NA
BT1307_GCACATAGTAGGAGTC	normal	NA
BT1307_GCACATAGTGGTCTCG	normal	NA
BT1307_GCACATAGTTCCACGG	normal	NA
BT1307_GCACATATCATTATCC	normal	NA
BT1307_GCACATATCCAAAGTC	normal	NA
BT1307_GCACTCTCATGTCCTC	normal	NA
BT1307_GCACTCTGTCTCATCC	normal	NA
BT1307_GCACTCTTCCGATATG	normal	NA
BT1307_GCACTCTTCGTGTAGT	normal	NA
BT1307_GCACTCTTCTGAGGGA	normal	NA
BT1307_GCAGCCAAGGTGCACA	normal	NA
BT1307_GCAGCCAAGTTCCACA	normal	NA
BT1307_GCAGCCACACCGTTGG	normal	NA
BT1307_GCAGCCATCTGTCCGT	tumor	NA
BT1307_GCAGTTAAGAGATGAG	normal	NA
BT1307_GCAGTTACAAGTCTGT	normal	NA
BT1307_GCAGTTATCTGAGGGA	normal	yes
BT1307_GCATACAAGAGCTGCA	normal	NA
BT1307_GCATACAAGGGATGGG	normal	NA
BT1307_GCATACACAAAGGCGT	normal	NA
BT1307_GCATACACATGGGAAC	normal	NA
BT1307_GCATACAGTACCGAGA	normal	NA
BT1307_GCATACAGTATCAGTC	normal	NA
BT1307_GCATACAGTCAAAGAT	normal	NA
BT1307_GCATACAGTCCTCTTG	normal	NA
BT1307_GCATACATCAAGGCTT	normal	NA
BT1307_GCATACATCAGGCAAG	normal	NA
BT1307_GCATACATCAGTCCCT	normal	NA
BT1307_GCATGATAGAATGTTG	tumor	NA
BT1307_GCATGATAGTCCTCCT	normal	NA
BT1307_GCATGATCAATAACGA	normal	NA
BT1307_GCATGATCAGTTAACC	normal	NA
BT1307_GCATGATGTCGGGTCT	normal	NA
BT1307_GCATGATTCAACGAAA	tumor	NA
BT1307_GCATGATTCACTCCTG	normal	NA
BT1307_GCATGCGAGAATTCCC	normal	NA
BT1307_GCATGCGAGACCGGAT	normal	NA
BT1307_GCATGCGAGAGTGACC	tumor	NA
BT1307_GCATGCGAGATAGGAG	normal	NA
BT1307_GCATGCGAGCAATATG	normal	NA
BT1307_GCATGCGCAAGTCATC	normal	NA
BT1307_GCATGCGCACCGATAT	normal	NA
BT1307_GCATGCGGTCACTGGC	normal	NA
BT1307_GCATGCGGTCCGAATT	normal	NA
BT1307_GCATGCGGTCGAACAG	normal	NA
BT1307_GCATGCGGTTGACGTT	tumor	NA
BT1307_GCATGTAAGAGGACGG	normal	NA
BT1307_GCATGTAAGTATCGAA	normal	NA
BT1307_GCATGTACAAGCGTAG	normal	NA
BT1307_GCATGTACACTTAACG	tumor	NA
BT1307_GCATGTAGTCGACTGC	normal	NA
BT1307_GCATGTATCAAACCAC	normal	NA
BT1307_GCATGTATCAGAGGTG	normal	NA
BT1307_GCATGTATCATGCATG	normal	NA
BT1307_GCATGTATCATTGCGA	normal	NA
BT1307_GCCAAATAGCCGTCGT	normal	NA
BT1307_GCCAAATAGTAGCCGA	tumor	NA
BT1307_GCCAAATCATGCCACG	normal	NA
BT1307_GCCAAATGTCCAAGTT	normal	NA
BT1307_GCCAAATGTTGTGGAG	normal	NA
BT1307_GCCAAATTCACAACGT	normal	NA
BT1307_GCCTCTAAGGTAGCCA	normal	NA
BT1307_GCCTCTACAACAACCT	tumor	NA
BT1307_GCCTCTACAGCGAACA	normal	NA
BT1307_GCCTCTAGTACCATCA	normal	NA
BT1307_GCCTCTAGTAGCACGA	normal	NA
BT1307_GCCTCTAGTAGCGCTC	normal	NA
BT1307_GCCTCTAGTCCGCTGA	normal	NA
BT1307_GCCTCTATCGTCCGTT	tumor	NA
BT1307_GCCTCTATCTTTAGGG	normal	NA
BT1307_GCGACCACAACTGGCC	normal	NA
BT1307_GCGACCACAAGTCTGT	normal	NA
BT1307_GCGACCAGTTCCACGG	normal	NA
BT1307_GCGACCATCAAGAAGT	normal	NA
BT1307_GCGACCATCACTTACT	normal	NA
BT1307_GCGACCATCAGCGATT	normal	NA
BT1307_GCGACCATCATCATTC	normal	NA
BT1307_GCGACCATCTTTACAC	normal	NA
BT1307_GCGAGAAAGGCCATAG	normal	NA
BT1307_GCGAGAATCAGTTTGG	normal	NA
BT1307_GCGAGAATCGGGAGTA	normal	NA
BT1307_GCGAGAATCTGCCAGG	tumor	NA
BT1307_GCGCAACAGCCACGCT	normal	NA
BT1307_GCGCAACAGCGATATA	normal	NA
BT1307_GCGCAACAGGAATCGC	normal	NA
BT1307_GCGCAACCACTGTTAG	normal	NA
BT1307_GCGCAACCAGTGGAGT	normal	NA
BT1307_GCGCAACCAGTTTACG	normal	NA
BT1307_GCGCAACCATCTCGCT	normal	NA
BT1307_GCGCAACCATTATCTC	normal	NA
BT1307_GCGCAACGTACGCTGC	normal	NA
BT1307_GCGCAACGTCTCGTTC	normal	NA
BT1307_GCGCAACGTTGGTAAA	normal	NA
BT1307_GCGCAACGTTTCGCTC	normal	NA
BT1307_GCGCAGTAGCGCTTAT	normal	NA
BT1307_GCGCAGTTCCACGACG	tumor	NA
BT1307_GCGCAGTTCCTGTAGA	normal	NA
BT1307_GCGCAGTTCTGCCAGG	normal	NA
BT1307_GCGCCAAAGACAGACC	normal	NA
BT1307_GCGCCAAAGCATCATC	tumor	NA
BT1307_GCGCCAACAAGTTAAG	normal	NA
BT1307_GCGCCAACACTGTGTA	normal	NA
BT1307_GCGCCAAGTCAGAATA	tumor	NA
BT1307_GCGCCAATCCGCGCAA	normal	NA
BT1307_GCGCCAATCCTTTACA	normal	NA
BT1307_GCGCCAATCGGTCCGA	normal	NA
BT1307_GCGCGATAGAAACCAT	normal	NA
BT1307_GCGCGATAGAAGGCCT	normal	NA
BT1307_GCGCGATAGGTGACCA	normal	NA
BT1307_GCGCGATAGTCCGGTC	normal	NA
BT1307_GCGCGATCAGACACTT	normal	NA
BT1307_GCGCGATCAGTATCTG	normal	NA
BT1307_GCGCGATGTCTCTTAT	normal	NA
BT1307_GCGGGTTAGATGGCGT	normal	NA
BT1307_GCGGGTTAGCTAACTC	normal	NA
BT1307_GCGGGTTCAGGGCATA	normal	NA
BT1307_GCGGGTTCATGCCTAA	tumor	NA
BT1307_GCGGGTTCATTACCTT	normal	NA
BT1307_GCGGGTTGTCCGAAGA	tumor	NA
BT1307_GCGGGTTGTGTGACGA	normal	NA
BT1307_GCGGGTTGTTCCTCCA	tumor	NA
BT1307_GCGGGTTTCGCATGGC	normal	NA
BT1307_GCGGGTTTCGCCTGAG	normal	NA
BT1307_GCGGGTTTCTTAGCCC	normal	NA
BT1307_GCGGGTTTCTTGTCAT	normal	NA
BT1307_GCTCCTAAGCTATGCT	normal	NA
BT1307_GCTCCTACATTTGCCC	normal	NA
BT1307_GCTCCTAGTCTGATCA	normal	NA
BT1307_GCTCCTATCACATACG	normal	NA
BT1307_GCTCCTATCAGCTTAG	tumor	NA
BT1307_GCTCTGTAGGAGCGTT	normal	NA
BT1307_GCTCTGTAGGTGCAAC	normal	NA
BT1307_GCTCTGTAGTCTCAAC	normal	NA
BT1307_GCTCTGTCAAGGTGTG	normal	NA
BT1307_GCTCTGTCACACCGCA	normal	NA
BT1307_GCTCTGTCAGCAGTTT	normal	NA
BT1307_GCTCTGTCAGGCGATA	normal	NA
BT1307_GCTCTGTCATTCCTCG	normal	NA
BT1307_GCTCTGTGTCTCCATC	normal	NA
BT1307_GCTCTGTTCAGAGGTG	normal	NA
BT1307_GCTCTGTTCCACGACG	normal	NA
BT1307_GCTCTGTTCTCGTATT	normal	NA
BT1307_GCTGCAGAGTATGACA	normal	NA
BT1307_GCTGCAGCAGGAACGT	normal	NA
BT1307_GCTGCAGCAGGATTGG	normal	NA
BT1307_GCTGCAGGTAATCACC	tumor	NA
BT1307_GCTGCGAAGCCCAACC	normal	NA
BT1307_GCTGCGACAGCCTTTC	normal	NA
BT1307_GCTGCGATCAGGTAAA	normal	NA
BT1307_GCTGCGATCCGTAGGC	normal	NA
BT1307_GCTGCGATCCTGCCAT	normal	NA
BT1307_GCTGCGATCGAACTGT	normal	NA
BT1307_GCTGCGATCTCAAACG	normal	NA
BT1307_GCTGCTTCAAGCCATT	normal	NA
BT1307_GCTGCTTCACTGTGTA	normal	NA
BT1307_GCTGCTTGTAATTGGA	normal	NA
BT1307_GCTGCTTGTACATGTC	normal	NA
BT1307_GCTGCTTTCAAAGACA	tumor	NA
BT1307_GCTGCTTTCAGCTCGG	normal	NA
BT1307_GCTGCTTTCATTGCCC	normal	NA
BT1307_GCTGCTTTCGTAGATC	normal	NA
BT1307_GCTGGGTAGAATGTTG	normal	NA
BT1307_GCTGGGTAGCTTTGGT	tumor	NA
BT1307_GCTGGGTAGGTAGCTG	normal	NA
BT1307_GCTGGGTGTACCATCA	tumor	NA
BT1307_GCTGGGTTCCAAACAC	normal	NA
BT1307_GCTGGGTTCGCCTGAG	normal	NA
BT1307_GCTGGGTTCGCCTGTT	normal	NA
BT1307_GCTTCCAAGGTCGGAT	normal	NA
BT1307_GCTTCCACAAACGTGG	tumor	NA
BT1307_GCTTCCATCAAGCCTA	normal	NA
BT1307_GCTTCCATCGCGGATC	normal	NA
BT1307_GCTTCCATCTAACTCT	normal	NA
BT1307_GCTTCCATCTGAGTGT	normal	NA
BT1307_GCTTGAAAGCAGGCTA	normal	NA
BT1307_GCTTGAAAGCCCTAAT	normal	NA
BT1307_GCTTGAACAGGGTATG	normal	NA
BT1307_GCTTGAAGTATTACCG	normal	NA
BT1307_GCTTGAAGTCTGATCA	normal	NA
BT1307_GCTTGAATCCACTGGG	normal	NA
BT1307_GCTTGAATCTTTACAC	tumor	NA
BT1307_GGAAAGCAGACTTGAA	normal	NA
BT1307_GGAAAGCAGTACGACG	normal	NA
BT1307_GGAAAGCCAAGTTGTC	normal	NA
BT1307_GGAAAGCCACAGAGGT	normal	NA
BT1307_GGAAAGCCATCACCCT	normal	NA
BT1307_GGAAAGCGTCAGGACA	normal	NA
BT1307_GGAAAGCGTCGACTGC	normal	NA
BT1307_GGAAAGCGTCTAGCCG	normal	NA
BT1307_GGAAAGCTCAGTACGT	normal	NA
BT1307_GGAAAGCTCGGAGGTA	tumor	NA
BT1307_GGAAAGCTCGGCCGAT	normal	NA
BT1307_GGAACTTAGACTAGAT	normal	NA
BT1307_GGAACTTAGCCCAGCT	normal	NA
BT1307_GGAACTTAGGCTCTTA	normal	NA
BT1307_GGAACTTAGGTAGCTG	normal	NA
BT1307_GGAACTTAGTGAAGTT	normal	NA
BT1307_GGAACTTCAAAGGTGC	normal	NA
BT1307_GGAACTTCAGTAAGAT	normal	NA
BT1307_GGAACTTCATACGCCG	normal	NA
BT1307_GGAACTTGTCTGATCA	normal	NA
BT1307_GGAACTTGTTCCACTC	normal	NA
BT1307_GGAACTTTCTAGCACA	normal	NA
BT1307_GGAATAAAGCGATATA	normal	NA
BT1307_GGAATAAAGGACAGCT	normal	NA
BT1307_GGAATAAAGTCCCACG	normal	NA
BT1307_GGAATAACAATGGAGC	normal	NA
BT1307_GGAATAACACGTTGGC	normal	NA
BT1307_GGAATAACAGCTGCAC	normal	NA
BT1307_GGAATAAGTCAGATAA	normal	NA
BT1307_GGAATAATCAGCTGGC	normal	NA
BT1307_GGAATAATCATCGCTC	tumor	NA
BT1307_GGAATAATCCGGCACA	normal	NA
BT1307_GGAATAATCCTGCTTG	normal	NA
BT1307_GGACAAGAGAAGAAGC	normal	NA
BT1307_GGACAAGAGACACGAC	normal	NA
BT1307_GGACAAGCACCATCCT	normal	NA
BT1307_GGACAAGGTAATAGCA	normal	NA
BT1307_GGACAAGGTCATGCAT	normal	NA
BT1307_GGACAAGGTTATCACG	normal	NA
BT1307_GGACAAGGTTGAGGTG	normal	NA
BT1307_GGACAAGTCTGAGTGT	normal	NA
BT1307_GGACAAGTCTGCGACG	tumor	NA
BT1307_GGACAGAAGGAATTAC	normal	NA
BT1307_GGACAGAAGGCTAGAC	normal	NA
BT1307_GGACAGAAGTACGTTC	normal	NA
BT1307_GGACAGAAGTTCGATC	normal	NA
BT1307_GGACAGAAGTTTGCGT	normal	NA
BT1307_GGACAGACAATCACAC	normal	NA
BT1307_GGACAGACATACAGCT	normal	NA
BT1307_GGACAGACATTTGCCC	normal	NA
BT1307_GGACAGAGTAACGTTC	normal	NA
BT1307_GGACAGAGTTCTGGTA	normal	NA
BT1307_GGACAGATCCATTCTA	normal	NA
BT1307_GGACATTAGGTGATAT	normal	NA
BT1307_GGACATTCACCAGGTC	normal	NA
BT1307_GGACATTGTCGAAAGC	normal	NA
BT1307_GGACATTGTTCCGGCA	normal	NA
BT1307_GGACATTGTTCGTCTC	normal	NA
BT1307_GGACATTTCTGCTGCT	tumor	NA
BT1307_GGACGTCAGCCCAACC	normal	NA
BT1307_GGACGTCCAAGGGTCA	normal	NA
BT1307_GGACGTCGTAGGCTGA	normal	NA
BT1307_GGACGTCGTCTAGGTT	tumor	NA
BT1307_GGACGTCGTCTGCGGT	normal	NA
BT1307_GGACGTCGTTGGTGGA	normal	NA
BT1307_GGACGTCGTTTCCACC	normal	NA
BT1307_GGACGTCGTTTGTTGG	normal	NA
BT1307_GGACGTCTCAAACCAC	normal	NA
BT1307_GGACGTCTCTATGTGG	tumor	NA
BT1307_GGACGTCTCTCCAGGG	normal	NA
BT1307_GGAGCAAAGATAGGAG	normal	NA
BT1307_GGAGCAACATGAAGTA	normal	NA
BT1307_GGAGCAAGTCTGATCA	normal	NA
BT1307_GGAGCAATCAAACCAC	normal	NA
BT1307_GGAGCAATCACGACTA	normal	NA
BT1307_GGAGCAATCGGAAACG	normal	NA
BT1307_GGAGCAATCTCGTATT	normal	NA
BT1307_GGAGCAATCTGGTTCC	tumor	NA
BT1307_GGATGTTAGATGTCGG	normal	NA
BT1307_GGATGTTAGTGAAGAG	normal	NA
BT1307_GGATGTTAGTTGTCGT	normal	NA
BT1307_GGATGTTCAGCCAGAA	normal	NA
BT1307_GGATGTTGTGCTTCTC	tumor	NA
BT1307_GGATTACCACCAGTTA	normal	NA
BT1307_GGATTACCAGGGCATA	normal	NA
BT1307_GGATTACGTCCCTTGT	tumor	NA
BT1307_GGATTACTCATCGATG	normal	NA
BT1307_GGCAATTAGGACACCA	normal	NA
BT1307_GGCAATTCAAGTCTAC	normal	NA
BT1307_GGCAATTCAATGACCT	normal	NA
BT1307_GGCAATTCAGCTGTAT	normal	NA
BT1307_GGCAATTCAGGCTCAC	normal	NA
BT1307_GGCAATTCATCTCGCT	normal	NA
BT1307_GGCAATTCATGATCCA	normal	NA
BT1307_GGCAATTGTTATCACG	normal	NA
BT1307_GGCCGATAGAAAGTGG	normal	NA
BT1307_GGCCGATAGACACGAC	normal	NA
BT1307_GGCCGATAGCAGACTG	normal	NA
BT1307_GGCCGATAGCCGTCGT	normal	NA
BT1307_GGCCGATAGTGAAGAG	tumor	NA
BT1307_GGCCGATTCCGCGCAA	tumor	NA
BT1307_GGCCGATTCCTTTACA	normal	NA
BT1307_GGCCGATTCGGATGGA	normal	NA
BT1307_GGCGACTCACAGCCCA	normal	NA
BT1307_GGCGACTCACCAACCG	normal	NA
BT1307_GGCGACTGTCAATGTC	normal	NA
BT1307_GGCGACTGTCCATCCT	normal	NA
BT1307_GGCGACTTCAACCAAC	tumor	NA
BT1307_GGCGACTTCAACGGCC	normal	NA
BT1307_GGCGACTTCAACTCTT	normal	NA
BT1307_GGCGACTTCATCGGAT	normal	NA
BT1307_GGCGACTTCCGATATG	normal	NA
BT1307_GGCGACTTCCGCGCAA	normal	NA
BT1307_GGCGACTTCGCAAGCC	normal	NA
BT1307_GGCGTGTAGTGAACGC	normal	NA
BT1307_GGCGTGTCATGACATC	normal	NA
BT1307_GGCGTGTGTCATATCG	normal	NA
BT1307_GGCGTGTGTCTAGTCA	normal	NA
BT1307_GGCGTGTTCTTCGGTC	normal	NA
BT1307_GGCTCGAAGAAGGCCT	tumor	NA
BT1307_GGCTCGAAGATATGGT	normal	NA
BT1307_GGCTCGAAGCTCCCAG	normal	NA
BT1307_GGCTCGACAAGCGAGT	normal	NA
BT1307_GGCTCGACACAGACTT	normal	NA
BT1307_GGCTCGAGTGCACTTA	normal	NA
BT1307_GGCTCGAGTGTCGCTG	normal	NA
BT1307_GGCTCGATCAGGTTCA	normal	NA
BT1307_GGCTCGATCCGAACGC	normal	NA
BT1307_GGCTCGATCTCATTCA	normal	NA
BT1307_GGCTGGTAGAGGTTAT	tumor	NA
BT1307_GGCTGGTAGGAGTTTA	normal	NA
BT1307_GGCTGGTAGTAGGCCA	tumor	NA
BT1307_GGCTGGTCAATCACAC	normal	NA
BT1307_GGCTGGTCAATCAGAA	normal	NA
BT1307_GGCTGGTCATGGTCTA	normal	NA
BT1307_GGCTGGTTCACAGTAC	normal	NA
BT1307_GGCTGGTTCACCATAG	tumor	NA
BT1307_GGCTGGTTCGAGGTAG	normal	NA
BT1307_GGGAATGAGCTAGCCC	normal	NA
BT1307_GGGAATGTCATATCGG	normal	NA
BT1307_GGGACCTAGCTCTCGG	normal	NA
BT1307_GGGACCTAGGCAGGTT	normal	NA
BT1307_GGGACCTAGGCATGGT	normal	NA
BT1307_GGGACCTAGGTGATAT	normal	NA
BT1307_GGGACCTCACTCGACG	normal	NA
BT1307_GGGACCTGTAAACCTC	tumor	NA
BT1307_GGGACCTGTACAAGTA	normal	NA
BT1307_GGGAGATCACATGGGA	normal	NA
BT1307_GGGAGATCATACTCTT	normal	NA
BT1307_GGGAGATCATTCCTCG	tumor	NA
BT1307_GGGAGATGTCGATTGT	normal	NA
BT1307_GGGAGATGTCTGGTCG	normal	NA
BT1307_GGGAGATTCATGCTCC	normal	NA
BT1307_GGGAGATTCGAGCCCA	normal	NA
BT1307_GGGAGATTCGGCTTGG	normal	NA
BT1307_GGGAGATTCTCGCTTG	normal	NA
BT1307_GGGATGACAAGTACCT	normal	NA
BT1307_GGGATGACACCGGAAA	tumor	NA
BT1307_GGGATGAGTATAAACG	normal	NA
BT1307_GGGATGAGTCCAGTAT	normal	NA
BT1307_GGGATGAGTCGGCTCA	normal	NA
BT1307_GGGATGATCATTGCGA	tumor	NA
BT1307_GGGATGATCCCAACGG	normal	NA
BT1307_GGGATGATCTGTTGAG	tumor	NA
BT1307_GGGCACTCATTTCAGG	normal	NA
BT1307_GGGCACTGTTAGATGA	normal	NA
BT1307_GGGCACTGTTCAACCA	normal	NA
BT1307_GGGCACTTCACTGGGC	normal	NA
BT1307_GGGCACTTCCTGTACC	normal	NA
BT1307_GGGCACTTCGCGGATC	normal	NA
BT1307_GGGCACTTCTATCCTA	normal	NA
BT1307_GGGCATCCACGCATCG	normal	NA
BT1307_GGGCATCCATACAGCT	normal	NA
BT1307_GGGCATCGTTTGTTGG	normal	NA
BT1307_GGGCATCTCACCGTAA	tumor	NA
BT1307_GGGCATCTCACCTTAT	normal	NA
BT1307_GGGCATCTCGATCCCT	normal	NA
BT1307_GGGCATCTCGCTTGTC	normal	NA
BT1307_GGGCATCTCTTGTATC	normal	NA
BT1307_GGGTCTGAGGCTCAGA	normal	NA
BT1307_GGGTCTGGTACTTAGC	normal	NA
BT1307_GGGTCTGGTAGCTCCG	normal	NA
BT1307_GGGTCTGGTCAACATC	normal	NA
BT1307_GGGTCTGGTGCGATAG	normal	NA
BT1307_GGGTCTGGTTCCATGA	normal	NA
BT1307_GGGTCTGTCCAGGGCT	normal	NA
BT1307_GGGTCTGTCCGTCATC	normal	NA
BT1307_GGGTCTGTCGCCATAA	normal	NA
BT1307_GGGTTGCAGGCCCTTG	normal	NA
BT1307_GGGTTGCAGGGCTCTC	normal	NA
BT1307_GGGTTGCAGTGTACGG	normal	NA
BT1307_GGGTTGCCAGGGTATG	normal	NA
BT1307_GGGTTGCCATCCCACT	normal	NA
BT1307_GGGTTGCCATGCCACG	normal	NA
BT1307_GGGTTGCTCTCAAGTG	normal	NA
BT1307_GGTATTGAGAGTTGGC	normal	NA
BT1307_GGTATTGAGCCACGCT	normal	NA
BT1307_GGTATTGAGCTCCCAG	normal	NA
BT1307_GGTATTGAGTGTACGG	normal	NA
BT1307_GGTATTGCAAGCTGGA	normal	NA
BT1307_GGTATTGCAGCGAACA	normal	NA
BT1307_GGTATTGGTCTAGCGC	normal	NA
BT1307_GGTATTGGTTCTGTTT	normal	NA
BT1307_GGTATTGTCAACACGT	normal	NA
BT1307_GGTATTGTCAATAAGG	normal	NA
BT1307_GGTATTGTCCCATTTA	normal	NA
BT1307_GGTATTGTCGTTTATC	normal	NA
BT1307_GGTATTGTCTACCTGC	normal	NA
BT1307_GGTGAAGAGAATGTGT	normal	NA
BT1307_GGTGAAGAGATGTTAG	normal	NA
BT1307_GGTGAAGAGCGATAGC	normal	NA
BT1307_GGTGAAGAGCTAACTC	normal	NA
BT1307_GGTGAAGAGCTACCGC	normal	NA
BT1307_GGTGAAGAGGCCCTCA	normal	NA
BT1307_GGTGAAGAGGGTCTCC	normal	NA
BT1307_GGTGAAGAGGTGTGGT	normal	NA
BT1307_GGTGAAGCAATGGATA	normal	NA
BT1307_GGTGAAGGTAAACACA	normal	NA
BT1307_GGTGAAGGTAAAGTCA	normal	NA
BT1307_GGTGAAGGTACTCTCC	normal	NA
BT1307_GGTGAAGGTTCTGGTA	normal	NA
BT1307_GGTGAAGTCATTGCGA	normal	NA
BT1307_GGTGAAGTCGAACTGT	normal	NA
BT1307_GGTGCGTAGCAACGGT	normal	NA
BT1307_GGTGCGTAGTTAGGTA	normal	NA
BT1307_GGTGCGTCAATCCAAC	normal	NA
BT1307_GGTGCGTCACGCATCG	normal	NA
BT1307_GGTGCGTCATATGAGA	normal	NA
BT1307_GGTGCGTTCGTTGACA	normal	NA
BT1307_GGTGCGTTCTACGAGT	tumor	NA
BT1307_GGTGCGTTCTGCCCTA	normal	NA
BT1307_GGTGCGTTCTTAGAGC	normal	NA
BT1307_GGTGTTAAGACTTTCG	normal	NA
BT1307_GGTGTTAAGAGCAATT	normal	NA
BT1307_GGTGTTAAGTGAAGAG	normal	NA
BT1307_GGTGTTACAGATCTGT	normal	NA
BT1307_GGTGTTACATAGGATA	normal	NA
BT1307_GGTGTTAGTCGCGGTT	normal	NA
BT1307_GGTGTTAGTCTAAAGA	normal	NA
BT1307_GGTGTTAGTTCCACGG	normal	NA
BT1307_GGTGTTATCACATAGC	normal	NA
BT1307_GGTGTTATCGCATGAT	normal	NA
BT1307_GTAACGTCAACGATGG	normal	NA
BT1307_GTAACGTCAAGCCTAT	normal	NA
BT1307_GTAACGTCAAGCGCTC	normal	NA
BT1307_GTAACGTCAGCTGGCT	normal	NA
BT1307_GTAACGTCAGCTGTAT	normal	NA
BT1307_GTAACGTGTGTCCTCT	tumor	NA
BT1307_GTAACGTTCAAGATCC	normal	NA
BT1307_GTAACGTTCCTCAACC	normal	NA
BT1307_GTAACTGAGGATGCGT	normal	NA
BT1307_GTAACTGAGGCTAGAC	normal	NA
BT1307_GTAACTGAGTCCCACG	tumor	NA
BT1307_GTAACTGGTCCAGTAT	normal	NA
BT1307_GTAACTGGTCTCAACA	normal	NA
BT1307_GTAACTGGTGCAGACA	normal	NA
BT1307_GTAACTGGTGCAGTAG	normal	NA
BT1307_GTAACTGGTGGCGAAT	normal	NA
BT1307_GTAACTGTCAGCTGGC	normal	NA
BT1307_GTAACTGTCTCAAACG	tumor	NA
BT1307_GTACGTAAGACACTAA	normal	NA
BT1307_GTACGTAAGGGTTTCT	tumor	NA
BT1307_GTACGTAGTGCACTTA	normal	NA
BT1307_GTACGTAGTTAAAGAC	normal	NA
BT1307_GTACGTATCGGCTACG	normal	NA
BT1307_GTACGTATCTTCATGT	normal	NA
BT1307_GTACTCCAGAACAACT	normal	NA
BT1307_GTACTCCCAGCGTCCA	normal	NA
BT1307_GTACTCCCATGTCCTC	normal	NA
BT1307_GTACTCCGTATAGGGC	normal	NA
BT1307_GTACTCCGTTCCACTC	normal	NA
BT1307_GTACTCCTCCCTGACT	normal	NA
BT1307_GTACTCCTCCTGCCAT	normal	NA
BT1307_GTACTCCTCGCGATCG	tumor	NA
BT1307_GTACTCCTCGTCGTTC	normal	NA
BT1307_GTACTTTAGCCTCGTG	normal	NA
BT1307_GTACTTTAGCTAAGAT	tumor	NA
BT1307_GTACTTTAGGGCTTGA	tumor	NA
BT1307_GTACTTTAGGGTTTCT	normal	NA
BT1307_GTACTTTAGTCGTTTG	normal	NA
BT1307_GTACTTTCACGAAGCA	normal	NA
BT1307_GTACTTTCACGGCTAC	normal	NA
BT1307_GTACTTTGTCGGATCC	normal	NA
BT1307_GTACTTTGTTAAGTAG	normal	NA
BT1307_GTACTTTGTTCTGTTT	normal	NA
BT1307_GTACTTTTCCGAATGT	normal	NA
BT1307_GTAGGCCAGAGGGATA	tumor	NA
BT1307_GTAGGCCAGGAATTAC	normal	NA
BT1307_GTAGGCCAGGGTATCG	normal	NA
BT1307_GTAGGCCCAAACCTAC	normal	NA
BT1307_GTAGGCCCAAAGCAAT	normal	NA
BT1307_GTAGGCCCAGGCAGTA	normal	NA
BT1307_GTAGGCCTCCACGTGG	normal	NA
BT1307_GTAGGCCTCTGTCAAG	tumor	NA
BT1307_GTAGTCAAGTATTGGA	normal	NA
BT1307_GTAGTCATCATGTAGC	normal	NA
BT1307_GTATCTTAGATCGATA	tumor	NA
BT1307_GTATCTTAGCGATGAC	normal	NA
BT1307_GTATCTTCAATGAATG	tumor	NA
BT1307_GTATCTTCAGAAGCAC	normal	NA
BT1307_GTATCTTCAGTCAGAG	normal	NA
BT1307_GTATCTTGTCGCTTCT	normal	NA
BT1307_GTATCTTTCCAAACTG	tumor	NA
BT1307_GTATTCTAGAGGTACC	normal	NA
BT1307_GTATTCTCAGATTGCT	tumor	NA
BT1307_GTATTCTCAGCCAATT	normal	NA
BT1307_GTATTCTCAGCCAGAA	normal	NA
BT1307_GTATTCTCAGCTGCTG	normal	NA
BT1307_GTATTCTGTCCGAATT	normal	NA
BT1307_GTATTCTGTCCTCCAT	normal	NA
BT1307_GTATTCTGTGTGCCTG	normal	NA
BT1307_GTATTCTGTGTGGCTC	normal	NA
BT1307_GTATTCTTCCATGAGT	normal	NA
BT1307_GTATTCTTCCCATTTA	normal	NA
BT1307_GTATTCTTCCGTAGTA	tumor	NA
BT1307_GTATTCTTCCTTGACC	normal	NA
BT1307_GTATTCTTCGGAGCAA	normal	NA
BT1307_GTCAAGTCAGGGTTAG	normal	NA
BT1307_GTCAAGTCAGTAAGAT	normal	NA
BT1307_GTCAAGTCAGTCTTCC	tumor	NA
BT1307_GTCAAGTCATCCGCGA	normal	NA
BT1307_GTCAAGTCATGTAAGA	normal	NA
BT1307_GTCAAGTGTACTCGCG	normal	NA
BT1307_GTCAAGTGTCAACATC	normal	NA
BT1307_GTCAAGTGTCGAAAGC	normal	NA
BT1307_GTCAAGTGTTACGTCA	normal	NA
BT1307_GTCAAGTTCCGCATCT	normal	NA
BT1307_GTCAAGTTCGGTTCGG	normal	NA
BT1307_GTCAAGTTCTGGAGCC	normal	NA
BT1307_GTCAAGTTCTTACCTA	normal	NA
BT1307_GTCACAAAGACTACAA	normal	NA
BT1307_GTCACAAAGCCGATTT	normal	NA
BT1307_GTCACAAAGTATCGAA	normal	NA
BT1307_GTCACAAGTAGCTGCC	normal	NA
BT1307_GTCACAATCCGAATGT	normal	NA
BT1307_GTCACAATCTTATCTG	normal	NA
BT1307_GTCACGGAGTGACATA	tumor	NA
BT1307_GTCACGGCACAGGAGT	normal	NA
BT1307_GTCACGGCACGGCCAT	normal	NA
BT1307_GTCACGGCAGACAGGT	tumor	NA
BT1307_GTCACGGCAGGAATCG	normal	NA
BT1307_GTCACGGGTATGCTTG	normal	NA
BT1307_GTCATTTAGCAACGGT	normal	NA
BT1307_GTCATTTAGTACGCGA	normal	NA
BT1307_GTCATTTAGTGCTGCC	normal	NA
BT1307_GTCATTTGTCCATGAT	normal	yes
BT1307_GTCATTTTCACGAAGG	normal	NA
BT1307_GTCATTTTCATCACCC	normal	NA
BT1307_GTCATTTTCATGTAGC	normal	NA
BT1307_GTCATTTTCGACGGAA	normal	NA
BT1307_GTCATTTTCGAGAGCA	normal	NA
BT1307_GTCATTTTCTTACCTA	normal	NA
BT1307_GTCCTCACACCTATCC	normal	NA
BT1307_GTCCTCACATGCCACG	normal	NA
BT1307_GTCCTCACATTATCTC	normal	NA
BT1307_GTCCTCAGTGTAACGG	normal	NA
BT1307_GTCCTCATCAGTGCAT	normal	NA
BT1307_GTCCTCATCTAGCACA	normal	NA
BT1307_GTCCTCATCTGTCAAG	normal	NA
BT1307_GTCGGGTAGGGAAACA	normal	NA
BT1307_GTCGGGTCAGAGCCAA	normal	NA
BT1307_GTCGGGTCAGGTTTCA	normal	NA
BT1307_GTCGGGTGTCTTGCGG	normal	NA
BT1307_GTCGGGTGTTAGAACA	normal	NA
BT1307_GTCGGGTGTTGCTCCT	normal	NA
BT1307_GTCGGGTTCATGTCCC	normal	NA
BT1307_GTCGGGTTCTGCAGTA	normal	NA
BT1307_GTCGTAAAGAAGGTGA	normal	NA
BT1307_GTCGTAAAGAGTCGGT	normal	NA
BT1307_GTCGTAACATCCAACA	tumor	NA
BT1307_GTCGTAACATGGTCTA	normal	NA
BT1307_GTCGTAAGTCATCCCT	normal	NA
BT1307_GTCGTAAGTGTGTGCC	normal	NA
BT1307_GTCGTAAGTTACAGAA	normal	NA
BT1307_GTCGTAAGTTTGACTG	normal	NA
BT1307_GTCGTAATCATGCTCC	tumor	NA
BT1307_GTCGTAATCTTGCAAG	normal	NA
BT1307_GTCTCGTAGACACGAC	normal	NA
BT1307_GTCTCGTAGTCGCCGT	normal	NA
BT1307_GTCTCGTTCACATACG	normal	NA
BT1307_GTCTCGTTCAGCGACC	normal	NA
BT1307_GTCTCGTTCTTCCTTC	normal	NA
BT1307_GTCTTCGAGCTAGTGG	normal	NA
BT1307_GTCTTCGAGGCATTGG	normal	NA
BT1307_GTCTTCGAGGGTCTCC	normal	NA
BT1307_GTCTTCGAGTCTCAAC	normal	NA
BT1307_GTCTTCGCATCACGTA	normal	NA
BT1307_GTCTTCGGTCAACATC	normal	NA
BT1307_GTCTTCGGTCTCTTAT	normal	NA
BT1307_GTCTTCGGTTCAGGCC	normal	NA
BT1307_GTCTTCGTCAGCGACC	normal	NA
BT1307_GTGAAGGAGGCAAAGA	normal	NA
BT1307_GTGAAGGCATCCCATC	normal	NA
BT1307_GTGAAGGGTTGGTAAA	tumor	NA
BT1307_GTGAAGGTCAGCAACT	normal	NA
BT1307_GTGAAGGTCCGGCACA	normal	NA
BT1307_GTGAAGGTCTCAAACG	normal	NA
BT1307_GTGCAGCCACCAGCAC	normal	NA
BT1307_GTGCAGCCACTACAGT	tumor	NA
BT1307_GTGCAGCCATCCGCGA	normal	NA
BT1307_GTGCAGCGTTATCACG	tumor	NA
BT1307_GTGCAGCTCGCTAGCG	normal	NA
BT1307_GTGCAGCTCGTCCGTT	normal	NA
BT1307_GTGCAGCTCTTGAGGT	normal	NA
BT1307_GTGCATAAGACGCAAC	normal	NA
BT1307_GTGCATAAGCCTCGTG	normal	NA
BT1307_GTGCATAAGGTGATAT	normal	NA
BT1307_GTGCATAAGGTGCAAC	normal	NA
BT1307_GTGCATACAATCGGTT	normal	NA
BT1307_GTGCATACACACCGAC	tumor	NA
BT1307_GTGCATAGTCGAGATG	normal	NA
BT1307_GTGCATATCGGTCCGA	tumor	NA
BT1307_GTGCATATCGGTGTTA	normal	NA
BT1307_GTGCATATCGTTGACA	normal	NA
BT1307_GTGCGGTAGACTTGAA	normal	NA
BT1307_GTGCGGTAGTGTCTCA	normal	NA
BT1307_GTGCGGTCATGGTCTA	normal	NA
BT1307_GTGCTTCAGCGCTCCA	normal	NA
BT1307_GTGCTTCAGTCATCCA	normal	NA
BT1307_GTGCTTCAGTTGTCGT	normal	NA
BT1307_GTGCTTCCAGCTATTG	tumor	NA
BT1307_GTGCTTCGTCTGATTG	normal	NA
BT1307_GTGCTTCGTGCACTTA	normal	NA
BT1307_GTGCTTCGTTGTCGCG	normal	NA
BT1307_GTGCTTCTCAACGCTA	normal	NA
BT1307_GTGGGTCAGATACACA	normal	NA
BT1307_GTGGGTCAGATGTGTA	normal	NA
BT1307_GTGGGTCCAAAGGAAG	normal	NA
BT1307_GTGGGTCCAGCTGCTG	tumor	NA
BT1307_GTGGGTCGTAGCTGCC	tumor	NA
BT1307_GTGGGTCGTGCCTGCA	normal	NA
BT1307_GTGGGTCGTTACGCGC	normal	NA
BT1307_GTGGGTCGTTATCCGA	tumor	NA
BT1307_GTGGGTCTCCCTCAGT	normal	NA
BT1307_GTGGGTCTCCTCAACC	tumor	NA
BT1307_GTGTGCGAGCCAGAAC	normal	NA
BT1307_GTGTGCGAGCTCCTCT	normal	NA
BT1307_GTGTGCGAGTCGAGTG	normal	NA
BT1307_GTGTGCGGTACCGGCT	normal	NA
BT1307_GTGTGCGGTGAAATCA	tumor	NA
BT1307_GTGTGCGGTGGACGAT	normal	NA
BT1307_GTGTGCGGTTCCACTC	normal	NA
BT1307_GTGTTAGAGATGCCTT	normal	NA
BT1307_GTGTTAGAGGGAAACA	tumor	NA
BT1307_GTGTTAGCAAGTTCTG	normal	NA
BT1307_GTGTTAGCACCAGTTA	normal	NA
BT1307_GTGTTAGGTCAGAAGC	normal	NA
BT1307_GTGTTAGGTGTTCGAT	tumor	NA
BT1307_GTGTTAGTCATAACCG	normal	NA
BT1307_GTGTTAGTCTTGAGAC	normal	NA
BT1307_GTTAAGCAGATGCCAG	normal	NA
BT1307_GTTAAGCAGTAGTGCG	normal	NA
BT1307_GTTAAGCAGTGAACGC	normal	NA
BT1307_GTTAAGCCACAAGACG	normal	NA
BT1307_GTTAAGCCACGTCTCT	normal	NA
BT1307_GTTAAGCGTATCAGTC	normal	NA
BT1307_GTTAAGCGTATGAAAC	normal	NA
BT1307_GTTAAGCGTCGAATCT	tumor	NA
BT1307_GTTAAGCGTGAGGCTA	normal	NA
BT1307_GTTAAGCGTTAGATGA	normal	NA
BT1307_GTTACAGCAATGGACG	normal	NA
BT1307_GTTACAGTCAATACCG	normal	NA
BT1307_GTTACAGTCACTATTC	normal	NA
BT1307_GTTACAGTCATGCAAC	normal	NA
BT1307_GTTACAGTCATGCTCC	tumor	NA
BT1307_GTTACAGTCGGTGTTA	normal	NA
BT1307_GTTACAGTCTGCGTAA	normal	NA
BT1307_GTTACAGTCTTTACGT	normal	NA
BT1307_GTTCATTAGTTATCGC	normal	NA
BT1307_GTTCATTCAAGTCATC	normal	NA
BT1307_GTTCATTCATGGTAGG	normal	NA
BT1307_GTTCATTGTAATCGTC	normal	NA
BT1307_GTTCATTGTCTGGAGA	normal	NA
BT1307_GTTCATTTCATCGGAT	normal	NA
BT1307_GTTCATTTCCGAAGAG	normal	NA
BT1307_GTTCATTTCCTAGTGA	normal	NA
BT1307_GTTCATTTCTTGTTTG	normal	NA
BT1307_GTTCGGGCAGATGGGT	normal	NA
BT1307_GTTCGGGGTCACTGGC	normal	NA
BT1307_GTTCGGGGTGATAAAC	normal	NA
BT1307_GTTCGGGTCAGGCAAG	normal	NA
BT1307_GTTCGGGTCGCAAACT	normal	NA
BT1307_GTTCGGGTCTCTTATG	normal	NA
BT1307_GTTCGGGTCTTCCTTC	normal	NA
BT1307_GTTCGGGTCTTGTATC	normal	NA
BT1307_GTTCTCGAGTTACGGG	normal	NA
BT1307_GTTCTCGCAACACCCG	normal	NA
BT1307_GTTCTCGCACCTCGTT	normal	NA
BT1307_GTTCTCGGTACGCTGC	normal	NA
BT1307_GTTCTCGTCCCAAGTA	normal	NA
BT1307_GTTCTCGTCGTTACGA	tumor	NA
BT1307_GTTCTCGTCTCGATGA	normal	NA
BT1307_GTTTCTAAGCAGGCTA	normal	NA
BT1307_GTTTCTAAGTCGAGTG	normal	NA
BT1307_GTTTCTACATCCAACA	tumor	NA
BT1307_TAAACCGAGTGCTGCC	normal	NA
BT1307_TAAACCGAGTTAAGTG	tumor	NA
BT1307_TAAACCGCACCGTTGG	normal	NA
BT1307_TAAACCGCAGACGCCT	normal	NA
BT1307_TAAACCGCAGGTTTCA	normal	NA
BT1307_TAAACCGGTAACGTTC	normal	NA
BT1307_TAAACCGTCCGCGGTA	normal	NA
BT1307_TAAACCGTCTGTTGAG	normal	NA
BT1307_TAAGAGAAGGATTCGG	tumor	NA
BT1307_TAAGAGAAGTGTACTC	normal	NA
BT1307_TAAGAGACACCGATAT	normal	NA
BT1307_TAAGAGACAGACGCCT	normal	NA
BT1307_TAAGAGAGTAAGTAGT	normal	NA
BT1307_TAAGAGAGTACATGTC	tumor	NA
BT1307_TAAGAGAGTACTCGCG	normal	NA
BT1307_TAAGAGAGTGCATCTA	normal	NA
BT1307_TAAGAGAGTGCGCTTG	normal	NA
BT1307_TAAGAGATCGAGAGCA	normal	NA
BT1307_TAAGAGATCTCTGTCG	tumor	NA
BT1307_TAAGCGTAGGTACTCT	tumor	NA
BT1307_TAAGCGTAGTACATGA	normal	NA
BT1307_TAAGCGTAGTCCAGGA	normal	NA
BT1307_TAAGCGTCATCGATGT	normal	NA
BT1307_TAAGCGTCATTGGCGC	normal	NA
BT1307_TAAGCGTGTACAGTTC	normal	NA
BT1307_TAAGCGTGTCTCGTTC	normal	NA
BT1307_TAAGCGTTCAACACGT	normal	NA
BT1307_TAAGCGTTCACGGTTA	normal	NA
BT1307_TAAGCGTTCTGTGCAA	normal	NA
BT1307_TAAGTGCAGGATGTAT	normal	NA
BT1307_TAAGTGCAGGCAAAGA	normal	NA
BT1307_TAAGTGCCAATGGTCT	normal	NA
BT1307_TAAGTGCGTCAAAGAT	normal	NA
BT1307_TAAGTGCGTTCCACGG	normal	NA
BT1307_TAAGTGCTCAACGAAA	normal	NA
BT1307_TACACGAAGCCGGTAA	normal	NA
BT1307_TACACGAAGGACGAAA	normal	NA
BT1307_TACACGAGTCGAAAGC	normal	NA
BT1307_TACACGAGTCTAGAGG	normal	NA
BT1307_TACAGTGAGACACTAA	normal	NA
BT1307_TACAGTGAGCGTGAAC	normal	NA
BT1307_TACAGTGAGGATCGCA	tumor	NA
BT1307_TACAGTGGTCGGGTCT	tumor	NA
BT1307_TACAGTGGTCTCAACA	tumor	NA
BT1307_TACAGTGGTTGGTGGA	normal	NA
BT1307_TACAGTGTCCGCATAA	normal	NA
BT1307_TACAGTGTCCGTTGTC	normal	NA
BT1307_TACCTATAGCCTTGAT	normal	NA
BT1307_TACCTATCACGAAACG	tumor	NA
BT1307_TACCTATCACGACGAA	normal	NA
BT1307_TACCTATCAGTACACT	normal	NA
BT1307_TACCTATGTCAGAAGC	normal	NA
BT1307_TACCTATGTCTTGTCC	normal	NA
BT1307_TACCTATGTGTTTGTG	normal	NA
BT1307_TACCTATTCGGAAACG	normal	NA
BT1307_TACCTTAAGCTATGCT	tumor	NA
BT1307_TACCTTAAGGGCACTA	normal	NA
BT1307_TACCTTAAGTTACGGG	normal	NA
BT1307_TACCTTAGTCAAAGAT	normal	NA
BT1307_TACCTTATCCTGTACC	normal	NA
BT1307_TACCTTATCGCCTGTT	normal	NA
BT1307_TACCTTATCGTCCAGG	normal	NA
BT1307_TACGGATGTGGTACAG	normal	NA
BT1307_TACGGATTCGCCTGAG	normal	NA
BT1307_TACGGATTCTTGGGTA	normal	NA
BT1307_TACGGGCAGGGCTTGA	normal	NA
BT1307_TACGGGCAGGGTCGAT	normal	NA
BT1307_TACGGGCGTATAGGGC	normal	NA
BT1307_TACGGGCGTGTGCGTC	tumor	NA
BT1307_TACGGGCTCGGTGTTA	tumor	NA
BT1307_TACGGGCTCTCCCTGA	normal	NA
BT1307_TACGGTAAGGCTCAGA	normal	NA
BT1307_TACGGTACACAACTGT	normal	NA
BT1307_TACGGTACACAGGAGT	normal	NA
BT1307_TACGGTACAGGATTGG	normal	NA
BT1307_TACGGTAGTACCGCTG	normal	NA
BT1307_TACGGTAGTCTCGTTC	normal	NA
BT1307_TACGGTAGTTCAGGCC	normal	NA
BT1307_TACGGTATCCACGCAG	normal	NA
BT1307_TACTCATAGGCTACGA	normal	NA
BT1307_TACTCATAGGTGATTA	normal	NA
BT1307_TACTCATCACACCGAC	normal	NA
BT1307_TACTCATCAGCGATCC	normal	NA
BT1307_TACTCATCAGCTCGAC	normal	NA
BT1307_TACTCATGTCATACTG	normal	NA
BT1307_TACTCATGTGGTACAG	normal	NA
BT1307_TACTCATTCACGCGGT	normal	NA
BT1307_TACTCGCCACAGCCCA	tumor	NA
BT1307_TACTCGCGTAGGGACT	normal	NA
BT1307_TACTCGCGTGGCTCCA	normal	NA
BT1307_TACTCGCGTTCGCTAA	normal	NA
BT1307_TACTCGCTCCCTTGCA	normal	NA
BT1307_TACTCGCTCTCCCTGA	normal	NA
BT1307_TACTTACAGAGTAAGG	normal	NA
BT1307_TACTTACAGCAATATG	normal	NA
BT1307_TACTTACAGCGCCTCA	normal	NA
BT1307_TACTTACAGCGCTCCA	tumor	NA
BT1307_TACTTACAGCGCTTAT	normal	NA
BT1307_TACTTACAGTTTGCGT	normal	NA
BT1307_TACTTACCAATACGCT	normal	NA
BT1307_TACTTACCAGGGCATA	normal	NA
BT1307_TACTTACGTAGCTGCC	normal	NA
BT1307_TACTTACGTCAAACTC	normal	NA
BT1307_TACTTACGTCGCATCG	normal	NA
BT1307_TACTTACGTCTAGCCG	normal	NA
BT1307_TACTTGTAGACCTAGG	normal	NA
BT1307_TACTTGTAGACTGTAA	normal	NA
BT1307_TACTTGTAGCTGAACG	normal	NA
BT1307_TACTTGTAGGGTCTCC	normal	NA
BT1307_TACTTGTAGTAGCGGT	normal	NA
BT1307_TACTTGTCACATCCGG	normal	NA
BT1307_TACTTGTCATAAGACA	normal	NA
BT1307_TACTTGTGTCTGATTG	normal	NA
BT1307_TACTTGTTCAGTTTGG	normal	NA
BT1307_TACTTGTTCATGTCTT	normal	NA
BT1307_TAGACCAAGATGCCTT	normal	NA
BT1307_TAGACCAAGCTATGCT	normal	NA
BT1307_TAGACCACAACTGCTA	tumor	NA
BT1307_TAGACCACACAAGTAA	normal	NA
BT1307_TAGACCAGTAGGGACT	normal	NA
BT1307_TAGACCAGTTAGATGA	normal	NA
BT1307_TAGACCATCCCATTTA	normal	NA
BT1307_TAGACCATCGACAGCC	normal	NA
BT1307_TAGACCATCGGAAACG	normal	NA
BT1307_TAGACCATCTATCCCG	normal	NA
BT1307_TAGAGCTAGTACGACG	tumor	NA
BT1307_TAGAGCTAGTGGTAAT	normal	NA
BT1307_TAGAGCTTCAACACAC	normal	NA
BT1307_TAGAGCTTCACCCTCA	normal	NA
BT1307_TAGAGCTTCCACGAAT	normal	NA
BT1307_TAGAGCTTCGTCACGG	normal	NA
BT1307_TAGCCGGAGCCAGTAG	tumor	NA
BT1307_TAGCCGGCAATGACCT	normal	NA
BT1307_TAGCCGGCACAACGTT	normal	NA
BT1307_TAGCCGGCACGGCCAT	normal	NA
BT1307_TAGCCGGCATGTTCCC	normal	NA
BT1307_TAGCCGGTCCAAGCCG	normal	NA
BT1307_TAGCCGGTCCCGACTT	normal	NA
BT1307_TAGCCGGTCCGGGTGT	tumor	NA
BT1307_TAGCCGGTCGACAGCC	normal	NA
BT1307_TAGGCATCACCGTTGG	normal	NA
BT1307_TAGGCATCATTGGCGC	normal	NA
BT1307_TAGGCATGTCAGAAGC	normal	NA
BT1307_TAGGCATTCTTCAACT	normal	NA
BT1307_TAGTGGTAGTGCCAGA	normal	NA
BT1307_TAGTGGTCAGAGTGTG	normal	NA
BT1307_TAGTGGTCAGATCGGA	tumor	NA
BT1307_TAGTGGTGTCTCTCTG	normal	NA
BT1307_TAGTGGTGTCTGCGGT	normal	NA
BT1307_TAGTGGTTCACCGTAA	normal	NA
BT1307_TAGTGGTTCGAACGGA	normal	NA
BT1307_TAGTTGGAGAACTGTA	normal	NA
BT1307_TAGTTGGAGAGCTATA	normal	NA
BT1307_TAGTTGGCATCACCCT	tumor	NA
BT1307_TAGTTGGTCCGGCACA	normal	NA
BT1307_TAGTTGGTCTAACTCT	normal	NA
BT1307_TATCAGGCATACCATG	normal	NA
BT1307_TATCAGGGTCACTGGC	normal	NA
BT1307_TATCAGGTCACCTCGT	normal	NA
BT1307_TATCAGGTCAGGCGAA	tumor	NA
BT1307_TATCTCAAGAGCAATT	normal	NA
BT1307_TATCTCAAGATGTGTA	normal	NA
BT1307_TATCTCAAGGCCCGTT	normal	yes
BT1307_TATCTCAAGTAGGCCA	normal	NA
BT1307_TATCTCACAATGGACG	normal	NA
BT1307_TATCTCACACAAGTAA	normal	NA
BT1307_TATCTCATCAACGAAA	normal	NA
BT1307_TATCTCATCACTTCAT	normal	NA
BT1307_TATGCCCAGTTGAGTA	normal	NA
BT1307_TATGCCCGTAGGCATG	normal	NA
BT1307_TATGCCCGTTACCGAT	normal	NA
BT1307_TATGCCCTCAACGGCC	normal	NA
BT1307_TCAACGACACTTCTGC	normal	NA
BT1307_TCAACGACATATGCTG	normal	NA
BT1307_TCAACGAGTACATGTC	normal	NA
BT1307_TCAACGAGTACGCTGC	normal	NA
BT1307_TCAACGATCACCCTCA	normal	NA
BT1307_TCAACGATCAGTGCAT	normal	NA
BT1307_TCAATCTAGCTGAACG	normal	NA
BT1307_TCAATCTAGTCAAGCG	normal	NA
BT1307_TCAATCTCATAGACTC	normal	NA
BT1307_TCAATCTCATTGCGGC	normal	NA
BT1307_TCAATCTGTCTCACCT	tumor	NA
BT1307_TCAATCTGTGCACCAC	normal	NA
BT1307_TCAATCTGTTGGAGGT	normal	NA
BT1307_TCAATCTGTTGTCTTT	tumor	NA
BT1307_TCAATCTTCATGCTCC	tumor	NA
BT1307_TCAATCTTCCAGATCA	normal	NA
BT1307_TCAATCTTCTCGCATC	normal	NA
BT1307_TCAATCTTCTGCGACG	normal	NA
BT1307_TCACAAGCAATCTACG	normal	NA
BT1307_TCACAAGCAATGCCAT	normal	NA
BT1307_TCACAAGCACGGTGTC	normal	NA
BT1307_TCACAAGCAGCCAGAA	normal	NA
BT1307_TCACAAGGTGCGGTAA	tumor	NA
BT1307_TCACAAGTCAAACAAG	normal	NA
BT1307_TCACAAGTCAGTTTGG	normal	NA
BT1307_TCACAAGTCTTACCTA	tumor	NA
BT1307_TCACGAAAGCCCAGCT	normal	NA
BT1307_TCACGAAAGCGGCTTC	normal	NA
BT1307_TCACGAAAGGGAAACA	normal	NA
BT1307_TCACGAAAGTGCTGCC	normal	NA
BT1307_TCACGAAGTGGCAAAC	tumor	NA
BT1307_TCACGAAGTTGCGCAC	tumor	NA
BT1307_TCAGATGAGAGTGACC	normal	NA
BT1307_TCAGATGAGTGCGATG	tumor	NA
BT1307_TCAGATGCAGATGGCA	normal	NA
BT1307_TCAGATGGTAGCACGA	normal	NA
BT1307_TCAGATGGTCCATGAT	tumor	NA
BT1307_TCAGATGGTGTAAGTA	tumor	NA
BT1307_TCAGATGTCAGCGACC	normal	NA
BT1307_TCAGATGTCCACGAAT	normal	NA
BT1307_TCAGATGTCCTTGCCA	normal	NA
BT1307_TCAGATGTCTCGATGA	normal	NA
BT1307_TCAGCAAAGACCACGA	normal	NA
BT1307_TCAGCAACAGTCAGAG	normal	NA
BT1307_TCAGCAATCCACGCAG	normal	NA
BT1307_TCAGCAATCTACTATC	normal	NA
BT1307_TCAGCTCAGACGCAAC	normal	NA
BT1307_TCAGCTCAGATCACGG	normal	NA
BT1307_TCAGCTCAGTTAGCGG	normal	NA
BT1307_TCAGCTCAGTTGAGTA	normal	NA
BT1307_TCAGCTCCAGATGAGC	normal	NA
BT1307_TCAGCTCGTGCCTTGG	normal	NA
BT1307_TCAGCTCTCACCTTAT	normal	NA
BT1307_TCAGCTCTCTTCTGGC	tumor	NA
BT1307_TCAGGATAGCACCGCT	normal	NA
BT1307_TCAGGATCACTCTGTC	normal	NA
BT1307_TCAGGATCATTACCTT	normal	NA
BT1307_TCAGGATCATTGAGCT	tumor	NA
BT1307_TCAGGATGTCAAGCGA	normal	NA
BT1307_TCAGGATTCATCGATG	normal	NA
BT1307_TCAGGATTCGCGATCG	tumor	NA
BT1307_TCAGGTACAGATAATG	tumor	NA
BT1307_TCAGGTACATGCCACG	normal	NA
BT1307_TCAGGTAGTATTCTCT	normal	NA
BT1307_TCAGGTAGTCATCGGC	normal	NA
BT1307_TCAGGTAGTCATGCAT	normal	NA
BT1307_TCAGGTATCGAACTGT	normal	NA
BT1307_TCATTACAGCAGCGTA	normal	NA
BT1307_TCATTACAGCTAACTC	normal	NA
BT1307_TCATTACCACATTAGC	normal	NA
BT1307_TCATTACCACGAGAGT	normal	NA
BT1307_TCATTACCATGCCACG	normal	NA
BT1307_TCATTACGTAAACGCG	normal	NA
BT1307_TCATTACGTACCGTAT	normal	NA
BT1307_TCATTACGTACGCTGC	normal	NA
BT1307_TCATTACGTTATTCTC	normal	NA
BT1307_TCATTACGTTTGACAC	normal	NA
BT1307_TCATTACTCAACACGT	normal	NA
BT1307_TCATTACTCAGCCTAA	normal	NA
BT1307_TCATTTGAGCCACGCT	normal	NA
BT1307_TCATTTGAGCGTAGTG	normal	NA
BT1307_TCATTTGGTGCACGAA	normal	NA
BT1307_TCATTTGTCAGGCGAA	normal	NA
BT1307_TCATTTGTCCTATGTT	tumor	NA
BT1307_TCCACACAGCCTTGAT	normal	NA
BT1307_TCCACACAGCTCCTCT	normal	NA
BT1307_TCCACACAGGCGTACA	normal	NA
BT1307_TCCACACAGTGGACGT	normal	NA
BT1307_TCCACACCAAGAAAGG	normal	NA
BT1307_TCCACACCAATGGAGC	normal	NA
BT1307_TCCACACGTATAGGTA	normal	NA
BT1307_TCCACACGTCTAGTGT	normal	NA
BT1307_TCCACACGTCTGCGGT	normal	NA
BT1307_TCCACACGTTGCGCAC	normal	NA
BT1307_TCCACACTCTTTACGT	normal	NA
BT1307_TCCCGATAGAATAGGG	normal	NA
BT1307_TCCCGATAGACTAGAT	normal	NA
BT1307_TCCCGATAGGAGTTGC	normal	NA
BT1307_TCCCGATGTCAGTGGA	normal	NA
BT1307_TCCCGATGTCTCTCGT	normal	NA
BT1307_TCCCGATGTGTCCTCT	normal	NA
BT1307_TCCCGATTCATTTGGG	normal	NA
BT1307_TCCCGATTCGCGTAGC	normal	NA
BT1307_TCCCGATTCTCGGACG	normal	NA
BT1307_TCGAGGCAGACATAAC	normal	NA
BT1307_TCGAGGCAGAGCTTCT	tumor	NA
BT1307_TCGAGGCGTCGCCATG	normal	NA
BT1307_TCGAGGCGTTAAAGTG	normal	NA
BT1307_TCGAGGCTCCTTCAAT	tumor	NA
BT1307_TCGCGAGAGGAGTAGA	normal	NA
BT1307_TCGCGAGCACGAGGTA	normal	NA
BT1307_TCGCGAGGTATCACCA	normal	NA
BT1307_TCGCGAGTCGAATGGG	tumor	NA
BT1307_TCGCGTTAGGCTAGCA	normal	NA
BT1307_TCGCGTTAGTGTTGAA	tumor	NA
BT1307_TCGCGTTGTTCTGGTA	normal	NA
BT1307_TCGCGTTTCAGATAAG	normal	NA
BT1307_TCGCGTTTCAGCTCTC	tumor	NA
BT1307_TCGGGACAGAGAGCTC	normal	yes
BT1307_TCGGGACAGATACACA	tumor	NA
BT1307_TCGGGACGTAGAGTGC	normal	NA
BT1307_TCGGGACGTCTCTTTA	normal	NA
BT1307_TCGGGACTCATGCTCC	normal	NA
BT1307_TCGGGACTCGCTGATA	normal	NA
BT1307_TCGGTAAAGTACGTAA	normal	NA
BT1307_TCGGTAAAGTGAACAT	tumor	NA
BT1307_TCGGTAACACATCCGG	normal	NA
BT1307_TCGGTAACATGTCTCC	normal	NA
BT1307_TCGGTAAGTATATGAG	normal	NA
BT1307_TCGGTAAGTATCTGCA	normal	NA
BT1307_TCGGTAAGTCGCCATG	normal	NA
BT1307_TCGGTAAGTTGGACCC	normal	NA
BT1307_TCGGTAATCCTCAACC	normal	NA
BT1307_TCGTACCAGATCCCGC	normal	NA
BT1307_TCGTACCAGCCATCGC	normal	NA
BT1307_TCGTACCAGGCACATG	normal	NA
BT1307_TCGTACCCAAGTAGTA	normal	NA
BT1307_TCGTACCCAATGGAAT	normal	NA
BT1307_TCGTACCCACGCATCG	normal	NA
BT1307_TCGTACCGTAATCACC	normal	NA
BT1307_TCGTACCGTATCTGCA	normal	NA
BT1307_TCGTACCTCACAATGC	normal	NA
BT1307_TCGTACCTCACCATAG	normal	NA
BT1307_TCGTACCTCATCACCC	normal	NA
BT1307_TCGTAGAAGGCAAAGA	normal	NA
BT1307_TCGTAGAAGTCCGTAT	tumor	NA
BT1307_TCGTAGACAGCCAATT	normal	NA
BT1307_TCGTAGACAGTATGCT	normal	NA
BT1307_TCGTAGAGTCCGACGT	normal	NA
BT1307_TCGTAGAGTGGTACAG	normal	NA
BT1307_TCGTAGATCATAACCG	normal	NA
BT1307_TCGTAGATCCCGGATG	normal	NA
BT1307_TCTATTGAGATGCCAG	tumor	NA
BT1307_TCTATTGAGCTGCCCA	normal	NA
BT1307_TCTATTGCAATGTAAG	normal	NA
BT1307_TCTATTGCAGCTCGCA	normal	NA
BT1307_TCTATTGCATGTTGAC	normal	NA
BT1307_TCTATTGGTAAGTGTA	normal	NA
BT1307_TCTATTGGTGGCAAAC	normal	NA
BT1307_TCTATTGTCAGAGACG	normal	NA
BT1307_TCTATTGTCTCTTGAT	normal	NA
BT1307_TCTCATAAGACTGTAA	normal	NA
BT1307_TCTCATAAGGTGGGTT	normal	NA
BT1307_TCTCATAAGTATGACA	normal	NA
BT1307_TCTCATAGTGAACCTT	normal	NA
BT1307_TCTCATATCTGTGCAA	tumor	NA
BT1307_TCTCTAAAGACAAAGG	normal	NA
BT1307_TCTCTAACATCACGTA	normal	NA
BT1307_TCTCTAAGTCGAGTTT	normal	NA
BT1307_TCTCTAAGTGCACGAA	normal	NA
BT1307_TCTCTAATCCAACCAA	normal	NA
BT1307_TCTGAGACACCGATAT	normal	NA
BT1307_TCTGAGATCTTCCTTC	normal	NA
BT1307_TCTGGAAAGACACGAC	normal	NA
BT1307_TCTGGAAAGGGTTTCT	normal	NA
BT1307_TCTGGAACAAGCTGGA	normal	NA
BT1307_TCTGGAACAAGGTTTC	tumor	NA
BT1307_TCTGGAACATTCCTGC	tumor	NA
BT1307_TCTGGAAGTAGCTGCC	normal	NA
BT1307_TCTGGAAGTCCCGACA	normal	NA
BT1307_TCTGGAAGTCTAGCCG	normal	NA
BT1307_TCTGGAATCACCCGAG	normal	NA
BT1307_TCTGGAATCACCTCGT	tumor	NA
BT1307_TCTGGAATCAGTTTGG	normal	NA
BT1307_TCTGGAATCCAACCAA	normal	NA
BT1307_TCTTCGGAGCGTGAGT	normal	NA
BT1307_TCTTCGGAGGGAGTAA	normal	NA
BT1307_TCTTCGGAGTACGCGA	tumor	NA
BT1307_TCTTCGGAGTCACGCC	normal	NA
BT1307_TCTTCGGCAATGTTGC	tumor	NA
BT1307_TCTTCGGCACGTAAGG	normal	NA
BT1307_TCTTCGGCAGACGCTC	normal	NA
BT1307_TCTTCGGCATTCGACA	normal	NA
BT1307_TCTTCGGGTAGCGTAG	normal	NA
BT1307_TCTTCGGGTCAATGTC	normal	NA
BT1307_TCTTCGGGTTAGAACA	normal	NA
BT1307_TCTTCGGTCGAGAGCA	normal	NA
BT1307_TCTTCGGTCTTAACCT	tumor	NA
BT1307_TCTTTCCAGCCACCTG	normal	NA
BT1307_TCTTTCCGTATTCTCT	normal	NA
BT1307_TCTTTCCTCCCAGGTG	normal	NA
BT1307_TGAAAGAAGTCCAGGA	normal	NA
BT1307_TGAAAGAAGTTTGCGT	normal	NA
BT1307_TGAAAGACAGCTCCGA	normal	NA
BT1307_TGAAAGAGTAAATACG	normal	NA
BT1307_TGAAAGAGTGATAAAC	normal	NA
BT1307_TGAAAGATCGTTACAG	normal	NA
BT1307_TGACAACAGACAATAC	tumor	NA
BT1307_TGACAACCAAGACACG	normal	NA
BT1307_TGACAACCAAGCTGGA	tumor	NA
BT1307_TGACAACCACATCTTT	normal	NA
BT1307_TGACAACCAGCATACT	normal	NA
BT1307_TGACAACGTCATATCG	normal	NA
BT1307_TGACAACGTTAAGTAG	normal	NA
BT1307_TGACAACGTTCACCTC	normal	NA
BT1307_TGACGGCAGAAGAAGC	normal	NA
BT1307_TGACGGCCAAGCGCTC	tumor	NA
BT1307_TGACGGCCACATTAGC	normal	NA
BT1307_TGACGGCCACTGTTAG	normal	NA
BT1307_TGACGGCCAGCTGTTA	normal	NA
BT1307_TGACGGCCATCGGTTA	normal	NA
BT1307_TGACGGCGTGACCAAG	tumor	NA
BT1307_TGACGGCGTGCACCAC	normal	NA
BT1307_TGACGGCTCTACTCAT	normal	NA
BT1307_TGACTAGAGTAGGTGC	tumor	NA
BT1307_TGACTAGCAATACGCT	normal	NA
BT1307_TGACTAGGTACCGGCT	tumor	NA
BT1307_TGACTAGGTCTCTTAT	normal	NA
BT1307_TGACTTTAGAACTCGG	normal	NA
BT1307_TGACTTTAGACGACGT	normal	NA
BT1307_TGACTTTCATGCTAGT	normal	yes
BT1307_TGACTTTCATTGAGCT	normal	NA
BT1307_TGACTTTGTCGCGGTT	tumor	NA
BT1307_TGACTTTGTCGGATCC	normal	NA
BT1307_TGAGAGGAGAAACCTA	normal	NA
BT1307_TGAGAGGAGAGATGAG	normal	NA
BT1307_TGAGAGGAGCTACCGC	normal	NA
BT1307_TGAGAGGAGGCTCATT	normal	NA
BT1307_TGAGAGGCAAGGACTG	normal	NA
BT1307_TGAGAGGGTCGCGGTT	normal	NA
BT1307_TGAGAGGGTCTAGCCG	normal	NA
BT1307_TGAGAGGTCACGATGT	normal	NA
BT1307_TGAGAGGTCAGCAACT	normal	NA
BT1307_TGAGAGGTCCGCAGTG	normal	NA
BT1307_TGAGCATAGACATAAC	normal	NA
BT1307_TGAGCATAGTTGCAGG	normal	NA
BT1307_TGAGCATCAAAGTGCG	normal	NA
BT1307_TGAGCATCAAGCGTAG	normal	NA
BT1307_TGAGCATCATCACCCT	normal	NA
BT1307_TGAGCATGTAGAAGGA	normal	NA
BT1307_TGAGCATGTCATATCG	normal	NA
BT1307_TGAGCATGTTAGATGA	normal	NA
BT1307_TGAGCATTCAGCTCGG	normal	NA
BT1307_TGAGCCGCAACTTGAC	normal	NA
BT1307_TGAGCCGCAGGCTCAC	tumor	NA
BT1307_TGAGCCGCAGTGGGAT	normal	NA
BT1307_TGAGCCGCAGTTTACG	normal	NA
BT1307_TGAGCCGGTACCGCTG	normal	NA
BT1307_TGAGCCGGTCCCTTGT	normal	NA
BT1307_TGAGCCGGTGCCTTGG	normal	NA
BT1307_TGAGCCGTCCACGCAG	normal	NA
BT1307_TGAGCCGTCTAACTGG	normal	NA
BT1307_TGAGGGAAGAAACCTA	normal	NA
BT1307_TGAGGGAAGTCACGCC	normal	NA
BT1307_TGAGGGAAGTCGCCGT	normal	NA
BT1307_TGAGGGAAGTGAACGC	normal	NA
BT1307_TGAGGGACACTGCCAG	normal	NA
BT1307_TGAGGGAGTTAAAGAC	normal	NA
BT1307_TGAGGGATCAATCACG	tumor	NA
BT1307_TGATTTCAGAGCTGCA	normal	NA
BT1307_TGATTTCAGCCCAATT	normal	NA
BT1307_TGATTTCTCGTGGACC	normal	NA
BT1307_TGCACCTAGAACTCGG	tumor	NA
BT1307_TGCACCTAGCCACGCT	normal	NA
BT1307_TGCACCTAGCCGTCGT	normal	NA
BT1307_TGCACCTCAAGCTGTT	normal	NA
BT1307_TGCACCTCAGGCTCAC	normal	NA
BT1307_TGCACCTCATTAGCCA	normal	NA
BT1307_TGCACCTGTCCAAGTT	normal	NA
BT1307_TGCACCTGTGCATCTA	normal	NA
BT1307_TGCCAAAAGAGTAATC	normal	NA
BT1307_TGCCAAAAGGATCGCA	normal	NA
BT1307_TGCCAAACATGACGGA	tumor	NA
BT1307_TGCCAAAGTCATATCG	normal	NA
BT1307_TGCCAAAGTCTCTTAT	normal	NA
BT1307_TGCCAAAGTGTCGCTG	normal	NA
BT1307_TGCCAAAGTTTGACTG	normal	NA
BT1307_TGCCAAATCAGCGATT	normal	NA
BT1307_TGCCCATAGCCAACAG	normal	NA
BT1307_TGCCCATAGCCCTAAT	normal	NA
BT1307_TGCCCATAGCTGCCCA	normal	NA
BT1307_TGCCCATGTCGAGATG	normal	NA
BT1307_TGCCCATTCACAGGCC	tumor	NA
BT1307_TGCCCTAAGAGCCTAG	normal	NA
BT1307_TGCCCTAAGATGAGAG	tumor	NA
BT1307_TGCCCTACAGATCGGA	normal	NA
BT1307_TGCCCTACATCACGAT	normal	NA
BT1307_TGCCCTAGTATTCGTG	normal	NA
BT1307_TGCCCTAGTCTCTCGT	normal	NA
BT1307_TGCCCTAGTGGTCTCG	normal	NA
BT1307_TGCCCTATCAACTCTT	normal	NA
BT1307_TGCGCAGCAGCGTAAG	normal	NA
BT1307_TGCGCAGGTATTAGCC	normal	NA
BT1307_TGCGCAGTCATGTCTT	normal	NA
BT1307_TGCGCAGTCTCTAGGA	normal	NA
BT1307_TGCGGGTAGATCGGGT	normal	NA
BT1307_TGCGGGTAGCTCAACT	normal	NA
BT1307_TGCGGGTAGGCTAGGT	normal	NA
BT1307_TGCGGGTCAGCGTTCG	normal	NA
BT1307_TGCGGGTGTCGCGAAA	normal	NA
BT1307_TGCGGGTGTTCCACAA	normal	NA
BT1307_TGCGGGTTCCGGCACA	normal	NA
BT1307_TGCGTGGAGGAGTACC	tumor	NA
BT1307_TGCTACCAGATGCGAC	normal	NA
BT1307_TGCTACCAGATGGGTC	normal	NA
BT1307_TGCTACCAGCCATCGC	normal	NA
BT1307_TGCTACCAGCGTAATA	normal	NA
BT1307_TGCTACCAGGACAGAA	tumor	NA
BT1307_TGCTACCCACAAGACG	normal	NA
BT1307_TGCTACCCAGCTGTAT	normal	NA
BT1307_TGCTACCCAGGTGGAT	normal	NA
BT1307_TGCTGCTAGCTCAACT	normal	NA
BT1307_TGCTGCTAGCTTTGGT	normal	NA
BT1307_TGCTGCTCATGTCTCC	normal	NA
BT1307_TGCTGCTGTTCCACGG	normal	NA
BT1307_TGGACGCCAAGCGATG	normal	NA
BT1307_TGGACGCCACGGACAA	normal	NA
BT1307_TGGACGCGTTTGTTGG	normal	NA
BT1307_TGGACGCTCAAACCAC	normal	NA
BT1307_TGGACGCTCTCGAGTA	normal	NA
BT1307_TGGCCAGAGTACCGGA	normal	NA
BT1307_TGGCCAGAGTCAATAG	normal	NA
BT1307_TGGCCAGCATGACATC	normal	NA
BT1307_TGGCCAGGTATTACCG	tumor	NA
BT1307_TGGCCAGTCCAAATGC	normal	NA
BT1307_TGGCCAGTCCCTAATT	normal	NA
BT1307_TGGCCAGTCGTCCAGG	normal	NA
BT1307_TGGCGCAAGAAACCTA	tumor	NA
BT1307_TGGCGCAAGCGTAGTG	normal	NA
BT1307_TGGCGCAAGTTGCAGG	normal	NA
BT1307_TGGCGCAGTGATAAGT	normal	NA
BT1307_TGGCGCATCGCGATCG	normal	NA
BT1307_TGGCGCATCTCTAAGG	normal	NA
BT1307_TGGCGCATCTTGTACT	normal	NA
BT1307_TGGCTGGAGATCTGAA	normal	NA
BT1307_TGGCTGGCATAAGACA	normal	NA
BT1307_TGGCTGGGTAAAGTCA	normal	NA
BT1307_TGGCTGGGTCCTCTTG	tumor	NA
BT1307_TGGCTGGTCCGCATAA	normal	NA
BT1307_TGGCTGGTCGCACTCT	normal	NA
BT1307_TGGCTGGTCGGTTCGG	normal	NA
BT1307_TGGCTGGTCTGGAGCC	normal	NA
BT1307_TGGGAAGAGTTCGCGC	normal	NA
BT1307_TGGGAAGTCACCCTCA	normal	NA
BT1307_TGGGAAGTCCATTCTA	normal	NA
BT1307_TGGGAAGTCGGAAATA	normal	NA
BT1307_TGGGAAGTCTGCGGCA	normal	NA
BT1307_TGGGCGTGTATAGTAG	normal	NA
BT1307_TGGGCGTGTTCAGCGC	normal	NA
BT1307_TGGGCGTTCTCTGTCG	normal	NA
BT1307_TGGTTAGGTAGTACCT	normal	NA
BT1307_TGGTTAGGTTTGACTG	normal	NA
BT1307_TGGTTAGTCTCTGCTG	normal	NA
BT1307_TGGTTCCAGCATCATC	normal	NA
BT1307_TGGTTCCAGCCCGAAA	normal	NA
BT1307_TGGTTCCAGCGTAGTG	normal	NA
BT1307_TGGTTCCCACGAAAGC	normal	NA
BT1307_TGGTTCCCACGGCGTT	normal	NA
BT1307_TGGTTCCCATGCCTTC	normal	NA
BT1307_TGGTTCCGTGTAAGTA	normal	NA
BT1307_TGGTTCCTCAACCAAC	tumor	NA
BT1307_TGGTTCCTCCAAACAC	normal	NA
BT1307_TGGTTCCTCGCCGTGA	normal	NA
BT1307_TGGTTCCTCTGTACGA	normal	NA
BT1307_TGTATTCAGAAGGCCT	normal	NA
BT1307_TGTATTCAGGTTACCT	normal	NA
BT1307_TGTATTCCAGGTGCCT	normal	NA
BT1307_TGTATTCGTCAAAGCG	normal	NA
BT1307_TGTATTCGTGTGAAAT	normal	NA
BT1307_TGTATTCTCAACACGT	normal	NA
BT1307_TGTATTCTCAGTTGAC	normal	NA
BT1307_TGTATTCTCGCTTGTC	normal	NA
BT1307_TGTCCCAAGGATTCGG	normal	NA
BT1307_TGTCCCACAGGTCCAC	tumor	NA
BT1307_TGTCCCAGTTATCCGA	normal	NA
BT1307_TGTCCCATCAGTCAGT	normal	NA
BT1307_TGTCCCATCCTTTCGG	normal	NA
BT1307_TGTCCCATCGGCCGAT	normal	NA
BT1307_TGTCCCATCTTGCCGT	normal	NA
BT1307_TGTGGTAAGCTAGCCC	normal	NA
BT1307_TGTGGTATCCGGCACA	normal	NA
BT1307_TGTGGTATCTAAGCCA	normal	NA
BT1307_TGTGTTTAGACTAGGC	normal	NA
BT1307_TGTGTTTCATGATCCA	normal	NA
BT1307_TGTGTTTGTCAGTGGA	normal	NA
BT1307_TGTGTTTGTCGACTAT	normal	NA
BT1307_TGTGTTTTCAGCGACC	normal	NA
BT1307_TGTTCCGAGTGTTTGC	normal	NA
BT1307_TGTTCCGGTGTAAGTA	normal	NA
BT1307_TGTTCCGTCAATACCG	normal	NA
BT1307_TGTTCCGTCCCATTAT	normal	NA
BT1307_TGTTCCGTCGTAGGTT	tumor	NA
BT1307_TGTTCCGTCGTTGCCT	normal	NA
BT1307_TTAACTCAGCCCTAAT	normal	NA
BT1307_TTAACTCCAGCTCGCA	normal	NA
BT1307_TTAACTCCAGTCGTGC	normal	NA
BT1307_TTAACTCCATGTAGTC	normal	NA
BT1307_TTAACTCGTGGACGAT	normal	NA
BT1307_TTAACTCGTTGGAGGT	normal	NA
BT1307_TTAACTCTCCAGGGCT	normal	NA
BT1307_TTAGGACAGGATATAC	normal	NA
BT1307_TTAGGACCACCACCAG	normal	NA
BT1307_TTAGGACCATCATCCC	normal	NA
BT1307_TTAGGACTCAGTACGT	normal	NA
BT1307_TTAGGACTCCACTGGG	normal	NA
BT1307_TTAGGACTCGTACCGG	normal	NA
BT1307_TTAGGACTCTTTACGT	normal	NA
BT1307_TTAGGCAAGTCTCCTC	normal	NA
BT1307_TTAGGCACAAGCCGTC	normal	NA
BT1307_TTAGGCACATAGTAAG	normal	NA
BT1307_TTAGGCACATCGGAAG	normal	NA
BT1307_TTAGGCAGTATTACCG	normal	NA
BT1307_TTAGGCAGTCCGTGAC	normal	NA
BT1307_TTAGGCAGTGTAACGG	normal	NA
BT1307_TTAGGCATCCAAAGTC	normal	NA
BT1307_TTAGGCATCTTGAGAC	normal	NA
BT1307_TTAGTTCAGAAGATTC	normal	NA
BT1307_TTAGTTCAGATACACA	normal	NA
BT1307_TTAGTTCAGCTAACTC	normal	NA
BT1307_TTAGTTCTCGGCGGTT	tumor	NA
BT1307_TTATGCTCAATGGAGC	normal	NA
BT1307_TTATGCTGTTAAAGAC	normal	NA
BT1307_TTATGCTTCTATCGCC	normal	NA
BT1307_TTATGCTTCTGCCAGG	normal	NA
BT1307_TTCCCAGAGAATCTCC	normal	NA
BT1307_TTCCCAGAGGTTACCT	normal	NA
BT1307_TTCCCAGCAGATCGGA	normal	NA
BT1307_TTCCCAGGTTCCTCCA	tumor	NA
BT1307_TTCCCAGTCACATAGC	normal	NA
BT1307_TTCCCAGTCATACGGT	tumor	NA
BT1307_TTCCCAGTCATAGCAC	normal	NA
BT1307_TTCCCAGTCGGCATCG	normal	NA
BT1307_TTCCCAGTCTGCTGCT	normal	NA
BT1307_TTCGAAGCAATGCCAT	normal	NA
BT1307_TTCGAAGCAGACGCTC	normal	NA
BT1307_TTCGAAGCAGCTGCAC	normal	NA
BT1307_TTCGAAGCAGGAACGT	normal	NA
BT1307_TTCGAAGGTTCTGGTA	normal	NA
BT1307_TTCGAAGTCAGCGACC	normal	NA
BT1307_TTCGAAGTCCTGCAGG	normal	NA
BT1307_TTCGAAGTCTACGAGT	normal	NA
BT1307_TTCGAAGTCTGAGGGA	normal	NA
BT1307_TTCGGTCAGATACACA	normal	NA
BT1307_TTCGGTCCACCTGGTG	normal	NA
BT1307_TTCGGTCCAGGCTGAA	normal	NA
BT1307_TTCGGTCCATCCCATC	normal	NA
BT1307_TTCGGTCTCTAACGGT	normal	NA
BT1307_TTCGGTCTCTGCAGTA	normal	NA
BT1307_TTCTACAAGCTGAAAT	normal	NA
BT1307_TTCTACACACGTAAGG	normal	NA
BT1307_TTCTACACAGTATGCT	tumor	NA
BT1307_TTCTACACATCGACGC	normal	NA
BT1307_TTCTACAGTCTCTTAT	normal	NA
BT1307_TTCTCAAAGTCCTCCT	normal	NA
BT1307_TTCTCAATCCGTCATC	normal	NA
BT1307_TTCTCAATCGGCATCG	normal	NA
BT1307_TTCTCCTAGCAGCCTC	normal	yes
BT1307_TTCTCCTAGTTACCCA	normal	NA
BT1307_TTCTCCTCACCAGGTC	normal	NA
BT1307_TTCTCCTCAGTAACGG	normal	NA
BT1307_TTCTCCTGTACAGCAG	normal	NA
BT1307_TTCTCCTGTCAGTGGA	normal	NA
BT1307_TTCTCCTTCCACTCCA	normal	NA
BT1307_TTCTCCTTCCATTCTA	tumor	NA
BT1307_TTCTCCTTCGCATGAT	normal	NA
BT1307_TTCTCCTTCTGGAGCC	normal	NA
BT1307_TTCTTAGAGGTGGGTT	normal	NA
BT1307_TTCTTAGGTCATTAGC	normal	NA
BT1307_TTCTTAGGTCTTGCGG	normal	NA
BT1307_TTGAACGAGAGAACAG	normal	NA
BT1307_TTGAACGAGCTAAGAT	normal	NA
BT1307_TTGAACGCAGATAATG	normal	NA
BT1307_TTGAACGCAGATCGGA	normal	NA
BT1307_TTGAACGCATAAGACA	normal	NA
BT1307_TTGAACGCATGGGACA	normal	NA
BT1307_TTGAACGTCATGCATG	normal	NA
BT1307_TTGAACGTCCGGCACA	normal	NA
BT1307_TTGACTTAGAGCCTAG	normal	NA
BT1307_TTGACTTAGAGTGACC	normal	NA
BT1307_TTGACTTAGCGCCTTG	normal	NA
BT1307_TTGACTTCACACAGAG	normal	NA
BT1307_TTGACTTCAGAGTGTG	normal	NA
BT1307_TTGACTTCAGGCTCAC	normal	NA
BT1307_TTGACTTGTATAATGG	normal	NA
BT1307_TTGACTTTCTTTAGGG	normal	NA
BT1307_TTGCCGTAGGATGTAT	tumor	NA
BT1307_TTGCCGTCAATGACCT	normal	NA
BT1307_TTGCCGTGTACTCGCG	tumor	NA
BT1307_TTGCCGTGTGATGATA	normal	NA
BT1307_TTGCCGTGTTCGGGCT	normal	NA
BT1307_TTGCCGTTCTGTGCAA	normal	NA
BT1307_TTGCGTCAGAAGGCCT	normal	NA
BT1307_TTGCGTCAGACTGTAA	normal	NA
BT1307_TTGCGTCCAAGGTTCT	normal	NA
BT1307_TTGCGTCGTACAAGTA	normal	NA
BT1307_TTGCGTCGTTAAGATG	normal	NA
BT1307_TTGCGTCTCATGTGGT	normal	NA
BT1307_TTGCGTCTCCCAACGG	normal	NA
BT1307_TTGCGTCTCTTAACCT	tumor	NA
BT1307_TTGGAACAGAGGACGG	normal	NA
BT1307_TTGGAACAGCCAGGAT	normal	NA
BT1307_TTGGAACAGCGTTCCG	normal	NA
BT1307_TTGGAACGTCCTCTTG	normal	NA
BT1307_TTGGAACGTGGCCCTA	normal	NA
BT1307_TTGGAACGTGTGAATA	normal	NA
BT1307_TTGGAACTCATTATCC	normal	NA
BT1307_TTGGAACTCGGCGCTA	normal	NA
BT1307_TTGGCAAAGAAACCTA	normal	NA
BT1307_TTGGCAACAGGGAGAG	normal	NA
BT1307_TTGGCAAGTACGACCC	normal	NA
BT1307_TTGGCAAGTCGGCATC	normal	NA
BT1307_TTGGCAATCTGGCGAC	normal	NA
BT1307_TTGTAGGAGGAACTGC	normal	NA
BT1307_TTGTAGGAGGGTATCG	normal	NA
BT1307_TTGTAGGAGTGTCCCG	tumor	NA
BT1307_TTGTAGGGTTAAGATG	normal	NA
BT1307_TTGTAGGTCTACTATC	normal	NA
BT1307_TTGTAGGTCTTTCCTC	normal	NA
BT1307_TTTACTGAGAGGTAGA	normal	NA
BT1307_TTTACTGAGCACCGTC	normal	NA
BT1307_TTTACTGAGCTTATCG	normal	NA
BT1307_TTTACTGCAATCTGCA	normal	NA
BT1307_TTTACTGCACCTCGGA	normal	NA
BT1307_TTTACTGGTCACTTCC	tumor	NA
BT1307_TTTACTGGTCGTCTTC	tumor	NA
BT1307_TTTACTGTCAATCACG	normal	NA
BT1307_TTTATGCAGAAGCCCA	normal	NA
BT1307_TTTATGCAGATCGGGT	normal	NA
BT1307_TTTATGCCATCACGAT	normal	NA
BT1307_TTTATGCGTACAGCAG	normal	NA
BT1307_TTTATGCGTACCATCA	tumor	NA
BT1307_TTTATGCGTCTTCAAG	normal	NA
BT1307_TTTATGCTCCACGTGG	normal	NA
BT1307_TTTCCTCAGGGCTTCC	normal	NA
BT1307_TTTCCTCAGTGGTAAT	normal	NA
BT1307_TTTCCTCCACGGTAAG	normal	NA
BT1307_TTTCCTCGTAGCACGA	tumor	NA
BT1307_TTTCCTCGTGCATCTA	normal	NA
BT1307_TTTCCTCGTTCTGGTA	normal	NA
BT1307_TTTCCTCGTTGGGACA	tumor	NA
BT1307_TTTCCTCTCATGTCCC	normal	NA
BT1307_TTTCCTCTCGCCTGTT	normal	NA
BT1307_TTTGCGCAGAGACTAT	normal	NA
BT1307_TTTGCGCAGGCTCAGA	normal	NA
BT1307_TTTGCGCCAAGGACAC	normal	NA
BT1307_TTTGCGCGTACCGAGA	normal	NA
BT1307_TTTGCGCGTAGTGAAT	tumor	NA
BT1307_TTTGCGCGTTCAGTAC	normal	NA
BT1307_TTTGGTTCACATGACT	normal	NA
BT1307_TTTGGTTGTCCGTCAG	normal	NA
BT1307_TTTGGTTGTTGGTTTG	normal	NA
BT1307_TTTGGTTTCCACGTTC	normal	NA
BT1307_TTTGGTTTCTTATCTG	normal	NA
BT1307_TTTGGTTTCTTGCATT	normal	NA
BT1307_TTTGTCAAGCACACAG	normal	NA
BT1307_TTTGTCACAATCCGAT	normal	NA
BT1307_TTTGTCAGTTCAGTAC	normal	NA
