	class	confidentNormal
AAACCTGAGCTCCTTC_5_1_1	tumor	
AAACCTGAGTGGGATC_5_1_1	tumor	
AAACCTGCACGCTTTC_5_1_1	normal	
AAACCTGCATGGATGG_5_1_1	normal	
AAACCTGGTAGCTTGT_5_1_1	tumor	
AAACCTGGTGTGACGA_5_1_1	normal	
AAACCTGGTTTGTTGG_5_1_1	normal	
AAACCTGTCAAGGTAA_5_1_1	normal	
AAACCTGTCGTCGTTC_5_1_1	normal	
AAACGGGAGCGGCTTC_5_1_1	tumor	
AAACGGGCACATGACT_5_1_1	tumor	
AAACGGGCAGACGCAA_5_1_1	tumor	
AAACGGGGTCGAGTTT_5_1_1	tumor	
AAACGGGTCACTCCTG_5_1_1	normal	
AAACGGGTCCGCAGTG_5_1_1	normal	
AAAGATGAGAAGCCCA_5_1_1	normal	
AAAGATGAGACTTTCG_5_1_1	tumor	
AAAGATGAGTCTCGGC_5_1_1	tumor	
AAAGATGCAATCACAC_5_1_1	tumor	
AAAGATGCAATCCGAT_5_1_1	normal	
AAAGATGCAGTAACGG_5_1_1	tumor	
AAAGATGGTAATTGGA_5_1_1	normal	
AAAGATGGTAGCTCCG_5_1_1	tumor	
AAAGATGGTCTCTCTG_5_1_1	tumor	
AAAGATGGTTAAGACA_5_1_1	normal	
AAAGATGTCAATACCG_5_1_1	normal	
AAAGATGTCAGCTCGG_5_1_1	tumor	
AAAGATGTCCCAGGTG_5_1_1	normal	
AAAGATGTCTTCAACT_5_1_1	tumor	
AAAGCAAAGATCCTGT_5_1_1	tumor	
AAAGCAAAGCTAGTGG_5_1_1	tumor	
AAAGCAAAGGGTGTGT_5_1_1	normal	
AAAGCAACACGGTGTC_5_1_1	tumor	
AAAGCAACACTTCTGC_5_1_1	tumor	
AAAGCAACATAGTAAG_5_1_1	tumor	
AAAGCAACATCGATTG_5_1_1	tumor	
AAAGCAAGTAGAGTGC_5_1_1	normal	
AAAGCAAGTAGGACAC_5_1_1	tumor	
AAAGCAAGTCGCGAAA_5_1_1	tumor	
AAAGCAAGTTGTCGCG_5_1_1	normal	
AAAGCAATCCCTCTTT_5_1_1	tumor	
AAAGTAGAGCACGCCT_5_1_1	normal	
AAAGTAGAGCTACCTA_5_1_1	tumor	
AAAGTAGCACGTTGGC_5_1_1	tumor	
AAAGTAGCAGGGTACA_5_1_1	tumor	
AAAGTAGCATGAGCGA_5_1_1	tumor	
AAAGTAGGTACTCTCC_5_1_1	normal	
AAAGTAGGTAGCTGCC_5_1_1	tumor	
AAAGTAGTCCGCGTTT_5_1_1	normal	
AAAGTAGTCTCGCATC_5_1_1	tumor	
AAATGCCCAGTAACGG_5_1_1	normal	
AAATGCCGTATATGGA_5_1_1	tumor	
AAATGCCGTGTCCTCT_5_1_1	normal	
AAATGCCTCGCCAAAT_5_1_1	tumor	
AAATGCCTCGCCGTGA_5_1_1	tumor	
AAATGCCTCTATCGCC_5_1_1	tumor	
AACACGTCAAATCCGT_5_1_1	tumor	
AACACGTCAATGGAAT_5_1_1	tumor	
AACACGTGTCTAGCCG_5_1_1	normal	
AACACGTTCCCGGATG_5_1_1	tumor	
AACACGTTCTCCAGGG_5_1_1	tumor	
AACCATGAGAGACTAT_5_1_1	tumor	
AACCATGAGGCAATTA_5_1_1	tumor	
AACCATGAGGTAGCCA_5_1_1	normal	
AACCATGCATGCCCGA_5_1_1	normal	
AACCATGCATGCCTAA_5_1_1	tumor	
AACCATGGTCTAGTCA_5_1_1	tumor	
AACCATGGTGGCAAAC_5_1_1	normal	
AACCATGTCAACACTG_5_1_1	normal	
AACCATGTCCTTTCTC_5_1_1	tumor	
AACCGCGAGTTCGCGC_5_1_1	tumor	
AACCGCGCAAGGACTG_5_1_1	normal	
AACCGCGCACCTATCC_5_1_1	tumor	
AACCGCGCAGCTGCAC_5_1_1	tumor	
AACCGCGGTAGTACCT_5_1_1	tumor	
AACCGCGGTTCTGTTT_5_1_1	normal	
AACCGCGTCGCCGTGA_5_1_1	tumor	
AACCGCGTCGGAGCAA_5_1_1	tumor	
AACCGCGTCTGCTGTC_5_1_1	tumor	
AACGTTGAGAACTGTA_5_1_1	tumor	
AACGTTGAGCACACAG_5_1_1	normal	
AACGTTGAGCAGGCTA_5_1_1	normal	
AACGTTGCATGGGAAC_5_1_1	tumor	
AACGTTGGTCCGTGAC_5_1_1	normal	
AACGTTGGTCTAAACC_5_1_1	normal	
AACGTTGGTCTTGCGG_5_1_1	tumor	
AACGTTGTCAGTCCCT_5_1_1	normal	
AACGTTGTCGACGGAA_5_1_1	tumor	
AACTCAGAGTATCGAA_5_1_1	tumor	
AACTCAGAGTCTCGGC_5_1_1	tumor	
AACTCAGCAGTCGTGC_5_1_1	tumor	
AACTCAGGTAAGAGAG_5_1_1	normal	
AACTCAGTCAGAGACG_5_1_1	normal	
AACTCAGTCAGGTAAA_5_1_1	tumor	
AACTCAGTCCAGAAGG_5_1_1	tumor	
AACTCAGTCTGGTATG_5_1_1	tumor	
AACTCAGTCTGTTTGT_5_1_1	tumor	
AACTCCCAGCACACAG_5_1_1	normal	
AACTCCCAGCACCGTC_5_1_1	tumor	
AACTCCCAGCCCGAAA_5_1_1	normal	
AACTCCCAGGAGTTGC_5_1_1	tumor	
AACTCCCCAAACGTGG_5_1_1	tumor	
AACTCCCCAGAGTGTG_5_1_1	normal	
AACTCCCCATTGCGGC_5_1_1	tumor	
AACTCCCGTCTAGTCA_5_1_1	tumor	
AACTCCCGTTACCGAT_5_1_1	normal	
AACTCCCTCTCGTTTA_5_1_1	normal	
AACTCTTAGAAACCTA_5_1_1	tumor	
AACTCTTAGAGGGCTT_5_1_1	tumor	
AACTCTTAGGGATACC_5_1_1	tumor	
AACTCTTAGTACGATA_5_1_1	normal	
AACTCTTCACCAGGCT_5_1_1	tumor	
AACTCTTGTAAGAGAG_5_1_1	tumor	
AACTCTTGTATCAGTC_5_1_1	tumor	
AACTCTTTCTACTTAC_5_1_1	normal	
AACTGGTAGGCGCTCT_5_1_1	normal	
AACTGGTAGGGTCGAT_5_1_1	normal	
AACTGGTAGTGTCTCA_5_1_1	tumor	
AACTGGTCACCACGTG_5_1_1	normal	
AACTGGTCAGGTCGTC_5_1_1	tumor	
AACTGGTCATTCTCAT_5_1_1	tumor	
AACTGGTGTATGCTTG_5_1_1	tumor	
AACTGGTTCTAACGGT_5_1_1	normal	
AACTGGTTCTGAAAGA_5_1_1	tumor	
AACTTTCAGAAACCTA_5_1_1	normal	
AACTTTCAGCTGTTCA_5_1_1	normal	
AACTTTCAGGAGCGTT_5_1_1	tumor	
AACTTTCCACCACGTG_5_1_1	tumor	
AACTTTCCAGTTCCCT_5_1_1	normal	
AACTTTCGTAACGTTC_5_1_1	tumor	
AACTTTCGTGAGTGAC_5_1_1	tumor	
AACTTTCTCAACGAAA_5_1_1	normal	
AACTTTCTCTGTGCAA_5_1_1	tumor	
AAGACCTAGAAGGTGA_5_1_1	normal	
AAGACCTAGCAGCCTC_5_1_1	tumor	
AAGACCTAGCGATTCT_5_1_1	tumor	
AAGACCTAGGATCGCA_5_1_1	normal	
AAGACCTCAAAGGAAG_5_1_1	normal	
AAGACCTCAGGAATGC_5_1_1	tumor	
AAGACCTCAGGTCTCG_5_1_1	normal	
AAGACCTCATCGATGT_5_1_1	normal	
AAGACCTGTACAGTTC_5_1_1	tumor	
AAGACCTGTGCCTTGG_5_1_1	normal	
AAGACCTTCAATCACG_5_1_1	normal	
AAGACCTTCACATAGC_5_1_1	normal	
AAGACCTTCCTCATTA_5_1_1	tumor	
AAGCCGCAGACAATAC_5_1_1	tumor	
AAGCCGCAGATGGCGT_5_1_1	tumor	
AAGCCGCAGCTGAAAT_5_1_1	normal	
AAGCCGCAGGGAAACA_5_1_1	normal	
AAGCCGCAGTGAACGC_5_1_1	normal	
AAGCCGCAGTTTGCGT_5_1_1	tumor	
AAGCCGCCACACTGCG_5_1_1	normal	
AAGCCGCCAGATCTGT_5_1_1	normal	
AAGCCGCCAGTACACT_5_1_1	tumor	
AAGCCGCGTCTCTTAT_5_1_1	normal	
AAGCCGCGTTATCACG_5_1_1	tumor	
AAGCCGCTCACCACCT_5_1_1	normal	
AAGGAGCAGATTACCC_5_1_1	normal	
AAGGAGCCAGGTGGAT_5_1_1	normal	
AAGGAGCCATCCGTGG_5_1_1	normal	
AAGGAGCGTATGAAAC_5_1_1	normal	
AAGGAGCGTCCGAACC_5_1_1	normal	
AAGGAGCGTCGGCTCA_5_1_1	tumor	
AAGGAGCGTCTACCTC_5_1_1	tumor	
AAGGAGCGTCTCCATC_5_1_1	tumor	
AAGGAGCGTTTAAGCC_5_1_1	tumor	
AAGGAGCTCCAATGGT_5_1_1	tumor	
AAGGAGCTCGTTTGCC_5_1_1	tumor	
AAGGCAGAGGCAAAGA_5_1_1	normal	
AAGGCAGAGTAGTGCG_5_1_1	normal	
AAGGCAGCAGCCACCA_5_1_1	tumor	
AAGGCAGGTACGCTGC_5_1_1	tumor	
AAGGCAGGTATCACCA_5_1_1	tumor	
AAGGCAGGTCCGAACC_5_1_1	tumor	
AAGGCAGGTCGAGTTT_5_1_1	normal	
AAGGCAGTCAAGGCTT_5_1_1	tumor	
AAGGCAGTCACCCGAG_5_1_1	tumor	
AAGGCAGTCAGAGCTT_5_1_1	normal	
AAGGCAGTCCTTGACC_5_1_1	normal	
AAGGTTCAGACCGGAT_5_1_1	tumor	
AAGGTTCAGGCGCTCT_5_1_1	tumor	
AAGGTTCAGTTTAGGA_5_1_1	normal	
AAGGTTCCAGACAAGC_5_1_1	normal	
AAGGTTCCAGCAGTTT_5_1_1	normal	
AAGGTTCCAGCTATTG_5_1_1	tumor	
AAGGTTCCATGCCTAA_5_1_1	tumor	
AAGGTTCCATGCTGGC_5_1_1	tumor	
AAGGTTCCATTCTCAT_5_1_1	tumor	
AAGGTTCTCCTCATTA_5_1_1	normal	
AAGGTTCTCCTGCAGG_5_1_1	normal	
AAGGTTCTCGTATCAG_5_1_1	tumor	
AAGTCTGAGAAACGCC_5_1_1	normal	
AAGTCTGAGAAGCCCA_5_1_1	normal	
AAGTCTGAGCCTCGTG_5_1_1	normal	
AAGTCTGAGGCATGTG_5_1_1	tumor	
AAGTCTGAGGCTATCT_5_1_1	tumor	
AAGTCTGAGGGTTTCT_5_1_1	tumor	
AAGTCTGCATTACGAC_5_1_1	tumor	
AAGTCTGTCAGCTGGC_5_1_1	tumor	
AAGTCTGTCGCATGAT_5_1_1	tumor	
AAGTCTGTCGCGATCG_5_1_1	tumor	
AATCCAGAGACAAGCC_5_1_1	normal	
AATCCAGAGGGATGGG_5_1_1	normal	
AATCCAGAGTACATGA_5_1_1	normal	
AATCCAGAGTGACATA_5_1_1	normal	
AATCCAGCAAGACGTG_5_1_1	tumor	
AATCCAGCACGTCTCT_5_1_1	normal	
AATCCAGCACTATCTT_5_1_1	normal	
AATCCAGCATGGTTGT_5_1_1	tumor	
AATCCAGGTGATAAGT_5_1_1	tumor	
AATCCAGTCTGCCCTA_5_1_1	normal	
AATCGGTAGACTGTAA_5_1_1	tumor	
AATCGGTCAGCCTTGG_5_1_1	tumor	
AATCGGTGTAGTGAAT_5_1_1	tumor	
AATCGGTGTCTCTCTG_5_1_1	normal	
AATCGGTTCGTACGGC_5_1_1	tumor	
ACACCAAAGTACCGGA_5_1_1	tumor	
ACACCAAAGTCCTCCT_5_1_1	normal	
ACACCAACAAACTGTC_5_1_1	tumor	
ACACCAACATATACGC_5_1_1	normal	
ACACCAAGTATAGTAG_5_1_1	tumor	
ACACCAAGTCGCTTCT_5_1_1	tumor	
ACACCAAGTCTTCTCG_5_1_1	tumor	
ACACCAAGTTATCACG_5_1_1	normal	
ACACCAATCCTTGACC_5_1_1	tumor	
ACACCAATCGGTCTAA_5_1_1	tumor	
ACACCCTAGATGCGAC_5_1_1	normal	
ACACCCTAGTCAAGGC_5_1_1	tumor	
ACACCCTAGTCACGCC_5_1_1	normal	
ACACCCTAGTTCCACA_5_1_1	normal	
ACACCCTCAATCAGAA_5_1_1	tumor	
ACACCCTCACAACGTT_5_1_1	normal	
ACACCCTCAGATGGGT_5_1_1	tumor	
ACACCCTCATACAGCT_5_1_1	tumor	
ACACCCTGTACCAGTT_5_1_1	tumor	
ACACCCTGTCTTCGTC_5_1_1	normal	
ACACCCTTCACCTTAT_5_1_1	tumor	
ACACCCTTCGAACGGA_5_1_1	tumor	
ACACCCTTCGGAGGTA_5_1_1	tumor	
ACACCCTTCGTTGACA_5_1_1	tumor	
ACACCGGAGTGGTAAT_5_1_1	tumor	
ACACCGGCACATTCGA_5_1_1	tumor	
ACACCGGCAGGCTCAC_5_1_1	normal	
ACACCGGGTCCGAATT_5_1_1	tumor	
ACACCGGGTCTAAAGA_5_1_1	tumor	
ACACCGGGTGTGTGCC_5_1_1	tumor	
ACACCGGTCGGTGTCG_5_1_1	tumor	
ACACCGGTCGTATCAG_5_1_1	normal	
ACACCGGTCGTTGCCT_5_1_1	tumor	
ACACTGAAGGTGACCA_5_1_1	tumor	
ACACTGACAGGCGATA_5_1_1	normal	
ACACTGAGTAAGTAGT_5_1_1	tumor	
ACACTGAGTCAGAGGT_5_1_1	normal	
ACACTGAGTCCGCTGA_5_1_1	tumor	
ACACTGAGTGAAAGAG_5_1_1	tumor	
ACACTGAGTTACAGAA_5_1_1	tumor	
ACACTGATCCGGGTGT_5_1_1	tumor	
ACACTGATCTGTTTGT_5_1_1	normal	
ACAGCCGAGACAGAGA_5_1_1	tumor	
ACAGCCGAGCCAGAAC_5_1_1	tumor	
ACAGCCGCAATTCCTT_5_1_1	tumor	
ACAGCCGGTACCTACA_5_1_1	normal	
ACAGCCGGTCGTCTTC_5_1_1	tumor	
ACAGCCGGTCTCCACT_5_1_1	tumor	
ACAGCCGGTGGTGTAG_5_1_1	tumor	
ACAGCCGGTTAGTGGG_5_1_1	normal	
ACAGCCGTCCCAAGTA_5_1_1	normal	
ACAGCTAAGGTGATAT_5_1_1	normal	
ACAGCTAAGGTTCCTA_5_1_1	tumor	
ACAGCTAAGTGACTCT_5_1_1	tumor	
ACAGCTACAACACGCC_5_1_1	tumor	
ACAGCTACACACGCTG_5_1_1	normal	
ACAGCTACATCACGTA_5_1_1	normal	yes
ACAGCTAGTCAACTGT_5_1_1	normal	
ACAGCTAGTCAAGCGA_5_1_1	tumor	
ACAGCTAGTCGGCATC_5_1_1	tumor	
ACAGCTAGTCTTGATG_5_1_1	tumor	
ACAGCTATCGCTGATA_5_1_1	normal	
ACAGCTATCGTGGGAA_5_1_1	tumor	
ACATACGAGCTGTTCA_5_1_1	tumor	
ACATACGAGTCTCAAC_5_1_1	normal	
ACATACGCACCAGGTC_5_1_1	normal	
ACATACGGTCAAGCGA_5_1_1	normal	
ACATACGGTCTTGTCC_5_1_1	tumor	
ACATACGGTGTAAGTA_5_1_1	normal	
ACATACGGTTCGGGCT_5_1_1	tumor	
ACATACGTCCAGAGGA_5_1_1	normal	
ACATACGTCTGGTATG_5_1_1	normal	
ACATCAGAGTTAACGA_5_1_1	tumor	
ACATCAGCAAAGGAAG_5_1_1	normal	
ACATCAGCAAGACACG_5_1_1	tumor	
ACATCAGCAAGAGGCT_5_1_1	normal	
ACATCAGCAAGGACTG_5_1_1	normal	
ACATCAGCAGGATCGA_5_1_1	tumor	
ACATCAGCATCTGGTA_5_1_1	tumor	
ACATCAGCATGCTAGT_5_1_1	tumor	
ACATCAGTCCATGAAC_5_1_1	normal	
ACATCAGTCGGATGTT_5_1_1	normal	
ACATGGTAGAGACTTA_5_1_1	normal	
ACATGGTCAAAGGAAG_5_1_1	normal	
ACATGGTCAATCGGTT_5_1_1	normal	yes
ACATGGTCAGCGATCC_5_1_1	normal	
ACATGGTCATAAAGGT_5_1_1	normal	
ACATGGTGTAAACGCG_5_1_1	tumor	
ACATGGTGTACTCGCG_5_1_1	tumor	
ACATGGTGTCTAGAGG_5_1_1	normal	
ACATGGTTCAACGCTA_5_1_1	tumor	
ACATGGTTCGTTACGA_5_1_1	tumor	
ACCAGTAAGACTTTCG_5_1_1	tumor	
ACCAGTAAGAGTACAT_5_1_1	tumor	
ACCAGTAAGCAGGTCA_5_1_1	normal	
ACCAGTAAGCGATATA_5_1_1	tumor	
ACCAGTAAGCGTAGTG_5_1_1	normal	
ACCAGTAAGGGTCGAT_5_1_1	tumor	
ACCAGTACACCATCCT_5_1_1	tumor	
ACCAGTACAGCTATTG_5_1_1	tumor	
ACCAGTATCACCATAG_5_1_1	normal	
ACCAGTATCACTTCAT_5_1_1	tumor	
ACCAGTATCGTCTGCT_5_1_1	tumor	
ACCAGTATCTATCCCG_5_1_1	normal	
ACCCACTAGAACAATC_5_1_1	tumor	
ACCCACTAGATCCCAT_5_1_1	normal	
ACCCACTAGATGTTAG_5_1_1	normal	
ACCCACTCAAGTCATC_5_1_1	normal	
ACCCACTCACAAGTAA_5_1_1	tumor	
ACCCACTCACGGCTAC_5_1_1	normal	
ACCCACTCAGATGGGT_5_1_1	tumor	
ACCCACTCATAAAGGT_5_1_1	normal	
ACCCACTGTCCTCTTG_5_1_1	tumor	
ACCCACTTCCTGCTTG_5_1_1	tumor	
ACCGTAAAGACACTAA_5_1_1	normal	
ACCGTAAAGACTAGAT_5_1_1	tumor	
ACCGTAAAGAGTCGGT_5_1_1	tumor	
ACCGTAAAGCGTAATA_5_1_1	tumor	
ACCGTAAAGCTAGCCC_5_1_1	tumor	
ACCGTAAGTAGGCTGA_5_1_1	normal	
ACCGTAAGTGGTGTAG_5_1_1	normal	
ACCGTAAGTGTCTGAT_5_1_1	tumor	
ACCGTAATCCGAACGC_5_1_1	tumor	
ACCGTAATCCGAATGT_5_1_1	normal	
ACCTTTAAGCAATCTC_5_1_1	tumor	
ACCTTTAAGCCAACAG_5_1_1	normal	
ACCTTTAAGTACGCCC_5_1_1	normal	
ACCTTTAAGTGGTAAT_5_1_1	tumor	
ACCTTTACATCCGCGA_5_1_1	normal	
ACCTTTACATCGGGTC_5_1_1	tumor	
ACCTTTACATGGTCTA_5_1_1	normal	
ACCTTTAGTCCTCCAT_5_1_1	tumor	
ACCTTTAGTCGGGTCT_5_1_1	normal	
ACCTTTAGTGAAAGAG_5_1_1	tumor	
ACCTTTAGTGATGCCC_5_1_1	tumor	
ACCTTTATCTGTCTAT_5_1_1	tumor	
ACGAGCCAGCACCGTC_5_1_1	tumor	
ACGAGCCAGCGTGTCC_5_1_1	normal	
ACGAGCCAGTCTTGCA_5_1_1	tumor	
ACGAGCCAGTGGTAAT_5_1_1	normal	
ACGAGCCCACCGGAAA_5_1_1	tumor	
ACGAGCCGTAGAGGAA_5_1_1	tumor	
ACGAGCCGTCTCAACA_5_1_1	tumor	
ACGAGCCGTGTTCGAT_5_1_1	normal	
ACGAGCCTCAGGCAAG_5_1_1	tumor	
ACGAGCCTCCTTTACA_5_1_1	tumor	
ACGAGGAAGACAGGCT_5_1_1	normal	
ACGAGGAAGGTGCAAC_5_1_1	normal	
ACGAGGACAGATTGCT_5_1_1	normal	
ACGAGGACAGCCTGTG_5_1_1	tumor	
ACGAGGACATACCATG_5_1_1	normal	
ACGAGGAGTTACAGAA_5_1_1	tumor	
ACGAGGATCAGTTAGC_5_1_1	tumor	
ACGATACAGACAGAGA_5_1_1	normal	
ACGATACAGACGCAAC_5_1_1	normal	
ACGATACAGACTAGGC_5_1_1	tumor	
ACGATACAGAGTCGGT_5_1_1	tumor	
ACGATACCAATCACAC_5_1_1	tumor	
ACGATACCACCATCCT_5_1_1	normal	
ACGATACCAGCTGTGC_5_1_1	normal	
ACGATACCAGGTTTCA_5_1_1	tumor	
ACGATACCATACCATG_5_1_1	normal	
ACGATACGTCTAAAGA_5_1_1	tumor	
ACGATACGTCTGATTG_5_1_1	normal	
ACGATACTCTCGCTTG_5_1_1	tumor	
ACGATGTAGACGCACA_5_1_1	normal	
ACGATGTAGATGCGAC_5_1_1	normal	
ACGATGTAGCCGTCGT_5_1_1	normal	
ACGATGTAGCGTCAAG_5_1_1	normal	
ACGATGTAGCTGAAAT_5_1_1	normal	
ACGATGTCAATGGAGC_5_1_1	tumor	
ACGATGTCACCAGTTA_5_1_1	tumor	
ACGATGTGTAGCAAAT_5_1_1	tumor	
ACGATGTGTCCGTTAA_5_1_1	tumor	
ACGATGTTCAACACTG_5_1_1	tumor	
ACGCAGCAGACCTAGG_5_1_1	tumor	
ACGCAGCAGAGTAAGG_5_1_1	tumor	
ACGCAGCAGGTGTGGT_5_1_1	tumor	
ACGCAGCAGTGGACGT_5_1_1	normal	
ACGCAGCCACCGCTAG_5_1_1	tumor	
ACGCAGCCAGCTGTGC_5_1_1	tumor	
ACGCAGCTCCTCAACC_5_1_1	tumor	
ACGCAGCTCGAATCCA_5_1_1	normal	
ACGCAGCTCTAGAGTC_5_1_1	tumor	
ACGCAGCTCTCTGTCG_5_1_1	tumor	
ACGCCAGAGGAGTTGC_5_1_1	tumor	
ACGCCAGAGTGGGCTA_5_1_1	normal	
ACGCCAGCACAGGAGT_5_1_1	tumor	
ACGCCAGCACCACCAG_5_1_1	normal	
ACGCCAGCACGGACAA_5_1_1	normal	
ACGCCAGCAGACACTT_5_1_1	normal	
ACGCCAGCATGGTCTA_5_1_1	normal	
ACGCCAGGTACTTGAC_5_1_1	normal	
ACGCCAGGTGATGTGG_5_1_1	tumor	
ACGCCAGGTGCGAAAC_5_1_1	tumor	
ACGCCAGGTGGTCCGT_5_1_1	tumor	
ACGCCAGTCAATCTCT_5_1_1	normal	
ACGCCAGTCATACGGT_5_1_1	tumor	
ACGCCAGTCCAGGGCT_5_1_1	normal	
ACGCCAGTCCTATGTT_5_1_1	normal	
ACGCCAGTCGGTGTTA_5_1_1	tumor	
ACGCCGAAGGGTCTCC_5_1_1	normal	
ACGCCGACACCGTTGG_5_1_1	tumor	
ACGCCGACATGGTTGT_5_1_1	normal	
ACGCCGAGTACTTCTT_5_1_1	normal	
ACGCCGAGTAGAGTGC_5_1_1	tumor	
ACGCCGAGTCGGATCC_5_1_1	normal	
ACGCCGATCGGAATCT_5_1_1	tumor	
ACGCCGATCTACTTAC_5_1_1	tumor	
ACGGAGACAAAGAATC_5_1_1	normal	
ACGGAGACAGCGAACA_5_1_1	normal	
ACGGAGAGTGTTTGGT_5_1_1	normal	
ACGGCCAAGATGAGAG_5_1_1	normal	yes
ACGGCCACAGACGCAA_5_1_1	tumor	
ACGGCCACAGCTGCTG_5_1_1	tumor	
ACGGCCACATCGACGC_5_1_1	normal	
ACGGCCACATGTTGAC_5_1_1	tumor	
ACGGCCAGTAAAGTCA_5_1_1	tumor	
ACGGCCAGTAGAGTGC_5_1_1	tumor	
ACGGCCAGTTAAGTAG_5_1_1	normal	
ACGGCCATCCGTCAAA_5_1_1	tumor	
ACGGCCATCTTACCGC_5_1_1	tumor	
ACGGGCTAGAGGTTGC_5_1_1	tumor	
ACGGGCTAGCACAGGT_5_1_1	tumor	
ACGGGCTAGCTCCCAG_5_1_1	tumor	
ACGGGCTCAGCATGAG_5_1_1	tumor	
ACGGGCTGTCGGCACT_5_1_1	normal	
ACGGGCTGTTCTCATT_5_1_1	normal	
ACGGGCTTCACCACCT_5_1_1	tumor	
ACGGGCTTCACCTCGT_5_1_1	tumor	
ACGGGCTTCTCTGAGA_5_1_1	tumor	
ACGGGTCAGAGTGACC_5_1_1	tumor	
ACGGGTCAGCGATGAC_5_1_1	tumor	
ACGGGTCAGTTACCCA_5_1_1	tumor	
ACGGGTCGTCCCTTGT_5_1_1	tumor	
ACGGGTCGTGGGTATG_5_1_1	tumor	
ACGGGTCGTGTGACGA_5_1_1	tumor	
ACGGGTCTCCAAAGTC_5_1_1	tumor	
ACGTCAAAGAGCAATT_5_1_1	tumor	
ACGTCAAAGTACCGGA_5_1_1	tumor	
ACGTCAAAGTAGCGGT_5_1_1	tumor	
ACGTCAAAGTTTGCGT_5_1_1	tumor	
ACGTCAACAGTTAACC_5_1_1	tumor	
ACGTCAACATGTTCCC_5_1_1	tumor	
ACGTCAAGTGCCTTGG_5_1_1	normal	
ACGTCAAGTGCTCTTC_5_1_1	tumor	
ACGTCAAGTGGAAAGA_5_1_1	normal	
ACGTCAAGTTGGTTTG_5_1_1	tumor	
ACTATCTAGCCACGCT_5_1_1	tumor	
ACTATCTAGTACGACG_5_1_1	tumor	
ACTATCTAGTATTGGA_5_1_1	tumor	
ACTATCTCAGTCTTCC_5_1_1	normal	
ACTATCTGTATAATGG_5_1_1	tumor	
ACTATCTGTCTAGTGT_5_1_1	normal	
ACTATCTGTGCAGACA_5_1_1	normal	
ACTGAACAGATGCGAC_5_1_1	tumor	
ACTGAACCAAGCTGGA_5_1_1	normal	
ACTGAACCACGTCAGC_5_1_1	normal	
ACTGAACCAGGTCGTC_5_1_1	tumor	
ACTGAACGTGCGAAAC_5_1_1	normal	
ACTGAACTCCTCTAGC_5_1_1	normal	
ACTGAGTAGATGTGGC_5_1_1	normal	
ACTGAGTAGTCCGGTC_5_1_1	tumor	
ACTGAGTCAATGTAAG_5_1_1	tumor	
ACTGAGTCAGACGCAA_5_1_1	normal	
ACTGAGTCATGCAATC_5_1_1	normal	
ACTGAGTGTATCAGTC_5_1_1	tumor	
ACTGAGTGTCATACTG_5_1_1	tumor	
ACTGAGTGTTTAAGCC_5_1_1	normal	
ACTGAGTTCATACGGT_5_1_1	tumor	
ACTGAGTTCCCGGATG_5_1_1	normal	
ACTGATGAGCTCCTTC_5_1_1	normal	
ACTGATGAGTGCAAGC_5_1_1	tumor	
ACTGATGCAGCTATTG_5_1_1	tumor	
ACTGATGGTACCATCA_5_1_1	tumor	
ACTGATGGTCATACTG_5_1_1	normal	
ACTGATGGTCCGCTGA_5_1_1	tumor	
ACTGATGGTCTGGAGA_5_1_1	normal	
ACTGATGTCTCAACTT_5_1_1	tumor	
ACTGCTCAGGTCGGAT_5_1_1	tumor	
ACTGCTCAGTGTCTCA_5_1_1	normal	
ACTGCTCCAGCCACCA_5_1_1	tumor	
ACTGCTCCATGCATGT_5_1_1	normal	
ACTGCTCGTCATCGGC_5_1_1	normal	
ACTGCTCGTCGCATAT_5_1_1	normal	
ACTGCTCGTTCCACAA_5_1_1	normal	
ACTGCTCTCAACACGT_5_1_1	tumor	
ACTGCTCTCCTTGCCA_5_1_1	tumor	
ACTGCTCTCTTGAGGT_5_1_1	normal	
ACTGTCCAGATTACCC_5_1_1	tumor	
ACTGTCCCACGGTAAG_5_1_1	tumor	
ACTGTCCCACGGTGTC_5_1_1	normal	
ACTGTCCCAGTCTTCC_5_1_1	tumor	
ACTGTCCCATAAAGGT_5_1_1	tumor	
ACTGTCCGTAGCTGCC_5_1_1	normal	
ACTGTCCTCAAGCCTA_5_1_1	normal	
ACTTACTAGAAACGAG_5_1_1	normal	
ACTTACTAGCAGACTG_5_1_1	tumor	
ACTTACTAGCTAGGCA_5_1_1	tumor	
ACTTACTCAAGGACAC_5_1_1	normal	
ACTTACTGTAACGTTC_5_1_1	tumor	
ACTTACTGTACCATCA_5_1_1	tumor	
ACTTACTGTCCTCCAT_5_1_1	normal	
ACTTACTGTCTAGGTT_5_1_1	tumor	
ACTTACTGTGATAAGT_5_1_1	tumor	
ACTTACTTCCAAGTAC_5_1_1	tumor	
ACTTACTTCCCTCTTT_5_1_1	tumor	
ACTTACTTCGCCAAAT_5_1_1	tumor	
ACTTGTTAGATGTAAC_5_1_1	tumor	
ACTTGTTAGCCAGAAC_5_1_1	tumor	
ACTTGTTAGCCGTCGT_5_1_1	normal	
ACTTGTTCACCAACCG_5_1_1	normal	
ACTTGTTCAGCCAATT_5_1_1	tumor	
ACTTGTTGTCGCGGTT_5_1_1	tumor	
ACTTGTTGTCTTGATG_5_1_1	tumor	
ACTTGTTGTGCCTTGG_5_1_1	normal	
ACTTGTTGTGGCAAAC_5_1_1	normal	
ACTTGTTGTTCGTCTC_5_1_1	normal	
ACTTGTTTCGGCATCG_5_1_1	tumor	
ACTTGTTTCTCCAACC_5_1_1	tumor	
ACTTTCAAGTAACCCT_5_1_1	tumor	
ACTTTCACAGCCTATA_5_1_1	normal	
ACTTTCACATCACGAT_5_1_1	normal	
ACTTTCATCCGAAGAG_5_1_1	normal	
ACTTTCATCCGCATAA_5_1_1	tumor	
ACTTTCATCTCTAGGA_5_1_1	tumor	
AGAATAGAGAGTGAGA_5_1_1	normal	
AGAATAGAGCGTCTAT_5_1_1	normal	
AGAATAGAGGAGTACC_5_1_1	tumor	
AGAATAGAGGCGACAT_5_1_1	tumor	
AGAATAGAGGCTCTTA_5_1_1	tumor	
AGAATAGAGGGTCTCC_5_1_1	normal	
AGAATAGCACGGCGTT_5_1_1	normal	
AGAATAGCAGGAACGT_5_1_1	tumor	
AGAATAGCATTGGTAC_5_1_1	normal	
AGAATAGGTAAATACG_5_1_1	normal	
AGAATAGGTTAAGTAG_5_1_1	tumor	
AGAATAGTCAACCATG_5_1_1	normal	
AGAATAGTCGCCAGCA_5_1_1	tumor	
AGAATAGTCGGTTAAC_5_1_1	normal	
AGAATAGTCTCAACTT_5_1_1	tumor	
AGAATAGTCTCTTGAT_5_1_1	tumor	
AGACGTTAGGGAGTAA_5_1_1	tumor	
AGACGTTCAATGGATA_5_1_1	tumor	
AGACGTTCAGACGCCT_5_1_1	tumor	
AGACGTTCAGCTCGCA_5_1_1	normal	
AGACGTTCAGGGTACA_5_1_1	tumor	
AGACGTTCAGTGAGTG_5_1_1	normal	
AGACGTTGTGTGACCC_5_1_1	tumor	
AGACGTTTCAACCAAC_5_1_1	tumor	
AGACGTTTCAACGAAA_5_1_1	normal	
AGACGTTTCCACGAAT_5_1_1	normal	
AGACGTTTCCGTTGCT_5_1_1	tumor	
AGACGTTTCCTGCCAT_5_1_1	tumor	
AGAGCGAAGAGTCTGG_5_1_1	tumor	
AGAGCGAAGGGAAACA_5_1_1	normal	
AGAGCGAAGGGTCTCC_5_1_1	normal	
AGAGCGAAGTACGTAA_5_1_1	normal	
AGAGCGACAAAGTGCG_5_1_1	tumor	
AGAGCGAGTGCTCTTC_5_1_1	normal	
AGAGCGAGTTAGTGGG_5_1_1	tumor	
AGAGCGAGTTCGTTGA_5_1_1	normal	
AGAGCGATCGTGGTCG_5_1_1	normal	
AGAGCGATCTTATCTG_5_1_1	tumor	
AGAGCTTAGAACTCGG_5_1_1	tumor	
AGAGCTTAGCCACCTG_5_1_1	tumor	
AGAGCTTAGCCCTAAT_5_1_1	tumor	
AGAGCTTAGGGAACGG_5_1_1	tumor	
AGAGCTTAGGTGCTTT_5_1_1	tumor	
AGAGCTTCACATCCAA_5_1_1	normal	
AGAGCTTCACTAGTAC_5_1_1	tumor	
AGAGCTTCATTACGAC_5_1_1	tumor	
AGAGCTTGTCCAGTAT_5_1_1	tumor	
AGAGCTTTCAGTTGAC_5_1_1	tumor	
AGAGTGGAGAGGTTGC_5_1_1	normal	
AGAGTGGAGCTACCGC_5_1_1	normal	
AGAGTGGCAATAAGCA_5_1_1	normal	
AGAGTGGCATTGCGGC_5_1_1	normal	
AGAGTGGGTAGCGATG_5_1_1	normal	
AGAGTGGGTATGAATG_5_1_1	tumor	
AGAGTGGGTCTCCATC_5_1_1	tumor	
AGAGTGGGTGTGGTTT_5_1_1	tumor	
AGAGTGGTCACATGCA_5_1_1	tumor	
AGAGTGGTCCCGACTT_5_1_1	normal	
AGATCTGAGAGACTAT_5_1_1	normal	
AGATCTGAGGCATGGT_5_1_1	normal	
AGATCTGAGTCTCGGC_5_1_1	normal	
AGATCTGCAGATGGCA_5_1_1	normal	
AGATTGCAGCAATATG_5_1_1	normal	
AGATTGCAGCGTGAGT_5_1_1	normal	
AGATTGCAGCGTGTCC_5_1_1	normal	
AGATTGCAGCTGAAAT_5_1_1	tumor	
AGATTGCCAAACCCAT_5_1_1	tumor	
AGATTGCCAAACTGTC_5_1_1	tumor	
AGATTGCCAAAGCGGT_5_1_1	tumor	
AGATTGCCACAGGAGT_5_1_1	tumor	
AGATTGCGTAATAGCA_5_1_1	tumor	
AGATTGCGTACCATCA_5_1_1	tumor	
AGATTGCGTAGCTGCC_5_1_1	tumor	
AGATTGCGTTGGAGGT_5_1_1	normal	
AGATTGCGTTGGGACA_5_1_1	tumor	
AGATTGCTCAACGCTA_5_1_1	tumor	
AGATTGCTCAGATAAG_5_1_1	tumor	
AGATTGCTCCTCATTA_5_1_1	normal	
AGATTGCTCTGCCAGG_5_1_1	normal	
AGCAGCCAGGGCATGT_5_1_1	tumor	
AGCAGCCCACCTGGTG_5_1_1	tumor	
AGCAGCCCACTATCTT_5_1_1	tumor	
AGCAGCCGTATGAAAC_5_1_1	normal	
AGCAGCCGTGATGTGG_5_1_1	normal	
AGCAGCCGTTGCCTCT_5_1_1	normal	
AGCAGCCTCCAATGGT_5_1_1	normal	
AGCAGCCTCGAGAGCA_5_1_1	normal	
AGCATACAGCGTGAGT_5_1_1	normal	
AGCATACAGGGCTTGA_5_1_1	tumor	
AGCATACAGTCCTCCT_5_1_1	normal	
AGCATACAGTGCAAGC_5_1_1	tumor	
AGCATACCAATCGAAA_5_1_1	tumor	
AGCATACCACTGTCGG_5_1_1	tumor	
AGCATACGTCTGGAGA_5_1_1	normal	
AGCATACGTCTTCTCG_5_1_1	tumor	
AGCATACTCAGCTTAG_5_1_1	tumor	
AGCATACTCCTAGTGA_5_1_1	normal	
AGCATACTCTATCCCG_5_1_1	normal	
AGCATACTCTGTTTGT_5_1_1	normal	
AGCCTAAAGAGATGAG_5_1_1	normal	
AGCCTAAAGCCCTAAT_5_1_1	tumor	
AGCCTAAAGTGGACGT_5_1_1	tumor	
AGCCTAACAAGGACTG_5_1_1	tumor	
AGCCTAACATCGATGT_5_1_1	normal	
AGCCTAAGTATCTGCA_5_1_1	tumor	
AGCCTAAGTCATACTG_5_1_1	normal	
AGCCTAAGTCGGGTCT_5_1_1	tumor	
AGCCTAAGTGCAACGA_5_1_1	normal	
AGCCTAAGTTAAGAAC_5_1_1	tumor	
AGCCTAAGTTGACGTT_5_1_1	tumor	
AGCCTAATCCTTTCTC_5_1_1	tumor	
AGCGGTCAGCTAGCCC_5_1_1	normal	
AGCGGTCAGGTAAACT_5_1_1	tumor	
AGCGGTCCAAGCGAGT_5_1_1	tumor	
AGCGGTCCACCTCGTT_5_1_1	normal	
AGCGGTCCACGACTCG_5_1_1	tumor	
AGCGGTCCACGAGAGT_5_1_1	normal	
AGCGGTCCATTTGCCC_5_1_1	tumor	
AGCGGTCGTCCTAGCG_5_1_1	tumor	
AGCGGTCGTGGTGTAG_5_1_1	normal	
AGCGGTCTCCTCATTA_5_1_1	tumor	
AGCGTATAGCTAGGCA_5_1_1	tumor	
AGCGTATAGGATATAC_5_1_1	tumor	
AGCGTATAGTTATCGC_5_1_1	tumor	
AGCGTATGTAAATACG_5_1_1	tumor	
AGCGTATGTGTTCGAT_5_1_1	tumor	
AGCGTATTCCAACCAA_5_1_1	tumor	
AGCGTATTCCTAAGTG_5_1_1	normal	
AGCGTCGAGCCAGAAC_5_1_1	tumor	
AGCGTCGCAATCTGCA_5_1_1	normal	
AGCGTCGCATGGGAAC_5_1_1	normal	
AGCGTCGGTAAATACG_5_1_1	tumor	
AGCGTCGGTCTTGATG_5_1_1	tumor	
AGCGTCGGTGCCTTGG_5_1_1	normal	
AGCGTCGTCTGCAAGT_5_1_1	tumor	
AGCTCCTAGACATAAC_5_1_1	normal	
AGCTCCTAGATATGGT_5_1_1	tumor	
AGCTCCTAGTGGCACA_5_1_1	normal	
AGCTCCTGTCATCCCT_5_1_1	normal	
AGCTCCTGTCGACTGC_5_1_1	tumor	
AGCTCCTGTCGAGTTT_5_1_1	normal	
AGCTCCTGTCTGCCAG_5_1_1	normal	
AGCTCCTGTCTTGTCC_5_1_1	normal	
AGCTCCTTCGCAGGCT_5_1_1	normal	
AGCTCTCAGAGTACCG_5_1_1	tumor	
AGCTCTCAGATAGTCA_5_1_1	normal	
AGCTCTCCAGATAATG_5_1_1	normal	
AGCTCTCCAGCTGCTG_5_1_1	tumor	
AGCTCTCCAGCTGTGC_5_1_1	tumor	
AGCTCTCCATATGAGA_5_1_1	tumor	
AGCTCTCGTACCCAAT_5_1_1	tumor	
AGCTCTCGTACTCTCC_5_1_1	tumor	
AGCTCTCGTGGCTCCA_5_1_1	normal	
AGCTCTCGTTTACTCT_5_1_1	tumor	
AGCTCTCTCGATCCCT_5_1_1	tumor	
AGCTCTCTCGCCCTTA_5_1_1	tumor	
AGCTCTCTCTGGTATG_5_1_1	tumor	
AGCTTGAAGGGATACC_5_1_1	normal	
AGCTTGACAAGAAGAG_5_1_1	normal	
AGCTTGACACTTCTGC_5_1_1	tumor	
AGCTTGACATTAGCCA_5_1_1	normal	
AGCTTGAGTCATCCCT_5_1_1	normal	
AGCTTGAGTGGTCCGT_5_1_1	normal	yes
AGCTTGAGTTATCACG_5_1_1	normal	
AGCTTGATCGAATCCA_5_1_1	normal	
AGCTTGATCGCAAGCC_5_1_1	tumor	
AGCTTGATCTCCTATA_5_1_1	tumor	
AGGCCACAGGGCATGT_5_1_1	normal	
AGGCCACAGTGCAAGC_5_1_1	tumor	
AGGCCACAGTTGAGAT_5_1_1	normal	
AGGCCACCAAGACGTG_5_1_1	tumor	
AGGCCACCAAGTCTAC_5_1_1	tumor	
AGGCCACCAATGGATA_5_1_1	tumor	
AGGCCACCACCCATTC_5_1_1	normal	
AGGCCACCACCTCGTT_5_1_1	tumor	
AGGCCACCAGCTATTG_5_1_1	normal	
AGGCCACCATACTACG_5_1_1	tumor	
AGGCCACGTAGTAGTA_5_1_1	normal	
AGGCCACGTCTTCGTC_5_1_1	tumor	
AGGCCACTCAACCATG_5_1_1	tumor	
AGGCCACTCTTGACGA_5_1_1	tumor	
AGGCCGTAGCTCCTCT_5_1_1	tumor	
AGGCCGTAGCTGCGAA_5_1_1	tumor	
AGGCCGTCAGCGTCCA_5_1_1	tumor	
AGGCCGTCATTTCAGG_5_1_1	normal	
AGGCCGTGTAACGACG_5_1_1	normal	
AGGCCGTGTTCAGCGC_5_1_1	tumor	
AGGCCGTGTTTAGGAA_5_1_1	normal	
AGGCCGTTCACAGGCC_5_1_1	normal	
AGGCCGTTCCGCAAGC_5_1_1	tumor	
AGGCCGTTCGCAGGCT_5_1_1	normal	
AGGCCGTTCTGGGCCA_5_1_1	normal	
AGGGAGTAGATGCCAG_5_1_1	tumor	
AGGGAGTAGCCCAATT_5_1_1	tumor	
AGGGAGTAGCCTCGTG_5_1_1	tumor	
AGGGAGTAGGGTGTTG_5_1_1	tumor	
AGGGAGTCACAGATTC_5_1_1	normal	
AGGGAGTCAGGGTACA_5_1_1	tumor	
AGGGAGTCATATGCTG_5_1_1	tumor	
AGGGAGTGTATCGCAT_5_1_1	tumor	
AGGGAGTGTGAAGGCT_5_1_1	tumor	
AGGGAGTTCATCGGAT_5_1_1	normal	
AGGGATGCAAGCCGCT_5_1_1	tumor	
AGGGATGCAATCGGTT_5_1_1	tumor	
AGGGATGCAATGAAAC_5_1_1	normal	
AGGGATGCAGGACGTA_5_1_1	normal	
AGGGATGGTACACCGC_5_1_1	tumor	
AGGGATGGTACGACCC_5_1_1	tumor	
AGGGATGGTAGCTCCG_5_1_1	normal	
AGGGATGGTTGTCGCG_5_1_1	tumor	
AGGGATGTCAAGGTAA_5_1_1	tumor	
AGGGATGTCAGCAACT_5_1_1	normal	
AGGGATGTCCGTCATC_5_1_1	tumor	
AGGGATGTCTGGGCCA_5_1_1	normal	
AGGGTGAAGATATGGT_5_1_1	tumor	
AGGGTGAAGCCACTAT_5_1_1	normal	
AGGGTGAAGCTAGTCT_5_1_1	normal	
AGGGTGAAGTCACGCC_5_1_1	tumor	
AGGGTGAAGTGGGATC_5_1_1	normal	
AGGGTGACACGGCGTT_5_1_1	normal	
AGGGTGACATAGAAAC_5_1_1	normal	
AGGGTGAGTCTTCAAG_5_1_1	normal	
AGGGTGATCACTATTC_5_1_1	tumor	
AGGGTGATCAGCTGGC_5_1_1	tumor	
AGGGTGATCCAGTAGT_5_1_1	tumor	
AGGGTGATCGAGCCCA_5_1_1	normal	
AGGGTGATCTGAAAGA_5_1_1	tumor	
AGGTCATAGGCATGTG_5_1_1	tumor	
AGGTCATCAATGGATA_5_1_1	tumor	
AGGTCATGTCGAAAGC_5_1_1	normal	
AGGTCATGTCGGCTCA_5_1_1	tumor	
AGGTCATGTCTAGCGC_5_1_1	tumor	
AGGTCATTCAACTCTT_5_1_1	normal	
AGGTCATTCCAGATCA_5_1_1	tumor	
AGGTCATTCGTCTGCT_5_1_1	normal	
AGGTCATTCGTTTGCC_5_1_1	tumor	
AGGTCATTCTCTTGAT_5_1_1	tumor	
AGGTCATTCTGCCAGG_5_1_1	tumor	
AGGTCCGAGACCACGA_5_1_1	tumor	
AGGTCCGAGCTAGCCC_5_1_1	tumor	
AGGTCCGAGGGAGTAA_5_1_1	tumor	
AGGTCCGCAAGTCTGT_5_1_1	tumor	
AGGTCCGCACGAAATA_5_1_1	tumor	
AGGTCCGGTGACGCCT_5_1_1	tumor	
AGGTCCGGTTATGCGT_5_1_1	tumor	
AGGTCCGGTTTAAGCC_5_1_1	normal	
AGGTCCGTCAATCACG_5_1_1	normal	
AGGTCCGTCGTAGATC_5_1_1	normal	yes
AGGTCCGTCTCGAGTA_5_1_1	tumor	
AGTAGTCAGAGGTAGA_5_1_1	normal	
AGTAGTCAGAGTAATC_5_1_1	tumor	
AGTAGTCAGGAATCGC_5_1_1	normal	
AGTAGTCAGGACCACA_5_1_1	tumor	
AGTAGTCAGGTGTTAA_5_1_1	tumor	
AGTAGTCCATGATCCA_5_1_1	tumor	
AGTAGTCGTAGGAGTC_5_1_1	normal	
AGTAGTCGTGCTCTTC_5_1_1	tumor	
AGTAGTCTCGGAGCAA_5_1_1	tumor	
AGTCTTTAGACCGGAT_5_1_1	normal	
AGTCTTTAGATATACG_5_1_1	normal	
AGTCTTTAGCCCAGCT_5_1_1	normal	
AGTCTTTAGCGCCTCA_5_1_1	tumor	
AGTCTTTCACCGCTAG_5_1_1	normal	
AGTCTTTGTAAGTTCC_5_1_1	tumor	
AGTCTTTGTGAACCTT_5_1_1	tumor	
AGTCTTTGTTGCTCCT_5_1_1	normal	
AGTCTTTTCAGCGATT_5_1_1	normal	
AGTCTTTTCAGTGCAT_5_1_1	tumor	
AGTCTTTTCCGTCAAA_5_1_1	normal	
AGTCTTTTCGCGATCG_5_1_1	normal	
AGTGAGGAGTATCTCG_5_1_1	tumor	
AGTGAGGAGTGTGGCA_5_1_1	normal	
AGTGAGGAGTTCGATC_5_1_1	tumor	
AGTGAGGCACATGTGT_5_1_1	normal	
AGTGAGGCACATTTCT_5_1_1	normal	
AGTGAGGCAGTGGGAT_5_1_1	tumor	
AGTGAGGCATTCCTGC_5_1_1	tumor	
AGTGAGGCATTCGACA_5_1_1	normal	
AGTGAGGGTATTCGTG_5_1_1	tumor	
AGTGAGGGTCCAGTGC_5_1_1	tumor	
AGTGAGGGTCGCATCG_5_1_1	tumor	
AGTGAGGTCAACACCA_5_1_1	normal	
AGTGGGAAGACTAAGT_5_1_1	normal	
AGTGGGAAGCGTCAAG_5_1_1	normal	
AGTGGGAAGTGCAAGC_5_1_1	tumor	
AGTGGGACAAGCGAGT_5_1_1	tumor	
AGTGGGACAATGGACG_5_1_1	normal	
AGTGGGACACAACTGT_5_1_1	tumor	
AGTGGGACACGGTGTC_5_1_1	tumor	
AGTGGGACAGCTGCAC_5_1_1	normal	
AGTGGGAGTAAGAGAG_5_1_1	normal	
AGTGGGAGTAGAAAGG_5_1_1	normal	
AGTGGGAGTTCGTGAT_5_1_1	tumor	
AGTGGGATCCAGTAGT_5_1_1	normal	
AGTGGGATCCTCATTA_5_1_1	normal	
AGTGTCAAGCCACCTG_5_1_1	tumor	
AGTGTCAAGGTTACCT_5_1_1	tumor	
AGTGTCAAGTCATGCT_5_1_1	tumor	
AGTGTCACAAACCCAT_5_1_1	tumor	
AGTGTCACAAATCCGT_5_1_1	tumor	
AGTGTCACAGAAGCAC_5_1_1	tumor	
AGTGTCACAGCATGAG_5_1_1	tumor	
AGTGTCAGTAAGCACG_5_1_1	tumor	
AGTGTCAGTACTTGAC_5_1_1	tumor	
AGTGTCAGTCTTTCAT_5_1_1	normal	
AGTGTCATCCATGAGT_5_1_1	tumor	
AGTGTCATCGTCCAGG_5_1_1	tumor	
AGTTGGTAGACTAAGT_5_1_1	normal	
AGTTGGTAGCTCAACT_5_1_1	tumor	
AGTTGGTAGGCCCTTG_5_1_1	tumor	
AGTTGGTAGGCTAGGT_5_1_1	normal	
AGTTGGTAGTCGATAA_5_1_1	tumor	
AGTTGGTCAAGCGATG_5_1_1	tumor	
AGTTGGTCAATGTTGC_5_1_1	tumor	
AGTTGGTCATCGGTTA_5_1_1	tumor	
AGTTGGTGTTCGGGCT_5_1_1	normal	
AGTTGGTTCACAGTAC_5_1_1	normal	
AGTTGGTTCCTTCAAT_5_1_1	tumor	
ATAACGCAGACGCACA_5_1_1	normal	
ATAACGCCAACTTGAC_5_1_1	tumor	
ATAACGCCAAGCGAGT_5_1_1	normal	
ATAACGCCACCGATAT_5_1_1	tumor	
ATAACGCCACTGCCAG_5_1_1	tumor	
ATAACGCCATGCAATC_5_1_1	tumor	
ATAACGCGTAAGGATT_5_1_1	normal	
ATAACGCGTACCAGTT_5_1_1	normal	
ATAACGCGTACTCTCC_5_1_1	normal	
ATAACGCGTAGGCATG_5_1_1	tumor	
ATAACGCGTCGATTGT_5_1_1	normal	
ATAACGCGTGCCTGGT_5_1_1	tumor	
ATAACGCTCCAGAGGA_5_1_1	tumor	
ATAACGCTCCATTCTA_5_1_1	tumor	
ATAACGCTCTGCAGTA_5_1_1	normal	
ATAAGAGAGAGAGCTC_5_1_1	normal	
ATAAGAGAGATCCGAG_5_1_1	normal	
ATAAGAGCACCTATCC_5_1_1	tumor	
ATAAGAGCAGCTTCGG_5_1_1	normal	
ATAAGAGCATGGTCAT_5_1_1	tumor	
ATAAGAGGTCTCATCC_5_1_1	tumor	
ATAAGAGGTTCACCTC_5_1_1	tumor	
ATAGACCAGTACGTAA_5_1_1	normal	
ATAGACCCACTGAAGG_5_1_1	normal	
ATAGACCTCCGTAGGC_5_1_1	tumor	
ATAGACCTCTAACTGG_5_1_1	tumor	
ATAGACCTCTGCCCTA_5_1_1	normal	
ATCACGAAGAGGGATA_5_1_1	normal	
ATCACGACAATGTTGC_5_1_1	tumor	
ATCACGACACGGTTTA_5_1_1	tumor	
ATCACGACATAAAGGT_5_1_1	tumor	
ATCACGAGTAAAGGAG_5_1_1	normal	
ATCACGATCCGCTGTT_5_1_1	tumor	
ATCATCTAGAGCTGCA_5_1_1	normal	
ATCATCTAGAGGGCTT_5_1_1	tumor	
ATCATCTAGATACACA_5_1_1	tumor	
ATCATCTAGATGTGTA_5_1_1	normal	
ATCATCTAGCTTATCG_5_1_1	normal	
ATCATCTAGTCCATAC_5_1_1	normal	
ATCATCTCAAGCGAGT_5_1_1	tumor	
ATCATCTCACTATCTT_5_1_1	normal	
ATCATCTGTACATGTC_5_1_1	tumor	
ATCATCTGTACCTACA_5_1_1	tumor	
ATCATCTGTCGCGTGT_5_1_1	tumor	
ATCATCTTCGACCAGC_5_1_1	tumor	
ATCATCTTCTGCAGTA_5_1_1	tumor	
ATCATCTTCTGCTTGC_5_1_1	normal	yes
ATCATGGAGAGTGACC_5_1_1	normal	
ATCATGGAGATGTGTA_5_1_1	tumor	
ATCATGGAGTCAAGCG_5_1_1	tumor	
ATCATGGCACACCGAC_5_1_1	tumor	
ATCATGGCACATGTGT_5_1_1	normal	
ATCATGGCAGTTCATG_5_1_1	normal	
ATCATGGCATGCGCAC_5_1_1	tumor	
ATCATGGGTATAATGG_5_1_1	normal	
ATCATGGGTCCCGACA_5_1_1	tumor	
ATCATGGTCACAGTAC_5_1_1	tumor	
ATCATGGTCAGTTGAC_5_1_1	tumor	
ATCATGGTCCAAATGC_5_1_1	tumor	
ATCATGGTCTACGAGT_5_1_1	tumor	
ATCATGGTCTATCCCG_5_1_1	tumor	
ATCCACCAGACCTAGG_5_1_1	normal	
ATCCACCAGCAGCCTC_5_1_1	normal	
ATCCACCAGCAGGTCA_5_1_1	tumor	
ATCCACCCAAGCGTAG_5_1_1	tumor	
ATCCACCCACATCTTT_5_1_1	tumor	
ATCCACCGTATGGTTC_5_1_1	normal	
ATCCACCTCATAAAGG_5_1_1	tumor	
ATCCACCTCCAAGCCG_5_1_1	normal	
ATCCGAAAGCGCCTTG_5_1_1	tumor	
ATCCGAAAGTTAGCGG_5_1_1	normal	
ATCCGAAAGTTGCAGG_5_1_1	normal	
ATCCGAAGTAACGACG_5_1_1	normal	
ATCCGAAGTAGGAGTC_5_1_1	tumor	
ATCCGAAGTCACACGC_5_1_1	tumor	
ATCCGAATCTAACTGG_5_1_1	tumor	
ATCGAGTAGTACATGA_5_1_1	tumor	
ATCGAGTCAATGGATA_5_1_1	normal	
ATCGAGTCATGCAATC_5_1_1	tumor	
ATCGAGTGTTGGTTTG_5_1_1	normal	
ATCGAGTTCCAACCAA_5_1_1	normal	
ATCGAGTTCTTGCATT_5_1_1	tumor	
ATCTACTAGCGATGAC_5_1_1	normal	
ATCTACTAGCTGTCTA_5_1_1	tumor	
ATCTACTAGGACATTA_5_1_1	tumor	
ATCTACTCACGGTGTC_5_1_1	tumor	
ATCTACTCACTGTCGG_5_1_1	tumor	
ATCTACTGTCTGCCAG_5_1_1	tumor	
ATCTACTTCCTTTCTC_5_1_1	tumor	
ATCTGCCAGCGGATCA_5_1_1	tumor	
ATCTGCCAGTTCGCGC_5_1_1	tumor	
ATCTGCCCAAGTTCTG_5_1_1	normal	
ATCTGCCCACCAGATT_5_1_1	tumor	
ATCTGCCCAGATCGGA_5_1_1	normal	
ATCTGCCGTAGTACCT_5_1_1	tumor	
ATCTGCCGTGAGTGAC_5_1_1	tumor	
ATCTGCCGTGGTACAG_5_1_1	tumor	
ATCTGCCTCACCTCGT_5_1_1	tumor	
ATCTGCCTCCAGGGCT_5_1_1	tumor	
ATCTGCCTCTAACCGA_5_1_1	tumor	
ATGAGGGAGAGTAAGG_5_1_1	normal	
ATGAGGGCAAGACACG_5_1_1	normal	
ATGAGGGCACTAGTAC_5_1_1	tumor	
ATGAGGGCATGTCCTC_5_1_1	normal	
ATGAGGGTCACCTTAT_5_1_1	tumor	
ATGAGGGTCACGGTTA_5_1_1	normal	
ATGAGGGTCATAGCAC_5_1_1	normal	
ATGAGGGTCTTACCTA_5_1_1	tumor	
ATGCGATAGCACAGGT_5_1_1	normal	
ATGCGATAGTCGATAA_5_1_1	normal	
ATGCGATCACACAGAG_5_1_1	normal	
ATGCGATCACGAAAGC_5_1_1	normal	
ATGCGATCAGTAACGG_5_1_1	normal	
ATGCGATTCGGAAACG_5_1_1	normal	
ATGCGATTCGGCCGAT_5_1_1	normal	
ATGGGAGAGTGGCACA_5_1_1	tumor	
ATGGGAGCACAACGCC_5_1_1	normal	
ATGGGAGCATCGACGC_5_1_1	tumor	
ATGGGAGCATCGATGT_5_1_1	tumor	
ATGGGAGGTAAACACA_5_1_1	normal	
ATGGGAGGTACCTACA_5_1_1	normal	
ATGGGAGGTTACTGAC_5_1_1	tumor	
ATGGGAGTCAATAAGG_5_1_1	normal	
ATGGGAGTCTCAACTT_5_1_1	normal	
ATGTGTGAGAGACTAT_5_1_1	normal	
ATGTGTGAGCACCGTC_5_1_1	normal	
ATGTGTGAGCCATCGC_5_1_1	tumor	
ATGTGTGAGGCATTGG_5_1_1	normal	
ATGTGTGAGTCCCACG_5_1_1	normal	
ATGTGTGCAAGCCCAC_5_1_1	normal	
ATGTGTGCACCAGATT_5_1_1	tumor	
ATGTGTGCAGCGTAAG_5_1_1	normal	
ATGTGTGGTCTGATCA_5_1_1	normal	
ATGTGTGTCCAGATCA_5_1_1	tumor	
ATTACTCAGATCCTGT_5_1_1	tumor	
ATTACTCAGATTACCC_5_1_1	tumor	
ATTACTCAGGCACATG_5_1_1	normal	
ATTACTCCAACGATGG_5_1_1	normal	
ATTACTCCACAGCCCA_5_1_1	tumor	
ATTACTCGTACACCGC_5_1_1	normal	
ATTACTCGTCTGCAAT_5_1_1	tumor	
ATTACTCTCACGCATA_5_1_1	normal	
ATTATCCAGAGCCCAA_5_1_1	tumor	
ATTATCCAGCACACAG_5_1_1	tumor	
ATTATCCAGTGACTCT_5_1_1	normal	
ATTATCCAGTGTGAAT_5_1_1	normal	
ATTATCCCAAAGAATC_5_1_1	normal	
ATTATCCCAAAGCGGT_5_1_1	tumor	
ATTATCCCATAGTAAG_5_1_1	tumor	
ATTATCCCATCACCCT_5_1_1	normal	
ATTATCCGTCTGATCA_5_1_1	tumor	
ATTATCCGTGAGGGAG_5_1_1	normal	
ATTATCCGTTCGTGAT_5_1_1	normal	
ATTATCCTCAACTCTT_5_1_1	normal	yes
ATTATCCTCAATACCG_5_1_1	tumor	
ATTATCCTCACCGGGT_5_1_1	tumor	
ATTATCCTCATGGTCA_5_1_1	normal	
ATTCTACAGCCAACAG_5_1_1	normal	
ATTCTACCAATGTTGC_5_1_1	normal	
ATTCTACTCACCGGGT_5_1_1	normal	
ATTCTACTCCGCATAA_5_1_1	tumor	
ATTCTACTCGCTGATA_5_1_1	tumor	
ATTGGACAGTTAGGTA_5_1_1	tumor	
ATTGGACGTCGAATCT_5_1_1	tumor	
ATTGGACGTCTAGTGT_5_1_1	tumor	
ATTGGACGTGAACCTT_5_1_1	tumor	
ATTGGACTCGGGAGTA_5_1_1	tumor	
ATTGGTGAGCAGACTG_5_1_1	normal	
ATTGGTGAGGCTAGGT_5_1_1	tumor	
ATTGGTGAGGTCATCT_5_1_1	tumor	
ATTGGTGCAAATCCGT_5_1_1	tumor	
ATTGGTGGTTACGGAG_5_1_1	tumor	
ATTGGTGGTTCAGTAC_5_1_1	tumor	
ATTGGTGTCCATGAAC_5_1_1	normal	
ATTTCTGAGTACCGGA_5_1_1	tumor	
ATTTCTGCAAGCTGGA_5_1_1	normal	
ATTTCTGCAAGGGTCA_5_1_1	normal	
ATTTCTGCAGCAGTTT_5_1_1	tumor	
ATTTCTGCATACAGCT_5_1_1	normal	
ATTTCTGCATGGTTGT_5_1_1	normal	
ATTTCTGGTACCGAGA_5_1_1	tumor	
ATTTCTGGTTATCCGA_5_1_1	normal	
ATTTCTGTCAAACCGT_5_1_1	tumor	
ATTTCTGTCAACACTG_5_1_1	tumor	
ATTTCTGTCAGTCCCT_5_1_1	normal	
ATTTCTGTCGTAGGTT_5_1_1	tumor	
ATTTCTGTCTAGAGTC_5_1_1	tumor	
ATTTCTGTCTCGATGA_5_1_1	normal	
CAACCAAAGATGTGGC_5_1_1	tumor	
CAACCAACAAACTGCT_5_1_1	normal	
CAACCAACACGGTTTA_5_1_1	tumor	
CAACCAACACGTCAGC_5_1_1	tumor	
CAACCAACATAAAGGT_5_1_1	normal	
CAACCAACATTTCACT_5_1_1	tumor	
CAACCAAGTCATATGC_5_1_1	tumor	
CAACCAATCAGCACAT_5_1_1	normal	
CAACCAATCGCTTAGA_5_1_1	tumor	
CAACCTCAGCCGCCTA_5_1_1	normal	
CAACCTCAGCGTGTCC_5_1_1	tumor	
CAACCTCAGCTAGCCC_5_1_1	tumor	
CAACCTCAGTCTCAAC_5_1_1	normal	
CAACCTCCACGTAAGG_5_1_1	normal	
CAACCTCCAGACAAGC_5_1_1	normal	
CAACCTCCATACCATG_5_1_1	normal	
CAACCTCGTAGATTAG_5_1_1	tumor	
CAACCTCGTCACACGC_5_1_1	normal	
CAACCTCGTTCAGACT_5_1_1	tumor	
CAACCTCTCAACCATG_5_1_1	tumor	
CAACCTCTCACGAAGG_5_1_1	normal	
CAACCTCTCATACGGT_5_1_1	tumor	
CAACCTCTCTTCTGGC_5_1_1	tumor	
CAACTAGAGATAGTCA_5_1_1	tumor	
CAACTAGAGATGTGGC_5_1_1	tumor	
CAACTAGCAATACGCT_5_1_1	normal	
CAACTAGGTAGGACAC_5_1_1	tumor	
CAACTAGTCATGTCTT_5_1_1	normal	
CAACTAGTCGATGAGG_5_1_1	normal	
CAAGAAAAGACAGAGA_5_1_1	tumor	
CAAGAAAAGCCCTAAT_5_1_1	tumor	
CAAGAAAAGGCCCTCA_5_1_1	tumor	
CAAGAAAAGTGACTCT_5_1_1	normal	
CAAGAAACAACACCCG_5_1_1	tumor	
CAAGAAACATAAAGGT_5_1_1	tumor	
CAAGAAAGTCTCTCTG_5_1_1	tumor	
CAAGAAATCAACGAAA_5_1_1	normal	
CAAGAAATCTCCGGTT_5_1_1	normal	
CAAGAAATCTCGCTTG_5_1_1	tumor	
CAAGATCAGCCACCTG_5_1_1	tumor	
CAAGATCAGGAATGGA_5_1_1	normal	
CAAGATCAGGTTCCTA_5_1_1	tumor	
CAAGATCAGTACGCGA_5_1_1	tumor	
CAAGATCCAACGCACC_5_1_1	normal	
CAAGATCCACCGAATT_5_1_1	tumor	
CAAGATCCATTACGAC_5_1_1	normal	
CAAGATCGTACGACCC_5_1_1	normal	
CAAGATCGTGCAGGTA_5_1_1	tumor	
CAAGATCGTTAAGACA_5_1_1	normal	
CAAGATCTCATTGCGA_5_1_1	normal	
CAAGATCTCCGTACAA_5_1_1	tumor	
CAAGATCTCGCGATCG_5_1_1	normal	
CAAGATCTCGTCACGG_5_1_1	normal	
CAAGGCCAGAGCTATA_5_1_1	normal	
CAAGGCCAGCCACTAT_5_1_1	normal	
CAAGGCCAGTCTTGCA_5_1_1	normal	
CAAGGCCAGTGGTCCC_5_1_1	normal	
CAAGGCCAGTGTGAAT_5_1_1	normal	
CAAGGCCCAACACCCG_5_1_1	tumor	
CAAGGCCCATGAAGTA_5_1_1	tumor	
CAAGGCCGTGGTCTCG_5_1_1	normal	
CAAGGCCTCAAACAAG_5_1_1	tumor	
CAAGGCCTCACATAGC_5_1_1	tumor	
CAAGGCCTCTGATTCT_5_1_1	normal	
CAAGTTGAGCACACAG_5_1_1	normal	
CAAGTTGCAAGTTAAG_5_1_1	normal	
CAAGTTGCACATAACC_5_1_1	tumor	
CAAGTTGCACGGTGTC_5_1_1	normal	
CAAGTTGCACGTTGGC_5_1_1	normal	
CAAGTTGGTACCGGCT_5_1_1	tumor	
CAAGTTGGTAGAAAGG_5_1_1	tumor	
CAAGTTGGTAGCTCCG_5_1_1	normal	
CAAGTTGGTGATAAAC_5_1_1	tumor	
CAAGTTGGTGGTCTCG_5_1_1	tumor	
CAAGTTGGTTATCGGT_5_1_1	tumor	
CAAGTTGGTTCCTCCA_5_1_1	normal	
CACAAACAGTTGAGTA_5_1_1	tumor	
CACAAACGTGAACCTT_5_1_1	tumor	
CACAAACGTGCGAAAC_5_1_1	normal	
CACAAACGTGGCTCCA_5_1_1	tumor	
CACAAACTCAAACGGG_5_1_1	tumor	
CACAAACTCCAAGTAC_5_1_1	normal	
CACAAACTCCACGACG_5_1_1	tumor	
CACACAAAGAAGCCCA_5_1_1	normal	
CACACAAAGGTGCACA_5_1_1	tumor	
CACACAAAGTGCGTGA_5_1_1	normal	
CACACAACAAAGTCAA_5_1_1	tumor	
CACACAACACAAGTAA_5_1_1	normal	
CACACAACACTTAAGC_5_1_1	tumor	
CACACCTAGACAAAGG_5_1_1	tumor	
CACACCTAGATGTTAG_5_1_1	tumor	
CACACCTAGGCTCTTA_5_1_1	tumor	
CACACCTCAATCGGTT_5_1_1	tumor	
CACACCTCACTGTTAG_5_1_1	normal	
CACACCTCATACAGCT_5_1_1	tumor	
CACACCTCATCACGAT_5_1_1	tumor	
CACACCTGTAGAGTGC_5_1_1	tumor	
CACACCTGTCGACTAT_5_1_1	normal	
CACACCTGTTCCACTC_5_1_1	normal	
CACACCTTCTGATTCT_5_1_1	tumor	
CACACTCAGAAACGCC_5_1_1	normal	
CACACTCAGATCCTGT_5_1_1	tumor	
CACACTCAGATGTAAC_5_1_1	normal	
CACACTCCAACGATGG_5_1_1	tumor	
CACACTCCACACGCTG_5_1_1	normal	
CACACTCCACAGGTTT_5_1_1	normal	
CACACTCGTTGGTAAA_5_1_1	tumor	
CACAGGCAGATCTGCT_5_1_1	tumor	
CACAGGCAGTGAAGAG_5_1_1	tumor	
CACAGGCCAAATTGCC_5_1_1	normal	
CACAGGCCAAGACGTG_5_1_1	tumor	
CACAGGCCAATGGAAT_5_1_1	tumor	
CACAGGCCAGATTGCT_5_1_1	tumor	
CACAGGCCAGCCTATA_5_1_1	tumor	
CACAGGCCAGGGTACA_5_1_1	normal	
CACAGGCCATCTACGA_5_1_1	tumor	
CACAGGCGTACCGTAT_5_1_1	normal	
CACAGGCGTATGGTTC_5_1_1	tumor	
CACAGGCGTCAATGTC_5_1_1	tumor	
CACAGGCGTGTGGTTT_5_1_1	tumor	
CACAGGCTCACAAACC_5_1_1	normal	
CACAGTAAGAAGAAGC_5_1_1	tumor	
CACAGTAAGATCACGG_5_1_1	normal	
CACAGTAAGCTGCGAA_5_1_1	normal	
CACAGTAAGGCTCTTA_5_1_1	tumor	
CACAGTACACACATGT_5_1_1	normal	
CACAGTACACTGTTAG_5_1_1	normal	
CACAGTAGTACAAGTA_5_1_1	normal	
CACAGTAGTAGCCTAT_5_1_1	normal	yes
CACAGTAGTCGAACAG_5_1_1	tumor	
CACAGTAGTCTAGTCA_5_1_1	normal	
CACAGTATCTACTCAT_5_1_1	normal	
CACATAGAGTCTTGCA_5_1_1	normal	
CACATAGAGTGATCGG_5_1_1	normal	
CACATAGAGTTCGATC_5_1_1	normal	
CACATAGAGTTTGCGT_5_1_1	normal	
CACATAGCAAGAGGCT_5_1_1	normal	
CACATAGCAATAACGA_5_1_1	tumor	
CACATAGCACTCAGGC_5_1_1	normal	
CACATAGGTATAGGTA_5_1_1	tumor	
CACATAGGTATATCCG_5_1_1	normal	
CACATAGGTCCGTCAG_5_1_1	tumor	
CACATAGGTGGGTATG_5_1_1	normal	
CACATAGTCAGAGCTT_5_1_1	tumor	
CACATAGTCATGCATG_5_1_1	normal	
CACATAGTCCGATATG_5_1_1	normal	
CACATAGTCGTTGCCT_5_1_1	tumor	
CACATTTAGAATGTGT_5_1_1	tumor	
CACATTTAGAGGACGG_5_1_1	tumor	
CACATTTAGCAGCCTC_5_1_1	tumor	
CACATTTAGGAGTAGA_5_1_1	normal	
CACATTTAGTCCAGGA_5_1_1	normal	
CACATTTAGTCCCACG_5_1_1	tumor	
CACATTTCACAAGCCC_5_1_1	normal	
CACATTTCACATCCGG_5_1_1	normal	
CACATTTCAGCTGCAC_5_1_1	tumor	
CACATTTGTCCTGCTT_5_1_1	tumor	
CACCACTAGCACAGGT_5_1_1	normal	
CACCACTAGCGATAGC_5_1_1	tumor	
CACCACTAGGAGTACC_5_1_1	tumor	
CACCACTAGGGAGTAA_5_1_1	tumor	
CACCACTAGTCATCCA_5_1_1	tumor	
CACCACTCAATGGTCT_5_1_1	tumor	
CACCACTCACTGTTAG_5_1_1	tumor	
CACCACTTCCAGAAGG_5_1_1	tumor	
CACCACTTCCTCGCAT_5_1_1	tumor	
CACCACTTCGCCAGCA_5_1_1	normal	
CACCAGGAGAAAGTGG_5_1_1	tumor	
CACCAGGAGATACACA_5_1_1	normal	
CACCAGGAGTTCCACA_5_1_1	tumor	
CACCAGGCAAGAGTCG_5_1_1	tumor	
CACCAGGGTAGCAAAT_5_1_1	normal	
CACCAGGGTGCAACGA_5_1_1	tumor	
CACCTTGAGACATAAC_5_1_1	normal	
CACCTTGAGTCCGTAT_5_1_1	tumor	
CACCTTGCATGGGACA_5_1_1	tumor	
CACCTTGGTAGTGAAT_5_1_1	normal	
CACCTTGGTCACAAGG_5_1_1	tumor	
CACCTTGGTCATCCCT_5_1_1	tumor	
CACCTTGTCCCTAACC_5_1_1	normal	
CACCTTGTCGTCTGCT_5_1_1	normal	
CACCTTGTCTCGTATT_5_1_1	tumor	
CACTCCAAGAGTGACC_5_1_1	normal	
CACTCCAAGGCCCTTG_5_1_1	tumor	
CACTCCACAAGAGTCG_5_1_1	tumor	
CACTCCACAAGTTAAG_5_1_1	normal	
CACTCCACACAGGAGT_5_1_1	normal	
CACTCCACACCATGTA_5_1_1	tumor	
CACTCCACATTCACTT_5_1_1	tumor	
CACTCCAGTGTGAATA_5_1_1	tumor	
CACTCCATCCCGGATG_5_1_1	tumor	
CAGAATCAGACAGACC_5_1_1	tumor	
CAGAATCAGCCACGTC_5_1_1	normal	
CAGAATCAGTAGCCGA_5_1_1	tumor	
CAGAATCCACATGACT_5_1_1	normal	
CAGAATCCACTATCTT_5_1_1	tumor	
CAGAATCCATCTATGG_5_1_1	tumor	
CAGAATCCATTGTGCA_5_1_1	normal	
CAGAATCGTAGGCTGA_5_1_1	tumor	
CAGAATCTCACAGGCC_5_1_1	normal	
CAGAATCTCTCTGAGA_5_1_1	tumor	
CAGAGAGAGGCGATAC_5_1_1	normal	
CAGAGAGGTCGGATCC_5_1_1	normal	
CAGAGAGTCATCGATG_5_1_1	normal	
CAGAGAGTCGGACAAG_5_1_1	normal	
CAGATCAAGTATCGAA_5_1_1	normal	
CAGATCACAAAGTGCG_5_1_1	normal	
CAGATCACAGGCGATA_5_1_1	tumor	
CAGATCACATTTCACT_5_1_1	tumor	
CAGATCAGTATCGCAT_5_1_1	normal	yes
CAGATCAGTGCCTGCA_5_1_1	normal	
CAGATCAGTTCCATGA_5_1_1	tumor	
CAGCAGCAGAGGTTAT_5_1_1	normal	
CAGCAGCAGCGTGTCC_5_1_1	normal	
CAGCAGCAGGAATCGC_5_1_1	normal	
CAGCAGCAGGAGTTTA_5_1_1	tumor	
CAGCAGCCAATAAGCA_5_1_1	tumor	
CAGCAGCCAATCTACG_5_1_1	normal	
CAGCAGCCATGCCTAA_5_1_1	tumor	
CAGCAGCCATGGTAGG_5_1_1	tumor	
CAGCAGCGTGGCTCCA_5_1_1	normal	
CAGCAGCGTTTAAGCC_5_1_1	tumor	
CAGCAGCTCTAACGGT_5_1_1	tumor	
CAGCATAAGATTACCC_5_1_1	normal	
CAGCATAAGCGGATCA_5_1_1	tumor	
CAGCATAAGCTTCGCG_5_1_1	normal	
CAGCATAAGTGGGTTG_5_1_1	tumor	
CAGCATACACACGCTG_5_1_1	tumor	
CAGCATAGTGTAAGTA_5_1_1	tumor	
CAGCATATCGACGGAA_5_1_1	normal	
CAGCCGAAGACTAAGT_5_1_1	tumor	
CAGCCGAAGGCATGGT_5_1_1	tumor	
CAGCCGAAGGCTCTTA_5_1_1	tumor	
CAGCCGACACACCGAC_5_1_1	tumor	
CAGCCGACACGAAACG_5_1_1	tumor	
CAGCCGACACTTACGA_5_1_1	normal	
CAGCCGACAGCCTGTG_5_1_1	tumor	
CAGCCGACAGTCGATT_5_1_1	tumor	
CAGCCGAGTACATGTC_5_1_1	normal	
CAGCCGAGTTTGACTG_5_1_1	normal	
CAGCCGATCTTGCCGT_5_1_1	tumor	
CAGCGACAGGCTAGGT_5_1_1	normal	
CAGCGACAGTCAATAG_5_1_1	tumor	
CAGCGACCAAACGCGA_5_1_1	tumor	
CAGCGACCAACACCTA_5_1_1	tumor	
CAGCGACCAATGGACG_5_1_1	tumor	
CAGCGACCACCAGTTA_5_1_1	tumor	
CAGCGACCACGGCGTT_5_1_1	normal	
CAGCGACCATAAGACA_5_1_1	tumor	
CAGCGACCATTCACTT_5_1_1	tumor	
CAGCTAAAGAGACTTA_5_1_1	tumor	
CAGCTAAAGTCTCGGC_5_1_1	normal	
CAGCTAACAACACCTA_5_1_1	normal	
CAGCTAACACGTCTCT_5_1_1	tumor	
CAGCTAAGTATATGGA_5_1_1	tumor	
CAGCTAAGTGACTCAT_5_1_1	tumor	
CAGCTGGAGAACAATC_5_1_1	tumor	
CAGCTGGAGGTGATAT_5_1_1	normal	
CAGCTGGAGTGGGTTG_5_1_1	tumor	
CAGCTGGCACAGGTTT_5_1_1	normal	
CAGCTGGCACCGAAAG_5_1_1	normal	
CAGCTGGCACGGACAA_5_1_1	tumor	
CAGCTGGGTCATCCCT_5_1_1	tumor	
CAGCTGGGTGATGATA_5_1_1	tumor	
CAGCTGGGTTGAGTTC_5_1_1	normal	
CAGCTGGTCATCGATG_5_1_1	tumor	
CAGCTGGTCCTATGTT_5_1_1	normal	
CAGCTGGTCTAAGCCA_5_1_1	tumor	
CAGGTGCAGACTAGAT_5_1_1	tumor	
CAGGTGCAGATCACGG_5_1_1	normal	
CAGGTGCAGTAGTGCG_5_1_1	normal	
CAGGTGCCAGACACTT_5_1_1	normal	
CAGGTGCCAGACGCAA_5_1_1	tumor	
CAGGTGCCATCGGGTC_5_1_1	tumor	
CAGGTGCGTAGGCATG_5_1_1	tumor	
CAGGTGCGTCATACTG_5_1_1	tumor	
CAGGTGCGTCTAGCCG_5_1_1	normal	
CAGGTGCGTGCCTGTG_5_1_1	tumor	
CAGGTGCGTTCTGAAC_5_1_1	normal	
CAGGTGCTCAGAGACG_5_1_1	normal	
CAGGTGCTCAGCGACC_5_1_1	tumor	
CAGGTGCTCCAGATCA_5_1_1	tumor	
CAGGTGCTCTTCGAGA_5_1_1	tumor	
CAGTAACCAGACGCAA_5_1_1	normal	
CAGTAACCATGTCTCC_5_1_1	normal	
CAGTAACGTAATAGCA_5_1_1	tumor	
CAGTAACGTCCCGACA_5_1_1	normal	
CAGTAACGTCTGCAAT_5_1_1	normal	
CAGTAACGTGTCGCTG_5_1_1	tumor	
CAGTCCTAGAAGGCCT_5_1_1	tumor	
CAGTCCTAGGCAGGTT_5_1_1	normal	
CAGTCCTCACCACGTG_5_1_1	tumor	
CAGTCCTGTATCTGCA_5_1_1	normal	
CAGTCCTGTCGCTTTC_5_1_1	normal	
CAGTCCTGTTCCAACA_5_1_1	tumor	
CAGTCCTTCAGATAAG_5_1_1	tumor	
CAGTCCTTCATAAAGG_5_1_1	tumor	
CAGTCCTTCCACGTTC_5_1_1	normal	
CAGTCCTTCTAGAGTC_5_1_1	tumor	
CAGTCCTTCTGTGCAA_5_1_1	tumor	
CATATGGAGACACTAA_5_1_1	normal	
CATATGGCACGAGGTA_5_1_1	normal	
CATATGGCATGTTGAC_5_1_1	normal	
CATATGGGTGTCTGAT_5_1_1	tumor	
CATATGGTCACTCCTG_5_1_1	tumor	
CATATGGTCGGACAAG_5_1_1	normal	
CATATGGTCTTACCGC_5_1_1	tumor	
CATATTCAGCTGCGAA_5_1_1	tumor	
CATATTCAGGTGACCA_5_1_1	tumor	
CATATTCAGTCGCCGT_5_1_1	tumor	
CATATTCCACCAGCAC_5_1_1	tumor	
CATATTCCACCGAAAG_5_1_1	tumor	
CATATTCGTAAAGTCA_5_1_1	normal	
CATATTCGTGTGACCC_5_1_1	tumor	
CATATTCTCAAGGCTT_5_1_1	tumor	
CATATTCTCCGTCAAA_5_1_1	tumor	
CATATTCTCTGTTTGT_5_1_1	normal	
CATCAAGAGCTGTCTA_5_1_1	normal	
CATCAAGAGGTGATTA_5_1_1	tumor	
CATCAAGCATTAGGCT_5_1_1	normal	
CATCAAGGTAGGCTGA_5_1_1	normal	
CATCAAGGTCTCGTTC_5_1_1	normal	
CATCAAGGTCTGGTCG_5_1_1	tumor	
CATCAAGGTGCGAAAC_5_1_1	tumor	
CATCAAGGTGCGCTTG_5_1_1	tumor	
CATCAGAAGAGACGAA_5_1_1	normal	
CATCAGAAGATGGCGT_5_1_1	tumor	
CATCAGAAGCAGGTCA_5_1_1	tumor	
CATCAGAAGGGTTTCT_5_1_1	tumor	
CATCAGACAATGAATG_5_1_1	normal	
CATCAGACACCCTATC_5_1_1	tumor	
CATCAGAGTACCGCTG_5_1_1	tumor	
CATCAGAGTAGCCTCG_5_1_1	normal	
CATCAGAGTCTACCTC_5_1_1	tumor	
CATCAGAGTCTCGTTC_5_1_1	tumor	
CATCAGAGTGACAAAT_5_1_1	tumor	
CATCAGATCAATACCG_5_1_1	normal	
CATCAGATCTGAGTGT_5_1_1	normal	
CATCCACAGATGCCTT_5_1_1	tumor	
CATCCACAGCTCTCGG_5_1_1	tumor	
CATCCACAGTAGCCGA_5_1_1	normal	
CATCCACCACTTCTGC_5_1_1	normal	
CATCCACCATATGCTG_5_1_1	normal	
CATCCACGTAGCTGCC_5_1_1	tumor	
CATCCACGTCGTCTTC_5_1_1	tumor	
CATCCACTCAACGGGA_5_1_1	tumor	
CATCCACTCCCACTTG_5_1_1	tumor	
CATCCACTCGCGGATC_5_1_1	tumor	
CATCCACTCGCTGATA_5_1_1	normal	
CATCCACTCGGTCTAA_5_1_1	tumor	
CATCGAAAGACTTGAA_5_1_1	normal	
CATCGAAAGCCCAACC_5_1_1	normal	
CATCGAAAGTCACGCC_5_1_1	tumor	
CATCGAACACCGGAAA_5_1_1	tumor	
CATCGAACAGTATAAG_5_1_1	tumor	
CATCGAACATGTCGAT_5_1_1	tumor	
CATCGAACATGTTGAC_5_1_1	tumor	
CATCGAAGTAGCTAAA_5_1_1	tumor	
CATCGAAGTCTAGAGG_5_1_1	normal	
CATCGGGAGACAAAGG_5_1_1	tumor	
CATCGGGAGCCCAACC_5_1_1	tumor	
CATCGGGCAAAGTCAA_5_1_1	normal	
CATCGGGCAATTGCTG_5_1_1	tumor	
CATCGGGCATCCTTGC_5_1_1	normal	
CATCGGGCATCGACGC_5_1_1	normal	
CATCGGGGTGTGTGCC_5_1_1	tumor	
CATCGGGGTTATCCGA_5_1_1	tumor	
CATCGGGTCATCTGTT_5_1_1	normal	
CATCGGGTCCTGTAGA_5_1_1	tumor	
CATCGGGTCGGACAAG_5_1_1	normal	
CATCGGGTCTAACCGA_5_1_1	normal	
CATCGGGTCTGGTGTA_5_1_1	tumor	
CATGACAAGGACAGCT_5_1_1	tumor	
CATGACACAAGTTAAG_5_1_1	tumor	
CATGACACACGGCCAT_5_1_1	normal	
CATGACACATCGATTG_5_1_1	normal	
CATGACAGTCGACTAT_5_1_1	normal	
CATGACAGTGTGGTTT_5_1_1	normal	
CATGACAGTTCGTTGA_5_1_1	tumor	
CATGACATCAGAGACG_5_1_1	normal	
CATGCCTAGTGATCGG_5_1_1	tumor	
CATGCCTCAAAGCAAT_5_1_1	tumor	
CATGCCTCAACAACCT_5_1_1	tumor	
CATGCCTCAGATCTGT_5_1_1	tumor	
CATGCCTCAGCGTCCA_5_1_1	tumor	
CATGCCTCAGTCAGCC_5_1_1	tumor	
CATGCCTGTAAACGCG_5_1_1	tumor	
CATGCCTGTGTGAATA_5_1_1	normal	
CATGGCGAGAAACCTA_5_1_1	tumor	
CATGGCGAGTGAACAT_5_1_1	tumor	
CATGGCGCAGTAAGAT_5_1_1	tumor	
CATGGCGGTCCCTACT_5_1_1	normal	
CATGGCGGTCGGCACT_5_1_1	tumor	
CATGGCGGTCTTGATG_5_1_1	normal	
CATGGCGGTGAGGCTA_5_1_1	tumor	
CATGGCGTCATCTGTT_5_1_1	normal	
CATTATCAGGCCCGTT_5_1_1	normal	
CATTATCCACCCATGG_5_1_1	normal	
CATTATCCACCTCGTT_5_1_1	tumor	
CATTATCCAGGTCCAC_5_1_1	normal	
CATTATCCATCTACGA_5_1_1	normal	
CATTATCGTAGCGTAG_5_1_1	normal	
CATTATCGTCGCATCG_5_1_1	normal	
CATTATCTCAAACCAC_5_1_1	normal	
CATTATCTCAACACCA_5_1_1	normal	
CATTCGCAGAGTAATC_5_1_1	normal	
CATTCGCAGTACCGGA_5_1_1	normal	
CATTCGCCAATCTACG_5_1_1	tumor	
CATTCGCCAATTGCTG_5_1_1	normal	
CATTCGCGTAGAGCTG_5_1_1	normal	
CATTCGCGTAGGACAC_5_1_1	normal	
CATTCGCTCAGAGACG_5_1_1	tumor	
CATTCGCTCTTTCCTC_5_1_1	tumor	
CCAATCCAGGCGACAT_5_1_1	tumor	
CCAATCCAGGTGTTAA_5_1_1	normal	
CCAATCCCAACTGCGC_5_1_1	normal	
CCAATCCCATTGAGCT_5_1_1	tumor	
CCAATCCGTCTGCAAT_5_1_1	normal	
CCAATCCGTTAAAGAC_5_1_1	tumor	
CCAATCCTCCAACCAA_5_1_1	tumor	
CCAATCCTCGGTGTTA_5_1_1	tumor	
CCACCTAAGACAAGCC_5_1_1	tumor	
CCACCTAAGAGGGCTT_5_1_1	tumor	
CCACCTAAGCCATCGC_5_1_1	tumor	
CCACCTAAGCCCAATT_5_1_1	tumor	
CCACCTAAGGCTAGGT_5_1_1	normal	
CCACCTAAGGGTCTCC_5_1_1	tumor	
CCACCTAAGTATCGAA_5_1_1	tumor	
CCACCTACAACACCTA_5_1_1	normal	
CCACCTACACAGGTTT_5_1_1	normal	
CCACCTACAGTAACGG_5_1_1	tumor	
CCACCTACATGGTTGT_5_1_1	normal	
CCACCTAGTAAACCTC_5_1_1	tumor	
CCACCTATCAGAAATG_5_1_1	tumor	
CCACCTATCCTTCAAT_5_1_1	normal	
CCACGGAAGAGCTTCT_5_1_1	tumor	
CCACGGAAGATGCCTT_5_1_1	tumor	
CCACGGAAGCCAGTTT_5_1_1	normal	
CCACGGACACATTCGA_5_1_1	normal	
CCACGGACACGGACAA_5_1_1	normal	
CCACGGACAGGGAGAG_5_1_1	normal	
CCACGGAGTCTCTTAT_5_1_1	tumor	
CCACGGAGTTTGACTG_5_1_1	normal	
CCACGGATCACCTTAT_5_1_1	tumor	
CCACGGATCATAACCG_5_1_1	tumor	
CCACTACAGAGACGAA_5_1_1	normal	
CCACTACAGTGCGTGA_5_1_1	normal	
CCACTACCAACAACCT_5_1_1	tumor	
CCACTACCAAGCCATT_5_1_1	tumor	
CCACTACCACCACGTG_5_1_1	normal	
CCACTACCAGACAAGC_5_1_1	tumor	
CCACTACCATGACATC_5_1_1	normal	
CCACTACGTAAACACA_5_1_1	normal	
CCACTACGTAGGCATG_5_1_1	tumor	
CCACTACGTGGTAACG_5_1_1	normal	
CCACTACTCAGTTTGG_5_1_1	tumor	
CCACTACTCGTAGGAG_5_1_1	tumor	
CCACTACTCTGCGGCA_5_1_1	normal	
CCACTACTCTTGAGGT_5_1_1	tumor	
CCAGCGAAGAGCTATA_5_1_1	normal	
CCAGCGAAGATACACA_5_1_1	tumor	
CCAGCGAAGTACGACG_5_1_1	normal	
CCAGCGACAAGGTGTG_5_1_1	tumor	
CCAGCGAGTAAGGATT_5_1_1	tumor	
CCAGCGAGTCAGAGGT_5_1_1	tumor	
CCAGCGAGTCCGCTGA_5_1_1	normal	
CCAGCGAGTTCAGACT_5_1_1	normal	
CCAGCGATCACCAGGC_5_1_1	normal	
CCAGCGATCGTGGACC_5_1_1	normal	
CCAGCGATCGTTACAG_5_1_1	tumor	
CCATGTCAGACCGGAT_5_1_1	tumor	
CCATGTCAGATCGGGT_5_1_1	tumor	
CCATGTCAGTCAAGCG_5_1_1	normal	
CCATGTCAGTGGGATC_5_1_1	tumor	
CCATGTCAGTGTTAGA_5_1_1	tumor	
CCATGTCCAGGAATCG_5_1_1	normal	
CCATGTCGTCGCATAT_5_1_1	tumor	
CCATGTCGTGACTCAT_5_1_1	tumor	
CCATGTCGTGCAGTAG_5_1_1	tumor	
CCATGTCGTTCATGGT_5_1_1	normal	
CCATGTCTCCCAAGAT_5_1_1	tumor	
CCATGTCTCGCGCCAA_5_1_1	normal	
CCATGTCTCTCCGGTT_5_1_1	normal	
CCATTCGAGAATGTGT_5_1_1	tumor	
CCATTCGAGGCGCTCT_5_1_1	normal	
CCATTCGCATGCCCGA_5_1_1	tumor	
CCATTCGGTAATAGCA_5_1_1	tumor	
CCATTCGGTCTCTCTG_5_1_1	normal	
CCATTCGGTGAAGGCT_5_1_1	tumor	
CCATTCGGTTGAGTTC_5_1_1	tumor	
CCATTCGGTTGTCTTT_5_1_1	tumor	
CCATTCGTCCGTACAA_5_1_1	tumor	
CCCAATCAGATAGCAT_5_1_1	normal	
CCCAATCAGCCAACAG_5_1_1	normal	
CCCAATCAGCGTTTAC_5_1_1	normal	
CCCAATCAGTAGGTGC_5_1_1	tumor	
CCCAATCAGTGGAGAA_5_1_1	tumor	
CCCAATCCAATCCGAT_5_1_1	tumor	
CCCAATCCAGGAATCG_5_1_1	tumor	
CCCAATCCAGGACGTA_5_1_1	tumor	
CCCAATCCATGGTTGT_5_1_1	tumor	
CCCAATCGTAGGGACT_5_1_1	normal	
CCCAATCGTCGAGATG_5_1_1	tumor	
CCCAATCGTGACTACT_5_1_1	normal	
CCCAATCGTGAGTATA_5_1_1	tumor	
CCCAATCGTGATAAAC_5_1_1	normal	
CCCAATCGTTCGTCTC_5_1_1	normal	
CCCAATCTCAGTTAGC_5_1_1	tumor	
CCCAATCTCGTTGCCT_5_1_1	tumor	
CCCAGTTAGAAACCGC_5_1_1	normal	
CCCAGTTAGAGCTTCT_5_1_1	normal	
CCCAGTTAGGATCGCA_5_1_1	normal	
CCCAGTTCAAACGCGA_5_1_1	tumor	
CCCAGTTCAATAACGA_5_1_1	tumor	
CCCAGTTGTCTAGGTT_5_1_1	tumor	
CCCAGTTGTGCAGACA_5_1_1	normal	
CCCAGTTGTGTCTGAT_5_1_1	tumor	
CCCAGTTGTGTGGTTT_5_1_1	tumor	
CCCAGTTTCAGCGACC_5_1_1	normal	
CCCAGTTTCTCCCTGA_5_1_1	normal	
CCCATACAGATATGCA_5_1_1	tumor	
CCCATACAGATCCTGT_5_1_1	normal	
CCCATACAGCGCCTTG_5_1_1	tumor	
CCCATACAGTGAACGC_5_1_1	tumor	
CCCATACCATCAGTCA_5_1_1	normal	
CCCATACGTTCTGTTT_5_1_1	normal	
CCCATACTCTTAACCT_5_1_1	normal	
CCCTCCTAGCCAGTAG_5_1_1	normal	
CCCTCCTAGGACATTA_5_1_1	tumor	
CCCTCCTCAAATTGCC_5_1_1	tumor	
CCCTCCTCAAGAAAGG_5_1_1	tumor	
CCCTCCTCAGCGTCCA_5_1_1	tumor	
CCCTCCTCATATGAGA_5_1_1	tumor	
CCCTCCTCATGCATGT_5_1_1	normal	
CCCTCCTCATGCTGGC_5_1_1	tumor	
CCCTCCTGTCATATCG_5_1_1	normal	
CCCTCCTGTCCTCTTG_5_1_1	normal	
CCCTCCTGTCTCAACA_5_1_1	tumor	
CCCTCCTTCAAGGTAA_5_1_1	tumor	
CCCTCCTTCACCACCT_5_1_1	normal	
CCCTCCTTCCTTGACC_5_1_1	normal	
CCGGGATAGATGGCGT_5_1_1	tumor	
CCGGGATAGCGATATA_5_1_1	tumor	
CCGGGATCAAGCTGAG_5_1_1	tumor	
CCGGGATCACGGTGTC_5_1_1	normal	
CCGGGATCAGTATCTG_5_1_1	tumor	
CCGGGATCATTGGGCC_5_1_1	tumor	
CCGGGATGTAGAGTGC_5_1_1	normal	
CCGGGATGTTGCTCCT_5_1_1	tumor	
CCGGGATTCAATCTCT_5_1_1	tumor	
CCGGGATTCTACTCAT_5_1_1	normal	
CCGGTAGAGAAGATTC_5_1_1	tumor	
CCGGTAGAGACGCAAC_5_1_1	tumor	
CCGGTAGAGACTAAGT_5_1_1	tumor	
CCGGTAGAGCAACGGT_5_1_1	normal	
CCGGTAGAGGTTACCT_5_1_1	normal	
CCGGTAGAGTGTCCAT_5_1_1	tumor	
CCGGTAGCAAGTTGTC_5_1_1	tumor	
CCGGTAGCACATCCAA_5_1_1	tumor	
CCGGTAGCACCCATGG_5_1_1	tumor	
CCGGTAGCAGCGATCC_5_1_1	normal	
CCGGTAGGTATGAAAC_5_1_1	normal	
CCGGTAGGTCCAACTA_5_1_1	normal	
CCGGTAGGTTTAAGCC_5_1_1	tumor	
CCGGTAGTCACCGTAA_5_1_1	normal	
CCGGTAGTCGAATCCA_5_1_1	tumor	
CCGGTAGTCTAGCACA_5_1_1	tumor	
CCGTACTAGTCCAGGA_5_1_1	normal	
CCGTACTCAACAACCT_5_1_1	normal	
CCGTACTCACGCCAGT_5_1_1	normal	
CCGTACTGTAAATACG_5_1_1	normal	
CCGTACTGTAGAAAGG_5_1_1	tumor	
CCGTACTGTCCGAACC_5_1_1	tumor	
CCGTACTGTCGCTTCT_5_1_1	tumor	
CCGTACTGTTTCCACC_5_1_1	normal	
CCGTACTTCCAAACAC_5_1_1	tumor	
CCGTACTTCCTAAGTG_5_1_1	normal	
CCGTGGAAGACCGGAT_5_1_1	tumor	
CCGTGGAAGCTAGTTC_5_1_1	tumor	
CCGTGGAAGTCGTACT_5_1_1	normal	
CCGTGGAAGTTCGCGC_5_1_1	tumor	
CCGTGGACAACTTGAC_5_1_1	normal	
CCGTGGACACCAGCAC_5_1_1	tumor	
CCGTGGACAGGGTATG_5_1_1	normal	
CCGTGGACATGAAGTA_5_1_1	tumor	
CCGTGGAGTGTTCTTT_5_1_1	normal	
CCGTGGAGTTCCACAA_5_1_1	tumor	
CCGTGGAGTTTAAGCC_5_1_1	normal	
CCGTGGATCACTCTTA_5_1_1	tumor	
CCGTTCAAGAATTCCC_5_1_1	normal	
CCGTTCAAGGGTTTCT_5_1_1	tumor	
CCGTTCACAAACCTAC_5_1_1	normal	yes
CCGTTCACACTACAGT_5_1_1	normal	
CCGTTCAGTGTGGCTC_5_1_1	tumor	
CCGTTCAGTTACGTCA_5_1_1	tumor	
CCGTTCATCTGCGTAA_5_1_1	tumor	
CCTAAAGAGCGACGTA_5_1_1	tumor	
CCTAAAGAGCTACCGC_5_1_1	tumor	
CCTAAAGAGGGCATGT_5_1_1	normal	
CCTAAAGAGGGTTTCT_5_1_1	tumor	
CCTAAAGCAAGGACTG_5_1_1	tumor	
CCTAAAGCAGGCTGAA_5_1_1	tumor	
CCTAAAGGTCTGGTCG_5_1_1	tumor	
CCTAAAGGTGATAAGT_5_1_1	tumor	
CCTAAAGTCCCTCTTT_5_1_1	tumor	
CCTAAAGTCTGAGTGT_5_1_1	tumor	
CCTACACAGGACATTA_5_1_1	tumor	
CCTACACAGGATGGTC_5_1_1	normal	
CCTACACCAAGTAGTA_5_1_1	normal	
CCTACACCACCTCGTT_5_1_1	normal	
CCTACACTCATTTGGG_5_1_1	tumor	
CCTACACTCTCACATT_5_1_1	normal	
CCTACACTCTCCTATA_5_1_1	normal	
CCTACCAAGCAGGCTA_5_1_1	normal	
CCTACCAAGGAGCGTT_5_1_1	normal	
CCTACCAAGGCACATG_5_1_1	normal	
CCTACCACAAGTACCT_5_1_1	tumor	
CCTACCACAGTCCTTC_5_1_1	normal	
CCTACCACATGTCCTC_5_1_1	tumor	
CCTACCACATTGTGCA_5_1_1	tumor	
CCTACCAGTAGCACGA_5_1_1	normal	
CCTACCAGTCAAACTC_5_1_1	tumor	
CCTACCAGTCCTAGCG_5_1_1	normal	
CCTACCAGTTTCGCTC_5_1_1	tumor	
CCTACCATCTGGCGAC_5_1_1	tumor	
CCTAGCTGTAAATACG_5_1_1	normal	
CCTAGCTGTCAACATC_5_1_1	tumor	
CCTAGCTTCACTTATC_5_1_1	normal	
CCTAGCTTCCAATGGT_5_1_1	tumor	
CCTAGCTTCCAGTATG_5_1_1	tumor	
CCTAGCTTCGCCATAA_5_1_1	tumor	
CCTAGCTTCTGCAAGT_5_1_1	normal	
CCTAGCTTCTTCGGTC_5_1_1	tumor	
CCTATTACACAGGCCT_5_1_1	normal	
CCTATTAGTAAGTAGT_5_1_1	tumor	
CCTATTAGTGATAAGT_5_1_1	normal	
CCTATTAGTTAGAACA_5_1_1	tumor	
CCTCAGTAGAACAATC_5_1_1	tumor	
CCTCAGTAGCATGGCA_5_1_1	tumor	
CCTCAGTAGCCTATGT_5_1_1	normal	
CCTCAGTAGGCTCTTA_5_1_1	normal	
CCTCAGTAGTCGTACT_5_1_1	tumor	
CCTCAGTCAGCTTAAC_5_1_1	normal	
CCTCAGTCAGTTAACC_5_1_1	tumor	
CCTCAGTGTAGGAGTC_5_1_1	tumor	
CCTCAGTGTCTGCAAT_5_1_1	tumor	
CCTCAGTTCCGGGTGT_5_1_1	tumor	
CCTCAGTTCGAACGGA_5_1_1	tumor	
CCTCTGAAGTGTCTCA_5_1_1	tumor	
CCTCTGACACGAAGCA_5_1_1	tumor	
CCTCTGACACTGTGTA_5_1_1	normal	
CCTCTGACAGAAGCAC_5_1_1	normal	
CCTCTGACAGGGTTAG_5_1_1	tumor	
CCTCTGAGTATAAACG_5_1_1	normal	
CCTCTGAGTCCTCCAT_5_1_1	tumor	
CCTCTGAGTTCAGACT_5_1_1	tumor	
CCTCTGATCCGAGCCA_5_1_1	normal	
CCTTACGAGGGATACC_5_1_1	tumor	
CCTTACGCACTCAGGC_5_1_1	tumor	
CCTTACGCAGACAAAT_5_1_1	tumor	
CCTTACGCAGTTCATG_5_1_1	tumor	
CCTTACGCATCGACGC_5_1_1	normal	
CCTTACGGTAACGCGA_5_1_1	tumor	
CCTTACGTCACATGCA_5_1_1	normal	
CCTTACGTCGAGAGCA_5_1_1	tumor	
CCTTACGTCGTGACAT_5_1_1	normal	
CCTTACGTCTAAGCCA_5_1_1	tumor	
CCTTCCCAGATAGTCA_5_1_1	normal	
CCTTCCCAGGCCATAG_5_1_1	tumor	
CCTTCCCCAGGTGGAT_5_1_1	normal	
CCTTCCCGTTCCGGCA_5_1_1	tumor	
CCTTCCCGTTTGGCGC_5_1_1	tumor	
CCTTCCCTCGATAGAA_5_1_1	normal	
CCTTCCCTCGCATGAT_5_1_1	normal	
CCTTCCCTCTAGCACA_5_1_1	tumor	
CCTTCGACAAAGAATC_5_1_1	tumor	
CCTTCGACACTTCGAA_5_1_1	tumor	
CCTTCGAGTGACTACT_5_1_1	normal	
CCTTCGAGTGCATCTA_5_1_1	tumor	
CCTTCGAGTGGTTTCA_5_1_1	tumor	
CCTTCGATCTCTGCTG_5_1_1	normal	
CCTTTCTAGAATTGTG_5_1_1	tumor	
CCTTTCTAGAGAACAG_5_1_1	tumor	
CCTTTCTCACTGTGTA_5_1_1	normal	
CCTTTCTCAGGTTTCA_5_1_1	normal	
CCTTTCTCATACGCTA_5_1_1	normal	
CCTTTCTGTAAAGGAG_5_1_1	normal	
CCTTTCTGTATAGGTA_5_1_1	normal	
CCTTTCTTCACGCGGT_5_1_1	normal	
CCTTTCTTCAGCTTAG_5_1_1	tumor	
CCTTTCTTCTGGTTCC_5_1_1	normal	yes
CGAACATAGCCCTAAT_5_1_1	tumor	
CGAACATAGCTACCGC_5_1_1	normal	
CGAACATAGTACATGA_5_1_1	normal	
CGAACATAGTATGACA_5_1_1	tumor	
CGAACATAGTCCGTAT_5_1_1	normal	
CGAACATCATAGACTC_5_1_1	tumor	
CGAACATCATCCGTGG_5_1_1	normal	
CGAACATGTATAGGTA_5_1_1	tumor	
CGAACATGTGTAACGG_5_1_1	tumor	
CGAACATGTTACTGAC_5_1_1	normal	
CGAACATGTTGCGCAC_5_1_1	normal	
CGAACATTCAGTCCCT_5_1_1	tumor	
CGAACATTCATCTGTT_5_1_1	normal	
CGAACATTCTATCCCG_5_1_1	tumor	
CGAACATTCTATGTGG_5_1_1	tumor	
CGAACATTCTCGCATC_5_1_1	normal	
CGAATGTCACTCAGGC_5_1_1	tumor	
CGAATGTCATGCAACT_5_1_1	tumor	
CGAATGTGTAAGTAGT_5_1_1	tumor	
CGAATGTGTCAGATAA_5_1_1	normal	
CGAATGTGTCCATGAT_5_1_1	tumor	
CGAATGTGTTCCCGAG_5_1_1	normal	
CGAATGTTCGCAGGCT_5_1_1	normal	
CGACCTTAGAGACGAA_5_1_1	normal	
CGACCTTAGTCCAGGA_5_1_1	tumor	
CGACCTTAGTGCCAGA_5_1_1	tumor	
CGACCTTAGTGCGATG_5_1_1	normal	
CGACCTTCAAAGTCAA_5_1_1	tumor	
CGACCTTCACCTCGTT_5_1_1	tumor	
CGACCTTCATATGCTG_5_1_1	tumor	
CGACCTTCATCCAACA_5_1_1	tumor	
CGACCTTCATCCCACT_5_1_1	tumor	
CGACCTTGTGGCAAAC_5_1_1	tumor	
CGACCTTTCAGCTTAG_5_1_1	tumor	
CGACCTTTCGAATCCA_5_1_1	normal	
CGACCTTTCGCCGTGA_5_1_1	normal	
CGACCTTTCGTTACAG_5_1_1	normal	
CGACTTCAGGAGTTGC_5_1_1	tumor	
CGACTTCAGGTTACCT_5_1_1	normal	
CGACTTCAGTAGCCGA_5_1_1	tumor	
CGACTTCAGTGAAGTT_5_1_1	tumor	
CGACTTCAGTGGACGT_5_1_1	tumor	
CGACTTCCAACGCACC_5_1_1	normal	
CGACTTCCACAGGCCT_5_1_1	normal	
CGACTTCCATCAGTCA_5_1_1	tumor	
CGACTTCCATCGATGT_5_1_1	tumor	
CGACTTCCATTTCAGG_5_1_1	normal	
CGACTTCGTACAGTTC_5_1_1	tumor	
CGACTTCGTGCAACGA_5_1_1	normal	
CGACTTCTCACTCTTA_5_1_1	tumor	
CGACTTCTCGCTAGCG_5_1_1	normal	yes
CGACTTCTCTGCGGCA_5_1_1	tumor	
CGAGAAGAGATCCTGT_5_1_1	normal	
CGAGAAGAGCTACCTA_5_1_1	tumor	
CGAGAAGTCACTGGGC_5_1_1	normal	
CGAGAAGTCCTAGTGA_5_1_1	tumor	
CGAGAAGTCGGAGGTA_5_1_1	tumor	
CGAGCACAGACGACGT_5_1_1	normal	
CGAGCACAGCGACGTA_5_1_1	normal	
CGAGCACAGTGGAGAA_5_1_1	tumor	
CGAGCACCACCGAATT_5_1_1	normal	
CGAGCACCAGGTGGAT_5_1_1	tumor	
CGAGCACGTACAGTGG_5_1_1	normal	
CGAGCACGTCGTGGCT_5_1_1	normal	
CGAGCACTCGTTGACA_5_1_1	tumor	
CGAGCACTCTCGGACG_5_1_1	tumor	
CGAGCCACAATAGCAA_5_1_1	tumor	
CGAGCCACACGCGAAA_5_1_1	tumor	
CGAGCCACATGCATGT_5_1_1	normal	
CGAGCCAGTCTAGCGC_5_1_1	normal	
CGAGCCATCAACACTG_5_1_1	normal	
CGAGCCATCAGTTTGG_5_1_1	normal	
CGAGCCATCCAAGCCG_5_1_1	normal	
CGAGCCATCCGCTGTT_5_1_1	normal	
CGATCGGAGGTGACCA_5_1_1	tumor	
CGATCGGAGGTGTGGT_5_1_1	normal	
CGATCGGCACGGTGTC_5_1_1	normal	
CGATCGGGTAAGTAGT_5_1_1	normal	
CGATCGGGTCCTAGCG_5_1_1	tumor	
CGATCGGGTGGACGAT_5_1_1	tumor	
CGATCGGGTTGTTTGG_5_1_1	normal	
CGATCGGTCAAGAAGT_5_1_1	tumor	
CGATCGGTCAGCCTAA_5_1_1	tumor	
CGATCGGTCGGAGGTA_5_1_1	tumor	
CGATGGCAGCGGCTTC_5_1_1	tumor	
CGATGGCAGTAGATGT_5_1_1	tumor	
CGATGGCCACCTTGTC_5_1_1	normal	
CGATGGCCACGCATCG_5_1_1	normal	
CGATGGCGTTTGTTGG_5_1_1	tumor	
CGATGGCTCCACTCCA_5_1_1	tumor	
CGATGGCTCCCTGACT_5_1_1	tumor	
CGATGTAAGAAACCGC_5_1_1	normal	
CGATGTAAGACAGGCT_5_1_1	normal	
CGATGTAAGCGAGAAA_5_1_1	tumor	
CGATGTAAGCGATATA_5_1_1	tumor	
CGATGTACAATGCCAT_5_1_1	normal	
CGATGTAGTAGCGCTC_5_1_1	tumor	
CGATGTAGTCGCGAAA_5_1_1	tumor	
CGATGTAGTCTCTTAT_5_1_1	tumor	
CGATGTATCAATAAGG_5_1_1	tumor	
CGATGTATCCCAACGG_5_1_1	tumor	
CGATGTATCTTGTCAT_5_1_1	tumor	
CGATTGAAGTGTTAGA_5_1_1	tumor	
CGATTGACAAATTGCC_5_1_1	normal	
CGATTGACACTCAGGC_5_1_1	tumor	
CGATTGAGTAACGCGA_5_1_1	normal	
CGATTGAGTCCTAGCG_5_1_1	normal	
CGATTGAGTCTTCTCG_5_1_1	normal	
CGATTGAGTTACGACT_5_1_1	normal	
CGATTGAGTTGCTCCT_5_1_1	tumor	
CGATTGATCACTATTC_5_1_1	normal	
CGATTGATCGAACTGT_5_1_1	normal	
CGATTGATCGATGAGG_5_1_1	normal	
CGATTGATCTACCTGC_5_1_1	normal	
CGATTGATCTCAAACG_5_1_1	normal	
CGCCAAGAGATAGTCA_5_1_1	tumor	
CGCCAAGAGCGTCTAT_5_1_1	tumor	
CGCCAAGCACAGGCCT_5_1_1	normal	
CGCCAAGCACATGACT_5_1_1	tumor	
CGCCAAGCAGTGGGAT_5_1_1	normal	
CGCCAAGTCTCCGGTT_5_1_1	normal	
CGCGGTAAGCACCGCT_5_1_1	tumor	
CGCGGTAAGCTAGTTC_5_1_1	tumor	
CGCGGTACACATGGGA_5_1_1	normal	
CGCGGTAGTCATTAGC_5_1_1	normal	
CGCGTTTAGAGCCCAA_5_1_1	tumor	
CGCGTTTAGGACGAAA_5_1_1	normal	
CGCGTTTCACCAGGTC_5_1_1	tumor	
CGCGTTTCACGGCGTT_5_1_1	tumor	
CGCGTTTCAGCGTTCG_5_1_1	tumor	
CGCGTTTGTACGAAAT_5_1_1	normal	
CGCGTTTGTAGAGCTG_5_1_1	normal	
CGCGTTTGTCCGTTAA_5_1_1	tumor	
CGCGTTTTCGAATCCA_5_1_1	tumor	
CGCTATCAGACTCGGA_5_1_1	normal	
CGCTATCAGGAGTCTG_5_1_1	normal	
CGCTATCAGTGGGATC_5_1_1	normal	
CGCTATCCACCTGGTG_5_1_1	normal	
CGCTATCCAGTCACTA_5_1_1	tumor	
CGCTATCCATGGGACA_5_1_1	normal	
CGCTATCGTAATCGTC_5_1_1	normal	
CGCTATCGTGAAGGCT_5_1_1	normal	
CGCTATCGTGCAGGTA_5_1_1	normal	
CGCTATCGTTCCACGG_5_1_1	tumor	
CGCTATCTCACATACG_5_1_1	normal	
CGCTATCTCAGCCTAA_5_1_1	tumor	
CGCTGGAAGAAACGAG_5_1_1	normal	
CGCTGGAAGACCTTTG_5_1_1	tumor	
CGCTGGAAGATGCCTT_5_1_1	tumor	
CGCTGGAAGGTCATCT_5_1_1	tumor	
CGCTGGACACCCAGTG_5_1_1	tumor	
CGCTGGACATTTCACT_5_1_1	normal	
CGCTGGAGTACTTAGC_5_1_1	tumor	
CGCTGGAGTACTTGAC_5_1_1	normal	
CGCTGGAGTCATATCG_5_1_1	normal	
CGCTGGAGTCGACTGC_5_1_1	tumor	
CGCTGGAGTCTTCAAG_5_1_1	tumor	
CGCTGGATCGGAGCAA_5_1_1	tumor	
CGCTGGATCTCACATT_5_1_1	normal	
CGCTGGATCTGCCAGG_5_1_1	tumor	
CGCTTCACAGCCTATA_5_1_1	tumor	
CGCTTCAGTCAGAATA_5_1_1	normal	
CGCTTCAGTCCTCCAT_5_1_1	tumor	
CGCTTCAGTGTGACGA_5_1_1	tumor	
CGCTTCATCAGCATGT_5_1_1	normal	
CGCTTCATCCCAGGTG_5_1_1	normal	
CGCTTCATCGGATGGA_5_1_1	normal	
CGGACACAGAAGCCCA_5_1_1	tumor	
CGGACACCAAGTAATG_5_1_1	tumor	
CGGACACCAGATTGCT_5_1_1	tumor	
CGGACACGTAGCGCAA_5_1_1	normal	
CGGACACGTCGACTGC_5_1_1	normal	
CGGACACTCAATCACG_5_1_1	tumor	
CGGACACTCCGAATGT_5_1_1	normal	
CGGACGTAGAGTACAT_5_1_1	normal	
CGGACGTAGTCCGTAT_5_1_1	tumor	
CGGACGTCACTGTCGG_5_1_1	normal	
CGGACGTCATAGTAAG_5_1_1	normal	
CGGACGTCATGCATGT_5_1_1	tumor	
CGGACGTCATGGTCTA_5_1_1	tumor	
CGGACGTGTAAATACG_5_1_1	tumor	
CGGACGTGTGGTCTCG_5_1_1	tumor	
CGGACGTTCATAAAGG_5_1_1	normal	
CGGACGTTCGAACGGA_5_1_1	normal	
CGGACGTTCTCCTATA_5_1_1	normal	
CGGACTGAGGTGACCA_5_1_1	tumor	
CGGACTGAGTGTACGG_5_1_1	tumor	
CGGACTGCACATCCAA_5_1_1	normal	
CGGACTGCACCAGATT_5_1_1	normal	
CGGACTGGTAAGGGCT_5_1_1	tumor	
CGGACTGGTGGACGAT_5_1_1	tumor	
CGGACTGGTTCAGTAC_5_1_1	tumor	
CGGACTGTCACCCTCA_5_1_1	normal	
CGGACTGTCTCTGTCG_5_1_1	normal	
CGGAGCTAGGATCGCA_5_1_1	tumor	
CGGAGCTCAAGCCATT_5_1_1	normal	
CGGAGCTCACACTGCG_5_1_1	normal	
CGGAGCTCACGTAAGG_5_1_1	normal	
CGGAGCTCAGCTGCTG_5_1_1	tumor	
CGGAGCTGTCAACATC_5_1_1	normal	
CGGAGTCAGCAATATG_5_1_1	tumor	
CGGAGTCAGCTCCTCT_5_1_1	tumor	
CGGAGTCAGGACCACA_5_1_1	tumor	
CGGAGTCAGGCTAGAC_5_1_1	tumor	
CGGAGTCAGGTGACCA_5_1_1	tumor	
CGGAGTCCAATAAGCA_5_1_1	tumor	
CGGAGTCCACTAAGTC_5_1_1	normal	
CGGAGTCCAGACAAAT_5_1_1	tumor	
CGGAGTCCATGCATGT_5_1_1	tumor	
CGGAGTCCATTCGACA_5_1_1	normal	
CGGAGTCGTCTGATTG_5_1_1	tumor	
CGGAGTCGTCTTGATG_5_1_1	tumor	
CGGAGTCGTGACGGTA_5_1_1	tumor	
CGGAGTCGTGCACTTA_5_1_1	tumor	
CGGAGTCGTTCACGGC_5_1_1	normal	
CGGAGTCTCCCTCAGT_5_1_1	tumor	
CGGCTAGAGATTACCC_5_1_1	normal	
CGGCTAGAGCGACGTA_5_1_1	tumor	
CGGCTAGAGGCAATTA_5_1_1	tumor	
CGGCTAGGTAAATACG_5_1_1	tumor	
CGGCTAGTCCAGAAGG_5_1_1	normal	
CGGGTCAAGAAGATTC_5_1_1	tumor	
CGGGTCAAGAGGTTAT_5_1_1	normal	
CGGGTCAAGTTCGCGC_5_1_1	normal	
CGGGTCACAAACCCAT_5_1_1	tumor	
CGGGTCACAGGAACGT_5_1_1	normal	
CGGGTCACATACCATG_5_1_1	tumor	
CGGGTCAGTCGGCTCA_5_1_1	tumor	
CGGGTCAGTCTAGGTT_5_1_1	tumor	
CGGGTCAGTTCTGGTA_5_1_1	tumor	
CGGGTCATCACCACCT_5_1_1	normal	
CGGGTCATCTCTGAGA_5_1_1	tumor	
CGGTTAAAGCCTTGAT_5_1_1	tumor	
CGGTTAAAGGAATGGA_5_1_1	tumor	
CGGTTAAAGGCTATCT_5_1_1	tumor	
CGGTTAAAGTGCCAGA_5_1_1	normal	
CGGTTAACATCGTCGG_5_1_1	tumor	
CGGTTAAGTGCATCTA_5_1_1	tumor	
CGGTTAAGTGGTAACG_5_1_1	tumor	
CGTAGCGAGGAGTTGC_5_1_1	tumor	
CGTAGCGAGTAGATGT_5_1_1	tumor	
CGTAGCGCAAGGACAC_5_1_1	normal	
CGTAGCGCAGGTGGAT_5_1_1	normal	
CGTAGCGCATATACCG_5_1_1	normal	yes
CGTAGCGCATGAACCT_5_1_1	normal	
CGTAGCGGTCAGCTAT_5_1_1	tumor	
CGTAGCGGTCGAGATG_5_1_1	normal	
CGTAGGCAGGATATAC_5_1_1	tumor	
CGTAGGCAGGCAAAGA_5_1_1	tumor	
CGTAGGCGTACTCAAC_5_1_1	tumor	
CGTAGGCGTCATGCAT_5_1_1	tumor	
CGTAGGCGTCGAAAGC_5_1_1	normal	
CGTAGGCGTCGTTGTA_5_1_1	tumor	
CGTAGGCGTGTGCGTC_5_1_1	tumor	
CGTAGGCTCAGCAACT_5_1_1	normal	
CGTAGGCTCATTTGGG_5_1_1	tumor	
CGTAGGCTCGAACTGT_5_1_1	normal	
CGTAGGCTCGGTCCGA_5_1_1	tumor	
CGTAGGCTCGTGACAT_5_1_1	tumor	
CGTCACTAGGCATTGG_5_1_1	normal	
CGTCACTAGTCCATAC_5_1_1	normal	
CGTCACTAGTTCGCGC_5_1_1	tumor	
CGTCACTCACACCGAC_5_1_1	tumor	
CGTCACTCAGTATCTG_5_1_1	normal	
CGTCACTCATATACGC_5_1_1	tumor	
CGTCACTGTACCGGCT_5_1_1	tumor	
CGTCACTGTCGGCACT_5_1_1	tumor	
CGTCACTGTCTCCACT_5_1_1	tumor	
CGTCACTGTCTCTTTA_5_1_1	tumor	
CGTCACTGTGAGTGAC_5_1_1	tumor	
CGTCACTTCACAAACC_5_1_1	normal	
CGTCACTTCATGCATG_5_1_1	tumor	
CGTCAGGAGGGCTCTC_5_1_1	normal	
CGTCAGGCATGGATGG_5_1_1	normal	
CGTCAGGGTCTCTCGT_5_1_1	normal	
CGTCAGGTCAGTTGAC_5_1_1	normal	
CGTCAGGTCCAAACAC_5_1_1	tumor	
CGTCAGGTCTCGCTTG_5_1_1	normal	
CGTCCATAGTACATGA_5_1_1	normal	
CGTCCATCAGCTGGCT_5_1_1	normal	
CGTCCATCAGTCGATT_5_1_1	tumor	
CGTCCATGTATTCGTG_5_1_1	normal	
CGTCCATGTTCGAATC_5_1_1	tumor	
CGTCCATTCTATGTGG_5_1_1	normal	
CGTCCATTCTCCAACC_5_1_1	normal	
CGTCTACAGATCCTGT_5_1_1	normal	
CGTCTACAGCACAGGT_5_1_1	tumor	
CGTCTACAGCTGCGAA_5_1_1	normal	
CGTCTACAGTGCCAGA_5_1_1	tumor	
CGTCTACCATACTCTT_5_1_1	tumor	
CGTCTACGTAAGTGTA_5_1_1	normal	
CGTCTACGTTAAGTAG_5_1_1	tumor	
CGTCTACTCAGCTCTC_5_1_1	tumor	
CGTCTACTCATTATCC_5_1_1	tumor	
CGTCTACTCCGAACGC_5_1_1	tumor	
CGTGAGCAGTGACTCT_5_1_1	tumor	
CGTGAGCCATGCGCAC_5_1_1	tumor	
CGTGAGCCATTACCTT_5_1_1	tumor	
CGTGAGCGTACTCGCG_5_1_1	normal	
CGTGAGCGTCAGCTAT_5_1_1	tumor	
CGTGAGCGTGATGTCT_5_1_1	normal	
CGTGAGCTCAATCTCT_5_1_1	tumor	
CGTGAGCTCCAATGGT_5_1_1	tumor	
CGTGAGCTCCTCTAGC_5_1_1	tumor	
CGTGAGCTCGTCTGAA_5_1_1	normal	yes
CGTGAGCTCTAACTGG_5_1_1	normal	
CGTGTAAAGAAACCTA_5_1_1	normal	
CGTGTAAAGCGTCAAG_5_1_1	normal	
CGTGTAAAGCTAGTCT_5_1_1	tumor	
CGTGTAAAGGCACATG_5_1_1	tumor	
CGTGTAAAGGTGCTAG_5_1_1	normal	
CGTGTAACAGCCTTGG_5_1_1	tumor	
CGTGTAACAGTGAGTG_5_1_1	normal	
CGTGTAACATGATCCA_5_1_1	tumor	
CGTGTAACATGCAATC_5_1_1	tumor	
CGTGTAAGTCTAGCCG_5_1_1	tumor	
CGTGTAAGTCTCTCGT_5_1_1	tumor	
CGTGTAATCTCACATT_5_1_1	normal	
CGTGTCTAGGATCGCA_5_1_1	tumor	
CGTGTCTCAAGGTTCT_5_1_1	normal	
CGTGTCTCATCCGCGA_5_1_1	normal	
CGTGTCTGTAAGAGGA_5_1_1	tumor	
CGTGTCTTCAATCACG_5_1_1	normal	
CGTGTCTTCGACAGCC_5_1_1	tumor	
CGTTAGAAGCCGGTAA_5_1_1	tumor	
CGTTAGAAGCCGTCGT_5_1_1	normal	
CGTTAGAAGCGATTCT_5_1_1	tumor	
CGTTAGACAGCCTGTG_5_1_1	tumor	
CGTTAGACAGCTGTGC_5_1_1	tumor	
CGTTAGACAGTATCTG_5_1_1	tumor	
CGTTAGAGTATCACCA_5_1_1	tumor	
CGTTAGAGTGTGAATA_5_1_1	tumor	
CGTTAGAGTTGACGTT_5_1_1	normal	yes
CGTTAGATCCAAACTG_5_1_1	tumor	
CGTTAGATCGCATGAT_5_1_1	tumor	
CGTTCTGAGGCTACGA_5_1_1	tumor	
CGTTCTGAGTATGACA_5_1_1	tumor	
CGTTCTGCACCTGGTG_5_1_1	normal	
CGTTCTGCAGACGTAG_5_1_1	normal	
CGTTCTGCAGACTCGC_5_1_1	tumor	
CGTTCTGGTTAAGGGC_5_1_1	normal	
CGTTCTGGTTATCGGT_5_1_1	tumor	
CGTTCTGTCAGTGTTG_5_1_1	normal	
CGTTCTGTCTTAGCCC_5_1_1	normal	
CGTTGGGAGATCTGAA_5_1_1	tumor	
CGTTGGGCAAACCTAC_5_1_1	tumor	
CGTTGGGCACAGTCGC_5_1_1	tumor	
CGTTGGGCAGCATACT_5_1_1	normal	
CGTTGGGGTGACGCCT_5_1_1	tumor	
CGTTGGGTCATCGGAT_5_1_1	normal	
CGTTGGGTCCCAAGAT_5_1_1	tumor	
CGTTGGGTCGGAAATA_5_1_1	tumor	
CTAACTTAGCCTATGT_5_1_1	tumor	
CTAACTTGTAAATACG_5_1_1	tumor	
CTAACTTGTATAATGG_5_1_1	normal	
CTAACTTGTCGCTTCT_5_1_1	tumor	
CTAACTTGTTGGTGGA_5_1_1	tumor	
CTAACTTGTTGTTTGG_5_1_1	normal	
CTAACTTTCACAATGC_5_1_1	tumor	
CTAACTTTCATGGTCA_5_1_1	normal	
CTAACTTTCGTAGGAG_5_1_1	normal	
CTAACTTTCTGAGTGT_5_1_1	tumor	
CTAAGACCACCGTTGG_5_1_1	tumor	
CTAAGACGTCGACTGC_5_1_1	tumor	
CTAAGACGTGCAACGA_5_1_1	normal	
CTAAGACTCAGAGGTG_5_1_1	normal	
CTAAGACTCGAACTGT_5_1_1	normal	
CTAATGGAGATACACA_5_1_1	tumor	
CTAATGGAGTGCGTGA_5_1_1	normal	
CTAATGGCAGATGGGT_5_1_1	normal	
CTAATGGCAGTAACGG_5_1_1	normal	
CTAATGGGTAAAGTCA_5_1_1	tumor	
CTAATGGGTAACGCGA_5_1_1	tumor	
CTAATGGGTTATTCTC_5_1_1	tumor	
CTAATGGGTTGGTAAA_5_1_1	normal	
CTAATGGTCACCACCT_5_1_1	normal	
CTAATGGTCGCAAACT_5_1_1	normal	
CTAATGGTCTTCTGGC_5_1_1	tumor	
CTAATGGTCTTGGGTA_5_1_1	tumor	
CTACACCAGAGTACAT_5_1_1	tumor	
CTACACCCAAACAACA_5_1_1	tumor	
CTACACCCAACTGCTA_5_1_1	normal	
CTACACCGTACAGACG_5_1_1	tumor	
CTACACCGTCGCGTGT_5_1_1	tumor	
CTACACCTCAACGAAA_5_1_1	normal	
CTACACCTCCCACTTG_5_1_1	tumor	
CTACACCTCTTAGAGC_5_1_1	tumor	
CTACATTAGAATGTGT_5_1_1	normal	
CTACATTAGACTAAGT_5_1_1	tumor	
CTACATTAGGAGTCTG_5_1_1	normal	
CTACATTAGTATCTCG_5_1_1	tumor	
CTACATTCACGTCTCT_5_1_1	tumor	
CTACATTCATATGCTG_5_1_1	tumor	
CTACATTCATCGATGT_5_1_1	normal	
CTACATTGTACCGTTA_5_1_1	tumor	
CTACATTGTAGCTTGT_5_1_1	tumor	
CTACATTTCATAGCAC_5_1_1	normal	
CTACATTTCATTCACT_5_1_1	tumor	
CTACATTTCCTGCTTG_5_1_1	normal	
CTACCCAAGCTCCTTC_5_1_1	normal	
CTACCCAAGGAATCGC_5_1_1	tumor	
CTACCCAAGTACGTTC_5_1_1	normal	
CTACCCAAGTTACCCA_5_1_1	tumor	
CTACCCACACACGCTG_5_1_1	tumor	
CTACCCACACCAGTTA_5_1_1	tumor	
CTACCCACACCCAGTG_5_1_1	normal	
CTACCCACACGTGAGA_5_1_1	tumor	
CTACCCACAGTCGATT_5_1_1	normal	
CTACCCAGTAGAGCTG_5_1_1	tumor	
CTACCCAGTGATGTGG_5_1_1	tumor	
CTACCCATCTTATCTG_5_1_1	tumor	
CTACGTCAGGACAGCT_5_1_1	tumor	
CTACGTCAGGTGTGGT_5_1_1	normal	
CTACGTCAGTACGTTC_5_1_1	tumor	
CTACGTCAGTAGCGGT_5_1_1	tumor	
CTACGTCCACAGACTT_5_1_1	normal	
CTACGTCCACTGAAGG_5_1_1	normal	
CTACGTCGTACAAGTA_5_1_1	tumor	
CTACGTCTCCAAGTAC_5_1_1	tumor	
CTAGAGTAGTGCGATG_5_1_1	normal	
CTAGAGTCAAACGCGA_5_1_1	normal	
CTAGAGTCATTTCAGG_5_1_1	normal	
CTAGAGTGTACTTAGC_5_1_1	normal	
CTAGAGTGTAGCCTCG_5_1_1	tumor	
CTAGAGTGTCTAGTCA_5_1_1	normal	
CTAGAGTTCGGTGTCG_5_1_1	tumor	
CTAGAGTTCTTTACGT_5_1_1	tumor	
CTAGCCTAGCCTCGTG_5_1_1	normal	
CTAGCCTAGGGAGTAA_5_1_1	normal	
CTAGCCTCAAGCCATT_5_1_1	tumor	
CTAGCCTCACGAAATA_5_1_1	normal	
CTAGCCTGTGAGGGAG_5_1_1	tumor	
CTAGCCTTCAAGCCTA_5_1_1	tumor	
CTAGCCTTCCCAAGAT_5_1_1	tumor	
CTAGCCTTCCCTAATT_5_1_1	normal	
CTAGCCTTCCTAGGGC_5_1_1	tumor	
CTAGCCTTCGCTAGCG_5_1_1	normal	
CTAGTGAAGACAGAGA_5_1_1	tumor	
CTAGTGAAGCTGTTCA_5_1_1	normal	
CTAGTGAAGTAGATGT_5_1_1	normal	
CTAGTGACACACAGAG_5_1_1	tumor	
CTAGTGACAGCTCGCA_5_1_1	tumor	
CTAGTGACATCATCCC_5_1_1	tumor	
CTAGTGACATCGATGT_5_1_1	tumor	
CTAGTGACATCGGTTA_5_1_1	tumor	
CTAGTGACATGGTCAT_5_1_1	normal	
CTAGTGAGTACAGTTC_5_1_1	normal	
CTAGTGAGTGAACCTT_5_1_1	tumor	
CTAGTGAGTGCATCTA_5_1_1	normal	
CTAGTGAGTTCACGGC_5_1_1	normal	
CTAGTGAGTTCTGAAC_5_1_1	normal	
CTAGTGATCATGCATG_5_1_1	normal	
CTAGTGATCGTGACAT_5_1_1	normal	yes
CTAGTGATCTACCAGA_5_1_1	tumor	
CTCACACAGAGGTTGC_5_1_1	normal	
CTCACACCAATTCCTT_5_1_1	tumor	
CTCACACCACGAAGCA_5_1_1	normal	
CTCACACGTCAGTGGA_5_1_1	normal	
CTCACACGTCCTCTTG_5_1_1	tumor	
CTCACACGTCGGCATC_5_1_1	tumor	
CTCACACGTTGGACCC_5_1_1	tumor	
CTCACACTCCGTCATC_5_1_1	normal	
CTCACACTCGGCGCAT_5_1_1	tumor	
CTCACACTCGTTGCCT_5_1_1	tumor	
CTCACACTCTCCAACC_5_1_1	normal	
CTCACACTCTGGTTCC_5_1_1	normal	
CTCAGAAAGACAGACC_5_1_1	tumor	
CTCAGAAAGCTAACAA_5_1_1	tumor	
CTCAGAAAGTTAGCGG_5_1_1	tumor	
CTCAGAACAACACCCG_5_1_1	tumor	
CTCAGAACAGTTCATG_5_1_1	tumor	
CTCAGAACATCTCGCT_5_1_1	tumor	
CTCAGAACATGCTAGT_5_1_1	normal	
CTCAGAAGTCGAACAG_5_1_1	normal	
CTCAGAATCACGACTA_5_1_1	tumor	
CTCAGAATCCGAATGT_5_1_1	normal	
CTCAGAATCCTACAGA_5_1_1	tumor	
CTCAGAATCGCGGATC_5_1_1	tumor	
CTCAGAATCTCGCTTG_5_1_1	normal	
CTCAGAATCTTTACGT_5_1_1	normal	
CTCATTACACGGCTAC_5_1_1	tumor	
CTCATTACAGCGATCC_5_1_1	tumor	
CTCATTACATGCCACG_5_1_1	normal	
CTCATTAGTCAGAATA_5_1_1	normal	
CTCATTAGTCCTGCTT_5_1_1	normal	
CTCATTATCAAACCGT_5_1_1	tumor	
CTCATTATCAAACGGG_5_1_1	tumor	
CTCATTATCGGCGCTA_5_1_1	tumor	
CTCCTAGAGCTAACAA_5_1_1	normal	
CTCCTAGAGGCATGTG_5_1_1	normal	
CTCCTAGCAATCCGAT_5_1_1	normal	
CTCCTAGCAGTAAGCG_5_1_1	normal	
CTCCTAGGTGTGAAAT_5_1_1	tumor	
CTCCTAGGTTCGCGAC_5_1_1	normal	
CTCCTAGGTTCGCTAA_5_1_1	tumor	
CTCCTAGGTTGCCTCT_5_1_1	normal	
CTCCTAGTCACGAAGG_5_1_1	tumor	
CTCGAAAAGTTAAGTG_5_1_1	tumor	
CTCGAAACACCGATAT_5_1_1	tumor	
CTCGAAACAGTCAGAG_5_1_1	normal	
CTCGAAAGTACCAGTT_5_1_1	tumor	
CTCGAAAGTACGCACC_5_1_1	normal	
CTCGAAAGTCAATACC_5_1_1	normal	
CTCGAAAGTCAGTGGA_5_1_1	tumor	
CTCGAAAGTCCTCCAT_5_1_1	normal	
CTCGAAAGTTTGCATG_5_1_1	tumor	
CTCGAAATCCACGACG_5_1_1	normal	
CTCGAGGAGATCGGGT_5_1_1	tumor	
CTCGAGGAGCGATTCT_5_1_1	normal	
CTCGAGGAGCGTGAGT_5_1_1	normal	
CTCGAGGAGTACATGA_5_1_1	normal	
CTCGAGGCACGGACAA_5_1_1	normal	
CTCGAGGCAGGAATGC_5_1_1	normal	
CTCGAGGCAGGTGCCT_5_1_1	normal	
CTCGAGGCATCCAACA_5_1_1	normal	
CTCGAGGGTAAGGGCT_5_1_1	tumor	
CTCGAGGGTCCTGCTT_5_1_1	normal	
CTCGAGGGTCTTGTCC_5_1_1	normal	
CTCGAGGGTGCTAGCC_5_1_1	normal	
CTCGAGGTCCTGCCAT_5_1_1	tumor	
CTCGAGGTCGCCGTGA_5_1_1	tumor	
CTCGGAGAGATCGGGT_5_1_1	tumor	
CTCGGAGAGTTAGCGG_5_1_1	tumor	
CTCGGAGCAGGCTGAA_5_1_1	tumor	
CTCGGAGCAGTAAGAT_5_1_1	normal	
CTCGGAGGTCAGAGGT_5_1_1	normal	
CTCGGAGGTGACGGTA_5_1_1	tumor	
CTCGGAGGTTGATTGC_5_1_1	tumor	
CTCGGAGTCAAGAAGT_5_1_1	tumor	
CTCGGAGTCCTGCAGG_5_1_1	normal	
CTCGGAGTCTTACCTA_5_1_1	normal	
CTCGGGAAGACTACAA_5_1_1	tumor	
CTCGGGAAGTGTCTCA_5_1_1	tumor	
CTCGGGACACCGAAAG_5_1_1	tumor	
CTCGGGACATAAAGGT_5_1_1	tumor	
CTCGGGACATGGTAGG_5_1_1	tumor	
CTCGGGACATGGTCTA_5_1_1	tumor	
CTCGGGACATTTCACT_5_1_1	tumor	
CTCGGGAGTCCCGACA_5_1_1	tumor	
CTCGGGAGTTGTACAC_5_1_1	tumor	
CTCGGGATCATGCTCC_5_1_1	normal	
CTCGGGATCCTATTCA_5_1_1	normal	
CTCGGGATCTATCCTA_5_1_1	normal	
CTCGGGATCTGTCAAG_5_1_1	normal	
CTCGGGATCTTTACGT_5_1_1	tumor	
CTCGTACAGGCCCGTT_5_1_1	normal	
CTCGTACAGGTTACCT_5_1_1	tumor	
CTCGTACCAAAGAATC_5_1_1	tumor	
CTCGTACCACCGAAAG_5_1_1	normal	
CTCGTACTCACCGTAA_5_1_1	normal	
CTCGTACTCACTATTC_5_1_1	normal	
CTCGTACTCCAACCAA_5_1_1	normal	
CTCGTACTCGTTGACA_5_1_1	tumor	
CTCGTCAAGCCACGTC_5_1_1	tumor	
CTCGTCAAGGCTACGA_5_1_1	normal	
CTCGTCAAGGGATACC_5_1_1	normal	
CTCGTCAAGGTGGGTT_5_1_1	normal	
CTCGTCAAGTAGCCGA_5_1_1	tumor	
CTCGTCAAGTCCAGGA_5_1_1	tumor	
CTCGTCACAAGCCGCT_5_1_1	tumor	
CTCGTCACACCGAATT_5_1_1	normal	
CTCGTCACAGTGACAG_5_1_1	tumor	
CTCGTCAGTAGCTCCG_5_1_1	tumor	
CTCGTCAGTCCTAGCG_5_1_1	normal	
CTCGTCAGTGACCAAG_5_1_1	tumor	
CTCGTCAGTTTACTCT_5_1_1	tumor	
CTCGTCATCAACACTG_5_1_1	tumor	
CTCGTCATCTCGGACG_5_1_1	tumor	
CTCTAATAGACTAAGT_5_1_1	tumor	
CTCTAATAGCTGTCTA_5_1_1	tumor	
CTCTAATCACCAACCG_5_1_1	normal	
CTCTAATTCACTCCTG_5_1_1	tumor	
CTCTAATTCTCTGTCG_5_1_1	tumor	
CTCTACGAGTGTGAAT_5_1_1	tumor	
CTCTACGCACAGGAGT_5_1_1	normal	
CTCTACGCACCGGAAA_5_1_1	tumor	
CTCTACGGTCTGATCA_5_1_1	normal	
CTCTACGTCGTTTAGG_5_1_1	tumor	
CTCTGGTCAAGAGGCT_5_1_1	tumor	
CTCTGGTCAATCACAC_5_1_1	tumor	
CTCTGGTCATATGGTC_5_1_1	tumor	
CTCTGGTGTAAACCTC_5_1_1	tumor	
CTCTGGTGTACATCCA_5_1_1	tumor	
CTCTGGTGTATTACCG_5_1_1	normal	
CTCTGGTGTCGACTAT_5_1_1	tumor	
CTCTGGTGTGCGATAG_5_1_1	tumor	
CTCTGGTGTTACCGAT_5_1_1	normal	
CTCTGGTTCCAATGGT_5_1_1	normal	
CTGAAACAGACAGACC_5_1_1	tumor	
CTGAAACAGACCACGA_5_1_1	normal	
CTGAAACAGGCAATTA_5_1_1	normal	
CTGAAACCAACTTGAC_5_1_1	normal	
CTGAAACCACTTCTGC_5_1_1	tumor	
CTGAAACGTATATGGA_5_1_1	tumor	
CTGAAACGTCCAACTA_5_1_1	tumor	
CTGAAACGTGACGCCT_5_1_1	normal	
CTGAAACGTTACGGAG_5_1_1	tumor	
CTGAAACTCTGCAAGT_5_1_1	tumor	
CTGAAGTAGCAGACTG_5_1_1	tumor	
CTGAAGTAGGGCTCTC_5_1_1	tumor	
CTGAAGTAGTAATCCC_5_1_1	tumor	
CTGAAGTCAAACGTGG_5_1_1	normal	
CTGAAGTCAACTGGCC_5_1_1	tumor	
CTGAAGTCAAGCCGTC_5_1_1	normal	
CTGAAGTCAAGTAATG_5_1_1	tumor	
CTGAAGTCACCCATTC_5_1_1	normal	
CTGAAGTCATCACAAC_5_1_1	tumor	
CTGAAGTGTATGGTTC_5_1_1	tumor	
CTGAAGTGTCGCTTTC_5_1_1	tumor	
CTGAAGTGTCGGCACT_5_1_1	normal	
CTGAAGTGTGGTGTAG_5_1_1	tumor	
CTGAAGTGTTAAGGGC_5_1_1	normal	
CTGAAGTGTTTAGGAA_5_1_1	tumor	
CTGAAGTTCCTAAGTG_5_1_1	tumor	
CTGAAGTTCGTGGGAA_5_1_1	tumor	
CTGAAGTTCTATGTGG_5_1_1	normal	
CTGAAGTTCTCCGGTT_5_1_1	normal	
CTGATAGAGATGTGTA_5_1_1	normal	
CTGATAGAGGTGCACA_5_1_1	tumor	
CTGATAGAGGTTACCT_5_1_1	normal	
CTGATAGCACAGGAGT_5_1_1	normal	
CTGATAGCACTAGTAC_5_1_1	normal	
CTGATAGCATAGACTC_5_1_1	tumor	
CTGATAGGTATCGCAT_5_1_1	normal	
CTGATAGGTCGAATCT_5_1_1	tumor	
CTGATAGTCAGTCAGT_5_1_1	normal	
CTGATAGTCCAGTAGT_5_1_1	normal	
CTGATAGTCCGGCACA_5_1_1	normal	
CTGATCCAGATCACGG_5_1_1	tumor	
CTGATCCAGGATGGTC_5_1_1	normal	
CTGATCCAGTACGTAA_5_1_1	tumor	
CTGATCCCAAAGAATC_5_1_1	tumor	
CTGATCCCACAGGAGT_5_1_1	tumor	
CTGATCCGTATAATGG_5_1_1	tumor	
CTGATCCGTCTTCAAG_5_1_1	tumor	
CTGATCCTCCCTCAGT_5_1_1	tumor	
CTGATCCTCGGCCGAT_5_1_1	normal	
CTGATCCTCTTAACCT_5_1_1	tumor	
CTGCCTAAGAAACCGC_5_1_1	tumor	
CTGCCTAAGAATTCCC_5_1_1	tumor	
CTGCCTAAGATACACA_5_1_1	normal	
CTGCCTAAGGTGCAAC_5_1_1	tumor	
CTGCCTAAGGTTCCTA_5_1_1	tumor	
CTGCCTACAAGGACTG_5_1_1	tumor	
CTGCCTAGTCGCGAAA_5_1_1	tumor	
CTGCCTATCCGCGCAA_5_1_1	tumor	
CTGCCTATCGCCGTGA_5_1_1	normal	
CTGCCTATCGTCGTTC_5_1_1	normal	
CTGCCTATCTCCAGGG_5_1_1	normal	
CTGCCTATCTGTCCGT_5_1_1	tumor	
CTGCGGAAGGGAACGG_5_1_1	tumor	
CTGCGGAAGTCAAGCG_5_1_1	normal	
CTGCGGAGTTATCGGT_5_1_1	tumor	
CTGCGGAGTTCCAACA_5_1_1	normal	
CTGCGGATCAGGTAAA_5_1_1	tumor	
CTGCGGATCTTATCTG_5_1_1	normal	
CTGCTGTAGCCACTAT_5_1_1	tumor	
CTGCTGTAGCCCTAAT_5_1_1	normal	
CTGCTGTAGGGTCTCC_5_1_1	normal	
CTGCTGTGTATCACCA_5_1_1	normal	
CTGCTGTGTCACACGC_5_1_1	normal	
CTGCTGTGTGCAGGTA_5_1_1	tumor	
CTGCTGTGTTTGGGCC_5_1_1	tumor	
CTGCTGTTCACTCTTA_5_1_1	normal	
CTGCTGTTCCAAGTAC_5_1_1	normal	
CTGCTGTTCGTCACGG_5_1_1	normal	
CTGGTCTAGTAATCCC_5_1_1	normal	
CTGGTCTAGTGGAGTC_5_1_1	normal	
CTGGTCTAGTTGAGAT_5_1_1	normal	
CTGGTCTCAATGGACG_5_1_1	tumor	
CTGGTCTCACGGATAG_5_1_1	tumor	
CTGGTCTCAGCCACCA_5_1_1	tumor	
CTGGTCTCAGTCAGCC_5_1_1	tumor	
CTGGTCTGTACCGCTG_5_1_1	tumor	
CTGGTCTGTCAAAGAT_5_1_1	tumor	
CTGGTCTGTCGGCACT_5_1_1	tumor	
CTGGTCTTCCTATGTT_5_1_1	normal	
CTGGTCTTCGGCGCAT_5_1_1	tumor	
CTGGTCTTCTACTTAC_5_1_1	normal	
CTGGTCTTCTCTAGGA_5_1_1	normal	
CTGTGCTAGATAGTCA_5_1_1	tumor	
CTGTGCTAGTTCGCAT_5_1_1	tumor	
CTGTGCTCATTAACCG_5_1_1	normal	
CTGTGCTCATTCACTT_5_1_1	tumor	
CTGTGCTTCCGAACGC_5_1_1	normal	
CTGTGCTTCCGCATAA_5_1_1	tumor	
CTGTTTAAGGGTGTTG_5_1_1	tumor	
CTGTTTACACCAGGTC_5_1_1	normal	
CTGTTTACACCGTTGG_5_1_1	tumor	
CTGTTTACACGCCAGT_5_1_1	tumor	
CTGTTTAGTAAATGTG_5_1_1	tumor	
CTGTTTATCCACGTTC_5_1_1	tumor	
CTGTTTATCGATAGAA_5_1_1	normal	
CTGTTTATCTCTGTCG_5_1_1	tumor	
CTTAACTAGATCGGGT_5_1_1	normal	
CTTAACTAGTATCTCG_5_1_1	normal	
CTTAACTCAAGAAAGG_5_1_1	tumor	
CTTAACTGTAGGAGTC_5_1_1	tumor	
CTTAACTGTGAGTATA_5_1_1	tumor	
CTTAACTGTTGAGTTC_5_1_1	normal	
CTTAACTGTTGATTGC_5_1_1	normal	
CTTAACTGTTGCCTCT_5_1_1	normal	
CTTAACTTCATACGGT_5_1_1	normal	
CTTAACTTCCAGGGCT_5_1_1	tumor	
CTTACCGAGTACACCT_5_1_1	tumor	
CTTACCGCAAGTTCTG_5_1_1	tumor	
CTTACCGCACACATGT_5_1_1	tumor	
CTTACCGCACAGGCCT_5_1_1	normal	
CTTACCGCACCTCGTT_5_1_1	tumor	
CTTACCGGTTACCGAT_5_1_1	normal	
CTTACCGTCACTTCAT_5_1_1	normal	
CTTACCGTCCATGAGT_5_1_1	tumor	
CTTACCGTCCCTCAGT_5_1_1	normal	
CTTACCGTCCGAGCCA_5_1_1	tumor	
CTTACCGTCCTGCTTG_5_1_1	tumor	
CTTACCGTCGGAATCT_5_1_1	normal	
CTTAGGAAGAAACCAT_5_1_1	normal	
CTTAGGAAGGCCCGTT_5_1_1	normal	
CTTAGGAAGTCTCCTC_5_1_1	normal	
CTTAGGACAAAGGAAG_5_1_1	normal	
CTTAGGACAACGATGG_5_1_1	tumor	
CTTAGGACAAGTCTAC_5_1_1	tumor	
CTTAGGACAATTGCTG_5_1_1	normal	
CTTAGGACATGCCACG_5_1_1	normal	
CTTAGGAGTCAGGACA_5_1_1	tumor	
CTTAGGAGTCCGAAGA_5_1_1	normal	
CTTAGGATCTCTAGGA_5_1_1	tumor	
CTTCTCTAGAAGGTGA_5_1_1	tumor	
CTTCTCTAGATCTGAA_5_1_1	normal	
CTTCTCTAGCGATATA_5_1_1	tumor	
CTTCTCTAGCGATCCC_5_1_1	normal	
CTTCTCTAGCGTGAGT_5_1_1	tumor	
CTTCTCTAGCTGAAAT_5_1_1	tumor	
CTTCTCTCAGCCTTTC_5_1_1	tumor	
CTTCTCTCATGGGAAC_5_1_1	tumor	
CTTCTCTGTCTCCACT_5_1_1	tumor	
CTTCTCTGTGGCGAAT_5_1_1	tumor	
CTTCTCTGTTCGTTGA_5_1_1	tumor	
CTTCTCTTCGCAAACT_5_1_1	tumor	
CTTCTCTTCGGCTTGG_5_1_1	tumor	
CTTCTCTTCTGTCAAG_5_1_1	normal	
CTTGGCTAGACCTTTG_5_1_1	tumor	
CTTGGCTAGCAGGTCA_5_1_1	tumor	
CTTGGCTAGTGAATTG_5_1_1	tumor	
CTTGGCTGTATGAATG_5_1_1	tumor	
CTTGGCTGTCCGTGAC_5_1_1	normal	
CTTGGCTGTGAGTATA_5_1_1	tumor	
CTTGGCTTCCTAAGTG_5_1_1	normal	
CTTTGCGAGACCACGA_5_1_1	normal	
CTTTGCGAGGTACTCT_5_1_1	tumor	
CTTTGCGGTAGGCATG_5_1_1	tumor	
CTTTGCGGTGATGATA_5_1_1	normal	
CTTTGCGGTGCAGTAG_5_1_1	tumor	
CTTTGCGGTTCGGGCT_5_1_1	tumor	
CTTTGCGTCTATCCTA_5_1_1	tumor	
GAAACTCAGAAGCCCA_5_1_1	normal	
GAAACTCAGCCGGTAA_5_1_1	normal	
GAAACTCAGTGGTCCC_5_1_1	tumor	
GAAACTCCAAAGCAAT_5_1_1	tumor	
GAAACTCCACAGGCCT_5_1_1	tumor	
GAAACTCCAGCTGTGC_5_1_1	tumor	
GAAACTCGTAATCACC_5_1_1	tumor	
GAAACTCGTCATTAGC_5_1_1	tumor	
GAAACTCGTCCTCCAT_5_1_1	normal	
GAAACTCGTGAAGGCT_5_1_1	tumor	
GAAACTCTCGGATGGA_5_1_1	tumor	
GAAATGAAGGGTCGAT_5_1_1	tumor	
GAAATGACACAACTGT_5_1_1	normal	
GAAATGACAGGAATGC_5_1_1	normal	
GAAATGACATGCATGT_5_1_1	tumor	
GAAATGAGTAGTACCT_5_1_1	normal	
GAAATGATCCGCGCAA_5_1_1	normal	
GAAATGATCGTAGATC_5_1_1	normal	
GAACATCAGACTTTCG_5_1_1	normal	
GAACATCAGATAGCAT_5_1_1	normal	
GAACATCCACCATCCT_5_1_1	normal	
GAACATCCACGCCAGT_5_1_1	normal	
GAACATCCAGTTCCCT_5_1_1	normal	
GAACATCGTCAGTGGA_5_1_1	tumor	
GAACATCGTGACGGTA_5_1_1	tumor	
GAACCTAAGATGCGAC_5_1_1	normal	
GAACCTACATCGATTG_5_1_1	tumor	
GAACCTACATCTACGA_5_1_1	normal	
GAACCTATCAAACCAC_5_1_1	tumor	
GAACCTATCCAAATGC_5_1_1	normal	
GAACCTATCCGAGCCA_5_1_1	normal	
GAACCTATCCTACAGA_5_1_1	tumor	
GAACCTATCGGCGGTT_5_1_1	normal	
GAACGGAAGGAACTGC_5_1_1	tumor	
GAACGGAAGTCACGCC_5_1_1	tumor	
GAACGGACAAAGGAAG_5_1_1	tumor	
GAACGGACAATCCGAT_5_1_1	normal	
GAACGGACATATACCG_5_1_1	normal	
GAACGGACATTCCTGC_5_1_1	tumor	
GAACGGAGTAGAAAGG_5_1_1	tumor	
GAACGGAGTCGAGTTT_5_1_1	normal	
GAACGGAGTTGTCGCG_5_1_1	tumor	
GAACGGAGTTGTGGCC_5_1_1	normal	
GAACGGATCGGCTACG_5_1_1	tumor	
GAACGGATCTGCCAGG_5_1_1	normal	
GAAGCAGAGTTACCCA_5_1_1	tumor	
GAAGCAGCACAGACTT_5_1_1	tumor	
GAAGCAGCACGAAGCA_5_1_1	tumor	
GAAGCAGCACGCTTTC_5_1_1	normal	
GAAGCAGCAGATGGGT_5_1_1	tumor	
GAAGCAGCAGTACACT_5_1_1	normal	
GAAGCAGCATGGTTGT_5_1_1	tumor	
GAAGCAGCATGTCCTC_5_1_1	normal	
GAAGCAGGTGGCAAAC_5_1_1	tumor	
GAAGCAGGTGGTAACG_5_1_1	normal	
GAAGCAGGTTGCGTTA_5_1_1	tumor	
GAAGCAGTCACTTCAT_5_1_1	tumor	
GAAGCAGTCGCACTCT_5_1_1	normal	
GAAGCAGTCGCCCTTA_5_1_1	normal	
GAAGCAGTCGTAGGTT_5_1_1	normal	
GAAGCAGTCTCCGGTT_5_1_1	normal	
GAAGCAGTCTGCCCTA_5_1_1	normal	
GAAGCAGTCTTACCGC_5_1_1	normal	
GAATAAGAGACTAGAT_5_1_1	normal	
GAATAAGAGCGTAATA_5_1_1	normal	
GAATAAGAGGACAGAA_5_1_1	tumor	
GAATAAGAGGCGATAC_5_1_1	tumor	
GAATAAGAGTAACCCT_5_1_1	tumor	
GAATAAGAGTAAGTAC_5_1_1	tumor	
GAATAAGAGTTACCCA_5_1_1	tumor	
GAATAAGCAAAGGAAG_5_1_1	normal	
GAATAAGCAAGGTTCT_5_1_1	tumor	
GAATAAGCACAGAGGT_5_1_1	tumor	
GAATAAGCACGACTCG_5_1_1	tumor	
GAATAAGCACGGACAA_5_1_1	normal	
GAATAAGGTCTACCTC_5_1_1	normal	
GAATGAAAGGGTTTCT_5_1_1	tumor	
GAATGAACAATCACAC_5_1_1	tumor	
GAATGAACACGCTTTC_5_1_1	tumor	
GAATGAAGTAAACACA_5_1_1	normal	
GAATGAAGTACTCAAC_5_1_1	tumor	
GAATGAAGTGATAAAC_5_1_1	tumor	
GAATGAATCCTCGCAT_5_1_1	normal	
GAATGAATCGAGAACG_5_1_1	tumor	
GAATGAATCGGAAACG_5_1_1	normal	
GACACGCAGAGGACGG_5_1_1	tumor	
GACACGCAGCGCCTTG_5_1_1	tumor	
GACACGCAGTACGTTC_5_1_1	tumor	
GACACGCCAAGAGGCT_5_1_1	tumor	
GACACGCCAAGCGAGT_5_1_1	tumor	
GACACGCGTGAAAGAG_5_1_1	normal	
GACACGCGTTGTCGCG_5_1_1	normal	
GACACGCTCATGCATG_5_1_1	tumor	
GACACGCTCCGAATGT_5_1_1	tumor	
GACACGCTCGACGGAA_5_1_1	tumor	
GACAGAGAGTGCCAGA_5_1_1	tumor	
GACAGAGCAAGCCCAC_5_1_1	tumor	
GACAGAGCAGGGTTAG_5_1_1	tumor	
GACAGAGCATGTAAGA_5_1_1	normal	
GACAGAGGTCTAAACC_5_1_1	tumor	
GACAGAGGTTCGCTAA_5_1_1	tumor	
GACAGAGTCCGTAGTA_5_1_1	tumor	
GACCAATAGATCCCGC_5_1_1	normal	
GACCAATCAATGCCAT_5_1_1	tumor	
GACCAATCACTTAAGC_5_1_1	tumor	
GACCAATCATCGGTTA_5_1_1	tumor	
GACCAATTCGGATGTT_5_1_1	tumor	
GACCAATTCTTCGAGA_5_1_1	normal	
GACCTGGAGAACTCGG_5_1_1	tumor	
GACCTGGAGCCACGTC_5_1_1	tumor	
GACCTGGAGCCCAGCT_5_1_1	tumor	
GACCTGGAGGAGTTGC_5_1_1	tumor	
GACCTGGAGGAGTTTA_5_1_1	normal	
GACCTGGCACGTCAGC_5_1_1	tumor	
GACCTGGCACTTAACG_5_1_1	normal	
GACCTGGGTACCATCA_5_1_1	normal	
GACCTGGGTCACACGC_5_1_1	normal	
GACCTGGGTCCCTACT_5_1_1	normal	
GACCTGGGTCTGCCAG_5_1_1	normal	
GACGCGTAGAAAGTGG_5_1_1	normal	
GACGCGTAGACAAAGG_5_1_1	normal	
GACGCGTAGAGCTATA_5_1_1	tumor	
GACGCGTAGCGTTCCG_5_1_1	normal	
GACGCGTAGGGCACTA_5_1_1	tumor	
GACGCGTAGTTCGCAT_5_1_1	normal	
GACGCGTCACATCCGG_5_1_1	tumor	
GACGCGTCACGGTTTA_5_1_1	normal	
GACGCGTTCAGTACGT_5_1_1	tumor	
GACGCGTTCCCAAGTA_5_1_1	normal	
GACGCGTTCTTAACCT_5_1_1	tumor	
GACGGCTAGAGAACAG_5_1_1	tumor	
GACGGCTAGTTAGGTA_5_1_1	tumor	
GACGGCTCACTTAAGC_5_1_1	tumor	
GACGGCTCATGGGACA_5_1_1	tumor	
GACGGCTGTGAGGGTT_5_1_1	normal	
GACGGCTTCCATTCTA_5_1_1	normal	
GACGGCTTCGATCCCT_5_1_1	normal	
GACGTGCAGACTGGGT_5_1_1	tumor	
GACGTGCAGCTATGCT_5_1_1	tumor	
GACGTGCAGTTAACGA_5_1_1	normal	
GACGTGCAGTTACCCA_5_1_1	normal	
GACGTGCCATCTACGA_5_1_1	tumor	
GACGTGCGTGCAGTAG_5_1_1	normal	
GACGTGCGTGGACGAT_5_1_1	tumor	
GACGTGCGTTAAGACA_5_1_1	tumor	
GACGTGCTCCGCAAGC_5_1_1	tumor	
GACGTGCTCCTTGGTC_5_1_1	tumor	
GACGTGCTCGGCGGTT_5_1_1	normal	
GACGTGCTCTGCAAGT_5_1_1	tumor	
GACGTGCTCTGCTGCT_5_1_1	tumor	
GACGTTAAGAACTGTA_5_1_1	normal	
GACGTTAAGAGTAATC_5_1_1	normal	
GACGTTAAGCAGCGTA_5_1_1	tumor	
GACGTTAAGTGCGTGA_5_1_1	tumor	
GACGTTACACGAAGCA_5_1_1	tumor	
GACGTTACACGCATCG_5_1_1	tumor	
GACGTTACAGACGTAG_5_1_1	tumor	
GACGTTAGTAAGAGGA_5_1_1	tumor	
GACGTTAGTAGGACAC_5_1_1	tumor	
GACGTTAGTCGCGAAA_5_1_1	tumor	
GACGTTAGTGCTCTTC_5_1_1	tumor	
GACGTTATCACAGGCC_5_1_1	tumor	
GACGTTATCATGTCCC_5_1_1	normal	
GACGTTATCCACGTTC_5_1_1	normal	
GACGTTATCGTAGATC_5_1_1	tumor	
GACGTTATCTCGTATT_5_1_1	tumor	
GACTAACAGAAGATTC_5_1_1	normal	
GACTAACAGCTAGTCT_5_1_1	tumor	
GACTAACAGTGACATA_5_1_1	tumor	
GACTAACAGTGTGGCA_5_1_1	tumor	
GACTAACCAGCGTAAG_5_1_1	tumor	
GACTAACCATAGAAAC_5_1_1	tumor	
GACTAACGTTCAGCGC_5_1_1	tumor	
GACTAACTCACGATGT_5_1_1	tumor	
GACTAACTCCACGCAG_5_1_1	tumor	
GACTAACTCGCCTGAG_5_1_1	tumor	
GACTAACTCTCAAACG_5_1_1	tumor	
GACTACAAGGTGCTAG_5_1_1	tumor	
GACTACACAGTAACGG_5_1_1	tumor	
GACTACACATGGTTGT_5_1_1	tumor	
GACTACACATTCGACA_5_1_1	normal	
GACTACAGTAGAGCTG_5_1_1	tumor	
GACTACAGTGCACTTA_5_1_1	normal	
GACTACAGTTGATTGC_5_1_1	tumor	
GACTACATCATGTCCC_5_1_1	tumor	
GACTACATCCACGCAG_5_1_1	normal	
GACTACATCGTGGACC_5_1_1	normal	
GACTACATCTCCGGTT_5_1_1	tumor	
GACTGCGAGCGTCAAG_5_1_1	normal	
GACTGCGGTACCGTAT_5_1_1	normal	
GACTGCGGTCCGACGT_5_1_1	tumor	
GACTGCGGTGCAGACA_5_1_1	tumor	
GACTGCGTCCACTGGG_5_1_1	normal	
GACTGCGTCCTTGACC_5_1_1	normal	
GACTGCGTCTGTCTCG_5_1_1	normal	
GACTGCGTCTTGCAAG_5_1_1	tumor	
GAGCAGAAGAAGGTTT_5_1_1	tumor	
GAGCAGAAGATGTGGC_5_1_1	tumor	
GAGCAGAAGCTGAAAT_5_1_1	normal	
GAGCAGAAGGAGTAGA_5_1_1	normal	
GAGCAGAAGGCACATG_5_1_1	normal	
GAGCAGAAGTAAGTAC_5_1_1	tumor	
GAGCAGACACAGCCCA_5_1_1	tumor	
GAGCAGACACCTTGTC_5_1_1	normal	
GAGCAGACACTTGGAT_5_1_1	tumor	
GAGCAGACAGTCACTA_5_1_1	tumor	
GAGCAGACAGTTAACC_5_1_1	normal	
GAGCAGACATCCAACA_5_1_1	tumor	
GAGCAGAGTGCTGTAT_5_1_1	normal	
GAGCAGATCAAGGCTT_5_1_1	normal	
GAGCAGATCATACGGT_5_1_1	normal	
GAGGTGAAGCGATGAC_5_1_1	tumor	
GAGGTGAGTCGACTAT_5_1_1	normal	
GAGTCCGCACCTATCC_5_1_1	normal	
GAGTCCGCAGCCTATA_5_1_1	tumor	
GAGTCCGGTAAGGGCT_5_1_1	tumor	
GAGTCCGGTCTCCCTA_5_1_1	tumor	
GAGTCCGGTTAGATGA_5_1_1	tumor	
GAGTCCGTCCCACTTG_5_1_1	normal	
GAGTCCGTCGCATGGC_5_1_1	normal	
GAGTCCGTCGTTACGA_5_1_1	normal	
GATCAGTCATGCCTTC_5_1_1	normal	
GATCAGTTCGTAGGTT_5_1_1	tumor	
GATCAGTTCTGTCAAG_5_1_1	normal	
GATCGATAGAAGGCCT_5_1_1	normal	
GATCGATAGACAAGCC_5_1_1	normal	
GATCGATAGCGCCTCA_5_1_1	tumor	
GATCGATAGCGCCTTG_5_1_1	tumor	
GATCGATAGTCCTCCT_5_1_1	normal	
GATCGATCAAGCTGGA_5_1_1	tumor	
GATCGATCACATGACT_5_1_1	tumor	
GATCGATCAGTCAGCC_5_1_1	tumor	
GATCGATCATGGGACA_5_1_1	tumor	
GATCGATCATGGTCAT_5_1_1	tumor	
GATCGATTCAGCGATT_5_1_1	tumor	
GATCGCGAGAGGTTAT_5_1_1	tumor	
GATCGCGAGATGAGAG_5_1_1	tumor	
GATCGCGAGCCAACAG_5_1_1	tumor	
GATCGCGAGGAATTAC_5_1_1	tumor	
GATCGCGCAGACGCAA_5_1_1	tumor	
GATCGCGCAGGAATCG_5_1_1	normal	
GATCGCGCATCCCACT_5_1_1	normal	
GATCGCGCATCGTCGG_5_1_1	normal	
GATCGCGGTACTCGCG_5_1_1	tumor	
GATCGCGGTATAGGTA_5_1_1	tumor	
GATCGCGGTTCAGTAC_5_1_1	tumor	
GATCGCGTCCACTCCA_5_1_1	normal	
GATCGCGTCCGCATCT_5_1_1	tumor	
GATCGCGTCGCAGGCT_5_1_1	tumor	
GATCGTACAAGAAGAG_5_1_1	normal	
GATCGTACAAGCTGTT_5_1_1	normal	
GATCGTACATAACCTG_5_1_1	tumor	
GATCGTACATTACGAC_5_1_1	normal	
GATCGTAGTCAAAGCG_5_1_1	tumor	
GATCTAGAGAGCTATA_5_1_1	tumor	
GATCTAGAGTTCGCGC_5_1_1	tumor	
GATCTAGCAAAGAATC_5_1_1	tumor	
GATCTAGCATCCAACA_5_1_1	tumor	
GATCTAGCATGCCCGA_5_1_1	tumor	
GATCTAGCATTAGCCA_5_1_1	tumor	
GATCTAGGTCATTAGC_5_1_1	tumor	
GATCTAGGTCTAACGT_5_1_1	tumor	
GATCTAGTCCGTAGTA_5_1_1	tumor	
GATCTAGTCGTCGTTC_5_1_1	tumor	
GATCTAGTCTCATTCA_5_1_1	tumor	
GATCTAGTCTGTCAAG_5_1_1	normal	
GATGAAAAGAGACTTA_5_1_1	tumor	
GATGAAAAGCCTCGTG_5_1_1	tumor	
GATGAAAAGGCGCTCT_5_1_1	tumor	
GATGAAAAGTACGCGA_5_1_1	tumor	
GATGAAACAAACCCAT_5_1_1	normal	
GATGAAACAAGGTTTC_5_1_1	tumor	
GATGAAACAGCTCCGA_5_1_1	normal	
GATGAAAGTAAGGGAA_5_1_1	normal	
GATGAAATCAAGATCC_5_1_1	normal	
GATGAAATCTACTTAC_5_1_1	normal	
GATGAAATCTCGCATC_5_1_1	normal	
GATGAGGAGCAGCGTA_5_1_1	tumor	
GATGAGGAGTGGAGAA_5_1_1	tumor	
GATGAGGCAAGAGTCG_5_1_1	tumor	
GATGAGGCACTGAAGG_5_1_1	normal	
GATGAGGCATGGTCAT_5_1_1	tumor	
GATGAGGGTAGAGCTG_5_1_1	tumor	
GATGAGGGTTTGCATG_5_1_1	tumor	
GATGAGGTCCTCATTA_5_1_1	normal	
GATGCTAAGAACAATC_5_1_1	normal	
GATGCTAAGGATCGCA_5_1_1	normal	
GATGCTAAGGCAAAGA_5_1_1	tumor	
GATGCTAAGGTGATAT_5_1_1	normal	
GATGCTACAAAGGTGC_5_1_1	normal	
GATGCTACATGCATGT_5_1_1	tumor	
GATGCTAGTAGCGCTC_5_1_1	tumor	
GATGCTAGTCCAGTTA_5_1_1	normal	
GATGCTAGTCGGCACT_5_1_1	tumor	
GATGCTAGTCTCCATC_5_1_1	tumor	
GATGCTATCAAACAAG_5_1_1	tumor	
GATGCTATCCCTTGCA_5_1_1	tumor	
GATGCTATCCGCATCT_5_1_1	tumor	
GATGCTATCGAACGGA_5_1_1	tumor	
GATTCAGCAGCTTCGG_5_1_1	tumor	
GATTCAGGTAGGCATG_5_1_1	tumor	
GATTCAGGTCCATCCT_5_1_1	tumor	
GATTCAGGTGGACGAT_5_1_1	tumor	
GATTCAGGTGGTCTCG_5_1_1	normal	
GATTCAGGTTGCGCAC_5_1_1	tumor	
GATTCAGTCCGAGCCA_5_1_1	tumor	
GATTCAGTCCTTTACA_5_1_1	normal	
GATTCAGTCTCGGACG_5_1_1	tumor	
GCAAACTCAACGATCT_5_1_1	normal	
GCAAACTCAACGCACC_5_1_1	normal	
GCAAACTGTACCGTTA_5_1_1	tumor	
GCAAACTGTCAGGACA_5_1_1	tumor	
GCAAACTGTGCACCAC_5_1_1	tumor	
GCAAACTGTTATTCTC_5_1_1	normal	
GCAAACTTCCAAATGC_5_1_1	tumor	
GCAAACTTCTCGATGA_5_1_1	normal	
GCAATCAAGAGGTAGA_5_1_1	tumor	
GCAATCACAAATTGCC_5_1_1	tumor	
GCAATCACACGCTTTC_5_1_1	normal	
GCAATCACAGCGTTCG_5_1_1	tumor	
GCAATCACATCCGGGT_5_1_1	tumor	
GCAATCACATGATCCA_5_1_1	tumor	
GCAATCAGTAGTGAAT_5_1_1	normal	
GCAATCAGTCTTGCGG_5_1_1	tumor	
GCAATCAGTGGGTATG_5_1_1	normal	
GCAATCATCAACCAAC_5_1_1	tumor	
GCAATCATCACATGCA_5_1_1	tumor	
GCAATCATCAGCTCTC_5_1_1	tumor	
GCAATCATCAGTTGAC_5_1_1	tumor	
GCAATCATCCGAATGT_5_1_1	normal	
GCAATCATCGCAAACT_5_1_1	normal	
GCAATCATCGCTTAGA_5_1_1	tumor	
GCACATAAGCCGCCTA_5_1_1	normal	
GCACATAAGGCCCTTG_5_1_1	normal	
GCACATAAGTTTAGGA_5_1_1	tumor	
GCACATACAGCCAATT_5_1_1	tumor	
GCACATACAGGCTCAC_5_1_1	normal	
GCACATACATGGTCAT_5_1_1	tumor	
GCACATAGTCCTAGCG_5_1_1	normal	
GCACATAGTGTCAATC_5_1_1	tumor	
GCACATATCAGGATCT_5_1_1	normal	
GCACATATCCAAAGTC_5_1_1	tumor	
GCACATATCGGATGGA_5_1_1	tumor	
GCACATATCGTTACGA_5_1_1	normal	
GCACTCTAGAGGTACC_5_1_1	tumor	
GCACTCTAGCACAGGT_5_1_1	tumor	
GCACTCTCAGGGAGAG_5_1_1	tumor	
GCACTCTGTATCTGCA_5_1_1	tumor	
GCACTCTGTCTTTCAT_5_1_1	normal	
GCACTCTGTGAGGGTT_5_1_1	normal	
GCACTCTGTGCTCTTC_5_1_1	normal	
GCACTCTGTGGCCCTA_5_1_1	normal	
GCACTCTTCAACACAC_5_1_1	normal	
GCACTCTTCTACTATC_5_1_1	tumor	
GCACTCTTCTGTCAAG_5_1_1	tumor	
GCAGCCACACATCCAA_5_1_1	tumor	
GCAGCCACACGTGAGA_5_1_1	tumor	
GCAGCCACAGAAGCAC_5_1_1	tumor	
GCAGCCACAGATGGGT_5_1_1	normal	
GCAGCCACATTAGGCT_5_1_1	tumor	
GCAGCCACATTGGTAC_5_1_1	tumor	
GCAGCCAGTCCGCTGA_5_1_1	normal	
GCAGCCAGTGCGCTTG_5_1_1	normal	
GCAGCCATCAAAGTAG_5_1_1	normal	
GCAGCCATCCCGACTT_5_1_1	normal	
GCAGCCATCCTGCAGG_5_1_1	tumor	
GCAGTTAAGTACATGA_5_1_1	tumor	
GCAGTTAGTACTCTCC_5_1_1	normal	
GCAGTTAGTCGCATCG_5_1_1	normal	
GCAGTTAGTCTCCCTA_5_1_1	normal	
GCAGTTAGTTCTGTTT_5_1_1	normal	
GCAGTTATCCCTCTTT_5_1_1	normal	
GCAGTTATCTAACCGA_5_1_1	tumor	
GCATACAAGAGCTGCA_5_1_1	normal	yes
GCATACAAGGCTAGGT_5_1_1	normal	
GCATACAAGGTACTCT_5_1_1	normal	
GCATACAAGTCCATAC_5_1_1	tumor	
GCATACAAGTCTCAAC_5_1_1	tumor	
GCATACAAGTGAATTG_5_1_1	normal	
GCATACACAAGTCATC_5_1_1	tumor	
GCATACACAGAGCCAA_5_1_1	normal	
GCATACACATTGTGCA_5_1_1	normal	
GCATACAGTGCATCTA_5_1_1	normal	
GCATACATCACTTCAT_5_1_1	tumor	
GCATACATCTCTTGAT_5_1_1	normal	
GCATACATCTTGAGGT_5_1_1	tumor	
GCATGATAGATGGGTC_5_1_1	tumor	
GCATGATAGTTTCCTT_5_1_1	normal	
GCATGATCACCTCGGA_5_1_1	tumor	
GCATGATCACGAAGCA_5_1_1	normal	
GCATGATCATGGGACA_5_1_1	tumor	
GCATGATCATTCCTCG_5_1_1	normal	
GCATGATGTACCAGTT_5_1_1	tumor	
GCATGATGTGCTAGCC_5_1_1	normal	
GCATGATGTTAAGGGC_5_1_1	tumor	
GCATGATGTTCGCTAA_5_1_1	tumor	
GCATGATGTTGTTTGG_5_1_1	normal	
GCATGATTCACTATTC_5_1_1	tumor	
GCATGATTCTGTCTCG_5_1_1	tumor	
GCATGATTCTGTTGAG_5_1_1	tumor	
GCATGCGAGAATGTGT_5_1_1	normal	
GCATGCGAGACAGGCT_5_1_1	normal	
GCATGCGAGGTGATTA_5_1_1	normal	
GCATGCGCACGAGGTA_5_1_1	tumor	
GCATGCGGTAGCGTGA_5_1_1	normal	
GCATGCGTCACGCATA_5_1_1	normal	
GCATGCGTCTAACTGG_5_1_1	tumor	
GCATGTAAGATCTGCT_5_1_1	tumor	
GCATGTAAGTACTTGC_5_1_1	tumor	
GCATGTAAGTCTCAAC_5_1_1	tumor	
GCATGTAAGTTACCCA_5_1_1	normal	
GCATGTACACAACTGT_5_1_1	tumor	
GCATGTACACAAGTAA_5_1_1	normal	
GCATGTACATGCCTAA_5_1_1	tumor	
GCATGTAGTAAACGCG_5_1_1	tumor	
GCCAAATAGAAGGTTT_5_1_1	normal	
GCCAAATAGACGCAAC_5_1_1	tumor	
GCCAAATAGCTGCCCA_5_1_1	tumor	
GCCAAATCAGTGACAG_5_1_1	tumor	
GCCAAATGTAGCGCAA_5_1_1	tumor	
GCCAAATGTTACGACT_5_1_1	normal	
GCCAAATGTTCGCTAA_5_1_1	normal	
GCCAAATGTTGAGTTC_5_1_1	normal	yes
GCCAAATTCAAAGTAG_5_1_1	tumor	
GCCTCTAAGATGAGAG_5_1_1	normal	
GCCTCTAAGCGACGTA_5_1_1	normal	
GCCTCTACAAACCCAT_5_1_1	tumor	
GCCTCTACAGCGATCC_5_1_1	normal	
GCCTCTAGTATGCTTG_5_1_1	tumor	
GCCTCTAGTCTGGTCG_5_1_1	normal	
GCCTCTAGTTGTTTGG_5_1_1	tumor	
GCCTCTATCCGAATGT_5_1_1	tumor	
GCCTCTATCTCGTATT_5_1_1	tumor	
GCCTCTATCTGGCGAC_5_1_1	normal	
GCGACCAAGCGATATA_5_1_1	tumor	
GCGACCAAGGGATACC_5_1_1	tumor	
GCGACCACACATGACT_5_1_1	normal	
GCGACCAGTACCGTAT_5_1_1	tumor	
GCGACCAGTAGCCTCG_5_1_1	normal	
GCGACCAGTAGCGCAA_5_1_1	normal	
GCGACCAGTCAACTGT_5_1_1	tumor	
GCGACCATCAAGCCTA_5_1_1	tumor	
GCGACCATCCTTAATC_5_1_1	normal	
GCGAGAAAGTGTCCAT_5_1_1	normal	
GCGAGAAGTCACTGGC_5_1_1	tumor	
GCGAGAAGTCATTAGC_5_1_1	tumor	
GCGAGAAGTGATAAGT_5_1_1	tumor	
GCGAGAAGTTCAGTAC_5_1_1	tumor	
GCGCAACAGCAGACTG_5_1_1	normal	
GCGCAACAGCTGTCTA_5_1_1	tumor	
GCGCAACCAGTAGAGC_5_1_1	normal	
GCGCAACTCAACGGGA_5_1_1	normal	
GCGCAACTCCACTCCA_5_1_1	tumor	
GCGCAACTCCGCTGTT_5_1_1	normal	
GCGCAACTCGCGGATC_5_1_1	tumor	
GCGCAACTCGGAGCAA_5_1_1	tumor	
GCGCAACTCTCAACTT_5_1_1	normal	
GCGCAACTCTTGCCGT_5_1_1	normal	
GCGCAGTAGTGTACTC_5_1_1	tumor	
GCGCAGTCAAGCTGTT_5_1_1	tumor	
GCGCAGTCACGACGAA_5_1_1	tumor	
GCGCAGTCACGTCTCT_5_1_1	tumor	
GCGCAGTGTAGCGCAA_5_1_1	normal	
GCGCAGTGTCCTGCTT_5_1_1	tumor	
GCGCAGTGTTCACGGC_5_1_1	normal	
GCGCAGTTCAACGCTA_5_1_1	tumor	
GCGCAGTTCCAAACTG_5_1_1	tumor	
GCGCAGTTCGTCGTTC_5_1_1	tumor	
GCGCAGTTCTACCTGC_5_1_1	tumor	
GCGCAGTTCTGCTGTC_5_1_1	normal	
GCGCCAAAGATAGGAG_5_1_1	normal	
GCGCCAACAATCTACG_5_1_1	normal	
GCGCCAACATCACCCT_5_1_1	normal	
GCGCCAAGTATCTGCA_5_1_1	normal	
GCGCCAAGTGACAAAT_5_1_1	tumor	
GCGCCAAGTGGGTATG_5_1_1	tumor	
GCGCCAAGTGGTGTAG_5_1_1	normal	
GCGCCAATCTCTAGGA_5_1_1	normal	
GCGCGATAGAGCAATT_5_1_1	tumor	
GCGCGATAGCAGCCTC_5_1_1	normal	
GCGCGATAGTACCGGA_5_1_1	tumor	
GCGCGATAGTGAAGTT_5_1_1	tumor	
GCGCGATCAAACCCAT_5_1_1	tumor	
GCGCGATCACCTATCC_5_1_1	normal	
GCGCGATCAGCAGTTT_5_1_1	tumor	
GCGCGATCAGGATCGA_5_1_1	normal	
GCGCGATCATCTACGA_5_1_1	tumor	
GCGCGATGTCCGAATT_5_1_1	tumor	
GCGCGATTCAATCACG_5_1_1	normal	
GCGCGATTCACGACTA_5_1_1	tumor	
GCGCGATTCATGCAAC_5_1_1	tumor	
GCGCGATTCTACTTAC_5_1_1	normal	
GCGGGTTAGACACGAC_5_1_1	tumor	
GCGGGTTAGACGCAAC_5_1_1	normal	
GCGGGTTAGCCAACAG_5_1_1	normal	
GCGGGTTAGGAGCGTT_5_1_1	tumor	
GCGGGTTAGGTGCAAC_5_1_1	tumor	
GCGGGTTAGTGCGATG_5_1_1	normal	
GCGGGTTCAAGCCATT_5_1_1	tumor	
GCGGGTTCAGCAGTTT_5_1_1	tumor	
GCGGGTTGTAGCGATG_5_1_1	normal	
GCGGGTTGTCTCAACA_5_1_1	normal	
GCGGGTTGTTCATGGT_5_1_1	tumor	
GCTCCTAAGGACCACA_5_1_1	normal	
GCTCCTAAGGTGTTAA_5_1_1	tumor	
GCTCCTACACCATGTA_5_1_1	tumor	
GCTCCTACAGTCCTTC_5_1_1	tumor	
GCTCCTACATCTACGA_5_1_1	normal	
GCTCCTAGTACCGCTG_5_1_1	normal	
GCTCCTAGTAGAGCTG_5_1_1	tumor	
GCTCCTAGTATAATGG_5_1_1	tumor	
GCTCCTAGTGACTCAT_5_1_1	tumor	
GCTCCTAGTTGTTTGG_5_1_1	tumor	
GCTCCTATCGCGTTTC_5_1_1	normal	
GCTCCTATCTGTACGA_5_1_1	tumor	
GCTCCTATCTTTAGTC_5_1_1	tumor	
GCTCTGTAGATCTGCT_5_1_1	normal	
GCTCTGTAGGCATGTG_5_1_1	tumor	
GCTCTGTCAATGAAAC_5_1_1	normal	
GCTCTGTCATGTTCCC_5_1_1	tumor	
GCTCTGTGTAGTGAAT_5_1_1	normal	
GCTCTGTGTGTCTGAT_5_1_1	tumor	
GCTCTGTGTGTGCCTG_5_1_1	tumor	
GCTGCAGAGAGCTGCA_5_1_1	tumor	
GCTGCAGAGCTAGTGG_5_1_1	tumor	
GCTGCAGAGGAATTAC_5_1_1	tumor	
GCTGCAGAGGTCATCT_5_1_1	normal	
GCTGCAGAGTCGCCGT_5_1_1	tumor	
GCTGCAGCAGCCTGTG_5_1_1	tumor	
GCTGCAGGTACTCGCG_5_1_1	normal	
GCTGCAGGTTCACGGC_5_1_1	tumor	
GCTGCAGTCTGTACGA_5_1_1	normal	
GCTGCGAAGAGCTGGT_5_1_1	normal	
GCTGCGAAGAGTTGGC_5_1_1	tumor	
GCTGCGAAGTGTCCAT_5_1_1	tumor	
GCTGCGACATAAGACA_5_1_1	normal	
GCTGCGAGTTACGACT_5_1_1	tumor	
GCTGCGAGTTATTCTC_5_1_1	tumor	
GCTGCGATCACTGGGC_5_1_1	tumor	
GCTGCGATCTGTCTCG_5_1_1	tumor	
GCTGCTTAGACCCACC_5_1_1	tumor	
GCTGCTTCAAGACGTG_5_1_1	normal	
GCTGCTTCAATCCAAC_5_1_1	tumor	
GCTGCTTCACATGACT_5_1_1	tumor	
GCTGCTTGTATCAGTC_5_1_1	tumor	
GCTGCTTGTCCGTGAC_5_1_1	tumor	
GCTGCTTGTCTCAACA_5_1_1	tumor	
GCTGCTTGTTCACCTC_5_1_1	tumor	
GCTGCTTTCTTCGGTC_5_1_1	tumor	
GCTGCTTTCTTTAGGG_5_1_1	normal	
GCTGGGTAGTCGTACT_5_1_1	tumor	
GCTGGGTCAATCCGAT_5_1_1	tumor	
GCTGGGTCACATCCGG_5_1_1	tumor	
GCTGGGTTCACGACTA_5_1_1	normal	
GCTGGGTTCGCCATAA_5_1_1	normal	
GCTGGGTTCTGGTATG_5_1_1	tumor	
GCTTCCAAGACGACGT_5_1_1	tumor	
GCTTCCAAGCCTATGT_5_1_1	normal	
GCTTCCAAGCTAGTGG_5_1_1	tumor	
GCTTCCAAGTGGACGT_5_1_1	tumor	
GCTTCCACAATCGGTT_5_1_1	tumor	
GCTTCCACATGCCCGA_5_1_1	tumor	
GCTTCCACATTACGAC_5_1_1	tumor	
GCTTCCAGTAAGTTCC_5_1_1	tumor	
GCTTCCAGTCAACTGT_5_1_1	normal	
GCTTCCAGTCAGAGGT_5_1_1	tumor	
GCTTCCATCAGTACGT_5_1_1	normal	
GCTTCCATCCATGAAC_5_1_1	tumor	
GCTTCCATCGCCTGAG_5_1_1	normal	
GCTTCCATCGGCGGTT_5_1_1	normal	
GCTTGAAAGCAGATCG_5_1_1	tumor	
GCTTGAAAGGATTCGG_5_1_1	tumor	
GCTTGAAAGGCGTACA_5_1_1	tumor	
GCTTGAAAGGGAAACA_5_1_1	tumor	
GCTTGAAAGGTGGGTT_5_1_1	normal	
GCTTGAAAGTACATGA_5_1_1	normal	
GCTTGAAAGTGGGCTA_5_1_1	normal	
GCTTGAACACAGCCCA_5_1_1	normal	
GCTTGAACAGATCCAT_5_1_1	tumor	
GCTTGAACATCCAACA_5_1_1	tumor	
GCTTGAACATGTCTCC_5_1_1	tumor	
GCTTGAAGTACAAGTA_5_1_1	normal	
GCTTGAAGTACCGTAT_5_1_1	tumor	
GCTTGAAGTCATGCAT_5_1_1	tumor	
GCTTGAAGTCTAAACC_5_1_1	tumor	
GGAAAGCAGACACGAC_5_1_1	tumor	
GGAAAGCAGCTACCGC_5_1_1	tumor	
GGAAAGCAGGAGTAGA_5_1_1	tumor	
GGAAAGCAGGCTATCT_5_1_1	tumor	
GGAAAGCCACCAGGTC_5_1_1	tumor	
GGAAAGCGTTCAACCA_5_1_1	tumor	
GGAAAGCGTTCGAATC_5_1_1	tumor	
GGAAAGCGTTCGGGCT_5_1_1	tumor	
GGAAAGCGTTGATTCG_5_1_1	tumor	
GGAAAGCTCACCTCGT_5_1_1	tumor	
GGAAAGCTCCATGAGT_5_1_1	normal	
GGAAAGCTCTACTCAT_5_1_1	tumor	
GGAACTTAGATGTAAC_5_1_1	tumor	
GGAACTTAGCTAGTCT_5_1_1	normal	
GGAACTTAGGTGCTTT_5_1_1	normal	
GGAACTTAGGTGGGTT_5_1_1	tumor	
GGAACTTAGTGACATA_5_1_1	tumor	
GGAACTTAGTTACCCA_5_1_1	tumor	
GGAACTTCACCGTTGG_5_1_1	normal	
GGAACTTCATGCCCGA_5_1_1	normal	
GGAACTTGTCACACGC_5_1_1	tumor	
GGAACTTTCCAAGCCG_5_1_1	normal	
GGAACTTTCCATGCTC_5_1_1	tumor	
GGAACTTTCGACGGAA_5_1_1	tumor	
GGAACTTTCTGAGGGA_5_1_1	tumor	
GGAACTTTCTGATTCT_5_1_1	tumor	
GGAATAAAGAGAGCTC_5_1_1	tumor	
GGAATAAAGTACATGA_5_1_1	tumor	
GGAATAACAATAGAGT_5_1_1	normal	
GGAATAACAATCCGAT_5_1_1	normal	
GGAATAACATGCTGGC_5_1_1	normal	
GGAATAAGTAAGTGTA_5_1_1	normal	
GGAATAAGTCATACTG_5_1_1	tumor	
GGAATAAGTCCGACGT_5_1_1	normal	
GGAATAAGTCGAATCT_5_1_1	tumor	
GGAATAAGTTAGTGGG_5_1_1	tumor	
GGAATAAGTTTGTTTC_5_1_1	normal	
GGAATAATCCTTTCTC_5_1_1	tumor	
GGAATAATCGAATCCA_5_1_1	normal	
GGAATAATCTGCCAGG_5_1_1	tumor	
GGACAAGAGGAGTCTG_5_1_1	normal	
GGACAAGAGTTCGCAT_5_1_1	normal	
GGACAAGCAGAAGCAC_5_1_1	tumor	
GGACAAGCAGATCGGA_5_1_1	tumor	
GGACAAGCAGTCGATT_5_1_1	normal	
GGACAAGCATCACCCT_5_1_1	normal	
GGACAAGGTATAGTAG_5_1_1	normal	
GGACAAGGTCTAGAGG_5_1_1	normal	
GGACAAGGTTGCCTCT_5_1_1	tumor	
GGACAAGTCAGCGACC_5_1_1	normal	
GGACAAGTCCAAATGC_5_1_1	normal	
GGACAAGTCCTTGGTC_5_1_1	tumor	
GGACAAGTCGCAAGCC_5_1_1	tumor	
GGACAAGTCTCGCATC_5_1_1	normal	
GGACAAGTCTCTGTCG_5_1_1	tumor	
GGACAAGTCTGAGGGA_5_1_1	tumor	
GGACAAGTCTGTCAAG_5_1_1	tumor	
GGACAGAAGATCTGAA_5_1_1	normal	
GGACAGAAGCTAGTGG_5_1_1	normal	
GGACAGAAGGACACCA_5_1_1	tumor	
GGACAGACACGAAGCA_5_1_1	normal	
GGACAGACAGCCAATT_5_1_1	tumor	
GGACAGAGTACCGCTG_5_1_1	normal	
GGACAGAGTGACAAAT_5_1_1	tumor	
GGACAGATCAGCTCTC_5_1_1	normal	
GGACAGATCGTTGCCT_5_1_1	normal	
GGACATTAGAATGTTG_5_1_1	tumor	
GGACATTAGCGATATA_5_1_1	normal	
GGACATTAGCGGCTTC_5_1_1	tumor	
GGACATTAGTGCCAGA_5_1_1	tumor	
GGACATTCACTATCTT_5_1_1	tumor	
GGACATTGTGCGCTTG_5_1_1	tumor	
GGACATTTCCTGCCAT_5_1_1	tumor	
GGACATTTCGAACTGT_5_1_1	tumor	
GGACATTTCGTAGATC_5_1_1	tumor	
GGACGTCAGATCCGAG_5_1_1	tumor	
GGACGTCCAAGCGATG_5_1_1	tumor	
GGACGTCCACGAGGTA_5_1_1	normal	
GGACGTCGTCGACTGC_5_1_1	normal	
GGACGTCGTCGCTTTC_5_1_1	normal	
GGACGTCTCTCTTATG_5_1_1	tumor	
GGAGCAAAGGACAGAA_5_1_1	tumor	
GGAGCAACATGTAGTC_5_1_1	tumor	
GGAGCAAGTAAACCTC_5_1_1	tumor	
GGAGCAAGTCATCGGC_5_1_1	tumor	
GGAGCAAGTCTTTCAT_5_1_1	tumor	
GGAGCAAGTGAACCTT_5_1_1	normal	
GGAGCAAGTTGTGGAG_5_1_1	tumor	
GGAGCAATCCTAGAAC_5_1_1	tumor	
GGATGTTCAAGCTGTT_5_1_1	tumor	
GGATGTTCAGAGCCAA_5_1_1	tumor	
GGATGTTGTCCGTTAA_5_1_1	tumor	
GGATGTTGTTCGTCTC_5_1_1	tumor	
GGATGTTTCCCAAGTA_5_1_1	normal	
GGATGTTTCCGCGTTT_5_1_1	normal	
GGATGTTTCTCGGACG_5_1_1	tumor	
GGATTACCATCATCCC_5_1_1	tumor	
GGATTACGTCGAACAG_5_1_1	normal	
GGATTACGTCTTCTCG_5_1_1	tumor	
GGATTACTCAGTCAGT_5_1_1	normal	
GGATTACTCGAGAACG_5_1_1	tumor	
GGATTACTCTGATTCT_5_1_1	normal	
GGATTACTCTGCTTGC_5_1_1	tumor	
GGCAATTAGAATTGTG_5_1_1	tumor	
GGCAATTAGAGCTTCT_5_1_1	tumor	
GGCAATTAGAGGTAGA_5_1_1	tumor	
GGCAATTAGTCCAGGA_5_1_1	tumor	
GGCAATTCAAAGCGGT_5_1_1	normal	yes
GGCAATTCAGGGCATA_5_1_1	tumor	
GGCAATTCATCCAACA_5_1_1	tumor	
GGCAATTGTCGCTTCT_5_1_1	normal	
GGCAATTTCTGAAAGA_5_1_1	tumor	
GGCCGATAGAAACGAG_5_1_1	tumor	
GGCCGATAGGAGTCTG_5_1_1	tumor	
GGCCGATCACCAGATT_5_1_1	tumor	
GGCCGATCAGCTGTTA_5_1_1	normal	
GGCCGATCATGCCTTC_5_1_1	tumor	
GGCCGATGTCTCCATC_5_1_1	tumor	
GGCCGATGTCTCTTTA_5_1_1	tumor	
GGCCGATGTTCAGTAC_5_1_1	normal	
GGCCGATTCCCACTTG_5_1_1	tumor	
GGCGACTAGAGTGACC_5_1_1	tumor	
GGCGACTAGCCGCCTA_5_1_1	tumor	
GGCGACTCAAGTTCTG_5_1_1	normal	
GGCGACTCAGCTATTG_5_1_1	tumor	
GGCGACTGTCTCATCC_5_1_1	tumor	
GGCGACTTCACATGCA_5_1_1	normal	
GGCGACTTCTCCGGTT_5_1_1	tumor	
GGCGTGTCATCACCCT_5_1_1	tumor	
GGCGTGTGTATCGCAT_5_1_1	normal	
GGCGTGTTCAGCTGGC_5_1_1	normal	
GGCGTGTTCCCGACTT_5_1_1	tumor	
GGCGTGTTCGATGAGG_5_1_1	normal	
GGCGTGTTCGGTCCGA_5_1_1	normal	
GGCTCGAAGAAACGCC_5_1_1	tumor	
GGCTCGAAGAAGCCCA_5_1_1	normal	
GGCTCGAAGTAAGTAC_5_1_1	normal	
GGCTCGAAGTGAAGAG_5_1_1	normal	
GGCTCGACACGGCTAC_5_1_1	tumor	
GGCTCGAGTCACACGC_5_1_1	normal	
GGCTCGAGTCATATCG_5_1_1	normal	
GGCTCGATCCTTTCTC_5_1_1	tumor	
GGCTGGTAGCTAAGAT_5_1_1	tumor	
GGCTGGTCACATTAGC_5_1_1	normal	
GGCTGGTCACATTTCT_5_1_1	tumor	
GGCTGGTCACGGACAA_5_1_1	tumor	
GGCTGGTCAGTATGCT_5_1_1	tumor	
GGCTGGTCATACAGCT_5_1_1	normal	
GGCTGGTGTCCGTGAC_5_1_1	tumor	
GGCTGGTTCGAATGCT_5_1_1	tumor	
GGCTGGTTCGACGGAA_5_1_1	normal	
GGCTGGTTCTGCGTAA_5_1_1	tumor	
GGGAATGAGACAGACC_5_1_1	normal	
GGGAATGCAACGATCT_5_1_1	tumor	
GGGAATGCAAGCGTAG_5_1_1	normal	
GGGAATGCAGATGAGC_5_1_1	normal	
GGGAATGGTGACCAAG_5_1_1	tumor	
GGGAATGGTGACGGTA_5_1_1	tumor	
GGGAATGGTTGAGTTC_5_1_1	tumor	
GGGAATGTCATGTGGT_5_1_1	tumor	
GGGACCTAGACTGTAA_5_1_1	tumor	
GGGACCTAGTGCGATG_5_1_1	tumor	
GGGACCTCACTTAACG_5_1_1	normal	
GGGACCTGTAGAAAGG_5_1_1	tumor	
GGGACCTGTCCGAAGA_5_1_1	tumor	
GGGACCTGTCCGACGT_5_1_1	tumor	
GGGACCTGTCGCTTCT_5_1_1	tumor	
GGGACCTTCAGGCGAA_5_1_1	tumor	
GGGACCTTCCACGTGG_5_1_1	normal	
GGGACCTTCCAGATCA_5_1_1	tumor	
GGGACCTTCCCACTTG_5_1_1	normal	
GGGACCTTCTCATTCA_5_1_1	tumor	
GGGAGATAGCCCAATT_5_1_1	tumor	
GGGAGATAGCGCTTAT_5_1_1	normal	
GGGAGATCAGACACTT_5_1_1	tumor	
GGGAGATCATTTGCTT_5_1_1	tumor	
GGGAGATGTAGGAGTC_5_1_1	normal	yes
GGGAGATGTCAATACC_5_1_1	tumor	
GGGAGATGTTCGGCAC_5_1_1	tumor	
GGGAGATGTTGCCTCT_5_1_1	tumor	
GGGAGATTCATTGCGA_5_1_1	normal	
GGGAGATTCCACGCAG_5_1_1	normal	
GGGAGATTCTGTGCAA_5_1_1	normal	
GGGAGATTCTTGTACT_5_1_1	tumor	
GGGATGAAGCAGACTG_5_1_1	tumor	
GGGATGAAGTCGCCGT_5_1_1	tumor	
GGGATGACAACCGCCA_5_1_1	normal	
GGGATGACACGTAAGG_5_1_1	normal	
GGGATGACAGCATGAG_5_1_1	normal	
GGGATGAGTCCAGTGC_5_1_1	normal	
GGGATGATCACCCTCA_5_1_1	tumor	
GGGATGATCACCTTAT_5_1_1	normal	
GGGATGATCGCTGATA_5_1_1	normal	
GGGCACTAGCCAGAAC_5_1_1	tumor	
GGGCACTAGTTGTAGA_5_1_1	normal	
GGGCACTCAATGGACG_5_1_1	tumor	
GGGCACTCAGCTCGCA_5_1_1	tumor	
GGGCACTCAGTACACT_5_1_1	normal	
GGGCACTGTATTCGTG_5_1_1	normal	
GGGCACTGTCCAGTAT_5_1_1	tumor	
GGGCACTGTGGAAAGA_5_1_1	tumor	
GGGCACTTCATCATTC_5_1_1	tumor	
GGGCACTTCCGATATG_5_1_1	normal	
GGGCATCAGACACGAC_5_1_1	normal	
GGGCATCAGCTAGTCT_5_1_1	normal	
GGGCATCAGGAGTAGA_5_1_1	tumor	
GGGCATCAGTTTAGGA_5_1_1	normal	
GGGCATCCACGCGAAA_5_1_1	normal	
GGGCATCGTCCAAGTT_5_1_1	normal	
GGGCATCGTTCGCTAA_5_1_1	normal	
GGGCATCGTTGACGTT_5_1_1	tumor	
GGGCATCTCTTGCAAG_5_1_1	tumor	
GGGCATCTCTTTAGGG_5_1_1	normal	
GGGTCTGAGACATAAC_5_1_1	normal	
GGGTCTGAGACCTTTG_5_1_1	tumor	
GGGTCTGCAGGAATCG_5_1_1	tumor	
GGGTCTGGTACCGCTG_5_1_1	normal	
GGGTCTGGTAGAGGAA_5_1_1	tumor	
GGGTTGCAGCAGCCTC_5_1_1	normal	
GGGTTGCAGTGACTCT_5_1_1	normal	
GGGTTGCAGTGATCGG_5_1_1	normal	
GGGTTGCCAAGTCTGT_5_1_1	normal	
GGGTTGCCACACATGT_5_1_1	normal	
GGGTTGCCACGGATAG_5_1_1	tumor	
GGGTTGCCAGGGATTG_5_1_1	tumor	
GGGTTGCCATACAGCT_5_1_1	tumor	
GGGTTGCCATACGCCG_5_1_1	tumor	
GGGTTGCTCGGATGTT_5_1_1	tumor	
GGGTTGCTCTTCAACT_5_1_1	tumor	
GGTATTGAGGCCCGTT_5_1_1	normal	
GGTATTGCATTTGCCC_5_1_1	normal	
GGTATTGGTAAGTAGT_5_1_1	tumor	
GGTATTGGTCCTCCAT_5_1_1	tumor	
GGTATTGGTGGCCCTA_5_1_1	normal	
GGTATTGGTTAAGGGC_5_1_1	normal	
GGTATTGGTTCGTCTC_5_1_1	normal	
GGTATTGGTTCTGAAC_5_1_1	tumor	
GGTATTGTCGACGGAA_5_1_1	tumor	
GGTGAAGAGACATAAC_5_1_1	tumor	
GGTGAAGCAAGCCATT_5_1_1	tumor	
GGTGAAGCAAGTTAAG_5_1_1	normal	
GGTGAAGCAGATGAGC_5_1_1	tumor	
GGTGAAGGTAAGCACG_5_1_1	tumor	
GGTGAAGGTCATGCAT_5_1_1	tumor	
GGTGAAGGTCGCGAAA_5_1_1	normal	
GGTGAAGGTGCCTGGT_5_1_1	normal	
GGTGAAGGTTGAACTC_5_1_1	normal	
GGTGAAGTCAATCACG_5_1_1	normal	
GGTGAAGTCCACTCCA_5_1_1	tumor	
GGTGAAGTCTTGAGGT_5_1_1	tumor	
GGTGAAGTCTTTACGT_5_1_1	normal	
GGTGCGTAGAGTACCG_5_1_1	tumor	
GGTGCGTAGATAGCAT_5_1_1	tumor	
GGTGCGTAGATCACGG_5_1_1	tumor	
GGTGCGTAGCAGGTCA_5_1_1	tumor	
GGTGCGTCACCCTATC_5_1_1	tumor	
GGTGCGTCAGCGATCC_5_1_1	tumor	
GGTGCGTGTAAACACA_5_1_1	tumor	
GGTGCGTGTAATTGGA_5_1_1	tumor	
GGTGCGTTCTGTACGA_5_1_1	normal	
GGTGTTACAAAGGAAG_5_1_1	tumor	
GGTGTTACAAAGTGCG_5_1_1	tumor	
GGTGTTACAATAGCAA_5_1_1	normal	
GGTGTTACAATCCAAC_5_1_1	tumor	
GGTGTTACAGTAAGAT_5_1_1	tumor	
GGTGTTAGTAGCTCCG_5_1_1	normal	
GGTGTTAGTAGGGACT_5_1_1	tumor	
GGTGTTAGTGCTAGCC_5_1_1	tumor	
GGTGTTAGTGTCAATC_5_1_1	normal	
GGTGTTAGTTAAAGAC_5_1_1	tumor	
GGTGTTAGTTGTCGCG_5_1_1	normal	
GGTGTTATCCCGACTT_5_1_1	tumor	
GGTGTTATCTTGGGTA_5_1_1	normal	
GTAACGTCAAGCCATT_5_1_1	normal	
GTAACGTCACAAGACG_5_1_1	normal	
GTAACGTCAGCCTATA_5_1_1	normal	
GTAACGTCAGCGAACA_5_1_1	normal	
GTAACGTCAGTAAGCG_5_1_1	tumor	
GTAACGTCATGCTGGC_5_1_1	normal	
GTAACGTGTCACCCAG_5_1_1	normal	
GTAACGTTCATACGGT_5_1_1	normal	
GTAACGTTCTAACTGG_5_1_1	tumor	
GTAACTGAGCCAGGAT_5_1_1	tumor	
GTAACTGCAAAGGAAG_5_1_1	tumor	
GTAACTGCAATCAGAA_5_1_1	tumor	
GTAACTGCACTCAGGC_5_1_1	tumor	
GTAACTGCATAAAGGT_5_1_1	normal	
GTAACTGGTAAGGGCT_5_1_1	normal	
GTAACTGGTGTCAATC_5_1_1	tumor	
GTACGTAAGACAATAC_5_1_1	normal	
GTACGTAAGATCGATA_5_1_1	tumor	
GTACGTACAAACTGCT_5_1_1	tumor	
GTACGTACACATGACT_5_1_1	normal	
GTACGTAGTCGAGATG_5_1_1	tumor	
GTACTCCAGACGCACA_5_1_1	tumor	
GTACTCCAGGTCGGAT_5_1_1	tumor	
GTACTCCCAAGCCATT_5_1_1	tumor	
GTACTCCCAGCATACT_5_1_1	normal	
GTACTCCCAGGCTGAA_5_1_1	tumor	
GTACTCCGTACGCACC_5_1_1	tumor	
GTACTCCTCAACACTG_5_1_1	tumor	
GTACTCCTCCACTCCA_5_1_1	tumor	
GTACTCCTCTCCAACC_5_1_1	tumor	
GTACTCCTCTTCTGGC_5_1_1	tumor	
GTACTTTAGAATAGGG_5_1_1	normal	
GTACTTTAGCGTTCCG_5_1_1	tumor	
GTACTTTAGGTAAACT_5_1_1	normal	
GTACTTTAGTGAAGTT_5_1_1	normal	
GTACTTTCAGATCGGA_5_1_1	tumor	
GTACTTTCAGTATGCT_5_1_1	tumor	
GTACTTTCATAGAAAC_5_1_1	tumor	
GTACTTTGTAACGCGA_5_1_1	normal	
GTACTTTTCAGTTCGA_5_1_1	tumor	
GTAGGCCAGAAGGTTT_5_1_1	normal	
GTAGGCCCAACGCACC_5_1_1	tumor	
GTAGGCCCAGCCTTGG_5_1_1	tumor	
GTAGGCCCAGGATCGA_5_1_1	normal	
GTAGGCCGTAGCTTGT_5_1_1	tumor	
GTAGGCCGTGTCCTCT_5_1_1	tumor	
GTAGGCCGTGTTGAGG_5_1_1	normal	
GTAGGCCTCACATGCA_5_1_1	normal	
GTAGGCCTCATTCACT_5_1_1	tumor	
GTAGGCCTCCGCAGTG_5_1_1	normal	
GTAGTCAAGGCCCGTT_5_1_1	normal	
GTAGTCAAGTGCCATT_5_1_1	normal	
GTAGTCACAAGACACG_5_1_1	tumor	
GTAGTCACATGCCTTC_5_1_1	tumor	
GTAGTCAGTAATTGGA_5_1_1	tumor	
GTAGTCAGTCAATGTC_5_1_1	tumor	
GTAGTCAGTCAGAAGC_5_1_1	normal	
GTAGTCAGTTATGTGC_5_1_1	normal	
GTAGTCATCCCAAGAT_5_1_1	normal	
GTAGTCATCCCGGATG_5_1_1	tumor	
GTATCTTAGATGGGTC_5_1_1	normal	
GTATCTTAGGGCTTCC_5_1_1	normal	
GTATCTTAGTGAAGAG_5_1_1	tumor	
GTATCTTAGTTTCCTT_5_1_1	tumor	
GTATCTTCACTGTCGG_5_1_1	tumor	
GTATCTTGTCTCTCGT_5_1_1	tumor	
GTATCTTGTGCTTCTC_5_1_1	normal	
GTATCTTGTTGGACCC_5_1_1	tumor	
GTATCTTTCACTTCAT_5_1_1	tumor	
GTATCTTTCGCCTGTT_5_1_1	tumor	
GTATTCTAGACTCGGA_5_1_1	normal	
GTATTCTAGATGCGAC_5_1_1	tumor	
GTATTCTAGGGAAACA_5_1_1	normal	
GTATTCTAGGGTTCCC_5_1_1	tumor	
GTATTCTAGTGTACGG_5_1_1	normal	
GTATTCTGTCGCTTTC_5_1_1	normal	
GTATTCTGTTGATTGC_5_1_1	normal	
GTATTCTTCGCGATCG_5_1_1	tumor	
GTATTCTTCGTACCGG_5_1_1	tumor	
GTCAAGTAGAGACGAA_5_1_1	normal	
GTCAAGTCAACACCCG_5_1_1	tumor	
GTCAAGTCAAGGTTTC_5_1_1	normal	
GTCAAGTCAATCCAAC_5_1_1	normal	
GTCAAGTCATCTACGA_5_1_1	tumor	
GTCAAGTCATGCCACG_5_1_1	tumor	
GTCAAGTGTAAAGGAG_5_1_1	tumor	
GTCAAGTGTAGCGCAA_5_1_1	normal	
GTCAAGTGTTGCCTCT_5_1_1	normal	
GTCAAGTGTTTGACTG_5_1_1	normal	
GTCAAGTTCAACCATG_5_1_1	normal	
GTCAAGTTCATGCATG_5_1_1	tumor	
GTCAAGTTCCTGTACC_5_1_1	tumor	
GTCAAGTTCGTGGGAA_5_1_1	normal	
GTCACAAAGCTAGTTC_5_1_1	tumor	
GTCACAAAGGCCGAAT_5_1_1	normal	
GTCACAACAGACGCCT_5_1_1	tumor	
GTCACAACATACTACG_5_1_1	normal	
GTCACAACATGGTCAT_5_1_1	tumor	
GTCACAAGTCTGGTCG_5_1_1	normal	
GTCACAAGTTCAACCA_5_1_1	normal	
GTCACAATCCAAAGTC_5_1_1	tumor	
GTCACAATCGGTGTCG_5_1_1	tumor	
GTCACGGAGCGATAGC_5_1_1	tumor	
GTCACGGAGCTGCCCA_5_1_1	tumor	
GTCACGGAGGAGTTTA_5_1_1	tumor	
GTCACGGAGTAACCCT_5_1_1	normal	
GTCACGGCACATCTTT_5_1_1	tumor	
GTCACGGGTGACGCCT_5_1_1	normal	
GTCACGGTCAGCTCTC_5_1_1	normal	
GTCATTTAGAATGTTG_5_1_1	tumor	
GTCATTTAGTACTTGC_5_1_1	normal	
GTCATTTCAAGTTAAG_5_1_1	tumor	
GTCATTTCACCAGATT_5_1_1	tumor	
GTCATTTCAGACTCGC_5_1_1	tumor	
GTCATTTGTGTAATGA_5_1_1	tumor	
GTCATTTTCACCGGGT_5_1_1	tumor	
GTCATTTTCCGATATG_5_1_1	normal	
GTCATTTTCTCGTATT_5_1_1	tumor	
GTCCTCACAGTAACGG_5_1_1	tumor	
GTCCTCACATTGTGCA_5_1_1	normal	
GTCCTCAGTAAAGGAG_5_1_1	tumor	
GTCCTCAGTCACCCAG_5_1_1	tumor	
GTCCTCAGTCGGATCC_5_1_1	tumor	
GTCCTCAGTCTGCGGT_5_1_1	tumor	
GTCCTCATCGCGTAGC_5_1_1	normal	
GTCCTCATCTAACTGG_5_1_1	normal	
GTCGGGTAGACTCGGA_5_1_1	normal	
GTCGGGTAGATAGGAG_5_1_1	tumor	
GTCGGGTAGCCGATTT_5_1_1	normal	
GTCGGGTAGCCTCGTG_5_1_1	tumor	
GTCGGGTCAGCTGTGC_5_1_1	normal	
GTCGGGTGTAAACACA_5_1_1	normal	
GTCGGGTGTGATGCCC_5_1_1	tumor	
GTCGGGTGTTTGACTG_5_1_1	tumor	
GTCGGGTTCCGTAGTA_5_1_1	tumor	
GTCGGGTTCGGCGCAT_5_1_1	tumor	
GTCGTAAAGCTCCTCT_5_1_1	tumor	
GTCGTAACACGACGAA_5_1_1	tumor	
GTCGTAACACTTACGA_5_1_1	tumor	
GTCGTAACATGCAACT_5_1_1	tumor	
GTCGTAAGTATATCCG_5_1_1	tumor	
GTCGTAAGTCTGCGGT_5_1_1	tumor	
GTCGTAAGTGCTAGCC_5_1_1	normal	
GTCGTAAGTTAGAACA_5_1_1	tumor	
GTCGTAAGTTGTACAC_5_1_1	tumor	
GTCGTAATCACCTTAT_5_1_1	tumor	
GTCGTAATCTTCATGT_5_1_1	tumor	
GTCTCGTAGCCGATTT_5_1_1	normal	
GTCTCGTCACATGACT_5_1_1	tumor	
GTCTCGTGTAAATGAC_5_1_1	normal	
GTCTCGTGTTTACTCT_5_1_1	tumor	
GTCTCGTTCATATCGG_5_1_1	tumor	
GTCTCGTTCATTATCC_5_1_1	normal	
GTCTCGTTCCTAAGTG_5_1_1	tumor	
GTCTTCGAGAGAACAG_5_1_1	tumor	
GTCTTCGAGAGGTTAT_5_1_1	normal	
GTCTTCGAGGAATTAC_5_1_1	tumor	
GTCTTCGCAAGTAGTA_5_1_1	normal	
GTCTTCGGTCGGCTCA_5_1_1	normal	
GTCTTCGGTTACCGAT_5_1_1	tumor	
GTCTTCGTCATGTCCC_5_1_1	normal	
GTCTTCGTCCGTCATC_5_1_1	tumor	
GTCTTCGTCCTGCTTG_5_1_1	tumor	
GTCTTCGTCTTCGGTC_5_1_1	tumor	
GTGAAGGAGCCCGAAA_5_1_1	tumor	
GTGAAGGAGTACGTAA_5_1_1	tumor	
GTGAAGGCAATGAATG_5_1_1	tumor	
GTGAAGGCACAGTCGC_5_1_1	normal	
GTGAAGGCACGAAAGC_5_1_1	tumor	
GTGAAGGCAGAGTGTG_5_1_1	tumor	
GTGAAGGCAGGATTGG_5_1_1	normal	
GTGAAGGCAGGTCCAC_5_1_1	tumor	
GTGAAGGGTAAGTGGC_5_1_1	tumor	
GTGAAGGGTAGGGACT_5_1_1	normal	
GTGAAGGGTCAGATAA_5_1_1	tumor	
GTGAAGGGTCGGCATC_5_1_1	normal	
GTGAAGGGTGAACCTT_5_1_1	normal	
GTGAAGGTCAACCATG_5_1_1	tumor	
GTGAAGGTCAATAAGG_5_1_1	normal	
GTGAAGGTCACGGTTA_5_1_1	normal	
GTGAAGGTCATGCATG_5_1_1	tumor	
GTGAAGGTCCTTGACC_5_1_1	normal	
GTGCAGCAGTACGCCC_5_1_1	tumor	
GTGCAGCAGTCATCCA_5_1_1	normal	
GTGCAGCCACCTTGTC_5_1_1	tumor	
GTGCAGCCACTCAGGC_5_1_1	tumor	
GTGCAGCCATGTCTCC_5_1_1	tumor	
GTGCAGCGTGCAACTT_5_1_1	tumor	
GTGCAGCTCAACGCTA_5_1_1	tumor	
GTGCAGCTCTCGAGTA_5_1_1	tumor	
GTGCATAAGATCCTGT_5_1_1	tumor	
GTGCATACAGTTAACC_5_1_1	normal	
GTGCATAGTAACGTTC_5_1_1	normal	
GTGCATAGTAGCGATG_5_1_1	normal	
GTGCATAGTGTCGCTG_5_1_1	tumor	
GTGCATAGTTGGTTTG_5_1_1	normal	
GTGCATATCAGAGCTT_5_1_1	tumor	
GTGCGGTAGCCACTAT_5_1_1	normal	
GTGCGGTAGGCCATAG_5_1_1	normal	
GTGCGGTAGGGAGTAA_5_1_1	normal	
GTGCGGTCAACACCCG_5_1_1	tumor	
GTGCGGTCAGTAGAGC_5_1_1	normal	
GTGCGGTCATGTAAGA_5_1_1	normal	
GTGCGGTGTACATGTC_5_1_1	tumor	
GTGCGGTGTATAGTAG_5_1_1	tumor	
GTGCGGTGTCTAAACC_5_1_1	normal	
GTGCGGTGTGCCTGGT_5_1_1	tumor	
GTGCGGTGTTCAGGCC_5_1_1	tumor	
GTGCGGTGTTCCACAA_5_1_1	tumor	
GTGCGGTTCAACTCTT_5_1_1	normal	
GTGCGGTTCTATCGCC_5_1_1	normal	
GTGCTTCAGACGCTTT_5_1_1	normal	
GTGCTTCCAACGATGG_5_1_1	tumor	
GTGCTTCCAAGTCTAC_5_1_1	tumor	
GTGCTTCCAAGTTGTC_5_1_1	tumor	
GTGCTTCCAGCTCCGA_5_1_1	normal	
GTGCTTCCATGAGCGA_5_1_1	normal	
GTGCTTCGTCTTTCAT_5_1_1	tumor	
GTGCTTCGTGTTAAGA_5_1_1	tumor	
GTGCTTCGTTGACGTT_5_1_1	normal	
GTGCTTCTCCTCGCAT_5_1_1	tumor	
GTGCTTCTCGTATCAG_5_1_1	tumor	
GTGGGTCAGAAGGGTA_5_1_1	tumor	
GTGGGTCAGGAATCGC_5_1_1	normal	
GTGGGTCAGGCCCTCA_5_1_1	normal	
GTGGGTCAGGTAAACT_5_1_1	tumor	
GTGGGTCAGTCCATAC_5_1_1	tumor	
GTGGGTCCACGAAACG_5_1_1	tumor	
GTGGGTCGTAGAAAGG_5_1_1	tumor	
GTGGGTCGTAGCTAAA_5_1_1	normal	
GTGGGTCGTCACTGGC_5_1_1	tumor	
GTGGGTCGTCGCATAT_5_1_1	normal	
GTGGGTCGTCTAGGTT_5_1_1	normal	
GTGGGTCGTGAGTATA_5_1_1	tumor	
GTGGGTCGTTGGTAAA_5_1_1	tumor	
GTGGGTCTCAGCACAT_5_1_1	normal	
GTGGGTCTCCACGACG_5_1_1	normal	
GTGTGCGAGGCTCAGA_5_1_1	normal	
GTGTGCGAGTAGGTGC_5_1_1	tumor	
GTGTGCGAGTGGGTTG_5_1_1	normal	
GTGTGCGCACTAGTAC_5_1_1	normal	
GTGTGCGCAGTATCTG_5_1_1	normal	
GTGTGCGCATGTTCCC_5_1_1	normal	
GTGTGCGGTACATCCA_5_1_1	tumor	
GTGTGCGGTACGACCC_5_1_1	tumor	
GTGTGCGGTACTTGAC_5_1_1	tumor	
GTGTGCGGTCCAGTAT_5_1_1	tumor	
GTGTGCGGTCGGCTCA_5_1_1	tumor	
GTGTGCGGTGAAAGAG_5_1_1	normal	
GTGTGCGTCAACCATG_5_1_1	tumor	
GTGTGCGTCGGAGCAA_5_1_1	tumor	
GTGTGCGTCGGCTACG_5_1_1	normal	
GTGTGCGTCTTGCAAG_5_1_1	tumor	
GTGTTAGAGCCATCGC_5_1_1	tumor	
GTGTTAGAGGAATCGC_5_1_1	normal	
GTGTTAGAGGCAAAGA_5_1_1	tumor	
GTGTTAGAGTGGACGT_5_1_1	tumor	
GTGTTAGCACGGCTAC_5_1_1	tumor	
GTGTTAGCATGGATGG_5_1_1	normal	
GTGTTAGGTAGCGTGA_5_1_1	tumor	
GTGTTAGGTGAGTATA_5_1_1	normal	
GTTAAGCGTAGCTGCC_5_1_1	normal	
GTTAAGCGTCTGATCA_5_1_1	normal	
GTTAAGCGTCTTTCAT_5_1_1	tumor	
GTTAAGCTCTAACTGG_5_1_1	normal	
GTTACAGAGGATCGCA_5_1_1	normal	
GTTACAGAGGTGTTAA_5_1_1	normal	
GTTACAGAGTCTTGCA_5_1_1	tumor	
GTTACAGCAGTTAACC_5_1_1	tumor	
GTTACAGCATTAGCCA_5_1_1	tumor	
GTTACAGGTTCCATGA_5_1_1	normal	
GTTACAGGTTCTGAAC_5_1_1	normal	
GTTACAGTCAAAGACA_5_1_1	tumor	
GTTACAGTCAATCTCT_5_1_1	tumor	
GTTACAGTCACATAGC_5_1_1	tumor	
GTTACAGTCGAACGGA_5_1_1	normal	
GTTACAGTCGCGGATC_5_1_1	normal	
GTTACAGTCTAACCGA_5_1_1	normal	
GTTCATTAGACAAAGG_5_1_1	tumor	
GTTCATTAGGCAAAGA_5_1_1	normal	
GTTCATTAGTAACCCT_5_1_1	tumor	
GTTCATTCAGATGAGC_5_1_1	normal	
GTTCATTGTCTCCATC_5_1_1	tumor	
GTTCATTGTTGAGGTG_5_1_1	tumor	
GTTCATTGTTGTCTTT_5_1_1	normal	
GTTCATTTCACCCGAG_5_1_1	normal	
GTTCATTTCATCACCC_5_1_1	normal	yes
GTTCATTTCCGAGCCA_5_1_1	normal	yes
GTTCATTTCGAATGGG_5_1_1	normal	
GTTCGGGAGACTGGGT_5_1_1	normal	
GTTCGGGCACCTATCC_5_1_1	normal	
GTTCGGGGTAGCGTGA_5_1_1	normal	
GTTCGGGGTCGAAAGC_5_1_1	tumor	
GTTCGGGGTCGAGTTT_5_1_1	tumor	
GTTCGGGGTCTGGTCG_5_1_1	tumor	
GTTCGGGGTTGTGGAG_5_1_1	tumor	
GTTCGGGTCGAGCCCA_5_1_1	tumor	
GTTCGGGTCTCTTATG_5_1_1	normal	
GTTCTCGAGCTCAACT_5_1_1	normal	
GTTCTCGCAGTAACGG_5_1_1	tumor	
GTTCTCGGTCATCGGC_5_1_1	tumor	
GTTCTCGTCAAGCCTA_5_1_1	normal	
GTTCTCGTCCCAAGAT_5_1_1	tumor	
GTTTCTAAGCTTTGGT_5_1_1	tumor	
GTTTCTAAGGAGTAGA_5_1_1	tumor	
GTTTCTAAGGATGTAT_5_1_1	normal	
GTTTCTAAGTAAGTAC_5_1_1	tumor	
GTTTCTAAGTGCGTGA_5_1_1	tumor	
GTTTCTAAGTGTGGCA_5_1_1	tumor	
GTTTCTACAAGACGTG_5_1_1	tumor	
GTTTCTACACCCTATC_5_1_1	tumor	
GTTTCTACAGGCAGTA_5_1_1	tumor	
GTTTCTACATGGGACA_5_1_1	normal	
GTTTCTAGTAAACGCG_5_1_1	tumor	
GTTTCTAGTGGCAAAC_5_1_1	normal	
GTTTCTAGTTCCTCCA_5_1_1	normal	
GTTTCTATCCATGCTC_5_1_1	normal	
GTTTCTATCTGATTCT_5_1_1	tumor	
TAAACCGAGAGTAAGG_5_1_1	normal	
TAAACCGAGGAGTTTA_5_1_1	tumor	
TAAACCGAGGTGCTAG_5_1_1	tumor	
TAAACCGCAACCGCCA_5_1_1	normal	
TAAACCGCAATGTTGC_5_1_1	tumor	
TAAACCGCAGTGGAGT_5_1_1	normal	
TAAACCGCATACCATG_5_1_1	tumor	
TAAACCGCATCACGTA_5_1_1	tumor	
TAAACCGGTAAGCACG_5_1_1	normal	
TAAACCGGTGTTAAGA_5_1_1	normal	
TAAACCGTCCAAAGTC_5_1_1	normal	
TAAGAGAAGAATAGGG_5_1_1	tumor	
TAAGAGAAGACCCACC_5_1_1	tumor	
TAAGAGAAGCAGATCG_5_1_1	tumor	
TAAGAGACACGGTAAG_5_1_1	normal	
TAAGAGACAGACAAGC_5_1_1	normal	
TAAGAGACAGTGAGTG_5_1_1	normal	
TAAGAGATCATCTGTT_5_1_1	tumor	
TAAGAGATCCACGAAT_5_1_1	tumor	
TAAGAGATCCACTCCA_5_1_1	tumor	
TAAGAGATCCACTGGG_5_1_1	tumor	
TAAGAGATCTACTATC_5_1_1	normal	yes
TAAGAGATCTGCGGCA_5_1_1	tumor	
TAAGCGTAGCGCTTAT_5_1_1	tumor	
TAAGCGTAGGGTGTTG_5_1_1	tumor	
TAAGCGTCAAGCGTAG_5_1_1	tumor	
TAAGCGTCACATAACC_5_1_1	tumor	
TAAGCGTCACTGAAGG_5_1_1	tumor	
TAAGCGTGTCGTGGCT_5_1_1	tumor	
TAAGCGTGTCTCTCTG_5_1_1	tumor	
TAAGCGTGTCTTGCGG_5_1_1	normal	
TAAGCGTGTGTTAAGA_5_1_1	tumor	
TAAGCGTTCCGAGCCA_5_1_1	tumor	
TAAGTGCAGTCATGCT_5_1_1	normal	
TAAGTGCCATGGTCTA_5_1_1	tumor	
TAAGTGCGTACCCAAT_5_1_1	normal	
TAAGTGCGTACCGCTG_5_1_1	tumor	
TAAGTGCGTCTGCAAT_5_1_1	normal	
TAAGTGCGTGCGCTTG_5_1_1	tumor	
TACACGAAGATGTTAG_5_1_1	tumor	
TACACGAAGCTAGTTC_5_1_1	normal	
TACACGACACCTGGTG_5_1_1	tumor	
TACACGACAGTAACGG_5_1_1	tumor	
TACACGAGTACCGTTA_5_1_1	tumor	
TACACGATCAATCACG_5_1_1	normal	
TACACGATCCAAACAC_5_1_1	normal	
TACACGATCCACGACG_5_1_1	normal	
TACAGTGAGAATGTTG_5_1_1	tumor	
TACAGTGAGAGTACCG_5_1_1	tumor	
TACAGTGAGGACAGCT_5_1_1	normal	
TACAGTGCACCAGCAC_5_1_1	tumor	
TACAGTGCATAGGATA_5_1_1	tumor	
TACAGTGGTCCATGAT_5_1_1	tumor	
TACAGTGGTTACAGAA_5_1_1	normal	
TACAGTGTCACATAGC_5_1_1	tumor	
TACAGTGTCATCTGCC_5_1_1	tumor	
TACCTATAGAGCCTAG_5_1_1	tumor	
TACCTATAGTCGCCGT_5_1_1	normal	
TACCTATCACGTGAGA_5_1_1	normal	
TACCTATGTAAGTTCC_5_1_1	tumor	
TACCTATTCGTTGACA_5_1_1	tumor	
TACCTTAAGGAATGGA_5_1_1	normal	
TACCTTACAAGTTGTC_5_1_1	tumor	
TACCTTAGTCAAAGAT_5_1_1	tumor	
TACCTTATCACTTACT_5_1_1	normal	
TACCTTATCATTATCC_5_1_1	tumor	
TACCTTATCGACCAGC_5_1_1	tumor	
TACGGATAGCGATATA_5_1_1	normal	
TACGGATAGCGATTCT_5_1_1	normal	
TACGGATAGGATGGAA_5_1_1	normal	
TACGGATAGGTGCACA_5_1_1	tumor	
TACGGATCAATGAATG_5_1_1	tumor	
TACGGATCAGTACACT_5_1_1	tumor	
TACGGATGTAAGGGCT_5_1_1	tumor	
TACGGATGTACGCACC_5_1_1	normal	
TACGGATGTAGCGCAA_5_1_1	tumor	
TACGGATGTAGGAGTC_5_1_1	tumor	
TACGGATGTCCGTCAG_5_1_1	normal	
TACGGATGTCTCAACA_5_1_1	tumor	
TACGGGCCACTATCTT_5_1_1	tumor	
TACGGGCCAGATTGCT_5_1_1	normal	
TACGGGCGTACAGTTC_5_1_1	normal	
TACGGGCGTCAAAGAT_5_1_1	tumor	
TACGGGCGTCGCGGTT_5_1_1	tumor	
TACGGGCGTTAGGGTG_5_1_1	normal	
TACGGGCTCAGCAACT_5_1_1	normal	
TACGGGCTCTGCGACG_5_1_1	tumor	
TACGGTAAGAGGTAGA_5_1_1	normal	
TACGGTAAGCGTAATA_5_1_1	normal	
TACGGTAAGGACCACA_5_1_1	tumor	
TACGGTAAGTAGATGT_5_1_1	normal	
TACGGTAAGTGGTCCC_5_1_1	normal	
TACGGTACACAAGCCC_5_1_1	normal	
TACGGTACACTGCCAG_5_1_1	tumor	
TACGGTAGTTAGTGGG_5_1_1	tumor	
TACGGTAGTTCCCTTG_5_1_1	tumor	
TACGGTATCCACGAAT_5_1_1	tumor	
TACGGTATCGCGCCAA_5_1_1	normal	
TACTCATAGACTAGGC_5_1_1	tumor	
TACTCATCACAGCCCA_5_1_1	tumor	
TACTCATCACAGGAGT_5_1_1	tumor	
TACTCATGTGAAATCA_5_1_1	tumor	
TACTCATGTGAGGCTA_5_1_1	normal	
TACTCATTCAAGCCTA_5_1_1	tumor	
TACTCGCCAGATAATG_5_1_1	tumor	
TACTCGCGTAAGAGAG_5_1_1	tumor	
TACTCGCGTCAGAGGT_5_1_1	normal	
TACTCGCGTCGGATCC_5_1_1	tumor	
TACTCGCGTGCAACTT_5_1_1	normal	yes
TACTCGCGTGCGGTAA_5_1_1	normal	
TACTCGCGTTGGACCC_5_1_1	tumor	
TACTCGCTCGCCATAA_5_1_1	tumor	
TACTCGCTCTCTAGGA_5_1_1	tumor	
TACTTACAGCTAGTTC_5_1_1	normal	
TACTTACAGTCGAGTG_5_1_1	normal	
TACTTACAGTGTGAAT_5_1_1	tumor	
TACTTACGTAGAGTGC_5_1_1	tumor	
TACTTACTCCCAACGG_5_1_1	normal	
TACTTACTCCTGCAGG_5_1_1	tumor	
TACTTGTCACCCATTC_5_1_1	normal	
TACTTGTCAGGCGATA_5_1_1	normal	
TACTTGTGTCTTGCGG_5_1_1	tumor	
TACTTGTTCCTCAACC_5_1_1	tumor	
TACTTGTTCCTGCAGG_5_1_1	tumor	
TAGACCAAGAAGCCCA_5_1_1	tumor	
TAGACCAAGAGTACCG_5_1_1	normal	
TAGACCAAGATCACGG_5_1_1	tumor	
TAGACCAAGGTAGCCA_5_1_1	tumor	
TAGACCACAGATGAGC_5_1_1	normal	
TAGACCAGTGTGACGA_5_1_1	tumor	
TAGACCAGTTGGTAAA_5_1_1	normal	
TAGACCATCGCATGGC_5_1_1	tumor	
TAGACCATCTCTAAGG_5_1_1	normal	
TAGAGCTAGACCTTTG_5_1_1	tumor	
TAGAGCTAGAGGTAGA_5_1_1	tumor	
TAGAGCTAGGGCTTCC_5_1_1	normal	
TAGAGCTAGTATGACA_5_1_1	tumor	
TAGAGCTCATCCAACA_5_1_1	tumor	
TAGAGCTCATCCTAGA_5_1_1	tumor	
TAGAGCTTCACAACGT_5_1_1	normal	
TAGAGCTTCAGTCCCT_5_1_1	normal	
TAGAGCTTCCCTTGCA_5_1_1	tumor	
TAGAGCTTCTGTACGA_5_1_1	tumor	
TAGCCGGAGGTGATTA_5_1_1	tumor	
TAGCCGGCAAAGCGGT_5_1_1	normal	
TAGCCGGCAAATTGCC_5_1_1	normal	
TAGCCGGCAAGCTGTT_5_1_1	normal	
TAGCCGGCAATAGCAA_5_1_1	tumor	
TAGCCGGCAATGCCAT_5_1_1	tumor	
TAGCCGGCACTTGGAT_5_1_1	tumor	
TAGCCGGCATATACGC_5_1_1	tumor	
TAGCCGGGTAGCTGCC_5_1_1	normal	
TAGCCGGGTGTTTGGT_5_1_1	normal	
TAGCCGGGTTCAACCA_5_1_1	tumor	
TAGCCGGTCCAGGGCT_5_1_1	normal	
TAGCCGGTCTGCGGCA_5_1_1	normal	
TAGGCATAGAGACTTA_5_1_1	tumor	
TAGGCATAGGAGTACC_5_1_1	tumor	
TAGGCATAGTCGATAA_5_1_1	tumor	
TAGGCATAGTTACGGG_5_1_1	normal	
TAGGCATCAGATGGGT_5_1_1	normal	
TAGGCATCAGTAACGG_5_1_1	tumor	
TAGGCATGTACATCCA_5_1_1	tumor	
TAGGCATGTCGGCTCA_5_1_1	tumor	
TAGGCATTCAGTTGAC_5_1_1	tumor	
TAGGCATTCGCATGAT_5_1_1	normal	
TAGTGGTAGCGTAGTG_5_1_1	normal	
TAGTGGTAGTATGACA_5_1_1	normal	
TAGTGGTAGTGTCCAT_5_1_1	tumor	
TAGTGGTCAAACCTAC_5_1_1	normal	
TAGTGGTCAATGAAAC_5_1_1	tumor	
TAGTGGTCAATGGAGC_5_1_1	normal	
TAGTGGTGTACCGAGA_5_1_1	normal	
TAGTGGTGTCAGAGGT_5_1_1	normal	
TAGTGGTGTTCCATGA_5_1_1	tumor	
TAGTGGTTCAAGAAGT_5_1_1	tumor	
TAGTGGTTCAGTCCCT_5_1_1	tumor	
TAGTGGTTCGGTTAAC_5_1_1	tumor	
TAGTTGGAGACGCTTT_5_1_1	tumor	
TAGTTGGCACCAGCAC_5_1_1	normal	
TAGTTGGCACGTAAGG_5_1_1	tumor	
TAGTTGGCAGTACACT_5_1_1	normal	
TAGTTGGCATGAACCT_5_1_1	normal	
TAGTTGGGTAATCACC_5_1_1	normal	
TAGTTGGGTCGCGGTT_5_1_1	tumor	
TAGTTGGTCACCACCT_5_1_1	normal	
TAGTTGGTCATATCGG_5_1_1	tumor	
TAGTTGGTCTTGTACT_5_1_1	tumor	
TATCAGGAGGCTATCT_5_1_1	tumor	
TATCAGGAGTACGTAA_5_1_1	tumor	
TATCAGGAGTGATCGG_5_1_1	tumor	
TATCAGGAGTGCCAGA_5_1_1	tumor	
TATCAGGCACAAGCCC_5_1_1	tumor	
TATCAGGCATCAGTAC_5_1_1	normal	
TATCAGGGTCACCTAA_5_1_1	tumor	
TATCAGGGTCGCGAAA_5_1_1	normal	
TATCAGGGTTCGTGAT_5_1_1	normal	
TATCAGGTCATCGATG_5_1_1	tumor	
TATCAGGTCCCTAACC_5_1_1	tumor	
TATCAGGTCGCCAAAT_5_1_1	normal	
TATCAGGTCTCAAGTG_5_1_1	tumor	
TATCAGGTCTGGTATG_5_1_1	tumor	
TATCTCAAGACACTAA_5_1_1	normal	
TATCTCAAGGCCCTTG_5_1_1	tumor	
TATCTCAAGGTGCTTT_5_1_1	tumor	
TATCTCAAGTCTTGCA_5_1_1	tumor	
TATCTCACAAGAGTCG_5_1_1	tumor	
TATCTCAGTAATAGCA_5_1_1	tumor	
TATCTCAGTCAACATC_5_1_1	normal	
TATCTCAGTCCTCCAT_5_1_1	tumor	
TATCTCAGTTATGCGT_5_1_1	normal	
TATCTCAGTTGAGTTC_5_1_1	normal	
TATCTCATCGCATGGC_5_1_1	normal	
TATCTCATCGCGTAGC_5_1_1	normal	
TATGCCCAGCTATGCT_5_1_1	normal	
TATGCCCAGTTGTAGA_5_1_1	tumor	
TATGCCCCAGTAAGCG_5_1_1	tumor	
TATGCCCCATCGATGT_5_1_1	tumor	
TATGCCCTCAACCATG_5_1_1	tumor	
TATGCCCTCGCCTGAG_5_1_1	normal	
TATTACCAGAGTCGGT_5_1_1	normal	
TATTACCAGGGAACGG_5_1_1	tumor	
TATTACCAGTGATCGG_5_1_1	tumor	
TATTACCCAATGGATA_5_1_1	tumor	
TATTACCCAGTGGAGT_5_1_1	tumor	
TATTACCCATGACATC_5_1_1	tumor	
TATTACCCATTCGACA_5_1_1	tumor	
TATTACCGTACGAAAT_5_1_1	tumor	
TATTACCGTAGCTTGT_5_1_1	normal	
TATTACCGTCAAACTC_5_1_1	normal	
TATTACCGTGACTACT_5_1_1	tumor	
TATTACCTCCACTCCA_5_1_1	normal	
TCAACGAAGGAGCGAG_5_1_1	tumor	
TCAACGACAATAACGA_5_1_1	tumor	
TCAACGACAGTTCCCT_5_1_1	tumor	
TCAACGACATGCCTTC_5_1_1	normal	
TCAACGAGTAGCGTGA_5_1_1	tumor	
TCAACGAGTTATGCGT_5_1_1	tumor	
TCAACGATCGAATGCT_5_1_1	normal	
TCAATCTAGATGAGAG_5_1_1	tumor	
TCAATCTAGCAACGGT_5_1_1	normal	
TCAATCTCAAGTACCT_5_1_1	tumor	
TCAATCTCATGCATGT_5_1_1	normal	
TCAATCTGTGACTACT_5_1_1	normal	
TCAATCTTCTCTGCTG_5_1_1	tumor	
TCACAAGAGAAGAAGC_5_1_1	normal	
TCACAAGAGCTGCGAA_5_1_1	tumor	
TCACAAGCACAGGCCT_5_1_1	tumor	
TCACAAGCACTAGTAC_5_1_1	tumor	
TCACAAGCATCAGTCA_5_1_1	normal	
TCACAAGGTCCAGTTA_5_1_1	tumor	
TCACAAGTCAGTACGT_5_1_1	tumor	
TCACAAGTCATTATCC_5_1_1	tumor	
TCACAAGTCGGCATCG_5_1_1	normal	
TCACAAGTCGTGGACC_5_1_1	tumor	
TCACGAAAGACAGAGA_5_1_1	normal	
TCACGAAAGATATGCA_5_1_1	tumor	
TCACGAAAGATCCTGT_5_1_1	tumor	
TCACGAACAAAGCGGT_5_1_1	tumor	
TCACGAACATGCCTTC_5_1_1	normal	
TCACGAACATGGATGG_5_1_1	tumor	
TCACGAACATGGGACA_5_1_1	tumor	
TCACGAAGTAAGGGCT_5_1_1	tumor	
TCACGAAGTCTCTTAT_5_1_1	tumor	
TCACGAATCGAGAGCA_5_1_1	tumor	
TCAGATGAGCGATCCC_5_1_1	normal	
TCAGATGAGCGTCAAG_5_1_1	normal	
TCAGATGAGTAAGTAC_5_1_1	tumor	
TCAGATGCAGTAACGG_5_1_1	tumor	
TCAGATGCATGGTAGG_5_1_1	tumor	
TCAGATGGTACTCAAC_5_1_1	normal	
TCAGATGTCAGAGACG_5_1_1	tumor	
TCAGATGTCGCGCCAA_5_1_1	normal	
TCAGATGTCGTTACGA_5_1_1	normal	
TCAGCAAAGACTAAGT_5_1_1	normal	
TCAGCAAAGAGCCCAA_5_1_1	tumor	
TCAGCAAAGTGTACGG_5_1_1	tumor	
TCAGCAACAAATTGCC_5_1_1	normal	
TCAGCAAGTCATATGC_5_1_1	tumor	
TCAGCAAGTGTAATGA_5_1_1	normal	
TCAGCAATCTCCCTGA_5_1_1	normal	
TCAGCAATCTGGGCCA_5_1_1	normal	
TCAGCTCAGATCCCAT_5_1_1	normal	
TCAGCTCAGTCACGCC_5_1_1	normal	
TCAGCTCCACCATGTA_5_1_1	tumor	
TCAGCTCCACGGTAGA_5_1_1	tumor	
TCAGCTCGTACATCCA_5_1_1	normal	
TCAGCTCTCATGTAGC_5_1_1	normal	
TCAGCTCTCTTAGAGC_5_1_1	tumor	
TCAGCTCTCTTGTCAT_5_1_1	tumor	
TCAGGATAGGCGTACA_5_1_1	tumor	
TCAGGATAGTACGCCC_5_1_1	normal	
TCAGGATCACTATCTT_5_1_1	tumor	
TCAGGATGTATTACCG_5_1_1	tumor	
TCAGGATGTCGGCACT_5_1_1	tumor	
TCAGGATGTGTAATGA_5_1_1	tumor	
TCAGGATTCTGCGTAA_5_1_1	normal	
TCAGGTACACTAAGTC_5_1_1	normal	
TCAGGTACATGTCTCC_5_1_1	normal	
TCAGGTACATTCGACA_5_1_1	normal	
TCAGGTAGTCGCGTGT_5_1_1	tumor	
TCAGGTAGTGGTCCGT_5_1_1	normal	
TCAGGTATCAAGCCTA_5_1_1	tumor	
TCAGGTATCTTCGGTC_5_1_1	normal	
TCATTACAGAAACGCC_5_1_1	tumor	
TCATTACAGCCCAACC_5_1_1	tumor	
TCATTACAGCGTAGTG_5_1_1	tumor	
TCATTACAGGCATTGG_5_1_1	tumor	
TCATTACAGTCAATAG_5_1_1	normal	
TCATTACAGTGCGATG_5_1_1	tumor	
TCATTACAGTTCGCAT_5_1_1	tumor	
TCATTACCACGCCAGT_5_1_1	tumor	
TCATTACCATGGTCTA_5_1_1	normal	
TCATTACGTCCGTTAA_5_1_1	tumor	
TCATTTGCAAGAGGCT_5_1_1	normal	
TCATTTGCACATAACC_5_1_1	normal	
TCATTTGCAGATGGCA_5_1_1	normal	
TCATTTGCAGCTGCAC_5_1_1	tumor	
TCATTTGCATCACCCT_5_1_1	normal	
TCATTTGCATTAACCG_5_1_1	normal	
TCATTTGTCAGAAATG_5_1_1	normal	
TCATTTGTCAGGTTCA_5_1_1	normal	
TCATTTGTCTAACTCT_5_1_1	normal	
TCCACACAGAAGAAGC_5_1_1	tumor	
TCCACACAGCCAGGAT_5_1_1	tumor	
TCCACACAGTGTTGAA_5_1_1	tumor	
TCCACACCAATGGACG_5_1_1	normal	
TCCACACCACATTTCT_5_1_1	normal	
TCCACACCACTTAAGC_5_1_1	tumor	
TCCACACGTGCAGACA_5_1_1	normal	
TCCACACGTGTGCGTC_5_1_1	tumor	
TCCACACGTTCGCTAA_5_1_1	normal	
TCCACACTCAGTTAGC_5_1_1	normal	
TCCCGATAGAATGTTG_5_1_1	normal	
TCCCGATAGCCAGAAC_5_1_1	normal	
TCCCGATAGCGATCCC_5_1_1	normal	
TCCCGATCAGACGCAA_5_1_1	tumor	
TCCCGATCAGATTGCT_5_1_1	normal	
TCCCGATGTACGAAAT_5_1_1	normal	
TCCCGATGTAGTAGTA_5_1_1	tumor	
TCCCGATTCTGCGGCA_5_1_1	tumor	
TCGAGGCAGTTCGCAT_5_1_1	normal	
TCGAGGCCAAACGCGA_5_1_1	tumor	
TCGAGGCCAAAGTGCG_5_1_1	tumor	
TCGAGGCCACCTATCC_5_1_1	normal	
TCGAGGCGTGAGGGTT_5_1_1	tumor	
TCGAGGCGTGCTAGCC_5_1_1	tumor	
TCGAGGCGTGCTGTAT_5_1_1	normal	
TCGAGGCTCACATAGC_5_1_1	normal	
TCGAGGCTCGAACTGT_5_1_1	normal	
TCGCGAGAGAGTAAGG_5_1_1	normal	
TCGCGAGAGCTGCCCA_5_1_1	tumor	
TCGCGAGAGGCAGTCA_5_1_1	tumor	
TCGCGAGCACCTATCC_5_1_1	normal	
TCGCGAGCAGACAAGC_5_1_1	tumor	
TCGCGAGCATACAGCT_5_1_1	tumor	
TCGCGAGGTAAGTGTA_5_1_1	tumor	
TCGCGAGGTCCAGTAT_5_1_1	normal	
TCGCGAGGTCTAACGT_5_1_1	tumor	
TCGCGAGGTCTCGTTC_5_1_1	tumor	
TCGCGAGTCGCGCCAA_5_1_1	tumor	
TCGCGAGTCGGCATCG_5_1_1	tumor	
TCGCGAGTCTCGTATT_5_1_1	tumor	
TCGCGTTAGAGACGAA_5_1_1	normal	
TCGCGTTAGAGTCTGG_5_1_1	tumor	
TCGCGTTAGGGAACGG_5_1_1	tumor	
TCGCGTTAGTGTCCCG_5_1_1	tumor	
TCGCGTTCACCGAATT_5_1_1	tumor	
TCGCGTTGTGCTAGCC_5_1_1	normal	
TCGCGTTGTTCCGTCT_5_1_1	tumor	
TCGCGTTTCGCACTCT_5_1_1	normal	
TCGGGACAGAAGAAGC_5_1_1	tumor	
TCGGGACCAAGCCATT_5_1_1	normal	
TCGGGACCAAGTTAAG_5_1_1	normal	
TCGGGACCACTTGGAT_5_1_1	normal	
TCGGGACCAGTCTTCC_5_1_1	normal	
TCGGGACGTGTTTGGT_5_1_1	tumor	
TCGGTAAAGAGTAAGG_5_1_1	tumor	
TCGGTAAGTCAAAGAT_5_1_1	normal	
TCGGTAAGTTGGTTTG_5_1_1	tumor	
TCGGTAATCCTCATTA_5_1_1	normal	
TCGGTAATCTGACCTC_5_1_1	tumor	
TCGTACCAGCAGGCTA_5_1_1	tumor	
TCGTACCCACCTCGGA_5_1_1	tumor	
TCGTACCGTAGAAGGA_5_1_1	tumor	
TCGTACCGTCTAACGT_5_1_1	tumor	
TCGTACCGTGAGTATA_5_1_1	normal	
TCGTACCGTGGCCCTA_5_1_1	tumor	
TCGTACCTCACAGGCC_5_1_1	tumor	
TCGTACCTCACTCCTG_5_1_1	tumor	
TCGTAGAAGCGACGTA_5_1_1	tumor	
TCGTAGACAAGACGTG_5_1_1	normal	
TCGTAGACACTCGACG_5_1_1	normal	
TCGTAGACAGCTGTAT_5_1_1	normal	
TCGTAGACATTGAGCT_5_1_1	tumor	
TCGTAGAGTAATTGGA_5_1_1	tumor	
TCGTAGAGTAGCCTAT_5_1_1	normal	
TCGTAGAGTCGAATCT_5_1_1	tumor	
TCGTAGAGTCTGATCA_5_1_1	tumor	
TCGTAGAGTGCTGTAT_5_1_1	normal	
TCGTAGAGTGTCGCTG_5_1_1	tumor	
TCGTAGATCCCAAGAT_5_1_1	tumor	
TCGTAGATCGTTTATC_5_1_1	tumor	
TCGTAGATCTTCTGGC_5_1_1	normal	
TCTATTGAGAACAATC_5_1_1	tumor	
TCTATTGAGACGCAAC_5_1_1	normal	
TCTATTGAGAGCCTAG_5_1_1	tumor	
TCTATTGAGATCCGAG_5_1_1	tumor	
TCTATTGAGGGTTCCC_5_1_1	normal	
TCTATTGAGTGACTCT_5_1_1	normal	
TCTATTGCAAGAAAGG_5_1_1	tumor	
TCTATTGCATCACGTA_5_1_1	normal	
TCTATTGGTACTCGCG_5_1_1	tumor	
TCTATTGGTAGAAAGG_5_1_1	tumor	
TCTATTGGTGAGGGTT_5_1_1	normal	
TCTATTGGTTAAGATG_5_1_1	normal	
TCTATTGTCACGCATA_5_1_1	tumor	
TCTCATAAGAAGGACA_5_1_1	normal	
TCTCATAAGGTACTCT_5_1_1	normal	
TCTCATACACATCTTT_5_1_1	normal	
TCTCATACACCTGGTG_5_1_1	tumor	
TCTCATACACGGCTAC_5_1_1	tumor	
TCTCATAGTCAACATC_5_1_1	tumor	
TCTCATAGTCACAAGG_5_1_1	normal	
TCTCATATCAAACAAG_5_1_1	tumor	
TCTCATATCTTAGAGC_5_1_1	tumor	
TCTCTAAAGAGAGCTC_5_1_1	normal	
TCTCTAACAAACCCAT_5_1_1	tumor	
TCTCTAACACTTACGA_5_1_1	tumor	
TCTCTAAGTATTCGTG_5_1_1	tumor	
TCTCTAAGTGCTCTTC_5_1_1	tumor	
TCTCTAAGTGTGGCTC_5_1_1	normal	
TCTCTAAGTTGAGTTC_5_1_1	tumor	
TCTCTAATCAATAAGG_5_1_1	tumor	
TCTCTAATCGGAGGTA_5_1_1	normal	
TCTCTAATCGGCCGAT_5_1_1	normal	
TCTCTAATCGTAGGAG_5_1_1	normal	
TCTCTAATCTTAGAGC_5_1_1	tumor	
TCTGAGAAGGATGGAA_5_1_1	normal	
TCTGAGACAGCGTCCA_5_1_1	tumor	
TCTGAGACAGTGGGAT_5_1_1	tumor	
TCTGAGACATGGGAAC_5_1_1	normal	
TCTGAGAGTTCGTCTC_5_1_1	normal	
TCTGAGATCCCTAATT_5_1_1	tumor	
TCTGAGATCTGCAAGT_5_1_1	tumor	
TCTGGAAAGCCCTAAT_5_1_1	normal	
TCTGGAAAGGAGTAGA_5_1_1	normal	
TCTGGAACACCGATAT_5_1_1	normal	
TCTGGAACATGCCCGA_5_1_1	normal	
TCTGGAATCAGAGCTT_5_1_1	tumor	
TCTGGAATCGTACCGG_5_1_1	tumor	
TCTGGAATCTGACCTC_5_1_1	tumor	
TCTTCGGAGAAGGCCT_5_1_1	tumor	
TCTTCGGAGAGCAATT_5_1_1	tumor	
TCTTCGGAGTGTCTCA_5_1_1	normal	
TCTTCGGCAAACTGCT_5_1_1	normal	
TCTTCGGCACCCATGG_5_1_1	tumor	
TCTTCGGCACCTTGTC_5_1_1	normal	
TCTTCGGCATCTATGG_5_1_1	tumor	
TCTTCGGGTAAACGCG_5_1_1	tumor	
TCTTCGGGTAGCTTGT_5_1_1	normal	
TCTTCGGGTCCAGTGC_5_1_1	tumor	
TCTTCGGGTCTCATCC_5_1_1	normal	
TCTTCGGGTGCACTTA_5_1_1	normal	
TCTTCGGGTGTGTGCC_5_1_1	normal	
TCTTCGGTCAGCTCGG_5_1_1	normal	
TCTTCGGTCAGTACGT_5_1_1	tumor	
TCTTCGGTCGAGGTAG_5_1_1	normal	
TCTTCGGTCTACTATC_5_1_1	normal	
TCTTCGGTCTCGTATT_5_1_1	tumor	
TCTTTCCAGGGTATCG_5_1_1	normal	
TCTTTCCAGTTGTAGA_5_1_1	normal	
TCTTTCCCACAGGAGT_5_1_1	normal	
TCTTTCCCACCAGGTC_5_1_1	normal	
TCTTTCCCAGCTTCGG_5_1_1	tumor	
TCTTTCCCAGGTTTCA_5_1_1	tumor	
TCTTTCCCATGATCCA_5_1_1	normal	
TCTTTCCGTCAAAGAT_5_1_1	normal	
TCTTTCCGTCGACTAT_5_1_1	tumor	
TCTTTCCGTGGCCCTA_5_1_1	tumor	
TCTTTCCGTTGTCTTT_5_1_1	tumor	
TCTTTCCTCACTTCAT_5_1_1	normal	
TCTTTCCTCCTTGACC_5_1_1	tumor	
TCTTTCCTCTAACCGA_5_1_1	normal	
TCTTTCCTCTGGCGTG_5_1_1	tumor	
TGAAAGAAGGATATAC_5_1_1	normal	
TGAAAGAAGGGCTCTC_5_1_1	tumor	
TGAAAGACATACTACG_5_1_1	normal	
TGAAAGAGTGCTCTTC_5_1_1	tumor	
TGAAAGATCGCCTGAG_5_1_1	tumor	
TGAAAGATCGTTACAG_5_1_1	tumor	
TGACAACAGAAGGGTA_5_1_1	tumor	
TGACAACAGACGCAAC_5_1_1	normal	
TGACAACAGTCGTACT_5_1_1	normal	
TGACAACCAGATCCAT_5_1_1	tumor	
TGACAACCATCTACGA_5_1_1	normal	
TGACAACGTAGTGAAT_5_1_1	normal	
TGACAACGTCCAGTGC_5_1_1	normal	
TGACAACGTGATGCCC_5_1_1	tumor	
TGACAACGTTACGCGC_5_1_1	normal	
TGACAACGTTAGTGGG_5_1_1	normal	
TGACAACGTTTCCACC_5_1_1	tumor	
TGACAACTCGTCCAGG_5_1_1	tumor	
TGACAACTCTGGTTCC_5_1_1	normal	
TGACAACTCTTGCCGT_5_1_1	normal	
TGACGGCAGAGCAATT_5_1_1	tumor	
TGACGGCAGAGGTTGC_5_1_1	normal	
TGACGGCCAACACGCC_5_1_1	normal	
TGACGGCCACCATCCT_5_1_1	normal	
TGACGGCCACCTTGTC_5_1_1	tumor	
TGACGGCCAGGACCCT_5_1_1	tumor	
TGACGGCCAGTCAGAG_5_1_1	normal	
TGACGGCCATAAAGGT_5_1_1	normal	
TGACGGCGTACATGTC_5_1_1	tumor	
TGACGGCGTCCTCTTG_5_1_1	tumor	
TGACGGCGTGCACGAA_5_1_1	normal	
TGACGGCTCTGATACG_5_1_1	normal	
TGACGGCTCTGCCAGG_5_1_1	tumor	
TGACTAGAGAGCTTCT_5_1_1	tumor	
TGACTAGAGCGCTCCA_5_1_1	tumor	
TGACTAGCAAAGTGCG_5_1_1	tumor	
TGACTAGCACGGTGTC_5_1_1	normal	
TGACTAGCATATGGTC_5_1_1	tumor	
TGACTAGTCATTTGGG_5_1_1	normal	
TGACTAGTCCCAAGAT_5_1_1	tumor	
TGACTAGTCGCGGATC_5_1_1	tumor	
TGACTAGTCTCTTATG_5_1_1	tumor	
TGACTTTAGACACGAC_5_1_1	normal	
TGACTTTAGTTATCGC_5_1_1	tumor	
TGACTTTCAAGGTTCT_5_1_1	tumor	
TGACTTTCACCAGGTC_5_1_1	normal	
TGACTTTCACGCTTTC_5_1_1	normal	
TGACTTTCAGCAGTTT_5_1_1	tumor	
TGACTTTCAGCCTTGG_5_1_1	normal	
TGACTTTCATCTATGG_5_1_1	normal	
TGACTTTGTAATAGCA_5_1_1	normal	
TGACTTTTCAAACGGG_5_1_1	normal	
TGACTTTTCAGCACAT_5_1_1	tumor	
TGAGAGGAGAGTAAGG_5_1_1	tumor	
TGAGAGGAGGGATACC_5_1_1	tumor	
TGAGAGGCAGACGCTC_5_1_1	normal	
TGAGAGGCAGCCACCA_5_1_1	normal	
TGAGAGGCAGTGACAG_5_1_1	tumor	
TGAGAGGCATCCTTGC_5_1_1	normal	yes
TGAGAGGGTCACAAGG_5_1_1	normal	
TGAGAGGGTCGCGAAA_5_1_1	tumor	
TGAGAGGGTGCATCTA_5_1_1	normal	
TGAGAGGGTTCCACAA_5_1_1	normal	
TGAGAGGTCGGCTTGG_5_1_1	normal	
TGAGCATAGACTACAA_5_1_1	normal	
TGAGCATAGCCACGCT_5_1_1	normal	
TGAGCATAGGTGCACA_5_1_1	tumor	
TGAGCATCAATCGAAA_5_1_1	tumor	
TGAGCATCAGACACTT_5_1_1	normal	
TGAGCATCAGCTTCGG_5_1_1	tumor	
TGAGCATCATCACAAC_5_1_1	normal	
TGAGCATCATGATCCA_5_1_1	tumor	
TGAGCATGTCCGAAGA_5_1_1	tumor	
TGAGCATGTTGCGCAC_5_1_1	normal	
TGAGCATTCCTATGTT_5_1_1	normal	
TGAGCCGAGACGACGT_5_1_1	tumor	
TGAGCCGAGAGCCTAG_5_1_1	tumor	
TGAGCCGAGATATGCA_5_1_1	tumor	
TGAGCCGAGCCTTGAT_5_1_1	tumor	
TGAGCCGAGCGATTCT_5_1_1	tumor	
TGAGCCGAGCGGATCA_5_1_1	normal	
TGAGCCGAGTCATGCT_5_1_1	tumor	
TGAGCCGCAGGTTTCA_5_1_1	tumor	
TGAGCCGCATCAGTAC_5_1_1	normal	
TGAGCCGGTAAATGTG_5_1_1	tumor	
TGAGCCGGTCAATGTC_5_1_1	tumor	
TGAGCCGTCTTCCTTC_5_1_1	normal	
TGAGGGAAGACCACGA_5_1_1	tumor	
TGAGGGAAGGAGTAGA_5_1_1	tumor	
TGAGGGAAGGCGCTCT_5_1_1	normal	
TGAGGGAAGTGAACAT_5_1_1	tumor	
TGAGGGACAGACGCCT_5_1_1	tumor	
TGAGGGAGTAGGACAC_5_1_1	normal	
TGAGGGAGTTTGTGTG_5_1_1	tumor	
TGAGGGATCAGCATGT_5_1_1	tumor	
TGAGGGATCCCAAGAT_5_1_1	normal	
TGAGGGATCCTGTAGA_5_1_1	normal	
TGAGGGATCGCCAGCA_5_1_1	tumor	
TGATTTCAGCATGGCA_5_1_1	normal	
TGATTTCCAAGTTAAG_5_1_1	tumor	
TGATTTCCATACAGCT_5_1_1	normal	
TGATTTCCATCTGGTA_5_1_1	tumor	
TGATTTCGTCCGTTAA_5_1_1	normal	
TGATTTCGTGAGGGTT_5_1_1	tumor	
TGATTTCGTGTGGCTC_5_1_1	normal	
TGATTTCGTTATGCGT_5_1_1	normal	
TGATTTCTCCTGCTTG_5_1_1	tumor	
TGATTTCTCGCCCTTA_5_1_1	tumor	
TGATTTCTCTCGTTTA_5_1_1	tumor	
TGCACCTAGAAGGACA_5_1_1	tumor	
TGCACCTAGATACACA_5_1_1	normal	
TGCACCTAGATCCGAG_5_1_1	tumor	
TGCACCTAGTGTCCCG_5_1_1	tumor	
TGCACCTCAGCCTTGG_5_1_1	normal	
TGCACCTCAGCCTTTC_5_1_1	tumor	
TGCACCTCATCTCCCA_5_1_1	normal	
TGCACCTGTTACCGAT_5_1_1	tumor	
TGCACCTGTTCCATGA_5_1_1	normal	
TGCACCTTCCGTAGTA_5_1_1	normal	
TGCACCTTCCTATTCA_5_1_1	normal	
TGCACCTTCGGAAACG_5_1_1	normal	
TGCACCTTCTTGAGGT_5_1_1	tumor	
TGCCAAAAGACGACGT_5_1_1	normal	
TGCCAAAAGATATGCA_5_1_1	tumor	
TGCCAAACAACCGCCA_5_1_1	tumor	
TGCCAAACATCGATGT_5_1_1	normal	
TGCCAAAGTGTGGCTC_5_1_1	normal	
TGCCAAATCACAATGC_5_1_1	tumor	
TGCCAAATCTCGCTTG_5_1_1	normal	
TGCCCATAGTCAAGGC_5_1_1	normal	
TGCCCATAGTGCAAGC_5_1_1	tumor	
TGCCCATGTATAGGTA_5_1_1	tumor	
TGCCCATGTCAGCTAT_5_1_1	tumor	
TGCCCATTCATAACCG_5_1_1	tumor	
TGCCCATTCCGCTGTT_5_1_1	normal	
TGCCCATTCGTGTAGT_5_1_1	tumor	
TGCCCTAAGATTACCC_5_1_1	normal	
TGCCCTAAGGAATTAC_5_1_1	normal	
TGCCCTAAGGATGTAT_5_1_1	tumor	
TGCCCTAAGGCTATCT_5_1_1	normal	
TGCCCTAAGGGAACGG_5_1_1	normal	
TGCCCTAAGTACGTTC_5_1_1	tumor	
TGCCCTACAAACCTAC_5_1_1	normal	
TGCCCTACAGTCCTTC_5_1_1	tumor	
TGCCCTAGTAAGTAGT_5_1_1	tumor	
TGCCCTAGTATAATGG_5_1_1	normal	
TGCCCTATCACTTCAT_5_1_1	tumor	
TGCGCAGCAAGTCTAC_5_1_1	normal	
TGCGCAGCACATCCAA_5_1_1	normal	
TGCGCAGCACGACGAA_5_1_1	tumor	
TGCGCAGCAGTTAACC_5_1_1	tumor	
TGCGCAGCATATGCTG_5_1_1	tumor	
TGCGCAGGTACCGTAT_5_1_1	tumor	
TGCGCAGTCGGTTAAC_5_1_1	tumor	
TGCGCAGTCGTCCAGG_5_1_1	normal	
TGCGCAGTCGTTGACA_5_1_1	tumor	
TGCGGGTAGCCCTAAT_5_1_1	normal	
TGCGGGTAGTAGATGT_5_1_1	tumor	
TGCGGGTCAGGAACGT_5_1_1	tumor	
TGCGGGTGTTCGTGAT_5_1_1	tumor	
TGCGGGTTCATAAAGG_5_1_1	normal	
TGCGGGTTCGGGAGTA_5_1_1	normal	
TGCGGGTTCTCGGACG_5_1_1	normal	
TGCGGGTTCTCTGAGA_5_1_1	tumor	
TGCGGGTTCTGCTTGC_5_1_1	normal	
TGCGTGGAGAAACGAG_5_1_1	tumor	
TGCGTGGAGATGTAAC_5_1_1	tumor	
TGCGTGGAGGCTCAGA_5_1_1	tumor	
TGCGTGGAGGGTGTGT_5_1_1	normal	
TGCGTGGAGTGAACAT_5_1_1	tumor	
TGCGTGGCACGGACAA_5_1_1	tumor	
TGCGTGGCAGTATCTG_5_1_1	normal	
TGCGTGGGTCCGAACC_5_1_1	normal	
TGCGTGGGTCTGATTG_5_1_1	normal	
TGCGTGGGTGCCTGCA_5_1_1	tumor	
TGCGTGGGTTAGAACA_5_1_1	tumor	
TGCTACCCATCGACGC_5_1_1	tumor	
TGCTACCGTAGTAGTA_5_1_1	tumor	
TGCTACCGTATTAGCC_5_1_1	tumor	
TGCTACCGTCAAAGCG_5_1_1	normal	
TGCTACCTCTGTACGA_5_1_1	tumor	
TGCTGCTAGAAACGCC_5_1_1	tumor	
TGCTGCTAGCTCAACT_5_1_1	tumor	
TGCTGCTAGGCCCGTT_5_1_1	tumor	
TGCTGCTAGGCTAGCA_5_1_1	normal	
TGCTGCTAGGTCATCT_5_1_1	tumor	
TGCTGCTAGTCTTGCA_5_1_1	normal	
TGCTGCTCATGACGGA_5_1_1	tumor	
TGCTGCTGTACCGTTA_5_1_1	tumor	
TGCTGCTGTGCTAGCC_5_1_1	normal	
TGCTGCTGTTGGTTTG_5_1_1	tumor	
TGCTGCTTCCAGAGGA_5_1_1	tumor	
TGGACGCAGAGCCTAG_5_1_1	normal	
TGGACGCAGATACACA_5_1_1	normal	
TGGACGCAGCCACTAT_5_1_1	tumor	
TGGACGCCAAAGGCGT_5_1_1	tumor	
TGGACGCCAAGGACTG_5_1_1	tumor	
TGGACGCCATAAAGGT_5_1_1	tumor	
TGGACGCGTGATGTCT_5_1_1	tumor	
TGGACGCTCCTCGCAT_5_1_1	tumor	
TGGACGCTCGCGATCG_5_1_1	normal	
TGGACGCTCTACTCAT_5_1_1	tumor	
TGGCCAGAGACCTAGG_5_1_1	normal	
TGGCCAGCAGGACGTA_5_1_1	tumor	
TGGCCAGCAGTCTTCC_5_1_1	normal	
TGGCCAGGTAGCCTCG_5_1_1	tumor	
TGGCCAGGTATGGTTC_5_1_1	normal	
TGGCCAGGTCATATCG_5_1_1	normal	
TGGCCAGTCATCGATG_5_1_1	tumor	
TGGCCAGTCCTATGTT_5_1_1	tumor	
TGGCCAGTCTGCTGTC_5_1_1	tumor	
TGGCGCAAGTAATCCC_5_1_1	normal	
TGGCGCAAGTGCAAGC_5_1_1	normal	
TGGCGCACAAACCCAT_5_1_1	normal	
TGGCGCACACGCCAGT_5_1_1	normal	
TGGCGCAGTGCGGTAA_5_1_1	tumor	
TGGCGCATCCCAAGAT_5_1_1	normal	
TGGCTGGCATCTGGTA_5_1_1	normal	
TGGCTGGGTCATATGC_5_1_1	tumor	
TGGCTGGGTCTGCAAT_5_1_1	tumor	
TGGCTGGGTTATCCGA_5_1_1	normal	
TGGCTGGGTTGATTCG_5_1_1	normal	
TGGCTGGTCATCGGAT_5_1_1	normal	
TGGCTGGTCTGTGCAA_5_1_1	tumor	
TGGGAAGAGCAGATCG_5_1_1	tumor	
TGGGAAGAGCGTTGCC_5_1_1	normal	
TGGGAAGAGTGCGTGA_5_1_1	tumor	
TGGGAAGCAGTGGGAT_5_1_1	tumor	
TGGGAAGGTCACTGGC_5_1_1	tumor	
TGGGAAGGTCTAAACC_5_1_1	normal	
TGGGAAGGTGTTCTTT_5_1_1	normal	
TGGGAAGGTTGACGTT_5_1_1	tumor	
TGGGAAGTCAACGGGA_5_1_1	tumor	
TGGGAAGTCAATCACG_5_1_1	normal	
TGGGAAGTCACCTCGT_5_1_1	tumor	
TGGGAAGTCAGATAAG_5_1_1	tumor	
TGGGAAGTCGCAGGCT_5_1_1	normal	
TGGGAAGTCGCGGATC_5_1_1	normal	
TGGGAAGTCGGAAATA_5_1_1	tumor	
TGGGCGTAGACGCTTT_5_1_1	tumor	
TGGGCGTAGATAGGAG_5_1_1	normal	
TGGGCGTGTATAGGTA_5_1_1	tumor	
TGGGCGTGTCCGAACC_5_1_1	normal	yes
TGGGCGTGTCCGACGT_5_1_1	tumor	
TGGGCGTGTGTGACGA_5_1_1	normal	
TGGGCGTTCACTGGGC_5_1_1	tumor	
TGGTTAGAGGCAGTCA_5_1_1	tumor	
TGGTTAGCACCTCGTT_5_1_1	normal	
TGGTTAGGTGCGCTTG_5_1_1	tumor	
TGGTTAGGTGTGGTTT_5_1_1	tumor	
TGGTTAGTCTAGAGTC_5_1_1	normal	
TGGTTAGTCTCAAGTG_5_1_1	normal	
TGGTTCCAGTGCAAGC_5_1_1	normal	
TGGTTCCCACAGCCCA_5_1_1	normal	
TGGTTCCTCACGCATA_5_1_1	tumor	
TGGTTCCTCGCGTTTC_5_1_1	tumor	
TGTATTCAGATAGGAG_5_1_1	tumor	
TGTATTCAGCGCTCCA_5_1_1	normal	
TGTATTCAGGCTCAGA_5_1_1	normal	
TGTATTCCACAACGTT_5_1_1	tumor	
TGTATTCCAGGGCATA_5_1_1	tumor	
TGTATTCCAGGTCCAC_5_1_1	normal	
TGTATTCCAGTTAACC_5_1_1	normal	
TGTATTCGTCTCTTTA_5_1_1	tumor	
TGTATTCTCAGAAATG_5_1_1	tumor	
TGTATTCTCGCACTCT_5_1_1	tumor	
TGTATTCTCGCCTGTT_5_1_1	normal	
TGTATTCTCGCTGATA_5_1_1	normal	
TGTATTCTCGGTCCGA_5_1_1	normal	
TGTCCCAAGCTAGCCC_5_1_1	tumor	
TGTCCCAAGTCCAGGA_5_1_1	normal	
TGTCCCAAGTGACTCT_5_1_1	normal	
TGTCCCACACCATGTA_5_1_1	tumor	
TGTCCCACAGGATCGA_5_1_1	tumor	
TGTCCCAGTCAGATAA_5_1_1	tumor	
TGTCCCAGTCGCCATG_5_1_1	tumor	
TGTCCCAGTTAAGACA_5_1_1	tumor	
TGTCCCATCAGGTAAA_5_1_1	tumor	
TGTCCCATCTACCTGC_5_1_1	tumor	
TGTGGTAAGTGGTAAT_5_1_1	tumor	
TGTGGTAAGTGTCCAT_5_1_1	tumor	
TGTGGTACACAGTCGC_5_1_1	tumor	
TGTGGTACACCACGTG_5_1_1	tumor	
TGTGGTACACCTATCC_5_1_1	tumor	
TGTGGTACACTCGACG_5_1_1	normal	
TGTGGTACATCGATGT_5_1_1	tumor	
TGTGGTAGTAAGTAGT_5_1_1	tumor	
TGTGGTAGTACCCAAT_5_1_1	normal	
TGTGGTAGTAGGACAC_5_1_1	normal	
TGTGGTAGTCCGAACC_5_1_1	tumor	
TGTGGTAGTGTGGTTT_5_1_1	tumor	
TGTGGTATCAGTTCGA_5_1_1	normal	
TGTGGTATCCAAATGC_5_1_1	normal	
TGTGGTATCTTGTCAT_5_1_1	tumor	
TGTGTTTAGAGCTATA_5_1_1	tumor	
TGTGTTTAGATGCCTT_5_1_1	tumor	
TGTGTTTAGCTTCGCG_5_1_1	tumor	
TGTGTTTAGTGAAGTT_5_1_1	normal	
TGTGTTTCACCACCAG_5_1_1	normal	
TGTGTTTCACGGCGTT_5_1_1	normal	
TGTGTTTGTACGCTGC_5_1_1	normal	
TGTGTTTGTGGGTATG_5_1_1	tumor	
TGTGTTTGTTACCGAT_5_1_1	tumor	
TGTGTTTGTTCTGTTT_5_1_1	tumor	
TGTGTTTTCGTCTGCT_5_1_1	tumor	
TGTGTTTTCTCGTATT_5_1_1	normal	
TGTTCCGAGACCCACC_5_1_1	tumor	
TGTTCCGAGACGCTTT_5_1_1	normal	
TGTTCCGAGTTACCCA_5_1_1	tumor	
TGTTCCGCAACTGGCC_5_1_1	normal	
TGTTCCGCAACTTGAC_5_1_1	tumor	
TGTTCCGCAATGACCT_5_1_1	normal	
TGTTCCGCATGGTCTA_5_1_1	normal	
TGTTCCGGTCATGCAT_5_1_1	tumor	
TGTTCCGTCGGACAAG_5_1_1	normal	
TGTTCCGTCTACTTAC_5_1_1	tumor	
TTAACTCCAACTGGCC_5_1_1	tumor	
TTAACTCCAGCCTATA_5_1_1	tumor	
TTAACTCCATGCAATC_5_1_1	normal	
TTAACTCCATGGAATA_5_1_1	tumor	
TTAACTCGTACTTGAC_5_1_1	normal	
TTAACTCTCAGAGGTG_5_1_1	normal	
TTAACTCTCTGATACG_5_1_1	normal	
TTAACTCTCTGGTTCC_5_1_1	tumor	
TTAGGACAGAAACGCC_5_1_1	normal	
TTAGGACAGAATTGTG_5_1_1	normal	
TTAGGACAGACCTAGG_5_1_1	normal	
TTAGGACAGAGTACAT_5_1_1	normal	
TTAGGACAGCCGCCTA_5_1_1	normal	
TTAGGACAGCTCCTTC_5_1_1	tumor	
TTAGGACAGGCCCTTG_5_1_1	tumor	
TTAGGACAGGCTACGA_5_1_1	tumor	
TTAGGACCAATGACCT_5_1_1	normal	
TTAGGACCACGAAATA_5_1_1	normal	
TTAGGACCACTAGTAC_5_1_1	tumor	
TTAGGACGTGGGTCAA_5_1_1	tumor	
TTAGGACTCCTACAGA_5_1_1	normal	
TTAGGACTCTCTTATG_5_1_1	tumor	
TTAGGACTCTGGAGCC_5_1_1	tumor	
TTAGGACTCTGGGCCA_5_1_1	tumor	
TTAGGCAAGAAAGTGG_5_1_1	tumor	
TTAGGCAAGACATAAC_5_1_1	tumor	
TTAGGCAAGCGATCCC_5_1_1	normal	
TTAGGCAAGCTGTCTA_5_1_1	tumor	
TTAGGCAAGTTTCCTT_5_1_1	tumor	
TTAGGCACAATAGCAA_5_1_1	tumor	
TTAGGCACACCTTGTC_5_1_1	tumor	
TTAGGCACACGAGAGT_5_1_1	tumor	
TTAGGCAGTCTCTTAT_5_1_1	normal	
TTAGGCAGTGCATCTA_5_1_1	tumor	
TTAGGCAGTGTTCTTT_5_1_1	tumor	
TTAGGCAGTTTACTCT_5_1_1	normal	
TTAGGCATCCCTCAGT_5_1_1	tumor	
TTAGGCATCCGCGGTA_5_1_1	normal	
TTAGGCATCGACGGAA_5_1_1	tumor	
TTAGGCATCTGCAGTA_5_1_1	tumor	
TTAGGCATCTGCTGCT_5_1_1	normal	
TTAGTTCAGAATTCCC_5_1_1	tumor	
TTAGTTCAGGCATGGT_5_1_1	tumor	
TTAGTTCAGGGAAACA_5_1_1	normal	
TTAGTTCAGGGAGTAA_5_1_1	tumor	
TTAGTTCCAAGTTGTC_5_1_1	tumor	
TTAGTTCGTAAATGAC_5_1_1	tumor	
TTAGTTCGTTGGACCC_5_1_1	tumor	
TTAGTTCTCAGCTGGC_5_1_1	normal	
TTAGTTCTCGTAGGAG_5_1_1	normal	
TTATGCTAGACTAGGC_5_1_1	normal	
TTATGCTCACTTCTGC_5_1_1	normal	
TTATGCTCAGGACGTA_5_1_1	normal	
TTATGCTGTACAGTGG_5_1_1	normal	
TTATGCTTCAGCCTAA_5_1_1	tumor	
TTATGCTTCTGGGCCA_5_1_1	normal	
TTCCCAGAGCCCAGCT_5_1_1	normal	
TTCCCAGCAGGCAGTA_5_1_1	tumor	
TTCCCAGGTCAGAATA_5_1_1	normal	
TTCCCAGTCAGTACGT_5_1_1	normal	
TTCGAAGAGAGCTATA_5_1_1	normal	
TTCGAAGAGGAGTACC_5_1_1	tumor	
TTCGAAGAGTTGAGAT_5_1_1	normal	
TTCGAAGCAGAGTGTG_5_1_1	normal	
TTCGAAGTCACAGTAC_5_1_1	normal	
TTCGAAGTCATCGGAT_5_1_1	normal	
TTCGGTCAGTTCGCAT_5_1_1	normal	
TTCGGTCCAGTTAACC_5_1_1	tumor	
TTCGGTCCATGGAATA_5_1_1	tumor	
TTCGGTCGTTCTGAAC_5_1_1	normal	
TTCGGTCTCCCGGATG_5_1_1	normal	
TTCGGTCTCCGAACGC_5_1_1	normal	
TTCGGTCTCTCATTCA_5_1_1	normal	
TTCTACAAGATGTGTA_5_1_1	normal	
TTCTACAAGCGAAGGG_5_1_1	tumor	
TTCTACAAGCTCTCGG_5_1_1	tumor	
TTCTACAAGGAGCGTT_5_1_1	tumor	
TTCTACACACTTCGAA_5_1_1	normal	
TTCTACAGTCTCAACA_5_1_1	normal	
TTCTACAGTCTTCGTC_5_1_1	normal	
TTCTACAGTTCGAATC_5_1_1	tumor	
TTCTACAGTTCGTTGA_5_1_1	tumor	
TTCTACATCGTGACAT_5_1_1	tumor	
TTCTCAAAGAGTCGGT_5_1_1	normal	
TTCTCAAAGATATGGT_5_1_1	tumor	
TTCTCAAAGGATGTAT_5_1_1	normal	
TTCTCAAAGGTACTCT_5_1_1	normal	
TTCTCAACAAACAACA_5_1_1	normal	
TTCTCAACACACGCTG_5_1_1	tumor	
TTCTCAACACGGTGTC_5_1_1	normal	
TTCTCAACAGACGTAG_5_1_1	normal	
TTCTCAAGTAATTGGA_5_1_1	normal	
TTCTCAAGTAGAAGGA_5_1_1	tumor	
TTCTCAAGTCATGCCG_5_1_1	normal	
TTCTCAATCACGATGT_5_1_1	tumor	
TTCTCAATCCAGTATG_5_1_1	tumor	
TTCTCAATCCTATGTT_5_1_1	tumor	
TTCTCAATCTACTTAC_5_1_1	tumor	
TTCTCCTAGTGGGATC_5_1_1	tumor	
TTCTCCTCACTAGTAC_5_1_1	tumor	
TTCTCCTGTGACAAAT_5_1_1	tumor	
TTCTCCTGTGGAAAGA_5_1_1	normal	
TTCTCCTGTTCACCTC_5_1_1	normal	
TTCTCCTGTTGGTGGA_5_1_1	tumor	
TTCTCCTTCATGTGGT_5_1_1	normal	
TTCTCCTTCATTTGGG_5_1_1	normal	
TTCTCCTTCTTACCGC_5_1_1	normal	
TTCTTAGAGCACGCCT_5_1_1	normal	
TTCTTAGAGCCAGAAC_5_1_1	normal	
TTCTTAGCACACCGAC_5_1_1	normal	
TTCTTAGCACGAAATA_5_1_1	normal	
TTCTTAGCACTGTGTA_5_1_1	normal	
TTCTTAGGTGAAGGCT_5_1_1	tumor	
TTCTTAGTCTTGAGAC_5_1_1	tumor	
TTGAACGAGTCCCACG_5_1_1	tumor	
TTGAACGCACTTAAGC_5_1_1	normal	
TTGAACGGTCTAGGTT_5_1_1	tumor	
TTGACTTAGATAGCAT_5_1_1	tumor	
TTGACTTAGTCGTTTG_5_1_1	normal	
TTGACTTCACAGGAGT_5_1_1	normal	
TTGACTTCACTAGTAC_5_1_1	tumor	
TTGACTTCATACGCTA_5_1_1	tumor	
TTGACTTCATCACCCT_5_1_1	tumor	
TTGACTTCATTTGCTT_5_1_1	tumor	
TTGACTTGTAGGGACT_5_1_1	tumor	
TTGACTTTCGTAGGTT_5_1_1	tumor	
TTGACTTTCTCTTGAT_5_1_1	tumor	
TTGCCGTAGAGTACCG_5_1_1	tumor	
TTGCCGTAGGGATACC_5_1_1	normal	
TTGCCGTAGGGTGTTG_5_1_1	normal	
TTGCCGTAGTGGTAAT_5_1_1	normal	
TTGCCGTCAATGGTCT_5_1_1	tumor	
TTGCCGTCAGACTCGC_5_1_1	normal	
TTGCCGTCATGGGACA_5_1_1	tumor	
TTGCCGTGTATGAATG_5_1_1	tumor	
TTGCCGTGTCCAGTAT_5_1_1	tumor	
TTGCCGTGTCTAGCGC_5_1_1	normal	
TTGCCGTTCGGCTACG_5_1_1	tumor	
TTGCCGTTCGTTTGCC_5_1_1	tumor	
TTGCCGTTCTTGCAAG_5_1_1	tumor	
TTGCGTCAGATGTTAG_5_1_1	tumor	
TTGCGTCAGATTACCC_5_1_1	tumor	
TTGCGTCCACGACGAA_5_1_1	tumor	
TTGCGTCCATGCAACT_5_1_1	tumor	
TTGCGTCCATTCTTAC_5_1_1	tumor	
TTGCGTCGTACTTAGC_5_1_1	normal	
TTGCGTCGTTACGACT_5_1_1	tumor	
TTGCGTCTCAGGATCT_5_1_1	tumor	
TTGGAACAGTTTGCGT_5_1_1	tumor	
TTGGAACCAAGTCTGT_5_1_1	normal	
TTGGAACGTAAATGAC_5_1_1	normal	
TTGGAACGTCGGGTCT_5_1_1	normal	
TTGGAACGTGCAACTT_5_1_1	tumor	
TTGGAACGTTATGCGT_5_1_1	normal	
TTGGAACTCATCACCC_5_1_1	tumor	
TTGGAACTCCTTGCCA_5_1_1	normal	
TTGGAACTCTGATTCT_5_1_1	normal	
TTGGCAACACCAGGCT_5_1_1	tumor	
TTGGCAACACTCAGGC_5_1_1	tumor	
TTGGCAACAGACGCAA_5_1_1	normal	
TTGGCAAGTAGTAGTA_5_1_1	tumor	
TTGGCAAGTAGTGAAT_5_1_1	normal	
TTGGCAAGTATATGAG_5_1_1	tumor	
TTGGCAATCACTCCTG_5_1_1	normal	
TTGGCAATCATACGGT_5_1_1	tumor	
TTGGCAATCCACTGGG_5_1_1	tumor	
TTGGCAATCTTTCCTC_5_1_1	normal	
TTGTAGGAGAATTGTG_5_1_1	tumor	
TTGTAGGAGACAGACC_5_1_1	normal	
TTGTAGGAGCACACAG_5_1_1	normal	
TTGTAGGAGCAGATCG_5_1_1	normal	
TTGTAGGAGGATCGCA_5_1_1	tumor	
TTGTAGGAGTCAAGGC_5_1_1	tumor	
TTGTAGGAGTCTTGCA_5_1_1	normal	
TTGTAGGCACCTGGTG_5_1_1	tumor	
TTGTAGGGTGTTGGGA_5_1_1	normal	
TTGTAGGGTTATCCGA_5_1_1	tumor	
TTGTAGGGTTGTCTTT_5_1_1	normal	
TTGTAGGTCACAATGC_5_1_1	normal	
TTGTAGGTCGGTTCGG_5_1_1	tumor	
TTGTAGGTCTCAAACG_5_1_1	tumor	
TTGTAGGTCTGGTATG_5_1_1	tumor	
TTGTAGGTCTTAACCT_5_1_1	tumor	
TTTACTGAGAATGTTG_5_1_1	normal	
TTTACTGAGTCTCAAC_5_1_1	tumor	
TTTACTGCAAGACGTG_5_1_1	normal	
TTTACTGGTAATCGTC_5_1_1	normal	
TTTACTGGTCTGCAAT_5_1_1	normal	
TTTACTGTCAGCTTAG_5_1_1	tumor	
TTTACTGTCGGAAATA_5_1_1	normal	
TTTACTGTCGTGGTCG_5_1_1	tumor	
TTTACTGTCTAACCGA_5_1_1	tumor	
TTTACTGTCTGTGCAA_5_1_1	normal	
TTTATGCAGCCTTGAT_5_1_1	tumor	
TTTATGCCACGTCTCT_5_1_1	normal	
TTTATGCTCCTTTACA_5_1_1	tumor	
TTTATGCTCTGGTTCC_5_1_1	normal	
TTTCCTCAGCCACCTG_5_1_1	tumor	
TTTCCTCAGTGCAAGC_5_1_1	tumor	
TTTCCTCCATGCAATC_5_1_1	tumor	
TTTCCTCGTAGGGTAC_5_1_1	tumor	
TTTCCTCGTGACGGTA_5_1_1	tumor	
TTTGCGCAGAGTGACC_5_1_1	tumor	
TTTGCGCAGAGTTGGC_5_1_1	normal	
TTTGCGCAGATCACGG_5_1_1	tumor	
TTTGCGCAGGCTACGA_5_1_1	tumor	
TTTGCGCAGTAGGTGC_5_1_1	normal	
TTTGCGCCAATACGCT_5_1_1	tumor	
TTTGCGCCAGTATCTG_5_1_1	normal	
TTTGCGCGTCCCTACT_5_1_1	tumor	
TTTGCGCGTGTCGCTG_5_1_1	tumor	
TTTGCGCGTTGTCTTT_5_1_1	normal	
TTTGCGCGTTTGTTGG_5_1_1	normal	
TTTGCGCTCAGCTCTC_5_1_1	normal	
TTTGCGCTCATGCTCC_5_1_1	normal	
TTTGCGCTCGCATGGC_5_1_1	normal	
TTTGCGCTCGGAGCAA_5_1_1	normal	
TTTGCGCTCTCTAGGA_5_1_1	tumor	
TTTGGTTAGAATAGGG_5_1_1	tumor	
TTTGGTTAGTCATGCT_5_1_1	tumor	
TTTGGTTCAACTTGAC_5_1_1	tumor	
TTTGGTTGTTACCGAT_5_1_1	tumor	
TTTGGTTTCGGTCCGA_5_1_1	normal	
TTTGTCAAGAGAGCTC_5_1_1	normal	
TTTGTCAAGAGTTGGC_5_1_1	normal	
TTTGTCAAGATCCTGT_5_1_1	tumor	
TTTGTCAAGCGATTCT_5_1_1	tumor	
TTTGTCACAATGGAGC_5_1_1	tumor	
TTTGTCACACACCGAC_5_1_1	normal	
TTTGTCACAGGTCCAC_5_1_1	normal	
TTTGTCACAGTATCTG_5_1_1	tumor	
TTTGTCAGTAGCACGA_5_1_1	normal	
TTTGTCAGTCCAGTGC_5_1_1	normal	
TTTGTCAGTGGTCTCG_5_1_1	tumor	
TTTGTCATCAGTTAGC_5_1_1	tumor	
AAAGCAACAATCTACG_7_1_1	normal	
AAAGCAATCGGTGTTA_7_1_1	normal	
AACACGTCATTCACTT_7_1_1	normal	
AAGACCTCACGAAATA_7_1_1	normal	
AAGACCTTCAAGATCC_7_1_1	normal	
AAGGTTCCACACCGAC_7_1_1	normal	
AAGGTTCTCCGCATAA_7_1_1	normal	
AAGTCTGGTCTTCAAG_7_1_1	normal	
AAGTCTGTCACTATTC_7_1_1	normal	
AATCCAGCACTGAAGG_7_1_1	normal	
ACACCAAGTCTGGAGA_7_1_1	normal	
ACACCCTTCTTTAGTC_7_1_1	normal	
ACACCGGGTCACACGC_7_1_1	normal	
ACAGCCGAGAAACCGC_7_1_1	normal	
ACAGCCGCAACTGCTA_7_1_1	normal	
ACAGCCGTCTATCCTA_7_1_1	normal	
ACATCAGGTTGTCTTT_7_1_1	normal	
ACATGGTCAGGTTTCA_7_1_1	normal	
ACCGTAACACATCCAA_7_1_1	normal	
ACCGTAACATAACCTG_7_1_1	normal	
ACCGTAATCAATAAGG_7_1_1	normal	
ACGAGGAAGCTAGCCC_7_1_1	normal	
ACGAGGAGTGGTCCGT_7_1_1	normal	
ACGCCAGAGCGCTTAT_7_1_1	normal	
ACGCCGAGTAGGGTAC_7_1_1	normal	
ACGCCGATCTGTACGA_7_1_1	normal	
ACGGGCTCAGTAACGG_7_1_1	normal	
ACGGGCTGTGTTGGGA_7_1_1	normal	
ACGTCAATCGTTTAGG_7_1_1	normal	
ACTGAACAGGTGCTAG_7_1_1	normal	
ACTTTCACATAGAAAC_7_1_1	normal	
AGACGTTTCAACGCTA_7_1_1	normal	
AGAGCGATCTCGAGTA_7_1_1	normal	
AGAGTGGGTCCAGTGC_7_1_1	normal	
AGATCTGCACACGCTG_7_1_1	normal	
AGATCTGCATAAAGGT_7_1_1	normal	
AGCAGCCAGTTAGCGG_7_1_1	normal	
AGCAGCCCACAGAGGT_7_1_1	normal	
AGCATACCACTGTGTA_7_1_1	normal	
AGCGGTCAGTCCGGTC_7_1_1	normal	
AGCTCCTTCCGTACAA_7_1_1	normal	
AGCTCCTTCTGGAGCC_7_1_1	normal	
AGCTCCTTCTGGTGTA_7_1_1	normal	
AGGGATGTCTGAAAGA_7_1_1	normal	
AGTGAGGAGGTCATCT_7_1_1	normal	yes
ATAAGAGGTGGTCCGT_7_1_1	normal	
ATCATCTCAGCTGCAC_7_1_1	normal	
ATCCGAAAGATCTGAA_7_1_1	normal	
ATGGGAGTCTTCGAGA_7_1_1	normal	
ATTATCCGTAACGCGA_7_1_1	normal	
ATTGGTGAGCTAGTTC_7_1_1	normal	
ATTGGTGGTGCCTTGG_7_1_1	normal	
CAACTAGAGTGGAGAA_7_1_1	normal	
CAAGAAACATCACCCT_7_1_1	normal	
CAAGATCTCATCTGTT_7_1_1	normal	
CAAGTTGTCGCATGGC_7_1_1	normal	
CACAAACTCCGTAGGC_7_1_1	normal	
CACACAACATGGATGG_7_1_1	normal	
CACACCTGTAGGAGTC_7_1_1	normal	
CACAGTAAGCACAGGT_7_1_1	normal	
CACATTTAGACCACGA_7_1_1	normal	
CACCACTAGTATCTCG_7_1_1	normal	
CAGAGAGAGAGTGAGA_7_1_1	normal	
CAGCCGATCACTTATC_7_1_1	normal	
CAGCTAAAGAGCTATA_7_1_1	normal	
CAGCTAACAACAACCT_7_1_1	normal	
CAGCTGGGTCGACTAT_7_1_1	normal	
CAGTAACTCTCACATT_7_1_1	normal	
CATCGAAAGGACTGGT_7_1_1	normal	
CATGCCTCAAATACAG_7_1_1	normal	
CATGCCTTCATTCACT_7_1_1	normal	
CATTCGCAGGAGTACC_7_1_1	normal	
CCACCTAAGCCCAACC_7_1_1	normal	
CCACCTACATTAGGCT_7_1_1	normal	
CCACGGAAGGGAAACA_7_1_1	normal	
CCATGTCGTCTCAACA_7_1_1	normal	
CCATTCGGTAAGAGAG_7_1_1	normal	
CCCAATCAGTGTCTCA_7_1_1	normal	
CCCAATCTCCTTTCGG_7_1_1	normal	
CCCTCCTGTCCGAGTC_7_1_1	normal	
CCGTACTGTGCCTGCA_7_1_1	normal	
CCTACACAGTTGTCGT_7_1_1	normal	
CCTACACGTTCCTCCA_7_1_1	normal	
CCTACCAGTACAAGTA_7_1_1	normal	
CCTATTATCAACACGT_7_1_1	normal	
CCTCTGAGTTTAGCTG_7_1_1	normal	
CCTTTCTGTCAACTGT_7_1_1	normal	
CGAACATCATGTTCCC_7_1_1	normal	
CGACCTTAGAGTACCG_7_1_1	normal	
CGAGAAGAGAGATGAG_7_1_1	normal	
CGAGCACTCATTATCC_7_1_1	normal	
CGATCGGAGGACACCA_7_1_1	normal	
CGATCGGGTCGACTAT_7_1_1	normal	
CGATGGCGTCCGAACC_7_1_1	normal	
CGCCAAGTCAAGGTAA_7_1_1	normal	
CGCGTTTCATCACGTA_7_1_1	normal	
CGCTATCGTCGGATCC_7_1_1	normal	
CGCTTCACATTTGCTT_7_1_1	normal	
CGGACACAGTGAACAT_7_1_1	normal	
CGGACGTAGGTTACCT_7_1_1	normal	
CGGAGCTAGTTTGCGT_7_1_1	normal	
CGGAGCTTCAGTTTGG_7_1_1	normal	
CGGAGCTTCCGGGTGT_7_1_1	normal	
CGGCTAGCAGTAGAGC_7_1_1	normal	
CGGTTAACATGGGACA_7_1_1	normal	
CGGTTAAGTACTTGAC_7_1_1	normal	
CGTAGGCCACTTCTGC_7_1_1	normal	
CGTTAGACACCTCGTT_7_1_1	normal	
CGTTGGGAGCGTGAAC_7_1_1	normal	
CTACACCAGCCGTCGT_7_1_1	normal	
CTACATTCAATGGTCT_7_1_1	normal	
CTACATTTCAACACCA_7_1_1	normal	
CTACATTTCGACAGCC_7_1_1	normal	
CTACGTCCACATTAGC_7_1_1	normal	
CTACGTCTCGGTTAAC_7_1_1	normal	
CTAGTGAGTCAGAATA_7_1_1	normal	
CTCAGAAAGATATGGT_7_1_1	normal	yes
CTCCTAGAGGACGAAA_7_1_1	normal	
CTCGAGGCATGACGGA_7_1_1	normal	
CTCGGAGCACAGGCCT_7_1_1	normal	
CTCTAATCACGGATAG_7_1_1	normal	
CTCTACGTCCGTACAA_7_1_1	normal	
CTGATAGGTAATCGTC_7_1_1	normal	
CTGATCCCATGTCCTC_7_1_1	normal	
CTGCGGAGTAACGACG_7_1_1	normal	
CTGCTGTTCTGAAAGA_7_1_1	normal	
CTTAGGATCATTGCCC_7_1_1	normal	
CTTGGCTGTCTTTCAT_7_1_1	normal	
GAAACTCAGAATCTCC_7_1_1	normal	
GAAACTCAGAGTCTGG_7_1_1	normal	
GAACCTAGTAGAGGAA_7_1_1	normal	
GAACGGACAGCTGTTA_7_1_1	tumor	
GACACGCAGTCCAGGA_7_1_1	normal	
GACCTGGCAGCTGTTA_7_1_1	normal	
GACGGCTCACTCAGGC_7_1_1	normal	
GACGGCTTCGTGACAT_7_1_1	normal	
GACGTTACACCAGGTC_7_1_1	normal	
GACTACACATGAACCT_7_1_1	normal	
GAGCAGACATCCCATC_7_1_1	normal	
GAGTCCGAGTGCCATT_7_1_1	normal	
GAGTCCGTCTCCTATA_7_1_1	normal	
GATCAGTCAGCGTTCG_7_1_1	normal	
GATCGATTCCCAAGTA_7_1_1	normal	
GATCTAGTCACGGTTA_7_1_1	normal	
GATTCAGCACCGAAAG_7_1_1	normal	
GCAATCATCCAAACAC_7_1_1	normal	
GCACATACATTTCACT_7_1_1	normal	
GCAGCCAGTCTTCAAG_7_1_1	normal	
GCAGTTATCCCGACTT_7_1_1	normal	
GCATACAGTGTTCGAT_7_1_1	normal	
GCATGATGTGGGTATG_7_1_1	normal	
GCATGTAAGTCCGGTC_7_1_1	normal	
GCCAAATCACCAGCAC_7_1_1	tumor	
GCCAAATCATCTATGG_7_1_1	normal	
GCCAAATGTCTCTTTA_7_1_1	normal	
GCCTCTAAGTCGCCGT_7_1_1	normal	
GCCTCTAAGTGAAGAG_7_1_1	normal	
GCCTCTAGTACCGGCT_7_1_1	normal	
GCGAGAACATGGGAAC_7_1_1	normal	
GCGCAGTGTGACTCAT_7_1_1	normal	
GCGCGATTCACGAAGG_7_1_1	normal	
GCTCCTAAGCTCAACT_7_1_1	normal	
GCTGCTTAGTACACCT_7_1_1	normal	
GCTTCCAGTGACTCAT_7_1_1	normal	
GGAAAGCAGACACTAA_7_1_1	normal	
GGACAGAAGATCCGAG_7_1_1	normal	
GGACAGAAGTCATGCT_7_1_1	normal	
GGACAGACACCGGAAA_7_1_1	normal	
GGACAGATCTCACATT_7_1_1	normal	
GGACATTTCAAAGACA_7_1_1	normal	
GGACGTCGTTGGTAAA_7_1_1	normal	
GGCCGATGTAAATGAC_7_1_1	normal	
GGCGACTAGGGTTCCC_7_1_1	normal	
GGCTCGAAGCTGCCCA_7_1_1	normal	
GGCTCGACAGTGGAGT_7_1_1	normal	
GGCTGGTGTGACAAAT_7_1_1	normal	
GGGAATGGTCGGCACT_7_1_1	normal	
GGGAGATGTCGGCTCA_7_1_1	normal	
GGGCACTGTTTAGGAA_7_1_1	normal	
GGGCATCCATCCTAGA_7_1_1	normal	
GGGCATCTCATCTGTT_7_1_1	tumor	
GGGCATCTCTAACCGA_7_1_1	normal	
GGGTCTGCACACAGAG_7_1_1	normal	
GGGTTGCTCGTGACAT_7_1_1	normal	
GGTATTGGTTGTTTGG_7_1_1	normal	
GGTGAAGCATGTCCTC_7_1_1	normal	
GTACTTTCATGCTAGT_7_1_1	normal	
GTACTTTTCCGCAAGC_7_1_1	normal	
GTAGTCAAGTAGCCGA_7_1_1	tumor	
GTAGTCATCCTCTAGC_7_1_1	normal	
GTAGTCATCTGGTATG_7_1_1	normal	
GTATCTTCAGCGAACA_7_1_1	normal	
GTCACAACATCGTCGG_7_1_1	normal	
GTCATTTAGACTGGGT_7_1_1	normal	
GTCATTTCAACGATCT_7_1_1	normal	
GTCATTTGTAGCGATG_7_1_1	normal	
GTCATTTTCTTCATGT_7_1_1	normal	
GTCCTCAGTTGATTCG_7_1_1	normal	
GTCGTAACATGCAACT_7_1_1	normal	
GTGCAGCCAATTGCTG_7_1_1	normal	
GTGCAGCTCGCGTTTC_7_1_1	normal	
GTGCATACAAATCCGT_7_1_1	normal	
GTGCGGTCACAGCCCA_7_1_1	normal	
GTGCTTCAGCACACAG_7_1_1	normal	
GTGGGTCGTCCGAATT_7_1_1	normal	yes
GTTAAGCGTCCGTTAA_7_1_1	normal	
GTTCATTAGTGGCACA_7_1_1	normal	
GTTCGGGGTCTCTCGT_7_1_1	normal	
GTTCGGGTCCACGAAT_7_1_1	normal	
GTTCTCGGTCTTCGTC_7_1_1	normal	
TAAGCGTGTACCGTAT_7_1_1	normal	
TACAGTGGTCGCGGTT_7_1_1	normal	
TACGGATGTTAGGGTG_7_1_1	normal	
TACTCATGTAAACCTC_7_1_1	normal	
TACTTGTAGGGAAACA_7_1_1	normal	
TACTTGTTCCTTTACA_7_1_1	normal	
TAGCCGGAGTGTACGG_7_1_1	normal	
TAGGCATGTGACAAAT_7_1_1	normal	
TATCTCAGTGAGGGAG_7_1_1	normal	yes
TCAATCTAGTCTTGCA_7_1_1	normal	
TCAGATGTCATAGCAC_7_1_1	normal	
TCAGCAACAAGCCGCT_7_1_1	normal	
TCAGCTCCAGGTCTCG_7_1_1	normal	
TCAGGATAGTACGCCC_7_1_1	tumor	
TCAGGTAAGGACACCA_7_1_1	normal	
TCAGGTAAGGCTCATT_7_1_1	normal	
TCATTACCAGTCAGCC_7_1_1	normal	
TCGAGGCAGTGGACGT_7_1_1	normal	
TCGCGAGTCACGAAGG_7_1_1	normal	
TCGTAGAAGAAGGACA_7_1_1	normal	
TCTGAGAAGAGCAATT_7_1_1	normal	
TCTGGAACAAGCTGTT_7_1_1	normal	
TGAGCCGTCCGGCACA_7_1_1	normal	
TGGCCAGGTGCACCAC_7_1_1	normal	
TGGCGCATCCTGTAGA_7_1_1	normal	
TGGCTGGCAGTATCTG_7_1_1	normal	
TGGCTGGTCCGTTGTC_7_1_1	normal	
TGGGAAGGTATAGTAG_7_1_1	normal	
TGGTTCCTCGTCTGCT_7_1_1	normal	
TGTATTCTCAAGAAGT_7_1_1	normal	
TGTTCCGGTGCAACGA_7_1_1	normal	
TTAGTTCGTCATATCG_7_1_1	normal	
TTATGCTAGTGCGTGA_7_1_1	normal	
TTCCCAGCAATCCGAT_7_1_1	normal	
TTCCCAGTCACAGGCC_7_1_1	normal	
TTCTACAAGAGTAATC_7_1_1	normal	
TTGAACGTCAAGGCTT_7_1_1	normal	
TTGCGTCAGGTGCAAC_7_1_1	normal	
TTGTAGGTCACCCGAG_7_1_1	normal	
TTTACTGTCAACGCTA_7_1_1	normal	
TTTGCGCTCCTTTCTC_7_1_1	normal	
