	class	confidentNormal
scrSOL001_AAACCTGAGCAACGGT	normal	NA
scrSOL001_AAACCTGAGCGATCCC	normal	NA
scrSOL001_AAACCTGGTAGCGTGA	normal	NA
scrSOL001_AAACCTGTCATCGCTC	normal	NA
scrSOL001_AAACCTGTCCGCATAA	normal	NA
scrSOL001_AAACCTGTCCTCATTA	normal	NA
scrSOL001_AAACCTGTCTGCAAGT	normal	NA
scrSOL001_AAACGGGAGCAATCTC	normal	NA
scrSOL001_AAACGGGGTCTTGATG	normal	NA
scrSOL001_AAACGGGTCATGTCTT	normal	NA
scrSOL001_AAACGGGTCGAATCCA	tumor	NA
scrSOL001_AAAGATGAGCTACCTA	normal	NA
scrSOL001_AAAGATGGTATTCGTG	tumor	NA
scrSOL001_AAAGATGGTGATGCCC	normal	NA
scrSOL001_AAAGATGGTTGGAGGT	normal	NA
scrSOL001_AAAGCAAAGAAACCAT	normal	NA
scrSOL001_AAAGCAAAGTACGTAA	tumor	NA
scrSOL001_AAAGCAACAATCGGTT	normal	NA
scrSOL001_AAAGCAACATGTTCCC	tumor	NA
scrSOL001_AAAGCAAGTATAATGG	normal	NA
scrSOL001_AAAGCAATCAAGATCC	normal	NA
scrSOL001_AAAGCAATCTCTTATG	tumor	NA
scrSOL001_AAAGTAGAGTATCGAA	normal	NA
scrSOL001_AAAGTAGCAGATGGCA	tumor	NA
scrSOL001_AAAGTAGGTTCGAATC	normal	NA
scrSOL001_AAAGTAGTCAGGCGAA	tumor	NA
scrSOL001_AAATGCCAGATATGGT	normal	NA
scrSOL001_AAATGCCAGGACATTA	tumor	NA
scrSOL001_AAATGCCCACAGCCCA	normal	NA
scrSOL001_AAATGCCCATTGTGCA	tumor	NA
scrSOL001_AAATGCCGTACTTCTT	normal	NA
scrSOL001_AAATGCCTCCGAATGT	normal	NA
scrSOL001_AAATGCCTCCGTAGTA	tumor	NA
scrSOL001_AAATGCCTCCTTGACC	normal	yes
scrSOL001_AACACGTAGATGGGTC	tumor	NA
scrSOL001_AACACGTCAATCACAC	tumor	NA
scrSOL001_AACACGTCACGAGAGT	tumor	NA
scrSOL001_AACACGTCAGATAATG	normal	NA
scrSOL001_AACACGTCATTCCTGC	normal	NA
scrSOL001_AACACGTGTCCAAGTT	tumor	NA
scrSOL001_AACACGTGTGAAGGCT	tumor	NA
scrSOL001_AACACGTTCATACGGT	normal	NA
scrSOL001_AACACGTTCCTACAGA	tumor	NA
scrSOL001_AACACGTTCGTTTAGG	normal	NA
scrSOL001_AACCATGGTGACAAAT	normal	NA
scrSOL001_AACCATGTCCCAACGG	tumor	NA
scrSOL001_AACCATGTCTGTTGAG	normal	NA
scrSOL001_AACCGCGCAAACTGCT	normal	NA
scrSOL001_AACCGCGCAGCCTGTG	normal	NA
scrSOL001_AACCGCGTCCAGTATG	normal	NA
scrSOL001_AACGTTGAGTCAAGCG	tumor	NA
scrSOL001_AACGTTGGTAAGGGCT	tumor	NA
scrSOL001_AACGTTGGTAGCGCAA	tumor	NA
scrSOL001_AACGTTGTCGCCTGAG	tumor	NA
scrSOL001_AACTCAGAGCTGAACG	normal	NA
scrSOL001_AACTCAGAGGATATAC	tumor	NA
scrSOL001_AACTCAGAGTGCGTGA	normal	NA
scrSOL001_AACTCAGGTACGCACC	tumor	NA
scrSOL001_AACTCAGGTTAAGAAC	tumor	NA
scrSOL001_AACTCAGTCAGGTTCA	tumor	NA
scrSOL001_AACTCAGTCTACCTGC	normal	NA
scrSOL001_AACTCCCAGCAGGTCA	tumor	NA
scrSOL001_AACTCCCAGCCGGTAA	tumor	NA
scrSOL001_AACTCCCAGGTGCAAC	normal	NA
scrSOL001_AACTCCCCACTGAAGG	tumor	NA
scrSOL001_AACTCCCCATGCTGGC	normal	NA
scrSOL001_AACTCCCGTAGAAGGA	normal	NA
scrSOL001_AACTCCCGTGCCTGTG	normal	NA
scrSOL001_AACTCCCGTTAAAGAC	normal	NA
scrSOL001_AACTCTTCACCGAATT	normal	NA
scrSOL001_AACTCTTCATAGAAAC	normal	NA
scrSOL001_AACTCTTGTTAAGTAG	normal	NA
scrSOL001_AACTCTTTCAACCAAC	normal	NA
scrSOL001_AACTCTTTCGAATCCA	normal	NA
scrSOL001_AACTGGTAGCCCGAAA	tumor	NA
scrSOL001_AACTGGTAGGCGATAC	tumor	NA
scrSOL001_AACTGGTAGTGGAGAA	normal	NA
scrSOL001_AACTGGTTCCTCAATT	tumor	NA
scrSOL001_AACTTTCAGTTTGCGT	normal	NA
scrSOL001_AACTTTCCAGGGTTAG	tumor	NA
scrSOL001_AACTTTCGTAGCGTAG	normal	NA
scrSOL001_AACTTTCGTGGTACAG	tumor	NA
scrSOL001_AACTTTCTCGGAGGTA	normal	NA
scrSOL001_AACTTTCTCTCTTATG	normal	NA
scrSOL001_AACTTTCTCTGTCCGT	normal	NA
scrSOL001_AAGACCTAGATAGCAT	normal	NA
scrSOL001_AAGACCTAGCTCCTTC	normal	NA
scrSOL001_AAGACCTAGTACGACG	tumor	NA
scrSOL001_AAGACCTCACGGTAAG	normal	NA
scrSOL001_AAGACCTCATATACCG	normal	NA
scrSOL001_AAGACCTGTTAGATGA	normal	NA
scrSOL001_AAGCCGCAGAGGTTGC	normal	NA
scrSOL001_AAGCCGCAGCCCAACC	normal	NA
scrSOL001_AAGCCGCAGGCTAGGT	tumor	NA
scrSOL001_AAGCCGCAGTACACCT	normal	NA
scrSOL001_AAGCCGCCAATCCGAT	normal	NA
scrSOL001_AAGCCGCCACACCGAC	tumor	NA
scrSOL001_AAGCCGCCAGACAAAT	normal	NA
scrSOL001_AAGCCGCTCCGCGTTT	normal	NA
scrSOL001_AAGCCGCTCGTTTGCC	tumor	NA
scrSOL001_AAGGAGCAGTGTCCCG	normal	NA
scrSOL001_AAGGAGCCAGCTCCGA	normal	NA
scrSOL001_AAGGAGCCAGTTCCCT	tumor	NA
scrSOL001_AAGGAGCGTAACGTTC	normal	NA
scrSOL001_AAGGAGCGTGACCAAG	tumor	NA
scrSOL001_AAGGAGCGTGTGACCC	normal	NA
scrSOL001_AAGGAGCTCAGTACGT	tumor	NA
scrSOL001_AAGGCAGAGCCACGTC	normal	NA
scrSOL001_AAGGCAGAGGTGCTAG	normal	NA
scrSOL001_AAGGCAGCAATCGAAA	tumor	NA
scrSOL001_AAGGCAGCACAAGTAA	tumor	NA
scrSOL001_AAGGCAGCACATCCGG	tumor	NA
scrSOL001_AAGGCAGCATGGTCAT	tumor	NA
scrSOL001_AAGGCAGGTCATTAGC	normal	NA
scrSOL001_AAGGCAGTCCTATTCA	normal	NA
scrSOL001_AAGGCAGTCGTCCAGG	tumor	NA
scrSOL001_AAGGTTCCATCAGTCA	normal	NA
scrSOL001_AAGGTTCGTTCAGGCC	normal	NA
scrSOL001_AAGGTTCTCCCGGATG	normal	NA
scrSOL001_AAGGTTCTCTGTGCAA	normal	NA
scrSOL001_AAGGTTCTCTTCGAGA	normal	NA
scrSOL001_AAGTCTGAGTCAAGGC	normal	NA
scrSOL001_AAGTCTGCAAGCGAGT	normal	NA
scrSOL001_AAGTCTGCACTGTGTA	tumor	NA
scrSOL001_AAGTCTGCATGAACCT	normal	NA
scrSOL001_AAGTCTGTCCGTCAAA	normal	NA
scrSOL001_AAGTCTGTCTGCAAGT	tumor	NA
scrSOL001_AATCCAGAGACTGGGT	normal	NA
scrSOL001_AATCCAGAGGGATACC	normal	NA
scrSOL001_AATCCAGCAATGAAAC	normal	yes
scrSOL001_AATCCAGCACACGCTG	normal	NA
scrSOL001_AATCCAGCATGTAGTC	normal	NA
scrSOL001_AATCCAGGTCTTGTCC	tumor	NA
scrSOL001_AATCCAGTCCTGCAGG	normal	NA
scrSOL001_AATCGGTAGTTCCACA	normal	NA
scrSOL001_AATCGGTCAGCTCGAC	normal	NA
scrSOL001_AATCGGTGTAATCGTC	normal	NA
scrSOL001_AATCGGTTCCATGAGT	tumor	NA
scrSOL001_ACACCAAAGCCCGAAA	tumor	NA
scrSOL001_ACACCAACAATAACGA	tumor	NA
scrSOL001_ACACCAACACTATCTT	normal	NA
scrSOL001_ACACCAACAGGGTTAG	tumor	NA
scrSOL001_ACACCCTCAGCGAACA	tumor	NA
scrSOL001_ACACCCTCATCAGTCA	tumor	NA
scrSOL001_ACACCCTCATCGACGC	tumor	NA
scrSOL001_ACACCCTTCAATCTCT	normal	NA
scrSOL001_ACACCCTTCATCGCTC	normal	NA
scrSOL001_ACACCCTTCGTTGACA	normal	NA
scrSOL001_ACACCGGAGGAGTCTG	normal	NA
scrSOL001_ACACCGGAGTGGCACA	tumor	NA
scrSOL001_ACACCGGCAGCATGAG	normal	NA
scrSOL001_ACACCGGGTACCGTAT	normal	yes
scrSOL001_ACACCGGGTCGCGTGT	normal	NA
scrSOL001_ACACCGGGTGCAGGTA	tumor	NA
scrSOL001_ACACCGGTCCAAGTAC	tumor	NA
scrSOL001_ACACCGGTCGCCGTGA	normal	NA
scrSOL001_ACACTGAAGTAGTGCG	tumor	NA
scrSOL001_ACACTGACATCGGTTA	normal	NA
scrSOL001_ACACTGAGTTGGAGGT	normal	NA
scrSOL001_ACACTGATCTCTTATG	normal	NA
scrSOL001_ACAGCCGAGATCGGGT	tumor	NA
scrSOL001_ACAGCCGAGGAATCGC	normal	NA
scrSOL001_ACAGCCGCAAAGTGCG	tumor	NA
scrSOL001_ACAGCCGCACAACGCC	normal	NA
scrSOL001_ACAGCCGCATTATCTC	tumor	NA
scrSOL001_ACAGCCGGTTTGGGCC	tumor	NA
scrSOL001_ACAGCCGTCTTTACAC	tumor	NA
scrSOL001_ACAGCTAAGACCGGAT	normal	yes
scrSOL001_ACAGCTAAGCAGGCTA	normal	NA
scrSOL001_ACAGCTAGTTCCTCCA	normal	NA
scrSOL001_ACAGCTATCTCAAACG	normal	NA
scrSOL001_ACATACGAGTCGATAA	tumor	NA
scrSOL001_ACATACGCATTATCTC	normal	NA
scrSOL001_ACATACGGTCGGCTCA	normal	NA
scrSOL001_ACATACGGTGATGTCT	tumor	NA
scrSOL001_ACATACGGTTCTCATT	normal	NA
scrSOL001_ACATACGTCGCCATAA	normal	NA
scrSOL001_ACATCAGAGAAACGAG	tumor	NA
scrSOL001_ACATCAGAGCTATGCT	tumor	NA
scrSOL001_ACATCAGCAATGAAAC	normal	NA
scrSOL001_ACATCAGCAATGTAAG	normal	NA
scrSOL001_ACATCAGGTCCCTTGT	normal	NA
scrSOL001_ACATCAGTCTGCGGCA	tumor	NA
scrSOL001_ACATGGTAGGACTGGT	tumor	NA
scrSOL001_ACATGGTCAGCTGTAT	tumor	NA
scrSOL001_ACATGGTGTAAACGCG	normal	NA
scrSOL001_ACATGGTTCAGGCCCA	tumor	NA
scrSOL001_ACCAGTAAGCTAGTCT	tumor	NA
scrSOL001_ACCAGTACAGACAGGT	normal	NA
scrSOL001_ACCAGTAGTCGGCATC	normal	NA
scrSOL001_ACCAGTAGTCTAGCGC	tumor	NA
scrSOL001_ACCAGTAGTCTCATCC	normal	NA
scrSOL001_ACCAGTAGTTGATTGC	tumor	NA
scrSOL001_ACCAGTATCTTGCCGT	normal	NA
scrSOL001_ACCCACTAGAAGATTC	normal	NA
scrSOL001_ACCCACTAGAGCTATA	tumor	NA
scrSOL001_ACCCACTAGATGGCGT	tumor	NA
scrSOL001_ACCCACTCACAAGCCC	tumor	NA
scrSOL001_ACCCACTTCAAACAAG	normal	NA
scrSOL001_ACCCACTTCAGTTCGA	tumor	NA
scrSOL001_ACCCACTTCTTCTGGC	normal	NA
scrSOL001_ACCGTAAAGTCTTGCA	normal	NA
scrSOL001_ACCGTAAGTGGGTATG	normal	NA
scrSOL001_ACCTTTAAGGGTGTGT	normal	NA
scrSOL001_ACCTTTAAGTCCATAC	tumor	NA
scrSOL001_ACCTTTATCCAGGGCT	normal	NA
scrSOL001_ACCTTTATCGCAAGCC	tumor	NA
scrSOL001_ACGAGCCAGCAGACTG	normal	NA
scrSOL001_ACGAGCCAGGATGTAT	tumor	NA
scrSOL001_ACGAGCCAGTTAACGA	tumor	NA
scrSOL001_ACGAGCCCACTTAACG	normal	NA
scrSOL001_ACGAGCCGTTGCTCCT	normal	yes
scrSOL001_ACGAGCCTCCTCCTAG	normal	NA
scrSOL001_ACGAGGACAAAGCAAT	tumor	NA
scrSOL001_ACGAGGATCCCATTTA	normal	NA
scrSOL001_ACGATACAGCTAGTCT	normal	NA
scrSOL001_ACGATACAGGACACCA	tumor	NA
scrSOL001_ACGATACAGTAGCGGT	normal	NA
scrSOL001_ACGATACAGTGAAGTT	tumor	NA
scrSOL001_ACGATACAGTGGACGT	tumor	NA
scrSOL001_ACGATACCAAGTCATC	tumor	NA
scrSOL001_ACGATACTCATGCAAC	tumor	NA
scrSOL001_ACGATGTCACATGGGA	tumor	NA
scrSOL001_ACGATGTGTCGTCTTC	normal	NA
scrSOL001_ACGATGTTCACCGGGT	normal	NA
scrSOL001_ACGATGTTCGCACTCT	normal	NA
scrSOL001_ACGCAGCAGCTGTCTA	normal	NA
scrSOL001_ACGCAGCAGCTGTTCA	normal	NA
scrSOL001_ACGCAGCCACCAGGTC	normal	NA
scrSOL001_ACGCAGCGTTCCTCCA	normal	NA
scrSOL001_ACGCAGCTCAGTTAGC	normal	NA
scrSOL001_ACGCAGCTCGAGAGCA	normal	NA
scrSOL001_ACGCAGCTCGATCCCT	normal	NA
scrSOL001_ACGCCAGCAGCTGCTG	normal	NA
scrSOL001_ACGCCAGCATTGGGCC	tumor	NA
scrSOL001_ACGCCAGGTTATCCGA	tumor	NA
scrSOL001_ACGCCGAAGACTAAGT	tumor	NA
scrSOL001_ACGCCGAAGTTGTCGT	tumor	NA
scrSOL001_ACGCCGAGTGAGCGAT	tumor	NA
scrSOL001_ACGCCGATCATACGGT	tumor	NA
scrSOL001_ACGGAGAAGAGGACGG	normal	NA
scrSOL001_ACGGAGAAGGAGTTTA	normal	NA
scrSOL001_ACGGAGACAGCGATCC	normal	NA
scrSOL001_ACGGAGAGTAGCAAAT	normal	NA
scrSOL001_ACGGAGAGTTATCACG	normal	NA
scrSOL001_ACGGCCAAGGACAGCT	tumor	NA
scrSOL001_ACGGCCAAGTCCTCCT	tumor	NA
scrSOL001_ACGGCCACATCTATGG	tumor	NA
scrSOL001_ACGGCCAGTGACTCAT	normal	NA
scrSOL001_ACGGCCATCGGATGTT	tumor	NA
scrSOL001_ACGGCCATCGTATCAG	tumor	NA
scrSOL001_ACGGCCATCTCGCATC	tumor	NA
scrSOL001_ACGGGCTAGATATGGT	tumor	NA
scrSOL001_ACGGGCTAGCTATGCT	tumor	NA
scrSOL001_ACGGGCTCACATCCAA	normal	NA
scrSOL001_ACGGGCTGTAAGTGTA	tumor	NA
scrSOL001_ACGGGCTGTAGAGGAA	normal	NA
scrSOL001_ACGGGCTGTCATCGGC	tumor	NA
scrSOL001_ACGGGCTGTGATGCCC	normal	NA
scrSOL001_ACGGGCTTCAATAAGG	tumor	NA
scrSOL001_ACGGGCTTCATCATTC	tumor	NA
scrSOL001_ACGGGCTTCCAGATCA	normal	NA
scrSOL001_ACGGGCTTCGTATCAG	tumor	NA
scrSOL001_ACGGGTCAGAAGGACA	normal	NA
scrSOL001_ACGGGTCCAAACTGCT	normal	NA
scrSOL001_ACGGGTCTCTTGCATT	tumor	NA
scrSOL001_ACGTCAAAGCAGGTCA	normal	NA
scrSOL001_ACGTCAAAGCTTTGGT	normal	NA
scrSOL001_ACGTCAACAGACGTAG	tumor	NA
scrSOL001_ACGTCAAGTAATCGTC	normal	NA
scrSOL001_ACGTCAAGTAGTGAAT	normal	NA
scrSOL001_ACGTCAATCAGCATGT	normal	NA
scrSOL001_ACGTCAATCCTAAGTG	normal	NA
scrSOL001_ACGTCAATCGGTCTAA	normal	NA
scrSOL001_ACTATCTTCGCAGGCT	tumor	NA
scrSOL001_ACTGAACAGGAGTACC	tumor	NA
scrSOL001_ACTGAACCACAGGCCT	tumor	NA
scrSOL001_ACTGAACCAGTGAGTG	tumor	NA
scrSOL001_ACTGAACCATGCCACG	normal	NA
scrSOL001_ACTGAACGTCGGATCC	tumor	NA
scrSOL001_ACTGAACGTGGTAACG	normal	NA
scrSOL001_ACTGAACGTTCAGACT	normal	NA
scrSOL001_ACTGAACTCAACACCA	tumor	NA
scrSOL001_ACTGAACTCAGGCCCA	normal	NA
scrSOL001_ACTGAGTAGATAGTCA	tumor	NA
scrSOL001_ACTGAGTAGTGACATA	normal	NA
scrSOL001_ACTGAGTCATAGGATA	normal	NA
scrSOL001_ACTGAGTTCAGAGGTG	normal	NA
scrSOL001_ACTGATGAGTGAACGC	tumor	NA
scrSOL001_ACTGATGCAATGAAAC	tumor	NA
scrSOL001_ACTGATGCATACGCTA	tumor	NA
scrSOL001_ACTGATGGTAAGGGAA	normal	NA
scrSOL001_ACTGATGGTAATTGGA	normal	NA
scrSOL001_ACTGATGGTCTAAACC	normal	NA
scrSOL001_ACTGATGTCTCGCATC	normal	NA
scrSOL001_ACTGATGTCTGCCCTA	tumor	NA
scrSOL001_ACTGCTCAGCGTAGTG	tumor	NA
scrSOL001_ACTGCTCAGCTGTTCA	normal	NA
scrSOL001_ACTGCTCAGGAATGGA	tumor	NA
scrSOL001_ACTGCTCCACGCATCG	tumor	NA
scrSOL001_ACTGCTCCACTCAGGC	tumor	NA
scrSOL001_ACTGCTCCAGGAATCG	normal	NA
scrSOL001_ACTGCTCGTACTTAGC	normal	NA
scrSOL001_ACTGCTCGTATAGTAG	normal	NA
scrSOL001_ACTGCTCGTCTCCCTA	normal	NA
scrSOL001_ACTGTCCAGTACATGA	normal	NA
scrSOL001_ACTGTCCCATCACGTA	normal	NA
scrSOL001_ACTTACTAGCCAGGAT	tumor	NA
scrSOL001_ACTTACTAGGAGCGAG	tumor	NA
scrSOL001_ACTTACTCAGGATTGG	tumor	NA
scrSOL001_ACTTACTGTAGTGAAT	normal	NA
scrSOL001_ACTTACTGTATAGGGC	normal	NA
scrSOL001_ACTTACTGTCACAAGG	normal	NA
scrSOL001_ACTTACTGTGTGCGTC	normal	NA
scrSOL001_ACTTGTTGTCAAGCGA	normal	NA
scrSOL001_ACTTGTTGTCAGAATA	normal	NA
scrSOL001_ACTTTCAAGAATGTTG	tumor	NA
scrSOL001_ACTTTCAAGCCAGTAG	normal	NA
scrSOL001_ACTTTCACAATCTACG	normal	NA
scrSOL001_ACTTTCACACGAGAGT	tumor	NA
scrSOL001_ACTTTCACAGTAAGCG	tumor	NA
scrSOL001_ACTTTCAGTAAACGCG	normal	NA
scrSOL001_ACTTTCAGTACACCGC	tumor	NA
scrSOL001_AGAATAGAGAGGTACC	normal	NA
scrSOL001_AGAATAGCATTCTCAT	tumor	NA
scrSOL001_AGACGTTAGAGCTGCA	normal	NA
scrSOL001_AGACGTTAGCGCCTTG	normal	NA
scrSOL001_AGACGTTCAAGCGTAG	tumor	NA
scrSOL001_AGACGTTCAAGTTAAG	tumor	NA
scrSOL001_AGACGTTCAATGGACG	normal	NA
scrSOL001_AGACGTTCAGACTCGC	tumor	NA
scrSOL001_AGACGTTGTACCGTAT	normal	NA
scrSOL001_AGACGTTGTTTGACTG	normal	NA
scrSOL001_AGACGTTTCAGCCTAA	tumor	NA
scrSOL001_AGACGTTTCAGTCAGT	normal	NA
scrSOL001_AGAGCGAAGTCAAGCG	tumor	NA
scrSOL001_AGAGCGACACCACCAG	tumor	NA
scrSOL001_AGAGCGACACGCGAAA	tumor	NA
scrSOL001_AGAGCGACATCACGAT	tumor	NA
scrSOL001_AGAGCGAGTCAGAGGT	normal	NA
scrSOL001_AGAGCGAGTTATCGGT	tumor	NA
scrSOL001_AGAGCGAGTTCACGGC	tumor	NA
scrSOL001_AGAGCGAGTTTGACTG	tumor	NA
scrSOL001_AGAGCGATCATAACCG	normal	NA
scrSOL001_AGAGCTTAGCTATGCT	normal	NA
scrSOL001_AGAGCTTCACGCCAGT	tumor	NA
scrSOL001_AGAGCTTCATGCCTAA	normal	NA
scrSOL001_AGAGCTTTCATGTGGT	tumor	NA
scrSOL001_AGAGTGGAGAGGGATA	normal	NA
scrSOL001_AGAGTGGGTCGTTGTA	tumor	NA
scrSOL001_AGATCTGAGTGTGGCA	tumor	NA
scrSOL001_AGATCTGCACAGAGGT	tumor	NA
scrSOL001_AGATCTGGTGAGTATA	normal	NA
scrSOL001_AGATCTGGTGATGATA	tumor	NA
scrSOL001_AGATCTGGTGCATCTA	tumor	NA
scrSOL001_AGATCTGGTGTGACCC	tumor	NA
scrSOL001_AGATTGCCACCTATCC	tumor	NA
scrSOL001_AGATTGCCAGGTGCCT	normal	NA
scrSOL001_AGATTGCGTGACCAAG	tumor	NA
scrSOL001_AGATTGCTCCAAACTG	normal	NA
scrSOL001_AGATTGCTCCTATTCA	normal	NA
scrSOL001_AGATTGCTCTGCAAGT	tumor	NA
scrSOL001_AGCAGCCAGATGTAAC	normal	NA
scrSOL001_AGCAGCCAGGCTAGGT	tumor	NA
scrSOL001_AGCAGCCAGGGCTCTC	tumor	NA
scrSOL001_AGCAGCCCAACAACCT	normal	NA
scrSOL001_AGCAGCCGTCTTGCGG	normal	NA
scrSOL001_AGCAGCCGTGTCGCTG	normal	NA
scrSOL001_AGCAGCCGTTATGCGT	normal	NA
scrSOL001_AGCATACAGAACAACT	normal	NA
scrSOL001_AGCATACAGAGGTTAT	normal	NA
scrSOL001_AGCATACAGTAGGTGC	normal	NA
scrSOL001_AGCATACGTAGAGCTG	normal	NA
scrSOL001_AGCATACGTATGAAAC	tumor	NA
scrSOL001_AGCATACTCCTTTCGG	normal	NA
scrSOL001_AGCATACTCCTTTCTC	normal	NA
scrSOL001_AGCCTAACACGACTCG	tumor	NA
scrSOL001_AGCCTAACATACGCCG	tumor	NA
scrSOL001_AGCCTAACATCTGGTA	normal	NA
scrSOL001_AGCCTAAGTGATGCCC	normal	NA
scrSOL001_AGCCTAAGTGGTCCGT	normal	NA
scrSOL001_AGCCTAAGTGTATGGG	normal	NA
scrSOL001_AGCCTAATCATTGCGA	tumor	NA
scrSOL001_AGCCTAATCCGGGTGT	normal	NA
scrSOL001_AGCCTAATCCGTCAAA	normal	NA
scrSOL001_AGCCTAATCTAAGCCA	tumor	NA
scrSOL001_AGCGGTCCACCGTTGG	normal	NA
scrSOL001_AGCGGTCCACGCGAAA	normal	NA
scrSOL001_AGCGTATAGACAAAGG	tumor	NA
scrSOL001_AGCGTATAGGAGCGTT	tumor	NA
scrSOL001_AGCGTATCAGGTTTCA	normal	NA
scrSOL001_AGCGTATCAGTGGGAT	tumor	NA
scrSOL001_AGCGTATGTCATGCAT	tumor	NA
scrSOL001_AGCGTATTCACGCGGT	tumor	NA
scrSOL001_AGCGTATTCCAAGCCG	normal	NA
scrSOL001_AGCGTCGAGAACTCGG	normal	NA
scrSOL001_AGCGTCGCAATGAAAC	tumor	NA
scrSOL001_AGCGTCGCATGCATGT	tumor	NA
scrSOL001_AGCGTCGGTTCACCTC	normal	NA
scrSOL001_AGCGTCGTCCTCCTAG	normal	NA
scrSOL001_AGCTCCTAGGTGTGGT	normal	NA
scrSOL001_AGCTCCTAGTGCGTGA	tumor	NA
scrSOL001_AGCTCCTCAAACTGCT	tumor	NA
scrSOL001_AGCTCCTCAACAACCT	normal	NA
scrSOL001_AGCTCCTCATGCGCAC	tumor	NA
scrSOL001_AGCTCCTGTCACAAGG	normal	NA
scrSOL001_AGCTCCTTCAACCAAC	normal	NA
scrSOL001_AGCTCTCAGCCCGAAA	normal	NA
scrSOL001_AGCTCTCAGCGTTGCC	tumor	NA
scrSOL001_AGCTCTCAGGTGACCA	tumor	NA
scrSOL001_AGCTCTCAGGTGATTA	normal	NA
scrSOL001_AGCTCTCCAAAGGTGC	normal	NA
scrSOL001_AGCTCTCGTCGTGGCT	normal	NA
scrSOL001_AGCTCTCGTGTAATGA	tumor	NA
scrSOL001_AGCTCTCGTTTGACAC	normal	NA
scrSOL001_AGCTCTCTCAAAGACA	tumor	NA
scrSOL001_AGCTCTCTCGTCTGAA	normal	NA
scrSOL001_AGCTTGAAGATCCCGC	normal	NA
scrSOL001_AGCTTGAGTAAACGCG	tumor	NA
scrSOL001_AGCTTGAGTCGCGAAA	normal	NA
scrSOL001_AGGCCACAGAAACCGC	normal	NA
scrSOL001_AGGCCACAGAAGCCCA	normal	NA
scrSOL001_AGGCCACAGCACCGTC	normal	NA
scrSOL001_AGGCCACAGTCGCCGT	tumor	NA
scrSOL001_AGGCCACCAATGGACG	tumor	NA
scrSOL001_AGGCCACCACAACTGT	normal	NA
scrSOL001_AGGCCACCATAGAAAC	tumor	NA
scrSOL001_AGGCCACGTCCAGTGC	tumor	NA
scrSOL001_AGGCCACGTGTATGGG	normal	NA
scrSOL001_AGGCCACTCTGCGGCA	tumor	NA
scrSOL001_AGGCCGTAGAATGTGT	normal	NA
scrSOL001_AGGCCGTAGATCACGG	tumor	NA
scrSOL001_AGGCCGTCATCGGAAG	tumor	NA
scrSOL001_AGGCCGTGTCATCGGC	normal	NA
scrSOL001_AGGCCGTTCCAAAGTC	normal	NA
scrSOL001_AGGCCGTTCGCACTCT	tumor	NA
scrSOL001_AGGCCGTTCTTGGGTA	normal	NA
scrSOL001_AGGGAGTAGATGTGTA	tumor	NA
scrSOL001_AGGGAGTCAGGGCATA	normal	NA
scrSOL001_AGGGAGTGTTGAACTC	tumor	NA
scrSOL001_AGGGAGTTCAACTCTT	normal	NA
scrSOL001_AGGGAGTTCCGCAGTG	normal	NA
scrSOL001_AGGGAGTTCTGGTTCC	normal	NA
scrSOL001_AGGGATGAGTTGCAGG	normal	NA
scrSOL001_AGGGATGCAAGGACTG	normal	NA
scrSOL001_AGGGATGGTATGCTTG	tumor	NA
scrSOL001_AGGGATGTCTGCGACG	tumor	NA
scrSOL001_AGGGATGTCTTCCTTC	normal	NA
scrSOL001_AGGGTGACACCGTTGG	tumor	NA
scrSOL001_AGGGTGAGTACCATCA	tumor	NA
scrSOL001_AGGGTGAGTATAATGG	tumor	NA
scrSOL001_AGGGTGATCAGAGACG	tumor	NA
scrSOL001_AGGGTGATCGCGCCAA	tumor	NA
scrSOL001_AGGTCATAGGGCATGT	normal	NA
scrSOL001_AGGTCATTCAAGCCTA	normal	NA
scrSOL001_AGGTCATTCCAATGGT	normal	NA
scrSOL001_AGGTCCGAGAATTGTG	normal	NA
scrSOL001_AGGTCCGAGATAGCAT	normal	NA
scrSOL001_AGGTCCGCAAGCGATG	tumor	NA
scrSOL001_AGGTCCGCAGGTTTCA	normal	NA
scrSOL001_AGGTCCGGTAAAGGAG	tumor	NA
scrSOL001_AGGTCCGGTCGCTTTC	normal	NA
scrSOL001_AGGTCCGGTTGAACTC	normal	NA
scrSOL001_AGGTCCGTCTCGTTTA	tumor	NA
scrSOL001_AGTAGTCCAATGAATG	normal	NA
scrSOL001_AGTAGTCCATGTCTCC	normal	NA
scrSOL001_AGTAGTCGTGCAGACA	normal	NA
scrSOL001_AGTAGTCGTTTGACAC	tumor	NA
scrSOL001_AGTAGTCTCAGCACAT	normal	NA
scrSOL001_AGTAGTCTCGCCAGCA	normal	NA
scrSOL001_AGTCTTTAGCGCCTCA	normal	NA
scrSOL001_AGTCTTTCATTCTCAT	tumor	NA
scrSOL001_AGTCTTTGTCATCGGC	normal	NA
scrSOL001_AGTCTTTGTCCGAACC	tumor	NA
scrSOL001_AGTCTTTGTCTCATCC	normal	NA
scrSOL001_AGTCTTTGTGGGTCAA	tumor	NA
scrSOL001_AGTCTTTTCCTTCAAT	normal	NA
scrSOL001_AGTCTTTTCGCGCCAA	normal	NA
scrSOL001_AGTCTTTTCTCTTGAT	normal	NA
scrSOL001_AGTGAGGAGCTAGTTC	normal	NA
scrSOL001_AGTGAGGCAATGGAAT	normal	NA
scrSOL001_AGTGAGGCACCAGCAC	tumor	NA
scrSOL001_AGTGAGGCACTATCTT	normal	NA
scrSOL001_AGTGAGGGTATTCTCT	normal	NA
scrSOL001_AGTGAGGGTCAACATC	normal	NA
scrSOL001_AGTGGGAAGACTAGAT	tumor	NA
scrSOL001_AGTGGGAAGATGCCAG	tumor	NA
scrSOL001_AGTGGGACACAACTGT	normal	NA
scrSOL001_AGTGGGACATGGTTGT	normal	NA
scrSOL001_AGTGGGAGTCTGATTG	tumor	NA
scrSOL001_AGTGGGAGTTGGTTTG	normal	NA
scrSOL001_AGTGGGATCATGGTCA	normal	NA
scrSOL001_AGTGGGATCCCGACTT	normal	NA
scrSOL001_AGTGTCAAGTAGATGT	normal	NA
scrSOL001_AGTGTCAAGTATCGAA	normal	NA
scrSOL001_AGTGTCAAGTTAGGTA	normal	NA
scrSOL001_AGTGTCAAGTTATCGC	tumor	NA
scrSOL001_AGTGTCAGTATTAGCC	normal	NA
scrSOL001_AGTTGGTAGGCCCTCA	normal	NA
scrSOL001_AGTTGGTTCAGCAACT	normal	NA
scrSOL001_AGTTGGTTCTTCCTTC	normal	NA
scrSOL001_ATAACGCAGAGTACAT	tumor	NA
scrSOL001_ATAACGCAGTCCATAC	normal	NA
scrSOL001_ATAACGCCACAGATTC	normal	NA
scrSOL001_ATAACGCCACTGAAGG	tumor	NA
scrSOL001_ATAACGCGTAGATTAG	tumor	NA
scrSOL001_ATAACGCGTCAATACC	tumor	NA
scrSOL001_ATAACGCGTGCAACGA	normal	NA
scrSOL001_ATAACGCTCACATACG	tumor	NA
scrSOL001_ATAACGCTCGGAGGTA	normal	NA
scrSOL001_ATAAGAGAGAATGTTG	tumor	NA
scrSOL001_ATAAGAGAGAGACTTA	normal	NA
scrSOL001_ATAAGAGAGTGTGGCA	normal	NA
scrSOL001_ATAAGAGCATTTCAGG	tumor	NA
scrSOL001_ATAAGAGGTCAGTGGA	tumor	NA
scrSOL001_ATAAGAGGTCTAACGT	normal	NA
scrSOL001_ATAAGAGTCAACACAC	normal	NA
scrSOL001_ATAAGAGTCCCAAGAT	normal	NA
scrSOL001_ATAAGAGTCGGTCCGA	normal	NA
scrSOL001_ATAAGAGTCTACCTGC	normal	NA
scrSOL001_ATCACGAAGCCTATGT	normal	NA
scrSOL001_ATCACGAAGCTAGGCA	tumor	NA
scrSOL001_ATCACGAAGGGCACTA	normal	NA
scrSOL001_ATCACGACACTTCTGC	normal	NA
scrSOL001_ATCACGACAGCTCGAC	normal	NA
scrSOL001_ATCACGACAGCTTCGG	tumor	NA
scrSOL001_ATCACGAGTCTTGATG	normal	NA
scrSOL001_ATCACGAGTGTGCCTG	normal	NA
scrSOL001_ATCACGAGTTGGGACA	normal	NA
scrSOL001_ATCACGATCAGTTTGG	tumor	NA
scrSOL001_ATCACGATCCATGAAC	normal	NA
scrSOL001_ATCATCTAGGAGTTGC	tumor	NA
scrSOL001_ATCATCTAGTAGATGT	normal	NA
scrSOL001_ATCATCTGTAACGCGA	tumor	NA
scrSOL001_ATCATCTGTCATCGGC	tumor	NA
scrSOL001_ATCATCTTCCGCAGTG	tumor	NA
scrSOL001_ATCATCTTCGAATGGG	normal	NA
scrSOL001_ATCATGGAGGAGTCTG	normal	NA
scrSOL001_ATCATGGAGGTGATTA	tumor	NA
scrSOL001_ATCATGGAGTCCATAC	tumor	NA
scrSOL001_ATCCACCCACCACGTG	tumor	NA
scrSOL001_ATCCACCGTAGCAAAT	normal	NA
scrSOL001_ATCCACCGTTTGTTGG	tumor	NA
scrSOL001_ATCCACCTCAAGCCTA	normal	NA
scrSOL001_ATCCACCTCACTTACT	normal	NA
scrSOL001_ATCCACCTCGTTTATC	normal	NA
scrSOL001_ATCCGAACAATCCAAC	tumor	NA
scrSOL001_ATCCGAACACAGACTT	normal	NA
scrSOL001_ATCCGAACAGACAGGT	normal	NA
scrSOL001_ATCCGAAGTAAAGGAG	normal	NA
scrSOL001_ATCCGAATCCAGAGGA	normal	NA
scrSOL001_ATCCGAATCCTTGCCA	normal	NA
scrSOL001_ATCCGAATCTAACCGA	normal	NA
scrSOL001_ATCGAGTAGGCGATAC	normal	NA
scrSOL001_ATCGAGTCAATGGATA	normal	NA
scrSOL001_ATCGAGTGTTGCGTTA	tumor	NA
scrSOL001_ATCGAGTTCACAACGT	normal	NA
scrSOL001_ATCGAGTTCGTTTGCC	normal	NA
scrSOL001_ATCGAGTTCTAACTTC	normal	NA
scrSOL001_ATCTACTCACCGAATT	normal	NA
scrSOL001_ATCTACTCACGACGAA	tumor	NA
scrSOL001_ATCTACTGTATAAACG	normal	NA
scrSOL001_ATCTACTGTCGCGAAA	normal	NA
scrSOL001_ATCTACTGTCTAGTCA	tumor	NA
scrSOL001_ATCTACTTCAAAGTAG	normal	NA
scrSOL001_ATCTACTTCGGCGCAT	normal	NA
scrSOL001_ATCTGCCAGGCGCTCT	tumor	NA
scrSOL001_ATCTGCCCAAACCCAT	tumor	NA
scrSOL001_ATCTGCCGTCAACTGT	tumor	NA
scrSOL001_ATCTGCCGTTATGTGC	normal	NA
scrSOL001_ATCTGCCTCAGGCAAG	tumor	NA
scrSOL001_ATCTGCCTCCACGTGG	tumor	NA
scrSOL001_ATCTGCCTCGGTCTAA	normal	NA
scrSOL001_ATGAGGGAGCGTTGCC	tumor	NA
scrSOL001_ATGAGGGAGCTGCCCA	normal	NA
scrSOL001_ATGAGGGAGTCTCCTC	normal	NA
scrSOL001_ATGAGGGAGTTCGATC	normal	NA
scrSOL001_ATGAGGGCAACTGGCC	normal	NA
scrSOL001_ATGAGGGCAATTCCTT	normal	NA
scrSOL001_ATGAGGGGTGCCTGTG	tumor	NA
scrSOL001_ATGAGGGGTGCGAAAC	tumor	NA
scrSOL001_ATGCGATAGAGCTGCA	tumor	NA
scrSOL001_ATGCGATGTACCCAAT	normal	NA
scrSOL001_ATGCGATGTCAAACTC	normal	NA
scrSOL001_ATGCGATGTCCCTTGT	tumor	NA
scrSOL001_ATGCGATTCAGTCCCT	tumor	NA
scrSOL001_ATGCGATTCCCGGATG	normal	NA
scrSOL001_ATGGGAGAGAACAATC	normal	NA
scrSOL001_ATGGGAGCATACCATG	normal	NA
scrSOL001_ATGGGAGGTCATCCCT	tumor	NA
scrSOL001_ATGGGAGGTGTGACCC	normal	yes
scrSOL001_ATGGGAGGTTCCAACA	normal	NA
scrSOL001_ATGGGAGTCATGTCCC	normal	NA
scrSOL001_ATGTGTGCAACGATCT	normal	NA
scrSOL001_ATGTGTGCATCGGACC	normal	NA
scrSOL001_ATGTGTGGTCGCGGTT	normal	NA
scrSOL001_ATGTGTGGTCTAACGT	normal	NA
scrSOL001_ATGTGTGGTGAACCTT	normal	NA
scrSOL001_ATGTGTGTCTAACTGG	tumor	NA
scrSOL001_ATGTGTGTCTTGCCGT	normal	NA
scrSOL001_ATGTGTGTCTTTAGTC	normal	NA
scrSOL001_ATTACTCAGGGTTCCC	normal	NA
scrSOL001_ATTACTCCATCAGTAC	tumor	NA
scrSOL001_ATTACTCGTAGTACCT	tumor	NA
scrSOL001_ATTACTCTCCGCAAGC	tumor	NA
scrSOL001_ATTATCCAGCGTAATA	normal	NA
scrSOL001_ATTATCCAGGTCATCT	tumor	NA
scrSOL001_ATTATCCCACCAGGTC	normal	NA
scrSOL001_ATTATCCGTCTCGTTC	tumor	NA
scrSOL001_ATTATCCGTTATGTGC	tumor	NA
scrSOL001_ATTATCCTCAACACCA	normal	NA
scrSOL001_ATTATCCTCCAAATGC	normal	NA
scrSOL001_ATTATCCTCTAAGCCA	tumor	NA
scrSOL001_ATTCTACAGGATGGTC	normal	NA
scrSOL001_ATTCTACTCAAACGGG	normal	NA
scrSOL001_ATTGGACAGACGCACA	normal	NA
scrSOL001_ATTGGACAGAGTCTGG	tumor	NA
scrSOL001_ATTGGACAGTGGCACA	tumor	NA
scrSOL001_ATTGGACCACAGCGTC	normal	NA
scrSOL001_ATTGGACGTCTAGTGT	normal	NA
scrSOL001_ATTGGACTCAACGCTA	tumor	NA
scrSOL001_ATTGGACTCAGTACGT	normal	NA
scrSOL001_ATTGGACTCCAGTAGT	normal	NA
scrSOL001_ATTGGACTCGTTACGA	tumor	NA
scrSOL001_ATTGGACTCTGCAGTA	normal	NA
scrSOL001_ATTGGTGAGGCGTACA	tumor	NA
scrSOL001_ATTGGTGCAAGAGGCT	normal	NA
scrSOL001_ATTGGTGCAAGCCCAC	tumor	NA
scrSOL001_ATTGGTGCACGAAATA	tumor	NA
scrSOL001_ATTGGTGGTCCATGAT	normal	NA
scrSOL001_ATTGGTGGTCGACTAT	tumor	NA
scrSOL001_ATTGGTGGTTCCATGA	normal	NA
scrSOL001_ATTGGTGGTTCCTCCA	tumor	NA
scrSOL001_ATTGGTGTCAAAGACA	normal	NA
scrSOL001_ATTGGTGTCACAACGT	tumor	NA
scrSOL001_ATTGGTGTCGGTCCGA	normal	NA
scrSOL001_ATTGGTGTCTGGTTCC	tumor	NA
scrSOL001_ATTTCTGCAGCTGTGC	tumor	NA
scrSOL001_ATTTCTGCATCCAACA	normal	NA
scrSOL001_ATTTCTGGTAGTAGTA	normal	NA
scrSOL001_ATTTCTGGTTGAGTTC	normal	NA
scrSOL001_ATTTCTGTCATGTCTT	tumor	NA
scrSOL001_ATTTCTGTCCAAACAC	tumor	NA
scrSOL001_CAACCAAGTCATTAGC	normal	NA
scrSOL001_CAACCAAGTGCGAAAC	tumor	NA
scrSOL001_CAACCAAGTTCGTCTC	normal	NA
scrSOL001_CAACCAATCGCTTAGA	normal	NA
scrSOL001_CAACCTCAGACCTAGG	normal	NA
scrSOL001_CAACCTCCAAGGTGTG	normal	NA
scrSOL001_CAACCTCGTTCGTGAT	normal	NA
scrSOL001_CAACTAGAGTGGTAGC	tumor	NA
scrSOL001_CAACTAGAGTTGTAGA	normal	NA
scrSOL001_CAACTAGCAAGCCGTC	normal	NA
scrSOL001_CAACTAGGTATAGTAG	normal	NA
scrSOL001_CAACTAGGTTACCAGT	normal	NA
scrSOL001_CAACTAGTCCCAGGTG	normal	NA
scrSOL001_CAACTAGTCTTGACGA	normal	NA
scrSOL001_CAAGAAAAGAAGGTGA	tumor	NA
scrSOL001_CAAGAAAGTAATCACC	normal	NA
scrSOL001_CAAGAAAGTACTTCTT	tumor	NA
scrSOL001_CAAGAAAGTCGCATCG	tumor	NA
scrSOL001_CAAGAAAGTGGCTCCA	normal	NA
scrSOL001_CAAGAAAGTGTTAAGA	normal	NA
scrSOL001_CAAGAAAGTTTGTTGG	normal	NA
scrSOL001_CAAGATCAGATAGGAG	tumor	NA
scrSOL001_CAAGATCAGTACACCT	tumor	NA
scrSOL001_CAAGATCAGTTCGCGC	normal	NA
scrSOL001_CAAGATCCAAGGCTCC	normal	NA
scrSOL001_CAAGATCGTAGCTTGT	normal	NA
scrSOL001_CAAGATCGTCCTCCAT	tumor	NA
scrSOL001_CAAGATCGTCGAGATG	tumor	NA
scrSOL001_CAAGATCTCCGTCAAA	tumor	NA
scrSOL001_CAAGATCTCCTGCTTG	tumor	NA
scrSOL001_CAAGATCTCTGTTTGT	tumor	NA
scrSOL001_CAAGGCCAGAGCAATT	tumor	NA
scrSOL001_CAAGGCCAGCACGCCT	tumor	NA
scrSOL001_CAAGGCCGTATAGGGC	normal	NA
scrSOL001_CAAGGCCGTATGGTTC	normal	NA
scrSOL001_CAAGTTGAGTGTCTCA	normal	NA
scrSOL001_CAAGTTGCACCACGTG	normal	NA
scrSOL001_CAAGTTGCAGGAATGC	tumor	NA
scrSOL001_CAAGTTGGTCGTCTTC	normal	NA
scrSOL001_CAAGTTGTCTTCGAGA	tumor	NA
scrSOL001_CACAAACAGAGAACAG	normal	NA
scrSOL001_CACAAACAGTGTACTC	normal	NA
scrSOL001_CACAAACCACATGGGA	normal	NA
scrSOL001_CACAAACGTCCAACTA	normal	NA
scrSOL001_CACAAACTCGCTTGTC	tumor	NA
scrSOL001_CACAAACTCGGTCCGA	normal	NA
scrSOL001_CACAAACTCTCTTATG	tumor	NA
scrSOL001_CACACAAAGACACGAC	normal	NA
scrSOL001_CACACAAAGGAGTAGA	tumor	NA
scrSOL001_CACACAAAGTACGCCC	normal	NA
scrSOL001_CACACAACAATCGAAA	tumor	NA
scrSOL001_CACACAACATCTACGA	normal	NA
scrSOL001_CACACAAGTAGCTTGT	normal	NA
scrSOL001_CACACAAGTTACCAGT	normal	NA
scrSOL001_CACACCTAGCTATGCT	normal	NA
scrSOL001_CACACCTAGGAATGGA	normal	NA
scrSOL001_CACACCTCAAGCGAGT	normal	NA
scrSOL001_CACACCTGTTGCCTCT	tumor	NA
scrSOL001_CACACCTTCACCTTAT	tumor	NA
scrSOL001_CACACCTTCCCATTTA	normal	NA
scrSOL001_CACACCTTCCCTCAGT	normal	NA
scrSOL001_CACACCTTCGCCTGTT	normal	NA
scrSOL001_CACACCTTCTCGTTTA	normal	yes
scrSOL001_CACACTCAGGAGTAGA	tumor	NA
scrSOL001_CACACTCAGGCTCTTA	normal	NA
scrSOL001_CACACTCAGGGCATGT	normal	NA
scrSOL001_CACACTCCAATGACCT	tumor	NA
scrSOL001_CACACTCCACTTCTGC	tumor	NA
scrSOL001_CACACTCCATGCTAGT	normal	NA
scrSOL001_CACACTCTCCAAACAC	normal	NA
scrSOL001_CACACTCTCCTATGTT	normal	NA
scrSOL001_CACAGGCAGTGGACGT	normal	NA
scrSOL001_CACAGGCCAAAGGAAG	normal	NA
scrSOL001_CACAGGCCAGCTATTG	normal	NA
scrSOL001_CACAGGCTCATCGCTC	normal	NA
scrSOL001_CACAGGCTCATGTCCC	normal	NA
scrSOL001_CACAGGCTCGTTACAG	normal	NA
scrSOL001_CACAGGCTCTACCAGA	normal	NA
scrSOL001_CACAGTAAGGTAGCCA	normal	NA
scrSOL001_CACAGTAAGTGAACAT	normal	NA
scrSOL001_CACAGTACAATCCAAC	normal	NA
scrSOL001_CACAGTAGTCCAGTGC	normal	NA
scrSOL001_CACAGTATCACTTATC	normal	NA
scrSOL001_CACAGTATCTTTCCTC	tumor	NA
scrSOL001_CACATAGAGGGTCGAT	normal	NA
scrSOL001_CACATAGAGTATTGGA	normal	NA
scrSOL001_CACATAGAGTGAAGTT	tumor	NA
scrSOL001_CACATAGTCACTCTTA	normal	NA
scrSOL001_CACATTTAGAAGAAGC	normal	NA
scrSOL001_CACATTTAGCTTTGGT	normal	NA
scrSOL001_CACATTTAGTGCGTGA	normal	NA
scrSOL001_CACATTTAGTGGCACA	normal	NA
scrSOL001_CACATTTTCGTCTGAA	tumor	NA
scrSOL001_CACCACTAGATAGCAT	tumor	NA
scrSOL001_CACCACTAGGCATGTG	normal	NA
scrSOL001_CACCACTCAAGAGTCG	tumor	NA
scrSOL001_CACCACTCAAGTTGTC	normal	yes
scrSOL001_CACCACTCACTCAGGC	normal	NA
scrSOL001_CACCACTCAGCGTCCA	normal	NA
scrSOL001_CACCACTTCTGTACGA	tumor	NA
scrSOL001_CACCAGGAGCTAAACA	normal	NA
scrSOL001_CACCAGGCACCGGAAA	normal	NA
scrSOL001_CACCAGGTCCCGACTT	normal	NA
scrSOL001_CACCTTGAGCGAAGGG	normal	NA
scrSOL001_CACCTTGAGTAAGTAC	normal	NA
scrSOL001_CACCTTGCAAGACGTG	tumor	NA
scrSOL001_CACCTTGGTAAGGGCT	normal	NA
scrSOL001_CACCTTGGTCAGCTAT	tumor	NA
scrSOL001_CACCTTGGTCCGAACC	normal	NA
scrSOL001_CACCTTGGTCGAATCT	tumor	NA
scrSOL001_CACCTTGTCAACACGT	tumor	NA
scrSOL001_CACCTTGTCGGCGCTA	normal	NA
scrSOL001_CACCTTGTCTACTATC	normal	NA
scrSOL001_CACTCCAAGAGTGAGA	normal	NA
scrSOL001_CACTCCAAGGCTCAGA	normal	NA
scrSOL001_CACTCCAAGGCTCATT	normal	NA
scrSOL001_CACTCCAAGTCACGCC	tumor	NA
scrSOL001_CACTCCAGTCGAAAGC	normal	NA
scrSOL001_CACTCCATCAACGGCC	tumor	NA
scrSOL001_CACTCCATCAGCTGGC	normal	NA
scrSOL001_CACTCCATCTTTAGGG	normal	NA
scrSOL001_CAGAATCAGGTTACCT	tumor	NA
scrSOL001_CAGAATCCAGACACTT	normal	NA
scrSOL001_CAGAATCGTAGTACCT	tumor	NA
scrSOL001_CAGAATCGTATTACCG	tumor	NA
scrSOL001_CAGAATCTCCTTAATC	normal	NA
scrSOL001_CAGAATCTCTTGCAAG	normal	NA
scrSOL001_CAGAGAGAGCAGACTG	normal	NA
scrSOL001_CAGAGAGAGGCCATAG	tumor	NA
scrSOL001_CAGAGAGCAAGACGTG	normal	NA
scrSOL001_CAGAGAGCACAAGCCC	tumor	NA
scrSOL001_CAGAGAGCACAGCCCA	normal	NA
scrSOL001_CAGAGAGGTGGAAAGA	normal	NA
scrSOL001_CAGAGAGGTGTTCGAT	normal	NA
scrSOL001_CAGATCAAGAAGATTC	normal	NA
scrSOL001_CAGATCAAGGCCATAG	tumor	NA
scrSOL001_CAGATCAAGTTGAGAT	normal	NA
scrSOL001_CAGATCAGTACTTGAC	tumor	NA
scrSOL001_CAGATCAGTCTCTTAT	normal	NA
scrSOL001_CAGATCATCAACGAAA	normal	NA
scrSOL001_CAGATCATCTTGGGTA	tumor	NA
scrSOL001_CAGCAGCAGGTGCTTT	tumor	NA
scrSOL001_CAGCAGCAGTGAACGC	tumor	NA
scrSOL001_CAGCAGCCAACCGCCA	normal	NA
scrSOL001_CAGCATAAGATAGCAT	tumor	NA
scrSOL001_CAGCATAAGTCCCACG	normal	NA
scrSOL001_CAGCATACACGAGAGT	normal	NA
scrSOL001_CAGCATATCAAACGGG	normal	NA
scrSOL001_CAGCCGAAGACAGACC	tumor	NA
scrSOL001_CAGCCGAAGCTACCTA	tumor	NA
scrSOL001_CAGCCGAAGTAAGTAC	tumor	NA
scrSOL001_CAGCCGAGTTTGGGCC	normal	NA
scrSOL001_CAGCGACAGAATTGTG	normal	NA
scrSOL001_CAGCGACAGGCCCTTG	normal	NA
scrSOL001_CAGCGACTCCACGCAG	normal	NA
scrSOL001_CAGCTAAAGATAGTCA	normal	NA
scrSOL001_CAGCTAAAGCTACCTA	normal	NA
scrSOL001_CAGCTAACATAGAAAC	normal	NA
scrSOL001_CAGCTAAGTACTCAAC	normal	NA
scrSOL001_CAGCTAATCATCACCC	tumor	NA
scrSOL001_CAGCTAATCCGGCACA	tumor	NA
scrSOL001_CAGCTAATCGGAGCAA	normal	NA
scrSOL001_CAGCTAATCTTGTACT	tumor	NA
scrSOL001_CAGCTGGCATATACCG	tumor	NA
scrSOL001_CAGCTGGGTACAGTGG	tumor	NA
scrSOL001_CAGCTGGGTCTAGGTT	normal	NA
scrSOL001_CAGGTGCAGACAATAC	tumor	NA
scrSOL001_CAGGTGCAGACTAGAT	normal	NA
scrSOL001_CAGGTGCCATCACGTA	tumor	NA
scrSOL001_CAGGTGCGTGTCAATC	normal	NA
scrSOL001_CAGGTGCGTTACAGAA	tumor	NA
scrSOL001_CAGTAACAGATGTGTA	tumor	NA
scrSOL001_CAGTAACCAATCCGAT	normal	NA
scrSOL001_CAGTAACCAGTCACTA	normal	NA
scrSOL001_CAGTAACGTACAAGTA	normal	NA
scrSOL001_CAGTAACGTGAGTATA	normal	NA
scrSOL001_CAGTAACTCCACGAAT	tumor	NA
scrSOL001_CAGTAACTCCATGAAC	normal	NA
scrSOL001_CAGTAACTCGTAGGAG	normal	NA
scrSOL001_CAGTAACTCTCCAACC	normal	NA
scrSOL001_CAGTCCTAGCCAGAAC	tumor	NA
scrSOL001_CAGTCCTCAAATTGCC	tumor	NA
scrSOL001_CAGTCCTGTATGGTTC	normal	NA
scrSOL001_CAGTCCTGTCCGAACC	normal	NA
scrSOL001_CAGTCCTTCAATCACG	normal	NA
scrSOL001_CATATGGAGCCCGAAA	tumor	NA
scrSOL001_CATATGGAGCGAGAAA	normal	NA
scrSOL001_CATATGGCAGATCCAT	tumor	NA
scrSOL001_CATATGGGTGGTGTAG	normal	NA
scrSOL001_CATATGGTCACGAAGG	normal	NA
scrSOL001_CATATTCAGATGAGAG	tumor	NA
scrSOL001_CATATTCAGGGATCTG	normal	NA
scrSOL001_CATATTCAGGGATGGG	normal	NA
scrSOL001_CATATTCCACCGCTAG	tumor	NA
scrSOL001_CATATTCCACGAGGTA	tumor	NA
scrSOL001_CATATTCGTCTCCCTA	normal	NA
scrSOL001_CATATTCTCGCGATCG	normal	NA
scrSOL001_CATATTCTCTTGTACT	tumor	NA
scrSOL001_CATCAAGAGCCAACAG	tumor	NA
scrSOL001_CATCAAGAGGTGCTTT	tumor	NA
scrSOL001_CATCAAGAGTACGTAA	tumor	NA
scrSOL001_CATCAAGCAAGCGATG	normal	yes
scrSOL001_CATCAAGCAATAGAGT	tumor	NA
scrSOL001_CATCAAGCACCGATAT	tumor	NA
scrSOL001_CATCAAGGTCATACTG	normal	NA
scrSOL001_CATCAAGTCGCCATAA	normal	NA
scrSOL001_CATCAGAAGCAACGGT	tumor	NA
scrSOL001_CATCAGAAGGAGCGTT	tumor	NA
scrSOL001_CATCAGAAGTCGAGTG	tumor	NA
scrSOL001_CATCAGAGTTCAGACT	tumor	NA
scrSOL001_CATCAGATCGATGAGG	tumor	NA
scrSOL001_CATCAGATCTGAGGGA	normal	NA
scrSOL001_CATCCACAGAACTCGG	tumor	NA
scrSOL001_CATCCACCATATGGTC	tumor	NA
scrSOL001_CATCCACTCCGCGCAA	normal	NA
scrSOL001_CATCCACTCTTCGGTC	normal	NA
scrSOL001_CATCGAAAGAAACCTA	normal	NA
scrSOL001_CATCGAAAGAGTAAGG	normal	NA
scrSOL001_CATCGAAAGAGTACCG	normal	NA
scrSOL001_CATCGAACATCGATTG	tumor	NA
scrSOL001_CATCGAAGTAAAGGAG	tumor	NA
scrSOL001_CATCGAATCCGCAAGC	tumor	NA
scrSOL001_CATCGGGCAGGCGATA	normal	NA
scrSOL001_CATCGGGGTAGCAAAT	tumor	NA
scrSOL001_CATCGGGTCGTAGATC	normal	NA
scrSOL001_CATGACAAGACTAGGC	normal	NA
scrSOL001_CATGACACAGATGGGT	tumor	NA
scrSOL001_CATGCCTAGAATTCCC	normal	NA
scrSOL001_CATGCCTCAAAGGAAG	normal	NA
scrSOL001_CATGCCTCACGCATCG	normal	NA
scrSOL001_CATGCCTGTTCCATGA	tumor	NA
scrSOL001_CATGCCTTCACCTCGT	tumor	NA
scrSOL001_CATGCCTTCAGCGACC	tumor	NA
scrSOL001_CATGGCGAGCATCATC	normal	NA
scrSOL001_CATGGCGAGCCGATTT	tumor	NA
scrSOL001_CATGGCGAGTAAGTAC	tumor	NA
scrSOL001_CATGGCGCATGTAAGA	normal	NA
scrSOL001_CATGGCGGTATAGTAG	normal	NA
scrSOL001_CATGGCGGTCTGATCA	tumor	NA
scrSOL001_CATGGCGTCACCTTAT	normal	NA
scrSOL001_CATGGCGTCGACAGCC	normal	NA
scrSOL001_CATGGCGTCGCACTCT	tumor	NA
scrSOL001_CATTATCAGAAGATTC	tumor	NA
scrSOL001_CATTATCAGCCACTAT	normal	NA
scrSOL001_CATTATCAGCGATGAC	normal	NA
scrSOL001_CATTATCAGGGTTTCT	normal	NA
scrSOL001_CATTATCGTAATTGGA	tumor	NA
scrSOL001_CATTATCGTAGAGGAA	normal	NA
scrSOL001_CATTATCGTAGCGATG	normal	NA
scrSOL001_CATTATCGTTAAAGTG	tumor	NA
scrSOL001_CATTATCTCATCGCTC	tumor	NA
scrSOL001_CATTCGCAGCGAAGGG	normal	NA
scrSOL001_CATTCGCCAGTGGAGT	normal	NA
scrSOL001_CATTCGCGTACTCAAC	normal	NA
scrSOL001_CATTCGCGTCCCTACT	tumor	NA
scrSOL001_CATTCGCTCTGACCTC	normal	NA
scrSOL001_CCAATCCAGGCATTGG	normal	NA
scrSOL001_CCAATCCCACTTAACG	normal	NA
scrSOL001_CCAATCCGTAACGCGA	normal	NA
scrSOL001_CCAATCCTCCGCAAGC	normal	NA
scrSOL001_CCACCTAAGCCACGCT	tumor	NA
scrSOL001_CCACCTAAGCGATAGC	tumor	NA
scrSOL001_CCACCTACAATAGAGT	normal	NA
scrSOL001_CCACCTACAGCTCGCA	tumor	NA
scrSOL001_CCACCTACATCCCACT	normal	NA
scrSOL001_CCACCTAGTAGGCATG	tumor	NA
scrSOL001_CCACGGAAGTATGACA	tumor	NA
scrSOL001_CCACGGAGTCCCTTGT	tumor	NA
scrSOL001_CCACGGAGTTGTCTTT	normal	NA
scrSOL001_CCACGGATCAAACAAG	tumor	NA
scrSOL001_CCACGGATCTTGAGGT	tumor	NA
scrSOL001_CCACTACAGAAGAAGC	normal	NA
scrSOL001_CCACTACAGAGTACAT	tumor	NA
scrSOL001_CCACTACAGCTGTCTA	normal	NA
scrSOL001_CCACTACAGTCCCACG	normal	NA
scrSOL001_CCACTACCATCCGTGG	tumor	NA
scrSOL001_CCACTACGTAGCTCCG	normal	NA
scrSOL001_CCACTACGTTGGACCC	tumor	NA
scrSOL001_CCACTACTCCACGTTC	normal	NA
scrSOL001_CCACTACTCCATGCTC	tumor	NA
scrSOL001_CCACTACTCCGCGGTA	normal	NA
scrSOL001_CCACTACTCTAGCACA	normal	NA
scrSOL001_CCAGCGAAGCAGGTCA	normal	NA
scrSOL001_CCAGCGAAGCCATCGC	tumor	NA
scrSOL001_CCAGCGACAAACGTGG	normal	NA
scrSOL001_CCAGCGACAGACAAAT	normal	NA
scrSOL001_CCAGCGACATGGTTGT	tumor	NA
scrSOL001_CCAGCGACATTAGCCA	normal	NA
scrSOL001_CCATGTCCATTACCTT	normal	NA
scrSOL001_CCATGTCGTCTCTCGT	normal	NA
scrSOL001_CCATGTCGTGACTCAT	tumor	NA
scrSOL001_CCATGTCGTTATGCGT	normal	NA
scrSOL001_CCATGTCTCAATAAGG	normal	NA
scrSOL001_CCATTCGAGATGCGAC	normal	NA
scrSOL001_CCATTCGAGGGTATCG	tumor	NA
scrSOL001_CCATTCGCAGACGCAA	tumor	NA
scrSOL001_CCATTCGGTCAGCTAT	normal	NA
scrSOL001_CCATTCGGTCGCCATG	normal	NA
scrSOL001_CCCAATCAGAGTAAGG	tumor	NA
scrSOL001_CCCAATCAGATATGGT	normal	NA
scrSOL001_CCCAATCAGCAACGGT	normal	NA
scrSOL001_CCCAATCAGTGGAGTC	normal	NA
scrSOL001_CCCAATCCACCACGTG	normal	NA
scrSOL001_CCCAATCCAGGCGATA	normal	NA
scrSOL001_CCCAATCGTGCCTTGG	tumor	NA
scrSOL001_CCCAATCGTGCTTCTC	normal	NA
scrSOL001_CCCAATCGTTAAGGGC	tumor	NA
scrSOL001_CCCAATCTCCTCTAGC	tumor	NA
scrSOL001_CCCAGTTAGACGCAAC	tumor	NA
scrSOL001_CCCAGTTCACATGGGA	tumor	NA
scrSOL001_CCCAGTTGTACTCTCC	normal	NA
scrSOL001_CCCAGTTGTGCAACGA	normal	NA
scrSOL001_CCCAGTTGTGCCTGGT	tumor	NA
scrSOL001_CCCATACAGAAACCGC	normal	NA
scrSOL001_CCCATACAGCCGGTAA	normal	NA
scrSOL001_CCCATACAGCGTAGTG	tumor	NA
scrSOL001_CCCATACAGGATATAC	tumor	NA
scrSOL001_CCCATACCAGTACACT	tumor	NA
scrSOL001_CCCTCCTAGACAGACC	normal	NA
scrSOL001_CCCTCCTCAATGACCT	tumor	NA
scrSOL001_CCCTCCTGTAATTGGA	normal	NA
scrSOL001_CCCTCCTGTTGGACCC	normal	NA
scrSOL001_CCCTCCTTCACAGGCC	normal	NA
scrSOL001_CCCTCCTTCCCAAGTA	normal	NA
scrSOL001_CCGGGATAGGCCGAAT	tumor	NA
scrSOL001_CCGGGATAGTACGACG	normal	NA
scrSOL001_CCGGGATCATTGCGGC	normal	NA
scrSOL001_CCGGGATGTGTTTGGT	tumor	NA
scrSOL001_CCGGGATGTTAGAACA	normal	NA
scrSOL001_CCGGGATTCCAAGTAC	tumor	NA
scrSOL001_CCGGTAGCAAGCCGTC	tumor	NA
scrSOL001_CCGGTAGCAAGCTGTT	normal	NA
scrSOL001_CCGGTAGTCAACACCA	normal	NA
scrSOL001_CCGGTAGTCACATGCA	normal	NA
scrSOL001_CCGGTAGTCTCCTATA	normal	NA
scrSOL001_CCGTACTAGAGCTATA	tumor	NA
scrSOL001_CCGTACTCAAGCCCAC	normal	NA
scrSOL001_CCGTACTCAGAGTGTG	tumor	NA
scrSOL001_CCGTACTGTGCAACGA	normal	NA
scrSOL001_CCGTACTGTTTCGCTC	tumor	NA
scrSOL001_CCGTGGACACGTGAGA	tumor	NA
scrSOL001_CCGTGGAGTAAGGGCT	tumor	NA
scrSOL001_CCGTGGAGTACCCAAT	normal	NA
scrSOL001_CCGTGGAGTGACGCCT	normal	NA
scrSOL001_CCGTGGAGTGACGGTA	normal	NA
scrSOL001_CCGTGGATCCTAGGGC	normal	NA
scrSOL001_CCGTTCAAGACTGTAA	normal	NA
scrSOL001_CCGTTCAAGTACGTTC	tumor	NA
scrSOL001_CCGTTCACAGGATCGA	normal	NA
scrSOL001_CCGTTCATCTGGCGAC	normal	NA
scrSOL001_CCGTTCATCTGTTTGT	tumor	NA
scrSOL001_CCTAAAGAGTACGTTC	normal	NA
scrSOL001_CCTAAAGAGTCCGGTC	normal	NA
scrSOL001_CCTAAAGCACAGGTTT	normal	NA
scrSOL001_CCTACACAGACTAAGT	tumor	NA
scrSOL001_CCTACACAGGGTGTTG	normal	NA
scrSOL001_CCTACACCACGGACAA	tumor	NA
scrSOL001_CCTACACGTCTAGGTT	normal	NA
scrSOL001_CCTACACTCCTAGTGA	tumor	NA
scrSOL001_CCTACACTCGTCACGG	normal	NA
scrSOL001_CCTACCACACCCAGTG	tumor	NA
scrSOL001_CCTACCAGTAAAGGAG	tumor	NA
scrSOL001_CCTACCATCACTTCAT	normal	NA
scrSOL001_CCTACCATCTTACCTA	tumor	NA
scrSOL001_CCTAGCTAGATCGATA	normal	NA
scrSOL001_CCTAGCTAGGATTCGG	normal	NA
scrSOL001_CCTAGCTGTGCAGACA	normal	NA
scrSOL001_CCTAGCTTCACATACG	tumor	NA
scrSOL001_CCTATTAAGTGCGATG	normal	NA
scrSOL001_CCTATTACAAACGTGG	normal	NA
scrSOL001_CCTATTACATACGCCG	normal	NA
scrSOL001_CCTATTAGTAAGAGAG	normal	NA
scrSOL001_CCTCAGTAGCTAAACA	tumor	NA
scrSOL001_CCTCAGTCAGGATCGA	tumor	NA
scrSOL001_CCTCAGTTCCGCTGTT	tumor	NA
scrSOL001_CCTCTGACACCATCCT	tumor	NA
scrSOL001_CCTTACGCACACAGAG	tumor	NA
scrSOL001_CCTTACGTCACGACTA	normal	NA
scrSOL001_CCTTACGTCCCGGATG	tumor	NA
scrSOL001_CCTTACGTCGTCTGCT	normal	NA
scrSOL001_CCTTCCCAGAATGTTG	normal	NA
scrSOL001_CCTTCCCAGACTAGGC	normal	NA
scrSOL001_CCTTCCCAGGTGCTAG	tumor	NA
scrSOL001_CCTTCCCAGTGTACGG	normal	NA
scrSOL001_CCTTCCCGTAGCGTCC	normal	NA
scrSOL001_CCTTCCCGTCAGATAA	tumor	NA
scrSOL001_CCTTCCCGTTCCATGA	tumor	NA
scrSOL001_CCTTCCCGTTTAGGAA	tumor	NA
scrSOL001_CCTTCCCTCCACTCCA	normal	NA
scrSOL001_CCTTCCCTCCCATTTA	normal	NA
scrSOL001_CCTTCGAAGATACACA	normal	NA
scrSOL001_CCTTCGAAGCTAAGAT	tumor	NA
scrSOL001_CCTTCGACATGATCCA	tumor	NA
scrSOL001_CCTTCGATCAGTTAGC	normal	NA
scrSOL001_CCTTTCTCAATGAATG	normal	NA
scrSOL001_CCTTTCTCAGATGGGT	normal	NA
scrSOL001_CCTTTCTCATTACGAC	tumor	NA
scrSOL001_CCTTTCTTCGTGTAGT	normal	NA
scrSOL001_CCTTTCTTCTCTAAGG	normal	NA
scrSOL001_CGAACATAGATAGGAG	normal	NA
scrSOL001_CGAACATAGCTACCGC	normal	NA
scrSOL001_CGAACATCAATGGAGC	normal	NA
scrSOL001_CGAACATCAATTGCTG	tumor	NA
scrSOL001_CGAACATCATTCCTGC	normal	NA
scrSOL001_CGAACATGTATTAGCC	normal	NA
scrSOL001_CGAACATGTTAAGTAG	tumor	NA
scrSOL001_CGAACATTCCCATTTA	tumor	NA
scrSOL001_CGAACATTCCCGACTT	tumor	NA
scrSOL001_CGAATGTAGTTGTAGA	tumor	NA
scrSOL001_CGAATGTCAGATCTGT	tumor	NA
scrSOL001_CGACCTTCACCTATCC	tumor	NA
scrSOL001_CGACCTTCAGCCTTTC	normal	NA
scrSOL001_CGACCTTGTGATGCCC	normal	NA
scrSOL001_CGACCTTGTGTGAAAT	tumor	NA
scrSOL001_CGACTTCAGAGACGAA	normal	NA
scrSOL001_CGACTTCAGGTCGGAT	tumor	NA
scrSOL001_CGACTTCCAATGGAGC	tumor	NA
scrSOL001_CGACTTCCACTGTGTA	tumor	NA
scrSOL001_CGACTTCGTTCCACAA	normal	NA
scrSOL001_CGACTTCTCTCTTGAT	normal	NA
scrSOL001_CGACTTCTCTGAGTGT	tumor	NA
scrSOL001_CGAGAAGAGCCCAGCT	normal	NA
scrSOL001_CGAGAAGCAGGACGTA	tumor	NA
scrSOL001_CGAGAAGCAGGATTGG	normal	NA
scrSOL001_CGAGAAGGTCTGCAAT	normal	NA
scrSOL001_CGAGAAGTCAATCACG	normal	NA
scrSOL001_CGAGAAGTCCTTAATC	normal	NA
scrSOL001_CGAGCACAGGAGCGAG	normal	NA
scrSOL001_CGAGCACTCGTAGGTT	tumor	NA
scrSOL001_CGAGCCACACTTACGA	normal	NA
scrSOL001_CGAGCCACAGGGCATA	normal	NA
scrSOL001_CGAGCCAGTCTTGATG	normal	NA
scrSOL001_CGAGCCATCAAAGACA	normal	NA
scrSOL001_CGAGCCATCCTCATTA	normal	NA
scrSOL001_CGAGCCATCCTTGACC	normal	NA
scrSOL001_CGAGCCATCGGTTCGG	tumor	NA
scrSOL001_CGAGCCATCTATCGCC	normal	NA
scrSOL001_CGATCGGAGGAGTAGA	tumor	NA
scrSOL001_CGATCGGCAATTCCTT	normal	NA
scrSOL001_CGATCGGCACCACCAG	tumor	NA
scrSOL001_CGATCGGCAGACACTT	tumor	NA
scrSOL001_CGATCGGGTCTTCGTC	normal	NA
scrSOL001_CGATCGGGTCTTTCAT	tumor	NA
scrSOL001_CGATCGGGTTGAACTC	tumor	NA
scrSOL001_CGATCGGTCAACCAAC	tumor	NA
scrSOL001_CGATCGGTCAACGGCC	normal	NA
scrSOL001_CGATCGGTCACAGTAC	normal	NA
scrSOL001_CGATGGCAGAAGGACA	tumor	NA
scrSOL001_CGATGGCAGGTTCCTA	normal	NA
scrSOL001_CGATGGCCAAGCGCTC	normal	NA
scrSOL001_CGATGGCCATAGGATA	normal	NA
scrSOL001_CGATGGCCATCTATGG	normal	NA
scrSOL001_CGATGGCGTCGCATAT	normal	NA
scrSOL001_CGATGGCGTGTTCGAT	normal	NA
scrSOL001_CGATGGCTCATGTCTT	normal	NA
scrSOL001_CGATGTAGTTTAAGCC	normal	NA
scrSOL001_CGATTGAAGCCAACAG	tumor	NA
scrSOL001_CGATTGACAATGGAGC	tumor	NA
scrSOL001_CGATTGACAGATAATG	normal	NA
scrSOL001_CGATTGAGTAGAGTGC	tumor	NA
scrSOL001_CGATTGAGTGAACCTT	normal	NA
scrSOL001_CGATTGAGTTAAGAAC	tumor	NA
scrSOL001_CGATTGATCGTCTGCT	tumor	NA
scrSOL001_CGCCAAGAGAGCCCAA	normal	NA
scrSOL001_CGCCAAGAGTCGCCGT	tumor	NA
scrSOL001_CGCCAAGAGTTAACGA	normal	NA
scrSOL001_CGCCAAGCATCTCCCA	normal	NA
scrSOL001_CGCCAAGGTCGCTTCT	normal	NA
scrSOL001_CGCCAAGTCGTGGGAA	tumor	NA
scrSOL001_CGCGGTAAGCACAGGT	normal	NA
scrSOL001_CGCGGTAAGGTTACCT	normal	NA
scrSOL001_CGCGGTAAGTCCGTAT	tumor	NA
scrSOL001_CGCGGTACAGCCTTGG	normal	NA
scrSOL001_CGCGGTAGTCTGATCA	tumor	NA
scrSOL001_CGCGGTAGTCTTCTCG	normal	NA
scrSOL001_CGCGGTAGTGCTTCTC	normal	NA
scrSOL001_CGCGGTAGTGGAAAGA	tumor	NA
scrSOL001_CGCGGTATCAAGCCTA	tumor	NA
scrSOL001_CGCGGTATCGCCATAA	tumor	NA
scrSOL001_CGCGTTTAGTCAAGGC	normal	NA
scrSOL001_CGCGTTTGTCTAGGTT	tumor	NA
scrSOL001_CGCGTTTTCGGAATCT	normal	NA
scrSOL001_CGCGTTTTCTTGTATC	tumor	NA
scrSOL001_CGCTATCAGATATGGT	normal	NA
scrSOL001_CGCTATCAGGTGCTAG	normal	NA
scrSOL001_CGCTATCAGTCTTGCA	normal	NA
scrSOL001_CGCTATCCACCAGCAC	tumor	NA
scrSOL001_CGCTATCCACCTTGTC	normal	NA
scrSOL001_CGCTATCCATATACGC	tumor	NA
scrSOL001_CGCTGGACACGAAAGC	tumor	NA
scrSOL001_CGCTGGACAGGGTTAG	normal	NA
scrSOL001_CGCTGGAGTATAGGTA	tumor	NA
scrSOL001_CGCTGGATCGTGGGAA	tumor	NA
scrSOL001_CGCTGGATCTGGTATG	tumor	NA
scrSOL001_CGCTTCACAAGCGTAG	tumor	NA
scrSOL001_CGCTTCACAAGGCTCC	tumor	NA
scrSOL001_CGCTTCAGTATGAATG	tumor	NA
scrSOL001_CGCTTCATCACGCGGT	normal	NA
scrSOL001_CGCTTCATCCAGGGCT	tumor	NA
scrSOL001_CGCTTCATCCATGCTC	normal	NA
scrSOL001_CGCTTCATCTAACGGT	normal	NA
scrSOL001_CGGACACAGCGCCTCA	normal	NA
scrSOL001_CGGACACCACTTCTGC	normal	NA
scrSOL001_CGGACACGTTCGGCAC	normal	NA
scrSOL001_CGGACACTCCAATGGT	normal	NA
scrSOL001_CGGACGTAGCGTCTAT	normal	NA
scrSOL001_CGGACGTCAGCGTAAG	tumor	NA
scrSOL001_CGGACGTCAGGGATTG	tumor	NA
scrSOL001_CGGACGTGTCGGGTCT	tumor	NA
scrSOL001_CGGACGTGTTACGCGC	normal	NA
scrSOL001_CGGACGTGTTTGACTG	tumor	NA
scrSOL001_CGGACGTTCTACGAGT	normal	NA
scrSOL001_CGGACTGAGCGGCTTC	normal	NA
scrSOL001_CGGACTGCACAGATTC	tumor	NA
scrSOL001_CGGACTGCAGCTGTAT	normal	NA
scrSOL001_CGGACTGCATAGAAAC	tumor	NA
scrSOL001_CGGACTGGTAACGACG	normal	NA
scrSOL001_CGGACTGGTCTTCAAG	normal	NA
scrSOL001_CGGACTGGTTCGTTGA	tumor	NA
scrSOL001_CGGACTGTCCTGTACC	normal	NA
scrSOL001_CGGACTGTCTACTCAT	normal	NA
scrSOL001_CGGACTGTCTCTTGAT	normal	NA
scrSOL001_CGGAGCTAGATGTCGG	tumor	NA
scrSOL001_CGGAGCTTCTTTAGTC	tumor	NA
scrSOL001_CGGAGTCAGAGACTAT	tumor	NA
scrSOL001_CGGAGTCAGCGTTCCG	normal	NA
scrSOL001_CGGAGTCAGGCGTACA	normal	NA
scrSOL001_CGGAGTCCAGCCTTGG	tumor	NA
scrSOL001_CGGAGTCTCAAGGCTT	normal	NA
scrSOL001_CGGAGTCTCACTTATC	tumor	NA
scrSOL001_CGGAGTCTCATCGGAT	normal	NA
scrSOL001_CGGAGTCTCGGAGGTA	normal	NA
scrSOL001_CGGAGTCTCTACCAGA	normal	NA
scrSOL001_CGGAGTCTCTAGAGTC	tumor	NA
scrSOL001_CGGCTAGAGAGCCCAA	tumor	NA
scrSOL001_CGGCTAGAGTCGATAA	normal	NA
scrSOL001_CGGCTAGCAATGGAAT	normal	NA
scrSOL001_CGGCTAGCAGCATGAG	normal	NA
scrSOL001_CGGCTAGCATCATCCC	tumor	NA
scrSOL001_CGGCTAGCATGACGGA	tumor	NA
scrSOL001_CGGCTAGTCATGCATG	tumor	NA
scrSOL001_CGGCTAGTCTTGCATT	normal	NA
scrSOL001_CGGGTCAAGAGTGACC	normal	NA
scrSOL001_CGGGTCAAGGAGTCTG	tumor	NA
scrSOL001_CGGGTCAAGTGACTCT	normal	NA
scrSOL001_CGGGTCACACACGCTG	normal	NA
scrSOL001_CGGGTCAGTAGTGAAT	normal	NA
scrSOL001_CGGGTCATCCGATATG	tumor	NA
scrSOL001_CGGTTAACACGGCCAT	normal	NA
scrSOL001_CGGTTAACATCCAACA	tumor	NA
scrSOL001_CGGTTAAGTAACGTTC	normal	NA
scrSOL001_CGGTTAATCAACACGT	tumor	NA
scrSOL001_CGGTTAATCTCTTGAT	normal	NA
scrSOL001_CGTAGCGAGCACCGCT	normal	NA
scrSOL001_CGTAGCGAGCCAGGAT	normal	NA
scrSOL001_CGTAGCGAGTGCCAGA	normal	NA
scrSOL001_CGTAGCGCATTCTCAT	tumor	NA
scrSOL001_CGTAGCGTCACGCATA	tumor	NA
scrSOL001_CGTAGCGTCCGCTGTT	normal	NA
scrSOL001_CGTAGGCAGAAACCAT	normal	NA
scrSOL001_CGTAGGCAGCTAAGAT	tumor	NA
scrSOL001_CGTAGGCCAATCACAC	normal	NA
scrSOL001_CGTAGGCCATCAGTCA	normal	NA
scrSOL001_CGTAGGCGTCAAACTC	tumor	NA
scrSOL001_CGTAGGCTCCATGAGT	normal	NA
scrSOL001_CGTAGGCTCTCGATGA	normal	NA
scrSOL001_CGTCACTAGGGTCTCC	normal	NA
scrSOL001_CGTCACTCAGATCGGA	normal	NA
scrSOL001_CGTCACTCATCAGTAC	normal	NA
scrSOL001_CGTCACTTCCACGTTC	normal	NA
scrSOL001_CGTCACTTCGCCTGTT	tumor	NA
scrSOL001_CGTCAGGGTCCAACTA	normal	NA
scrSOL001_CGTCAGGGTGAAGGCT	normal	NA
scrSOL001_CGTCAGGGTGCGGTAA	normal	NA
scrSOL001_CGTCAGGGTTGTTTGG	normal	NA
scrSOL001_CGTCAGGTCGTGGTCG	tumor	NA
scrSOL001_CGTCCATAGTACGCCC	normal	NA
scrSOL001_CGTCCATGTTACCAGT	normal	NA
scrSOL001_CGTCCATGTTACCGAT	tumor	NA
scrSOL001_CGTCCATTCGGATGTT	normal	NA
scrSOL001_CGTCTACAGAATGTTG	normal	NA
scrSOL001_CGTCTACAGATCTGCT	tumor	NA
scrSOL001_CGTCTACAGGCTACGA	normal	NA
scrSOL001_CGTCTACCAATCGGTT	normal	NA
scrSOL001_CGTCTACCACTAGTAC	normal	NA
scrSOL001_CGTCTACCAGATGGCA	normal	NA
scrSOL001_CGTCTACTCCAGAAGG	tumor	NA
scrSOL001_CGTCTACTCTGTGCAA	normal	NA
scrSOL001_CGTGAGCAGAGTAATC	normal	NA
scrSOL001_CGTGAGCCAATACGCT	normal	NA
scrSOL001_CGTGAGCGTATATGGA	normal	NA
scrSOL001_CGTGAGCGTATCTGCA	normal	NA
scrSOL001_CGTGAGCGTCATCGGC	normal	NA
scrSOL001_CGTGAGCGTCATGCCG	tumor	NA
scrSOL001_CGTGAGCGTCCATCCT	normal	NA
scrSOL001_CGTGAGCGTGGCAAAC	normal	NA
scrSOL001_CGTGAGCGTTAAAGTG	normal	NA
scrSOL001_CGTGAGCTCACCTCGT	tumor	NA
scrSOL001_CGTGTAAAGAATCTCC	normal	NA
scrSOL001_CGTGTAACAAGCCGCT	tumor	NA
scrSOL001_CGTGTAACACAACTGT	tumor	NA
scrSOL001_CGTGTAACACTCAGGC	normal	NA
scrSOL001_CGTGTAACACTCGACG	tumor	NA
scrSOL001_CGTGTAACAGGGAGAG	normal	NA
scrSOL001_CGTGTAACATTTGCTT	normal	NA
scrSOL001_CGTGTAAGTTCGCGAC	tumor	NA
scrSOL001_CGTGTCTAGAACAATC	tumor	NA
scrSOL001_CGTGTCTAGCGATAGC	tumor	NA
scrSOL001_CGTGTCTGTAACGTTC	normal	NA
scrSOL001_CGTGTCTGTACGCTGC	normal	NA
scrSOL001_CGTGTCTTCACTTCAT	normal	NA
scrSOL001_CGTGTCTTCGTTACAG	tumor	NA
scrSOL001_CGTTAGACATTGGCGC	normal	NA
scrSOL001_CGTTAGAGTATCACCA	tumor	NA
scrSOL001_CGTTAGAGTGAGCGAT	normal	NA
scrSOL001_CGTTAGATCTGAGGGA	normal	NA
scrSOL001_CGTTCTGAGGCATGTG	normal	NA
scrSOL001_CGTTCTGCACAGAGGT	tumor	NA
scrSOL001_CGTTCTGGTTCAACCA	normal	NA
scrSOL001_CGTTCTGTCGCCAGCA	tumor	NA
scrSOL001_CGTTCTGTCTTCCTTC	normal	NA
scrSOL001_CGTTGGGAGACCTAGG	tumor	NA
scrSOL001_CGTTGGGAGAGGTAGA	tumor	NA
scrSOL001_CGTTGGGAGCAGCGTA	normal	NA
scrSOL001_CGTTGGGAGCCCAGCT	normal	NA
scrSOL001_CGTTGGGAGGTGATTA	tumor	NA
scrSOL001_CTAACTTAGCATCATC	normal	NA
scrSOL001_CTAACTTAGCCCTAAT	normal	NA
scrSOL001_CTAACTTAGTCAATAG	normal	NA
scrSOL001_CTAACTTCACGGTAAG	normal	NA
scrSOL001_CTAACTTCACTTCGAA	tumor	NA
scrSOL001_CTAACTTCAGACAAGC	tumor	NA
scrSOL001_CTAACTTTCTGATACG	tumor	NA
scrSOL001_CTAAGACAGACCCACC	tumor	NA
scrSOL001_CTAAGACAGTATTGGA	normal	NA
scrSOL001_CTAAGACCAGCCTATA	normal	NA
scrSOL001_CTAAGACTCTACCAGA	normal	NA
scrSOL001_CTAATGGAGAAACGCC	normal	NA
scrSOL001_CTAATGGAGGGCTCTC	normal	NA
scrSOL001_CTAATGGCAACGATCT	normal	NA
scrSOL001_CTAATGGGTGGAAAGA	normal	NA
scrSOL001_CTAATGGTCAGTTTGG	normal	NA
scrSOL001_CTAATGGTCGTTGCCT	normal	NA
scrSOL001_CTAATGGTCTGCTGTC	normal	NA
scrSOL001_CTAATGGTCTTGTATC	normal	NA
scrSOL001_CTACACCAGCCGGTAA	normal	NA
scrSOL001_CTACACCAGCTAAGAT	tumor	NA
scrSOL001_CTACACCAGGAGTTTA	tumor	NA
scrSOL001_CTACACCAGTCCATAC	tumor	NA
scrSOL001_CTACACCAGTTCGCGC	normal	NA
scrSOL001_CTACACCCATCCGGGT	tumor	NA
scrSOL001_CTACACCGTATTCGTG	tumor	NA
scrSOL001_CTACACCGTCCAGTGC	normal	NA
scrSOL001_CTACACCGTGCCTGCA	normal	NA
scrSOL001_CTACACCTCTTGTCAT	tumor	NA
scrSOL001_CTACATTAGATAGGAG	normal	NA
scrSOL001_CTACATTAGCGGATCA	normal	NA
scrSOL001_CTACATTAGCGTTCCG	normal	NA
scrSOL001_CTACATTCAGTTAACC	normal	NA
scrSOL001_CTACATTCATCCGTGG	tumor	NA
scrSOL001_CTACATTGTCATCGGC	tumor	NA
scrSOL001_CTACATTGTTTGTGTG	tumor	NA
scrSOL001_CTACCCAAGACTTGAA	tumor	NA
scrSOL001_CTACCCAAGAGTAAGG	normal	NA
scrSOL001_CTACCCAAGCCAACAG	normal	NA
scrSOL001_CTACCCAAGGAATCGC	normal	NA
scrSOL001_CTACCCAAGTCAAGGC	normal	NA
scrSOL001_CTACCCAAGTGAAGAG	normal	NA
scrSOL001_CTACCCAAGTGCTGCC	normal	NA
scrSOL001_CTACCCAAGTGTGAAT	normal	NA
scrSOL001_CTACCCAAGTTCGATC	normal	NA
scrSOL001_CTACCCACAAGGCTCC	normal	NA
scrSOL001_CTACCCACATGCCTAA	normal	NA
scrSOL001_CTACCCAGTCTCTTAT	tumor	NA
scrSOL001_CTACCCATCCCAACGG	normal	NA
scrSOL001_CTACGTCCAATCTACG	normal	NA
scrSOL001_CTACGTCCATGCCTTC	normal	NA
scrSOL001_CTACGTCGTCTGATTG	normal	NA
scrSOL001_CTACGTCGTTAGGGTG	normal	NA
scrSOL001_CTACGTCTCACCACCT	tumor	NA
scrSOL001_CTAGAGTAGCGCCTTG	normal	NA
scrSOL001_CTAGAGTCATTGAGCT	tumor	NA
scrSOL001_CTAGAGTGTACCGTAT	normal	NA
scrSOL001_CTAGAGTGTAGAGTGC	tumor	NA
scrSOL001_CTAGAGTGTATGGTTC	tumor	NA
scrSOL001_CTAGAGTGTCACCCAG	normal	NA
scrSOL001_CTAGAGTGTGTAACGG	tumor	NA
scrSOL001_CTAGAGTGTTCACGGC	normal	NA
scrSOL001_CTAGAGTGTTTGTTGG	normal	NA
scrSOL001_CTAGAGTTCCAACCAA	tumor	NA
scrSOL001_CTAGAGTTCCTGCCAT	normal	NA
scrSOL001_CTAGAGTTCTGCAGTA	normal	NA
scrSOL001_CTAGCCTAGCACGCCT	normal	NA
scrSOL001_CTAGCCTAGGGTCTCC	normal	NA
scrSOL001_CTAGCCTCATCCGCGA	normal	NA
scrSOL001_CTAGCCTTCCCTGACT	tumor	NA
scrSOL001_CTAGCCTTCGCGCCAA	normal	NA
scrSOL001_CTAGTGAAGATCCCGC	tumor	NA
scrSOL001_CTAGTGACAAACGTGG	normal	NA
scrSOL001_CTAGTGACACAACGCC	normal	NA
scrSOL001_CTAGTGACAGCCAGAA	normal	NA
scrSOL001_CTAGTGACATATGGTC	normal	NA
scrSOL001_CTAGTGAGTAAGAGAG	normal	NA
scrSOL001_CTAGTGAGTTCAGCGC	tumor	NA
scrSOL001_CTAGTGAGTTCGGCAC	tumor	NA
scrSOL001_CTAGTGATCAATACCG	tumor	NA
scrSOL001_CTAGTGATCTGGCGAC	tumor	NA
scrSOL001_CTAGTGATCTTTACGT	tumor	NA
scrSOL001_CTCACACAGAATGTGT	tumor	NA
scrSOL001_CTCACACAGGACGAAA	normal	NA
scrSOL001_CTCACACAGGCCCTTG	tumor	NA
scrSOL001_CTCACACCATTCTCAT	normal	NA
scrSOL001_CTCACACGTCAGGACA	normal	NA
scrSOL001_CTCACACGTCTGCAAT	normal	NA
scrSOL001_CTCACACGTTGTGGAG	tumor	NA
scrSOL001_CTCACACTCAGATAAG	normal	NA
scrSOL001_CTCACACTCTAACTGG	tumor	NA
scrSOL001_CTCAGAACAGGCGATA	normal	NA
scrSOL001_CTCAGAAGTGTCCTCT	tumor	NA
scrSOL001_CTCAGAAGTTCTGAAC	tumor	NA
scrSOL001_CTCAGAATCTACTCAT	normal	NA
scrSOL001_CTCATTAAGGCTCTTA	normal	NA
scrSOL001_CTCATTACACAGAGGT	normal	NA
scrSOL001_CTCATTACAGCTGCAC	tumor	NA
scrSOL001_CTCATTAGTACCGTAT	tumor	NA
scrSOL001_CTCATTAGTATAGGGC	normal	NA
scrSOL001_CTCATTAGTGCTTCTC	normal	NA
scrSOL001_CTCATTAGTTTGCATG	normal	NA
scrSOL001_CTCATTATCAAACGGG	tumor	NA
scrSOL001_CTCATTATCCAGTAGT	tumor	NA
scrSOL001_CTCATTATCTTTACGT	normal	NA
scrSOL001_CTCCTAGAGAGAGCTC	tumor	NA
scrSOL001_CTCCTAGAGCGACGTA	normal	NA
scrSOL001_CTCCTAGCATAGAAAC	normal	yes
scrSOL001_CTCCTAGGTCGCATCG	tumor	NA
scrSOL001_CTCCTAGGTGCAACGA	tumor	NA
scrSOL001_CTCCTAGGTTCAGTAC	normal	NA
scrSOL001_CTCGAAAAGTACGCCC	normal	NA
scrSOL001_CTCGAAAAGTATTGGA	tumor	NA
scrSOL001_CTCGAAACAATGAATG	normal	NA
scrSOL001_CTCGAAACAGGATCGA	normal	NA
scrSOL001_CTCGAAAGTATCTGCA	normal	NA
scrSOL001_CTCGAAATCAACACCA	normal	NA
scrSOL001_CTCGAAATCACGGTTA	normal	NA
scrSOL001_CTCGAAATCCTACAGA	tumor	NA
scrSOL001_CTCGAAATCGGATGTT	normal	NA
scrSOL001_CTCGAAATCGTACCGG	tumor	NA
scrSOL001_CTCGAGGAGGCCGAAT	normal	NA
scrSOL001_CTCGAGGCAGTGGAGT	tumor	NA
scrSOL001_CTCGAGGCATTTCACT	normal	NA
scrSOL001_CTCGAGGGTAGAAAGG	normal	NA
scrSOL001_CTCGAGGTCCGAAGAG	tumor	NA
scrSOL001_CTCGGAGAGTCCGGTC	tumor	NA
scrSOL001_CTCGGAGAGTGGGCTA	tumor	NA
scrSOL001_CTCGGAGAGTTCCACA	tumor	NA
scrSOL001_CTCGGAGAGTTGAGTA	tumor	NA
scrSOL001_CTCGGAGCACAGATTC	tumor	NA
scrSOL001_CTCGGAGGTACCCAAT	normal	NA
scrSOL001_CTCGGAGGTAGCTTGT	tumor	NA
scrSOL001_CTCGGAGGTGAAATCA	normal	NA
scrSOL001_CTCGGAGTCATGCATG	normal	NA
scrSOL001_CTCGGAGTCGATCCCT	tumor	NA
scrSOL001_CTCGGAGTCGCACTCT	normal	NA
scrSOL001_CTCGGGACAGGGCATA	normal	NA
scrSOL001_CTCGGGAGTCATATGC	tumor	NA
scrSOL001_CTCGGGAGTTCACGGC	normal	NA
scrSOL001_CTCGTACCAAACCTAC	normal	NA
scrSOL001_CTCGTACCAACGATCT	tumor	NA
scrSOL001_CTCGTCAAGCGTTCCG	tumor	NA
scrSOL001_CTCGTCACACAACGTT	normal	NA
scrSOL001_CTCGTCAGTCCGTGAC	normal	NA
scrSOL001_CTCGTCAGTCGGCACT	tumor	NA
scrSOL001_CTCGTCAGTCTCCACT	normal	NA
scrSOL001_CTCGTCAGTGCATCTA	normal	NA
scrSOL001_CTCGTCAGTGGAAAGA	tumor	NA
scrSOL001_CTCGTCATCCTAGTGA	normal	NA
scrSOL001_CTCGTCATCGCTTGTC	tumor	NA
scrSOL001_CTCTAATAGAGCAATT	tumor	NA
scrSOL001_CTCTAATAGCACCGTC	normal	NA
scrSOL001_CTCTAATAGGCATGTG	normal	NA
scrSOL001_CTCTAATAGTCAAGGC	normal	NA
scrSOL001_CTCTAATAGTCTTGCA	normal	NA
scrSOL001_CTCTAATCACCTTGTC	normal	NA
scrSOL001_CTCTAATGTATAATGG	normal	NA
scrSOL001_CTCTAATGTCACCTAA	normal	NA
scrSOL001_CTCTAATGTTTAGGAA	tumor	NA
scrSOL001_CTCTAATTCAACCATG	normal	NA
scrSOL001_CTCTAATTCAGGTTCA	tumor	NA
scrSOL001_CTCTACGAGGGTCGAT	normal	NA
scrSOL001_CTCTACGCAATGGACG	tumor	NA
scrSOL001_CTCTACGCAGGGTATG	normal	NA
scrSOL001_CTCTACGGTATGGTTC	tumor	NA
scrSOL001_CTCTACGGTTAGGGTG	tumor	NA
scrSOL001_CTCTACGTCCAAATGC	normal	NA
scrSOL001_CTCTACGTCTGGTATG	normal	NA
scrSOL001_CTCTGGTAGATAGGAG	normal	NA
scrSOL001_CTCTGGTAGATCCGAG	normal	NA
scrSOL001_CTCTGGTAGTATGACA	normal	NA
scrSOL001_CTCTGGTCACGTAAGG	tumor	NA
scrSOL001_CTCTGGTCAGATGGGT	normal	NA
scrSOL001_CTCTGGTCAGTTCATG	normal	NA
scrSOL001_CTCTGGTCATGACGGA	normal	NA
scrSOL001_CTCTGGTGTCGTCTTC	tumor	NA
scrSOL001_CTCTGGTGTTCCACTC	tumor	NA
scrSOL001_CTCTGGTTCAGCAACT	tumor	NA
scrSOL001_CTCTGGTTCATCGATG	tumor	NA
scrSOL001_CTCTGGTTCCAGTATG	tumor	NA
scrSOL001_CTGAAACAGCTTTGGT	normal	NA
scrSOL001_CTGAAACAGTTGAGTA	tumor	NA
scrSOL001_CTGAAACGTCTAACGT	tumor	NA
scrSOL001_CTGAAACGTGCAACTT	tumor	NA
scrSOL001_CTGAAACGTTAAGATG	tumor	NA
scrSOL001_CTGAAACTCCGTACAA	tumor	NA
scrSOL001_CTGAAGTAGAATGTGT	tumor	NA
scrSOL001_CTGAAGTAGACTACAA	tumor	NA
scrSOL001_CTGAAGTAGAGACTAT	normal	NA
scrSOL001_CTGAAGTAGATACACA	tumor	NA
scrSOL001_CTGAAGTAGTGCTGCC	normal	NA
scrSOL001_CTGAAGTCACATGGGA	normal	NA
scrSOL001_CTGAAGTCATTAGCCA	tumor	NA
scrSOL001_CTGAAGTGTATATGAG	tumor	NA
scrSOL001_CTGAAGTTCACTTCAT	normal	NA
scrSOL001_CTGATAGCAGCCACCA	tumor	NA
scrSOL001_CTGATAGCAGGCAGTA	tumor	NA
scrSOL001_CTGATAGCATCACAAC	tumor	NA
scrSOL001_CTGATAGCATGTTGAC	tumor	NA
scrSOL001_CTGATAGGTATTCTCT	normal	NA
scrSOL001_CTGATAGGTGAGTGAC	normal	NA
scrSOL001_CTGATAGGTGCGGTAA	tumor	NA
scrSOL001_CTGATCCAGACCACGA	tumor	NA
scrSOL001_CTGATCCCAAGGGTCA	normal	NA
scrSOL001_CTGATCCCAGAGCCAA	tumor	NA
scrSOL001_CTGATCCGTGTGGTTT	normal	NA
scrSOL001_CTGATCCGTTCCACAA	normal	NA
scrSOL001_CTGATCCGTTCCACGG	tumor	NA
scrSOL001_CTGATCCTCACATAGC	normal	NA
scrSOL001_CTGCCTAAGCACCGCT	tumor	NA
scrSOL001_CTGCCTAAGTGTGAAT	normal	NA
scrSOL001_CTGCCTACAGCTCCGA	tumor	NA
scrSOL001_CTGCCTACATAAAGGT	tumor	NA
scrSOL001_CTGCCTAGTAAGTAGT	normal	NA
scrSOL001_CTGCCTATCAAGATCC	tumor	NA
scrSOL001_CTGCCTATCAGGCCCA	normal	NA
scrSOL001_CTGCCTATCCAGGGCT	normal	NA
scrSOL001_CTGCGGAAGAGGTAGA	tumor	NA
scrSOL001_CTGCGGACAGCTGTAT	tumor	NA
scrSOL001_CTGCGGACATTAGGCT	tumor	NA
scrSOL001_CTGCGGAGTCGTCTTC	normal	NA
scrSOL001_CTGCGGAGTGCTTCTC	tumor	NA
scrSOL001_CTGCGGATCAACGGGA	normal	NA
scrSOL001_CTGCGGATCCTCAATT	tumor	NA
scrSOL001_CTGCTGTAGTAGCCGA	tumor	NA
scrSOL001_CTGCTGTCAAATCCGT	normal	NA
scrSOL001_CTGCTGTTCACGAAGG	normal	NA
scrSOL001_CTGCTGTTCCATGAGT	tumor	NA
scrSOL001_CTGCTGTTCCCAGGTG	tumor	NA
scrSOL001_CTGCTGTTCCTGCCAT	normal	NA
scrSOL001_CTGCTGTTCTGGTATG	tumor	NA
scrSOL001_CTGGTCTAGCCACGCT	tumor	NA
scrSOL001_CTGGTCTAGGTAAACT	normal	NA
scrSOL001_CTGGTCTCACGCATCG	tumor	NA
scrSOL001_CTGGTCTCATGCCACG	normal	NA
scrSOL001_CTGGTCTCATTAGGCT	normal	NA
scrSOL001_CTGGTCTCATTGTGCA	normal	NA
scrSOL001_CTGGTCTGTGGGTATG	tumor	NA
scrSOL001_CTGGTCTTCATGTGGT	tumor	NA
scrSOL001_CTGTGCTAGGTAGCCA	normal	NA
scrSOL001_CTGTGCTCAAAGTGCG	normal	NA
scrSOL001_CTGTGCTCAAATTGCC	normal	NA
scrSOL001_CTGTGCTCAGCATACT	tumor	NA
scrSOL001_CTGTGCTCAGCTCCGA	tumor	NA
scrSOL001_CTGTGCTCATATACCG	tumor	NA
scrSOL001_CTGTGCTGTAGCGCTC	tumor	NA
scrSOL001_CTGTGCTGTCATACTG	tumor	NA
scrSOL001_CTGTGCTGTGGTAACG	tumor	NA
scrSOL001_CTGTGCTGTTCTGTTT	tumor	NA
scrSOL001_CTGTGCTTCAACACAC	normal	NA
scrSOL001_CTGTGCTTCCTATGTT	tumor	NA
scrSOL001_CTGTTTAAGCCACTAT	normal	NA
scrSOL001_CTGTTTAAGTACGCGA	tumor	NA
scrSOL001_CTGTTTACAAGCTGTT	tumor	NA
scrSOL001_CTGTTTACATAAGACA	normal	NA
scrSOL001_CTGTTTAGTAGCTAAA	normal	NA
scrSOL001_CTGTTTATCCATTCTA	tumor	NA
scrSOL001_CTGTTTATCTATCGCC	normal	NA
scrSOL001_CTTAACTCATACGCCG	tumor	NA
scrSOL001_CTTAACTGTGTTGGGA	tumor	NA
scrSOL001_CTTAACTGTTACCGAT	tumor	NA
scrSOL001_CTTAACTTCGGCCGAT	normal	NA
scrSOL001_CTTACCGAGTGTTGAA	normal	NA
scrSOL001_CTTACCGCACCTATCC	normal	NA
scrSOL001_CTTACCGTCCGAACGC	normal	NA
scrSOL001_CTTACCGTCGTTACAG	normal	NA
scrSOL001_CTTAGGAAGTAGATGT	normal	NA
scrSOL001_CTTAGGACACTTAACG	normal	NA
scrSOL001_CTTAGGACAGACACTT	tumor	NA
scrSOL001_CTTAGGACAGCCTTTC	normal	NA
scrSOL001_CTTAGGAGTATCAGTC	normal	NA
scrSOL001_CTTAGGATCTACTATC	tumor	NA
scrSOL001_CTTCTCTAGCGTTGCC	tumor	NA
scrSOL001_CTTCTCTAGGTAGCTG	normal	NA
scrSOL001_CTTCTCTCACACGCTG	normal	NA
scrSOL001_CTTCTCTGTTCCAACA	tumor	NA
scrSOL001_CTTCTCTTCATAAAGG	tumor	NA
scrSOL001_CTTCTCTTCGAGAGCA	normal	NA
scrSOL001_CTTCTCTTCGCCAGCA	normal	NA
scrSOL001_CTTGGCTAGCGATTCT	normal	NA
scrSOL001_CTTGGCTAGGACACCA	normal	NA
scrSOL001_CTTGGCTAGTTACGGG	normal	NA
scrSOL001_CTTGGCTCAAATACAG	tumor	NA
scrSOL001_CTTGGCTCAGATGGGT	tumor	NA
scrSOL001_CTTGGCTGTCTCCATC	normal	NA
scrSOL001_CTTGGCTGTTGCCTCT	normal	NA
scrSOL001_CTTTGCGCAAGTTAAG	normal	NA
scrSOL001_CTTTGCGGTCTCTCTG	normal	NA
scrSOL001_GAAACTCAGACAGACC	tumor	NA
scrSOL001_GAAACTCAGCCCAGCT	tumor	NA
scrSOL001_GAAACTCAGTCATCCA	normal	NA
scrSOL001_GAAACTCCAGGTGGAT	normal	NA
scrSOL001_GAAACTCGTAAGGGAA	normal	NA
scrSOL001_GAAACTCTCCAAACTG	normal	NA
scrSOL001_GAAATGACAATGACCT	tumor	NA
scrSOL001_GAAATGACACGTCAGC	normal	NA
scrSOL001_GAAATGACATACTCTT	tumor	NA
scrSOL001_GAAATGAGTGGTAACG	normal	NA
scrSOL001_GAAATGATCCTGCAGG	normal	NA
scrSOL001_GAAATGATCGTCCGTT	tumor	NA
scrSOL001_GAACATCAGATATACG	normal	NA
scrSOL001_GAACATCCAATAGCAA	tumor	NA
scrSOL001_GAACATCCACACGCTG	normal	NA
scrSOL001_GAACATCCACCTCGGA	tumor	NA
scrSOL001_GAACATCCACTTCTGC	tumor	NA
scrSOL001_GAACATCGTAGAGGAA	normal	NA
scrSOL001_GAACATCGTGTGTGCC	tumor	NA
scrSOL001_GAACATCGTTAAGTAG	normal	NA
scrSOL001_GAACATCTCCCACTTG	tumor	NA
scrSOL001_GAACCTAAGGAGTAGA	tumor	NA
scrSOL001_GAACCTAAGTGCAAGC	tumor	NA
scrSOL001_GAACCTACAGCCTATA	normal	NA
scrSOL001_GAACCTACATTCCTCG	normal	NA
scrSOL001_GAACCTACATTGGTAC	tumor	NA
scrSOL001_GAACCTAGTCCAGTAT	tumor	NA
scrSOL001_GAACGGAAGCTGATAA	tumor	NA
scrSOL001_GAACGGAAGGTGATAT	normal	NA
scrSOL001_GAACGGAAGTGTACGG	tumor	NA
scrSOL001_GAACGGACACGCTTTC	normal	NA
scrSOL001_GAACGGACACGTCTCT	normal	NA
scrSOL001_GAACGGAGTAGAAGGA	normal	NA
scrSOL001_GAACGGAGTGATAAAC	normal	NA
scrSOL001_GAACGGAGTGCACCAC	tumor	NA
scrSOL001_GAACGGAGTTCGAATC	normal	NA
scrSOL001_GAACGGATCACTTCAT	tumor	NA
scrSOL001_GAACGGATCAGAGACG	normal	NA
scrSOL001_GAACGGATCATACGGT	tumor	NA
scrSOL001_GAACGGATCGTCACGG	normal	NA
scrSOL001_GAAGCAGCACAGGTTT	tumor	NA
scrSOL001_GAAGCAGGTAGGGTAC	normal	NA
scrSOL001_GAAGCAGGTCGAGATG	normal	NA
scrSOL001_GAAGCAGTCCCGACTT	normal	NA
scrSOL001_GAAGCAGTCTTTCCTC	normal	NA
scrSOL001_GAATAAGAGGTGCTAG	tumor	NA
scrSOL001_GAATAAGCAAGACACG	normal	NA
scrSOL001_GAATAAGCATCTACGA	tumor	NA
scrSOL001_GAATGAAAGACCACGA	normal	NA
scrSOL001_GAATGAAAGGGCTTGA	normal	NA
scrSOL001_GAATGAACACGGTTTA	tumor	NA
scrSOL001_GAATGAACAGACAAGC	tumor	NA
scrSOL001_GAATGAACAGCGAACA	normal	NA
scrSOL001_GAATGAATCAATCACG	tumor	NA
scrSOL001_GACACGCAGCGATGAC	tumor	NA
scrSOL001_GACACGCAGGACCACA	normal	NA
scrSOL001_GACACGCCAATCGAAA	normal	NA
scrSOL001_GACACGCCAATGCCAT	tumor	NA
scrSOL001_GACACGCTCACAACGT	normal	yes
scrSOL001_GACACGCTCTCTTGAT	normal	NA
scrSOL001_GACAGAGAGACAAAGG	normal	NA
scrSOL001_GACAGAGAGGTGATAT	normal	NA
scrSOL001_GACAGAGCAGTAGAGC	tumor	NA
scrSOL001_GACAGAGGTAAACCTC	normal	NA
scrSOL001_GACAGAGGTAGAGCTG	normal	NA
scrSOL001_GACAGAGGTCGGCACT	tumor	NA
scrSOL001_GACAGAGTCATTCACT	normal	NA
scrSOL001_GACCAATAGTCCGTAT	normal	NA
scrSOL001_GACCAATCACAGGTTT	normal	NA
scrSOL001_GACCAATCACTTCGAA	normal	NA
scrSOL001_GACCAATCAGACTCGC	normal	NA
scrSOL001_GACCAATCAGCGTTCG	normal	NA
scrSOL001_GACCAATGTCATACTG	normal	NA
scrSOL001_GACCAATGTTAAAGTG	tumor	NA
scrSOL001_GACCAATTCTCACATT	normal	NA
scrSOL001_GACCTGGAGCTGCAAG	tumor	NA
scrSOL001_GACCTGGTCATAAAGG	tumor	NA
scrSOL001_GACCTGGTCCCTTGTG	normal	yes
scrSOL001_GACCTGGTCTCCAGGG	normal	NA
scrSOL001_GACGCGTGTATCACCA	tumor	NA
scrSOL001_GACGCGTGTCCGAATT	normal	NA
scrSOL001_GACGCGTGTCTCTTAT	normal	NA
scrSOL001_GACGCGTTCTAACCGA	tumor	NA
scrSOL001_GACGGCTAGACAATAC	tumor	NA
scrSOL001_GACGGCTAGATGTAAC	normal	NA
scrSOL001_GACGGCTAGGCTCAGA	tumor	NA
scrSOL001_GACGGCTCAAGGACAC	tumor	NA
scrSOL001_GACGGCTCACTGAAGG	normal	NA
scrSOL001_GACGGCTCATGCCTTC	tumor	NA
scrSOL001_GACGGCTCATGTAAGA	tumor	NA
scrSOL001_GACGGCTGTGATGCCC	normal	NA
scrSOL001_GACGGCTTCACATAGC	normal	NA
scrSOL001_GACGGCTTCAGAAATG	tumor	NA
scrSOL001_GACGTGCAGCCCAGCT	normal	NA
scrSOL001_GACGTGCAGGCACATG	tumor	NA
scrSOL001_GACGTGCAGGGTCGAT	normal	NA
scrSOL001_GACGTGCCAAGTACCT	tumor	NA
scrSOL001_GACGTGCCAATCCGAT	tumor	NA
scrSOL001_GACGTGCCACCCTATC	normal	NA
scrSOL001_GACGTGCTCAACGGCC	tumor	NA
scrSOL001_GACGTTAAGGAGCGAG	normal	NA
scrSOL001_GACGTTAAGGTAAACT	normal	NA
scrSOL001_GACGTTACAAGCCATT	tumor	NA
scrSOL001_GACGTTACAATGAAAC	tumor	NA
scrSOL001_GACGTTAGTTCAGTAC	normal	NA
scrSOL001_GACGTTATCTGTTGAG	normal	NA
scrSOL001_GACTAACAGGGATGGG	tumor	NA
scrSOL001_GACTAACAGTTAGCGG	normal	NA
scrSOL001_GACTAACCAACGATGG	normal	NA
scrSOL001_GACTAACCACCATCCT	tumor	NA
scrSOL001_GACTAACCACTGAAGG	normal	NA
scrSOL001_GACTAACCATCGGTTA	tumor	NA
scrSOL001_GACTAACGTCCGAGTC	normal	NA
scrSOL001_GACTAACGTGCGATAG	tumor	NA
scrSOL001_GACTAACTCAGGTTCA	normal	NA
scrSOL001_GACTAACTCGATCCCT	normal	NA
scrSOL001_GACTAACTCGCAAACT	tumor	NA
scrSOL001_GACTACAAGCTAACAA	normal	NA
scrSOL001_GACTACAAGTGACATA	normal	NA
scrSOL001_GACTACAAGTGTGGCA	tumor	NA
scrSOL001_GACTACAGTCCGTGAC	tumor	NA
scrSOL001_GACTACATCAATCTCT	tumor	NA
scrSOL001_GACTACATCATCGCTC	normal	NA
scrSOL001_GACTGCGAGATGCCTT	normal	NA
scrSOL001_GACTGCGAGTTTCCTT	tumor	NA
scrSOL001_GACTGCGCACAAGTAA	normal	NA
scrSOL001_GACTGCGTCCGCAGTG	tumor	NA
scrSOL001_GACTGCGTCCGCGCAA	normal	NA
scrSOL001_GAGCAGAAGAGGTACC	normal	NA
scrSOL001_GAGCAGAAGGGTCGAT	normal	NA
scrSOL001_GAGCAGACAAAGAATC	tumor	NA
scrSOL001_GAGCAGACACTTAACG	normal	NA
scrSOL001_GAGCAGAGTCGACTGC	normal	NA
scrSOL001_GAGCAGAGTGCGCTTG	tumor	NA
scrSOL001_GAGCAGAGTTATGCGT	normal	NA
scrSOL001_GAGCAGAGTTCTCATT	tumor	NA
scrSOL001_GAGCAGATCACTGGGC	normal	NA
scrSOL001_GAGCAGATCAGTTAGC	tumor	NA
scrSOL001_GAGCAGATCGTAGATC	normal	NA
scrSOL001_GAGGTGAAGGCTCAGA	normal	NA
scrSOL001_GAGGTGACAAGTTCTG	normal	NA
scrSOL001_GAGGTGACACATGGGA	normal	NA
scrSOL001_GAGGTGAGTGTCGCTG	tumor	NA
scrSOL001_GAGGTGATCAGTGCAT	normal	NA
scrSOL001_GAGGTGATCCCAAGAT	tumor	NA
scrSOL001_GAGGTGATCGTAGGAG	normal	NA
scrSOL001_GAGGTGATCTCAACTT	normal	NA
scrSOL001_GAGGTGATCTCATTCA	normal	NA
scrSOL001_GAGTCCGAGCGCCTCA	normal	NA
scrSOL001_GAGTCCGCATATGCTG	normal	NA
scrSOL001_GATCAGTAGAGCTGCA	tumor	NA
scrSOL001_GATCAGTAGTTGTCGT	tumor	NA
scrSOL001_GATCAGTCAGTCCTTC	normal	NA
scrSOL001_GATCAGTGTCATATCG	tumor	NA
scrSOL001_GATCAGTGTGCCTGTG	tumor	NA
scrSOL001_GATCGATAGCCACGTC	normal	NA
scrSOL001_GATCGATCACAACTGT	normal	NA
scrSOL001_GATCGATGTATAGGGC	normal	NA
scrSOL001_GATCGATGTTTAGCTG	tumor	NA
scrSOL001_GATCGATTCTTACCTA	tumor	NA
scrSOL001_GATCGATTCTTTCCTC	normal	NA
scrSOL001_GATCGCGAGTCGATAA	tumor	NA
scrSOL001_GATCGCGCAAAGTCAA	normal	NA
scrSOL001_GATCGCGCATCGACGC	normal	NA
scrSOL001_GATCGCGGTAGTGAAT	normal	NA
scrSOL001_GATCGTAAGCGTGTCC	tumor	NA
scrSOL001_GATCGTACACCCATGG	tumor	NA
scrSOL001_GATCGTACATTTCAGG	normal	NA
scrSOL001_GATCGTAGTACCGTAT	tumor	NA
scrSOL001_GATCGTAGTCTCATCC	tumor	NA
scrSOL001_GATCGTATCCATTCTA	tumor	NA
scrSOL001_GATCGTATCCCATTTA	tumor	NA
scrSOL001_GATCTAGGTAGGAGTC	normal	NA
scrSOL001_GATCTAGGTGCACCAC	tumor	NA
scrSOL001_GATCTAGTCACCCTCA	tumor	NA
scrSOL001_GATGAAAAGCTAGGCA	normal	NA
scrSOL001_GATGAAACACCTTGTC	tumor	NA
scrSOL001_GATGAAACATGAGCGA	tumor	NA
scrSOL001_GATGAAAGTAGGCTGA	normal	NA
scrSOL001_GATGAAATCCTACAGA	normal	NA
scrSOL001_GATGAAATCGAATGCT	normal	NA
scrSOL001_GATGAAATCTCCAACC	normal	NA
scrSOL001_GATGAGGAGTTTGCGT	normal	NA
scrSOL001_GATGAGGCATCTCGCT	normal	NA
scrSOL001_GATGAGGGTATATGAG	tumor	NA
scrSOL001_GATGAGGGTCGCATAT	tumor	NA
scrSOL001_GATGAGGGTGTTCTTT	tumor	NA
scrSOL001_GATGAGGGTTACCAGT	tumor	NA
scrSOL001_GATGCTACAAGGACTG	normal	NA
scrSOL001_GATGCTACAGACGCCT	normal	NA
scrSOL001_GATGCTACATCACCCT	normal	NA
scrSOL001_GATGCTACATTGGTAC	tumor	NA
scrSOL001_GATGCTAGTGTAATGA	normal	NA
scrSOL001_GATGCTAGTTGGGACA	normal	NA
scrSOL001_GATGCTATCAGCGATT	normal	NA
scrSOL001_GATGCTATCGTTACAG	normal	NA
scrSOL001_GATTCAGAGATGCCAG	tumor	NA
scrSOL001_GATTCAGAGGAATCGC	tumor	NA
scrSOL001_GATTCAGCAGATGGGT	normal	NA
scrSOL001_GATTCAGGTCAGATAA	tumor	NA
scrSOL001_GATTCAGGTCCGTTAA	normal	NA
scrSOL001_GATTCAGTCAAACCAC	tumor	NA
scrSOL001_GATTCAGTCAACGCTA	normal	NA
scrSOL001_GATTCAGTCCTGTAGA	tumor	NA
scrSOL001_GATTCAGTCCTTAATC	tumor	NA
scrSOL001_GATTCAGTCTTCAACT	normal	NA
scrSOL001_GCAAACTAGAGCAATT	tumor	NA
scrSOL001_GCAAACTAGCGTGTCC	tumor	NA
scrSOL001_GCAAACTAGGGAAACA	normal	NA
scrSOL001_GCAAACTGTCAAAGCG	normal	NA
scrSOL001_GCAAACTGTGATGTCT	normal	NA
scrSOL001_GCAAACTGTGGCCCTA	tumor	NA
scrSOL001_GCAAACTGTGTAAGTA	normal	NA
scrSOL001_GCAAACTTCCGGGTGT	normal	NA
scrSOL001_GCAAACTTCTCAACTT	normal	NA
scrSOL001_GCAATCAAGCGTGTCC	tumor	NA
scrSOL001_GCAATCAAGGCTCATT	tumor	NA
scrSOL001_GCAATCAAGGTGATTA	normal	NA
scrSOL001_GCAATCACAGCTCGCA	tumor	NA
scrSOL001_GCAATCAGTTCACGGC	normal	NA
scrSOL001_GCACATAAGATATGGT	normal	NA
scrSOL001_GCACATAAGTAATCCC	tumor	NA
scrSOL001_GCACATACACGCCAGT	tumor	NA
scrSOL001_GCACATACATCCGGGT	normal	NA
scrSOL001_GCACATAGTCACAAGG	tumor	NA
scrSOL001_GCACATATCCCTTGTG	normal	NA
scrSOL001_GCACATATCTTCCTTC	tumor	NA
scrSOL001_GCACATATCTTTAGTC	tumor	NA
scrSOL001_GCACTCTCATCGATGT	normal	NA
scrSOL001_GCACTCTCATGACGGA	tumor	NA
scrSOL001_GCACTCTTCAACACTG	tumor	NA
scrSOL001_GCACTCTTCCCTCTTT	tumor	NA
scrSOL001_GCACTCTTCGGTTAAC	normal	NA
scrSOL001_GCACTCTTCTCTGCTG	tumor	NA
scrSOL001_GCAGCCAAGTGAACGC	normal	NA
scrSOL001_GCAGCCAGTAGAAGGA	normal	NA
scrSOL001_GCAGCCATCGCTTAGA	tumor	NA
scrSOL001_GCAGTTAAGGAGTCTG	normal	NA
scrSOL001_GCAGTTAAGTACGTTC	tumor	NA
scrSOL001_GCAGTTACAAGAAAGG	normal	NA
scrSOL001_GCAGTTACACGGCGTT	tumor	NA
scrSOL001_GCAGTTACAGTGAGTG	normal	NA
scrSOL001_GCAGTTAGTAGGCTGA	normal	NA
scrSOL001_GCAGTTAGTGTGACGA	tumor	NA
scrSOL001_GCAGTTATCATTTGGG	normal	NA
scrSOL001_GCATACAGTCATCCCT	normal	NA
scrSOL001_GCATACAGTTGGTAAA	normal	NA
scrSOL001_GCATACATCGCCATAA	tumor	NA
scrSOL001_GCATGATAGTCCAGGA	normal	NA
scrSOL001_GCATGATAGTTGTAGA	tumor	NA
scrSOL001_GCATGATCACACAGAG	normal	NA
scrSOL001_GCATGATCACAGTCGC	normal	NA
scrSOL001_GCATGATCACCAGATT	normal	NA
scrSOL001_GCATGATCACCGCTAG	tumor	NA
scrSOL001_GCATGATCAGTCCTTC	tumor	NA
scrSOL001_GCATGATGTACCGGCT	tumor	NA
scrSOL001_GCATGATGTCGCCATG	normal	NA
scrSOL001_GCATGCGAGCCAGAAC	tumor	NA
scrSOL001_GCATGCGCACTTCTGC	normal	NA
scrSOL001_GCATGCGCAGGCAGTA	tumor	NA
scrSOL001_GCATGCGCATCATCCC	tumor	NA
scrSOL001_GCATGCGCATGGTTGT	normal	NA
scrSOL001_GCATGCGGTATTAGCC	normal	NA
scrSOL001_GCATGCGGTCTCTTTA	tumor	NA
scrSOL001_GCATGCGTCATCGATG	normal	NA
scrSOL001_GCATGTAAGACACTAA	normal	NA
scrSOL001_GCATGTAAGAGTAATC	normal	NA
scrSOL001_GCATGTAAGATGTCGG	tumor	NA
scrSOL001_GCATGTAAGTCCATAC	normal	NA
scrSOL001_GCATGTACAGCGTCCA	tumor	NA
scrSOL001_GCATGTAGTATCACCA	normal	NA
scrSOL001_GCATGTAGTCATCGGC	tumor	NA
scrSOL001_GCATGTATCCCAACGG	normal	NA
scrSOL001_GCATGTATCCGCAGTG	normal	NA
scrSOL001_GCCAAATAGAACAACT	tumor	NA
scrSOL001_GCCAAATAGTCATGCT	normal	NA
scrSOL001_GCCAAATAGTTCGCAT	tumor	NA
scrSOL001_GCCAAATTCACGGTTA	normal	NA
scrSOL001_GCCAAATTCACTCTTA	normal	NA
scrSOL001_GCCTCTAAGGCGCTCT	normal	NA
scrSOL001_GCCTCTAGTTACGTCA	tumor	NA
scrSOL001_GCCTCTATCAATCACG	normal	NA
scrSOL001_GCGACCAAGAAGCCCA	tumor	NA
scrSOL001_GCGACCAAGATGTTAG	normal	NA
scrSOL001_GCGACCAAGCCCAGCT	normal	NA
scrSOL001_GCGACCAAGGTGGGTT	normal	NA
scrSOL001_GCGACCAAGTGCAAGC	tumor	NA
scrSOL001_GCGACCACAAAGTGCG	normal	NA
scrSOL001_GCGACCAGTAATAGCA	normal	NA
scrSOL001_GCGACCATCCACTGGG	tumor	NA
scrSOL001_GCGAGAAAGCCCGAAA	normal	NA
scrSOL001_GCGAGAAAGCGTCTAT	tumor	NA
scrSOL001_GCGAGAAAGCTGATAA	normal	NA
scrSOL001_GCGAGAAAGTGCTGCC	normal	NA
scrSOL001_GCGAGAACAACACGCC	normal	NA
scrSOL001_GCGAGAACACCATGTA	normal	NA
scrSOL001_GCGAGAACAGTAACGG	normal	NA
scrSOL001_GCGAGAACATTAACCG	normal	NA
scrSOL001_GCGCAACCAAGGTGTG	normal	NA
scrSOL001_GCGCAACCACGAGGTA	tumor	NA
scrSOL001_GCGCAACGTGCGGTAA	normal	yes
scrSOL001_GCGCAGTAGAAACCGC	tumor	NA
scrSOL001_GCGCAGTAGCGATGAC	tumor	NA
scrSOL001_GCGCAGTAGGTCGGAT	normal	NA
scrSOL001_GCGCAGTCAAGGACAC	normal	NA
scrSOL001_GCGCAGTCAAGTTCTG	normal	NA
scrSOL001_GCGCAGTCAATTCCTT	normal	NA
scrSOL001_GCGCAGTCACAGGAGT	normal	NA
scrSOL001_GCGCAGTGTGAGGCTA	normal	NA
scrSOL001_GCGCCAAAGGCATTGG	normal	NA
scrSOL001_GCGCCAACAGTTCATG	tumor	NA
scrSOL001_GCGCCAATCGGCATCG	tumor	NA
scrSOL001_GCGCGATAGCTTATCG	normal	NA
scrSOL001_GCGCGATCAAGTACCT	normal	NA
scrSOL001_GCGCGATCACATCCGG	normal	NA
scrSOL001_GCGCGATTCTTAACCT	normal	NA
scrSOL001_GCGGGTTAGAGGTTGC	normal	NA
scrSOL001_GCGGGTTAGATCTGCT	normal	NA
scrSOL001_GCGGGTTAGTGCGTGA	tumor	NA
scrSOL001_GCGGGTTAGTTAGCGG	tumor	NA
scrSOL001_GCGGGTTGTAGCTGCC	tumor	NA
scrSOL001_GCGGGTTGTCGATTGT	tumor	NA
scrSOL001_GCGGGTTGTCTGATTG	tumor	NA
scrSOL001_GCGGGTTGTGACGCCT	tumor	NA
scrSOL001_GCGGGTTGTGCCTGGT	normal	NA
scrSOL001_GCGGGTTGTGCTAGCC	normal	NA
scrSOL001_GCGGGTTTCACTATTC	tumor	NA
scrSOL001_GCGGGTTTCCAGGGCT	normal	NA
scrSOL001_GCGGGTTTCCGCGTTT	tumor	NA
scrSOL001_GCGGGTTTCCTTAATC	normal	NA
scrSOL001_GCGGGTTTCGTATCAG	tumor	NA
scrSOL001_GCGGGTTTCTGGCGTG	normal	NA
scrSOL001_GCGGGTTTCTTACCTA	tumor	NA
scrSOL001_GCTCCTACAACACGCC	normal	NA
scrSOL001_GCTCCTACAGTTAACC	tumor	NA
scrSOL001_GCTCCTACATTTCAGG	normal	NA
scrSOL001_GCTCCTAGTACTCTCC	normal	NA
scrSOL001_GCTCCTAGTCTCATCC	normal	NA
scrSOL001_GCTCCTATCCGTTGCT	tumor	NA
scrSOL001_GCTCCTATCGGTCCGA	tumor	NA
scrSOL001_GCTCCTATCTTGTTTG	tumor	NA
scrSOL001_GCTCTGTAGCTCTCGG	normal	NA
scrSOL001_GCTCTGTCACAGTCGC	normal	NA
scrSOL001_GCTCTGTCATCGACGC	tumor	NA
scrSOL001_GCTCTGTCATCGATTG	normal	NA
scrSOL001_GCTCTGTGTCAATGTC	normal	NA
scrSOL001_GCTCTGTGTCAGAAGC	normal	NA
scrSOL001_GCTCTGTGTTCGAATC	normal	NA
scrSOL001_GCTCTGTTCGAACGGA	normal	NA
scrSOL001_GCTCTGTTCGTTTAGG	tumor	NA
scrSOL001_GCTGCAGAGACAAGCC	tumor	NA
scrSOL001_GCTGCAGCACACCGCA	tumor	NA
scrSOL001_GCTGCAGGTAGCTTGT	normal	NA
scrSOL001_GCTGCAGGTATCACCA	tumor	NA
scrSOL001_GCTGCGAAGATAGGAG	normal	NA
scrSOL001_GCTGCGACAAGGTTCT	normal	NA
scrSOL001_GCTGCGACAAGTACCT	tumor	NA
scrSOL001_GCTGCGACACAGACAG	normal	NA
scrSOL001_GCTGCGACAGGCTCAC	tumor	NA
scrSOL001_GCTGCGACATCAGTAC	normal	NA
scrSOL001_GCTGCGACATGTCCTC	normal	NA
scrSOL001_GCTGCGAGTCTCCCTA	tumor	NA
scrSOL001_GCTGCGAGTGCACCAC	normal	NA
scrSOL001_GCTGCGAGTTGCTCCT	tumor	NA
scrSOL001_GCTGCGATCTTCATGT	normal	NA
scrSOL001_GCTGCTTAGCTGATAA	tumor	NA
scrSOL001_GCTGCTTAGGAGCGAG	normal	NA
scrSOL001_GCTGCTTCATCCTTGC	normal	NA
scrSOL001_GCTGCTTGTGTGACCC	normal	NA
scrSOL001_GCTGGGTCACCATCCT	normal	NA
scrSOL001_GCTGGGTCACTTAACG	normal	NA
scrSOL001_GCTGGGTCAGCTGTTA	normal	NA
scrSOL001_GCTGGGTGTAAAGTCA	tumor	NA
scrSOL001_GCTGGGTGTCGCGGTT	normal	NA
scrSOL001_GCTGGGTGTCTTGTCC	tumor	NA
scrSOL001_GCTGGGTGTGGTGTAG	tumor	NA
scrSOL001_GCTGGGTTCGCGCCAA	normal	NA
scrSOL001_GCTTCCACACCGATAT	normal	NA
scrSOL001_GCTTCCACACCTATCC	normal	NA
scrSOL001_GCTTCCACAGTTCCCT	tumor	NA
scrSOL001_GCTTCCAGTTGATTGC	normal	NA
scrSOL001_GCTTCCAGTTTGCATG	normal	NA
scrSOL001_GCTTGAACACTATCTT	normal	NA
scrSOL001_GCTTGAACATGTTCCC	normal	NA
scrSOL001_GCTTGAATCGAACTGT	tumor	NA
scrSOL001_GCTTGAATCGCAAGCC	normal	NA
scrSOL001_GCTTGAATCGTCTGCT	tumor	NA
scrSOL001_GGAAAGCAGTACCGGA	normal	NA
scrSOL001_GGAAAGCCAAGGGTCA	normal	NA
scrSOL001_GGAAAGCCATACAGCT	normal	yes
scrSOL001_GGAAAGCGTAAAGTCA	normal	NA
scrSOL001_GGAAAGCGTATCAGTC	tumor	NA
scrSOL001_GGAAAGCTCCTGTACC	normal	NA
scrSOL001_GGAACTTAGCCGGTAA	normal	NA
scrSOL001_GGAACTTAGTAGCCGA	tumor	NA
scrSOL001_GGAACTTAGTGCTGCC	normal	NA
scrSOL001_GGAACTTGTAAGTGTA	normal	NA
scrSOL001_GGAACTTGTGTGAAAT	normal	NA
scrSOL001_GGAACTTGTTAAGATG	tumor	NA
scrSOL001_GGAACTTTCTCAAACG	tumor	NA
scrSOL001_GGAACTTTCTGGTTCC	normal	NA
scrSOL001_GGAATAAAGACGCACA	tumor	NA
scrSOL001_GGAATAAAGACTAGGC	normal	yes
scrSOL001_GGAATAAGTATATGAG	normal	NA
scrSOL001_GGAATAATCCTCGCAT	tumor	NA
scrSOL001_GGACAAGAGCCAGAAC	normal	NA
scrSOL001_GGACAAGGTGGCAAAC	normal	NA
scrSOL001_GGACAGAAGCCCGAAA	normal	NA
scrSOL001_GGACAGAAGCTGATAA	tumor	NA
scrSOL001_GGACAGAAGTTACCCA	normal	NA
scrSOL001_GGACAGACAACTGCGC	tumor	NA
scrSOL001_GGACAGACAGCCAGAA	tumor	NA
scrSOL001_GGACAGACAGTATGCT	normal	NA
scrSOL001_GGACAGACAGTCTTCC	normal	NA
scrSOL001_GGACAGACATACGCTA	tumor	NA
scrSOL001_GGACAGACATCTCGCT	tumor	NA
scrSOL001_GGACAGATCACTTACT	normal	NA
scrSOL001_GGACAGATCGTCCGTT	normal	NA
scrSOL001_GGACAGATCTAACTTC	normal	NA
scrSOL001_GGACAGATCTCTGTCG	tumor	NA
scrSOL001_GGACATTAGATGTGTA	normal	NA
scrSOL001_GGACATTAGCCGATTT	tumor	NA
scrSOL001_GGACATTGTACAAGTA	normal	NA
scrSOL001_GGACATTGTATAGTAG	normal	NA
scrSOL001_GGACATTGTCGCTTCT	normal	NA
scrSOL001_GGACATTGTGCCTGTG	normal	NA
scrSOL001_GGACGTCAGGATGGAA	normal	NA
scrSOL001_GGACGTCCACAGATTC	normal	NA
scrSOL001_GGACGTCCACGGTAAG	normal	NA
scrSOL001_GGACGTCGTTGGTGGA	tumor	NA
scrSOL001_GGACGTCTCCGTCATC	normal	NA
scrSOL001_GGAGCAAAGAGGTTAT	normal	NA
scrSOL001_GGAGCAACACAGGCCT	normal	NA
scrSOL001_GGAGCAACACTGAAGG	normal	NA
scrSOL001_GGAGCAATCCGCATAA	tumor	NA
scrSOL001_GGAGCAATCTTGTCAT	normal	NA
scrSOL001_GGATGTTAGTGTCCAT	tumor	NA
scrSOL001_GGATGTTCACAGACAG	tumor	NA
scrSOL001_GGATGTTCATCGGACC	normal	NA
scrSOL001_GGATGTTGTATGCTTG	tumor	NA
scrSOL001_GGATGTTGTCATACTG	tumor	NA
scrSOL001_GGATGTTTCAAAGTAG	tumor	NA
scrSOL001_GGATGTTTCCAGTAGT	normal	NA
scrSOL001_GGATTACAGTTTAGGA	tumor	NA
scrSOL001_GGATTACCACAGGTTT	normal	NA
scrSOL001_GGATTACGTACCGTAT	normal	NA
scrSOL001_GGATTACGTTGTTTGG	normal	NA
scrSOL001_GGATTACTCCAGAGGA	normal	NA
scrSOL001_GGATTACTCTGGTGTA	tumor	NA
scrSOL001_GGCAATTAGTGTCTCA	normal	NA
scrSOL001_GGCAATTCAAGAGGCT	normal	NA
scrSOL001_GGCAATTCAGATGGGT	normal	NA
scrSOL001_GGCAATTGTATAATGG	normal	NA
scrSOL001_GGCAATTGTGCACTTA	tumor	NA
scrSOL001_GGCAATTTCAAGATCC	normal	NA
scrSOL001_GGCAATTTCTATGTGG	tumor	NA
scrSOL001_GGCAATTTCTGTCAAG	normal	NA
scrSOL001_GGCCGATAGAACAATC	normal	NA
scrSOL001_GGCCGATAGAGCCTAG	normal	NA
scrSOL001_GGCCGATAGCCAGGAT	tumor	NA
scrSOL001_GGCCGATAGGCACATG	normal	NA
scrSOL001_GGCCGATCACCATCCT	tumor	NA
scrSOL001_GGCCGATTCTCAAGTG	tumor	NA
scrSOL001_GGCGACTAGCTGGAAC	tumor	NA
scrSOL001_GGCGACTCAAACCCAT	normal	NA
scrSOL001_GGCGACTCACATAACC	tumor	NA
scrSOL001_GGCGACTGTAAATGTG	tumor	NA
scrSOL001_GGCGACTGTCCAGTGC	normal	NA
scrSOL001_GGCGACTGTGCACTTA	normal	NA
scrSOL001_GGCGACTGTGTGTGCC	tumor	NA
scrSOL001_GGCGTGTCAGCCACCA	normal	NA
scrSOL001_GGCGTGTCATAGACTC	tumor	NA
scrSOL001_GGCGTGTGTCTAGAGG	normal	NA
scrSOL001_GGCGTGTTCGAATGGG	tumor	NA
scrSOL001_GGCGTGTTCGGTTCGG	tumor	NA
scrSOL001_GGCTCGAAGACTGTAA	normal	NA
scrSOL001_GGCTCGAAGCCCAACC	tumor	NA
scrSOL001_GGCTCGACAAGACACG	normal	NA
scrSOL001_GGCTCGACAAGTAGTA	tumor	NA
scrSOL001_GGCTCGACAAGTCATC	normal	NA
scrSOL001_GGCTCGACACCTGGTG	tumor	NA
scrSOL001_GGCTCGAGTCGGCACT	tumor	NA
scrSOL001_GGCTCGATCAGAGGTG	normal	NA
scrSOL001_GGCTCGATCAGTGTTG	tumor	NA
scrSOL001_GGCTCGATCTCATTCA	normal	NA
scrSOL001_GGCTCGATCTCGAGTA	normal	NA
scrSOL001_GGCTGGTAGTGTGGCA	tumor	NA
scrSOL001_GGCTGGTTCCAGTATG	tumor	NA
scrSOL001_GGCTGGTTCCCTAATT	normal	NA
scrSOL001_GGCTGGTTCGAATGGG	normal	NA
scrSOL001_GGCTGGTTCTTCTGGC	normal	NA
scrSOL001_GGGAATGAGGTGGGTT	normal	NA
scrSOL001_GGGAATGCAGCTGTAT	normal	NA
scrSOL001_GGGAATGCATTAGCCA	normal	NA
scrSOL001_GGGAATGGTTATCACG	normal	NA
scrSOL001_GGGACCTAGAACAACT	tumor	NA
scrSOL001_GGGACCTAGATCGGGT	tumor	NA
scrSOL001_GGGACCTGTCTAGCGC	tumor	NA
scrSOL001_GGGACCTTCATGGTCA	normal	yes
scrSOL001_GGGACCTTCTTCAACT	normal	NA
scrSOL001_GGGAGATAGGAGTACC	tumor	NA
scrSOL001_GGGAGATCAGTTAACC	tumor	NA
scrSOL001_GGGAGATGTATAATGG	normal	NA
scrSOL001_GGGAGATTCCTGCCAT	normal	NA
scrSOL001_GGGAGATTCCTTGCCA	normal	NA
scrSOL001_GGGATGAAGTACTTGC	normal	NA
scrSOL001_GGGATGAAGTGTGAAT	normal	NA
scrSOL001_GGGATGAGTCGCGGTT	normal	NA
scrSOL001_GGGATGAGTGTCCTCT	tumor	NA
scrSOL001_GGGATGATCCCAAGAT	tumor	NA
scrSOL001_GGGATGATCGGTTCGG	normal	NA
scrSOL001_GGGCACTAGACTACAA	tumor	NA
scrSOL001_GGGCACTCAATAGAGT	tumor	NA
scrSOL001_GGGCACTCACGCTTTC	tumor	NA
scrSOL001_GGGCACTGTATGCTTG	tumor	NA
scrSOL001_GGGCACTTCCAACCAA	tumor	NA
scrSOL001_GGGCACTTCGTGACAT	normal	NA
scrSOL001_GGGCATCAGAGCCTAG	tumor	NA
scrSOL001_GGGCATCAGTGTTGAA	tumor	NA
scrSOL001_GGGCATCGTAAATACG	normal	NA
scrSOL001_GGGTCTGAGCGCCTCA	normal	NA
scrSOL001_GGGTCTGCAAATCCGT	tumor	NA
scrSOL001_GGGTCTGCACACAGAG	tumor	NA
scrSOL001_GGGTCTGCAGGACGTA	tumor	NA
scrSOL001_GGGTCTGGTATCGCAT	tumor	NA
scrSOL001_GGGTCTGGTCAAACTC	tumor	NA
scrSOL001_GGGTCTGGTGGTAACG	tumor	NA
scrSOL001_GGGTCTGGTTCCACGG	normal	NA
scrSOL001_GGGTCTGGTTCCTCCA	normal	NA
scrSOL001_GGGTTGCAGGATCGCA	normal	NA
scrSOL001_GGGTTGCAGGTAGCCA	tumor	NA
scrSOL001_GGGTTGCCAAACAACA	tumor	NA
scrSOL001_GGGTTGCCAATGAAAC	tumor	NA
scrSOL001_GGGTTGCCACATCCGG	normal	NA
scrSOL001_GGGTTGCCATGAGCGA	normal	NA
scrSOL001_GGGTTGCCATGTAGTC	tumor	NA
scrSOL001_GGGTTGCCATTAGGCT	normal	NA
scrSOL001_GGGTTGCGTCACTTCC	tumor	NA
scrSOL001_GGGTTGCTCCGATATG	normal	NA
scrSOL001_GGGTTGCTCTGCGTAA	normal	NA
scrSOL001_GGGTTGCTCTGGGCCA	tumor	NA
scrSOL001_GGTATTGAGAGAACAG	normal	NA
scrSOL001_GGTATTGAGTAGATGT	normal	NA
scrSOL001_GGTATTGCAAACTGCT	tumor	NA
scrSOL001_GGTATTGTCTAGAGTC	normal	NA
scrSOL001_GGTGAAGTCCGTCAAA	normal	NA
scrSOL001_GGTGAAGTCGTCTGAA	normal	NA
scrSOL001_GGTGCGTAGAACAATC	normal	NA
scrSOL001_GGTGCGTAGACTAAGT	normal	NA
scrSOL001_GGTGCGTAGCCTTGAT	tumor	NA
scrSOL001_GGTGCGTAGTAGGCCA	normal	NA
scrSOL001_GGTGCGTCAATCGGTT	tumor	NA
scrSOL001_GGTGCGTGTCACCTAA	normal	NA
scrSOL001_GGTGCGTGTTCAACCA	normal	NA
scrSOL001_GGTGCGTTCTATCCCG	normal	NA
scrSOL001_GGTGTTAAGTGAACGC	normal	NA
scrSOL001_GGTGTTACATAGACTC	normal	NA
scrSOL001_GGTGTTATCGCGATCG	normal	NA
scrSOL001_GGTGTTATCGTGGACC	tumor	NA
scrSOL001_GTAACGTAGATGGCGT	normal	NA
scrSOL001_GTAACGTAGGCCCTTG	normal	NA
scrSOL001_GTAACGTAGTCAAGGC	normal	NA
scrSOL001_GTAACGTAGTGCGTGA	tumor	NA
scrSOL001_GTAACGTAGTGTGGCA	normal	NA
scrSOL001_GTAACGTCAATGGACG	tumor	NA
scrSOL001_GTAACGTCACAGAGGT	normal	NA
scrSOL001_GTAACGTGTTCAGGCC	normal	NA
scrSOL001_GTAACGTTCCTGCTTG	normal	NA
scrSOL001_GTAACGTTCTGTCAAG	normal	NA
scrSOL001_GTAACTGCAGCTGTAT	tumor	NA
scrSOL001_GTAACTGCAGGGTTAG	tumor	NA
scrSOL001_GTAACTGGTCGCTTTC	normal	NA
scrSOL001_GTAACTGTCCATGCTC	normal	NA
scrSOL001_GTAACTGTCGGAAATA	normal	NA
scrSOL001_GTACGTAAGCGTGAGT	tumor	NA
scrSOL001_GTACGTACAGGTGGAT	normal	NA
scrSOL001_GTACGTAGTAGCCTCG	normal	NA
scrSOL001_GTACGTAGTCACCTAA	normal	NA
scrSOL001_GTACGTATCCCAAGAT	normal	NA
scrSOL001_GTACGTATCCTATGTT	normal	NA
scrSOL001_GTACTCCAGGGTATCG	normal	NA
scrSOL001_GTACTCCCAATCTGCA	normal	NA
scrSOL001_GTACTCCCATAACCTG	tumor	NA
scrSOL001_GTACTCCGTAAGGGAA	normal	NA
scrSOL001_GTACTCCGTAGCCTCG	tumor	NA
scrSOL001_GTACTCCGTGACGCCT	tumor	NA
scrSOL001_GTACTCCTCCAGGGCT	tumor	NA
scrSOL001_GTACTCCTCCTCCTAG	normal	NA
scrSOL001_GTACTTTAGTGGGTTG	normal	NA
scrSOL001_GTACTTTCAACAACCT	normal	NA
scrSOL001_GTACTTTCAGCATGAG	tumor	NA
scrSOL001_GTACTTTGTAGCACGA	normal	NA
scrSOL001_GTACTTTGTATATGAG	tumor	NA
scrSOL001_GTAGGCCAGTGCGTGA	normal	NA
scrSOL001_GTAGGCCGTACCGGCT	normal	NA
scrSOL001_GTAGGCCGTCAATACC	tumor	NA
scrSOL001_GTAGGCCGTCCGAGTC	normal	NA
scrSOL001_GTAGGCCGTGGGTCAA	normal	NA
scrSOL001_GTAGGCCTCATGTGGT	normal	NA
scrSOL001_GTAGTCACACGGATAG	tumor	NA
scrSOL001_GTAGTCACATGCTGGC	normal	NA
scrSOL001_GTAGTCATCGGCGCAT	tumor	NA
scrSOL001_GTAGTCATCTCCAACC	tumor	NA
scrSOL001_GTAGTCATCTGCAAGT	normal	NA
scrSOL001_GTATCTTAGAATTGTG	tumor	NA
scrSOL001_GTATCTTAGACAAGCC	tumor	NA
scrSOL001_GTATCTTAGCGAGAAA	tumor	NA
scrSOL001_GTATCTTAGTGACTCT	tumor	NA
scrSOL001_GTATCTTCATCGGGTC	normal	NA
scrSOL001_GTATCTTCATTCCTCG	tumor	NA
scrSOL001_GTATCTTGTAAATGTG	tumor	NA
scrSOL001_GTATCTTGTAGGGACT	normal	NA
scrSOL001_GTATCTTGTGACGGTA	normal	NA
scrSOL001_GTATCTTGTGCCTTGG	normal	NA
scrSOL001_GTATCTTTCACATGCA	normal	NA
scrSOL001_GTATCTTTCACGCATA	normal	NA
scrSOL001_GTATCTTTCAGCAACT	normal	NA
scrSOL001_GTATTCTAGAAGGACA	tumor	NA
scrSOL001_GTATTCTAGACTAGAT	tumor	NA
scrSOL001_GTATTCTTCAGCACAT	normal	NA
scrSOL001_GTATTCTTCGAATCCA	tumor	NA
scrSOL001_GTATTCTTCTCGTTTA	normal	NA
scrSOL001_GTCAAGTAGAAACCTA	normal	NA
scrSOL001_GTCAAGTAGGTGTTAA	normal	NA
scrSOL001_GTCAAGTCAGTTCATG	normal	NA
scrSOL001_GTCAAGTGTAAGAGGA	tumor	NA
scrSOL001_GTCAAGTGTCTTCGTC	tumor	NA
scrSOL001_GTCAAGTGTGACTACT	tumor	NA
scrSOL001_GTCAAGTTCGGCGCAT	normal	yes
scrSOL001_GTCAAGTTCGGTCTAA	normal	NA
scrSOL001_GTCAAGTTCGTTACAG	tumor	NA
scrSOL001_GTCACAAAGATGTGTA	normal	NA
scrSOL001_GTCACAAAGTCCATAC	normal	NA
scrSOL001_GTCACAACAAGACACG	normal	NA
scrSOL001_GTCACGGAGACCTTTG	tumor	NA
scrSOL001_GTCACGGAGCGATATA	normal	NA
scrSOL001_GTCACGGAGTCTTGCA	tumor	NA
scrSOL001_GTCACGGAGTTGAGTA	normal	NA
scrSOL001_GTCACGGCACTGTTAG	tumor	NA
scrSOL001_GTCACGGCATCCTAGA	normal	NA
scrSOL001_GTCACGGCATGTCTCC	normal	NA
scrSOL001_GTCACGGGTAGTAGTA	normal	NA
scrSOL001_GTCACGGGTGCGGTAA	normal	NA
scrSOL001_GTCACGGTCATATCGG	normal	NA
scrSOL001_GTCACGGTCGCCTGTT	normal	NA
scrSOL001_GTCACGGTCGCTAGCG	normal	NA
scrSOL001_GTCACGGTCGTCTGCT	tumor	NA
scrSOL001_GTCATTTAGCATGGCA	tumor	NA
scrSOL001_GTCATTTAGGCCATAG	normal	NA
scrSOL001_GTCATTTCATGAAGTA	tumor	NA
scrSOL001_GTCATTTGTGTGAAAT	normal	NA
scrSOL001_GTCCTCACAAACCCAT	normal	NA
scrSOL001_GTCCTCACATGAAGTA	normal	NA
scrSOL001_GTCCTCATCTCTAAGG	normal	NA
scrSOL001_GTCGGGTAGACTCGGA	tumor	NA
scrSOL001_GTCGGGTAGTCGAGTG	normal	NA
scrSOL001_GTCGTAAAGCCAGTAG	normal	NA
scrSOL001_GTCGTAAAGTTACGGG	normal	NA
scrSOL001_GTCGTAACAGGATTGG	normal	NA
scrSOL001_GTCGTAAGTTCCACTC	normal	NA
scrSOL001_GTCGTAATCGGCGCAT	tumor	NA
scrSOL001_GTCTCGTAGCGATAGC	tumor	NA
scrSOL001_GTCTCGTCACCAGGCT	tumor	NA
scrSOL001_GTCTCGTGTCGAGTTT	tumor	NA
scrSOL001_GTCTCGTGTCGCTTCT	normal	NA
scrSOL001_GTCTCGTGTTAAAGTG	tumor	NA
scrSOL001_GTCTCGTTCAAACCGT	tumor	NA
scrSOL001_GTCTCGTTCACCACCT	normal	NA
scrSOL001_GTCTTCGAGCGTTGCC	normal	NA
scrSOL001_GTCTTCGAGGGAACGG	tumor	NA
scrSOL001_GTCTTCGCATTTGCTT	normal	yes
scrSOL001_GTCTTCGGTCGTGGCT	tumor	NA
scrSOL001_GTCTTCGTCCAGATCA	normal	NA
scrSOL001_GTCTTCGTCTAACTGG	tumor	NA
scrSOL001_GTGAAGGAGAACAACT	tumor	NA
scrSOL001_GTGAAGGCACGAGAGT	tumor	NA
scrSOL001_GTGAAGGGTCGCATAT	normal	NA
scrSOL001_GTGAAGGGTTATGTGC	normal	NA
scrSOL001_GTGAAGGGTTTGTTTC	normal	NA
scrSOL001_GTGCAGCAGACGACGT	normal	NA
scrSOL001_GTGCAGCAGCGTTTAC	normal	NA
scrSOL001_GTGCAGCAGGAGTACC	tumor	NA
scrSOL001_GTGCAGCCAGAGTGTG	normal	NA
scrSOL001_GTGCAGCCATTGGTAC	normal	NA
scrSOL001_GTGCAGCGTCATACTG	tumor	NA
scrSOL001_GTGCAGCTCACGCATA	normal	NA
scrSOL001_GTGCATAAGAGGACGG	normal	NA
scrSOL001_GTGCATAAGGAATGGA	normal	NA
scrSOL001_GTGCATACACTGTCGG	normal	NA
scrSOL001_GTGCATAGTAAGTGGC	normal	NA
scrSOL001_GTGCATAGTCGCATAT	tumor	NA
scrSOL001_GTGCATAGTGATAAGT	normal	NA
scrSOL001_GTGCATATCGGCCGAT	normal	NA
scrSOL001_GTGCGGTGTCGGCATC	normal	NA
scrSOL001_GTGCGGTGTCTTGATG	normal	NA
scrSOL001_GTGCGGTGTGAGTGAC	normal	NA
scrSOL001_GTGCGGTTCGCTTAGA	tumor	NA
scrSOL001_GTGCGGTTCTGCGGCA	normal	NA
scrSOL001_GTGCTTCCATACGCCG	tumor	NA
scrSOL001_GTGCTTCTCTAACTCT	tumor	NA
scrSOL001_GTGCTTCTCTCATTCA	tumor	NA
scrSOL001_GTGGGTCAGACAGAGA	normal	NA
scrSOL001_GTGGGTCAGGCAAAGA	tumor	NA
scrSOL001_GTGGGTCAGGGAGTAA	normal	NA
scrSOL001_GTGGGTCGTATCAGTC	normal	NA
scrSOL001_GTGGGTCTCGGCCGAT	normal	NA
scrSOL001_GTGGGTCTCGGTTCGG	tumor	NA
scrSOL001_GTGGGTCTCTAACTCT	normal	NA
scrSOL001_GTGTGCGCAAGCGAGT	normal	NA
scrSOL001_GTGTGCGCAATGAAAC	normal	NA
scrSOL001_GTGTGCGCACGAGGTA	normal	NA
scrSOL001_GTGTTAGAGAAGGTGA	normal	NA
scrSOL001_GTGTTAGCAATCAGAA	normal	NA
scrSOL001_GTGTTAGCAGACAAGC	tumor	NA
scrSOL001_GTGTTAGTCACTCTTA	normal	NA
scrSOL001_GTGTTAGTCAGTTGAC	tumor	NA
scrSOL001_GTGTTAGTCTACTATC	normal	NA
scrSOL001_GTGTTAGTCTTTACAC	normal	yes
scrSOL001_GTTAAGCAGCCAGAAC	tumor	NA
scrSOL001_GTTAAGCAGCTTATCG	normal	NA
scrSOL001_GTTAAGCAGTCTCAAC	tumor	NA
scrSOL001_GTTAAGCCACTGTGTA	normal	NA
scrSOL001_GTTAAGCCAGCTGTTA	normal	NA
scrSOL001_GTTAAGCGTAATTGGA	tumor	NA
scrSOL001_GTTAAGCGTAGCCTCG	normal	NA
scrSOL001_GTTAAGCGTGAGGGTT	normal	NA
scrSOL001_GTTACAGAGGGTTTCT	normal	NA
scrSOL001_GTTACAGAGTGACTCT	normal	NA
scrSOL001_GTTACAGCATGCGCAC	tumor	NA
scrSOL001_GTTACAGGTCACTGGC	normal	NA
scrSOL001_GTTACAGGTGCATCTA	normal	NA
scrSOL001_GTTACAGTCACCTTAT	normal	NA
scrSOL001_GTTCATTAGGAGTTGC	tumor	NA
scrSOL001_GTTCATTAGTCATGCT	tumor	NA
scrSOL001_GTTCATTAGTGTTGAA	normal	NA
scrSOL001_GTTCATTCAATGCCAT	tumor	NA
scrSOL001_GTTCATTCACAAGCCC	tumor	NA
scrSOL001_GTTCATTCAGGAACGT	normal	NA
scrSOL001_GTTCATTGTAGCGTCC	tumor	NA
scrSOL001_GTTCATTGTCAAGCGA	normal	NA
scrSOL001_GTTCATTTCTACCTGC	tumor	NA
scrSOL001_GTTCGGGAGCGATTCT	normal	NA
scrSOL001_GTTCGGGCACCAGGCT	tumor	NA
scrSOL001_GTTCGGGCAGTAGAGC	normal	NA
scrSOL001_GTTCGGGGTGTTAAGA	tumor	NA
scrSOL001_GTTCGGGTCCGCATCT	normal	NA
scrSOL001_GTTCGGGTCGTCGTTC	normal	NA
scrSOL001_GTTCTCGAGGAATTAC	tumor	NA
scrSOL001_GTTCTCGAGTATTGGA	tumor	NA
scrSOL001_GTTCTCGCAGGTCGTC	tumor	NA
scrSOL001_GTTCTCGGTTATTCTC	normal	NA
scrSOL001_GTTCTCGTCCGAACGC	tumor	NA
scrSOL001_GTTCTCGTCTGACCTC	tumor	NA
scrSOL001_GTTTCTAAGAAAGTGG	tumor	NA
scrSOL001_GTTTCTAAGATATACG	tumor	NA
scrSOL001_GTTTCTAAGTACACCT	normal	NA
scrSOL001_GTTTCTACACAGGAGT	normal	NA
scrSOL001_GTTTCTACACGTCTCT	normal	NA
scrSOL001_GTTTCTACATAGTAAG	normal	NA
scrSOL001_GTTTCTATCCCATTTA	tumor	NA
scrSOL001_GTTTCTATCGTACGGC	normal	NA
scrSOL001_TAAACCGAGCATGGCA	normal	NA
scrSOL001_TAAACCGAGTTAGGTA	tumor	NA
scrSOL001_TAAACCGGTAATAGCA	normal	NA
scrSOL001_TAAACCGGTAATCACC	normal	NA
scrSOL001_TAAACCGGTGCAACGA	normal	NA
scrSOL001_TAAACCGTCCAAACAC	tumor	NA
scrSOL001_TAAACCGTCGCGTTTC	tumor	NA
scrSOL001_TAAGAGAAGTCTCGGC	tumor	NA
scrSOL001_TAAGAGACAATAGCAA	normal	NA
scrSOL001_TAAGAGACACTCTGTC	normal	NA
scrSOL001_TAAGAGAGTAAGAGAG	tumor	NA
scrSOL001_TAAGAGAGTCTGATTG	normal	NA
scrSOL001_TAAGAGAGTGCCTGCA	normal	yes
scrSOL001_TAAGAGAGTGCTAGCC	normal	yes
scrSOL001_TAAGAGAGTTGGACCC	tumor	NA
scrSOL001_TAAGCGTCACAAGACG	normal	NA
scrSOL001_TAAGCGTCACTGTTAG	tumor	NA
scrSOL001_TAAGCGTGTCTCGTTC	normal	NA
scrSOL001_TAAGCGTTCCCTCAGT	normal	NA
scrSOL001_TAAGTGCAGACCACGA	normal	NA
scrSOL001_TAAGTGCAGAGAGCTC	normal	NA
scrSOL001_TAAGTGCAGTACTTGC	tumor	NA
scrSOL001_TAAGTGCAGTTGTCGT	normal	NA
scrSOL001_TAAGTGCCAATCTGCA	normal	NA
scrSOL001_TAAGTGCCACATGACT	normal	NA
scrSOL001_TAAGTGCCAGACAAGC	normal	NA
scrSOL001_TAAGTGCCATGGTAGG	normal	NA
scrSOL001_TAAGTGCGTAGCGTCC	tumor	NA
scrSOL001_TAAGTGCGTATAGGTA	tumor	NA
scrSOL001_TAAGTGCGTGAGTGAC	tumor	NA
scrSOL001_TAAGTGCTCAACACCA	normal	NA
scrSOL001_TACACGAAGACCCACC	tumor	NA
scrSOL001_TACACGAAGTTGCAGG	normal	NA
scrSOL001_TACACGACAGTATGCT	tumor	NA
scrSOL001_TACACGATCTCAAACG	normal	NA
scrSOL001_TACAGTGCATCACCCT	tumor	NA
scrSOL001_TACCTATAGGCACATG	tumor	NA
scrSOL001_TACCTATAGTAGGTGC	tumor	NA
scrSOL001_TACCTATCAACTGCTA	normal	NA
scrSOL001_TACCTATCAAGTAGTA	normal	NA
scrSOL001_TACCTATGTCACACGC	normal	NA
scrSOL001_TACCTATGTCCATGAT	tumor	NA
scrSOL001_TACCTATGTTTGTGTG	normal	NA
scrSOL001_TACCTATTCTCCTATA	normal	NA
scrSOL001_TACCTATTCTGCTGTC	normal	NA
scrSOL001_TACCTTAAGCAATATG	normal	NA
scrSOL001_TACCTTAAGCGCCTTG	tumor	NA
scrSOL001_TACCTTAAGGCTAGCA	normal	NA
scrSOL001_TACCTTACAGCTGTAT	tumor	NA
scrSOL001_TACCTTACATTCACTT	normal	NA
scrSOL001_TACCTTATCCTTTCGG	normal	NA
scrSOL001_TACCTTATCGGCATCG	tumor	NA
scrSOL001_TACGGATAGACAGGCT	tumor	NA
scrSOL001_TACGGATCATCACGAT	tumor	NA
scrSOL001_TACGGATCATGTAAGA	normal	NA
scrSOL001_TACGGATTCCTTTCTC	normal	NA
scrSOL001_TACGGGCCAGATTGCT	tumor	NA
scrSOL001_TACGGGCCAGGGTACA	normal	NA
scrSOL001_TACGGGCGTATCAGTC	normal	NA
scrSOL001_TACGGGCGTGTTTGGT	normal	NA
scrSOL001_TACGGGCTCAAGAAGT	normal	NA
scrSOL001_TACGGTAAGAGCCCAA	normal	NA
scrSOL001_TACGGTAAGAGCTGGT	normal	NA
scrSOL001_TACGGTACACGAAAGC	normal	NA
scrSOL001_TACGGTAGTAACGTTC	normal	yes
scrSOL001_TACGGTAGTTGCTCCT	tumor	NA
scrSOL001_TACGGTATCAGCATGT	normal	NA
scrSOL001_TACGGTATCCATGAGT	normal	NA
scrSOL001_TACTCATAGATAGCAT	normal	NA
scrSOL001_TACTCATAGGATTCGG	tumor	NA
scrSOL001_TACTCATAGGCCATAG	normal	NA
scrSOL001_TACTCATAGTAGGTGC	normal	NA
scrSOL001_TACTCATCAAGTCTGT	normal	NA
scrSOL001_TACTCATGTATATGAG	normal	NA
scrSOL001_TACTCATGTCGCGGTT	normal	NA
scrSOL001_TACTCATGTGGTGTAG	normal	NA
scrSOL001_TACTCATTCAATACCG	tumor	NA
scrSOL001_TACTCGCAGACTAGGC	normal	NA
scrSOL001_TACTCGCAGTTACCCA	tumor	NA
scrSOL001_TACTCGCGTAGTGAAT	tumor	NA
scrSOL001_TACTTACAGGTAGCTG	normal	NA
scrSOL001_TACTTACAGTGGGTTG	tumor	NA
scrSOL001_TACTTACGTAAATACG	normal	NA
scrSOL001_TACTTACTCTCTTATG	normal	NA
scrSOL001_TACTTGTAGACGCTTT	normal	NA
scrSOL001_TACTTGTAGCTAGCCC	normal	NA
scrSOL001_TACTTGTAGGCAATTA	normal	NA
scrSOL001_TACTTGTCAAGCCTAT	tumor	NA
scrSOL001_TACTTGTCAGCATACT	tumor	NA
scrSOL001_TACTTGTTCCAAGTAC	tumor	NA
scrSOL001_TACTTGTTCTCGCATC	normal	NA
scrSOL001_TACTTGTTCTTGTATC	tumor	NA
scrSOL001_TAGACCAAGGGAGTAA	tumor	NA
scrSOL001_TAGACCAAGTCATGCT	tumor	NA
scrSOL001_TAGACCAGTGCTTCTC	tumor	NA
scrSOL001_TAGACCATCCGAACGC	normal	NA
scrSOL001_TAGAGCTAGAGTGACC	tumor	NA
scrSOL001_TAGAGCTAGGTGCTTT	normal	NA
scrSOL001_TAGAGCTCAAGTAATG	normal	NA
scrSOL001_TAGAGCTCAGGAATGC	normal	NA
scrSOL001_TAGAGCTCATCCGCGA	normal	NA
scrSOL001_TAGAGCTGTTAGAACA	tumor	NA
scrSOL001_TAGAGCTTCGCTTGTC	normal	NA
scrSOL001_TAGCCGGAGCCAGGAT	normal	NA
scrSOL001_TAGCCGGGTATCACCA	normal	NA
scrSOL001_TAGCCGGGTCTCTCTG	tumor	NA
scrSOL001_TAGCCGGGTGACTACT	tumor	NA
scrSOL001_TAGCCGGTCCTTTCTC	normal	NA
scrSOL001_TAGGCATAGGCCATAG	tumor	NA
scrSOL001_TAGGCATCAAGCTGGA	normal	NA
scrSOL001_TAGGCATGTGTAAGTA	normal	NA
scrSOL001_TAGGCATGTTCCACTC	normal	NA
scrSOL001_TAGGCATTCAGGCGAA	tumor	NA
scrSOL001_TAGGCATTCCAAATGC	tumor	NA
scrSOL001_TAGTGGTAGGAGCGTT	normal	yes
scrSOL001_TAGTGGTAGTCCAGGA	normal	NA
scrSOL001_TAGTGGTGTCAATACC	normal	NA
scrSOL001_TAGTGGTTCAAACCAC	tumor	NA
scrSOL001_TAGTGGTTCACAGTAC	tumor	NA
scrSOL001_TAGTGGTTCAGTTAGC	normal	NA
scrSOL001_TAGTTGGAGCTGTCTA	normal	NA
scrSOL001_TAGTTGGAGGAGTTTA	tumor	NA
scrSOL001_TAGTTGGGTAAGTTCC	tumor	NA
scrSOL001_TAGTTGGTCAGTGCAT	normal	NA
scrSOL001_TAGTTGGTCCAACCAA	normal	NA
scrSOL001_TAGTTGGTCGGTCCGA	normal	NA
scrSOL001_TATCAGGAGAAACCGC	normal	NA
scrSOL001_TATCAGGAGGCAGTCA	normal	NA
scrSOL001_TATCAGGCATGGATGG	normal	NA
scrSOL001_TATCAGGGTAATTGGA	normal	NA
scrSOL001_TATCAGGGTACGCACC	normal	NA
scrSOL001_TATCAGGTCAGAGCTT	normal	NA
scrSOL001_TATCAGGTCATCTGCC	normal	NA
scrSOL001_TATCAGGTCCGGGTGT	normal	NA
scrSOL001_TATCAGGTCGGTGTCG	tumor	NA
scrSOL001_TATCTCAAGTGAAGTT	normal	NA
scrSOL001_TATCTCACACGGATAG	tumor	NA
scrSOL001_TATCTCACACTTGGAT	tumor	NA
scrSOL001_TATCTCAGTGAGGCTA	normal	NA
scrSOL001_TATCTCAGTGTGACCC	tumor	NA
scrSOL001_TATCTCATCCATGCTC	normal	NA
scrSOL001_TATCTCATCTTGTACT	tumor	NA
scrSOL001_TATGCCCGTCAGAATA	normal	NA
scrSOL001_TATGCCCGTGTCCTCT	normal	NA
scrSOL001_TATGCCCTCCCTCTTT	normal	NA
scrSOL001_TATGCCCTCTAACTGG	tumor	NA
scrSOL001_TATTACCAGAGGGCTT	normal	NA
scrSOL001_TATTACCAGCCAGAAC	normal	NA
scrSOL001_TATTACCCAAGTTAAG	normal	NA
scrSOL001_TATTACCGTAGTACCT	normal	NA
scrSOL001_TATTACCGTAGTGAAT	normal	NA
scrSOL001_TATTACCTCATTCACT	normal	NA
scrSOL001_TATTACCTCTCTTGAT	tumor	NA
scrSOL001_TCAACGAGTAGGGACT	normal	NA
scrSOL001_TCAACGATCCCAAGTA	tumor	NA
scrSOL001_TCAACGATCCTAGGGC	tumor	NA
scrSOL001_TCAACGATCGGCTTGG	tumor	NA
scrSOL001_TCAATCTAGCAAATCA	tumor	NA
scrSOL001_TCAATCTAGCCAGAAC	normal	NA
scrSOL001_TCAATCTAGGATTCGG	tumor	NA
scrSOL001_TCAATCTAGTAGCCGA	normal	NA
scrSOL001_TCAATCTCAACGATGG	normal	NA
scrSOL001_TCAATCTCACAACGTT	tumor	NA
scrSOL001_TCAATCTCATGTTCCC	tumor	NA
scrSOL001_TCAATCTGTAAGCACG	normal	NA
scrSOL001_TCAATCTGTAGCAAAT	tumor	NA
scrSOL001_TCAATCTTCGAATCCA	normal	NA
scrSOL001_TCAATCTTCGTCGTTC	tumor	NA
scrSOL001_TCACAAGAGCAGCGTA	normal	NA
scrSOL001_TCACAAGCAGGGTACA	tumor	NA
scrSOL001_TCACGAAAGTTCGCAT	normal	NA
scrSOL001_TCACGAACAACCGCCA	normal	NA
scrSOL001_TCACGAAGTATAGTAG	normal	NA
scrSOL001_TCACGAAGTATTCTCT	normal	NA
scrSOL001_TCACGAATCGAATCCA	tumor	NA
scrSOL001_TCAGATGAGAATGTGT	normal	NA
scrSOL001_TCAGATGAGATTACCC	tumor	NA
scrSOL001_TCAGATGAGCTTTGGT	tumor	NA
scrSOL001_TCAGATGCAGCCACCA	normal	NA
scrSOL001_TCAGATGGTAAATGAC	tumor	NA
scrSOL001_TCAGATGGTTATTCTC	normal	NA
scrSOL001_TCAGATGGTTTACTCT	normal	NA
scrSOL001_TCAGATGTCAGTCCCT	tumor	NA
scrSOL001_TCAGCAAAGTAAGTAC	normal	NA
scrSOL001_TCAGCAACAGGGTTAG	tumor	NA
scrSOL001_TCAGCAAGTGGTACAG	normal	NA
scrSOL001_TCAGCAATCAGAGCTT	tumor	NA
scrSOL001_TCAGCAATCCCGACTT	normal	NA
scrSOL001_TCAGCTCAGAGCCCAA	normal	NA
scrSOL001_TCAGCTCAGAGCTGCA	normal	NA
scrSOL001_TCAGCTCAGCACACAG	normal	NA
scrSOL001_TCAGCTCAGGCCATAG	normal	yes
scrSOL001_TCAGCTCCAGGTCTCG	normal	NA
scrSOL001_TCAGCTCCATAAAGGT	tumor	NA
scrSOL001_TCAGCTCGTATTAGCC	tumor	NA
scrSOL001_TCAGCTCGTCTCACCT	normal	NA
scrSOL001_TCAGCTCTCACAAACC	normal	NA
scrSOL001_TCAGCTCTCTAACTTC	normal	NA
scrSOL001_TCAGGATCAATCGGTT	normal	NA
scrSOL001_TCAGGATGTTCCACAA	tumor	NA
scrSOL001_TCAGGATTCTATCCCG	normal	NA
scrSOL001_TCAGGATTCTGCTGTC	tumor	NA
scrSOL001_TCAGGATTCTTGGGTA	tumor	NA
scrSOL001_TCAGGTAAGCTCCTTC	tumor	NA
scrSOL001_TCAGGTAGTAATCACC	tumor	NA
scrSOL001_TCAGGTAGTCACAAGG	normal	NA
scrSOL001_TCAGGTATCTGTCTCG	tumor	NA
scrSOL001_TCATTACAGAGCTTCT	normal	NA
scrSOL001_TCATTACAGAGGTTAT	normal	yes
scrSOL001_TCATTACAGCACGCCT	tumor	NA
scrSOL001_TCATTACCAACGATGG	tumor	NA
scrSOL001_TCATTACCAAGTAGTA	normal	NA
scrSOL001_TCATTACCAATGGATA	tumor	NA
scrSOL001_TCATTACGTAGCACGA	normal	NA
scrSOL001_TCATTACGTGATGCCC	tumor	NA
scrSOL001_TCATTACGTTTGTGTG	tumor	NA
scrSOL001_TCATTACTCAACTCTT	normal	NA
scrSOL001_TCATTACTCACTTCAT	normal	NA
scrSOL001_TCATTACTCAGGCGAA	normal	NA
scrSOL001_TCATTTGAGGCAGTCA	normal	NA
scrSOL001_TCATTTGAGTACCGGA	normal	NA
scrSOL001_TCATTTGCAACACCTA	tumor	NA
scrSOL001_TCATTTGCACCAGTTA	tumor	NA
scrSOL001_TCATTTGGTCATTAGC	tumor	NA
scrSOL001_TCATTTGTCCGTAGGC	tumor	NA
scrSOL001_TCATTTGTCCGTCAAA	normal	NA
scrSOL001_TCATTTGTCTGTCAAG	normal	NA
scrSOL001_TCCACACAGCCAGGAT	tumor	NA
scrSOL001_TCCACACAGTGCAAGC	normal	NA
scrSOL001_TCCACACAGTGGCACA	normal	NA
scrSOL001_TCCACACCATCGGGTC	tumor	NA
scrSOL001_TCCACACGTGTAACGG	tumor	NA
scrSOL001_TCCACACGTTTGCATG	tumor	NA
scrSOL001_TCCACACTCCAAGTAC	normal	NA
scrSOL001_TCCACACTCCATGAAC	tumor	NA
scrSOL001_TCCCGATAGAGCCCAA	normal	NA
scrSOL001_TCCCGATAGGCGACAT	normal	NA
scrSOL001_TCCCGATAGGGAACGG	normal	yes
scrSOL001_TCCCGATGTTCTGGTA	tumor	NA
scrSOL001_TCGAGGCCAAGGTTTC	normal	NA
scrSOL001_TCGAGGCCACTATCTT	tumor	NA
scrSOL001_TCGAGGCCAGTACACT	normal	NA
scrSOL001_TCGAGGCTCGTCTGCT	tumor	NA
scrSOL001_TCGCGAGAGGGATACC	normal	NA
scrSOL001_TCGCGAGCAGTCTTCC	normal	NA
scrSOL001_TCGCGAGGTATATGGA	tumor	NA
scrSOL001_TCGCGAGGTCCGAATT	normal	NA
scrSOL001_TCGCGAGGTGAAAGAG	normal	NA
scrSOL001_TCGCGAGGTTACGACT	normal	NA
scrSOL001_TCGCGAGGTTTACTCT	normal	NA
scrSOL001_TCGCGTTAGAGTGACC	tumor	NA
scrSOL001_TCGCGTTCATGACGGA	tumor	NA
scrSOL001_TCGCGTTGTAGCGCAA	tumor	NA
scrSOL001_TCGCGTTTCAACACTG	normal	NA
scrSOL001_TCGCGTTTCGAATGGG	normal	NA
scrSOL001_TCGGGACAGTCGTTTG	normal	NA
scrSOL001_TCGGGACCACCAGCAC	normal	NA
scrSOL001_TCGGGACCATGTAAGA	tumor	NA
scrSOL001_TCGGGACGTATAGTAG	tumor	NA
scrSOL001_TCGGGACGTCGGATCC	normal	NA
scrSOL001_TCGGTAAAGAAGAAGC	normal	NA
scrSOL001_TCGGTAAAGGTGCTAG	normal	NA
scrSOL001_TCGGTAACACAAGCCC	tumor	NA
scrSOL001_TCGGTAACACATGACT	normal	NA
scrSOL001_TCGGTAACACGAAATA	normal	NA
scrSOL001_TCGGTAACAGCTCCGA	normal	NA
scrSOL001_TCGGTAACATTTGCCC	tumor	NA
scrSOL001_TCGGTAAGTACTTAGC	normal	NA
scrSOL001_TCGTACCAGAAGGTTT	normal	NA
scrSOL001_TCGTACCAGCTACCTA	tumor	NA
scrSOL001_TCGTACCCATAGAAAC	normal	NA
scrSOL001_TCGTACCGTGGTACAG	tumor	NA
scrSOL001_TCGTACCTCGTCGTTC	normal	NA
scrSOL001_TCGTACCTCTCGTATT	normal	NA
scrSOL001_TCGTAGAAGAATCTCC	tumor	NA
scrSOL001_TCGTAGAAGACGCAAC	normal	NA
scrSOL001_TCGTAGACACACCGCA	normal	NA
scrSOL001_TCGTAGACAGGCGATA	tumor	NA
scrSOL001_TCGTAGACATCGGAAG	tumor	NA
scrSOL001_TCGTAGAGTATTCTCT	tumor	NA
scrSOL001_TCGTAGAGTCAAAGAT	tumor	NA
scrSOL001_TCGTAGAGTGCAGTAG	normal	NA
scrSOL001_TCGTAGATCATCACCC	tumor	NA
scrSOL001_TCTATTGAGACTAGGC	normal	NA
scrSOL001_TCTATTGAGCGAAGGG	normal	NA
scrSOL001_TCTATTGAGGTGGGTT	tumor	NA
scrSOL001_TCTATTGAGTGCCAGA	normal	NA
scrSOL001_TCTATTGCAGTCACTA	tumor	NA
scrSOL001_TCTATTGCATACGCCG	normal	NA
scrSOL001_TCTATTGCATAGACTC	tumor	NA
scrSOL001_TCTATTGCATGAGCGA	tumor	NA
scrSOL001_TCTATTGCATGGTAGG	tumor	NA
scrSOL001_TCTATTGGTGCACGAA	normal	yes
scrSOL001_TCTATTGTCTTTAGGG	normal	NA
scrSOL001_TCTCATAAGTAGTGCG	normal	NA
scrSOL001_TCTCATACAACACCTA	normal	NA
scrSOL001_TCTCATACAATGGACG	tumor	NA
scrSOL001_TCTCATACAGTAGAGC	normal	NA
scrSOL001_TCTCATACATGCCTTC	normal	NA
scrSOL001_TCTCATATCAATAAGG	normal	NA
scrSOL001_TCTCATATCACCCGAG	normal	NA
scrSOL001_TCTCTAAAGAACAATC	normal	NA
scrSOL001_TCTCTAATCCCAAGAT	normal	NA
scrSOL001_TCTCTAATCGGTCTAA	tumor	NA
scrSOL001_TCTCTAATCGTGGGAA	normal	NA
scrSOL001_TCTGAGAAGCACACAG	tumor	NA
scrSOL001_TCTGAGAAGTTACGGG	normal	NA
scrSOL001_TCTGAGATCTACTTAC	normal	NA
scrSOL001_TCTGGAAAGGTGGGTT	normal	NA
scrSOL001_TCTGGAAAGTATGACA	normal	NA
scrSOL001_TCTGGAACATGGTAGG	tumor	NA
scrSOL001_TCTTCGGCACAGTCGC	normal	NA
scrSOL001_TCTTCGGCACCTCGGA	tumor	NA
scrSOL001_TCTTCGGCACGTCAGC	tumor	NA
scrSOL001_TCTTCGGCAGAGCCAA	tumor	NA
scrSOL001_TCTTCGGCAGGTCCAC	normal	NA
scrSOL001_TCTTCGGCAGTGACAG	normal	NA
scrSOL001_TCTTCGGGTCAAAGCG	normal	NA
scrSOL001_TCTTCGGGTTGCGCAC	tumor	NA
scrSOL001_TCTTCGGTCATTCACT	tumor	NA
scrSOL001_TCTTCGGTCCGCGCAA	normal	NA
scrSOL001_TCTTCGGTCGAACGGA	normal	NA
scrSOL001_TCTTTCCAGAGCTTCT	tumor	NA
scrSOL001_TCTTTCCAGAGGTAGA	normal	NA
scrSOL001_TCTTTCCAGCAAATCA	normal	NA
scrSOL001_TCTTTCCAGCCATCGC	tumor	NA
scrSOL001_TGAAAGAAGCTGTCTA	tumor	NA
scrSOL001_TGAAAGACAAGCGATG	tumor	NA
scrSOL001_TGAAAGACATGTCCTC	tumor	NA
scrSOL001_TGAAAGAGTACTCAAC	normal	NA
scrSOL001_TGAAAGATCCGAGCCA	normal	NA
scrSOL001_TGACAACAGGCGTACA	tumor	NA
scrSOL001_TGACAACAGTTTAGGA	normal	NA
scrSOL001_TGACAACTCCTACAGA	normal	NA
scrSOL001_TGACGGCAGAATTGTG	normal	NA
scrSOL001_TGACGGCAGCGCTTAT	tumor	NA
scrSOL001_TGACGGCCAATGTTGC	normal	NA
scrSOL001_TGACGGCCACAAGACG	normal	NA
scrSOL001_TGACGGCCACAGACTT	tumor	NA
scrSOL001_TGACGGCCACTAAGTC	tumor	NA
scrSOL001_TGACGGCGTCACTTCC	tumor	NA
scrSOL001_TGACGGCGTCCGAAGA	normal	NA
scrSOL001_TGACTAGAGAACTCGG	tumor	NA
scrSOL001_TGACTAGAGACCCACC	normal	NA
scrSOL001_TGACTAGAGTGGTCCC	normal	NA
scrSOL001_TGACTAGGTGTTGAGG	tumor	NA
scrSOL001_TGACTAGTCCCTGACT	normal	NA
scrSOL001_TGACTTTAGAAACCAT	normal	NA
scrSOL001_TGACTTTAGACACTAA	normal	NA
scrSOL001_TGACTTTAGGACCACA	normal	NA
scrSOL001_TGACTTTAGTGAACAT	tumor	NA
scrSOL001_TGACTTTGTAAGGGAA	tumor	NA
scrSOL001_TGACTTTGTGCACGAA	normal	NA
scrSOL001_TGACTTTTCCGATATG	tumor	NA
scrSOL001_TGACTTTTCGCCGTGA	tumor	NA
scrSOL001_TGAGAGGAGTATCTCG	tumor	NA
scrSOL001_TGAGAGGTCCGTCATC	tumor	NA
scrSOL001_TGAGAGGTCTACCAGA	normal	NA
scrSOL001_TGAGCATAGACCGGAT	tumor	NA
scrSOL001_TGAGCATAGAGGGATA	normal	NA
scrSOL001_TGAGCATCATCGATGT	normal	NA
scrSOL001_TGAGCATTCAGCAACT	tumor	NA
scrSOL001_TGAGCATTCAGCACAT	normal	NA
scrSOL001_TGAGCATTCAGCGACC	normal	NA
scrSOL001_TGAGCCGAGACTAGGC	tumor	NA
scrSOL001_TGAGCCGAGAGTACCG	tumor	NA
scrSOL001_TGAGCCGAGTTGCAGG	tumor	NA
scrSOL001_TGAGCCGCAAGCGTAG	normal	NA
scrSOL001_TGAGCCGCAGACACTT	tumor	NA
scrSOL001_TGAGGGAGTAAGCACG	normal	NA
scrSOL001_TGAGGGAGTGTGGTTT	normal	NA
scrSOL001_TGAGGGATCTGATACG	normal	NA
scrSOL001_TGATTTCAGTAGCGGT	tumor	NA
scrSOL001_TGATTTCGTGCCTGGT	normal	NA
scrSOL001_TGATTTCGTTCTGAAC	tumor	NA
scrSOL001_TGATTTCTCCAGAAGG	normal	NA
scrSOL001_TGATTTCTCCTATGTT	tumor	NA
scrSOL001_TGATTTCTCTACTCAT	normal	NA
scrSOL001_TGCACCTAGAACAACT	normal	NA
scrSOL001_TGCACCTAGTGTGAAT	normal	NA
scrSOL001_TGCACCTCAAACGCGA	tumor	NA
scrSOL001_TGCACCTGTACCGCTG	normal	NA
scrSOL001_TGCACCTTCAAGCCTA	normal	NA
scrSOL001_TGCCAAAAGGACCACA	tumor	NA
scrSOL001_TGCCAAAAGTTACCCA	normal	NA
scrSOL001_TGCCAAACAACAACCT	normal	NA
scrSOL001_TGCCAAACAAGGACTG	tumor	NA
scrSOL001_TGCCAAAGTAGCGATG	normal	NA
scrSOL001_TGCCAAAGTTGATTGC	normal	NA
scrSOL001_TGCCAAATCCTCTAGC	normal	NA
scrSOL001_TGCCCATAGCTACCTA	normal	NA
scrSOL001_TGCCCATAGGCCCGTT	normal	NA
scrSOL001_TGCCCATGTTGTTTGG	tumor	NA
scrSOL001_TGCCCATTCTTGTACT	tumor	NA
scrSOL001_TGCCCATTCTTTCCTC	normal	NA
scrSOL001_TGCCCTAAGCGCTTAT	normal	NA
scrSOL001_TGCCCTAAGTGGAGAA	normal	NA
scrSOL001_TGCCCTAGTAGCTTGT	normal	NA
scrSOL001_TGCCCTAGTTTGTTGG	normal	NA
scrSOL001_TGCCCTATCTAGAGTC	normal	NA
scrSOL001_TGCCCTATCTATGTGG	tumor	NA
scrSOL001_TGCGCAGCAATTGCTG	normal	NA
scrSOL001_TGCGCAGCACCATCCT	normal	NA
scrSOL001_TGCGCAGGTAGCCTAT	normal	NA
scrSOL001_TGCGCAGGTCACCTAA	normal	NA
scrSOL001_TGCGCAGTCGCTTAGA	normal	NA
scrSOL001_TGCGGGTAGAAGGCCT	normal	NA
scrSOL001_TGCGGGTAGTAAGTAC	normal	NA
scrSOL001_TGCGGGTCAAGCGATG	normal	NA
scrSOL001_TGCGGGTGTCAACTGT	normal	NA
scrSOL001_TGCGGGTGTCGAGATG	tumor	NA
scrSOL001_TGCGGGTGTTGTCGCG	normal	NA
scrSOL001_TGCGGGTTCAACCATG	normal	NA
scrSOL001_TGCGGGTTCATAGCAC	tumor	NA
scrSOL001_TGCGTGGAGAAGATTC	tumor	NA
scrSOL001_TGCGTGGAGATCGATA	normal	NA
scrSOL001_TGCGTGGCAGAGTGTG	normal	NA
scrSOL001_TGCGTGGCAGTATCTG	normal	NA
scrSOL001_TGCGTGGTCGACCAGC	tumor	NA
scrSOL001_TGCTACCAGACACTAA	normal	NA
scrSOL001_TGCTACCCAGCGATCC	tumor	NA
scrSOL001_TGCTACCCAGGACCCT	normal	NA
scrSOL001_TGCTACCCATTCCTGC	normal	yes
scrSOL001_TGCTACCGTGCATCTA	tumor	NA
scrSOL001_TGCTACCGTTTAGGAA	tumor	NA
scrSOL001_TGCTACCTCAACTCTT	tumor	NA
scrSOL001_TGCTGCTAGAAACCAT	normal	NA
scrSOL001_TGCTGCTAGACAAGCC	normal	NA
scrSOL001_TGCTGCTAGACCGGAT	normal	NA
scrSOL001_TGCTGCTAGATGTGGC	normal	NA
scrSOL001_TGCTGCTAGCACCGCT	normal	NA
scrSOL001_TGCTGCTAGCCACGCT	normal	NA
scrSOL001_TGCTGCTCACGAAGCA	tumor	NA
scrSOL001_TGCTGCTGTAGGCATG	tumor	NA
scrSOL001_TGCTGCTGTGAGGGTT	tumor	NA
scrSOL001_TGCTGCTGTTCGCTAA	normal	NA
scrSOL001_TGCTGCTTCCGTTGCT	tumor	NA
scrSOL001_TGCTGCTTCCTCGCAT	normal	NA
scrSOL001_TGGACGCGTACAGTGG	tumor	NA
scrSOL001_TGGACGCGTCAACATC	normal	NA
scrSOL001_TGGACGCGTCACTTCC	normal	NA
scrSOL001_TGGACGCGTCTGCCAG	normal	NA
scrSOL001_TGGACGCTCACTATTC	normal	NA
scrSOL001_TGGACGCTCTAACGGT	normal	NA
scrSOL001_TGGCCAGCAAACTGCT	normal	NA
scrSOL001_TGGCCAGCAGACAAGC	tumor	NA
scrSOL001_TGGCCAGCAGTATCTG	normal	NA
scrSOL001_TGGCCAGGTTCCCGAG	normal	NA
scrSOL001_TGGCCAGTCACCACCT	normal	NA
scrSOL001_TGGCCAGTCTTTACGT	normal	NA
scrSOL001_TGGCGCAAGCGACGTA	tumor	NA
scrSOL001_TGGCGCAAGCGTTGCC	normal	NA
scrSOL001_TGGCGCAAGGTACTCT	normal	NA
scrSOL001_TGGCGCAAGTGAAGTT	normal	NA
scrSOL001_TGGCGCACACCCATTC	normal	NA
scrSOL001_TGGCGCAGTAGCGCAA	tumor	NA
scrSOL001_TGGCGCAGTCGGCATC	tumor	NA
scrSOL001_TGGCGCATCCGAACGC	normal	NA
scrSOL001_TGGCGCATCTCAACTT	tumor	NA
scrSOL001_TGGCTGGAGCAATATG	normal	NA
scrSOL001_TGGCTGGGTCATTAGC	normal	NA
scrSOL001_TGGCTGGGTGATAAAC	normal	NA
scrSOL001_TGGCTGGGTTCAGGCC	tumor	NA
scrSOL001_TGGCTGGTCCTATTCA	normal	NA
scrSOL001_TGGGAAGAGACAGACC	tumor	NA
scrSOL001_TGGGAAGGTCAAGCGA	normal	NA
scrSOL001_TGGGCGTAGGCTCAGA	tumor	NA
scrSOL001_TGGGCGTCATCAGTCA	tumor	NA
scrSOL001_TGGTTAGAGATACACA	normal	NA
scrSOL001_TGGTTAGAGCTAGTGG	tumor	NA
scrSOL001_TGGTTAGAGCTCCTTC	tumor	NA
scrSOL001_TGGTTAGAGCTGAACG	tumor	NA
scrSOL001_TGGTTAGAGGACACCA	tumor	NA
scrSOL001_TGGTTAGGTGCCTTGG	tumor	NA
scrSOL001_TGGTTAGGTTGTGGCC	normal	NA
scrSOL001_TGGTTAGTCGTAGGTT	normal	NA
scrSOL001_TGGTTAGTCGTCCGTT	tumor	NA
scrSOL001_TGGTTCCAGGCAATTA	normal	NA
scrSOL001_TGGTTCCGTCTAAAGA	normal	NA
scrSOL001_TGGTTCCGTGACTCAT	normal	NA
scrSOL001_TGGTTCCGTGTGTGCC	normal	NA
scrSOL001_TGGTTCCTCAAACCGT	tumor	NA
scrSOL001_TGGTTCCTCCCTTGTG	tumor	NA
scrSOL001_TGTATTCAGGTGCACA	tumor	NA
scrSOL001_TGTATTCCATACAGCT	normal	NA
scrSOL001_TGTATTCGTATGCTTG	normal	NA
scrSOL001_TGTATTCGTCCCGACA	normal	NA
scrSOL001_TGTATTCGTCTCTTTA	tumor	NA
scrSOL001_TGTATTCTCACGATGT	normal	NA
scrSOL001_TGTCCCACAGTCACTA	tumor	NA
scrSOL001_TGTCCCACATACTACG	tumor	NA
scrSOL001_TGTCCCAGTATCGCAT	normal	NA
scrSOL001_TGTCCCAGTCTAGTGT	normal	NA
scrSOL001_TGTCCCAGTGCAACTT	normal	NA
scrSOL001_TGTCCCAGTTCGCTAA	tumor	NA
scrSOL001_TGTGGTAAGAGCCTAG	tumor	NA
scrSOL001_TGTGGTAAGTAGCCGA	normal	NA
scrSOL001_TGTGGTAAGTTAGGTA	normal	NA
scrSOL001_TGTGGTATCGTCTGAA	tumor	NA
scrSOL001_TGTGTTTAGACAAAGG	normal	NA
scrSOL001_TGTGTTTCACCATCCT	normal	NA
scrSOL001_TGTGTTTGTCGCTTTC	normal	NA
scrSOL001_TGTGTTTGTTATCACG	normal	NA
scrSOL001_TGTGTTTGTTTGTTTC	normal	NA
scrSOL001_TGTGTTTTCAACGAAA	normal	NA
scrSOL001_TGTGTTTTCATAAAGG	tumor	NA
scrSOL001_TGTTCCGAGCTGTTCA	tumor	NA
scrSOL001_TGTTCCGCAAGTAATG	normal	NA
scrSOL001_TGTTCCGGTACAGCAG	normal	NA
scrSOL001_TGTTCCGGTACATGTC	tumor	NA
scrSOL001_TGTTCCGGTATATGGA	normal	NA
scrSOL001_TGTTCCGGTTGATTGC	normal	NA
scrSOL001_TGTTCCGTCATAACCG	tumor	NA
scrSOL001_TGTTCCGTCGCACTCT	tumor	NA
scrSOL001_TGTTCCGTCGGCTTGG	normal	NA
scrSOL001_TTAACTCGTAAAGTCA	normal	yes
scrSOL001_TTAACTCGTACTCTCC	tumor	NA
scrSOL001_TTAACTCGTTTGACTG	tumor	NA
scrSOL001_TTAACTCTCTGGTATG	tumor	NA
scrSOL001_TTAGGACCACCGAATT	normal	NA
scrSOL001_TTAGGACTCTCGCATC	tumor	NA
scrSOL001_TTAGGCATCACGGTTA	tumor	NA
scrSOL001_TTAGGCATCTTAACCT	tumor	NA
scrSOL001_TTAGTTCCAAAGAATC	normal	NA
scrSOL001_TTAGTTCGTGGAAAGA	normal	NA
scrSOL001_TTAGTTCTCTATGTGG	tumor	NA
scrSOL001_TTAGTTCTCTCGTTTA	tumor	NA
scrSOL001_TTAGTTCTCTGATTCT	tumor	NA
scrSOL001_TTATGCTAGTAGCGGT	tumor	NA
scrSOL001_TTATGCTCAATTCCTT	tumor	NA
scrSOL001_TTATGCTCACCAGCAC	normal	NA
scrSOL001_TTATGCTCAGTAAGAT	tumor	NA
scrSOL001_TTATGCTGTACCTACA	tumor	NA
scrSOL001_TTATGCTGTAGGGTAC	normal	NA
scrSOL001_TTATGCTGTTCCCGAG	tumor	NA
scrSOL001_TTATGCTTCCAAACTG	normal	NA
scrSOL001_TTATGCTTCCGTCATC	normal	NA
scrSOL001_TTCCCAGCACCACGTG	tumor	NA
scrSOL001_TTCCCAGCAGTATCTG	normal	NA
scrSOL001_TTCCCAGGTGCAACTT	tumor	NA
scrSOL001_TTCCCAGTCCATTCTA	normal	NA
scrSOL001_TTCCCAGTCCGCATCT	tumor	NA
scrSOL001_TTCGAAGAGAGTTGGC	normal	NA
scrSOL001_TTCGAAGAGCGATTCT	tumor	NA
scrSOL001_TTCGAAGTCGTTACGA	normal	NA
scrSOL001_TTCGGTCAGAAGGTGA	tumor	NA
scrSOL001_TTCGGTCAGAGGGATA	tumor	NA
scrSOL001_TTCGGTCAGGGTCGAT	normal	yes
scrSOL001_TTCGGTCAGTGAACAT	tumor	NA
scrSOL001_TTCGGTCCAAAGCGGT	normal	NA
scrSOL001_TTCGGTCCAGATCCAT	tumor	NA
scrSOL001_TTCGGTCGTAATAGCA	tumor	NA
scrSOL001_TTCGGTCGTCTAGCCG	tumor	NA
scrSOL001_TTCGGTCTCATCGATG	tumor	NA
scrSOL001_TTCTACAAGACCCACC	normal	NA
scrSOL001_TTCTACAAGGACACCA	tumor	NA
scrSOL001_TTCTACACATCTGGTA	tumor	NA
scrSOL001_TTCTACAGTACAGACG	normal	NA
scrSOL001_TTCTACAGTACCGTAT	tumor	NA
scrSOL001_TTCTACAGTATTCGTG	normal	NA
scrSOL001_TTCTACAGTTCCAACA	tumor	NA
scrSOL001_TTCTACATCATGGTCA	tumor	NA
scrSOL001_TTCTACATCGGATGGA	normal	NA
scrSOL001_TTCTACATCTTGAGAC	tumor	NA
scrSOL001_TTCTCAACACAAGTAA	tumor	NA
scrSOL001_TTCTCAACATCAGTCA	normal	NA
scrSOL001_TTCTCAACATGGTAGG	tumor	NA
scrSOL001_TTCTCAACATTTGCCC	normal	NA
scrSOL001_TTCTCAAGTTACGGAG	normal	NA
scrSOL001_TTCTCAATCGTTACAG	normal	NA
scrSOL001_TTCTCCTCAAGGTGTG	tumor	NA
scrSOL001_TTCTCCTGTCATGCCG	normal	NA
scrSOL001_TTCTCCTTCAACTCTT	normal	NA
scrSOL001_TTCTCCTTCTTGTATC	normal	NA
scrSOL001_TTCTTAGAGCACAGGT	normal	NA
scrSOL001_TTCTTAGCAAATCCGT	tumor	NA
scrSOL001_TTCTTAGGTACTCGCG	tumor	NA
scrSOL001_TTGAACGAGGGTGTGT	normal	NA
scrSOL001_TTGAACGCAATGGACG	normal	NA
scrSOL001_TTGAACGGTACCGTTA	tumor	NA
scrSOL001_TTGAACGGTTTAGGAA	normal	NA
scrSOL001_TTGAACGTCAGTCCCT	normal	NA
scrSOL001_TTGAACGTCCCGGATG	normal	NA
scrSOL001_TTGACTTAGTCTCGGC	tumor	NA
scrSOL001_TTGACTTCACATAACC	tumor	NA
scrSOL001_TTGACTTCACGTCAGC	tumor	NA
scrSOL001_TTGACTTCAGCTGTAT	normal	NA
scrSOL001_TTGACTTCAGTTTACG	normal	NA
scrSOL001_TTGACTTGTCCGTGAC	normal	NA
scrSOL001_TTGCCGTAGTAGGTGC	tumor	NA
scrSOL001_TTGCCGTCAAGCTGGA	normal	NA
scrSOL001_TTGCCGTGTTGAGTTC	normal	NA
scrSOL001_TTGCGTCAGCCCGAAA	normal	NA
scrSOL001_TTGCGTCAGGCAGGTT	normal	NA
scrSOL001_TTGCGTCAGGGATGGG	tumor	NA
scrSOL001_TTGCGTCAGTCCAGGA	tumor	NA
scrSOL001_TTGCGTCCACAGTCGC	normal	NA
scrSOL001_TTGCGTCGTTACGGAG	normal	NA
scrSOL001_TTGCGTCTCATTCACT	normal	NA
scrSOL001_TTGCGTCTCTAACTCT	tumor	NA
scrSOL001_TTGGAACAGAGCAATT	normal	NA
scrSOL001_TTGGAACAGAGCCCAA	tumor	NA
scrSOL001_TTGGAACCAGTCCTTC	normal	NA
scrSOL001_TTGGAACCATACGCTA	tumor	NA
scrSOL001_TTGGAACGTCTAAAGA	tumor	NA
scrSOL001_TTGGAACGTGTCGCTG	tumor	NA
scrSOL001_TTGGCAAAGCCACCTG	tumor	NA
scrSOL001_TTGGCAAAGCGTAATA	tumor	NA
scrSOL001_TTGGCAAAGGCAGGTT	tumor	NA
scrSOL001_TTGGCAACATGGTAGG	tumor	NA
scrSOL001_TTGGCAAGTCTTTCAT	normal	NA
scrSOL001_TTGGCAATCCGGGTGT	normal	NA
scrSOL001_TTGTAGGAGCACGCCT	normal	NA
scrSOL001_TTGTAGGAGTGAAGAG	normal	NA
scrSOL001_TTGTAGGAGTGCGATG	tumor	NA
scrSOL001_TTGTAGGAGTGGTAGC	tumor	NA
scrSOL001_TTGTAGGCAGATCTGT	normal	NA
scrSOL001_TTGTAGGGTTTCCACC	tumor	NA
scrSOL001_TTGTAGGTCGGAGGTA	normal	NA
scrSOL001_TTTACTGAGGCACATG	normal	NA
scrSOL001_TTTACTGAGGGCTTCC	normal	NA
scrSOL001_TTTACTGCACATTCGA	tumor	NA
scrSOL001_TTTACTGGTCCATGAT	tumor	NA
scrSOL001_TTTACTGGTCGTGGCT	normal	NA
scrSOL001_TTTACTGGTGTGGCTC	tumor	NA
scrSOL001_TTTACTGGTTAAGATG	tumor	NA
scrSOL001_TTTACTGTCAACACAC	tumor	NA
scrSOL001_TTTACTGTCTAGAGTC	normal	NA
scrSOL001_TTTATGCAGCTTTGGT	tumor	NA
scrSOL001_TTTATGCAGTCGTACT	normal	NA
scrSOL001_TTTATGCCAATGGAGC	tumor	NA
scrSOL001_TTTATGCGTGAAAGAG	normal	NA
scrSOL001_TTTATGCGTGCTTCTC	tumor	NA
scrSOL001_TTTATGCTCTAACCGA	tumor	NA
scrSOL001_TTTCCTCAGACTGTAA	tumor	NA
scrSOL001_TTTCCTCCAGTAAGCG	normal	NA
scrSOL001_TTTCCTCGTAGCTTGT	normal	NA
scrSOL001_TTTGCGCAGCCACGCT	tumor	NA
scrSOL001_TTTGCGCCAGCAGTTT	normal	NA
scrSOL001_TTTGCGCGTTATGTGC	tumor	NA
scrSOL001_TTTGGTTAGCGTCTAT	tumor	NA
scrSOL001_TTTGGTTCAAGACACG	normal	NA
scrSOL001_TTTGGTTCAGTCTTCC	normal	NA
scrSOL001_TTTGGTTGTAGAGTGC	tumor	NA
scrSOL001_TTTGTCATCACAATGC	normal	NA
scrSOL001_TTTGTCATCTAACTGG	normal	NA
scrSOL001_TTTGTCATCTGATACG	tumor	NA
