	class	confidentNormal
CAGTAACGTCAATACC_9_1_1	tumor	
CAGTCCTGTCTGCGGT_9_1_1	tumor	
GCGAGAACATTAACCG_9_1_1	normal	
TTCGAAGGTGAAAGAG_9_1_1	tumor	
GGGCATCTCACGATGT_9_1_1	tumor	
TAGCCGGAGACTGTAA_9_1_1	tumor	
AGGGAGTCAGCGATCC_9_1_1	tumor	
CTCCTAGTCTTAGAGC_9_1_1	normal	
ATTCTACAGGACAGCT_9_1_1	normal	
CAAGAAAGTACATCCA_9_1_1	tumor	
CAGAATCTCAACTCTT_9_1_1	tumor	
ACTGATGTCCGTTGTC_9_1_1	tumor	
CGACTTCTCAAGCCTA_9_1_1	tumor	
CGAATGTCAGACGCCT_9_1_1	tumor	
ACTGATGGTACCTACA_9_1_1	tumor	
CCCTCCTGTTTCGCTC_9_1_1	tumor	
GATCGTAGTAGGAGTC_9_1_1	tumor	
TATTACCAGTAAGTAC_9_1_1	tumor	
AAAGCAAAGGTGACCA_9_1_1	tumor	
CATCGGGAGAGGTTGC_9_1_1	tumor	
TATTACCCAATGAAAC_9_1_1	tumor	
ACGCAGCAGACGCACA_9_1_1	normal	
GAAATGATCAGTTCGA_9_1_1	tumor	
ACATACGAGTTAGGTA_9_1_1	tumor	
TTCTTAGCATGTAGTC_9_1_1	tumor	
TCATTTGAGCAGACTG_9_1_1	normal	
AACACGTAGGCATGGT_9_1_1	tumor	
CGTGAGCGTCTAGTGT_9_1_1	tumor	
CAAGGCCTCCAAACTG_9_1_1	tumor	
CTGAAGTGTTTCGCTC_9_1_1	tumor	
TACCTTAGTCCGAATT_9_1_1	tumor	
CCACTACGTGTCAATC_9_1_1	tumor	
CGAGCACCAATGGTCT_9_1_1	tumor	
GACTAACCATGTCGAT_9_1_1	tumor	
CAACTAGTCGCGGATC_9_1_1	tumor	
AGACGTTGTGGTACAG_9_1_1	tumor	
TAAACCGCAGAGTGTG_9_1_1	tumor	
TTGTAGGAGGCAGTCA_9_1_1	tumor	
GCTGGGTAGCAGCGTA_9_1_1	tumor	
CTGCGGAGTCATGCAT_9_1_1	tumor	
GAAATGAGTCGGCACT_9_1_1	tumor	
GAACCTAGTACAGTTC_9_1_1	tumor	
GCATGTACATAAGACA_9_1_1	tumor	
CGTCACTCACCACCAG_9_1_1	tumor	
CTGCTGTAGAGGTTAT_9_1_1	tumor	
TCAACGAAGACGCTTT_9_1_1	tumor	
GTCCTCAGTTATGCGT_9_1_1	tumor	
CCTACACTCATGCTCC_9_1_1	tumor	
TACGGGCAGGGTGTTG_9_1_1	tumor	
TTGGAACTCCTCGCAT_9_1_1	tumor	
CGCGGTATCGCCAAAT_9_1_1	tumor	
CATGACACAGGACCCT_9_1_1	tumor	
AAGGTTCAGAAGATTC_9_1_1	tumor	
CTCTACGGTGCGCTTG_9_1_1	tumor	
AGTCTTTTCACTCCTG_9_1_1	tumor	
GTATTCTTCTCGTATT_9_1_1	tumor	
TCTCTAATCGATCCCT_9_1_1	tumor	
ATAAGAGGTACCCAAT_9_1_1	tumor	
CAGCCGATCAAGATCC_9_1_1	normal	
CGTCTACAGGGCACTA_9_1_1	tumor	
GACGTTATCACCCGAG_9_1_1	tumor	
CGAGAAGTCCTTGGTC_9_1_1	tumor	
GTAACGTAGCGTTCCG_9_1_1	tumor	
CGGAGTCTCTAACTTC_9_1_1	tumor	
CACACAAGTTCTGAAC_9_1_1	tumor	
AGCCTAAAGGCGTACA_9_1_1	tumor	
GACCAATCACGGTGTC_9_1_1	tumor	
GGAAAGCTCTCTGAGA_9_1_1	tumor	
CGATTGAGTCTAACGT_9_1_1	tumor	
GGGAGATTCGGAGCAA_9_1_1	tumor	
AATCGGTCACCCAGTG_9_1_1	tumor	
AGGTCATGTCGACTGC_9_1_1	tumor	
TTTATGCAGCTTATCG_9_1_1	tumor	
ACGCCGATCTGTTGAG_9_1_1	tumor	
CAGCATACATACGCCG_9_1_1	tumor	
GTTCATTGTTGTCTTT_9_1_1	tumor	
CTGCGGAAGAAAGTGG_9_1_1	tumor	
CCGTTCAAGCCCAATT_9_1_1	tumor	
CTCGTACGTGCCTGCA_9_1_1	tumor	
ACATGGTCATGCAACT_9_1_1	tumor	
CTCGTCAAGAGGTAGA_9_1_1	tumor	
CACACTCAGCTCTCGG_9_1_1	tumor	
CAGATCACACTTGGAT_9_1_1	tumor	
AGGTCATAGAAGGCCT_9_1_1	tumor	
AACACGTAGCGCCTTG_9_1_1	tumor	
ACGGGCTTCAGTCCCT_9_1_1	normal	
CAGTAACTCAAGGTAA_9_1_1	tumor	
TCTCATACACAGAGGT_9_1_1	tumor	
TGTGGTAAGACCTTTG_9_1_1	tumor	
ATTCTACTCATGCATG_9_1_1	tumor	
CTAACTTGTCAGAAGC_9_1_1	tumor	
TCTGAGACACCAGATT_9_1_1	tumor	
CCTATTATCCTATTCA_9_1_1	tumor	
TCATTTGTCCTTTCTC_9_1_1	normal	
TCTCTAAGTCTAGCGC_9_1_1	tumor	
ACTTGTTCAGCTTCGG_9_1_1	tumor	
AGGCCACGTTATTCTC_9_1_1	tumor	
ACATCAGGTTCGTGAT_9_1_1	tumor	
ACGGAGAGTCGCGTGT_9_1_1	tumor	
CTACCCATCGTCTGCT_9_1_1	tumor	
GGCGACTCAGTTAACC_9_1_1	tumor	
CAGCATACATCGATGT_9_1_1	tumor	
GTATCTTGTCGTTGTA_9_1_1	tumor	
CAGAATCAGTACGTAA_9_1_1	tumor	
TTGACTTGTCTGATTG_9_1_1	tumor	
CGGGTCAAGGCAGGTT_9_1_1	tumor	
GCATGATCAAGGTTTC_9_1_1	tumor	
CCGTTCAAGGGAAACA_9_1_1	tumor	
GCTTGAAGTAAACACA_9_1_1	tumor	
CCTAAAGTCTGCCCTA_9_1_1	normal	
ACACTGAGTTAAGGGC_9_1_1	tumor	
CTACACCAGAGTTGGC_9_1_1	normal	
TTTACTGAGCACGCCT_9_1_1	tumor	
TTGAACGTCACTTATC_9_1_1	tumor	
TAAACCGGTGGTCCGT_9_1_1	tumor	
CGTCTACAGCGTAGTG_9_1_1	tumor	
CTTAACTAGCGTGTCC_9_1_1	tumor	
TGCCCTAAGTCCCACG_9_1_1	tumor	
CAACTAGGTAAGGATT_9_1_1	tumor	
ACTGTCCAGTGGAGTC_9_1_1	tumor	
GATTCAGAGCGTAATA_9_1_1	tumor	
GTAACGTTCCCAACGG_9_1_1	tumor	
ATAACGCAGATGTTAG_9_1_1	tumor	
TGATTTCGTCTCTCGT_9_1_1	tumor	
CCTACACGTAGCCTAT_9_1_1	tumor	
GGGATGAAGGTGATTA_9_1_1	tumor	
GGGATGAAGATCACGG_9_1_1	normal	
GGAACTTTCGCTTGTC_9_1_1	tumor	
TAGAGCTCATTTGCCC_9_1_1	tumor	
ACGCCAGCAAGTTGTC_9_1_1	tumor	
GTGTGCGGTTAGTGGG_9_1_1	tumor	
CCTTCGACACATGGGA_9_1_1	tumor	
CAGCGACTCCTACAGA_9_1_1	tumor	
GGCGACTGTCGAGTTT_9_1_1	tumor	
TTCGGTCCAACGCACC_9_1_1	tumor	
TTGCGTCGTTCATGGT_9_1_1	tumor	
ATTTCTGTCACCTTAT_9_1_1	tumor	
TTCGGTCAGTCCTCCT_9_1_1	tumor	
ACGATGTCACCGCTAG_9_1_1	tumor	
TTAGGACTCCCTTGTG_9_1_1	tumor	
TGCGTGGCATTAGGCT_9_1_1	tumor	
CTGCCTATCGTAGGTT_9_1_1	normal	
CAGAATCTCCGCATAA_9_1_1	tumor	
GCCAAATGTGATAAAC_9_1_1	tumor	
CGTCTACTCCAGTAGT_9_1_1	tumor	
CGTGTCTAGCGTTTAC_9_1_1	tumor	
ACGGGTCAGAATCTCC_9_1_1	tumor	
CTAGCCTTCCGCATAA_9_1_1	tumor	
GTGTTAGGTAGGCATG_9_1_1	tumor	
GTTCGGGAGAGTCTGG_9_1_1	tumor	
TAGACCATCGATGAGG_9_1_1	tumor	
TTGCGTCTCTGTTTGT_9_1_1	tumor	
GCGCAACAGTCAAGCG_9_1_1	tumor	
AAGGAGCCAAAGTCAA_9_1_1	tumor	
AGCGTCGGTCTAAACC_9_1_1	tumor	
GCGACCACACAACGCC_9_1_1	tumor	
CGTCAGGTCAGAGCTT_9_1_1	tumor	
TGACTTTGTTTGTGTG_9_1_1	tumor	
CTAGTGACACTCAGGC_9_1_1	tumor	
ATGAGGGGTTACGTCA_9_1_1	tumor	
GCAGTTACACGCTTTC_9_1_1	tumor	
CAACCTCAGTGGGATC_9_1_1	tumor	
TTAGGACTCGTAGGTT_9_1_1	tumor	
GACTAACCATGCTAGT_9_1_1	tumor	
AGGTCCGCAATGTTGC_9_1_1	tumor	
CGATGTAAGCGGATCA_9_1_1	tumor	
TTAACTCCAATAACGA_9_1_1	tumor	
TTTGCGCTCAGTGTTG_9_1_1	tumor	
TCTATTGTCTGCCAGG_9_1_1	tumor	
CGCGTTTTCTGTGCAA_9_1_1	tumor	
AAAGATGTCAATAAGG_9_1_1	tumor	
GCAGCCATCACTCTTA_9_1_1	tumor	
CGGACGTAGCTGCCCA_9_1_1	normal	
ATTGGACAGAGCTATA_9_1_1	tumor	
GACGTTAGTCTACCTC_9_1_1	tumor	
GAAGCAGCAGACGCCT_9_1_1	tumor	
GCTCTGTCAGACGCTC_9_1_1	tumor	
CGAATGTTCAGCTTAG_9_1_1	tumor	
GTCTCGTAGTAATCCC_9_1_1	tumor	
TCGCGTTTCCGTCATC_9_1_1	tumor	
TGGTTAGAGGAGTTTA_9_1_1	tumor	
CTGATCCCAGGGAGAG_9_1_1	tumor	
TTAGGCAAGACTTTCG_9_1_1	tumor	
GCTCCTAAGTTTAGGA_9_1_1	tumor	
GAAACTCCAAAGGAAG_9_1_1	tumor	
CAGCTAAGTCAGTGGA_9_1_1	tumor	
CGCGTTTCACACATGT_9_1_1	tumor	
GACACGCCAAACGCGA_9_1_1	tumor	
CCTCAGTAGGCATGGT_9_1_1	tumor	
GCAGTTAAGGAGTCTG_9_1_1	tumor	
CGCTATCAGCCAGTAG_9_1_1	tumor	
AGCTCTCTCGAATGCT_9_1_1	tumor	
CCTTCGAAGACAAGCC_9_1_1	normal	
CCCAGTTCACAGATTC_9_1_1	tumor	
TGGCGCACAAGAAGAG_9_1_1	tumor	
TAGTGGTCACCCATTC_9_1_1	tumor	
CCGTACTGTTATTCTC_9_1_1	tumor	
CTGCTGTGTTCGGGCT_9_1_1	tumor	
TCAGCTCCAATCTGCA_9_1_1	tumor	
CTTAGGAGTCGCGTGT_9_1_1	tumor	
ACTTACTCAGTAGAGC_9_1_1	tumor	
GGCTCGAAGTAATCCC_9_1_1	normal	
CATCGAATCTATCCTA_9_1_1	tumor	
ATGCGATCAAAGAATC_9_1_1	tumor	
TGTCCCACACAACTGT_9_1_1	tumor	
TGGTTAGAGGTGTTAA_9_1_1	tumor	
TCGTACCTCGGCTTGG_9_1_1	tumor	
CAGTCCTTCGCACTCT_9_1_1	tumor	
GTGAAGGTCTTGCCGT_9_1_1	tumor	
GGTGAAGGTAGCGATG_9_1_1	tumor	
CATTATCGTGCCTGTG_9_1_1	normal	
TTTGGTTAGTAGCCGA_9_1_1	tumor	
CCCAGTTAGAGCCCAA_9_1_1	tumor	
TTTGCGCAGGACTGGT_9_1_1	tumor	
ATCTGCCCATATACGC_9_1_1	tumor	
GGACAAGGTTAAGACA_9_1_1	tumor	
GGGAATGGTAATCGTC_9_1_1	tumor	
AGCGGTCCACATCCAA_9_1_1	tumor	
GCTGCGAAGGAGCGTT_9_1_1	tumor	
ACTGAGTGTTCAGGCC_9_1_1	tumor	
ACACCGGTCTGGTGTA_9_1_1	tumor	
ATGGGAGTCTTAACCT_9_1_1	tumor	
ACACCCTCACGAGAGT_9_1_1	tumor	
GGCCGATTCTCTTATG_9_1_1	tumor	
CGAGAAGAGCAGACTG_9_1_1	tumor	
GTGCTTCCATCCGCGA_9_1_1	tumor	
TCCACACCATATGAGA_9_1_1	tumor	
TTAGGACCATAGAAAC_9_1_1	tumor	
TCGTACCTCTTAGCCC_9_1_1	tumor	
ACGGAGACAATCCAAC_9_1_1	normal	
GACTGCGCAATAGCGG_9_1_1	tumor	
GTGCGGTAGCAGCCTC_9_1_1	tumor	
CTAACTTTCGGTCCGA_9_1_1	tumor	
ACGGCCATCAGGTAAA_9_1_1	tumor	
ACCCACTCAGCTGCAC_9_1_1	tumor	
CGACCTTGTCTCTTAT_9_1_1	tumor	
CTCATTAGTACTTCTT_9_1_1	tumor	
GCATGCGTCATGTCCC_9_1_1	tumor	
AGCCTAAGTTGGAGGT_9_1_1	tumor	
ACTTACTAGAGTAATC_9_1_1	tumor	
GATCGATCAGTAACGG_9_1_1	tumor	
GCGCAGTTCTCGGACG_9_1_1	tumor	
TGGGCGTGTGTGGTTT_9_1_1	tumor	
GCAAACTCATGCCTTC_9_1_1	tumor	
CGTTGGGCACCGGAAA_9_1_1	tumor	
CATGACAGTAGGACAC_9_1_1	tumor	
ACTTGTTAGCGAAGGG_9_1_1	tumor	
CGTGAGCTCCGGCACA_9_1_1	tumor	
CGCGTTTCAACGATGG_9_1_1	tumor	
GCTCTGTAGAATGTGT_9_1_1	tumor	
TGGCTGGGTCCATCCT_9_1_1	normal	
CAACCTCCAAGTTGTC_9_1_1	tumor	
GCGGGTTTCTGGCGAC_9_1_1	tumor	
CTCGGGACATGTCGAT_9_1_1	tumor	
ACATACGAGGCAGGTT_9_1_1	tumor	
CTGATCCCAGAAGCAC_9_1_1	tumor	
CAGCATACATTTCAGG_9_1_1	tumor	
CCAATCCAGTGTCCAT_9_1_1	tumor	
CCTTACGAGTGGAGTC_9_1_1	tumor	
ACGATACGTCAGTGGA_9_1_1	tumor	
GAATAAGGTCCGTTAA_9_1_1	normal	
CCTTACGGTAAGGATT_9_1_1	tumor	
AGAATAGTCTCGTATT_9_1_1	tumor	
GGTATTGTCGGAATCT_9_1_1	tumor	
GGGTTGCCATCGGTTA_9_1_1	tumor	
CTTACCGTCATCTGCC_9_1_1	tumor	
TAAGCGTGTACTTAGC_9_1_1	tumor	
TGGCTGGAGGCAGGTT_9_1_1	tumor	
AGCATACTCGGAGCAA_9_1_1	tumor	
TGGCCAGCAAGCTGAG_9_1_1	tumor	
TGGGCGTGTTCAACCA_9_1_1	tumor	
GGTGAAGCAGAGCCAA_9_1_1	tumor	
GACAGAGGTCTCGTTC_9_1_1	tumor	
GTAACTGTCCGCAAGC_9_1_1	tumor	
AGCGTCGAGAAGGCCT_9_1_1	tumor	
CATATTCTCGTAGGAG_9_1_1	tumor	
ACGATACGTTCCCTTG_9_1_1	tumor	
TTTGCGCAGGTTCCTA_9_1_1	tumor	
CTCTGGTTCTTGCATT_9_1_1	tumor	
CAGGTGCTCGCTAGCG_9_1_1	tumor	
ATCTGCCGTTGTACAC_9_1_1	normal	
GATCGATGTCCCGACA_9_1_1	tumor	
TCGGTAACAGTCACTA_9_1_1	tumor	
GGGAATGCATATGAGA_9_1_1	tumor	
TTAGTTCCAACACCTA_9_1_1	tumor	
AGCCTAAGTACACCGC_9_1_1	tumor	
CTGATCCAGGCAGGTT_9_1_1	tumor	
GGTGTTAGTCGACTGC_9_1_1	tumor	
TCTTTCCGTACACCGC_9_1_1	tumor	
CTACATTGTACCCAAT_9_1_1	tumor	
AGGTCATGTCTAGCCG_9_1_1	tumor	
GGGCATCCATCTACGA_9_1_1	normal	
AGGTCATGTTCGGCAC_9_1_1	normal	
ACACCCTAGTAGATGT_9_1_1	tumor	
GTGAAGGCAGCATACT_9_1_1	tumor	
TTATGCTAGGTAAACT_9_1_1	tumor	
GCTGGGTAGGGCTTGA_9_1_1	tumor	
GTACGTACATTTGCTT_9_1_1	tumor	
CAAGAAAGTCGTGGCT_9_1_1	tumor	
GTCATTTAGTGTACTC_9_1_1	tumor	
TAGGCATGTTAAAGAC_9_1_1	tumor	
GTGTGCGAGCACCGCT_9_1_1	tumor	
AGGGATGAGTTGCAGG_9_1_1	tumor	
AGGGTGATCAGCGACC_9_1_1	tumor	
CGGACGTAGTGTTAGA_9_1_1	tumor	
ACCAGTATCAACGGGA_9_1_1	tumor	
CTCACACGTGTGGCTC_9_1_1	tumor	
GTCTTCGTCCGAGCCA_9_1_1	tumor	
TCAACGAGTAAGCACG_9_1_1	normal	
CGGACACCATCCGTGG_9_1_1	tumor	
CACCAGGCAATGCCAT_9_1_1	tumor	
GTACTCCGTCACACGC_9_1_1	tumor	
CAAGTTGGTCATACTG_9_1_1	tumor	
TACAGTGTCCGCTGTT_9_1_1	tumor	
TGGGCGTGTCCCTACT_9_1_1	tumor	
CCTATTAAGCTGTTCA_9_1_1	tumor	
CATCAAGCATGTAAGA_9_1_1	tumor	
TTCTCCTTCCTTCAAT_9_1_1	tumor	
TTATGCTAGGAGTCTG_9_1_1	tumor	
GACAGAGCAGAGTGTG_9_1_1	tumor	
CTCATTAGTCATCGGC_9_1_1	tumor	
CGGGTCAGTACTTCTT_9_1_1	tumor	
TCGTAGATCAACGGCC_9_1_1	tumor	
CGGTTAAAGAGTAATC_9_1_1	tumor	
GTCGGGTAGGTGGGTT_9_1_1	tumor	
TCTCATACAAGAGGCT_9_1_1	tumor	
GATCGTAGTTATGTGC_9_1_1	tumor	
CACACCTAGGCCCTTG_9_1_1	tumor	
CTAGAGTAGTATCGAA_9_1_1	tumor	
CTGCCTAAGTTATCGC_9_1_1	tumor	
GTAACTGCATCTCCCA_9_1_1	tumor	
CGTCTACGTGTTCGAT_9_1_1	tumor	
TTCTCAATCCTAGGGC_9_1_1	tumor	
GCATGTATCAAGGCTT_9_1_1	tumor	
TCCACACTCCCACTTG_9_1_1	tumor	
CATCCACCAAAGTGCG_9_1_1	tumor	
ACACTGATCGGCCGAT_9_1_1	tumor	
CTCGGGAGTTGCCTCT_9_1_1	tumor	
TCGGTAATCACCATAG_9_1_1	tumor	
AGTAGTCCAAGCCTAT_9_1_1	tumor	
TGCCAAAAGAGCCCAA_9_1_1	tumor	
CCTTCGAGTCCTGCTT_9_1_1	tumor	
ACCCACTGTCGGGTCT_9_1_1	tumor	
CTAAGACTCTGCTGTC_9_1_1	tumor	
TGCTGCTTCCGCATCT_9_1_1	normal	
GTATCTTGTAGAAGGA_9_1_1	tumor	
CCGTACTAGATAGGAG_9_1_1	tumor	
GATCGATGTTTGGGCC_9_1_1	tumor	
CCTTCCCCACGTGAGA_9_1_1	tumor	
CTACGTCGTCTCTCGT_9_1_1	tumor	
TCTTTCCAGTGCAAGC_9_1_1	tumor	
TCAACGACATACCATG_9_1_1	tumor	
GGACGTCAGCGTCTAT_9_1_1	tumor	
ACTTGTTCACGAAAGC_9_1_1	tumor	
AAGCCGCAGTGGGCTA_9_1_1	tumor	
ACGAGCCCATCTGGTA_9_1_1	tumor	
GGACGTCGTAATAGCA_9_1_1	normal	
ATTCTACCACCCATTC_9_1_1	tumor	
GCGCGATCACTTAAGC_9_1_1	tumor	
AGTGTCACACAGTCGC_9_1_1	tumor	
GGAAAGCCATTTGCCC_9_1_1	tumor	
CTCATTATCGTCCAGG_9_1_1	tumor	
TCGTAGAAGCTGCAAG_9_1_1	tumor	
GGACATTAGGCTAGAC_9_1_1	tumor	
CATTATCTCAGCGATT_9_1_1	normal	
TGACTAGGTCTCTCTG_9_1_1	tumor	
GAATAAGGTCGAGTTT_9_1_1	tumor	
AGGCCACCATGGAATA_9_1_1	tumor	
CGACCTTGTTGGACCC_9_1_1	tumor	
TTGACTTAGTACGACG_9_1_1	tumor	
CTCGGGATCGGTGTCG_9_1_1	tumor	
CACTCCAGTAGAGCTG_9_1_1	tumor	
CGATTGAAGACTAGAT_9_1_1	tumor	
AGCTCTCAGTGTCTCA_9_1_1	tumor	
TAGCCGGGTTCCAACA_9_1_1	tumor	
CAAGAAAAGTGACTCT_9_1_1	tumor	
CACTCCATCTGAAAGA_9_1_1	tumor	
TACGGGCGTCCATCCT_9_1_1	tumor	
AGCTCTCAGAGCCCAA_9_1_1	tumor	
TCGCGTTCATACGCCG_9_1_1	tumor	
CTGATCCGTATATGGA_9_1_1	tumor	
CTGCCTAGTCAACATC_9_1_1	tumor	
ACACTGAGTCATATGC_9_1_1	tumor	
CTCGAGGGTAGCAAAT_9_1_1	tumor	
TGCCCATCAAACCCAT_9_1_1	tumor	
CCTTACGTCAGTACGT_9_1_1	tumor	
ATCTGCCAGATGAGAG_9_1_1	tumor	
GCATACACAAGACGTG_9_1_1	tumor	
GGGAATGAGCGTTGCC_9_1_1	normal	
CAGTCCTCAAACTGCT_9_1_1	tumor	
TCTTCGGTCCCTGACT_9_1_1	tumor	
GACGGCTTCCTTTCGG_9_1_1	tumor	
ACGTCAAGTATGCTTG_9_1_1	tumor	
TCGGTAACAACAACCT_9_1_1	tumor	
AAACGGGCAACAACCT_9_1_1	tumor	
CGGACACTCGTCCAGG_9_1_1	tumor	
GTGCATACACTGTGTA_9_1_1	tumor	
CGTCAGGGTAGGGTAC_9_1_1	tumor	
CTGCTGTGTCAAGCGA_9_1_1	tumor	
CGATGGCTCGCAGGCT_9_1_1	tumor	
GGCTCGAAGGCCCTCA_9_1_1	tumor	
GTCGGGTCATTACGAC_9_1_1	tumor	
GTGTGCGTCAACACAC_9_1_1	normal	
CATGACATCCGCAAGC_9_1_1	tumor	
TGTCCCACAAGCCGTC_9_1_1	tumor	
AAGCCGCGTAGGGACT_9_1_1	tumor	
TCGGTAAGTCCAAGTT_9_1_1	tumor	
CTGCCTACAAGTCATC_9_1_1	tumor	
CTAGAGTAGACTTGAA_9_1_1	normal	
CGCGGTATCAGTGTTG_9_1_1	tumor	
TGTGTTTAGGGTGTGT_9_1_1	tumor	
CCACTACCAGCTTAAC_9_1_1	tumor	
AGGGATGGTACGAAAT_9_1_1	tumor	
TCTGGAATCACCTTAT_9_1_1	normal	
TACCTTAGTTCGTGAT_9_1_1	tumor	
TCAGCAAAGTAGTGCG_9_1_1	tumor	
CCGTACTAGACAAAGG_9_1_1	normal	
TATGCCCTCACCAGGC_9_1_1	tumor	
TGAGGGAAGGCCGAAT_9_1_1	tumor	
GTAACTGTCACATACG_9_1_1	tumor	
TCACAAGGTTTGACTG_9_1_1	tumor	
AATCGGTGTTAGATGA_9_1_1	tumor	
GACTGCGCATACCATG_9_1_1	tumor	
TTCGGTCGTTGTTTGG_9_1_1	tumor	
GCACTCTGTTAGGGTG_9_1_1	tumor	
CTCCTAGCAATAGAGT_9_1_1	tumor	
ACAGCTATCCCTTGTG_9_1_1	tumor	
TCATTACAGTTCGCAT_9_1_1	tumor	
CATGGCGTCAACACTG_9_1_1	tumor	
GGTATTGAGAGCTGCA_9_1_1	tumor	
GTGCATACAGTCTTCC_9_1_1	tumor	
CACATTTTCAGGCCCA_9_1_1	tumor	
CGAACATCAAACTGTC_9_1_1	tumor	
GAATAAGTCGATCCCT_9_1_1	tumor	
CGAGAAGCACACCGAC_9_1_1	tumor	
GCAGTTAGTCGGATCC_9_1_1	tumor	
ACACTGACAGTGAGTG_9_1_1	tumor	
TGTATTCAGATGTGTA_9_1_1	tumor	
CGCTATCAGTTCGCGC_9_1_1	tumor	
TACTCGCCATGAGCGA_9_1_1	tumor	
GCGCCAAAGATGTGTA_9_1_1	tumor	
GCATGCGCAGCTGGCT_9_1_1	tumor	
AGAGCTTTCTTGTATC_9_1_1	normal	
ACTTACTTCGTGGACC_9_1_1	tumor	
TCGTACCGTATAGGGC_9_1_1	tumor	
GGAATAAGTGAGGCTA_9_1_1	tumor	
ACTGAACCATCTCCCA_9_1_1	tumor	
AAGCCGCTCAGAGCTT_9_1_1	tumor	
AACTCAGTCTTGTATC_9_1_1	tumor	
GTGCATATCTAAGCCA_9_1_1	normal	
GGCTCGAAGAGACTAT_9_1_1	tumor	
GACAGAGCACAACGCC_9_1_1	tumor	
CGGGTCAGTACCAGTT_9_1_1	normal	
ACTGATGCAAGCGATG_9_1_1	tumor	
AATCCAGAGCTAACTC_9_1_1	tumor	
GCATGTATCCGCATCT_9_1_1	tumor	
TTAGGCACATGTCGAT_9_1_1	tumor	
AACCGCGAGTTACCCA_9_1_1	tumor	
TTAACTCCAGACGCTC_9_1_1	tumor	
AGAGCGAGTTGATTCG_9_1_1	tumor	
CTACCCAGTTACCAGT_9_1_1	tumor	
TATCAGGGTTGCTCCT_9_1_1	tumor	
CGTCACTAGCCCAACC_9_1_1	tumor	
TAGAGCTTCCGATATG_9_1_1	tumor	
CAAGAAAGTCTCCATC_9_1_1	tumor	
AGATCTGTCTTTAGGG_9_1_1	tumor	
AACTCAGGTGGTGTAG_9_1_1	tumor	
ACGGGCTAGTGGTCCC_9_1_1	tumor	
GTCTTCGCAGACGCAA_9_1_1	tumor	
GACCAATGTAAGGGAA_9_1_1	tumor	
AAGGAGCCAAGGACAC_9_1_1	tumor	
CGAGAAGAGATCCTGT_9_1_1	tumor	
CGAGCACTCAGTTTGG_9_1_1	tumor	
GAGGTGACATCCGTGG_9_1_1	tumor	
AGGGAGTGTTACGACT_9_1_1	tumor	
TTAGGACCAATCAGAA_9_1_1	tumor	
TTGAACGCAGGAATGC_9_1_1	tumor	
TGCACCTCATGACATC_9_1_1	tumor	
AAGGAGCCATTGTGCA_9_1_1	tumor	
TTGTAGGTCCCTAATT_9_1_1	tumor	
CATGACACATGACGGA_9_1_1	tumor	
GCACTCTAGTGCAAGC_9_1_1	tumor	
CTCTACGAGCGTGAAC_9_1_1	tumor	
CCTCTGAAGAACAACT_9_1_1	tumor	
ACTGAGTAGTAATCCC_9_1_1	tumor	
CATCAGAGTAACGCGA_9_1_1	tumor	
ACTTGTTCAGGTGGAT_9_1_1	tumor	
CTAATGGTCTAACTTC_9_1_1	tumor	
CCGGTAGAGCAGCCTC_9_1_1	normal	
TGTATTCCATGGGAAC_9_1_1	tumor	
GATCGTACAGCCTTGG_9_1_1	tumor	
TACTCGCGTCAACATC_9_1_1	tumor	
AATCCAGTCATTATCC_9_1_1	tumor	
AGGCCGTAGGCACATG_9_1_1	normal	
CGGAGCTTCACCTTAT_9_1_1	tumor	
TGAAAGAAGCGTGAGT_9_1_1	tumor	
CAGTCCTGTTAGTGGG_9_1_1	tumor	
CAAGAAAGTCGGCTCA_9_1_1	tumor	
GCAGTTATCCGAAGAG_9_1_1	tumor	
GTTTCTACAATCGAAA_9_1_1	tumor	
AGAGCGACAGCTCGCA_9_1_1	tumor	
ATCCGAATCGTTTATC_9_1_1	tumor	
GAGGTGATCTGGCGAC_9_1_1	tumor	
CTACCCATCACAGGCC_9_1_1	tumor	
AACTGGTAGAGTACAT_9_1_1	tumor	
ACACCAAGTAAGTGGC_9_1_1	tumor	
AACCGCGAGTGTACGG_9_1_1	tumor	
CACAAACGTTCAACCA_9_1_1	tumor	
CTACATTGTAGCGCAA_9_1_1	tumor	
CAGCCGATCTTCGAGA_9_1_1	tumor	
CAGCATATCCCACTTG_9_1_1	tumor	
GAACCTAGTCATCCCT_9_1_1	tumor	
CATCGAATCCAGGGCT_9_1_1	tumor	
GGGAGATGTCTAAAGA_9_1_1	tumor	
ATAACGCTCCATTCTA_9_1_1	tumor	
CGGACTGGTCCTGCTT_9_1_1	tumor	
ACATGGTGTGGACGAT_9_1_1	tumor	
CACCACTGTTCCGTCT_9_1_1	tumor	
TATTACCTCGGATGGA_9_1_1	tumor	
TGAGCCGGTGGAAAGA_9_1_1	tumor	
CACACAAAGTGAAGTT_9_1_1	tumor	
TGGTTAGGTTCAGCGC_9_1_1	tumor	
CCTTCCCCAAAGTCAA_9_1_1	tumor	
CAACCAATCGTTGACA_9_1_1	tumor	
CTCGAAAGTCGACTGC_9_1_1	tumor	
ACGCAGCCACGCCAGT_9_1_1	normal	
CTACACCTCAACACTG_9_1_1	tumor	
TGACAACAGCCACGCT_9_1_1	tumor	
TATTACCCAGATAATG_9_1_1	tumor	
ACAGCCGAGTGACTCT_9_1_1	tumor	
ACCTTTACATGTTGAC_9_1_1	tumor	
CGTTCTGAGTCAAGGC_9_1_1	normal	
GACGTTAGTGTAATGA_9_1_1	tumor	
TCAGGATAGTACGTAA_9_1_1	tumor	
CATCGGGAGCGTAGTG_9_1_1	tumor	
TCGAGGCAGGTTCCTA_9_1_1	tumor	
AACACGTGTCAGGACA_9_1_1	tumor	
GAACATCAGAAGGTTT_9_1_1	tumor	
CGATCGGCATCTCCCA_9_1_1	tumor	
CAAGATCGTGCGGTAA_9_1_1	tumor	
TCGGTAATCGGAAATA_9_1_1	tumor	
CAGCCGAGTAGTACCT_9_1_1	tumor	
TAGTGGTTCGATGAGG_9_1_1	tumor	
TTCTTAGCAGCTGTTA_9_1_1	tumor	
TGGCCAGAGTTAAGTG_9_1_1	tumor	
TGCCCATGTGGTACAG_9_1_1	tumor	
ATCATGGAGACAAGCC_9_1_1	tumor	
TGGCCAGTCATTGCCC_9_1_1	normal	
GCAAACTGTACCTACA_9_1_1	tumor	
TTCGGTCGTATAAACG_9_1_1	normal	
GTGCGGTGTACCCAAT_9_1_1	tumor	
TAGTTGGAGCCGATTT_9_1_1	tumor	
GCGCAACGTATAAACG_9_1_1	normal	
ACACCGGAGAGCAATT_9_1_1	normal	
AGGTCATGTTCAGTAC_9_1_1	tumor	
CGATGGCTCTTGAGGT_9_1_1	tumor	
GGCAATTTCTGATACG_9_1_1	tumor	
AGCGGTCGTTCCCTTG_9_1_1	tumor	
TACAGTGGTAGCCTAT_9_1_1	tumor	
CTCGGAGCATACCATG_9_1_1	tumor	
ATCTACTTCTGGCGAC_9_1_1	tumor	
TGCGGGTCAGATTGCT_9_1_1	normal	
TGGCCAGTCAACACCA_9_1_1	tumor	
CTCGAGGTCATCTGCC_9_1_1	tumor	
AGCGTCGAGGGTTCCC_9_1_1	tumor	
GGCGTGTTCGCACTCT_9_1_1	tumor	
CTCACACAGGAATCGC_9_1_1	normal	
TTGAACGCAAACGTGG_9_1_1	tumor	
GGCAATTGTGTGACCC_9_1_1	tumor	
TCACGAAGTCGCGTGT_9_1_1	tumor	
CGTTCTGGTCAAGCGA_9_1_1	tumor	
TGCCAAATCTTCGGTC_9_1_1	tumor	
GCTTCCACAAGCTGAG_9_1_1	tumor	
CACCTTGTCTTCTGGC_9_1_1	tumor	
GAATAAGGTCTTGTCC_9_1_1	tumor	
TAGGCATTCCGCATAA_9_1_1	tumor	
TGACAACAGATTACCC_9_1_1	tumor	
GACGTGCCATTTGCTT_9_1_1	tumor	
TTCGAAGTCTTCATGT_9_1_1	tumor	
CCTTTCTAGGTGCAAC_9_1_1	normal	
TCAGGATAGGCATGGT_9_1_1	tumor	
GATGCTACAATCTGCA_9_1_1	tumor	
TTTATGCCATTAACCG_9_1_1	tumor	
ATTCTACAGGATGTAT_9_1_1	tumor	
TGTCCCAAGAGTCGGT_9_1_1	tumor	
AGTGTCACACGTGAGA_9_1_1	tumor	
GGGATGACACCTCGTT_9_1_1	tumor	
TCTTCGGGTCCAACTA_9_1_1	tumor	
GACGCGTAGTAAGTAC_9_1_1	tumor	
TGCGGGTGTAGCCTAT_9_1_1	tumor	
AGTTGGTTCTCTGTCG_9_1_1	tumor	
GATGAAACAATCGAAA_9_1_1	tumor	
TAAGAGAAGCCCAATT_9_1_1	tumor	
CATGACACAGGGAGAG_9_1_1	tumor	
AGAATAGTCCCGGATG_9_1_1	tumor	
AGGGTGACACAGAGGT_9_1_1	tumor	
GTCCTCAGTCCATCCT_9_1_1	tumor	
GGATGTTCACCGGAAA_9_1_1	tumor	
TAGTTGGAGATGCCAG_9_1_1	tumor	
GTGTTAGCAAGTAATG_9_1_1	tumor	
AGGGAGTAGTACGACG_9_1_1	tumor	
CTAATGGGTGCAGTAG_9_1_1	tumor	
TTTGGTTAGACGCAAC_9_1_1	tumor	
AGCTTGACATTAACCG_9_1_1	tumor	
GCTCTGTAGATCCCAT_9_1_1	normal	
CTCGTACAGGATGGAA_9_1_1	tumor	
TATTACCTCGGGAGTA_9_1_1	tumor	
TTAGTTCAGACTAGGC_9_1_1	normal	
AACTTTCAGCAATCTC_9_1_1	tumor	
TAGGCATTCAGGTTCA_9_1_1	tumor	
GCCAAATTCAAGCCTA_9_1_1	tumor	
TCACAAGCACACCGCA_9_1_1	tumor	
ACGATGTAGCCGCCTA_9_1_1	tumor	
AAGGCAGCACAAGCCC_9_1_1	tumor	
CTAAGACAGTACGTAA_9_1_1	tumor	
GAAATGAGTATATGGA_9_1_1	tumor	
CCTTCGAGTTGCTCCT_9_1_1	tumor	
GGCTGGTTCAGGTTCA_9_1_1	tumor	
TTATGCTGTTCAGACT_9_1_1	normal	
CAGAATCTCGAACGGA_9_1_1	tumor	
CTACCCACATCACGTA_9_1_1	tumor	
CAAGATCTCAAGGTAA_9_1_1	tumor	
GTAGGCCAGACTTTCG_9_1_1	tumor	
CTACCCAGTACCTACA_9_1_1	tumor	
GATGAGGGTTACGACT_9_1_1	tumor	
AACGTTGTCCATGCTC_9_1_1	normal	
GATGAAACATATGCTG_9_1_1	tumor	
ACTTGTTGTACATGTC_9_1_1	normal	
GCCTCTAAGGATGTAT_9_1_1	tumor	
AGAATAGTCCGTCAAA_9_1_1	tumor	
GGATGTTGTACTCTCC_9_1_1	tumor	
CCGTTCAGTCTAGTGT_9_1_1	tumor	
AAGGTTCGTCAGAATA_9_1_1	tumor	
ATAACGCTCATTGCCC_9_1_1	tumor	
TGCGGGTAGAACTCGG_9_1_1	tumor	
ACCAGTAGTGAGGGTT_9_1_1	tumor	
GAACATCAGTCGTACT_9_1_1	tumor	
GTAACTGGTCTCTCTG_9_1_1	tumor	
CTCTAATCAATAAGCA_9_1_1	tumor	
CGCTGGATCAGGCAAG_9_1_1	tumor	
TCACGAAAGAGGTAGA_9_1_1	tumor	
TGAGCATCAAGGTTCT_9_1_1	tumor	
TGGCGCACAGCTCCGA_9_1_1	tumor	
ACATACGCAATGGATA_9_1_1	tumor	
ATTACTCCATTCTCAT_9_1_1	tumor	
GGACAAGTCGCGATCG_9_1_1	tumor	
CCTACACTCTGCAAGT_9_1_1	tumor	
GATCAGTGTGGCCCTA_9_1_1	tumor	
GGCAATTAGCCAGTTT_9_1_1	tumor	
GCGGGTTAGGGCACTA_9_1_1	tumor	
GTGCTTCAGCCATCGC_9_1_1	tumor	
ACTGAGTGTAAAGTCA_9_1_1	tumor	
GTGCTTCTCTCAAACG_9_1_1	tumor	
GAACGGATCTAGCACA_9_1_1	tumor	
AGTGTCAAGGTTCCTA_9_1_1	tumor	
TTGCCGTCAGCCTTTC_9_1_1	normal	
ATTGGACGTTCACCTC_9_1_1	normal	
TCTTTCCTCGGAGCAA_9_1_1	tumor	
AGTGGGAGTTTGGGCC_9_1_1	tumor	
GCGAGAAGTTAGTGGG_9_1_1	tumor	
GAGGTGACAGCTTAAC_9_1_1	tumor	
GCCAAATTCAACTCTT_9_1_1	tumor	
GAACGGACAAGTCTAC_9_1_1	tumor	
TGCTACCTCGCCTGTT_9_1_1	tumor	
GATCTAGGTCCGAGTC_9_1_1	tumor	
TATCAGGCATAGAAAC_9_1_1	tumor	
CAGCTAACAATAGCGG_9_1_1	tumor	
TCAATCTAGAGCCCAA_9_1_1	normal	
TTCTTAGGTCAAAGAT_9_1_1	tumor	
TACGGGCCACAGACAG_9_1_1	tumor	
TCTGGAACATCACCCT_9_1_1	tumor	
CGCTGGAGTGCACTTA_9_1_1	normal	
AAAGCAAGTAATAGCA_9_1_1	tumor	
CCCTCCTTCGAATGCT_9_1_1	normal	
CTGTTTAGTCACCTAA_9_1_1	tumor	
TGACGGCGTTACAGAA_9_1_1	tumor	
CATGCCTCAAAGCGGT_9_1_1	tumor	
TGTGGTACACCTATCC_9_1_1	normal	
CACCTTGTCTCGAGTA_9_1_1	tumor	
GAGCAGATCAGTTTGG_9_1_1	normal	
AGGTCCGGTGGACGAT_9_1_1	tumor	
GGTATTGGTGCGGTAA_9_1_1	tumor	
GAACATCCAGTAGAGC_9_1_1	tumor	
GTTACAGCAGTATCTG_9_1_1	tumor	
TAGACCATCGGCGGTT_9_1_1	tumor	
CACACAATCCGTCAAA_9_1_1	tumor	
CTTTGCGAGGTTACCT_9_1_1	normal	
CGATGGCTCGGCATCG_9_1_1	tumor	
GACGTTAGTAGCGTCC_9_1_1	tumor	
ATTATCCAGAACAATC_9_1_1	tumor	
CCTAGCTTCTGGCGTG_9_1_1	tumor	
GTCATTTTCGAGGTAG_9_1_1	tumor	
ATCCGAAAGAGATGAG_9_1_1	tumor	
CTACATTAGATATGCA_9_1_1	tumor	
AACGTTGGTCTAGGTT_9_1_1	tumor	
TTGGCAAGTATCACCA_9_1_1	tumor	
AGTGAGGCATATACGC_9_1_1	tumor	
GCTGCTTAGCAGATCG_9_1_1	tumor	
CAGAGAGCATCTACGA_9_1_1	tumor	
AACTCCCTCGCCAAAT_9_1_1	tumor	
ACCCACTCAGGCTGAA_9_1_1	tumor	
GTAGGCCGTCGACTAT_9_1_1	tumor	
CTGGTCTTCTTTACGT_9_1_1	tumor	
CTACGTCTCCTAAGTG_9_1_1	tumor	
AACCATGCACGCCAGT_9_1_1	tumor	
GGGACCTAGAGAACAG_9_1_1	tumor	
TAAGTGCGTAGCCTAT_9_1_1	tumor	
CCATTCGGTAGAAGGA_9_1_1	tumor	
GTCCTCAGTGGCGAAT_9_1_1	normal	
TGCACCTAGTGGAGAA_9_1_1	tumor	
CTACATTCATTATCTC_9_1_1	tumor	
TGGGAAGGTACATGTC_9_1_1	tumor	
CATCGAACAGATTGCT_9_1_1	tumor	
GATTCAGTCTCGGACG_9_1_1	tumor	
TCTTTCCTCGTTTATC_9_1_1	tumor	
GAAATGAGTCGGGTCT_9_1_1	tumor	
GCGACCAAGACTACAA_9_1_1	tumor	
CACAGTATCTACTATC_9_1_1	tumor	
CTGTTTATCCGCTGTT_9_1_1	tumor	
CAGAATCTCAAACCAC_9_1_1	normal	
GCATGATTCCTATGTT_9_1_1	tumor	
TAGCCGGTCGGCGCAT_9_1_1	tumor	
CACTCCACACGGCGTT_9_1_1	tumor	
AAACCTGTCTCGCTTG_9_1_1	tumor	
ACTTTCAGTAGGCTGA_9_1_1	tumor	
AGGTCATTCGATCCCT_9_1_1	tumor	
TCGTAGAAGAAGAAGC_9_1_1	tumor	
AGATTGCTCAGGTTCA_9_1_1	tumor	
ACGAGCCGTCCGACGT_9_1_1	tumor	
CTGCCTACACCGCTAG_9_1_1	normal	
CAGAATCCAGCTGTAT_9_1_1	tumor	
GGAACTTTCCTGTAGA_9_1_1	tumor	
CTCTAATCAGGTCGTC_9_1_1	tumor	
CAGCATATCACATGCA_9_1_1	tumor	
TCTCTAAGTGCTCTTC_9_1_1	tumor	
CCTAGCTGTCTCACCT_9_1_1	tumor	
TCCACACAGTAACCCT_9_1_1	tumor	
AGATCTGTCTGCTTGC_9_1_1	normal	
CGGTTAAGTTAGTGGG_9_1_1	tumor	
CACACTCGTGCGCTTG_9_1_1	tumor	
ATCATCTTCGCGTAGC_9_1_1	tumor	
CATGACATCGCGGATC_9_1_1	tumor	
GCTGCAGAGAGTCGGT_9_1_1	tumor	
CGTCTACCAGGACCCT_9_1_1	tumor	
TCACAAGCATCGTCGG_9_1_1	tumor	
TACTCGCCAGGAACGT_9_1_1	tumor	
CGATCGGCACGTAAGG_9_1_1	tumor	
TAAGAGACAGGTCTCG_9_1_1	tumor	
AGAGTGGAGCTGCAAG_9_1_1	tumor	
TGGCCAGCACGAAAGC_9_1_1	tumor	
ACGTCAATCTACCAGA_9_1_1	tumor	
CCATTCGCATGGATGG_9_1_1	tumor	
TTCCCAGAGCTGAAAT_9_1_1	normal	
CCTCTGATCACCGGGT_9_1_1	tumor	
GACACGCAGTGGACGT_9_1_1	tumor	
AACCGCGGTCATACTG_9_1_1	tumor	
GCTCTGTAGGGCTCTC_9_1_1	normal	
ATCATGGGTTGTGGCC_9_1_1	tumor	
TGTTCCGCACGACGAA_9_1_1	tumor	
TGGCTGGTCGGGAGTA_9_1_1	tumor	
TTTGCGCTCGGCCGAT_9_1_1	tumor	
ACGAGCCCAGATGGCA_9_1_1	tumor	
TTCTCCTTCCTCAACC_9_1_1	tumor	
CCATGTCCATCGGGTC_9_1_1	tumor	
GTGCAGCTCTGCGACG_9_1_1	tumor	
CACACTCGTACCGGCT_9_1_1	tumor	
ATAGACCGTCTAGTCA_9_1_1	tumor	
TTAGTTCCAAACGCGA_9_1_1	tumor	
CCGTTCATCTCTGCTG_9_1_1	tumor	
TGGTTCCTCAACGCTA_9_1_1	tumor	
GGGAATGCACCTCGTT_9_1_1	tumor	
TTAGTTCGTAGCACGA_9_1_1	tumor	
AGCTTGACACATTCGA_9_1_1	tumor	
CCACGGAAGTGTACTC_9_1_1	tumor	
GTCTCGTCATGTCCTC_9_1_1	tumor	
ATTGGTGGTGCTCTTC_9_1_1	tumor	
TGTATTCCACCGAAAG_9_1_1	tumor	
CGCGGTAGTCCTAGCG_9_1_1	tumor	
CTAGTGAGTCATACTG_9_1_1	tumor	
CATTCGCCAATCAGAA_9_1_1	normal	
TGTGGTAAGCGATATA_9_1_1	tumor	
CTGAAACAGTAGTGCG_9_1_1	tumor	
AGATCTGCATCTATGG_9_1_1	tumor	
TTTATGCTCTTCGAGA_9_1_1	normal	
TCTTTCCCAAGGTTCT_9_1_1	tumor	
GATGAGGGTTATCCGA_9_1_1	tumor	
TCTCATACACCCAGTG_9_1_1	tumor	
CTCTGGTCATTGCGGC_9_1_1	tumor	
CATATGGTCCACGACG_9_1_1	tumor	
TACCTTATCACGACTA_9_1_1	tumor	
TCAGGTATCGGTTAAC_9_1_1	tumor	
AACACGTAGGTCATCT_9_1_1	tumor	
GGATGTTGTAGGGTAC_9_1_1	tumor	
ACCAGTAAGGCCATAG_9_1_1	tumor	
ACGATACAGGGTCGAT_9_1_1	tumor	
CGATCGGGTCTTGCGG_9_1_1	tumor	
TAGACCAAGCGTTGCC_9_1_1	tumor	
AGAGCGAAGACTAGAT_9_1_1	tumor	
ACCGTAAGTTAGATGA_9_1_1	tumor	
CTTAACTTCGGAAATA_9_1_1	tumor	
TGGTTAGGTCTTCGTC_9_1_1	tumor	
TACTCGCTCACATGCA_9_1_1	tumor	
TTTGTCAAGGCACATG_9_1_1	tumor	
GCGCAACGTTTGTGTG_9_1_1	tumor	
CAGAGAGAGGCATTGG_9_1_1	tumor	
GTGGGTCCATAGTAAG_9_1_1	tumor	
ACTGAACTCCAACCAA_9_1_1	tumor	
CCTAGCTGTCTGATTG_9_1_1	tumor	
GTTACAGCAGTAGAGC_9_1_1	tumor	
GGGCACTCATATGCTG_9_1_1	tumor	
CTGCCTATCTATGTGG_9_1_1	tumor	
CATCGGGGTGTCAATC_9_1_1	tumor	
CAGAATCTCATCACCC_9_1_1	tumor	
TCGCGAGTCATAACCG_9_1_1	normal	
AGACGTTAGCTTATCG_9_1_1	tumor	
AGCGTCGTCTATGTGG_9_1_1	tumor	
CAGCTGGGTCACAAGG_9_1_1	normal	
GCATGATAGGGCACTA_9_1_1	tumor	
TGAAAGAAGTGCGTGA_9_1_1	tumor	
AGCAGCCTCTACTTAC_9_1_1	tumor	
GTACTTTGTTTGGGCC_9_1_1	tumor	
GTACGTAGTACTTCTT_9_1_1	normal	
CTGCGGATCTTTAGTC_9_1_1	tumor	
GAAACTCAGAGTACAT_9_1_1	tumor	
TGGACGCGTACGACCC_9_1_1	tumor	
CATTATCAGTACATGA_9_1_1	tumor	
CGATCGGCATACCATG_9_1_1	tumor	
ACTGTCCTCCCAAGAT_9_1_1	tumor	
AGGGTGAAGAAGGACA_9_1_1	tumor	
AAGGCAGAGTGTGGCA_9_1_1	tumor	
ACTTTCACACCCAGTG_9_1_1	tumor	
AACCATGTCCGTTGCT_9_1_1	tumor	
GAGGTGAGTTAAGAAC_9_1_1	tumor	
CCCTCCTGTGCACCAC_9_1_1	tumor	
ACGGGCTAGCCAGTTT_9_1_1	tumor	
TCAGCAAGTTCAGGCC_9_1_1	tumor	
AGTGGGATCGCCTGAG_9_1_1	tumor	
AACTGGTAGGGTGTGT_9_1_1	tumor	
ATCCACCGTGACGGTA_9_1_1	tumor	
CTCACACCACCCAGTG_9_1_1	tumor	
ACGCCAGGTTAAGAAC_9_1_1	tumor	
AACTCAGTCCGCAAGC_9_1_1	tumor	
CCTAGCTGTCATATGC_9_1_1	tumor	
ACGCCGAGTGTAACGG_9_1_1	tumor	
GGAGCAAGTTCGGCAC_9_1_1	normal	
GATCTAGAGCAAATCA_9_1_1	tumor	
GTATTCTTCGAACTGT_9_1_1	tumor	
CATATTCGTCGAGATG_9_1_1	tumor	
GCCAAATTCCCGACTT_9_1_1	tumor	
GAACGGATCTGCGTAA_9_1_1	normal	
ATTGGTGTCAGAGCTT_9_1_1	tumor	
ACGATACCAGGTCTCG_9_1_1	tumor	
CGTCTACAGTTTGCGT_9_1_1	tumor	
GCGCCAACAATGGACG_9_1_1	normal	
CCCTCCTAGACTGTAA_9_1_1	tumor	
TAGGCATGTCTCTTTA_9_1_1	tumor	
ACGTCAAGTATATGAG_9_1_1	tumor	
CCTTTCTCAGACACTT_9_1_1	tumor	
TCCACACTCAAACGGG_9_1_1	tumor	
CTCAGAACACATCTTT_9_1_1	normal	
TACGGTAAGCCCTAAT_9_1_1	tumor	
CCTCTGAGTGAGGCTA_9_1_1	normal	
GCATGTAGTCGTCTTC_9_1_1	tumor	
AACTCCCGTTGGAGGT_9_1_1	tumor	
GGACATTGTTAGTGGG_9_1_1	tumor	
ATCATCTGTCAAAGAT_9_1_1	tumor	
TACGGTAAGGCTATCT_9_1_1	tumor	
ACTGCTCTCGTTTGCC_9_1_1	tumor	
CAGCGACTCTTAGAGC_9_1_1	tumor	
ACAGCTAGTTACTGAC_9_1_1	tumor	
ATCACGAAGTCCGGTC_9_1_1	tumor	
CTGCCTACACCCATTC_9_1_1	tumor	
TGCTGCTCAAGCTGAG_9_1_1	tumor	
ATGAGGGGTGTTTGGT_9_1_1	tumor	
ATCATGGAGCAAATCA_9_1_1	tumor	
GACCAATGTCACCCAG_9_1_1	tumor	
CATCGAAGTAAATACG_9_1_1	tumor	
GGAAAGCGTTCAGTAC_9_1_1	tumor	
CAGCTAAGTTTGACAC_9_1_1	tumor	
GTAGGCCAGCGATTCT_9_1_1	tumor	
GGCTCGATCAACGCTA_9_1_1	tumor	
TCCACACAGCAGCCTC_9_1_1	tumor	
GGGAATGTCAACGGGA_9_1_1	tumor	
GTTCATTCAGACAAGC_9_1_1	tumor	
CGTGTCTAGAGCTTCT_9_1_1	tumor	
CATATTCAGTGGTCCC_9_1_1	tumor	
AACTGGTTCAGCTCTC_9_1_1	tumor	
CGGTTAATCTCAAGTG_9_1_1	tumor	
TTAACTCCACACTGCG_9_1_1	normal	
TGAAAGAAGTGCCAGA_9_1_1	tumor	
GCATACAAGTCTCCTC_9_1_1	tumor	
GCGCGATCAATCTACG_9_1_1	tumor	
CGAGCACGTTCGGGCT_9_1_1	tumor	
CTCGAAACACTTACGA_9_1_1	tumor	
GGACATTTCAACACCA_9_1_1	tumor	
GGGATGACAGTGACAG_9_1_1	tumor	
GGATTACAGCCACCTG_9_1_1	tumor	
ATCATGGGTTCCTCCA_9_1_1	tumor	
CAGATCATCTTGCATT_9_1_1	tumor	
CCCATACTCTGTTTGT_9_1_1	tumor	
GGCTCGATCCATGAAC_9_1_1	tumor	
ACGAGCCGTACTCAAC_9_1_1	tumor	
GTTCATTCAGGTCGTC_9_1_1	tumor	
CAACCTCGTAAGTTCC_9_1_1	normal	
CTGTGCTTCACAGTAC_9_1_1	tumor	
GTCACAAGTACTCAAC_9_1_1	tumor	
CTGTGCTCATGCCCGA_9_1_1	tumor	
CATCGGGGTACCGGCT_9_1_1	tumor	
CTGGTCTGTCAAGCGA_9_1_1	normal	
CATGGCGAGAGCTATA_9_1_1	tumor	
CTGGTCTCATCAGTCA_9_1_1	tumor	
CGTTGGGGTATTAGCC_9_1_1	tumor	
TGCTACCAGTGGAGAA_9_1_1	tumor	
AGGTCATCACAGGAGT_9_1_1	tumor	
CACAGGCTCTTTAGTC_9_1_1	tumor	
CCACGGACATGGGACA_9_1_1	tumor	
TGGTTCCAGGTGTTAA_9_1_1	tumor	
TAAGAGAGTAAAGGAG_9_1_1	tumor	
ACATACGAGATCGATA_9_1_1	tumor	
TGCGGGTCAGTTCATG_9_1_1	tumor	
CTTCTCTAGACGCAAC_9_1_1	tumor	
CTAGTGACATCACAAC_9_1_1	tumor	
AACTCTTAGTGGTAAT_9_1_1	tumor	
ACATGGTAGGATGGAA_9_1_1	tumor	
GCTTGAAGTGTTGGGA_9_1_1	tumor	
GCGCCAAGTACCGGCT_9_1_1	tumor	
GAGGTGATCTAACCGA_9_1_1	tumor	
GGACATTCATGATCCA_9_1_1	tumor	
GCATACAAGACTGTAA_9_1_1	tumor	
CACATTTAGGTTCCTA_9_1_1	tumor	
GACCAATAGACAAGCC_9_1_1	tumor	
CAACTAGGTCCAAGTT_9_1_1	tumor	
CCTAGCTGTGCTCTTC_9_1_1	tumor	
CTTAACTTCGCAAACT_9_1_1	tumor	
CACAGGCAGTGTTTGC_9_1_1	tumor	
TCGTACCAGTGAATTG_9_1_1	tumor	
GCGCGATGTGGTCCGT_9_1_1	normal	
GGGCACTCACATCTTT_9_1_1	tumor	
CTTGGCTCACGCTTTC_9_1_1	tumor	
TATCTCACAGATTGCT_9_1_1	tumor	
AACCATGCACCATCCT_9_1_1	tumor	
GACTACAGTACAGCAG_9_1_1	tumor	
ACGGCCACAACTGCTA_9_1_1	tumor	
CAGCTAACACAGGAGT_9_1_1	tumor	
TCAGATGAGATCCCAT_9_1_1	tumor	
AAGGTTCAGTGAACGC_9_1_1	tumor	
AAACGGGCAGGATCGA_9_1_1	tumor	
TACGGTACATCCCACT_9_1_1	tumor	
CGTGTCTTCCCGACTT_9_1_1	tumor	
GGCAATTGTTATGCGT_9_1_1	tumor	
GTCTTCGGTCGGGTCT_9_1_1	tumor	
TATCAGGAGCCGTCGT_9_1_1	normal	yes
AACGTTGGTCAAGCGA_9_1_1	tumor	
CAGCCGAGTCGGCTCA_9_1_1	tumor	
CTCGAGGGTAAATGTG_9_1_1	tumor	
CGGGTCAAGGGCTTCC_9_1_1	tumor	
TCTCATATCTTGTATC_9_1_1	tumor	
ATTGGACCAGTAAGAT_9_1_1	tumor	
GTACTTTTCTCATTCA_9_1_1	tumor	
ACGCCGACAACGATGG_9_1_1	tumor	
GTACTTTTCGGCTTGG_9_1_1	tumor	
CTTACCGCATGGGACA_9_1_1	tumor	
TGTCCCAAGGCTAGCA_9_1_1	tumor	
TTCTACAGTAAAGGAG_9_1_1	tumor	
CAAGTTGCACGAAACG_9_1_1	tumor	
ACTATCTGTGCCTTGG_9_1_1	tumor	
ACTGTCCAGTGCCATT_9_1_1	normal	
GACCTGGCACGAAGCA_9_1_1	tumor	
CTCGGGAAGAGGTTAT_9_1_1	tumor	
CGCCAAGCATGGATGG_9_1_1	tumor	
CACCTTGAGGCTCATT_9_1_1	tumor	
TGGTTAGTCGCGCCAA_9_1_1	tumor	
CCATTCGGTATATCCG_9_1_1	normal	
TGGTTAGAGCTCTCGG_9_1_1	tumor	
GATGAGGAGTGGACGT_9_1_1	normal	
TTGCCGTCATCCCATC_9_1_1	tumor	
GAGTCCGGTAACGCGA_9_1_1	tumor	
TGGACGCAGCTGTTCA_9_1_1	tumor	
CGACCTTCATCGATGT_9_1_1	tumor	
GCATGTATCCTAGGGC_9_1_1	normal	
TGACTTTTCCAATGGT_9_1_1	tumor	
CACATAGTCGGAAATA_9_1_1	tumor	
ACGAGGAAGCCTTGAT_9_1_1	tumor	
TAGAGCTAGAATAGGG_9_1_1	tumor	
CTAATGGAGTCTCAAC_9_1_1	tumor	
CCTTTCTTCTTCGGTC_9_1_1	tumor	
CTGCGGACATTGGTAC_9_1_1	tumor	
CGTCCATGTCGAATCT_9_1_1	tumor	
GGGAATGGTAGCAAAT_9_1_1	tumor	
CAGTAACAGCGAGAAA_9_1_1	tumor	
GGGCACTTCCCATTTA_9_1_1	normal	
TCAGATGTCCACGTTC_9_1_1	tumor	
GTAACGTAGTCTCCTC_9_1_1	tumor	
GCCTCTATCCCAGGTG_9_1_1	normal	
CTCGTACTCTCAAACG_9_1_1	normal	
ATAAGAGTCTCACATT_9_1_1	tumor	
GTTCATTTCTATCGCC_9_1_1	normal	
TTGCCGTAGGCATGGT_9_1_1	tumor	
CAGCATACACGAGGTA_9_1_1	tumor	
CAGTAACTCTCGTATT_9_1_1	tumor	
ATCATGGTCGCGCCAA_9_1_1	tumor	
AGGTCATCAGCCTTGG_9_1_1	tumor	
CCAATCCAGGATATAC_9_1_1	tumor	
CCAATCCCAGTTCCCT_9_1_1	tumor	
ATTCTACAGGTGCTAG_9_1_1	tumor	
CGGCTAGAGTGCCAGA_9_1_1	tumor	
AACTCCCTCACCGGGT_9_1_1	tumor	
GGAGCAACATGTCCTC_9_1_1	tumor	
CTGAAGTTCTAACTGG_9_1_1	tumor	
CACAAACTCGTGACAT_9_1_1	tumor	
CACATAGCACCGCTAG_9_1_1	tumor	
GCTTGAAAGCACACAG_9_1_1	tumor	
CTCGGAGCAGCTGCAC_9_1_1	tumor	
TATCAGGCACCATCCT_9_1_1	tumor	
TCGTAGACATAGAAAC_9_1_1	tumor	
CATCGGGGTACCGTAT_9_1_1	tumor	
AGATCTGGTACTTCTT_9_1_1	tumor	
ATCTGCCCATTTCAGG_9_1_1	tumor	
ATTATCCTCATTATCC_9_1_1	tumor	
AGCTCTCCACCATCCT_9_1_1	tumor	
CTAGAGTGTCGGATCC_9_1_1	tumor	
TCGCGTTTCCGGGTGT_9_1_1	normal	
TGCCCATGTCCTCCAT_9_1_1	tumor	
TGCGGGTCATTCCTGC_9_1_1	tumor	
CTTGGCTTCATGCAAC_9_1_1	tumor	
CGAGAAGAGTGTGGCA_9_1_1	tumor	
TAAGCGTGTCAGAGGT_9_1_1	tumor	
CACACTCTCATAAAGG_9_1_1	tumor	
CGCGTTTCACTTAAGC_9_1_1	tumor	
CACACAAAGTATTGGA_9_1_1	tumor	
CAGCTAATCTGGGCCA_9_1_1	tumor	
CTGTTTAGTTATGCGT_9_1_1	tumor	
AGCTCTCAGGCCCGTT_9_1_1	tumor	
GTTCGGGAGACTACAA_9_1_1	tumor	
TCGCGAGTCTCTGCTG_9_1_1	tumor	
ACCGTAATCAAAGTAG_9_1_1	tumor	
CAGCTAATCAAACCAC_9_1_1	tumor	
GTCAAGTAGTGTCCCG_9_1_1	tumor	
TAAGCGTTCGTACGGC_9_1_1	tumor	
ATCATCTCACTTGGAT_9_1_1	tumor	
GTGTGCGCAAGTTCTG_9_1_1	tumor	
AGAATAGAGACTAGAT_9_1_1	tumor	
GCGACCATCCAACCAA_9_1_1	tumor	
ACACCGGTCTGGGCCA_9_1_1	tumor	
GTATCTTCATGCCTAA_9_1_1	tumor	
TCAGGATCAGGTGCCT_9_1_1	tumor	
GGGTCTGGTAGCCTAT_9_1_1	normal	
GTCCTCACAAGTAATG_9_1_1	tumor	
ACTTTCACAGGACGTA_9_1_1	tumor	
GCATGCGAGAGTACCG_9_1_1	tumor	
GTTTCTACAGTTCCCT_9_1_1	tumor	
TGACTAGGTAGCGCAA_9_1_1	tumor	
TGCACCTAGACAGAGA_9_1_1	tumor	
CAGCTAAGTCAGAATA_9_1_1	tumor	
CACCAGGTCATCTGCC_9_1_1	normal	
CAGCATATCATCTGCC_9_1_1	tumor	
GGCGTGTCAGCTGTTA_9_1_1	tumor	
ACTTGTTCACTGCCAG_9_1_1	normal	
GGGATGAAGGATGGAA_9_1_1	tumor	
ATAACGCAGCTGCCCA_9_1_1	tumor	
CTGCTGTGTTTGGGCC_9_1_1	normal	
TACAGTGAGTTACCCA_9_1_1	tumor	
AGTGTCAGTGAGTGAC_9_1_1	tumor	
CCATTCGCACAAGTAA_9_1_1	tumor	
TGCCAAAAGAGAGCTC_9_1_1	tumor	
CAAGGCCTCTCTAAGG_9_1_1	tumor	
AACTTTCCACGCATCG_9_1_1	tumor	
CCGTGGAAGTGCAAGC_9_1_1	tumor	
CCTATTAAGCACCGCT_9_1_1	tumor	
CTGCTGTAGAGGACGG_9_1_1	tumor	
CTCATTAGTTCCACGG_9_1_1	normal	
GGAACTTTCAGAGACG_9_1_1	tumor	
GGCGTGTCAAGCCGTC_9_1_1	tumor	
AGAATAGAGTACGACG_9_1_1	tumor	
ACAGCTACAGCTCGCA_9_1_1	tumor	
GGGAGATCACCATGTA_9_1_1	tumor	
CTCGTACCATATGGTC_9_1_1	tumor	
ATCTACTTCTCGTTTA_9_1_1	tumor	
TGTTCCGAGACATAAC_9_1_1	tumor	
CTGATCCGTTTAGCTG_9_1_1	tumor	
CAAGAAACACAGGCCT_9_1_1	tumor	
TTGGCAAAGTAACCCT_9_1_1	tumor	
TCAGCAAAGGACAGCT_9_1_1	tumor	
GCAAACTGTCACACGC_9_1_1	tumor	
CGAATGTGTGTTGAGG_9_1_1	tumor	
TGAGGGATCAACACCA_9_1_1	tumor	
TCACGAACACAGCGTC_9_1_1	tumor	
TTCCCAGAGATATGGT_9_1_1	tumor	
CTGTTTACATCATCCC_9_1_1	tumor	
CATATGGGTTCCACTC_9_1_1	tumor	
TCGGTAAAGTGCTGCC_9_1_1	tumor	
GTATCTTAGGTAGCTG_9_1_1	tumor	
ACTGAGTCAGTCCTTC_9_1_1	tumor	
TACTCGCTCACGAAGG_9_1_1	tumor	
TTCGGTCCACTCTGTC_9_1_1	tumor	
ATCCGAAGTATCGCAT_9_1_1	tumor	
CGAACATCAATGTTGC_9_1_1	tumor	
CTCTAATGTAACGCGA_9_1_1	tumor	
TGCGTGGTCTCCAACC_9_1_1	tumor	
CTGAAGTGTTACGACT_9_1_1	tumor	
TCAGCAAAGTATGACA_9_1_1	tumor	
CGGAGCTAGCTCTCGG_9_1_1	tumor	
TACTCGCTCGGCGCAT_9_1_1	tumor	
CCAGCGATCAGCATGT_9_1_1	tumor	
CGTTGGGGTAGCGTAG_9_1_1	tumor	
TACGGGCGTGAGTATA_9_1_1	tumor	
GTCATTTAGCTAACTC_9_1_1	tumor	
CTAATGGAGAATTGTG_9_1_1	tumor	
AGAATAGCAGCCTTTC_9_1_1	tumor	
TACTTACAGAATAGGG_9_1_1	tumor	
CATTCGCAGGCTAGAC_9_1_1	tumor	
AGTAGTCCAGGATTGG_9_1_1	tumor	
CAGCAGCCAGCTCCGA_9_1_1	tumor	
GCGGGTTTCGAGGTAG_9_1_1	tumor	
TAGACCATCGGCTACG_9_1_1	tumor	
AGTCTTTGTACTTAGC_9_1_1	tumor	
ACAGCCGCAGACTCGC_9_1_1	tumor	
GGATTACCAAGTCATC_9_1_1	tumor	
TCAACGACAGAAGCAC_9_1_1	tumor	
CACCAGGTCGAATGGG_9_1_1	tumor	
CCCATACGTGTGACCC_9_1_1	normal	
CTCATTACACCTCGGA_9_1_1	tumor	
GCATGCGTCGCACTCT_9_1_1	tumor	
CAGAGAGGTAAGAGGA_9_1_1	normal	
CTTAACTAGACTAGGC_9_1_1	tumor	
GACGTTAGTTACTGAC_9_1_1	tumor	
GGAACTTTCTTAGAGC_9_1_1	tumor	
CGATTGATCACGCATA_9_1_1	tumor	
TTAGGACCAGGCTCAC_9_1_1	tumor	
TGGGAAGAGTATCGAA_9_1_1	tumor	
GAAGCAGGTGCTTCTC_9_1_1	tumor	
AACCGCGTCGTACGGC_9_1_1	tumor	
CGTCACTAGCTGCGAA_9_1_1	tumor	
CAGTCCTCAATAACGA_9_1_1	tumor	
CAGTCCTAGGAGCGAG_9_1_1	tumor	
GCTGGGTAGACTGTAA_9_1_1	tumor	
TTCTACACACCAGGCT_9_1_1	tumor	
GGGAGATAGGTCATCT_9_1_1	normal	
GTGCTTCAGGAGTCTG_9_1_1	tumor	
GCGACCACATTCACTT_9_1_1	tumor	
CGCGTTTCAGCCAATT_9_1_1	tumor	
CCACCTACACACTGCG_9_1_1	tumor	
CGAATGTGTTAAGTAG_9_1_1	tumor	
GACACGCTCGCCTGTT_9_1_1	tumor	
ATCCACCTCATTTGGG_9_1_1	tumor	
GAATAAGCATCTATGG_9_1_1	normal	
TCATTACAGAAGGCCT_9_1_1	tumor	
GAATAAGTCAGTTAGC_9_1_1	tumor	
TACCTATTCGTCGTTC_9_1_1	tumor	
GCTGGGTGTCATGCAT_9_1_1	normal	
GTCATTTCACGAGGTA_9_1_1	tumor	
AACTCCCGTTAGATGA_9_1_1	tumor	
GTTCATTCATAGTAAG_9_1_1	tumor	
GGGACCTCACCATCCT_9_1_1	normal	
CCGTTCACAGTCCTTC_9_1_1	tumor	
TTGGCAATCCAAACAC_9_1_1	tumor	
TCGCGTTAGCGAAGGG_9_1_1	tumor	
TACGGGCCACCAGATT_9_1_1	tumor	
AGAGTGGCACCCAGTG_9_1_1	tumor	
CGTAGGCCAGCAGTTT_9_1_1	tumor	
TCAGGTAGTAGCCTAT_9_1_1	tumor	
GACCAATTCAACCAAC_9_1_1	tumor	
TAGACCAAGTCTCCTC_9_1_1	tumor	
TGAGGGATCCAAGCCG_9_1_1	tumor	
CAGCGACGTCTTGTCC_9_1_1	tumor	
ATCCGAAGTCATTAGC_9_1_1	tumor	
AACTTTCCACTTGGAT_9_1_1	tumor	
CTGTGCTGTTGATTGC_9_1_1	tumor	
TCACGAAGTTACGCGC_9_1_1	tumor	
TTTACTGAGACTAGGC_9_1_1	tumor	
GACTGCGAGTCATCCA_9_1_1	normal	
ACCTTTATCTCGTATT_9_1_1	tumor	
GAACCTAAGTACGACG_9_1_1	tumor	
GGACATTCAATAGCAA_9_1_1	tumor	
CAACCTCTCGCGTTTC_9_1_1	tumor	
ACATACGTCCACGACG_9_1_1	tumor	
CACATTTAGGAGTTGC_9_1_1	tumor	
AGTTGGTCACGCGAAA_9_1_1	tumor	
AGCCTAATCTGGTTCC_9_1_1	tumor	
AACGTTGAGTGGTAGC_9_1_1	tumor	
TTAGTTCCAGTCTTCC_9_1_1	tumor	
CTGCCTATCGAATGCT_9_1_1	tumor	
AAGGAGCCATCTGGTA_9_1_1	tumor	
ACTGAGTAGAGTACCG_9_1_1	normal	
GTCTTCGCACCAACCG_9_1_1	tumor	
AACCATGAGCGTGAGT_9_1_1	tumor	
GTATCTTGTTGAACTC_9_1_1	tumor	
ATTGGACCAGTTAACC_9_1_1	tumor	
CCTAAAGTCCCTAACC_9_1_1	tumor	
CTCGTCACAGCCAATT_9_1_1	tumor	
TTGGAACGTGGCAAAC_9_1_1	tumor	
TACTCGCCAAACGCGA_9_1_1	tumor	
TTTATGCGTGAGTATA_9_1_1	normal	
CACACCTCAAAGTCAA_9_1_1	tumor	
TGCCCATTCGTGACAT_9_1_1	tumor	
CAGAATCGTATTACCG_9_1_1	tumor	
AAGGAGCCACCGTTGG_9_1_1	tumor	
ATTATCCAGCGGCTTC_9_1_1	tumor	
TTTATGCGTTTCGCTC_9_1_1	tumor	
TCTTCGGTCCTGCAGG_9_1_1	tumor	
GCTCCTAAGCGGCTTC_9_1_1	tumor	
GCACTCTTCCCGACTT_9_1_1	tumor	
TACAGTGTCAAAGACA_9_1_1	tumor	
CTAAGACAGGTGTTAA_9_1_1	tumor	
CACAGGCAGTCGCCGT_9_1_1	tumor	
CACACCTAGTTATCGC_9_1_1	tumor	
CAGCTAAAGCTAGTTC_9_1_1	tumor	
TGCTACCCAAGCGTAG_9_1_1	tumor	
CCCAATCGTCTTTCAT_9_1_1	tumor	
CGAGCACAGGATCGCA_9_1_1	tumor	
TTAGGACAGCTATGCT_9_1_1	tumor	
TATTACCAGATCTGCT_9_1_1	tumor	
CCCTCCTGTTCTGAAC_9_1_1	tumor	
GCCTCTATCAACCAAC_9_1_1	tumor	
CAGAGAGTCTGTCAAG_9_1_1	normal	
TTAGGACCAGCGTAAG_9_1_1	tumor	
CCGGTAGTCTGCTGTC_9_1_1	tumor	
GACACGCTCCGCGGTA_9_1_1	tumor	
ACCGTAACAAAGTCAA_9_1_1	tumor	
TATCAGGAGAAGCCCA_9_1_1	tumor	
GCCTCTACAAGGACTG_9_1_1	tumor	
ACAGCTATCAACCATG_9_1_1	tumor	
TTCTCCTCAAGTCATC_9_1_1	tumor	
GGTGTTAAGGCTAGCA_9_1_1	tumor	
AGGGATGCAGATGGGT_9_1_1	normal	
CCATTCGAGAAGCCCA_9_1_1	tumor	
ATTATCCAGTTAAGTG_9_1_1	tumor	
ACCCACTGTCACACGC_9_1_1	tumor	
GTGGGTCTCGCAAGCC_9_1_1	tumor	
AAACGGGGTCGCATCG_9_1_1	tumor	
AACTCCCAGTGCGATG_9_1_1	tumor	
CAGATCACAAGCCATT_9_1_1	tumor	
CAACTAGGTACGACCC_9_1_1	tumor	
TCTGAGATCTGGAGCC_9_1_1	tumor	
CCCATACCAGTTTACG_9_1_1	normal	
CCGTACTAGGTGGGTT_9_1_1	tumor	
AACGTTGAGAAACCGC_9_1_1	tumor	
ATTACTCAGTTGTAGA_9_1_1	tumor	
CTCTGGTGTTCCAACA_9_1_1	normal	
CCTTCGACAATAGCGG_9_1_1	tumor	
GAGGTGACAATGTTGC_9_1_1	tumor	
TTGGAACTCGGAAACG_9_1_1	tumor	
CTAGTGAAGAGCCTAG_9_1_1	tumor	
AATCGGTCATACAGCT_9_1_1	tumor	
CGACTTCAGGACGAAA_9_1_1	tumor	
ACACCCTCATGGTCTA_9_1_1	tumor	
ATCTGCCCAGCTGCAC_9_1_1	tumor	
TGGTTAGGTGGTAACG_9_1_1	tumor	
ACGCCGAAGGCGCTCT_9_1_1	normal	
TCAGATGAGATTACCC_9_1_1	tumor	
AAGGTTCCACCACGTG_9_1_1	tumor	
ATCGAGTAGTGAATTG_9_1_1	tumor	
ATGCGATGTTGATTCG_9_1_1	tumor	
TCCACACTCTTTCCTC_9_1_1	tumor	
TCCACACGTGCATCTA_9_1_1	tumor	
CGGAGCTAGTGAAGAG_9_1_1	tumor	
TGTTCCGGTTAAAGAC_9_1_1	normal	
GGCGTGTTCACCTTAT_9_1_1	tumor	
GATGAAAAGTTAAGTG_9_1_1	tumor	
TCTCTAAGTGTGAATA_9_1_1	tumor	
CAGCATACACGAGAGT_9_1_1	normal	
GGACATTCAGGGTTAG_9_1_1	tumor	
GCCAAATGTCGGGTCT_9_1_1	tumor	
GCAATCAAGCGAAGGG_9_1_1	tumor	
CAGTCCTCAAGCTGAG_9_1_1	tumor	
ACGGGCTCAGCGTTCG_9_1_1	tumor	
GGGTCTGTCCGTAGGC_9_1_1	normal	
TAAGCGTCATTCTCAT_9_1_1	normal	
GACTGCGCAGGGTACA_9_1_1	tumor	
CGATTGAGTTCTGGTA_9_1_1	tumor	
TCTCATATCAATAAGG_9_1_1	tumor	
TGGCTGGAGTTAAGTG_9_1_1	tumor	
CAAGATCGTACAGTTC_9_1_1	tumor	
TGTATTCTCTCTGAGA_9_1_1	tumor	
ACACCAAGTACACCGC_9_1_1	normal	
AAGGTTCTCACATACG_9_1_1	tumor	
AACTTTCGTCAAACTC_9_1_1	tumor	
ATTTCTGCATTGGTAC_9_1_1	tumor	
TGCTACCGTGCAGTAG_9_1_1	tumor	
AGGGAGTCAATCAGAA_9_1_1	tumor	
AGGTCCGAGATCGGGT_9_1_1	tumor	
TCGAGGCGTCTCTCGT_9_1_1	tumor	
CTTCTCTCACTCTGTC_9_1_1	tumor	
CGAACATTCCCTTGTG_9_1_1	tumor	
GGCGTGTAGTGTTAGA_9_1_1	normal	
CAACTAGAGCGGCTTC_9_1_1	tumor	
GGTGTTACAACTGCGC_9_1_1	tumor	
ACGGGTCGTCCGACGT_9_1_1	tumor	
CGCGTTTGTACATCCA_9_1_1	tumor	
ACAGCCGCAGTCAGAG_9_1_1	tumor	
CGAGCACTCGGTGTCG_9_1_1	tumor	
ATTATCCCAGGAACGT_9_1_1	tumor	
CTTACCGGTTCGCTAA_9_1_1	tumor	
TCGCGAGAGAAACCAT_9_1_1	tumor	
CGGCTAGGTAGCTCCG_9_1_1	tumor	
AAGACCTTCATTGCGA_9_1_1	tumor	
GACGCGTGTCCGAATT_9_1_1	tumor	
GTGCAGCCATTGGTAC_9_1_1	tumor	
CTAGAGTCATCGTCGG_9_1_1	tumor	
TAAGCGTTCACAAACC_9_1_1	tumor	
CTCGAGGCAAGCTGTT_9_1_1	tumor	
ATCATCTCACTATCTT_9_1_1	tumor	
AGGTCATAGCGCTTAT_9_1_1	tumor	
AGAGCTTTCTGTTGAG_9_1_1	tumor	
GCTCCTAAGTACGATA_9_1_1	tumor	
GTCACAACACGTCTCT_9_1_1	tumor	
AGATTGCCAAACTGCT_9_1_1	tumor	
GATCGATGTGATGCCC_9_1_1	tumor	
GTCGTAAGTAGAAAGG_9_1_1	tumor	
ATTGGTGGTGTCGCTG_9_1_1	tumor	
AGAGCTTAGTGTTAGA_9_1_1	tumor	
ACACCGGGTCAAAGAT_9_1_1	tumor	
AACCATGAGGCCCTTG_9_1_1	normal	
CCAGCGAAGCTTATCG_9_1_1	tumor	
GAGGTGAGTAAGTTCC_9_1_1	tumor	
ATCATGGAGTTGTAGA_9_1_1	tumor	
GACGTGCCACATCTTT_9_1_1	tumor	
CACAGGCTCGGAGGTA_9_1_1	tumor	
ATTGGTGGTCGAGTTT_9_1_1	tumor	
CTGTGCTAGGAGTTGC_9_1_1	tumor	
TTAGTTCCACCAGCAC_9_1_1	tumor	
CCTTCCCGTAGCCTAT_9_1_1	tumor	
GGTGAAGTCAGCCTAA_9_1_1	tumor	
CAGCTAATCCATTCTA_9_1_1	tumor	
GACCAATGTTCCTCCA_9_1_1	tumor	
TACGGATTCGAGCCCA_9_1_1	tumor	
TTGACTTAGTGGAGAA_9_1_1	normal	
ACGTCAAGTATCAGTC_9_1_1	tumor	
CATCCACTCGAGCCCA_9_1_1	tumor	
GTGAAGGAGAAACGAG_9_1_1	tumor	
TTTCCTCTCGCGTAGC_9_1_1	tumor	
GCTCCTAAGGCTAGCA_9_1_1	tumor	
CCTACCATCTGAAAGA_9_1_1	tumor	
CGGACGTTCACCATAG_9_1_1	tumor	
TGGTTAGTCGGTGTTA_9_1_1	tumor	
TGGTTCCGTAATCGTC_9_1_1	tumor	
CCTTACGTCAGGTAAA_9_1_1	tumor	
CAGATCAAGCGGATCA_9_1_1	tumor	
GACGGCTTCGCATGGC_9_1_1	normal	
CCACGGATCTGCTGTC_9_1_1	tumor	
TTCTCCTAGTTGTAGA_9_1_1	tumor	
GTGAAGGGTTCCCTTG_9_1_1	tumor	
GGGCACTAGCTACCGC_9_1_1	tumor	
ACATCAGAGATGCCTT_9_1_1	tumor	
GGGTTGCAGCTCAACT_9_1_1	tumor	
TGGCTGGAGCAGATCG_9_1_1	tumor	
TCTGAGAAGGTGATAT_9_1_1	tumor	
CGGACACAGCTGCAAG_9_1_1	tumor	
TGAGGGATCGGAGCAA_9_1_1	tumor	
CTGTTTAAGCTTCGCG_9_1_1	tumor	
AGCATACCAGCTTCGG_9_1_1	tumor	
TCAGATGTCAAGCCTA_9_1_1	tumor	
TGCTGCTTCACTATTC_9_1_1	tumor	
GCGCAACCAAATCCGT_9_1_1	tumor	
TGATTTCCAGCCTTGG_9_1_1	tumor	
TACTCATTCGTGGTCG_9_1_1	tumor	
GTACTTTGTAGAAAGG_9_1_1	tumor	
AGGCCACCACTCTGTC_9_1_1	tumor	
GCAGCCATCGTCTGAA_9_1_1	tumor	
GGCGACTGTGTCAATC_9_1_1	tumor	
AAACGGGCACATTTCT_9_1_1	normal	
GCGGGTTCAACACGCC_9_1_1	tumor	
TTCCCAGGTCAGAGGT_9_1_1	tumor	
ACTTACTGTGCGCTTG_9_1_1	tumor	
GCGCAACGTTGCGTTA_9_1_1	tumor	
GCTGCAGCATCCTTGC_9_1_1	tumor	
GTTCTCGAGACACGAC_9_1_1	tumor	
GTCTCGTAGCGTTTAC_9_1_1	tumor	
ACTTGTTTCAGGCAAG_9_1_1	tumor	
CGGCTAGCAGATGGGT_9_1_1	tumor	
GAGCAGACATGCCACG_9_1_1	tumor	
CTGAAGTCACGGCGTT_9_1_1	tumor	
TGGTTAGTCCTGTACC_9_1_1	tumor	
TCGGTAATCCGAATGT_9_1_1	tumor	
CTCCTAGAGTCTCAAC_9_1_1	tumor	
GATCGATAGCCGATTT_9_1_1	tumor	
TCGCGTTTCTTCAACT_9_1_1	tumor	
GTCACAAGTACAGTGG_9_1_1	tumor	
AGAGTGGCAAAGCGGT_9_1_1	normal	
AGAATAGTCCAAACTG_9_1_1	tumor	
ACGGGCTTCTGATTCT_9_1_1	tumor	
CAACTAGCAATCAGAA_9_1_1	tumor	
GTTCTCGTCCGCAAGC_9_1_1	tumor	
CGATGGCCATCAGTAC_9_1_1	tumor	
TTAGGCAAGAACAACT_9_1_1	tumor	
CTGATCCTCACCTTAT_9_1_1	tumor	
CGTTAGACACCTGGTG_9_1_1	tumor	
GACAGAGAGGATATAC_9_1_1	tumor	
CAGTAACAGCTAACTC_9_1_1	tumor	
GTGCAGCGTTAGATGA_9_1_1	tumor	
AAGGCAGCAGGGTACA_9_1_1	tumor	
AGTGGGACATCCCATC_9_1_1	tumor	
AAAGCAAGTAGCGCAA_9_1_1	tumor	
GGGAGATTCATTGCCC_9_1_1	tumor	
ACTATCTCATCATCCC_9_1_1	tumor	
CACCTTGGTACTCAAC_9_1_1	tumor	
GGCAATTAGACAGGCT_9_1_1	tumor	
CTCGTACCAATAACGA_9_1_1	tumor	
ATCTGCCTCAACACCA_9_1_1	tumor	
TTGGCAAAGTTGAGTA_9_1_1	tumor	
TATCTCAGTCTACCTC_9_1_1	tumor	
CTACCCAAGTAGGCCA_9_1_1	tumor	
ACATACGGTCTCCATC_9_1_1	tumor	
CTCTAATGTACACCGC_9_1_1	tumor	
GTCGTAATCGGCATCG_9_1_1	tumor	
CTGCGGATCAGCTCTC_9_1_1	tumor	
AACACGTAGCACGCCT_9_1_1	tumor	
TGAAAGAGTAGCCTCG_9_1_1	tumor	
CACAAACGTTCAGCGC_9_1_1	tumor	
TGACTTTAGCAATCTC_9_1_1	tumor	
CTCTACGGTAGTAGTA_9_1_1	tumor	
GTGCATACAGCGAACA_9_1_1	tumor	
GTTTCTAAGGGATCTG_9_1_1	tumor	
AACTCCCAGGAGTTTA_9_1_1	tumor	
CGACCTTTCCTAAGTG_9_1_1	tumor	
GATGAAATCTCTGAGA_9_1_1	tumor	
GTTCATTTCTCTGCTG_9_1_1	tumor	
GATGAAACAATCAGAA_9_1_1	tumor	
CCCAATCGTCTAGCCG_9_1_1	tumor	
AGTCTTTCATGGTCTA_9_1_1	tumor	
TCTTCGGTCTGCTGTC_9_1_1	tumor	
GCAATCACACGGTGTC_9_1_1	tumor	
GATCTAGAGCTTATCG_9_1_1	tumor	
GCGCGATAGACAGGCT_9_1_1	tumor	
TATGCCCGTCATCCCT_9_1_1	tumor	
GAAACTCCATTACGAC_9_1_1	tumor	
CTCTAATCACTACAGT_9_1_1	tumor	
GGCCGATGTACAGCAG_9_1_1	tumor	
CTAATGGTCGTACCGG_9_1_1	tumor	
GTGAAGGCAATCCAAC_9_1_1	tumor	
AGTTGGTGTGCTTCTC_9_1_1	tumor	
GAATAAGAGACCCACC_9_1_1	tumor	
CCTTACGTCACCTCGT_9_1_1	tumor	
ACGAGGATCAACACAC_9_1_1	tumor	
GGTATTGAGGACGAAA_9_1_1	tumor	
AGTGAGGCACTGCCAG_9_1_1	tumor	
GTTTCTACATGTAGTC_9_1_1	tumor	
CAACCAAGTACTCTCC_9_1_1	tumor	
GGACAGACAACACCCG_9_1_1	tumor	
ACTGAGTTCACCCGAG_9_1_1	tumor	
TCAGATGAGGCCGAAT_9_1_1	tumor	
CTGTTTAAGGATGGTC_9_1_1	tumor	
GAGGTGAAGTCGCCGT_9_1_1	tumor	
CGTAGGCAGACCGGAT_9_1_1	tumor	
ACGGCCAAGGCATTGG_9_1_1	tumor	
GGCTCGAAGTGGTAAT_9_1_1	tumor	
CCTACACAGGAGTCTG_9_1_1	tumor	
ACTGCTCCACTATCTT_9_1_1	tumor	
GTCATTTGTATCAGTC_9_1_1	tumor	
CTCGGGAAGTCGTACT_9_1_1	tumor	
GAAACTCTCATGTCTT_9_1_1	tumor	
GCATGATCAAATCCGT_9_1_1	tumor	
ACTGAACAGAATGTGT_9_1_1	normal	
AGGTCCGGTCCAGTGC_9_1_1	tumor	
CAGCTAAAGCCGCCTA_9_1_1	tumor	
CAGTAACAGGTACTCT_9_1_1	tumor	
GCATGATTCAGGATCT_9_1_1	tumor	
GTTCGGGAGCTAGTGG_9_1_1	tumor	
CAACCAAGTTCAGACT_9_1_1	tumor	
ACGATGTCAACGCACC_9_1_1	tumor	
CCACCTAGTGTTTGGT_9_1_1	tumor	
ATTATCCGTCAAGCGA_9_1_1	tumor	
TCAGCAAAGCAACGGT_9_1_1	tumor	
CCACTACAGGGATGGG_9_1_1	tumor	
ATCGAGTAGTAGCGGT_9_1_1	tumor	
TTTGTCATCTTAGCCC_9_1_1	tumor	
CTGAAGTTCACTATTC_9_1_1	tumor	
CTCGAAACAGCGATCC_9_1_1	tumor	
TGACTAGTCAGTACGT_9_1_1	tumor	
CATATTCGTAGCTGCC_9_1_1	tumor	
TACTCGCAGCCAGTTT_9_1_1	tumor	
TTGCCGTGTTTGTTGG_9_1_1	tumor	
AGCAGCCGTTCAGCGC_9_1_1	normal	
CAGCGACCATAGGATA_9_1_1	normal	
GTACTCCCAATGGTCT_9_1_1	tumor	
CTTACCGTCCAAACAC_9_1_1	tumor	
AAAGATGAGGGCACTA_9_1_1	tumor	
GCTGCGAGTAGCGTGA_9_1_1	tumor	
CGTTGGGCAATCTGCA_9_1_1	tumor	
GCGCCAATCTGGTGTA_9_1_1	tumor	
GTACTCCCAAAGCAAT_9_1_1	tumor	
TCTGGAATCCGAAGAG_9_1_1	tumor	
GTGGGTCGTCAGAGGT_9_1_1	tumor	
ACGTCAACAACCGCCA_9_1_1	tumor	
ACCAGTAAGCGTTCCG_9_1_1	tumor	
CTTTGCGCAGCTTAAC_9_1_1	tumor	
ACTTTCAAGATAGCAT_9_1_1	tumor	
AAACCTGTCCTTCAAT_9_1_1	tumor	
GTAGTCATCACTTCAT_9_1_1	tumor	
AGCTCTCTCTGGTTCC_9_1_1	tumor	
TGTATTCGTTCCACTC_9_1_1	tumor	
AACTGGTCATCATCCC_9_1_1	tumor	
GAACATCTCTCACATT_9_1_1	tumor	
CTACACCCAGTCCTTC_9_1_1	tumor	
AGCTCCTAGTGGAGAA_9_1_1	tumor	
GACACGCTCGCCGTGA_9_1_1	tumor	
AGTCTTTAGTTGAGAT_9_1_1	tumor	
GGTGTTACAAATACAG_9_1_1	tumor	
GCATGATTCTTCTGGC_9_1_1	tumor	
CTTCTCTGTAAACCTC_9_1_1	tumor	
TTTGTCATCAGCACAT_9_1_1	tumor	
CAGCTAACATTCCTGC_9_1_1	tumor	
CCGTACTAGCCGGTAA_9_1_1	tumor	
TTGCCGTAGGACAGCT_9_1_1	tumor	
AAGCCGCGTTTGACTG_9_1_1	normal	
GAGCAGATCTTCTGGC_9_1_1	normal	
CACACTCTCGTTTAGG_9_1_1	tumor	
ATTACTCAGCAATCTC_9_1_1	tumor	
CCAATCCCATGCAACT_9_1_1	tumor	
AGCAGCCTCATCGGAT_9_1_1	tumor	
GATCTAGGTACAGTTC_9_1_1	tumor	
ACATACGGTGCACCAC_9_1_1	tumor	
TAGGCATCAGGTCCAC_9_1_1	tumor	
TGTGGTAGTACCGTTA_9_1_1	tumor	
CCGTTCAAGACCGGAT_9_1_1	tumor	
ACCAGTAGTAAACCTC_9_1_1	tumor	
GAGGTGAAGGGAAACA_9_1_1	tumor	
ACACCCTCATGTCCTC_9_1_1	tumor	
ACATGGTAGAATGTGT_9_1_1	tumor	
TGAGCATCAGGGAGAG_9_1_1	tumor	
GCGGGTTCACTCGACG_9_1_1	tumor	
TGTATTCAGGACAGAA_9_1_1	tumor	
GTGCTTCGTACAGCAG_9_1_1	tumor	
GTCACGGTCACGATGT_9_1_1	tumor	
GGAGCAAAGCCAGGAT_9_1_1	tumor	
TGCCCATCAATCAGAA_9_1_1	tumor	
GATGAGGAGAGTAATC_9_1_1	tumor	
AGAGTGGAGCAGGTCA_9_1_1	tumor	
CCGTGGAGTCCGTTAA_9_1_1	tumor	
ATGCGATAGTGGGCTA_9_1_1	normal	
CTCTACGCATCACCCT_9_1_1	tumor	
TACTCGCTCACAAACC_9_1_1	tumor	
CGTCTACAGATCTGCT_9_1_1	tumor	
TATCAGGCAAGCGAGT_9_1_1	tumor	
CCACTACCACTACAGT_9_1_1	normal	
TGGGAAGCATGGAATA_9_1_1	tumor	
TGTGGTAGTTATTCTC_9_1_1	tumor	
CGATCGGCACAGGCCT_9_1_1	tumor	
AGATCTGGTACCGTTA_9_1_1	tumor	
TGAGGGAGTGCGGTAA_9_1_1	tumor	
CTCCTAGTCATAAAGG_9_1_1	tumor	
ATTTCTGGTGAGGGAG_9_1_1	tumor	
GCGCAGTTCTTTACGT_9_1_1	tumor	
GCATGTATCTTCAACT_9_1_1	tumor	
CTGGTCTGTATATGAG_9_1_1	normal	
CAACTAGGTTTCCACC_9_1_1	tumor	
AGCGTCGGTGTCGCTG_9_1_1	tumor	
GTTAAGCGTCTACCTC_9_1_1	normal	
GCGCCAAGTCGAATCT_9_1_1	tumor	
TAAGAGATCTGCAGTA_9_1_1	tumor	
TACACGATCGTTTATC_9_1_1	tumor	
AGGTCATAGCTACCGC_9_1_1	normal	
GTACTCCGTTTGGCGC_9_1_1	normal	
CATGCCTGTTCACCTC_9_1_1	tumor	
GATCGCGCAACAACCT_9_1_1	tumor	
ACTGAGTCATTCGACA_9_1_1	normal	
TGACTAGAGAAGATTC_9_1_1	tumor	
TGGTTAGCATGACATC_9_1_1	tumor	
CAGTCCTAGGACAGAA_9_1_1	tumor	
CAGCCGAAGGATGGAA_9_1_1	tumor	
CGTCTACGTATCAGTC_9_1_1	normal	
CCTACACGTGAGTATA_9_1_1	tumor	
TACGGTATCATCTGCC_9_1_1	tumor	
ACATGGTCATGCCTAA_9_1_1	normal	
GATCAGTTCAGCACAT_9_1_1	tumor	
AAAGATGCAATGGTCT_9_1_1	tumor	
AAGCCGCGTGTCCTCT_9_1_1	tumor	
AACCATGCAATGCCAT_9_1_1	normal	
GCGAGAAAGACAATAC_9_1_1	tumor	
TTGACTTTCTGAAAGA_9_1_1	tumor	
CAGCAGCGTTGATTGC_9_1_1	normal	
ATGCGATTCCATGCTC_9_1_1	tumor	
CGTCTACTCTCTTGAT_9_1_1	tumor	
CATCAGAGTCGCCATG_9_1_1	tumor	
ACTGATGAGAACTGTA_9_1_1	tumor	
GACCTGGTCAGGCAAG_9_1_1	tumor	
CGGAGCTAGTGGGTTG_9_1_1	tumor	
TAGCCGGGTATATGAG_9_1_1	tumor	
GCATACACATTCCTGC_9_1_1	normal	
TTGCCGTCATTGCGGC_9_1_1	tumor	
CATCGGGAGCGATATA_9_1_1	tumor	
GACCAATTCTTGAGGT_9_1_1	tumor	
ACGGGTCTCCGCAAGC_9_1_1	tumor	
GTCAAGTAGAAAGTGG_9_1_1	tumor	
AAACGGGCACGCATCG_9_1_1	tumor	
CGGCTAGTCCAGAAGG_9_1_1	tumor	
AGTCTTTAGGATTCGG_9_1_1	tumor	
GCGCGATTCAACACGT_9_1_1	tumor	
CGGAGCTTCGATAGAA_9_1_1	tumor	
AACGTTGAGTGGTCCC_9_1_1	normal	
ACCAGTAAGATCTGAA_9_1_1	tumor	
AGCTCTCCATTCTTAC_9_1_1	tumor	
CCTCAGTCACCTGGTG_9_1_1	normal	
CAAGAAAGTTCGCGAC_9_1_1	tumor	
ACGGAGAAGAGCAATT_9_1_1	tumor	
GGGCACTAGGCTACGA_9_1_1	tumor	
ACTGAGTAGCTAGTTC_9_1_1	tumor	
GCTGCGAAGACGCTTT_9_1_1	tumor	
TCCACACTCAAGCCTA_9_1_1	tumor	
TCTTTCCAGTGGGTTG_9_1_1	tumor	
CAGCTGGTCACCTCGT_9_1_1	tumor	
AACCGCGAGGCATGTG_9_1_1	tumor	
TACACGAGTCTTCAAG_9_1_1	tumor	
AGTTGGTAGCTCCTTC_9_1_1	tumor	
TCATTTGAGTAAGTAC_9_1_1	normal	
AACCATGCAACGCACC_9_1_1	normal	
GTGCTTCTCCTTTCGG_9_1_1	tumor	
AGGTCATAGCAGCCTC_9_1_1	tumor	
TGAGGGACAAGGGTCA_9_1_1	tumor	
GCAGCCATCGCTAGCG_9_1_1	tumor	
ATGAGGGGTGATGTCT_9_1_1	tumor	
CCGTTCACAAGTCTAC_9_1_1	tumor	
AGGTCATAGGTGCTTT_9_1_1	tumor	
AGCTCCTTCGCAGGCT_9_1_1	tumor	
CTTAACTAGGACACCA_9_1_1	tumor	
TAGACCATCCTCAATT_9_1_1	tumor	
TCAGGATGTTTAAGCC_9_1_1	tumor	
TCGGGACAGTGTACCT_9_1_1	tumor	
TCTATTGCACGTTGGC_9_1_1	tumor	
TTAGTTCAGCCCAACC_9_1_1	tumor	
CGCGGTACAACGATGG_9_1_1	tumor	
TACGGATTCAACCATG_9_1_1	tumor	
TGCGTGGCAAGGGTCA_9_1_1	tumor	
TTAGGCAAGACCACGA_9_1_1	normal	
CGCGGTATCACCTCGT_9_1_1	tumor	
TATCTCAAGAACAATC_9_1_1	tumor	
GAACATCAGATCGGGT_9_1_1	tumor	
CGCTTCAGTTGGTGGA_9_1_1	tumor	
AGGGTGAAGGCCGAAT_9_1_1	tumor	
GGACAGATCGTTGACA_9_1_1	tumor	
ACTGTCCAGGCTAGCA_9_1_1	tumor	
TATGCCCCAGCCACCA_9_1_1	normal	
CACACAAAGGCGATAC_9_1_1	tumor	
CCTTTCTCAGATGAGC_9_1_1	tumor	
TATCTCAGTGCCTGGT_9_1_1	tumor	
GACCAATCACGTTGGC_9_1_1	tumor	
GGAGCAATCCATGCTC_9_1_1	tumor	
CAGCATATCACTCCTG_9_1_1	tumor	
GCAGCCACACAGCGTC_9_1_1	tumor	
GTCGTAAGTAGGACAC_9_1_1	tumor	
TAAGCGTCACGGTGTC_9_1_1	tumor	
CAGCATAGTATAATGG_9_1_1	normal	
CTACCCACATATGGTC_9_1_1	tumor	
ATCTGCCGTCTCCATC_9_1_1	tumor	
TGATTTCGTCAAACTC_9_1_1	tumor	
CGCGTTTCAAGAGTCG_9_1_1	tumor	
CTGCGGAAGCTAAACA_9_1_1	tumor	
TATGCCCAGAGATGAG_9_1_1	tumor	
GTGCATAGTTATGCGT_9_1_1	tumor	
GGTGCGTTCTCTTATG_9_1_1	tumor	
CTCGTCAAGTGGAGTC_9_1_1	tumor	
CACAAACTCGTCCAGG_9_1_1	tumor	
CTGATAGCATCATCCC_9_1_1	tumor	
TACTTGTGTAAATGTG_9_1_1	tumor	
CGGACGTAGAATTGTG_9_1_1	normal	
CGGCTAGTCTTAGAGC_9_1_1	tumor	
TATGCCCAGGCATGGT_9_1_1	tumor	
CCACTACTCTGAGTGT_9_1_1	normal	
CGAGCACCACTTCTGC_9_1_1	normal	
TACCTATTCCCGACTT_9_1_1	normal	
CACCAGGAGAAACCGC_9_1_1	tumor	
TACTTACAGTGTACCT_9_1_1	normal	
GGGAGATCAAAGCGGT_9_1_1	tumor	
ACGGAGAAGACTAGAT_9_1_1	tumor	
CGCCAAGGTAAACACA_9_1_1	tumor	
GTCACGGCACCAGGCT_9_1_1	tumor	
AAAGTAGAGATAGTCA_9_1_1	tumor	
GCTGGGTTCGAGAACG_9_1_1	tumor	
TAAGCGTTCATTTGGG_9_1_1	tumor	
CACAAACTCCTTGCCA_9_1_1	tumor	
GGGTCTGGTCAGAAGC_9_1_1	tumor	
TGACGGCGTCTAGCCG_9_1_1	tumor	
CTGAAACGTACTTGAC_9_1_1	tumor	
CTCTGGTAGCACGCCT_9_1_1	tumor	
CAGAGAGTCAACCATG_9_1_1	tumor	
CCACCTACAAGGGTCA_9_1_1	tumor	
GTGCAGCCATGACGGA_9_1_1	tumor	
TACGGGCTCTCCAGGG_9_1_1	tumor	
AGTCTTTTCACGATGT_9_1_1	tumor	
TTAGGACTCTTGTATC_9_1_1	tumor	
TACCTATAGTGGGATC_9_1_1	tumor	
CGAGAAGAGGCCGAAT_9_1_1	tumor	
TTTACTGAGTAGCGGT_9_1_1	tumor	
CTGAAGTGTAGTACCT_9_1_1	tumor	
TCATTTGAGATGTCGG_9_1_1	tumor	
GTCTTCGTCTCCGGTT_9_1_1	tumor	
TGGGCGTGTCTAGCCG_9_1_1	tumor	
CAACCTCCATCGATTG_9_1_1	tumor	
AACACGTCATAGACTC_9_1_1	tumor	
TACCTATAGCCACTAT_9_1_1	tumor	
GATCGTAAGTCATGCT_9_1_1	tumor	
CGGGTCACACTTCTGC_9_1_1	tumor	
CACACCTAGGTTCCTA_9_1_1	tumor	
ATCATGGGTTCGCGAC_9_1_1	tumor	
AAGCCGCAGGATGTAT_9_1_1	tumor	
CCACGGATCCATGCTC_9_1_1	tumor	
CAACCAAGTCGTGGCT_9_1_1	tumor	
GGGAGATGTCCGCTGA_9_1_1	tumor	
TCGTACCAGCCGCCTA_9_1_1	normal	
CGGTTAATCGCAGGCT_9_1_1	tumor	
CATCCACCAAACAACA_9_1_1	tumor	
ACTTTCAGTAGGCATG_9_1_1	tumor	
TTGTAGGTCACATAGC_9_1_1	tumor	
TTTATGCTCCAGTATG_9_1_1	tumor	
TACGGTAAGCACACAG_9_1_1	tumor	
TCCACACGTTAAGAAC_9_1_1	normal	
TCAGATGTCAATCACG_9_1_1	tumor	
TGATTTCGTTATCGGT_9_1_1	tumor	
CCTACACCAGCCTTTC_9_1_1	tumor	
GGACGTCTCCGTCATC_9_1_1	tumor	
GGGCACTTCTGCCAGG_9_1_1	tumor	
TGACTTTTCGGCGGTT_9_1_1	tumor	
CTCATTAAGACAGAGA_9_1_1	tumor	
GTGAAGGTCTCTTATG_9_1_1	tumor	
AACGTTGGTGACTCAT_9_1_1	tumor	
TGGTTCCGTACGCTGC_9_1_1	tumor	
AACTGGTGTTAGAACA_9_1_1	tumor	
GTAACTGAGACTTTCG_9_1_1	tumor	
GTATCTTTCTCAACTT_9_1_1	tumor	
GCATGCGTCTGTCTAT_9_1_1	tumor	
GGCAATTTCCGAGCCA_9_1_1	tumor	
CAGAATCCATTGCGGC_9_1_1	tumor	
AACTGGTGTCAGAGGT_9_1_1	tumor	
GGACATTAGATCCCAT_9_1_1	tumor	
ACTGATGAGTGGTAGC_9_1_1	tumor	
CAGAATCAGGAGTACC_9_1_1	tumor	
GCTGCGAAGGCTAGAC_9_1_1	tumor	
AACTTTCAGCCACTAT_9_1_1	tumor	
ACCCACTCAGCCAATT_9_1_1	tumor	
TGGTTAGCAGACGCTC_9_1_1	tumor	
TGCGTGGGTGTGGCTC_9_1_1	tumor	
TTAGGACAGGACAGAA_9_1_1	tumor	
CATGGCGAGTGGTAAT_9_1_1	tumor	
GCTGCAGCACATCTTT_9_1_1	tumor	
GTGCGGTGTCTAACGT_9_1_1	tumor	
GCGCGATCACAACGCC_9_1_1	tumor	
CTCCTAGAGCTAGTCT_9_1_1	tumor	
TAGTTGGTCTTAACCT_9_1_1	tumor	
TGAGCATTCCTTTCGG_9_1_1	tumor	
ATCCGAACACGACGAA_9_1_1	tumor	
CTTTGCGTCAGTGCAT_9_1_1	tumor	
CAGATCACATTGGGCC_9_1_1	tumor	
CACATAGAGAGGTAGA_9_1_1	tumor	
GACGGCTAGGGATACC_9_1_1	tumor	
CAAGGCCTCCGCATAA_9_1_1	tumor	
GCGCAGTTCGTCTGCT_9_1_1	tumor	
TTTACTGAGAACTCGG_9_1_1	tumor	
GCATGTATCGCCATAA_9_1_1	tumor	
TGGCGCAAGTAGGCCA_9_1_1	normal	
AAGACCTAGACAGGCT_9_1_1	tumor	
TTAGGCATCGAATGCT_9_1_1	tumor	
AGAGTGGTCTGGTTCC_9_1_1	tumor	
TAGACCAAGTGTTGAA_9_1_1	tumor	
GTTCATTTCACTTACT_9_1_1	tumor	
CCTTTCTAGCAGCCTC_9_1_1	tumor	
GGGAGATTCCAGGGCT_9_1_1	normal	
TCTCTAAGTGCCTGCA_9_1_1	tumor	
ACTGAACTCAGCAACT_9_1_1	normal	
ACTTACTCAAGGTGTG_9_1_1	tumor	
TTATGCTCACCACCAG_9_1_1	tumor	
CAGAGAGTCTTGCATT_9_1_1	tumor	
ACTATCTTCATCGGAT_9_1_1	tumor	
ATGCGATGTTGGGACA_9_1_1	tumor	
CTGCCTATCATACGGT_9_1_1	tumor	
GCGCAACGTAAGAGGA_9_1_1	tumor	
GCGCAGTAGGTAGCTG_9_1_1	tumor	
ATTGGTGTCCCTCAGT_9_1_1	tumor	
TACCTATTCGTGGACC_9_1_1	tumor	
CGATGGCTCACTCTTA_9_1_1	normal	
CGTGTAAGTTTGACAC_9_1_1	tumor	
TCGAGGCAGCTTCGCG_9_1_1	tumor	
TCAACGATCTGTCTCG_9_1_1	tumor	
GATGCTACAAGACGTG_9_1_1	tumor	
AGGGATGCAATAGAGT_9_1_1	tumor	
TAAGCGTTCTAACCGA_9_1_1	tumor	
CGAGAAGGTCTACCTC_9_1_1	tumor	
ACTGAACAGCGTTCCG_9_1_1	tumor	
ACACCGGCAATGGATA_9_1_1	tumor	
TAGTGGTGTAAGTAGT_9_1_1	tumor	
ACGGGTCCATCACAAC_9_1_1	tumor	
CTGCGGAAGCCCTAAT_9_1_1	tumor	
CCTCTGAAGGCATTGG_9_1_1	tumor	
TACTCATCACACGCTG_9_1_1	tumor	
CTGTTTACATGCAATC_9_1_1	tumor	
AAAGCAAAGACAGGCT_9_1_1	tumor	
ACACCGGAGCCTTGAT_9_1_1	normal	
GTGGGTCAGCTTCGCG_9_1_1	tumor	
CCCAGTTTCGTAGATC_9_1_1	tumor	
CGTGAGCGTACCGCTG_9_1_1	tumor	
CACACTCAGTTTCCTT_9_1_1	tumor	
CTCTAATGTACTCTCC_9_1_1	normal	
TCAGATGAGTCATGCT_9_1_1	tumor	
AGGGATGAGACAAGCC_9_1_1	tumor	
TACTCGCAGGAGTACC_9_1_1	tumor	
TACTTGTCAAAGGAAG_9_1_1	tumor	
TACTCGCTCATAACCG_9_1_1	tumor	
ACGAGCCTCCTCCTAG_9_1_1	tumor	
GTGCATAAGTATCGAA_9_1_1	tumor	
CATATTCCAAGTTAAG_9_1_1	tumor	
TACGGTAAGGTGCTAG_9_1_1	tumor	
AAAGCAAGTTTACTCT_9_1_1	tumor	
GAGCAGAAGTGGACGT_9_1_1	tumor	
TGAGAGGTCCAGAGGA_9_1_1	tumor	
AGACGTTAGACAGGCT_9_1_1	tumor	
CGCTTCAAGATCTGCT_9_1_1	tumor	
CATATGGTCGCACTCT_9_1_1	tumor	
TAGGCATCAGAGTGTG_9_1_1	tumor	
TTCGGTCAGCCACTAT_9_1_1	tumor	
TACAGTGGTAAGAGGA_9_1_1	tumor	
ACACTGATCTGCTTGC_9_1_1	tumor	
TAGTTGGCACTAAGTC_9_1_1	tumor	
GCATGATGTGGAAAGA_9_1_1	tumor	
CCACCTAAGATACACA_9_1_1	tumor	
GATCGCGCATATGCTG_9_1_1	tumor	
CTAGTGATCTGTTTGT_9_1_1	tumor	
CCGTTCACACATCTTT_9_1_1	tumor	
GAAGCAGTCTCACATT_9_1_1	tumor	
CGTCTACAGGAGCGAG_9_1_1	tumor	
GCGCGATCAAACCCAT_9_1_1	tumor	
TTAACTCAGAACAACT_9_1_1	tumor	
GGTATTGAGGGATACC_9_1_1	tumor	
GCATGATAGAGCAATT_9_1_1	tumor	
GTCCTCACACCGATAT_9_1_1	tumor	
TAGCCGGCAGTGGAGT_9_1_1	tumor	
GCAGTTACACTGTCGG_9_1_1	tumor	
GAGTCCGTCGCAAGCC_9_1_1	tumor	
CATGACAGTCTCATCC_9_1_1	tumor	
GCTGCAGCAAGTAATG_9_1_1	tumor	
AAGGCAGGTCGCGGTT_9_1_1	tumor	
AGAGCTTGTACCGTTA_9_1_1	tumor	
GAAGCAGGTCCAGTAT_9_1_1	tumor	
GGATGTTGTATAGGTA_9_1_1	tumor	
ACGTCAAGTTACAGAA_9_1_1	tumor	
ATCTACTGTGAGTGAC_9_1_1	tumor	
GAACGGAAGGCCATAG_9_1_1	tumor	
GAGGTGAAGGACATTA_9_1_1	tumor	
CGTTAGAGTTTGTTTC_9_1_1	tumor	
CATGCCTAGCTAGGCA_9_1_1	tumor	
TCTCATAGTAGTACCT_9_1_1	tumor	
GACTAACAGTCTCGGC_9_1_1	tumor	
AGTGGGATCAGTGCAT_9_1_1	tumor	
TCAGCAATCTGTCTCG_9_1_1	tumor	
CAAGGCCCACTGAAGG_9_1_1	tumor	
AACTCTTCAGTGACAG_9_1_1	normal	
GATCGCGTCTGGTGTA_9_1_1	tumor	
ACTTACTCACATTTCT_9_1_1	normal	
GCATGATTCCGAATGT_9_1_1	normal	
CACAAACTCGCATGAT_9_1_1	tumor	
CACTCCATCAACGCTA_9_1_1	tumor	
ACTGCTCCAAGAGGCT_9_1_1	tumor	
TCAGATGTCGTTTATC_9_1_1	tumor	
ACTTACTTCGGTGTCG_9_1_1	normal	
CACCAGGAGTTTAGGA_9_1_1	tumor	
TGACGGCAGACTAGAT_9_1_1	tumor	
TTGGCAAGTACTCTCC_9_1_1	tumor	
TGCTGCTGTGCTCTTC_9_1_1	tumor	
GACGCGTGTGCCTGTG_9_1_1	tumor	
CAAGAAAGTTGTACAC_9_1_1	tumor	
TGCGCAGTCCAACCAA_9_1_1	tumor	
TGTGGTAAGCTTCGCG_9_1_1	tumor	
TGCACCTTCCAAACTG_9_1_1	tumor	
GCGCAGTCATCCGCGA_9_1_1	tumor	
TTGGAACGTCTTCGTC_9_1_1	tumor	
AACTCTTAGTCACGCC_9_1_1	tumor	
GATCAGTTCAACACGT_9_1_1	tumor	
CGGACACCAATAGCGG_9_1_1	tumor	
ATTACTCAGAGGTTGC_9_1_1	tumor	
ACCGTAAGTAGAGCTG_9_1_1	normal	
TGCACCTAGACCTTTG_9_1_1	tumor	
GTTAAGCAGCCAGTAG_9_1_1	tumor	
CGAACATTCCACGTGG_9_1_1	normal	
CACACCTTCGGTCTAA_9_1_1	normal	
ACCCACTCACGCCAGT_9_1_1	tumor	
CACTCCAAGGGTCGAT_9_1_1	tumor	
TACTTGTCATTAACCG_9_1_1	tumor	
GTGAAGGTCCCAAGAT_9_1_1	tumor	
CGCTTCAGTCTCTCGT_9_1_1	tumor	
GTGAAGGTCCATTCTA_9_1_1	tumor	
CACCTTGTCGTTTGCC_9_1_1	tumor	
CGACTTCCAAGAAAGG_9_1_1	tumor	
AAGGAGCGTGCCTGTG_9_1_1	tumor	
CCCAATCCAATCCGAT_9_1_1	tumor	
CCCATACTCTGGGCCA_9_1_1	tumor	
CGATGTAGTGTGACCC_9_1_1	tumor	
GCATACAGTGCACCAC_9_1_1	tumor	
ACCTTTATCAGGCGAA_9_1_1	tumor	
TCCACACAGCTAACTC_9_1_1	tumor	
ACGAGCCCAGTATAAG_9_1_1	tumor	
CTTCTCTAGTAGCGGT_9_1_1	tumor	
CCTATTACAGACACTT_9_1_1	normal	
GTCAAGTCAATCAGAA_9_1_1	tumor	
TGCGCAGCACGGCGTT_9_1_1	tumor	
GATCTAGTCTTGTATC_9_1_1	tumor	
GGCTGGTGTAAGTGGC_9_1_1	tumor	
ATTATCCCACACATGT_9_1_1	tumor	
CATCAAGGTGTCGCTG_9_1_1	tumor	
GACAGAGTCAGATAAG_9_1_1	tumor	
GTCCTCATCTGCGTAA_9_1_1	tumor	
CGCTGGATCACAAACC_9_1_1	tumor	
GGGAATGTCAGTCCCT_9_1_1	tumor	
CTAGAGTGTAGCTAAA_9_1_1	normal	
AGGCCGTTCGCCATAA_9_1_1	tumor	
ACAGCTAAGGGTTCCC_9_1_1	tumor	
CACTCCAAGCTGATAA_9_1_1	tumor	
GGCTGGTAGGATTCGG_9_1_1	tumor	
CCCAATCGTGTCGCTG_9_1_1	tumor	
GAATGAAGTTATTCTC_9_1_1	tumor	
ATTGGTGAGTACACCT_9_1_1	tumor	
CGCTTCATCGGCTTGG_9_1_1	tumor	
ACGTCAAGTGCAACTT_9_1_1	tumor	
GACTACAAGACAGAGA_9_1_1	tumor	
ATTCTACTCCTTTACA_9_1_1	tumor	
GCATGTATCCCATTAT_9_1_1	tumor	
AGACGTTTCTACTTAC_9_1_1	normal	
GTGTGCGGTCTGCAAT_9_1_1	tumor	
ACTTGTTAGACCTAGG_9_1_1	tumor	
TACAGTGCACAGCCCA_9_1_1	tumor	
GTAGTCATCAGGCGAA_9_1_1	tumor	
TTGACTTGTTATCGGT_9_1_1	tumor	
AGAGTGGAGGCATTGG_9_1_1	tumor	
ACGCAGCTCTACCTGC_9_1_1	tumor	
CAACTAGGTCATGCCG_9_1_1	tumor	
TGGACGCGTTTGTTTC_9_1_1	tumor	
TCACGAAAGCAGGTCA_9_1_1	normal	
CTCTGGTGTAGTACCT_9_1_1	tumor	
TCATTACGTCTGCCAG_9_1_1	tumor	
ACTGTCCTCTAGAGTC_9_1_1	tumor	
GCTTGAAAGTGGAGTC_9_1_1	tumor	
ATAAGAGGTCCCTTGT_9_1_1	normal	
GCGAGAATCGGGAGTA_9_1_1	tumor	
AGACGTTAGACTAGGC_9_1_1	tumor	
CGACCTTCAGCATACT_9_1_1	tumor	
CCGTGGAGTTCCTCCA_9_1_1	tumor	
CTACCCACAGCCTTGG_9_1_1	tumor	
CGTCACTTCTCAACTT_9_1_1	tumor	
CACATAGAGTATCGAA_9_1_1	tumor	
GGATTACAGAGCTTCT_9_1_1	tumor	
GTAACGTAGCTAGTGG_9_1_1	tumor	
CAAGAAACAGATTGCT_9_1_1	tumor	
CTCGAAATCAATACCG_9_1_1	tumor	
TTGAACGAGGCTCAGA_9_1_1	tumor	
GGAAAGCCATTACGAC_9_1_1	normal	
TCATTTGCACTATCTT_9_1_1	tumor	
GGACAGACATATACGC_9_1_1	tumor	
CCCATACGTTTGGGCC_9_1_1	tumor	
GCGACCACACAAGCCC_9_1_1	tumor	
CCGGTAGTCCAAATGC_9_1_1	tumor	
ACGAGCCTCCGCAGTG_9_1_1	tumor	
TGCCCTAGTTCACCTC_9_1_1	tumor	
AAACCTGGTGGGTCAA_9_1_1	tumor	
AACTGGTCAAGCCATT_9_1_1	tumor	
CTCTGGTAGCAAATCA_9_1_1	tumor	
ATTATCCGTTGTTTGG_9_1_1	tumor	
CACCTTGAGTAGTGCG_9_1_1	tumor	
TGATTTCCATGTAGTC_9_1_1	tumor	
AAGGAGCGTAGGGACT_9_1_1	tumor	
GACCAATTCTGCGACG_9_1_1	tumor	
CTCGAGGCACTTGGAT_9_1_1	tumor	
GTACTTTAGGTAAACT_9_1_1	tumor	
TAGCCGGAGTTCGCGC_9_1_1	tumor	
ATTATCCAGAGTGAGA_9_1_1	tumor	
AGAGTGGTCCACGACG_9_1_1	tumor	
GCTGGGTTCCAGGGCT_9_1_1	tumor	
TGCCCATAGGTCGGAT_9_1_1	tumor	
GCGCAGTCATCGATGT_9_1_1	tumor	
GACTAACCAAGCGATG_9_1_1	tumor	
CCCTCCTAGCTGCGAA_9_1_1	tumor	
TAAGTGCCACAGAGGT_9_1_1	tumor	
CATCGAAGTATCAGTC_9_1_1	tumor	
ACGAGGAGTCGGCACT_9_1_1	tumor	
TTCTCCTTCCTTTCTC_9_1_1	tumor	
GAACCTATCAACTCTT_9_1_1	tumor	
AGTTGGTTCCGCATAA_9_1_1	tumor	
TAGCCGGTCCAGGGCT_9_1_1	tumor	
TAGAGCTAGATCCGAG_9_1_1	tumor	
AGCTTGAGTTCGTCTC_9_1_1	tumor	
GGGACCTGTACGACCC_9_1_1	tumor	
CATCGAACAACGATCT_9_1_1	tumor	
TGTGGTAAGGCCCGTT_9_1_1	tumor	
ACATCAGAGGGTTCCC_9_1_1	tumor	
CGATCGGAGACACTAA_9_1_1	tumor	
AAAGATGTCTGCTGTC_9_1_1	tumor	
CCAATCCAGGCATGGT_9_1_1	tumor	
TCGGTAATCCGTCAAA_9_1_1	tumor	
CTCTAATAGACATAAC_9_1_1	tumor	
CCACCTAAGGTCATCT_9_1_1	tumor	
TCGTAGAAGTCTTGCA_9_1_1	tumor	
TACGGTAAGTGAAGAG_9_1_1	normal	
TCTGAGACATCATCCC_9_1_1	normal	
GGGATGAGTCGAACAG_9_1_1	tumor	
CTGATCCTCCACGACG_9_1_1	tumor	
GTCGGGTCACCAGCAC_9_1_1	tumor	
CCTAAAGAGCCCGAAA_9_1_1	tumor	
TTTGGTTAGCGTGAGT_9_1_1	tumor	
ACACCCTCAGGCAGTA_9_1_1	tumor	
CGGACGTGTTATTCTC_9_1_1	normal	
GGCTGGTAGCTCAACT_9_1_1	tumor	
CAGATCATCGATCCCT_9_1_1	tumor	
GCGAGAATCTGGTTCC_9_1_1	tumor	
GGAGCAAGTCACTGGC_9_1_1	tumor	
GTCATTTTCGGCCGAT_9_1_1	tumor	
GAGTCCGAGACGCAAC_9_1_1	tumor	
TGGTTCCCAACGATGG_9_1_1	tumor	
TTCTCAATCCGCAGTG_9_1_1	tumor	
GATTCAGCACTTCTGC_9_1_1	tumor	
TACGGGCCAGTCAGCC_9_1_1	normal	
GCTGCTTCATCACGAT_9_1_1	tumor	
TTTCCTCGTGGTAACG_9_1_1	tumor	
CCTATTATCCAACCAA_9_1_1	tumor	
GGCTGGTGTAGCGTCC_9_1_1	tumor	
TCCACACAGGGTCTCC_9_1_1	normal	
AGAGTGGTCCCTAATT_9_1_1	tumor	
CTGCTGTTCTATCCCG_9_1_1	tumor	
TAAGCGTCACTATCTT_9_1_1	tumor	
AGTGTCAAGGGTCTCC_9_1_1	normal	
CAGCCGAAGAAGGCCT_9_1_1	tumor	
CGAGCCAAGCTAGCCC_9_1_1	tumor	
CCTTTCTTCAACGGCC_9_1_1	tumor	
ACGGGCTCAGTATCTG_9_1_1	tumor	
CACACTCAGCTAGTCT_9_1_1	tumor	
TTGACTTAGTTGAGAT_9_1_1	normal	
GCAGTTAGTTGGTAAA_9_1_1	tumor	
GACCTGGCAAGTACCT_9_1_1	tumor	
AACGTTGAGCAGATCG_9_1_1	normal	
CATATTCAGCTCAACT_9_1_1	tumor	
TCAATCTCACATTTCT_9_1_1	tumor	
CAGCCGATCTGCTGTC_9_1_1	tumor	
TCAATCTGTGAGTGAC_9_1_1	normal	
GTACTTTGTTGCGCAC_9_1_1	tumor	
CCGGGATGTTACTGAC_9_1_1	tumor	
TACAGTGCATCTGGTA_9_1_1	tumor	
CATCGGGCAGCTCGCA_9_1_1	normal	
CGGCTAGAGAATGTGT_9_1_1	normal	
ATCATCTGTATAAACG_9_1_1	tumor	
TGACTAGGTACCATCA_9_1_1	tumor	
CCACTACCACTTAACG_9_1_1	tumor	
TACGGATTCACTATTC_9_1_1	tumor	
TGGCCAGCAGACGTAG_9_1_1	normal	
TTGGAACCACTTCGAA_9_1_1	tumor	
TGCTGCTCAGGTGCCT_9_1_1	tumor	
ACATCAGCACTTAAGC_9_1_1	tumor	
AGCGGTCAGAAGGCCT_9_1_1	tumor	
CTGATAGCATGACGGA_9_1_1	tumor	
GGCGACTAGTTACCCA_9_1_1	tumor	
ACTGAGTGTATTACCG_9_1_1	normal	
TACACGAGTCGCATAT_9_1_1	normal	
TCATTTGCATGGTCAT_9_1_1	tumor	
AACGTTGCATGCATGT_9_1_1	tumor	
CTTCTCTCAGACAAGC_9_1_1	normal	
GTATTCTCAATACGCT_9_1_1	tumor	
CAAGGCCTCGTGACAT_9_1_1	tumor	
CTTCTCTTCCTATGTT_9_1_1	tumor	
GACCTGGTCGAGAACG_9_1_1	tumor	
CACAAACGTCTAGCGC_9_1_1	tumor	
AAAGATGTCTTATCTG_9_1_1	tumor	
GACTACAGTGTCTGAT_9_1_1	tumor	
ACCAGTACATGGTAGG_9_1_1	tumor	
CGCTGGATCTCAAGTG_9_1_1	tumor	
CGAACATGTCCATCCT_9_1_1	tumor	
GCTTGAATCGACAGCC_9_1_1	tumor	
TGGGAAGCATCCGCGA_9_1_1	tumor	
TCGGTAAAGCGACGTA_9_1_1	tumor	
CATGGCGGTGTATGGG_9_1_1	tumor	
TCTCATAAGCTCAACT_9_1_1	tumor	
TCTGGAACAAACTGTC_9_1_1	tumor	
AACACGTCACGAGAGT_9_1_1	tumor	
CGTCAGGCAAATTGCC_9_1_1	tumor	
GGCGACTTCCAATGGT_9_1_1	tumor	
TGCACCTGTCTGCCAG_9_1_1	tumor	
CATGACACACAAGCCC_9_1_1	tumor	
GGACAGAAGCGCTCCA_9_1_1	tumor	
CTCTAATTCTTTAGTC_9_1_1	tumor	
CTCGTACTCCATGAAC_9_1_1	tumor	
CCCAGTTAGATGTGTA_9_1_1	tumor	
CGAACATCAGCGATCC_9_1_1	tumor	
CTGCCTATCTCGAGTA_9_1_1	tumor	
GGCTGGTCAGGGCATA_9_1_1	tumor	
AACTCTTGTGTCAATC_9_1_1	tumor	
GTAACGTTCTTCAACT_9_1_1	tumor	
ACGATGTTCGGACAAG_9_1_1	tumor	
CACATAGGTATATCCG_9_1_1	tumor	
TCAGATGCAGGATTGG_9_1_1	tumor	
AAGTCTGCATTTCACT_9_1_1	tumor	
ATTACTCCATTCACTT_9_1_1	tumor	
TGGACGCCAGCCACCA_9_1_1	tumor	
CTACCCACACAGACTT_9_1_1	tumor	
CGACCTTTCCACTCCA_9_1_1	tumor	
ACCGTAATCACAGTAC_9_1_1	tumor	
GATGAGGTCTCGATGA_9_1_1	tumor	
TACTTACTCTCCAGGG_9_1_1	tumor	
CAGCTGGCAACACCTA_9_1_1	tumor	
ATCCACCCACATGGGA_9_1_1	tumor	
CCTAAAGCAGCTATTG_9_1_1	tumor	
GTTAAGCAGTCAAGCG_9_1_1	tumor	
CGGCTAGAGCAAATCA_9_1_1	tumor	
ACAGCTATCGGCGCAT_9_1_1	tumor	
AAATGCCGTAAACACA_9_1_1	tumor	
TTGGAACAGTCAATAG_9_1_1	tumor	
ATCTGCCAGCTCAACT_9_1_1	tumor	
CGAGAAGGTAAGGGAA_9_1_1	normal	
GTCATTTTCCGATATG_9_1_1	tumor	
CTCGTACAGCGATAGC_9_1_1	normal	
AATCCAGAGAAGATTC_9_1_1	normal	
TCTTCGGGTGAGGGAG_9_1_1	normal	
TAAGCGTGTTGCTCCT_9_1_1	tumor	
GACCAATCATCGGGTC_9_1_1	tumor	
TGACTAGTCAAGGTAA_9_1_1	tumor	
CGGAGCTTCTGTACGA_9_1_1	tumor	
GGTATTGCAATCCAAC_9_1_1	normal	
CGGCTAGAGTTGCAGG_9_1_1	tumor	
GCATGTACATTCCTCG_9_1_1	tumor	
CAGCATAAGATCGGGT_9_1_1	tumor	
CGTGTCTCAAGTCTAC_9_1_1	tumor	
TGATTTCTCGTTGACA_9_1_1	tumor	
CATGACATCATGGTCA_9_1_1	tumor	
AGTCTTTCATCCCACT_9_1_1	normal	
CACTCCAAGGTTACCT_9_1_1	tumor	
CCTTCCCGTAGCGATG_9_1_1	tumor	
GGTGCGTGTTCGGCAC_9_1_1	tumor	
GTCTCGTAGCTAGTGG_9_1_1	tumor	
ACGGGCTCAGTAACGG_9_1_1	tumor	
GGGTTGCTCATCTGTT_9_1_1	normal	
GTCTTCGCACGAAACG_9_1_1	tumor	
TGGTTCCGTAAGGGCT_9_1_1	tumor	
AACTGGTAGGGCTTGA_9_1_1	tumor	
AAACGGGCACCAACCG_9_1_1	tumor	
CACCTTGCACGTCTCT_9_1_1	tumor	
TAGACCAAGAGACGAA_9_1_1	normal	
ACATGGTCAGAAGCAC_9_1_1	tumor	
TCTTCGGTCAGAGACG_9_1_1	tumor	
TACACGATCGGAGGTA_9_1_1	tumor	
GGGCATCAGTGTACGG_9_1_1	tumor	
ACAGCCGCAGACACTT_9_1_1	tumor	
AGGTCCGAGATGCGAC_9_1_1	tumor	
CTGGTCTTCACCTTAT_9_1_1	tumor	
CCTTCGACATCAGTCA_9_1_1	tumor	
TCGAGGCGTTGAACTC_9_1_1	tumor	
ACGCCAGCATGCAATC_9_1_1	normal	
TCGGGACCACAACGCC_9_1_1	normal	
AGGCCACAGGCAATTA_9_1_1	tumor	
ATTTCTGCATAAGACA_9_1_1	tumor	
CTCGAAACAAGTTCTG_9_1_1	tumor	
AGCTCCTTCAAACCGT_9_1_1	tumor	
CGATGGCGTACAGTGG_9_1_1	tumor	
AGTCTTTCATCGTCGG_9_1_1	tumor	
GGACAAGCATGGGAAC_9_1_1	tumor	
CCGTGGAGTCGACTGC_9_1_1	tumor	
GCGCCAAAGCTGTCTA_9_1_1	tumor	
CGATGGCAGAAGGTGA_9_1_1	tumor	
GGGTCTGTCAAGATCC_9_1_1	normal	
CACCAGGTCTTAGAGC_9_1_1	tumor	
CTTAGGAAGAAGATTC_9_1_1	tumor	
AATCCAGAGGACATTA_9_1_1	tumor	
ATAGACCTCCTTGACC_9_1_1	normal	
GAATGAAAGTTAACGA_9_1_1	tumor	
GGATTACCAGGTGCCT_9_1_1	tumor	
TCGCGAGGTCTAGCCG_9_1_1	tumor	
TTTGCGCGTTAAGACA_9_1_1	tumor	
GGACGTCGTAATCACC_9_1_1	tumor	
AGTCTTTTCCTATTCA_9_1_1	tumor	
GGTGAAGTCCTCTAGC_9_1_1	tumor	
CACTCCACAGCTCCGA_9_1_1	tumor	
ACGATGTAGCCCAGCT_9_1_1	tumor	
ACCCACTAGGATGCGT_9_1_1	normal	
ACCAGTATCCCAACGG_9_1_1	tumor	
CCACCTAGTCCTCTTG_9_1_1	normal	
ACGGGCTCAAGGCTCC_9_1_1	tumor	
TTCGAAGAGGGATCTG_9_1_1	tumor	
TTGGAACCAGGGAGAG_9_1_1	tumor	
ATCTACTAGTTACCCA_9_1_1	tumor	
CGTTAGAAGTCTTGCA_9_1_1	tumor	
TCATTTGGTTAAAGTG_9_1_1	normal	
AGGGAGTTCCTTCAAT_9_1_1	tumor	
ACGGAGAAGTGGGTTG_9_1_1	tumor	
CCCAGTTGTAGCGTAG_9_1_1	normal	
TGTTCCGTCGCCTGAG_9_1_1	tumor	
GGAACTTCATGAGCGA_9_1_1	tumor	
CTGTTTATCTCACATT_9_1_1	tumor	
GATCGATCAGACTCGC_9_1_1	tumor	
CAGCGACTCCAAATGC_9_1_1	tumor	
CTGCGGAAGTGTACGG_9_1_1	tumor	
CATATTCCAGCGATCC_9_1_1	tumor	
GTAGGCCAGACGCTTT_9_1_1	tumor	
ATAAGAGGTGGGTATG_9_1_1	tumor	
GGAAAGCGTCCAGTGC_9_1_1	tumor	
ATTACTCCAGCTGGCT_9_1_1	tumor	
TGTCCCACAAACCCAT_9_1_1	tumor	
AAACCTGGTATATGAG_9_1_1	tumor	
TTAGGACCACAAGTAA_9_1_1	tumor	
CTTAGGAGTACCTACA_9_1_1	tumor	
TGAGGGACAATGCCAT_9_1_1	tumor	
CGTAGGCGTACCGTTA_9_1_1	tumor	
CACACAATCATGTCCC_9_1_1	tumor	
CCTTCGAGTTACCAGT_9_1_1	tumor	
TGCCAAACAGATCTGT_9_1_1	tumor	
CATATGGAGAATCTCC_9_1_1	tumor	
TTCTACATCGGTTCGG_9_1_1	tumor	
ACGGGTCCAGTGGAGT_9_1_1	normal	
CGCTATCGTCGAGTTT_9_1_1	tumor	
CCTACACCAGCTCGCA_9_1_1	tumor	
CCTTCCCCAGGACCCT_9_1_1	tumor	
CACCACTCAGTGGAGT_9_1_1	tumor	
CGATCGGCACGACGAA_9_1_1	normal	
TGAAAGACATCACAAC_9_1_1	tumor	
GACTGCGAGGAGTAGA_9_1_1	tumor	
GCGCAACGTTCCATGA_9_1_1	normal	
GCAGCCAGTCCAGTTA_9_1_1	tumor	
CAGCTGGCACCAGCAC_9_1_1	tumor	
TGCTGCTCAATGTTGC_9_1_1	tumor	
AGGCCGTCAAATACAG_9_1_1	tumor	
AGAGCGAAGAGAGCTC_9_1_1	tumor	
TACGGTAGTATCAGTC_9_1_1	tumor	
AACTCCCTCCTTAATC_9_1_1	tumor	
AGTGGGATCCAAACTG_9_1_1	tumor	
CAAGAAATCGGAAACG_9_1_1	tumor	
TCTTCGGAGATACACA_9_1_1	tumor	
GGTGCGTGTAGGGACT_9_1_1	tumor	
CATCGGGAGCACACAG_9_1_1	tumor	
TCTTTCCGTCACCTAA_9_1_1	tumor	
CGAGCCAAGATCGGGT_9_1_1	tumor	
ACGCCAGGTTACGACT_9_1_1	tumor	
TACCTATCATCGACGC_9_1_1	tumor	
AACTGGTTCAGTCAGT_9_1_1	tumor	
CAGCAGCGTCAAACTC_9_1_1	tumor	
ACATACGAGGGAGTAA_9_1_1	tumor	
ATTACTCGTACATGTC_9_1_1	normal	
CCACTACTCACATGCA_9_1_1	tumor	
AGCAGCCTCGAACGGA_9_1_1	tumor	
TGACAACAGGCTCAGA_9_1_1	tumor	
GATCGATTCTTACCTA_9_1_1	tumor	
GTTACAGAGACGACGT_9_1_1	tumor	
TTAGGCAGTCAGCTAT_9_1_1	tumor	
ACCTTTAAGCCAGAAC_9_1_1	tumor	
TCGGTAAGTAGCACGA_9_1_1	tumor	
CCTTCCCGTTTGACAC_9_1_1	tumor	
CGCGGTAGTGGCGAAT_9_1_1	tumor	
CGGAGCTAGTCATCCA_9_1_1	tumor	
CCTACACAGGCGCTCT_9_1_1	tumor	
GAACATCAGACAGAGA_9_1_1	tumor	
AGTAGTCAGACTTTCG_9_1_1	tumor	
CGGTTAATCATAACCG_9_1_1	tumor	
TTTACTGGTCTTGTCC_9_1_1	tumor	
AAAGATGGTTGTACAC_9_1_1	tumor	
ACCCACTCATTCTCAT_9_1_1	tumor	
CCAGCGAAGCTCCTCT_9_1_1	tumor	
CATGCCTTCACCTTAT_9_1_1	tumor	
GTTCTCGCAGCGTAAG_9_1_1	tumor	
TGAAAGAGTTAAGGGC_9_1_1	tumor	
GACGTGCGTACAGTTC_9_1_1	tumor	
GCACTCTGTTACTGAC_9_1_1	tumor	
GTTAAGCAGCGATGAC_9_1_1	tumor	
CGCGTTTGTTACGGAG_9_1_1	normal	
CAGGTGCCAACTTGAC_9_1_1	tumor	
GTTACAGTCCGAGCCA_9_1_1	tumor	
CGCTATCCACGAAGCA_9_1_1	tumor	
GAGTCCGAGACTCGGA_9_1_1	tumor	
TTAGGCAAGCGGCTTC_9_1_1	tumor	
AGCTCCTGTCTCGTTC_9_1_1	normal	
GACTAACTCCGTAGGC_9_1_1	tumor	
TGGTTCCCATCTGGTA_9_1_1	tumor	
CGGTTAAGTCGCTTCT_9_1_1	normal	
GGACAAGCACGGTAGA_9_1_1	tumor	
TGACGGCGTGATGTGG_9_1_1	tumor	
CTTGGCTGTCAAGCGA_9_1_1	tumor	
TCTTCGGGTCAGGACA_9_1_1	tumor	
GACTACAGTGCACGAA_9_1_1	tumor	
AGAGTGGTCAACCAAC_9_1_1	tumor	
CTGCCTACAACTGCGC_9_1_1	tumor	
CCGTACTGTGATGCCC_9_1_1	normal	
AAAGCAAGTGACCAAG_9_1_1	tumor	
CGATGTACACATCCGG_9_1_1	tumor	
TGACTTTTCAGGATCT_9_1_1	tumor	
CTCTAATGTGCTAGCC_9_1_1	tumor	
CCCAGTTCACGAAACG_9_1_1	tumor	
ACTGAACGTCGAAAGC_9_1_1	tumor	
CTCTAATCATCCGCGA_9_1_1	tumor	
GATCTAGCAAGTCTGT_9_1_1	tumor	
GATGAGGAGCTGGAAC_9_1_1	normal	
GCGCAGTTCATCGATG_9_1_1	tumor	
TGGCGCAAGTTAAGTG_9_1_1	tumor	
TCAGCTCCAGGACCCT_9_1_1	tumor	
CTCACACGTAGAAAGG_9_1_1	tumor	
TCATTTGCAGCTGCAC_9_1_1	tumor	
GTTTCTACAGGTTTCA_9_1_1	tumor	
TCTCATAGTAGGCATG_9_1_1	tumor	
TACTCATCAACGATCT_9_1_1	tumor	
CGTAGGCAGAGTAAGG_9_1_1	tumor	
CTCATTACAGCTGGCT_9_1_1	tumor	
ATCACGACATATGGTC_9_1_1	tumor	
CGGCTAGCATTAGCCA_9_1_1	tumor	
CAAGGCCTCTGTCCGT_9_1_1	tumor	
CCTCAGTAGGCAATTA_9_1_1	tumor	
ACTTTCAGTGATAAGT_9_1_1	tumor	
TCGCGAGTCTCTGTCG_9_1_1	tumor	
CTCGTACCACGCCAGT_9_1_1	tumor	
ATCGAGTAGTGGGCTA_9_1_1	tumor	
AGAATAGCAGTATGCT_9_1_1	tumor	
ACGCCAGTCAAAGTAG_9_1_1	tumor	
GCACATACACACGCTG_9_1_1	tumor	
ACGCCGATCCGTACAA_9_1_1	tumor	
GCGCAACTCGTGTAGT_9_1_1	tumor	
CGATGGCAGTGCGATG_9_1_1	tumor	
ATGAGGGAGACTACAA_9_1_1	normal	
CTCCTAGTCATGGTCA_9_1_1	tumor	
GACCAATTCGGACAAG_9_1_1	tumor	
GATGAAATCTCTTGAT_9_1_1	tumor	
AACTTTCGTGTTTGGT_9_1_1	tumor	
AGTCTTTGTTCGCGAC_9_1_1	tumor	
TTGGAACCATGTAGTC_9_1_1	tumor	
ATCTACTTCCACGACG_9_1_1	tumor	
TCAACGACAAAGTGCG_9_1_1	tumor	
GTGCGGTTCGGCGCAT_9_1_1	tumor	
GGACGTCTCCAGTAGT_9_1_1	tumor	
ACGGGCTGTCTCTTTA_9_1_1	tumor	
GTGCGGTAGTCGTACT_9_1_1	tumor	
ATTGGACTCATCTGCC_9_1_1	tumor	
CGTGTCTCAAACGTGG_9_1_1	tumor	
TCGGGACTCGCGATCG_9_1_1	tumor	
ATCCACCAGATCTGCT_9_1_1	tumor	
CTCATTAGTCCGAATT_9_1_1	tumor	
CTAGAGTCAACACCTA_9_1_1	tumor	
TAGGCATCACTAGTAC_9_1_1	tumor	
CCCAATCTCGGTGTCG_9_1_1	tumor	
TGGTTCCTCGGCTTGG_9_1_1	tumor	
TCTCTAAAGTTTAGGA_9_1_1	normal	
GTGCAGCTCGCCCTTA_9_1_1	tumor	
AACTTTCCAAAGGAAG_9_1_1	tumor	
ACACCAAAGAGTTGGC_9_1_1	tumor	
AACCATGCATCCGTGG_9_1_1	tumor	
GAAACTCGTGCAGTAG_9_1_1	tumor	
AGTGTCAAGGCGATAC_9_1_1	tumor	
GTACTTTCAAGACACG_9_1_1	tumor	
AAGGTTCGTGCTCTTC_9_1_1	normal	
GTGCATACATCTCCCA_9_1_1	tumor	
TGCTACCGTTCCACTC_9_1_1	tumor	
CGTCAGGGTTCCACGG_9_1_1	tumor	
CGGAGCTTCGCATGAT_9_1_1	tumor	
GAATAAGTCAAGATCC_9_1_1	tumor	
TCGCGTTAGCATCATC_9_1_1	tumor	
CTCGGGACACCTCGGA_9_1_1	tumor	
TCAGGTAAGCTGGAAC_9_1_1	tumor	
CGACCTTGTCGGGTCT_9_1_1	tumor	
ATCATCTAGTAGTGCG_9_1_1	tumor	
CCTCAGTAGAGAGCTC_9_1_1	tumor	
TGCTACCTCGCCCTTA_9_1_1	tumor	
GGAGCAAGTATAGTAG_9_1_1	tumor	
TCGGTAATCACCTTAT_9_1_1	tumor	
ACACCGGTCATGGTCA_9_1_1	tumor	
CGTTCTGTCAGTACGT_9_1_1	normal	
GTGCATAGTAGCACGA_9_1_1	tumor	
GCACTCTGTTCTGGTA_9_1_1	tumor	
GGCGTGTCAGCTTAAC_9_1_1	tumor	
TAAGTGCAGCGTGTCC_9_1_1	tumor	
TCTTCGGCATACGCTA_9_1_1	tumor	
GTTAAGCTCCGCGCAA_9_1_1	tumor	
ACTTACTGTCTCACCT_9_1_1	tumor	
TCATTTGCAGCTGCTG_9_1_1	tumor	
CGTAGCGGTTCCGGCA_9_1_1	tumor	
CGTCACTGTGGTCTCG_9_1_1	tumor	
TGTGGTAGTCGCATAT_9_1_1	normal	
CTCATTAGTATATGAG_9_1_1	tumor	
CATTCGCGTAAGGATT_9_1_1	tumor	
CTGATAGAGCAATATG_9_1_1	tumor	
CACAGGCCATATGCTG_9_1_1	tumor	
TTTACTGCACGTGAGA_9_1_1	normal	
CATTCGCCAAAGTCAA_11_1_1	normal	
GATCGCGTCTTCTGGC_11_1_1	normal	
CTAGTGACATATGAGA_11_1_1	normal	
TGGGAAGCACAGACAG_11_1_1	normal	
ACGTCAATCTGAGGGA_11_1_1	normal	
CTAACTTAGGAGCGTT_11_1_1	normal	
GTTACAGCATGACATC_11_1_1	normal	
CGCCAAGCATAGAAAC_11_1_1	normal	
CGGACTGTCCTCCTAG_11_1_1	tumor	
CACAAACGTAGCACGA_11_1_1	normal	
CCAGCGAGTACTTGAC_11_1_1	normal	
CCTTCCCGTACGAAAT_11_1_1	normal	
ATCATCTTCCTAAGTG_11_1_1	normal	
CCCAATCTCCGTAGTA_11_1_1	normal	
CGATTGATCCTCTAGC_11_1_1	normal	
CCTTCCCAGAAGCCCA_11_1_1	normal	
TGACTAGGTGTAATGA_11_1_1	normal	
GGACATTTCGACCAGC_11_1_1	normal	
CTCAGAACACTTAAGC_11_1_1	normal	
GACCTGGTCGACAGCC_11_1_1	normal	
TGTATTCGTATAGGGC_11_1_1	normal	
ACACTGACAATAGCAA_11_1_1	normal	
CACACAAGTAGCCTCG_11_1_1	normal	
CATCGGGTCTCTTGAT_11_1_1	normal	
TACGGTAAGGCGCTCT_11_1_1	normal	
AAATGCCAGGGATACC_11_1_1	normal	
GGCGTGTTCATTGCCC_11_1_1	normal	
CTGAAGTCAATGGAGC_11_1_1	normal	
TGGGCGTGTCCATCCT_11_1_1	normal	
CATGACACAACAACCT_11_1_1	normal	
GGTGCGTGTTAGATGA_11_1_1	normal	
GCGGGTTAGCCACGCT_11_1_1	normal	
CCCAGTTCAGTCAGCC_11_1_1	normal	
AAACGGGGTGTGACCC_11_1_1	normal	
AGCTCTCGTGCAGACA_11_1_1	normal	
CCCAATCCATTATCTC_11_1_1	normal	
ACTTTCACATGACATC_11_1_1	normal	
TTGGCAATCTTGTTTG_11_1_1	normal	
CGTTAGACAACTGCTA_11_1_1	normal	
AGCGGTCCAGCATGAG_11_1_1	normal	
TTATGCTTCAATAAGG_11_1_1	normal	
CCATTCGCATTGTGCA_11_1_1	normal	
GAGGTGAAGTAGATGT_11_1_1	normal	
ACATACGAGCTATGCT_11_1_1	normal	
AGAGTGGAGCGTTCCG_11_1_1	normal	
AAACGGGGTGCACTTA_11_1_1	normal	
GTCCTCACAATTCCTT_11_1_1	normal	
ACTGTCCGTTCGTGAT_11_1_1	normal	
CATGACAAGGTGACCA_11_1_1	normal	
CTCATTATCTGCCAGG_11_1_1	normal	
CCACGGACAGCCAGAA_11_1_1	normal	
AGGGTGACAAGAAGAG_11_1_1	normal	
TGATTTCTCGGTTAAC_11_1_1	normal	
TGGTTAGGTTCTGGTA_11_1_1	normal	
GGGATGACAGTTCCCT_11_1_1	normal	
CACAGTAAGGGCATGT_11_1_1	normal	
CTTGGCTTCAGCTCTC_11_1_1	normal	
CTACCCAGTATTACCG_11_1_1	normal	
TTCTCAACATAACCTG_11_1_1	normal	
TGCCCTAAGGGCTCTC_11_1_1	normal	
TGGCTGGGTTGTGGAG_11_1_1	normal	
CTACCCATCCTGCTTG_11_1_1	normal	
TACGGGCAGGGCTCTC_11_1_1	normal	
CAACCAATCATATCGG_11_1_1	normal	
TTCGGTCTCAGAGGTG_11_1_1	normal	
CTAAGACCACGTCAGC_11_1_1	normal	
CCAGCGAAGGTGATTA_11_1_1	normal	
GTCATTTTCCAGGGCT_11_1_1	normal	
CTTTGCGAGACGCACA_11_1_1	tumor	
CCACTACTCGGCGGTT_11_1_1	normal	
TGCTACCAGAATTCCC_11_1_1	normal	
ATCATCTAGTGGGATC_11_1_1	normal	
CCACTACAGTCCGTAT_11_1_1	normal	
AACTCAGCAATCGAAA_11_1_1	normal	
AGCGTATAGAGTAAGG_11_1_1	normal	
TCAGATGCAACACGCC_11_1_1	normal	
CAGTCCTAGGCATGGT_11_1_1	normal	
ACGATACAGCCCAATT_11_1_1	normal	
GTAACGTTCGAATGGG_11_1_1	normal	
AACTCTTCATTTCAGG_11_1_1	normal	
TCTTTCCCATGGTCAT_11_1_1	normal	
GCGCCAATCTAACTTC_11_1_1	normal	
AGCGTATTCCTTCAAT_11_1_1	normal	
TTGCCGTCAATAGCAA_11_1_1	normal	
CTCGTCACAGGCGATA_11_1_1	normal	
CGGGTCAGTAAGGGCT_11_1_1	normal	
TGCCAAAGTCTTCAAG_11_1_1	normal	
CGTCACTTCAACTCTT_11_1_1	normal	
ACGAGCCGTCTGGTCG_11_1_1	normal	
ACTGTCCTCAACGCTA_11_1_1	normal	
CAGAGAGAGATCTGCT_11_1_1	normal	
CCTCAGTGTCGATTGT_11_1_1	normal	
GCAAACTAGACCTTTG_11_1_1	normal	
AACGTTGAGACTTTCG_11_1_1	normal	
CCTATTATCGGTTCGG_11_1_1	normal	
GCACTCTTCTACGAGT_11_1_1	normal	
AGGGAGTGTCCAAGTT_11_1_1	normal	
ATCCGAACAAGCCTAT_11_1_1	normal	
CAACCTCCATCCAACA_11_1_1	normal	
ACTGCTCGTCTTGATG_11_1_1	normal	
TCCCGATCATCTATGG_11_1_1	normal	
GCTTCCAGTTAAAGTG_11_1_1	normal	
TCAGATGAGGTGACCA_11_1_1	normal	
CACAGTAAGTGGTAGC_11_1_1	normal	
CGGTTAACATACCATG_11_1_1	normal	
ACACCCTGTTTGGCGC_11_1_1	tumor	
CTAGTGAGTACATGTC_11_1_1	tumor	
GGGAATGGTGTGGCTC_11_1_1	normal	
ACGGGCTGTCGTCTTC_11_1_1	normal	
ACTTACTTCTTCGAGA_11_1_1	normal	
TCGCGTTAGTGGAGTC_11_1_1	normal	
AGTGAGGCACAACGTT_11_1_1	normal	
CTCGAGGTCTCGCTTG_11_1_1	normal	
CTGTGCTCACCGCTAG_11_1_1	normal	
GACGTTAGTGTTCGAT_11_1_1	normal	
CGTCACTAGTCCCACG_11_1_1	normal	
GTGCTTCTCTACCTGC_11_1_1	normal	
TCACAAGCATGCCTTC_11_1_1	normal	
AGACGTTGTCCGAACC_11_1_1	normal	
GACTACACAGGACGTA_11_1_1	normal	
ACTGTCCAGACTAAGT_11_1_1	normal	
AGTGGGACACGTCAGC_11_1_1	normal	
AGTTGGTAGAGCCTAG_11_1_1	normal	
CAGATCAGTTCGAATC_11_1_1	normal	
TCACAAGTCCCATTAT_11_1_1	normal	
CTCGAAATCCAAGTAC_11_1_1	normal	
TACTCATCATGTTCCC_11_1_1	normal	
CGGACACCACGAGAGT_11_1_1	normal	
CGATGGCCAGCTCCGA_11_1_1	normal	
GGGCACTCATGAACCT_11_1_1	normal	
ATAAGAGTCTCCAACC_11_1_1	normal	
CCTTACGGTCGGCATC_11_1_1	normal	
ACTATCTAGCCCTAAT_11_1_1	normal	
GGATTACTCGCCAAAT_11_1_1	normal	
CCTAAAGTCCTATTCA_11_1_1	normal	
CCTTCCCGTAGCCTAT_11_1_1	normal	
TTCTCCTTCATAACCG_11_1_1	normal	
AGCTTGACAATCTGCA_11_1_1	normal	
GGGAGATCACTTCGAA_11_1_1	normal	
GGAACTTAGTGTACGG_11_1_1	normal	
GTTACAGAGCTGCAAG_11_1_1	normal	
AGGGTGAAGGGTATCG_11_1_1	normal	
TGAGCATAGAATGTTG_11_1_1	normal	
CACATTTCAACTGGCC_11_1_1	normal	
TTGTAGGCACAACGCC_11_1_1	normal	
CTGCTGTCACCAACCG_11_1_1	normal	
AAGGAGCGTAGGGACT_11_1_1	normal	
AAGTCTGCATCAGTCA_11_1_1	normal	
GTCAAGTTCCGGCACA_11_1_1	normal	
CTCTGGTAGAAGCCCA_11_1_1	normal	
CAGTCCTTCGGCTTGG_11_1_1	normal	
CTCAGAACACTCAGGC_11_1_1	normal	
TAGGCATGTGACGCCT_11_1_1	normal	yes
ACTTGTTGTGGTCCGT_11_1_1	normal	
ATGCGATCACTTAAGC_11_1_1	normal	
TGACGGCGTCCGACGT_11_1_1	normal	
GACTGCGGTTCAACCA_11_1_1	normal	
TGGCTGGTCCACGACG_11_1_1	normal	
TGCGGGTTCTAGCACA_11_1_1	normal	
GTACGTACAGACACTT_11_1_1	normal	
GGATGTTTCGTTACGA_11_1_1	normal	
CTCTACGCAGACACTT_11_1_1	normal	
CGACCTTTCCACGTTC_11_1_1	tumor	
CGTTCTGTCACAATGC_11_1_1	normal	yes
TTGAACGTCTGGCGAC_11_1_1	normal	
TGACTAGAGAAACCTA_11_1_1	normal	
CCTTCCCAGTGGTAGC_11_1_1	normal	
CGATGGCAGCGCTCCA_11_1_1	normal	
ATTATCCCAGCTCGCA_11_1_1	normal	
GATGAAAAGAGCTTCT_11_1_1	normal	
GTGGGTCCAGGGTTAG_11_1_1	normal	
CGGTTAAGTTATCCGA_11_1_1	normal	
CAAGATCGTGAACCTT_11_1_1	normal	
CGTAGGCTCGAACTGT_11_1_1	normal	
GGCAATTGTAGCTAAA_11_1_1	normal	
CTGCTGTTCGCATGGC_11_1_1	normal	
GTACGTACAATTCCTT_11_1_1	normal	
GACCTGGGTCGTTGTA_11_1_1	normal	
GTACTCCGTGTAACGG_11_1_1	normal	
GTACGTATCTCAAGTG_11_1_1	normal	
CTCTACGAGGATTCGG_11_1_1	normal	
CCTCTGATCCCTTGCA_11_1_1	normal	
GAAGCAGCAAGAGGCT_11_1_1	normal	
CAACTAGTCTGACCTC_11_1_1	normal	
CTGTGCTTCCACTCCA_11_1_1	normal	
CGATCGGTCACTTACT_11_1_1	normal	
AGTTGGTGTATCAGTC_11_1_1	normal	
GATCTAGGTGGCTCCA_11_1_1	normal	
ACGGCCACAGGTCCAC_11_1_1	normal	
ACGGCCACATGGGAAC_11_1_1	normal	
GCTCCTAGTGAGTATA_11_1_1	normal	
GCAGCCACATCCGGGT_11_1_1	normal	
TTGACTTGTTAAGTAG_11_1_1	normal	
GCTTGAACACTATCTT_11_1_1	normal	
GTGAAGGTCCTATTCA_11_1_1	normal	
GTCATTTCAGGGATTG_11_1_1	normal	
GACTGCGGTGCACGAA_11_1_1	normal	
CGACTTCCACAGAGGT_11_1_1	normal	
AACCATGGTCTGCAAT_11_1_1	normal	
ACGATGTTCTCGGACG_11_1_1	normal	
CTGAAGTCATAGAAAC_11_1_1	normal	
GTACGTACATCGACGC_11_1_1	normal	
GCAGTTAAGTGACATA_11_1_1	normal	
TGCTACCGTAGCGTCC_11_1_1	normal	
GAGTCCGTCTTAGCCC_11_1_1	normal	
ACATGGTAGTTCGATC_11_1_1	normal	
ACACTGATCTACCTGC_11_1_1	normal	
GTCTTCGCACTAGTAC_11_1_1	normal	
TTTGTCACATGAACCT_11_1_1	normal	
TAAGTGCGTCCGAATT_11_1_1	normal	
CCTCAGTCACAACGCC_11_1_1	normal	
CCTTCCCCACCCATGG_11_1_1	normal	
TAGTTGGAGGTCGGAT_11_1_1	normal	yes
TCGGGACCACGTCTCT_11_1_1	normal	
ACACCCTTCGACAGCC_11_1_1	normal	
CATGCCTAGAAACCGC_11_1_1	normal	
GGCTGGTTCACTTCAT_11_1_1	normal	
CTGATAGAGTGGTAAT_11_1_1	normal	
GTCCTCATCTGCGACG_11_1_1	normal	
ACGCCAGAGCTGCCCA_11_1_1	normal	
GATGAGGGTGCTAGCC_11_1_1	normal	
AATCCAGAGTGAACAT_11_1_1	normal	
CTGTGCTGTAATCACC_11_1_1	normal	
CCACTACTCTTGTCAT_11_1_1	normal	yes
CTAGTGAAGTCTCAAC_11_1_1	normal	
TAGCCGGGTACTTGAC_11_1_1	normal	
TTCTTAGCATCACCCT_11_1_1	normal	
GTAACTGCACACGCTG_11_1_1	normal	
CTCCTAGTCTCATTCA_11_1_1	normal	
ACGTCAATCGCGATCG_11_1_1	normal	
CGCCAAGAGACTACAA_11_1_1	normal	
GAAGCAGCACAGCGTC_11_1_1	tumor	
GCCTCTATCGGCATCG_11_1_1	normal	
GCGCAACTCGCTAGCG_11_1_1	normal	
TGCGCAGTCATTGCGA_11_1_1	normal	
GCTGCAGAGTGCGTGA_11_1_1	normal	
AATCCAGCATTCGACA_11_1_1	normal	
CAGCTAATCAGGCGAA_11_1_1	normal	
CGTTAGATCTACCTGC_11_1_1	normal	
CCTAAAGAGAAGATTC_11_1_1	normal	
GAGCAGAAGTACGTTC_11_1_1	normal	
CGTAGGCGTCGACTGC_11_1_1	normal	
TGAGCCGAGTCGATAA_11_1_1	normal	
GTGAAGGGTCAAAGCG_11_1_1	normal	
CGCTATCTCACTATTC_11_1_1	normal	
AACCGCGCAGCCTTTC_11_1_1	normal	
GCGCCAAAGTAGTGCG_11_1_1	normal	
CCGGGATAGGAGTTGC_11_1_1	normal	
CGATGGCCACCAGTTA_11_1_1	normal	
TTTCCTCAGATAGCAT_11_1_1	normal	
ACGTCAACAATAGCGG_11_1_1	normal	
TCAGCAACACCGATAT_11_1_1	tumor	
GCACATAGTTAGGGTG_11_1_1	normal	
ATCATGGGTCTCTCGT_11_1_1	normal	
AGATCTGAGCCCAACC_11_1_1	normal	
GTCGTAACACATGACT_11_1_1	normal	
TACACGACAGAAGCAC_11_1_1	normal	
AGTCTTTGTAGAGCTG_11_1_1	normal	
GACTACATCTTTCCTC_11_1_1	normal	
GTCACGGTCTCATTCA_11_1_1	normal	
GCTTGAACACTAGTAC_11_1_1	normal	
GCCAAATTCCAACCAA_11_1_1	normal	
GGAGCAAAGGCCGAAT_11_1_1	normal	
CGAGCACTCCCTGACT_11_1_1	normal	
CGGCTAGAGATCCGAG_11_1_1	normal	
AACTCCCGTCTTCGTC_11_1_1	normal	
AGAGTGGAGACTAGGC_11_1_1	normal	
CGCTGGAGTAAACCTC_11_1_1	normal	
GCGACCATCTGCCAGG_11_1_1	normal	
CGGAGTCCACCGAATT_11_1_1	normal	
AAACCTGAGTGGAGTC_11_1_1	normal	
CGCTATCAGAAACCGC_11_1_1	normal	
TACACGAGTGGAAAGA_11_1_1	tumor	
CTCATTAGTGGCAAAC_11_1_1	normal	
CCGGGATGTATCTGCA_11_1_1	normal	
TAAGCGTAGCAATCTC_11_1_1	normal	
ATGAGGGCAGGTCCAC_11_1_1	normal	
CCTTCGACAGACAAAT_11_1_1	normal	
CTGATAGCATGCCTTC_11_1_1	normal	
GAATGAAAGCAGCCTC_11_1_1	normal	
AAGGCAGGTCAAAGAT_11_1_1	normal	
CGAGAAGCACTAAGTC_11_1_1	normal	
TACTCATTCGTTACAG_11_1_1	normal	
GATGAAAAGCCACTAT_11_1_1	normal	yes
AAGCCGCTCTTGACGA_11_1_1	normal	
CGTCTACCACACAGAG_11_1_1	tumor	
AGCATACAGATACACA_11_1_1	normal	
TCATTTGCAGCGAACA_11_1_1	normal	
TCGTACCAGGAATGGA_11_1_1	normal	
GCGCAACAGTGGGTTG_11_1_1	normal	
CATCCACAGATGGGTC_11_1_1	normal	
GAGGTGATCCGCTGTT_11_1_1	normal	
ACCAGTAGTACCGAGA_11_1_1	normal	
AGCGTATAGCTAACAA_11_1_1	normal	
TTTATGCAGCGATAGC_11_1_1	normal	
ACCGTAAAGGGAGTAA_11_1_1	normal	
CCTAAAGCACCGAAAG_11_1_1	normal	
TCTTCGGAGAGACTAT_11_1_1	normal	
GCGCGATTCTCAAACG_11_1_1	normal	
AGCGGTCAGGGAGTAA_11_1_1	normal	yes
CAACTAGCAATCCGAT_11_1_1	normal	
GACTACAGTCAACTGT_11_1_1	normal	
CGTCTACAGGATGGAA_11_1_1	normal	
GCGACCAGTGTCGCTG_11_1_1	normal	
TGACTTTTCATAAAGG_11_1_1	normal	
GGTGAAGCAAAGAATC_11_1_1	normal	
CAGGTGCTCGGATGTT_11_1_1	normal	
TAGCCGGGTAACGTTC_11_1_1	normal	
CTGCGGATCGCGTAGC_11_1_1	normal	
GATGCTATCAATACCG_11_1_1	normal	
TGACTTTAGTACTTGC_11_1_1	normal	
TGGCCAGAGTTGTAGA_11_1_1	normal	
TGGTTCCCAGGATCGA_11_1_1	normal	
CGTTAGAAGAGACTTA_11_1_1	normal	
GTGTGCGCATACTACG_11_1_1	normal	
TAGGCATAGCCACGCT_11_1_1	normal	
CGGACACGTGAAATCA_11_1_1	normal	
CACAGTACAAGTAATG_11_1_1	normal	
CAGGTGCCACAGGTTT_11_1_1	normal	
GTCTCGTAGATCGATA_11_1_1	normal	
GTGCAGCAGATGTCGG_11_1_1	normal	
TACACGAGTCCAGTTA_11_1_1	normal	
AACCATGTCATGTAGC_11_1_1	normal	
CTAGTGAAGTTACCCA_11_1_1	normal	
GAAGCAGCAAACAACA_11_1_1	normal	
GTACTTTGTGTAAGTA_11_1_1	normal	
ATCCGAACACAAGCCC_11_1_1	normal	
GCGCAGTCACAGGCCT_11_1_1	normal	
CATCGAACATCCGTGG_11_1_1	normal	
CAGCAGCTCAGGCGAA_11_1_1	normal	
ACTGAGTCAGCTGCAC_11_1_1	normal	
CGGGTCATCGCAAGCC_11_1_1	normal	
AGCGTCGAGCTGTTCA_11_1_1	normal	
TCGAGGCCAGCGATCC_11_1_1	normal	
GGAGCAAGTATAGTAG_11_1_1	normal	
ATAAGAGAGAAGGTTT_11_1_1	normal	
CTCGGAGGTAGCACGA_11_1_1	normal	
GCACATAAGTGGAGAA_11_1_1	normal	
ATCCGAATCTATCCTA_11_1_1	normal	
TGAGCCGTCGGCCGAT_11_1_1	normal	yes
CCTATTATCAGAAATG_11_1_1	normal	
ACAGCCGGTAGCTCCG_11_1_1	normal	
TCAGGTATCGCAAGCC_11_1_1	tumor	
ATCCGAAGTTCGGGCT_11_1_1	normal	
GCGAGAAGTTCGTTGA_11_1_1	normal	
AAGGTTCAGGGATCTG_11_1_1	normal	
CAAGTTGTCACTATTC_11_1_1	normal	
CGCTGGAGTAAAGTCA_11_1_1	tumor	
AGAGCTTAGACAGACC_11_1_1	normal	
GGTATTGAGTGAATTG_11_1_1	normal	
CGGACTGTCGTGGGAA_11_1_1	normal	
ACATGGTAGGATGGTC_11_1_1	normal	
TCTTCGGTCGAATGCT_11_1_1	normal	
CGACTTCGTTACGGAG_11_1_1	normal	
ATAAGAGTCGAGGTAG_11_1_1	normal	
CGACCTTGTCACCCAG_11_1_1	normal	
CCATGTCCATCATCCC_11_1_1	normal	
CAACCTCGTGGTAACG_11_1_1	normal	
AATCCAGAGACGCACA_11_1_1	normal	
GTTCATTGTGTAAGTA_11_1_1	normal	
TAGTTGGTCGTAGGTT_11_1_1	normal	
CGGACGTGTGCAACGA_11_1_1	normal	
CCTTACGGTAAGGGCT_11_1_1	normal	
AAGACCTCAGGTCCAC_11_1_1	normal	
TGGCTGGAGAAGGTGA_11_1_1	normal	
ACGAGGAGTAAGCACG_11_1_1	normal	
AAACCTGAGCGGCTTC_11_1_1	normal	
GCGAGAAAGGCACATG_11_1_1	normal	
ATTGGACGTACACCGC_11_1_1	normal	
AGGGAGTCAGTCTTCC_11_1_1	normal	
ACAGCTAGTTGGGACA_11_1_1	normal	
GTTACAGCATTTGCTT_11_1_1	normal	
AAAGTAGTCTTACCTA_11_1_1	normal	
CCTATTATCGCTGATA_11_1_1	normal	
CGTTGGGCATCGATGT_11_1_1	normal	
TACTTACAGAGGTACC_11_1_1	normal	
TCGCGAGCACGGCCAT_11_1_1	normal	
TCCCGATAGAGTACAT_11_1_1	normal	
AACCGCGGTAGCGTAG_11_1_1	normal	
ACTGAACAGCATGGCA_11_1_1	normal	
TTAACTCCAACCGCCA_11_1_1	normal	
GTATTCTGTGCGGTAA_11_1_1	normal	
CGGTTAATCTGGAGCC_11_1_1	tumor	
GGGCACTGTGAACCTT_11_1_1	normal	
GTCTTCGTCAGCGACC_11_1_1	normal	
GCTTGAAGTCTAGGTT_11_1_1	normal	
TTGCCGTGTCGCGAAA_11_1_1	normal	
TAGTGGTGTCATACTG_11_1_1	normal	
TTTGCGCAGCTGATAA_11_1_1	normal	
CCTATTATCAAGGCTT_11_1_1	normal	
CGGGTCAAGTTCCACA_11_1_1	normal	
AAATGCCTCGGATGGA_11_1_1	normal	
CAAGATCAGGGCTTGA_11_1_1	normal	
CATGCCTCAGACACTT_11_1_1	normal	
GATGAGGCACTTGGAT_11_1_1	normal	
TTAGGCACATCCCACT_11_1_1	normal	
TCAGCAAGTAAACGCG_11_1_1	normal	
AATCGGTCAAATACAG_11_1_1	normal	yes
TGACAACGTCAACTGT_11_1_1	normal	
GCGCCAACACAACGTT_11_1_1	normal	
TTCCCAGGTAAGGATT_11_1_1	normal	
TAGTGGTGTGGCGAAT_11_1_1	normal	
GCGCGATCACCGAATT_11_1_1	normal	
TTGACTTGTCAGAAGC_11_1_1	tumor	
ATCTGCCAGAGTGAGA_11_1_1	normal	
TGGCGCACACATCCAA_11_1_1	normal	
TTCCCAGAGAAGGTTT_11_1_1	normal	
AGTCTTTCATGCCTTC_11_1_1	normal	
AGCTTGAAGATACACA_11_1_1	normal	
CGATGGCCAGTACACT_11_1_1	normal	
GTTCATTCATTTGCTT_11_1_1	normal	yes
CTCTAATTCTCGAGTA_11_1_1	normal	
CATTATCGTACACCGC_11_1_1	normal	
GCACATAGTCTCATCC_11_1_1	normal	
CACAAACCACCCATTC_11_1_1	normal	
TACTTACTCCCAGGTG_11_1_1	normal	
ACGAGGACATCACCCT_11_1_1	normal	
CACACTCGTTACGGAG_11_1_1	normal	
TCATTACTCGCATGAT_11_1_1	normal	
TAGTGGTTCCTGTAGA_11_1_1	tumor	
ACACCCTAGACACTAA_11_1_1	normal	
GGCTCGAAGTCTCCTC_11_1_1	normal	
CGTTAGATCCGATATG_11_1_1	normal	
GGGTTGCAGGTGTTAA_11_1_1	normal	
GGAAAGCAGTGGTAAT_11_1_1	normal	
AGTCTTTGTTGTCGCG_11_1_1	normal	
AGCGTATCAACACCCG_11_1_1	normal	
CTCGAGGTCAGCGACC_11_1_1	normal	
GGCGACTTCCCTCTTT_11_1_1	normal	
AACCATGGTTAAGAAC_11_1_1	normal	
GACCAATTCGCAAGCC_11_1_1	normal	
GATCTAGAGAGGTACC_11_1_1	normal	
GGCTGGTTCGCCAGCA_11_1_1	normal	
CCTAAAGGTTGGACCC_11_1_1	normal	yes
GGAGCAAGTTTCGCTC_11_1_1	normal	
ACTGAACTCGAACTGT_11_1_1	normal	
AAACGGGCACGGTAAG_11_1_1	normal	
CATTCGCAGTGGAGTC_11_1_1	normal	
GGCCGATCACATGTGT_11_1_1	normal	
GACTAACAGAGACGAA_11_1_1	normal	
TTTACTGAGTCCTCCT_11_1_1	normal	
CAGCAGCAGGTGGGTT_11_1_1	normal	
TAAACCGCAACAACCT_11_1_1	normal	
AGTAGTCCAAAGTGCG_11_1_1	normal	
TCACAAGGTACGAAAT_11_1_1	normal	
TGCGTGGGTTAAGTAG_11_1_1	tumor	
GCGGGTTTCTACCTGC_11_1_1	normal	
ACATACGCACAGATTC_11_1_1	normal	
GAATAAGCAGCCAGAA_11_1_1	normal	
GGACATTAGCACACAG_11_1_1	normal	
TCGTAGATCTGTTTGT_11_1_1	normal	
TCCACACTCAACACCA_11_1_1	normal	
ACACCAACACCGTTGG_11_1_1	normal	
GTTTCTACACACAGAG_11_1_1	normal	
CCTCTGATCATGGTCA_11_1_1	normal	
TAAGTGCTCGTAGATC_11_1_1	normal	
CAACCTCGTAGCCTAT_11_1_1	normal	
CAGCTGGTCTTTAGTC_11_1_1	normal	
GTCATTTTCGCCGTGA_11_1_1	normal	
CTAGAGTCACGGCTAC_11_1_1	normal	
AATCCAGCACTCTGTC_11_1_1	normal	
GTGCATAGTTTACTCT_11_1_1	normal	
TATCAGGGTACCGGCT_11_1_1	normal	
ACAGCCGTCGATCCCT_11_1_1	normal	
GATGCTATCGAATGCT_11_1_1	normal	
ATGCGATCAACGCACC_11_1_1	normal	
CGTGTAATCGTAGGTT_11_1_1	normal	
TCGGGACAGGTGCACA_11_1_1	normal	
CGTAGGCAGAATTGTG_11_1_1	normal	
GTTCATTAGAGGTTAT_11_1_1	normal	
CACACAATCGTCTGAA_11_1_1	normal	
GTATTCTCAGATCCAT_11_1_1	normal	
GGGACCTGTGCAACTT_11_1_1	normal	
GATTCAGAGGCTCATT_11_1_1	normal	
GTCGTAACATCTCGCT_11_1_1	normal	
GTAGGCCGTCTAGCGC_11_1_1	normal	
TTCTACAAGTAGCGGT_11_1_1	normal	
TCCCGATCACGGTGTC_11_1_1	normal	
CGGGTCAAGTTATCGC_11_1_1	normal	
GGATTACTCAGGATCT_11_1_1	normal	
AGCCTAAGTTCGCGAC_11_1_1	normal	
AGGCCGTCAGATCTGT_11_1_1	normal	
CCACGGAGTTGTTTGG_11_1_1	normal	
TGAGGGACAAATCCGT_11_1_1	normal	
CTCATTAAGTGTTAGA_11_1_1	normal	
CATGACATCAGTTCGA_11_1_1	normal	
CCCTCCTAGCCAACAG_11_1_1	normal	yes
GACGGCTGTGTGGCTC_11_1_1	normal	
AGTTGGTCAGCCTATA_11_1_1	normal	
GCTGCGAAGCCCAATT_11_1_1	normal	
CGACCTTAGCTGCGAA_11_1_1	normal	
GTCACAAAGATCCCGC_11_1_1	normal	
ATTGGACCAGCTCCGA_11_1_1	normal	
GGGTCTGCAGATCGGA_11_1_1	normal	
GACGTGCTCGATCCCT_11_1_1	normal	
CGAATGTGTCCGTTAA_11_1_1	normal	
TCATTACGTTCCAACA_11_1_1	normal	
AGGGAGTCATGATCCA_11_1_1	normal	
CCCAATCAGGCGATAC_11_1_1	normal	
CTGCCTATCTAACGGT_11_1_1	normal	
GCGAGAATCCCGGATG_11_1_1	normal	
TCAACGACATGAGCGA_11_1_1	normal	
CAGCCGACAACGATCT_11_1_1	normal	
ACACCAATCCTTGGTC_11_1_1	normal	
AATCGGTAGCAGCCTC_11_1_1	normal	
CTCTACGTCAAGCCTA_11_1_1	normal	
AGTCTTTGTTCCCTTG_11_1_1	normal	
TGAGCCGTCTCACATT_11_1_1	normal	
CCTAGCTCATCCGCGA_11_1_1	normal	
GTCTCGTTCACAGGCC_11_1_1	normal	
TTCTCCTCAACTGGCC_11_1_1	normal	
TCACAAGAGTGGGATC_11_1_1	normal	
TCTCTAACAAGAGGCT_11_1_1	normal	
CGGACTGGTCTGCCAG_11_1_1	normal	yes
CTCACACAGGTCATCT_11_1_1	normal	
GCAATCATCCCTCTTT_11_1_1	normal	
CTACATTCACGGACAA_11_1_1	normal	
CTCATTAAGTCCAGGA_11_1_1	normal	
AACTGGTCAAGCGATG_11_1_1	normal	
GTATTCTAGAACTGTA_11_1_1	normal	
CTCATTAAGTCACGCC_11_1_1	normal	
GCTCTGTTCGGCTTGG_11_1_1	normal	
ACGGCCAAGGACACCA_11_1_1	normal	
CTCGGAGTCACATGCA_11_1_1	normal	
CACATTTTCAGCAACT_11_1_1	normal	
GTAGGCCTCGCGATCG_11_1_1	normal	
CATGACACACAACTGT_11_1_1	normal	
CACAAACGTAATTGGA_11_1_1	normal	
GGATTACCATACGCCG_11_1_1	normal	
TGAAAGATCCTAAGTG_11_1_1	normal	
TTTCCTCAGCGTTTAC_11_1_1	normal	
TGCTACCCAAGACACG_11_1_1	normal	
CTCTACGCACAGGCCT_11_1_1	normal	
CCAGCGAGTAACGACG_11_1_1	normal	
GAGGTGACAGGACCCT_11_1_1	normal	
GGGAGATTCCAGTATG_11_1_1	tumor	
CATGCCTTCAACCATG_11_1_1	normal	
CCCATACAGTGGGATC_11_1_1	normal	
TGTTCCGTCAATAAGG_11_1_1	normal	
CGATGTACAAGGTTTC_11_1_1	normal	
CAACTAGTCGAGGTAG_11_1_1	normal	
ATGGGAGCATTTGCTT_11_1_1	normal	
CAGCCGATCGCTTAGA_11_1_1	normal	
CACAGGCGTTGTTTGG_11_1_1	normal	
CTCACACTCACTTATC_11_1_1	normal	
TCGCGAGGTGGGTATG_11_1_1	normal	
GGCAATTAGTGGGTTG_11_1_1	normal	
TTGTAGGCAGGACCCT_11_1_1	normal	
CTTACCGAGTGTCCAT_11_1_1	normal	
CGGGTCACAGCCTATA_11_1_1	normal	
TCAGCAAGTGCAGACA_11_1_1	normal	
CACTCCAGTGTTGGGA_11_1_1	normal	
ATCTACTGTCTAGTCA_11_1_1	normal	
AACACGTAGTGTCCAT_11_1_1	normal	
TGCTGCTGTCGGCACT_11_1_1	normal	
CCCAGTTAGAGGACGG_11_1_1	normal	
TAAGCGTCACGGTAGA_11_1_1	normal	
CGTGTCTAGATGCGAC_11_1_1	normal	
ACTTGTTCAATGCCAT_11_1_1	normal	
ACATACGAGGTGGGTT_11_1_1	normal	
GGATGTTCACCGATAT_11_1_1	normal	
GCACTCTCAAGCCATT_11_1_1	normal	
AGCTCCTGTTCGGCAC_11_1_1	normal	
TGGGCGTCACCCAGTG_11_1_1	normal	
AACCGCGGTGGTTTCA_11_1_1	normal	
ATAAGAGAGGAACTGC_11_1_1	normal	
CGAGAAGAGGTGGGTT_11_1_1	normal	
ACTGTCCTCTCTAAGG_11_1_1	normal	
CTACACCTCACTATTC_11_1_1	normal	
GGGCACTCACCACCAG_11_1_1	normal	
CGGACGTCAAAGAATC_11_1_1	normal	
CTCGTCAGTACAGTGG_11_1_1	normal	
TTCGGTCTCCCAAGAT_11_1_1	normal	
GAACATCCACTCGACG_11_1_1	normal	
GTGAAGGCATCTATGG_11_1_1	normal	
TTGCGTCCAAGAGTCG_11_1_1	normal	
CGAGCACTCGCCTGAG_11_1_1	normal	
CAAGTTGAGTAAGTAC_11_1_1	normal	
TCACGAAGTCCGTGAC_11_1_1	normal	
GTTTCTATCTCTGTCG_11_1_1	normal	
GTATCTTCAGCTCGCA_11_1_1	normal	
TAGACCACACTTGGAT_11_1_1	normal	
CGACCTTAGATGTCGG_11_1_1	normal	
TGGTTCCTCGCCGTGA_11_1_1	normal	
GACGCGTCAGTTAACC_11_1_1	normal	
GCATACAAGCTGCCCA_11_1_1	normal	
TAGTGGTCAACTTGAC_11_1_1	normal	
AGGGAGTTCCACGAAT_11_1_1	normal	
TTAACTCCAATAGCGG_11_1_1	normal	
ACGGCCATCAACCAAC_11_1_1	normal	
GAGCAGATCCTAGGGC_11_1_1	normal	
GTCCTCACAATACGCT_11_1_1	normal	
ATAGACCTCAGTTTGG_11_1_1	normal	yes
CTCTAATTCGGCTACG_11_1_1	normal	
TCGCGTTTCTCCAACC_11_1_1	normal	
GCATGCGGTCAGTGGA_11_1_1	normal	
AACTGGTTCGCCAAAT_11_1_1	normal	
TCGAGGCAGCACAGGT_11_1_1	normal	
GAAATGACACACATGT_11_1_1	normal	
AATCCAGCAGCTTAAC_11_1_1	normal	
AATCGGTCAGTATCTG_11_1_1	normal	
TTGGAACTCTTACCGC_11_1_1	normal	
TAAGTGCAGCTCCTTC_11_1_1	normal	
TAGCCGGCAATCCAAC_11_1_1	normal	
CATTCGCTCAAACAAG_11_1_1	normal	
TCTGGAACATCCTTGC_11_1_1	normal	
GTACGTAAGTCTCCTC_11_1_1	normal	
CTCGGAGAGCCAACAG_11_1_1	normal	
TCAGCTCCATCGATGT_11_1_1	normal	
TCAACGAGTCGGCACT_11_1_1	normal	
AAGGAGCCAGCGTCCA_11_1_1	normal	
AAACGGGAGCTTCGCG_11_1_1	normal	
GGCCGATTCGTGACAT_11_1_1	normal	
GACCTGGGTGCAGACA_11_1_1	normal	
TCTGAGAAGGCTCTTA_11_1_1	normal	
CTCATTATCCTCATTA_11_1_1	normal	
GCAGCCAAGGTGCTTT_11_1_1	normal	
CCACTACTCGGTTAAC_11_1_1	normal	
ATCATGGGTTATGCGT_11_1_1	normal	
TCAACGACATTCTTAC_11_1_1	normal	
GTTCATTCAAAGAATC_11_1_1	normal	
TGCCCATAGCTAACTC_11_1_1	normal	
TGACTTTTCTCATTCA_11_1_1	normal	
AGCAGCCCATTACGAC_11_1_1	normal	
ACACCCTGTGTGAAAT_11_1_1	normal	
TACGGGCTCATAACCG_11_1_1	normal	
ATCATCTCATGAGCGA_11_1_1	normal	
TCTATTGGTGTGAAAT_11_1_1	normal	
CTCGAAACAAGCCGTC_11_1_1	normal	
GTCAAGTCACCAACCG_11_1_1	normal	
GTAACGTTCCCTAATT_11_1_1	normal	
GCTGCGATCAACGAAA_11_1_1	normal	
TGATTTCCAGTCTTCC_11_1_1	normal	
CAAGTTGCAGGTTTCA_11_1_1	normal	
ATGAGGGCAAGTTCTG_11_1_1	normal	
GTATCTTAGTGTCCCG_11_1_1	normal	
GACACGCAGCTGGAAC_11_1_1	normal	
GCATGATGTACGCTGC_11_1_1	normal	
GAAACTCAGAGCTGCA_11_1_1	normal	
AAGGAGCTCAAACCGT_11_1_1	normal	
GGTATTGAGGAGTACC_11_1_1	normal	
CTGAAGTGTATATGAG_11_1_1	normal	
GTTCTCGGTTCGTGAT_11_1_1	normal	
AGGGAGTGTTAGATGA_11_1_1	normal	
GCTTCCAAGTAGCCGA_11_1_1	normal	
ACTGCTCTCTAACTTC_11_1_1	normal	
CTGCTGTAGTGGACGT_11_1_1	normal	
CCAATCCAGCTCCTCT_11_1_1	normal	
CATATTCAGGAGTTTA_11_1_1	normal	
TTTATGCCATCCAACA_11_1_1	normal	
AACCGCGGTCCCTTGT_11_1_1	normal	
GCACATAAGGACACCA_11_1_1	normal	
ACTGAGTAGTATTGGA_11_1_1	normal	
TAGACCAAGACCTAGG_11_1_1	normal	
AGATCTGCATAGGATA_11_1_1	normal	
GCTGCAGCATGGAATA_11_1_1	normal	
CTCGAGGCATCCGCGA_11_1_1	normal	
CCTCAGTGTTACGGAG_11_1_1	tumor	
AATCGGTAGGGATGGG_11_1_1	normal	
AGTCTTTTCAGAAATG_11_1_1	normal	
GGGTCTGGTGGTAACG_11_1_1	normal	
CAACCAACATCCCATC_11_1_1	normal	
ACGGGTCTCATGTGGT_11_1_1	normal	
CTCGAGGTCTGGGCCA_11_1_1	normal	
GCTGCTTGTACTTCTT_11_1_1	normal	
AGTGGGAGTAATCACC_11_1_1	normal	
CCTACCATCCTCGCAT_11_1_1	normal	
ACGGGTCTCATATCGG_11_1_1	normal	
GCATGCGGTACGCACC_11_1_1	normal	
CTCTAATCAGCTGTTA_11_1_1	normal	
GCAATCAGTGACCAAG_11_1_1	normal	
TGGGAAGCATACTCTT_11_1_1	normal	
GCAGCCATCAATCACG_11_1_1	normal	
CTGCTGTGTGGACGAT_11_1_1	normal	
ACTGAGTTCACGACTA_11_1_1	normal	
ACACTGATCGCATGGC_11_1_1	normal	
GTTCGGGTCTGTTTGT_11_1_1	normal	
GACCTGGTCCTGCAGG_11_1_1	normal	
GCACATAGTACCGAGA_11_1_1	normal	
ACACCCTAGGCATTGG_11_1_1	normal	
GCGCCAACATGCTGGC_11_1_1	normal	
CTGGTCTCATCAGTCA_11_1_1	normal	
CGGAGTCCAGCCTTTC_11_1_1	normal	
GTAACTGCAGACGCCT_11_1_1	normal	
CTCAGAAGTCGGCACT_11_1_1	normal	
CTGATAGGTCTAGGTT_11_1_1	normal	
CCACCTATCGCGATCG_11_1_1	normal	
AGGCCACCACTGCCAG_11_1_1	normal	
TGGCGCAGTGCGCTTG_11_1_1	normal	
AGATTGCCACCTTGTC_11_1_1	normal	
GTCACGGAGCTCCCAG_11_1_1	normal	
TTTATGCGTCTGCGGT_11_1_1	normal	
GTCTTCGGTACAGCAG_11_1_1	normal	
CGAGCACGTGAAGGCT_11_1_1	normal	
CGAACATAGCACGCCT_11_1_1	normal	
TGGCCAGTCGGCATCG_11_1_1	normal	
AAACGGGGTCTAAAGA_11_1_1	normal	
ACATCAGGTAAGGGCT_11_1_1	normal	
ACAGCCGCAAGGTTCT_11_1_1	normal	
CGTCACTAGCAATCTC_11_1_1	normal	
GCTTGAAGTAAATACG_11_1_1	normal	
TGCCCATGTAAAGTCA_11_1_1	normal	
GCAGCCATCATGTCCC_11_1_1	normal	
CCCAATCCATACGCTA_11_1_1	normal	
ATTTCTGAGCGTGAAC_11_1_1	normal	
ACGCAGCAGTTGCAGG_11_1_1	normal	
GCTGCGAAGGCCGAAT_11_1_1	normal	
ATGAGGGGTCCTCCAT_11_1_1	normal	
CCTACCAAGGTGACCA_11_1_1	normal	
ACATCAGTCTGTCAAG_11_1_1	normal	
ACCAGTAAGCCCAGCT_11_1_1	normal	
GTAGTCATCGGCTTGG_11_1_1	normal	
CATGACAAGCTGTTCA_11_1_1	normal	
GTGTTAGCAAATTGCC_11_1_1	normal	
TGGCCAGAGAAACCTA_11_1_1	normal	
ACGAGGAGTTTGGGCC_11_1_1	normal	
AGATTGCCAGATCCAT_11_1_1	normal	
CTACGTCCAGTACACT_11_1_1	normal	
TGAGAGGGTTAAGACA_11_1_1	normal	
CGAGAAGGTTAAAGAC_11_1_1	normal	yes
TAGTGGTTCGGTGTCG_11_1_1	normal	
GAATAAGTCTGTGCAA_11_1_1	normal	
ACGTCAATCAGTCCCT_11_1_1	tumor	
CGCTATCTCGAACTGT_11_1_1	normal	
ACATCAGAGGTAGCTG_11_1_1	normal	
ATCTGCCCAACACCTA_11_1_1	normal	
TGAGCCGTCCAGAAGG_11_1_1	normal	
CAGTCCTAGATCTGAA_11_1_1	normal	
CGCTGGAAGTACGCCC_11_1_1	normal	
AGAGCGAGTAGCGATG_11_1_1	normal	
CCACCTATCATCACCC_11_1_1	normal	
AGGGAGTTCGACGGAA_11_1_1	normal	
TGACTTTCAATGGATA_11_1_1	normal	
CATCAAGGTCCAGTGC_11_1_1	normal	
CAACCAAAGACTACAA_11_1_1	normal	
CGTCCATGTTCTGAAC_11_1_1	normal	
CCGTGGACAAGGTTTC_11_1_1	normal	
CGTAGGCCAATAACGA_11_1_1	normal	
TCTTTCCAGGTAGCCA_11_1_1	normal	
CTGCCTACAAGCCGCT_11_1_1	normal	
CTCCTAGAGGCGCTCT_11_1_1	normal	
CTGAAGTAGAAAGTGG_11_1_1	normal	
ATCTACTAGTGGTAGC_11_1_1	normal	
GAGCAGACAATGAATG_11_1_1	normal	
TATTACCCAGACAAGC_11_1_1	normal	
AAACGGGGTTACAGAA_11_1_1	normal	
GTGGGTCCAGTATCTG_11_1_1	normal	
GCGCAACAGTAGTGCG_11_1_1	normal	
TACGGTATCGGAATCT_11_1_1	normal	
TTAACTCTCTGCGGCA_11_1_1	normal	
ACTTGTTCATGCCACG_11_1_1	normal	
GTCGGGTCATCTCGCT_11_1_1	normal	
CTCCTAGCAGCCTATA_11_1_1	normal	
CGACTTCTCCATTCTA_11_1_1	normal	
AGGTCATAGTGGCACA_11_1_1	normal	
TAAACCGGTATAATGG_11_1_1	normal	
TACTCATTCACATACG_11_1_1	normal	
ACCGTAACAAGAGTCG_11_1_1	normal	
AATCGGTAGAAAGTGG_11_1_1	normal	
CTGATAGCATATACCG_11_1_1	normal	
CCACCTACATGTCGAT_11_1_1	normal	yes
TTGAACGAGACAAAGG_11_1_1	normal	
GACTACACAAGGTTTC_11_1_1	normal	
GCATGTAGTGTTAAGA_11_1_1	normal	
AAACGGGTCTTGTCAT_11_1_1	normal	yes
TGCCCTACATAGAAAC_11_1_1	normal	
AAATGCCCACCAGGCT_11_1_1	normal	
CAGATCAAGTCGAGTG_11_1_1	normal	
CACACAAGTTCCGTCT_11_1_1	normal	
AGGGAGTTCTAACTGG_11_1_1	normal	
CATATTCGTTCCAACA_11_1_1	normal	
CCTAGCTTCAAACGGG_11_1_1	normal	
TGACGGCTCCTGCTTG_11_1_1	normal	
CGGTTAAGTATCGCAT_11_1_1	normal	
GGGTCTGGTACTCAAC_11_1_1	normal	
TCCACACAGAGTACCG_11_1_1	normal	
CTTAGGAAGCCAGAAC_11_1_1	normal	
GCAGCCACAGACGCCT_11_1_1	normal	
CGCTGGAAGGAGTAGA_11_1_1	normal	
CGGGTCACACGCATCG_11_1_1	normal	
AGTGAGGTCTAACCGA_11_1_1	normal	
ATCTACTGTCTAGCGC_11_1_1	normal	
TGACTAGTCCATGCTC_11_1_1	normal	
AGGCCACAGCGTTCCG_11_1_1	normal	
ACTGAACAGATTACCC_11_1_1	normal	
GTCCTCACATAGAAAC_11_1_1	normal	
CACCACTGTCCTCTTG_11_1_1	normal	
ATAACGCAGAAACGAG_11_1_1	normal	
TACTTACCACAGACTT_11_1_1	normal	
AGCTCCTGTAGTGAAT_11_1_1	normal	
ATCCGAAAGCGACGTA_11_1_1	tumor	
GAACATCAGTTCCACA_11_1_1	normal	
GAAATGAAGTTTCCTT_11_1_1	normal	
TTCTCCTGTTTGTGTG_11_1_1	normal	
CAACCTCAGCCATCGC_11_1_1	normal	
GTGGGTCCATTCTCAT_11_1_1	normal	
GCTTGAAGTTCATGGT_11_1_1	normal	
TTGGCAATCGAGGTAG_11_1_1	normal	
ACAGCCGGTGCTGTAT_11_1_1	normal	yes
CAGCATACATTTGCTT_11_1_1	normal	
TGGCGCAAGATGCGAC_11_1_1	normal	
CCCATACTCGTCTGCT_11_1_1	normal	
CGTCACTCAGGTTTCA_11_1_1	normal	
GTTTCTAGTATGAAAC_11_1_1	normal	
TGCGTGGCATATGAGA_11_1_1	normal	
GCGAGAATCCTAGGGC_11_1_1	normal	
TCGAGGCCATATGCTG_11_1_1	normal	
CGAGAAGAGATAGTCA_11_1_1	normal	
GGCGACTGTTAGAACA_11_1_1	normal	
GGGTCTGGTGCTGTAT_11_1_1	normal	
ACGATGTTCGGAAACG_11_1_1	normal	
TTCTCAAGTAGGGTAC_11_1_1	normal	
TGCCAAACACGTAAGG_11_1_1	normal	
GGTGCGTAGAACAACT_11_1_1	normal	
TCACAAGAGTACGTTC_11_1_1	normal	
ACAGCCGTCGCAAGCC_11_1_1	normal	
ACTGTCCGTTGCTCCT_11_1_1	normal	
ATGTGTGGTGTGTGCC_11_1_1	normal	
ACAGCTACAGACACTT_11_1_1	normal	
GTGAAGGGTCTGCGGT_11_1_1	normal	
CGCGGTAAGAAACGCC_11_1_1	normal	
TCAATCTCATGTCGAT_11_1_1	normal	
TCATTTGAGTACTTGC_11_1_1	normal	
GCGCCAATCAACACTG_11_1_1	normal	
TGCCAAAAGCAGGCTA_11_1_1	normal	
TGTATTCAGACTAAGT_11_1_1	normal	
AGAGCGAAGAGCCCAA_11_1_1	normal	
CATTATCGTTGCTCCT_11_1_1	normal	
TAGTGGTGTACGACCC_11_1_1	normal	
CTCGTCACAGCTGCAC_11_1_1	normal	
AATCCAGAGGGCTCTC_11_1_1	normal	
CATGGCGCAGGTCGTC_11_1_1	normal	
CAGAGAGTCACCACCT_11_1_1	normal	
CCGTTCAAGTGTGGCA_11_1_1	normal	
CTAGCCTTCAGTTGAC_11_1_1	normal	
GACCAATTCTAACTGG_11_1_1	normal	
CATCGAAGTAGATTAG_11_1_1	normal	
GGACAAGGTAAATACG_11_1_1	normal	
CTGTTTACAAAGGAAG_11_1_1	normal	
TCGGGACTCAGCGACC_11_1_1	normal	
CGGAGTCTCATGTAGC_11_1_1	normal	
AGGGATGAGAGGTTGC_11_1_1	normal	
CCGTTCATCTACTTAC_11_1_1	normal	
CTCCTAGCACGGTAAG_11_1_1	normal	
TCGGGACCAGATAATG_11_1_1	normal	
AAACCTGTCTTGTCAT_11_1_1	normal	
CAGAGAGTCGCAAACT_11_1_1	normal	
CTAAGACTCCGCGGTA_11_1_1	normal	
CGGACACTCGGCGGTT_11_1_1	normal	
TCTCATACAGACAGGT_11_1_1	normal	
CGTCAGGAGGAATGGA_11_1_1	normal	
TTCTACACACGGTTTA_11_1_1	normal	
TCGGGACAGCCAACAG_11_1_1	normal	
GGATTACTCTTTAGGG_11_1_1	normal	
GGAACTTTCGGCTACG_11_1_1	normal	
CACCAGGGTAGCGCAA_11_1_1	normal	
CAGAGAGCATGTCGAT_11_1_1	normal	
ATCATCTCATAAGACA_11_1_1	normal	
ATTACTCCACCATGTA_11_1_1	normal	
GTAGGCCAGTCATGCT_11_1_1	normal	
CTAGAGTTCTGGTGTA_11_1_1	normal	
TGTGTTTGTTACCAGT_11_1_1	normal	
TTTACTGTCGCCAGCA_11_1_1	tumor	
AAATGCCTCATATCGG_11_1_1	normal	
CGCTGGATCAAGATCC_11_1_1	normal	
TGAGCATAGGTGCTAG_11_1_1	normal	
TGAGCATCAGGTGGAT_11_1_1	normal	
CAACTAGAGTACGCCC_11_1_1	normal	
GCCAAATAGCTAGTCT_11_1_1	normal	
AAATGCCTCATGCATG_11_1_1	normal	
CGCTATCAGATAGGAG_11_1_1	normal	
GCGCAGTTCGAGAGCA_11_1_1	normal	
AATCCAGCATGGTAGG_11_1_1	normal	
CACCACTGTGCAGGTA_11_1_1	normal	
TCTGGAACAGGAATGC_11_1_1	normal	
CACCTTGAGTTACGGG_11_1_1	normal	
CGCTATCCAAAGAATC_11_1_1	normal	
ACATGGTCAGTCCTTC_11_1_1	normal	
AACGTTGCAATAACGA_11_1_1	normal	
AGGGATGAGCAGACTG_11_1_1	normal	
CTTGGCTAGTGTACCT_11_1_1	normal	
GATCGATGTAGTGAAT_11_1_1	normal	
TATCTCAGTTCCCTTG_11_1_1	normal	
CAGCAGCTCATTATCC_11_1_1	normal	
TCAGATGAGCTAGTGG_11_1_1	normal	
GTAGTCACACAGATTC_11_1_1	normal	
ATTGGTGCATATGAGA_11_1_1	normal	
CGCTTCAAGTGTACCT_11_1_1	normal	
TCAGGTAGTCCAGTTA_11_1_1	normal	
TCGTAGATCTCGATGA_11_1_1	normal	
GCGCAGTTCATCTGCC_11_1_1	normal	
AAAGATGAGCCAGAAC_11_1_1	normal	
ACCTTTATCTATCGCC_11_1_1	normal	
AGCCTAACAAGTAGTA_11_1_1	normal	
CGGACACTCGGATGTT_11_1_1	normal	
GGCAATTCATGTAGTC_11_1_1	normal	
AGCGTCGGTCATTAGC_11_1_1	normal	
TTTGCGCCACAGCCCA_11_1_1	normal	
GATGCTAAGTCAAGGC_11_1_1	normal	
GAAACTCGTTTAAGCC_11_1_1	normal	yes
CTGATAGTCGAGAGCA_11_1_1	normal	
GTTCTCGCAATGAAAC_11_1_1	normal	
TTTGGTTTCCTGTACC_11_1_1	normal	
AGTGGGAAGCAATCTC_11_1_1	normal	
GGGACCTGTTTAGCTG_11_1_1	normal	
CACACAAGTGTTAAGA_11_1_1	tumor	
CATCGGGTCATCTGCC_11_1_1	normal	
AGAATAGGTCCAACTA_11_1_1	normal	
GCTCCTAGTGCAGGTA_11_1_1	normal	
TATCAGGCATAACCTG_11_1_1	normal	
GACGGCTCATGCAACT_11_1_1	normal	
CTTTGCGCAGACAGGT_11_1_1	normal	
TACTTGTTCAAGCCTA_11_1_1	normal	
TTTGGTTCAGGTCCAC_11_1_1	normal	
GCGCAGTGTCTAACGT_11_1_1	normal	
GTGGGTCCAATCAGAA_11_1_1	normal	
ACGTCAAGTAAACCTC_11_1_1	tumor	
TGAGCATCACCCATTC_11_1_1	normal	
GTACGTAAGCTTATCG_11_1_1	normal	
AAATGCCTCAACCAAC_11_1_1	normal	
ACACCCTTCCGCAAGC_11_1_1	normal	
CAAGAAATCAAACGGG_11_1_1	normal	
TTCTACAGTCAACATC_11_1_1	normal	
GTTCTCGGTTGAGGTG_11_1_1	normal	
TCACGAAGTAGAGGAA_11_1_1	normal	
GTTCTCGAGGAACTGC_11_1_1	normal	
CATCAAGAGCTTTGGT_11_1_1	normal	
GGACAAGTCGAATGGG_11_1_1	normal	
TCGGGACCACAGATTC_11_1_1	normal	
CGTCCATTCTGCTGTC_11_1_1	normal	
TGGGCGTAGGACATTA_11_1_1	normal	
GCATGATGTACACCGC_11_1_1	normal	
CTCAGAAAGCCATCGC_11_1_1	normal	
TGTTCCGCACGAGGTA_11_1_1	normal	
TCTGGAACATCGGACC_11_1_1	normal	
TACTTACCAAGGTTCT_11_1_1	normal	
GTTCATTGTAGCACGA_11_1_1	normal	
ACATACGGTTTGTTTC_11_1_1	normal	
GGCGACTTCGTTGACA_11_1_1	normal	
ATTCTACGTTCCGGCA_11_1_1	normal	
AAGTCTGTCGCCAAAT_11_1_1	normal	
CGGACACAGACCGGAT_11_1_1	normal	
CATCCACGTGAGTGAC_11_1_1	normal	
GTTCTCGAGCTTTGGT_11_1_1	normal	
ACGGAGAGTTGGTAAA_11_1_1	normal	
CACAAACCACACATGT_11_1_1	normal	
CTGCGGATCGCCAGCA_11_1_1	normal	
TGACTAGCATATGCTG_11_1_1	normal	
ATCACGAAGCTACCGC_11_1_1	normal	
CCGTTCACATGACGGA_11_1_1	normal	
TCGTAGATCCTATGTT_11_1_1	normal	
CAGCTGGCAATGCCAT_11_1_1	normal	
AGAGCTTGTTATGTGC_11_1_1	normal	
TCCACACTCAACGGCC_11_1_1	normal	
AACTTTCAGAGTAATC_11_1_1	normal	
CACTCCAAGGTTACCT_11_1_1	normal	
AGAGCGACAGCTGTAT_11_1_1	normal	
TTCTACATCGTAGATC_11_1_1	normal	
TTGCCGTGTTAAGACA_11_1_1	normal	
ACCAGTATCTGAGGGA_11_1_1	normal	
TTCTTAGAGAATAGGG_11_1_1	normal	
GGATGTTCACCGCTAG_11_1_1	normal	
CATCAGATCCGTAGTA_11_1_1	normal	
ACATCAGTCTTGGGTA_11_1_1	normal	
AACCGCGCAGGAATCG_11_1_1	normal	
CGAACATTCGCAAGCC_11_1_1	normal	
GGTATTGGTCACAAGG_11_1_1	normal	
TTTATGCAGTCCGTAT_11_1_1	normal	
TTGGAACAGGAGTCTG_11_1_1	normal	
ACTTACTCACCAACCG_11_1_1	normal	
GGAGCAATCTTGAGGT_11_1_1	normal	
CGACCTTAGACACGAC_11_1_1	normal	
CGAGCCAAGATGTCGG_11_1_1	normal	
CTCTAATCAAACTGCT_11_1_1	normal	
CGTTCTGTCGACGGAA_11_1_1	normal	
CCAATCCCACAGAGGT_11_1_1	normal	
CCGTTCATCGCGTTTC_11_1_1	normal	
ATTGGTGGTCTAGCCG_11_1_1	normal	
GCTGGGTGTACGACCC_11_1_1	normal	
AGCCTAAGTGTGCCTG_11_1_1	normal	
GGGCACTCACAGTCGC_11_1_1	normal	
CAGGTGCGTTAGTGGG_11_1_1	normal	
CTCAGAATCTCAAACG_11_1_1	normal	
CCACTACAGAGTTGGC_11_1_1	normal	
TTCGGTCCAATGGTCT_11_1_1	normal	
GCGCAACCAGTGAGTG_11_1_1	normal	
CGTCCATTCGTGACAT_11_1_1	normal	
TTATGCTTCTGCCAGG_11_1_1	normal	yes
ACTTGTTAGAGTCTGG_11_1_1	normal	
GTCGGGTTCCTTTACA_11_1_1	normal	
GTGCTTCGTGGAAAGA_11_1_1	normal	
CTGTGCTGTGTGAAAT_11_1_1	normal	
GTTCATTCAGTAACGG_11_1_1	normal	
AAGCCGCCAGCTTAAC_11_1_1	normal	
TTTCCTCGTCTAGTCA_11_1_1	normal	
CACATAGGTCTTCAAG_11_1_1	normal	
TGCGGGTCAAATACAG_11_1_1	tumor	
CCCATACCAGTATCTG_11_1_1	normal	
CATCCACTCTTTCCTC_11_1_1	normal	
CATTCGCGTTAGATGA_11_1_1	normal	
TAGCCGGCACCGCTAG_11_1_1	normal	
GTTAAGCTCTGGAGCC_11_1_1	normal	
AAGCCGCCACACCGAC_11_1_1	normal	
CCCTCCTTCTGGTTCC_11_1_1	normal	
TGGTTAGGTCGATTGT_11_1_1	normal	
GCTTCCAGTAGCTTGT_11_1_1	normal	
AAACCTGCAAGGACAC_11_1_1	normal	
GTCCTCAGTGGTCCGT_11_1_1	normal	
ACTGATGGTGGCTCCA_11_1_1	normal	
CTACGTCGTATCTGCA_11_1_1	normal	
CACACAACAATACGCT_11_1_1	normal	
AAATGCCCAGCCAATT_11_1_1	normal	
CTCCTAGTCTCACATT_11_1_1	normal	
TGACGGCCATGTCCTC_11_1_1	normal	
CACTCCAGTCACTTCC_11_1_1	normal	
CTACATTCAAGGTGTG_11_1_1	normal	
AAACGGGAGAAACCAT_11_1_1	normal	
GATCTAGCAGGTGCCT_11_1_1	normal	
ACGAGCCGTTATCACG_11_1_1	normal	
TGAGCATCAGCGTCCA_11_1_1	normal	
TCGCGTTGTTTGGCGC_11_1_1	normal	
TGTGTTTGTACATCCA_11_1_1	normal	
CAACCAACAACTTGAC_11_1_1	normal	
TAGTGGTTCGTAGATC_11_1_1	normal	
CTCTAATGTGTGAATA_11_1_1	normal	
CGATGGCTCCTTTCGG_11_1_1	normal	
TCAGGATAGCCTATGT_11_1_1	normal	
AGAATAGAGTTCGCGC_11_1_1	tumor	
ATCCACCTCAGCTCTC_11_1_1	normal	
ACCAGTAAGATTACCC_11_1_1	tumor	
TCCACACCAAATCCGT_11_1_1	normal	
TTGGCAACACCGCTAG_11_1_1	normal	
CTAGAGTGTCTAGCGC_11_1_1	normal	
GCGCAGTCAGGTTTCA_11_1_1	normal	
CATCAGAAGGAGTAGA_11_1_1	normal	
GCTTCCAGTACAGTTC_11_1_1	normal	
TCTTTCCAGCCCAATT_11_1_1	normal	
CTCGTCATCCACGTTC_11_1_1	normal	
TCTTCGGTCCTAGAAC_11_1_1	normal	
ACCGTAAGTACAGTTC_11_1_1	normal	
CCTCTGATCAATACCG_11_1_1	normal	
ATTACTCGTGACAAAT_11_1_1	normal	
AACTCTTGTGCCTGTG_11_1_1	normal	
GTGTGCGAGCTGAAAT_11_1_1	normal	
GTACTCCAGTGGTAGC_11_1_1	normal	
TTCTACAGTGTTTGGT_11_1_1	normal	
CCATGTCGTCATACTG_11_1_1	tumor	
CTAATGGAGATGCCAG_11_1_1	normal	
GACGGCTCAGGAATCG_11_1_1	normal	
ACATCAGGTTAAAGAC_11_1_1	normal	
CAGCGACTCAACACGT_11_1_1	normal	
GTACTCCCACCCTATC_11_1_1	normal	
CACTCCAAGCTAACAA_11_1_1	normal	
TACCTATCAGCTGTGC_11_1_1	normal	
AGTTGGTAGCGGCTTC_11_1_1	normal	
CAACCTCGTGCATCTA_11_1_1	normal	
CACAGGCAGGCAATTA_11_1_1	normal	
CACTCCAAGGAATCGC_11_1_1	normal	
AAAGCAAAGGTGATTA_11_1_1	normal	
CACCACTTCGAATGCT_11_1_1	normal	
ACGGCCAGTGCTCTTC_11_1_1	normal	
TTGACTTAGGCTAGCA_11_1_1	normal	
CCCAGTTGTACCGAGA_11_1_1	normal	
ACATACGGTCCAAGTT_11_1_1	normal	
GACTAACCATCTCCCA_11_1_1	normal	
CACAGGCAGGGATGGG_11_1_1	normal	
TGAAAGATCAACGCTA_11_1_1	normal	
TACAGTGTCTTCCTTC_11_1_1	normal	
AACTCAGTCCTCGCAT_11_1_1	normal	
GTCCTCACAAGCCATT_11_1_1	normal	
CTCACACAGCTGCCCA_11_1_1	normal	
CATATTCGTCTAAACC_11_1_1	normal	
AACGTTGAGGGCACTA_11_1_1	normal	
CCTATTAGTCATATGC_11_1_1	normal	
CTTACCGTCGCCGTGA_11_1_1	normal	
ACGGGCTCATTCGACA_11_1_1	normal	
ATAAGAGCACTGTGTA_11_1_1	normal	
GACTGCGGTACTCTCC_11_1_1	normal	
GTCACAAAGAGAGCTC_11_1_1	normal	
CGTCAGGTCAGTTAGC_11_1_1	normal	
TCAGCTCTCGTCTGAA_11_1_1	normal	
GGCTGGTGTAGCTTGT_11_1_1	normal	
GATGCTAAGTCTCAAC_11_1_1	normal	
TCGCGTTTCAAGGTAA_11_1_1	normal	
ACGGCCAAGAGTCGGT_11_1_1	normal	
ACACCAATCCAACCAA_11_1_1	normal	
AGCATACGTGCATCTA_11_1_1	normal	
CGTGTCTGTAAACGCG_11_1_1	normal	
GGTGAAGTCCCACTTG_11_1_1	normal	
GGCAATTCACGTCAGC_11_1_1	normal	
CCACTACAGCCACGCT_11_1_1	normal	
GACGGCTCAGACACTT_11_1_1	normal	
GACTACAGTGAACCTT_11_1_1	normal	
ACGGGTCTCGTACGGC_11_1_1	normal	
AACACGTAGCGTTGCC_11_1_1	normal	
CTCATTAGTAGTAGTA_11_1_1	normal	
GTGCGGTTCCTAGTGA_11_1_1	normal	
TCAGCTCTCAGCTTAG_11_1_1	normal	
CGGCTAGGTAGAGTGC_11_1_1	normal	
TCGAGGCTCCTCAATT_11_1_1	normal	
TGCCAAACACATGGGA_11_1_1	normal	
CTACGTCTCCGATATG_11_1_1	normal	
CTTTGCGAGATGAGAG_11_1_1	normal	
ACTTGTTGTTCAGACT_11_1_1	normal	
TTTGCGCCAGATCGGA_11_1_1	normal	
AAGTCTGAGTACGTAA_11_1_1	normal	
GGGAATGGTGGTAACG_11_1_1	normal	
CTGCTGTAGTCCGGTC_11_1_1	normal	
CTGCCTATCGGCCGAT_11_1_1	normal	
CTAGCCTTCTCAAGTG_11_1_1	tumor	
CACACAATCACTATTC_11_1_1	normal	
GACTGCGGTACCGAGA_11_1_1	normal	
CGTTAGAGTACATCCA_11_1_1	normal	
TGGCCAGGTTGGTGGA_11_1_1	normal	
CTGCGGACATTGAGCT_11_1_1	normal	
GCTGCGAAGAGGGATA_11_1_1	normal	
ACGGCCAAGGGAAACA_11_1_1	normal	
ATAGACCAGTGATCGG_11_1_1	normal	
CTACGTCTCCTTTACA_11_1_1	normal	yes
GAATAAGAGTTCGCGC_11_1_1	normal	
CAGCAGCAGAATCTCC_11_1_1	normal	
GGTGCGTAGTCTCCTC_11_1_1	normal	
ACGGGTCGTATTACCG_11_1_1	normal	
AAGGTTCGTTGGACCC_11_1_1	normal	
GGCGACTTCAAGAAGT_11_1_1	normal	
ATCCGAACATCGGACC_11_1_1	normal	
CCAATCCTCTCGTATT_11_1_1	normal	
GAAGCAGGTCTTCTCG_11_1_1	normal	
GTTAAGCAGACATAAC_11_1_1	normal	
CTTCTCTGTACATCCA_11_1_1	normal	
CTAAGACCATTGAGCT_11_1_1	normal	
CCTTCCCCAGCTGCTG_11_1_1	normal	
GCGCAACGTAATCGTC_11_1_1	normal	
CGGACACCATTTGCCC_11_1_1	normal	
GCTCCTACACTCAGGC_11_1_1	normal	
CAGGTGCCAAAGCAAT_11_1_1	normal	
TTTGCGCCATCTACGA_11_1_1	normal	
CCAATCCTCGCCTGAG_11_1_1	normal	
GCATACATCAGTCCCT_11_1_1	normal	
TCAGCTCAGATCGGGT_11_1_1	normal	
CACATAGCACAGGAGT_11_1_1	normal	
TACTCATTCTGTTTGT_11_1_1	normal	
CTCTGGTTCCTAAGTG_11_1_1	normal	
CGCTTCACATAAAGGT_11_1_1	normal	
CCCTCCTCACCCAGTG_11_1_1	normal	
TAGAGCTAGCTTATCG_11_1_1	normal	
AAAGATGGTTTAGGAA_11_1_1	normal	
AGTTGGTCAGTAAGCG_11_1_1	normal	
CGATGTACAGGTCCAC_11_1_1	normal	
CGGACGTTCTAACTGG_11_1_1	normal	
TTTCCTCTCTTCTGGC_11_1_1	normal	
GACACGCGTAACGTTC_11_1_1	normal	
CTCACACTCCAAATGC_11_1_1	normal	
TCAGGTACACAGGTTT_11_1_1	normal	
TGGGAAGAGACTCGGA_11_1_1	normal	
GAAGCAGGTTCCCTTG_11_1_1	normal	
TCGTAGAAGTTATCGC_11_1_1	normal	
AGCTCCTGTTCCTCCA_11_1_1	normal	
CAAGATCTCTGTTTGT_11_1_1	normal	
TCTATTGAGGACAGCT_11_1_1	normal	
GTATCTTTCCTTGGTC_11_1_1	normal	
GCTGCGACAATCGGTT_11_1_1	normal	
TGGGAAGGTAGGCATG_11_1_1	normal	
GGGTCTGCACAGCGTC_11_1_1	normal	
GAACGGACAGTGGGAT_11_1_1	normal	
GTCGTAAGTGCCTTGG_11_1_1	normal	
TACACGATCTAACTTC_11_1_1	normal	
GTCACAAAGTGACATA_11_1_1	normal	yes
TCAGCTCTCCTTGACC_11_1_1	normal	
CTGAAGTCAGATGGCA_11_1_1	normal	
TGCCCATTCGTCGTTC_11_1_1	normal	
GCACATAAGGATTCGG_11_1_1	normal	
CTCGGAGGTGTCGCTG_11_1_1	normal	
CGTTAGATCTTCTGGC_11_1_1	normal	
CAGCAGCAGTGCTGCC_11_1_1	normal	
TCTATTGGTCTACCTC_11_1_1	normal	
GCGGGTTAGGTGCTAG_11_1_1	normal	
AACGTTGCAGCTGTTA_11_1_1	normal	
CTGATCCTCAGAAATG_11_1_1	normal	
TTGAACGCAGGGATTG_11_1_1	normal	
TGGGCGTAGGCTAGAC_11_1_1	normal	
GTTAAGCTCGACAGCC_11_1_1	normal	
AGCAGCCTCTATCCCG_11_1_1	normal	
GGGAATGTCATCGGAT_11_1_1	normal	
GGATTACGTTCCTCCA_11_1_1	normal	
CTCGGAGTCAGAGGTG_11_1_1	normal	
ACTGAACTCGAATCCA_11_1_1	normal	
TAGGCATAGGCGTACA_11_1_1	normal	
GGCGTGTTCACTTACT_11_1_1	normal	
CGTTGGGCACATTAGC_11_1_1	normal	
AACACGTCATGGTAGG_11_1_1	normal	
GACGGCTCAAACAACA_11_1_1	normal	
AACTTTCCAATGAAAC_11_1_1	normal	
GGTGCGTGTCACAAGG_11_1_1	normal	
CAGTCCTCAATCGAAA_11_1_1	normal	
CCTACACAGTGTACCT_11_1_1	normal	
CACACAAAGCCAGGAT_11_1_1	normal	
TCGGGACGTTCCAACA_11_1_1	normal	
TGCTGCTCATATGGTC_11_1_1	normal	
CAGCCGAAGCGGCTTC_11_1_1	normal	
CGAACATAGGTGCTAG_11_1_1	normal	
GTGCAGCCAATAGAGT_11_1_1	normal	
CCTCTGAAGACTGTAA_11_1_1	normal	
TGACTTTGTGCACGAA_11_1_1	normal	
CGCTTCATCTGGGCCA_11_1_1	normal	
TAGACCAAGGTGCACA_11_1_1	normal	
AACCATGGTGCAGTAG_11_1_1	normal	
CAACCTCCAAGAGGCT_11_1_1	normal	
AGCGTCGGTGTGAATA_11_1_1	normal	
TATCAGGAGTACGTAA_11_1_1	normal	
ACGGGTCGTAGCGCTC_11_1_1	normal	
GCGCAACTCCAAGCCG_11_1_1	normal	
GACCTGGGTATATCCG_11_1_1	normal	
CGCTATCAGGCAATTA_11_1_1	normal	
ACGGCCAGTCCGAGTC_11_1_1	normal	
CTACATTTCCGTAGGC_11_1_1	normal	
CTGAAACTCTTCGGTC_11_1_1	normal	
GCAATCAAGGACAGCT_11_1_1	normal	
AGCTTGACATCCTTGC_11_1_1	normal	
GTGTTAGCACTGTGTA_11_1_1	normal	
TACTTGTTCCAACCAA_11_1_1	normal	
ATCTACTAGCCACGTC_11_1_1	normal	
CTACATTAGACAAGCC_11_1_1	normal	
TACTTGTTCTGTCCGT_11_1_1	normal	
TGACTTTGTCGGCATC_11_1_1	normal	
CCTAGCTTCCAAGTAC_11_1_1	normal	
TGCTACCTCGGCTTGG_11_1_1	normal	
CCGTGGAAGTGAAGAG_11_1_1	normal	
GCGCGATCATCGTCGG_11_1_1	normal	yes
CGTAGCGAGTAATCCC_11_1_1	normal	
CGGCTAGTCCAAGCCG_11_1_1	normal	
GGGACCTCACTTAACG_11_1_1	normal	
CCATTCGGTCTGGTCG_11_1_1	normal	
CTCATTAAGTGTCCAT_11_1_1	normal	
CGTAGCGTCTGTCCGT_11_1_1	normal	yes
CATTCGCTCTCAACTT_11_1_1	normal	
ACGTCAAGTACAAGTA_11_1_1	normal	
GATGAGGAGCGTGTCC_11_1_1	normal	
CAACCAAGTCAAACTC_11_1_1	normal	
CACACCTAGTTAAGTG_11_1_1	normal	
ATAGACCGTGCGGTAA_11_1_1	tumor	
CACCACTAGCTAACTC_11_1_1	normal	
TAAGTGCCAGTCAGAG_11_1_1	normal	
GTTTCTAGTCGGATCC_11_1_1	normal	
AACTCCCTCGGCTTGG_11_1_1	normal	
GGAGCAAGTAGGAGTC_11_1_1	normal	
ACATACGTCCACGAAT_11_1_1	normal	
GTCCTCAAGTGTACTC_11_1_1	normal	
TCTTTCCGTTCGGGCT_11_1_1	normal	
TAAACCGAGTGTACTC_11_1_1	normal	
TACCTATGTAAGTAGT_11_1_1	normal	
AAAGCAATCATGTCCC_11_1_1	normal	
AAGTCTGTCGTCTGCT_11_1_1	normal	
GGGATGACAAGGTTCT_11_1_1	normal	
GCAAACTCACTCAGGC_11_1_1	normal	
GCATGTATCTCCAACC_11_1_1	normal	
GACTAACGTGTAACGG_11_1_1	normal	
CTACCCAAGTAGATGT_11_1_1	normal	
AACTCAGGTCCTGCTT_11_1_1	normal	
AGCATACGTCCTCCAT_11_1_1	normal	
AAGACCTGTCAGATAA_11_1_1	normal	
TGGCCAGAGCCAGTAG_11_1_1	normal	
GCAGTTAGTCGGCATC_11_1_1	normal	
GTTTCTACAGTTCCCT_11_1_1	normal	
CTGCCTAAGACATAAC_11_1_1	normal	
TAAGAGATCTGGTTCC_11_1_1	normal	
GTCTCGTCAAGCCTAT_11_1_1	normal	
GGGCACTCAGGATCGA_11_1_1	normal	
CGATCGGGTAATCGTC_11_1_1	normal	
TAGTGGTTCAACGCTA_11_1_1	normal	
GTAACTGCAACGCACC_11_1_1	normal	
ACTATCTTCCGGGTGT_11_1_1	normal	
CACCACTCATAGAAAC_11_1_1	normal	
CAAGAAAGTGGACGAT_11_1_1	normal	
AACTCAGTCACGACTA_11_1_1	normal	
GGAACTTGTCCATCCT_11_1_1	normal	
GTCACAAAGTGCGATG_11_1_1	normal	
CTCGTCAAGGACAGAA_11_1_1	normal	
CTCAGAACAGTGAGTG_11_1_1	normal	
CAGTCCTGTCTTCTCG_11_1_1	normal	
GTGCATAAGACGCTTT_11_1_1	normal	
TGCTGCTGTTGTTTGG_11_1_1	normal	
TACCTATCATAGAAAC_11_1_1	normal	
TACCTTATCCGTCATC_11_1_1	normal	
GACTAACCATTGGGCC_11_1_1	normal	
CCTTCGATCCGAAGAG_11_1_1	normal	
TACCTATTCAGAGGTG_11_1_1	normal	
TTCGAAGCAAAGTGCG_11_1_1	normal	
GGGATGACATGCAACT_11_1_1	normal	
GATCGCGGTTACCAGT_11_1_1	normal	
TGGCTGGCATTAGGCT_11_1_1	normal	
GATTCAGAGACCTTTG_11_1_1	normal	
ATCACGAAGCTAAGAT_11_1_1	normal	
ATCCGAAGTGCAACGA_11_1_1	normal	
GGCTGGTCACTTAAGC_11_1_1	normal	
CGGCTAGTCCGTCATC_11_1_1	normal	
AAGCCGCAGTCATGCT_11_1_1	normal	
TGGCTGGGTTGAGTTC_11_1_1	normal	
CGTCCATTCTCACATT_11_1_1	normal	
GTGCATACATCGGTTA_11_1_1	normal	
CCAGCGAGTGTTAAGA_11_1_1	normal	
TGGCCAGCACCGAAAG_11_1_1	normal	
TAGTGGTGTGTTGAGG_11_1_1	normal	
TTCGAAGAGGACAGAA_11_1_1	normal	
GTCGGGTCAGACAAAT_11_1_1	normal	
GTCACAACATATACGC_11_1_1	normal	
GACAGAGCAATGGATA_11_1_1	normal	
GGACGTCCACACCGAC_11_1_1	normal	
AGTGGGACAGTTAACC_11_1_1	normal	
TCTCTAAAGTGACATA_11_1_1	normal	
CGAACATTCGGAAACG_11_1_1	normal	
CTCACACAGAAACCGC_11_1_1	normal	
TGCGGGTTCTGTACGA_11_1_1	normal	
GACCTGGCACGAAATA_11_1_1	normal	
GAGTCCGTCTTGTTTG_11_1_1	normal	
CCCATACTCCCGACTT_11_1_1	normal	
ACCAGTAAGCTATGCT_11_1_1	normal	
TGACTTTTCGTATCAG_11_1_1	normal	
CACAAACAGAGTACCG_11_1_1	normal	
CGGAGTCTCCCAACGG_11_1_1	normal	
GCAAACTAGAAACGCC_11_1_1	normal	
GTCACGGGTCATATCG_11_1_1	normal	
GCGGGTTTCAGCTCGG_11_1_1	normal	
TCGTACCCAATGGATA_11_1_1	normal	
TCGGTAAGTTCAGGCC_11_1_1	normal	
ATAAGAGCACGGCGTT_11_1_1	normal	
CACATTTTCCTCAATT_11_1_1	normal	
AAGCCGCAGGAGTTGC_11_1_1	normal	
CGATCGGTCATCGATG_11_1_1	normal	
GTTAAGCTCCATGAAC_11_1_1	normal	
CTCTAATCAGTCCTTC_11_1_1	normal	
TCAGGATTCAGTTTGG_11_1_1	normal	
CACAGTAAGTGCTGCC_11_1_1	normal	
CACTCCATCCTTTCTC_11_1_1	normal	
TGGCGCACAAGGACAC_11_1_1	normal	
CGTAGGCGTCAGAATA_11_1_1	normal	
TCACAAGGTTCACCTC_11_1_1	tumor	
TTGGAACCAAGCGAGT_11_1_1	normal	
GTGCGGTCATTCTCAT_11_1_1	normal	
CCGGTAGAGACCGGAT_11_1_1	normal	
ACGATACGTCGGCACT_11_1_1	normal	
ATCCACCGTTCATGGT_11_1_1	normal	
GTCAAGTTCTTAACCT_11_1_1	normal	
GTTCGGGTCATTGCGA_11_1_1	normal	
CGGACACAGCCCAGCT_11_1_1	normal	
GCATACATCCGCGCAA_11_1_1	normal	
TGGTTCCCACAAGTAA_11_1_1	normal	
TCGGTAATCTCTTGAT_11_1_1	normal	
CACCACTAGATGCGAC_11_1_1	normal	
AAACGGGAGGAGTACC_11_1_1	normal	
GACGTTACATCTCGCT_11_1_1	normal	
AACTGGTGTAAGAGGA_11_1_1	normal	
GGAGCAACAGGACCCT_11_1_1	normal	
GCATACAAGCAGCCTC_11_1_1	normal	
CGCTATCGTATATGGA_11_1_1	normal	
TTGGCAATCTGGAGCC_11_1_1	normal	
CCTCAGTGTCCCTACT_11_1_1	normal	
TTGGCAAGTAGCGCAA_11_1_1	normal	
TGGTTAGTCACCGTAA_11_1_1	normal	
GCTTCCAAGATAGGAG_11_1_1	normal	
TATCAGGTCCCTCAGT_11_1_1	normal	
TTAGTTCCAAGCGCTC_11_1_1	normal	
ACGATGTGTGACGGTA_11_1_1	normal	
ACTGTCCAGGGATGGG_11_1_1	normal	
TAGTTGGAGACAAGCC_11_1_1	normal	
GGCGACTCACGCATCG_11_1_1	normal	
GATGCTAAGGGTTCCC_11_1_1	normal	
TACACGATCGAATGCT_11_1_1	normal	
CATCGGGTCAGAGGTG_11_1_1	normal	
GGGACCTTCCCTCTTT_11_1_1	normal	
GCATGATAGTGTTTGC_11_1_1	normal	
AACTCCCCATGGTAGG_11_1_1	normal	
CTCTAATGTTACCAGT_11_1_1	normal	
AGCCTAAAGTGACATA_11_1_1	normal	
TTCTCAATCCGTTGCT_11_1_1	normal	
GGGTTGCCATTACGAC_11_1_1	normal	
GTACTTTGTAGAGTGC_11_1_1	normal	
TACTTACGTGGCCCTA_11_1_1	normal	
GTCTCGTCACTATCTT_11_1_1	normal	
TATTACCGTTGTACAC_11_1_1	normal	
ACCCACTCAATGAAAC_11_1_1	normal	
TTAGGCATCTACGAGT_11_1_1	normal	yes
AACGTTGCATCACGTA_11_1_1	normal	
TCTCATACACGGCCAT_11_1_1	normal	
ATTTCTGGTAAGCACG_11_1_1	normal	
CCCAATCAGTGGGTTG_11_1_1	normal	
GGCGACTTCACAATGC_11_1_1	normal	
CGAGCACGTACCCAAT_11_1_1	normal	
AAACGGGCAAAGAATC_11_1_1	normal	
ATTGGACTCTACTCAT_11_1_1	normal	
ATCATGGCATGACATC_11_1_1	normal	
AGATCTGAGCGTCTAT_11_1_1	normal	
TACTCATAGGTGCTAG_11_1_1	normal	
CGAACATGTTGTTTGG_11_1_1	normal	
AGAGTGGCATTGGGCC_11_1_1	normal	
AGGCCACGTTAAGGGC_11_1_1	normal	
GCCAAATAGAGATGAG_11_1_1	normal	
TCTTTCCTCAGTTTGG_11_1_1	normal	
CATCGAAGTATGGTTC_11_1_1	normal	
GCTCCTAGTCTAGAGG_11_1_1	normal	
AAAGATGTCAACACAC_11_1_1	normal	
CTGAAACGTCTAGCGC_11_1_1	normal	
GAGCAGAAGACCGGAT_11_1_1	normal	
GCACATAAGGTGATAT_11_1_1	normal	
TTGGAACTCTACGAGT_11_1_1	normal	
GCACATACATTGAGCT_11_1_1	normal	
TCATTTGTCCACGTGG_11_1_1	normal	
TACTTACTCGCACTCT_11_1_1	normal	
AGCGTATTCAGTCCCT_11_1_1	normal	
ACTGTCCGTGAGGGAG_11_1_1	normal	
AGCTTGACAGTGACAG_11_1_1	normal	
CACACCTGTTTAGGAA_11_1_1	normal	
GGATGTTAGCGCTTAT_11_1_1	normal	
CCATTCGTCCCATTAT_11_1_1	normal	
GGTGCGTCAAGGTGTG_11_1_1	normal	
TAAGTGCCAAGTCTGT_11_1_1	normal	
GTCGGGTAGTGTACCT_11_1_1	normal	
TCATTACCAGGGTATG_11_1_1	normal	
ATCGAGTGTTCGGGCT_11_1_1	normal	
ACTATCTAGCGATGAC_11_1_1	normal	
CAGCGACGTAGTGAAT_11_1_1	normal	
TTTCCTCAGGATGGTC_11_1_1	normal	
AGCGGTCTCTTCAACT_11_1_1	normal	
GATGCTACACATTAGC_11_1_1	normal	
GGGACCTCACGGTGTC_11_1_1	normal	
ACGGGCTGTGATGTGG_11_1_1	normal	
TTGCGTCTCAGTACGT_11_1_1	normal	
CCTTCCCCATTGGGCC_11_1_1	normal	
CCTAGCTAGTGGGATC_11_1_1	normal	
CATGACACATCCTTGC_11_1_1	normal	
GTTCATTCAACTGCGC_11_1_1	normal	
AGCGGTCGTCACTGGC_11_1_1	normal	
CATCAAGGTAATCGTC_11_1_1	normal	
TAGTGGTCAAGCGTAG_11_1_1	normal	
CGACTTCCATTGGGCC_11_1_1	normal	
TTCTCCTTCTCTAAGG_11_1_1	normal	
TCGCGTTAGTTACGGG_11_1_1	normal	
ATAAGAGTCAAACAAG_11_1_1	normal	yes
ATAACGCAGGACAGCT_11_1_1	normal	
GGAACTTCAGGGCATA_11_1_1	normal	
TGCCAAAAGGTAGCTG_11_1_1	normal	
AGAGCTTCAGTGAGTG_11_1_1	normal	
TTGGCAAGTTTCGCTC_11_1_1	normal	
ACTGAACGTTCGGCAC_11_1_1	normal	
TCTCTAAGTGCAGTAG_11_1_1	normal	
GGGTTGCGTTCCTCCA_11_1_1	normal	
GTAACTGCACCGTTGG_11_1_1	normal	
CGACCTTTCTTGAGAC_11_1_1	normal	
CTAGCCTTCCGTCATC_11_1_1	normal	
CTCGTACAGACTAGAT_11_1_1	normal	
GTGCGGTGTTCTGAAC_11_1_1	normal	
CGTTCTGAGCTTTGGT_11_1_1	normal	
ACTATCTGTAAGCACG_11_1_1	normal	
CTGGTCTAGACGCTTT_11_1_1	normal	
GCCTCTAAGGATTCGG_11_1_1	normal	
GGGCATCAGACGCTTT_11_1_1	normal	
TATGCCCAGGTGCTTT_11_1_1	normal	
TGGGCGTCACGACTCG_11_1_1	normal	
ACCAGTAGTGCAACTT_11_1_1	normal	
ATTCTACCACGTGAGA_11_1_1	normal	
ATGAGGGTCTTCATGT_11_1_1	normal	
ATAAGAGCACTACAGT_11_1_1	normal	
GATCGCGGTATATCCG_11_1_1	normal	
TTCCCAGTCGTTACGA_11_1_1	normal	
CCGGGATTCGCGTAGC_11_1_1	normal	
GTGCGGTCATCAGTAC_11_1_1	normal	
TGACGGCGTAAGCACG_11_1_1	normal	yes
TATTACCAGATGTGTA_11_1_1	normal	
GTCTCGTTCTGGTGTA_11_1_1	normal	
TCATTACAGTAGATGT_11_1_1	normal	
GCGAGAAAGGTGACCA_11_1_1	normal	
CGAACATAGGAATTAC_11_1_1	normal	
TTGGAACCAATGCCAT_11_1_1	normal	
TGGGCGTGTGGTCTCG_11_1_1	normal	
AGGTCCGGTGCACCAC_11_1_1	normal	
CGATTGAGTTCGCGAC_11_1_1	normal	
GCTCTGTAGCTGATAA_11_1_1	normal	
AAGTCTGCACTAGTAC_11_1_1	normal	
AGACGTTTCGTTGACA_11_1_1	normal	
GTACTTTGTCTCGTTC_11_1_1	normal	
GAAATGAAGCGATTCT_11_1_1	normal	
GGCTCGAAGCCCAACC_11_1_1	normal	
TTCTCAAGTGCTGTAT_11_1_1	normal	
TGCCAAATCCTCGCAT_11_1_1	normal	
CTGCCTAGTAGCAAAT_11_1_1	normal	
CCGTGGAGTAATAGCA_11_1_1	normal	
TTCCCAGTCTGATACG_11_1_1	normal	
CGTTAGAAGACAGACC_11_1_1	normal	
TTAACTCAGCTTCGCG_11_1_1	normal	
AACTCCCGTTGCCTCT_11_1_1	normal	
CAGCATATCTGCGTAA_11_1_1	normal	
CCCATACAGGGTCTCC_11_1_1	normal	
GTACTTTTCCATTCTA_11_1_1	normal	
GAAGCAGGTGCCTGCA_11_1_1	tumor	
ATAACGCAGCTAGTCT_11_1_1	normal	
TTAGGACCATCATCCC_11_1_1	normal	
AGCAGCCTCGTTTAGG_11_1_1	normal	
CTAAGACTCCATGAGT_11_1_1	normal	
AAGACCTTCTACTATC_11_1_1	normal	
GAGTCCGGTTCAGCGC_11_1_1	normal	
CCTAAAGCAGGGCATA_11_1_1	normal	
TCGTACCGTTGAACTC_11_1_1	normal	
GGACAGACAGTCGATT_11_1_1	normal	
CATCAGACATCGATTG_11_1_1	normal	
CGTGAGCTCAACTCTT_11_1_1	normal	
CCACCTAGTGACTACT_11_1_1	normal	
ACACTGAGTGAAATCA_11_1_1	normal	
TGACGGCAGCCAGAAC_11_1_1	normal	
CCTTTCTAGTAGCGGT_11_1_1	normal	
CGGACGTTCAACCATG_11_1_1	normal	
TTTGCGCCATCCCATC_11_1_1	normal	
CGGACTGGTTGGTTTG_11_1_1	normal	
GTTCGGGAGACTTTCG_11_1_1	normal	
TTGCCGTGTTCAGCGC_11_1_1	normal	
TCTATTGGTCGAATCT_11_1_1	normal	
ACGTCAACACCTCGGA_11_1_1	normal	
GGTATTGAGTGGTAAT_11_1_1	normal	
ACATCAGAGACTAAGT_11_1_1	normal	
AGTTGGTAGACTAAGT_11_1_1	normal	
CACAGTAAGCCACCTG_11_1_1	normal	
ACTGAGTAGTCCTCCT_11_1_1	normal	
CTCTAATGTGCACCAC_11_1_1	normal	
AGCTCTCAGTGCAAGC_11_1_1	normal	
AGAGCTTCAGGTCCAC_11_1_1	normal	
TGCGTGGGTACCATCA_11_1_1	normal	
ATAACGCTCTGAAAGA_11_1_1	normal	
GTAGTCATCACTTATC_11_1_1	normal	
GGTGAAGCAAGTAATG_11_1_1	normal	
TCTGAGAGTAAGGGAA_11_1_1	normal	
CTTAACTCATCACCCT_11_1_1	normal	
TCAGGTAAGGCACATG_11_1_1	normal	
GACAGAGAGCTGCGAA_11_1_1	normal	
GCGGGTTGTTCAGCGC_11_1_1	normal	
CGGCTAGGTATAAACG_11_1_1	normal	
TGCACCTTCCGTAGTA_11_1_1	normal	
CGGACTGCAGACACTT_11_1_1	normal	
AAACCTGGTGAGGGTT_11_1_1	normal	
AGCTCTCAGTGGGTTG_11_1_1	normal	
CTTACCGAGCCTCGTG_11_1_1	normal	
CTGAAGTTCTCGAGTA_11_1_1	normal	
GCTTCCACAGTCTTCC_11_1_1	normal	
CCTATTACAGCCTGTG_11_1_1	normal	
TGACGGCAGCTGCAAG_11_1_1	normal	
CTGAAACCAACCGCCA_11_1_1	normal	
GGTATTGTCCAAATGC_11_1_1	normal	
TAAGTGCTCTGCAAGT_11_1_1	normal	
CGAGAAGGTTTGACTG_11_1_1	normal	
GGGTCTGAGAACAATC_11_1_1	normal	
CACACCTCAGGCGATA_11_1_1	normal	
AAACCTGAGTTCGATC_11_1_1	normal	
TACTTGTAGTGCGATG_11_1_1	normal	
GATCGATGTCAAAGAT_11_1_1	normal	
TATCAGGTCCCGGATG_11_1_1	normal	
GTGCTTCTCGTCACGG_11_1_1	normal	
GAATGAACATCCCACT_11_1_1	normal	
TATCTCAGTGTCGCTG_11_1_1	normal	
CTGCGGACACTCGACG_11_1_1	normal	
CGCTATCTCGGCTTGG_11_1_1	normal	
TGGTTCCTCCAAGTAC_11_1_1	normal	
CAGCTGGGTTCCCGAG_11_1_1	normal	
ATGAGGGCAAGCCGTC_11_1_1	normal	
CAGAGAGCATATGGTC_11_1_1	normal	
CTGAAGTCAGCTGTGC_11_1_1	normal	
TGAGCCGAGTAGATGT_11_1_1	normal	
GCGAGAATCAGGCCCA_11_1_1	normal	
GGAATAAAGCGAAGGG_11_1_1	normal	
CTAACTTGTCCGCTGA_11_1_1	normal	
CATCCACAGGAGTTGC_11_1_1	normal	
CTGATAGGTCAACATC_11_1_1	normal	
AGAATAGCAGGTCGTC_11_1_1	normal	
GAACCTACAAGTCTGT_11_1_1	normal	
GACCTGGTCTAACCGA_11_1_1	normal	
TGCACCTGTAAACCTC_11_1_1	normal	
CCCAATCCAGTGAGTG_11_1_1	normal	
GTCACAATCATCACCC_11_1_1	normal	
GGATGTTGTTCCACTC_11_1_1	normal	
ATCATCTGTCATACTG_11_1_1	normal	
GTATCTTCATCACGAT_11_1_1	normal	
CATATGGCACTACAGT_11_1_1	normal	
CACATAGTCCACTGGG_11_1_1	normal	
TCTGGAAAGGGTCTCC_11_1_1	normal	
ATAAGAGAGTGATCGG_11_1_1	normal	
TCTTTCCTCTCTGTCG_11_1_1	normal	
ATCATCTAGATCCGAG_11_1_1	normal	
TAAACCGTCTACTTAC_11_1_1	normal	
CACACCTTCATAACCG_11_1_1	normal	
ACGCAGCTCACCACCT_11_1_1	normal	
GTGTTAGAGGACAGAA_11_1_1	normal	
CTTACCGAGTTGCAGG_11_1_1	normal	
ACAGCCGTCTTCCTTC_11_1_1	normal	
TACAGTGCACCGGAAA_11_1_1	normal	
GGATGTTAGTGAAGAG_11_1_1	normal	
CTTAGGACAAGCCATT_11_1_1	normal	
AGCGTATGTTACGGAG_11_1_1	normal	
TATCTCACACACAGAG_11_1_1	normal	
ACATACGAGCTAGTCT_11_1_1	normal	
GGCAATTTCGTCGTTC_11_1_1	normal	
CGAATGTTCCAGAAGG_11_1_1	normal	
AAGGTTCGTAGGCATG_11_1_1	normal	
CGGACGTGTCCGTTAA_11_1_1	normal	
TGACTTTCAAGGACTG_11_1_1	normal	
CATGCCTAGGGAGTAA_11_1_1	normal	
GCGACCATCGTCTGAA_11_1_1	normal	
GGGATGATCTGCTGTC_11_1_1	normal	
CTACGTCAGTGCGATG_11_1_1	normal	
AGCATACCATACTCTT_11_1_1	normal	
TATTACCTCAGCCTAA_11_1_1	normal	
CTGATCCTCACTCCTG_11_1_1	normal	
TGCGGGTCATGTAGTC_11_1_1	normal	
GCGACCAAGTACACCT_11_1_1	normal	
TTCCCAGTCGTCCGTT_11_1_1	normal	
AGGGTGATCAAAGACA_11_1_1	normal	
CCTAGCTAGCTACCGC_11_1_1	normal	
TGGGAAGGTTACGGAG_11_1_1	normal	
TGTGGTAAGGTAGCTG_11_1_1	normal	
TACGGATGTAACGCGA_11_1_1	normal	
TTTGCGCGTGTAACGG_11_1_1	normal	
CACCACTTCAGGCCCA_11_1_1	normal	
GGTGCGTCACGAAAGC_11_1_1	normal	
GCGAGAAGTATGAAAC_11_1_1	normal	
GTACTTTTCACTGGGC_11_1_1	normal	
AACTCTTGTGCTTCTC_11_1_1	normal	
AACGTTGGTACCTACA_11_1_1	normal	yes
CTAGCCTAGGTAAACT_11_1_1	normal	
TTTATGCTCTTAACCT_11_1_1	normal	
CATGCCTTCTTACCTA_11_1_1	normal	
ACGCCAGAGAGCTATA_11_1_1	normal	
TACTCGCCATTGCGGC_11_1_1	normal	
ACCGTAATCAGCACAT_11_1_1	normal	
GCAATCAGTTAAGAAC_11_1_1	normal	
GTTAAGCCAGTATCTG_11_1_1	normal	
ACTTGTTCAGATGGCA_11_1_1	normal	
ACGAGCCGTCAGGACA_11_1_1	normal	
CAAGGCCTCCACGACG_11_1_1	normal	
CCGGGATCAAACCCAT_11_1_1	normal	
GAGGTGAAGCCAGAAC_11_1_1	normal	
CCTATTATCTTAGCCC_11_1_1	normal	
CATCGAACACATAACC_11_1_1	normal	
CATATTCCAACCGCCA_11_1_1	normal	
CAGCAGCCATCGGAAG_11_1_1	normal	
GACGGCTTCTAGAGTC_11_1_1	normal	
GAATAAGGTAGTAGTA_11_1_1	normal	
TGCCCATTCGCGGATC_11_1_1	normal	
CAACCTCTCTGTCTAT_11_1_1	normal	
GCACATAAGTCGAGTG_11_1_1	normal	
CCTCAGTCAGGCAGTA_11_1_1	normal	
CAAGATCCAGCTGTTA_11_1_1	normal	
GGACAAGAGATCCTGT_11_1_1	normal	yes
TCCCGATAGCGGCTTC_11_1_1	normal	
ATCCGAAAGTCAATAG_11_1_1	normal	
CTAATGGGTTAAAGTG_11_1_1	normal	
CACAGGCAGCAGGCTA_11_1_1	normal	
ATCGAGTAGAAGGTGA_11_1_1	normal	
TGACGGCCACGCATCG_11_1_1	normal	
ATCGAGTGTGAGTGAC_11_1_1	normal	
TTGCGTCTCGGCGGTT_11_1_1	normal	
TGAGCATAGGGAACGG_11_1_1	normal	
GATCGATAGCAATATG_11_1_1	normal	
CCTCTGACAACACCTA_11_1_1	normal	
ACTGTCCCAGGGAGAG_11_1_1	normal	
CCGTGGAAGAAACGCC_11_1_1	normal	
AGTCTTTGTTGCGTTA_11_1_1	normal	
CCAATCCCATATACGC_11_1_1	normal	
CAGCCGATCGCTGATA_11_1_1	normal	
TACGGTATCTCCGGTT_11_1_1	normal	
TGACGGCTCACCGGGT_11_1_1	normal	
CGTCAGGTCACCACCT_11_1_1	normal	
TCGCGTTCACCAGGCT_11_1_1	normal	
CCTTCGATCCTACAGA_11_1_1	normal	
GACTAACCATCGACGC_11_1_1	normal	
TCAGCTCCAACTGGCC_11_1_1	normal	
TTGGCAATCACCTCGT_11_1_1	normal	
GATCAGTGTGTGCCTG_11_1_1	normal	
CCTAAAGCATCAGTCA_11_1_1	normal	
AGTGTCACAAGCGAGT_11_1_1	normal	
ACTTACTCAAGCCATT_11_1_1	normal	
CGTCTACAGACATAAC_11_1_1	normal	
CATATGGTCTTGTCAT_11_1_1	normal	
TCGCGAGCACACCGAC_11_1_1	normal	
GATCAGTAGACACTAA_11_1_1	normal	
TCATTTGTCCTCGCAT_11_1_1	normal	
ACCGTAACAGACAGGT_11_1_1	normal	
GTTACAGGTCTCATCC_11_1_1	normal	
CACATAGAGAAGCCCA_11_1_1	normal	
CACAAACGTAGCAAAT_11_1_1	normal	
CAAGTTGGTCAGCTAT_11_1_1	normal	
TTTCCTCGTCCCTTGT_11_1_1	normal	
GACCAATCAGACAAAT_11_1_1	normal	
AAGGCAGCAGCGTCCA_11_1_1	normal	
GACGTTACACGAGAGT_11_1_1	normal	
GTGCAGCGTTGGTAAA_11_1_1	normal	
TTTATGCTCGTCCAGG_11_1_1	normal	
TTTGGTTCATGAAGTA_11_1_1	normal	
GCGCAGTGTCCTAGCG_11_1_1	normal	
GCCTCTATCAGTTCGA_11_1_1	normal	
GTGCTTCAGAGTCTGG_11_1_1	normal	
GATGCTATCAGTTCGA_11_1_1	normal	
GGCTGGTAGCGTGTCC_11_1_1	normal	
CGGCTAGCATCCGCGA_11_1_1	normal	
TTTACTGGTCACAAGG_11_1_1	normal	
CAGCGACGTTCGGGCT_11_1_1	normal	
TCGGGACTCCAAACTG_11_1_1	normal	
GAGCAGAAGGTTACCT_11_1_1	normal	
GTTCATTAGAGGTAGA_11_1_1	normal	
AACGTTGGTTTGTGTG_11_1_1	normal	
TTCGGTCTCACCAGGC_11_1_1	normal	
TGAGGGATCACTGGGC_11_1_1	normal	
CTGTGCTGTTGTTTGG_11_1_1	normal	
GAGTCCGGTTATCGGT_11_1_1	normal	
TTTGTCACACAGACAG_11_1_1	normal	
CCAATCCCAACTGGCC_11_1_1	normal	
ACCCACTGTCGCCATG_11_1_1	normal	
CACCAGGTCAGCGATT_11_1_1	normal	
TACGGTAAGCTGCCCA_11_1_1	normal	
GTAGGCCCATCGATTG_11_1_1	normal	
AGCTTGACATATACGC_11_1_1	tumor	
GTAGTCAAGATGTAAC_11_1_1	normal	
AACCATGAGAAACCTA_11_1_1	normal	
CTTAACTTCCACGCAG_11_1_1	normal	
GATCGCGGTAGCTGCC_11_1_1	normal	
CGTCAGGAGGTGCAAC_11_1_1	normal	
GAATGAAAGAGCAATT_11_1_1	normal	
CGAATGTCACACGCTG_11_1_1	normal	
CCATTCGGTACAGTTC_11_1_1	normal	
CGCGTTTCAAGGCTCC_11_1_1	normal	
AACCATGTCAGGTAAA_11_1_1	normal	
TTGACTTGTCTACCTC_11_1_1	normal	
GAGGTGACATGCTGGC_11_1_1	normal	
GCATGATGTCGATTGT_11_1_1	normal	
AAGCCGCTCAGCTGGC_11_1_1	normal	
GCCAAATCATCCCATC_11_1_1	normal	
TTAGTTCCAGCGTAAG_11_1_1	normal	
CGTTCTGCAGGAACGT_11_1_1	normal	
CACAAACGTCAACATC_11_1_1	normal	
GGGTTGCTCGACGGAA_11_1_1	normal	
TCGCGTTCAAAGAATC_11_1_1	normal	
AACTCCCTCTTGCATT_11_1_1	normal	
GAATGAATCGTTTAGG_11_1_1	normal	
ACACCAATCTTACCGC_11_1_1	normal	
TGTATTCTCGCCAGCA_11_1_1	normal	
TTGAACGAGGAGCGTT_11_1_1	normal	
CTCGGGACAAATTGCC_11_1_1	normal	
AGTAGTCTCCATGCTC_11_1_1	normal	
GTTCGGGAGCCCAACC_11_1_1	normal	
CGAGCCAAGCGTAATA_11_1_1	normal	
CACCTTGGTACCGTAT_11_1_1	normal	
CAGATCATCTCAACTT_11_1_1	normal	
AACTCTTGTTTCGCTC_11_1_1	normal	
ACACCCTTCTATCCCG_11_1_1	normal	
TGCGCAGGTCAACATC_11_1_1	normal	
GATGCTACACCATCCT_11_1_1	normal	
GCTGCTTTCGACCAGC_11_1_1	normal	
GGGTTGCCATCCTTGC_11_1_1	normal	
CTCTGGTCAACACCTA_11_1_1	normal	
TGCGCAGGTTAAGATG_11_1_1	normal	
TTTATGCTCAGCTGGC_11_1_1	normal	
AGAGTGGTCACGCGGT_11_1_1	normal	
CATATTCGTTACAGAA_11_1_1	normal	
GCGCCAATCGGCTTGG_11_1_1	normal	
CGACCTTAGAAAGTGG_11_1_1	normal	
TTCTACAGTGTCTGAT_11_1_1	normal	
CCACGGAGTGCATCTA_11_1_1	normal	yes
TGGGCGTCAAGTTAAG_11_1_1	normal	
CAGTCCTTCAGGATCT_11_1_1	normal	
AACACGTCAAAGGAAG_11_1_1	normal	
TCACGAAGTAGAGTGC_11_1_1	normal	
CATATGGGTATCAGTC_11_1_1	normal	
CTCAGAATCACTGGGC_11_1_1	tumor	
TTCGAAGGTAGTAGTA_11_1_1	normal	
ATAACGCTCTCTAAGG_11_1_1	normal	
